date,sz_margin_y,source,fetched_at_utc
2011-08-03,126.67762532,https://datacenter-web.eastmoney.com/api/data/v1/get,2026-08-03T09:11:12+00:00
2011-08-04,125.42989893,https://datacenter-web.eastmoney.com/api/data/v1/get,2026-08-03T09:11:12+00:00
2011-08-05,125.84973661,https://datacenter-web.eastmoney.com/api/data/v1/get,2026-08-03T09:11:12+00:00
2011-08-08,125.06083382,https://datacenter-web.eastmoney.com/api/data/v1/get,2026-08-03T09:11:12+00:00
2011-08-09,125.54353509,https://datacenter-web.eastmoney.com/api/data/v1/get,2026-08-03T09:11:12+00:00
2011-08-10,126.09118948,https://datacenter-web.eastmoney.com/api/data/v1/get,2026-08-03T09:11:12+00:00
2011-08-11,126.46698642,https://datacenter-web.eastmoney.com/api/data/v1/get,2026-08-03T09:11:12+00:00
2011-08-12,126.63181393,https://datacenter-web.eastmoney.com/api/data/v1/get,2026-08-03T09:11:12+00:00
2011-08-15,127.06286309,https://datacenter-web.eastmoney.com/api/data/v1/get,2026-08-03T09:11:12+00:00
2011-08-16,128.00235731,https://datacenter-web.eastmoney.com/api/data/v1/get,2026-08-03T09:11:12+00:00
2011-08-17,128.67051367,https://datacenter-web.eastmoney.com/api/data/v1/get,2026-08-03T09:11:12+00:00
2011-08-18,128.43274512,https://datacenter-web.eastmoney.com/api/data/v1/get,2026-08-03T09:11:12+00:00
2011-08-19,128.13663645,https://datacenter-web.eastmoney.com/api/data/v1/get,2026-08-03T09:11:12+00:00
2011-08-22,129.17933466,https://datacenter-web.eastmoney.com/api/data/v1/get,2026-08-03T09:11:12+00:00
2011-08-23,130.08603198,https://datacenter-web.eastmoney.com/api/data/v1/get,2026-08-03T09:11:12+00:00
2011-08-24,129.92198798,https://datacenter-web.eastmoney.com/api/data/v1/get,2026-08-03T09:11:12+00:00
2011-08-25,129.66151646,https://datacenter-web.eastmoney.com/api/data/v1/get,2026-08-03T09:11:12+00:00
2011-08-26,129.98328619,https://datacenter-web.eastmoney.com/api/data/v1/get,2026-08-03T09:11:12+00:00
2011-08-29,131.15362772,https://datacenter-web.eastmoney.com/api/data/v1/get,2026-08-03T09:11:12+00:00
2011-08-30,131.65406587,https://datacenter-web.eastmoney.com/api/data/v1/get,2026-08-03T09:11:12+00:00
2011-08-31,131.51701562,https://datacenter-web.eastmoney.com/api/data/v1/get,2026-08-03T09:11:12+00:00
2011-09-01,130.85935843,https://datacenter-web.eastmoney.com/api/data/v1/get,2026-08-03T09:11:12+00:00
2011-09-02,131.43378511,https://datacenter-web.eastmoney.com/api/data/v1/get,2026-08-03T09:11:12+00:00
2011-09-05,131.63818271,https://datacenter-web.eastmoney.com/api/data/v1/get,2026-08-03T09:11:12+00:00
2011-09-06,131.93017429,https://datacenter-web.eastmoney.com/api/data/v1/get,2026-08-03T09:11:12+00:00
2011-09-07,132.43431882,https://datacenter-web.eastmoney.com/api/data/v1/get,2026-08-03T09:11:12+00:00
2011-09-08,132.59290654,https://datacenter-web.eastmoney.com/api/data/v1/get,2026-08-03T09:11:12+00:00
2011-09-09,131.65696545,https://datacenter-web.eastmoney.com/api/data/v1/get,2026-08-03T09:11:12+00:00
2011-09-13,131.86217981,https://datacenter-web.eastmoney.com/api/data/v1/get,2026-08-03T09:11:12+00:00
2011-09-14,132.16435369,https://datacenter-web.eastmoney.com/api/data/v1/get,2026-08-03T09:11:12+00:00
2011-09-15,131.16137508,https://datacenter-web.eastmoney.com/api/data/v1/get,2026-08-03T09:11:12+00:00
2011-09-16,130.75681234,https://datacenter-web.eastmoney.com/api/data/v1/get,2026-08-03T09:11:12+00:00
2011-09-19,130.66855821,https://datacenter-web.eastmoney.com/api/data/v1/get,2026-08-03T09:11:12+00:00
2011-09-20,130.91791121,https://datacenter-web.eastmoney.com/api/data/v1/get,2026-08-03T09:11:12+00:00
2011-09-21,131.27630687,https://datacenter-web.eastmoney.com/api/data/v1/get,2026-08-03T09:11:12+00:00
2011-09-22,131.59347001,https://datacenter-web.eastmoney.com/api/data/v1/get,2026-08-03T09:11:12+00:00
2011-09-23,131.30332226,https://datacenter-web.eastmoney.com/api/data/v1/get,2026-08-03T09:11:12+00:00
2011-09-26,130.19087690,https://datacenter-web.eastmoney.com/api/data/v1/get,2026-08-03T09:11:12+00:00
2011-09-27,130.73222366,https://datacenter-web.eastmoney.com/api/data/v1/get,2026-08-03T09:11:12+00:00
2011-09-28,130.01582631,https://datacenter-web.eastmoney.com/api/data/v1/get,2026-08-03T09:11:12+00:00
2011-09-29,129.07471669,https://datacenter-web.eastmoney.com/api/data/v1/get,2026-08-03T09:11:12+00:00
2011-09-30,127.08054431,https://datacenter-web.eastmoney.com/api/data/v1/get,2026-08-03T09:11:12+00:00
2011-10-10,127.49251104,https://datacenter-web.eastmoney.com/api/data/v1/get,2026-08-03T09:11:12+00:00
2011-10-11,128.62806637,https://datacenter-web.eastmoney.com/api/data/v1/get,2026-08-03T09:11:12+00:00
2011-10-12,128.62611420,https://datacenter-web.eastmoney.com/api/data/v1/get,2026-08-03T09:11:12+00:00
2011-10-13,129.28417090,https://datacenter-web.eastmoney.com/api/data/v1/get,2026-08-03T09:11:12+00:00
2011-10-14,129.09298419,https://datacenter-web.eastmoney.com/api/data/v1/get,2026-08-03T09:11:12+00:00
2011-10-17,129.59984618,https://datacenter-web.eastmoney.com/api/data/v1/get,2026-08-03T09:11:12+00:00
2011-10-18,129.50558775,https://datacenter-web.eastmoney.com/api/data/v1/get,2026-08-03T09:11:12+00:00
2011-10-19,130.32991247,https://datacenter-web.eastmoney.com/api/data/v1/get,2026-08-03T09:11:12+00:00
2011-10-20,130.15509880,https://datacenter-web.eastmoney.com/api/data/v1/get,2026-08-03T09:11:12+00:00
2011-10-21,129.67132593,https://datacenter-web.eastmoney.com/api/data/v1/get,2026-08-03T09:11:12+00:00
2011-10-24,129.75957595,https://datacenter-web.eastmoney.com/api/data/v1/get,2026-08-03T09:11:12+00:00
2011-10-25,129.47936169,https://datacenter-web.eastmoney.com/api/data/v1/get,2026-08-03T09:11:12+00:00
2011-10-26,129.95046025,https://datacenter-web.eastmoney.com/api/data/v1/get,2026-08-03T09:11:12+00:00
2011-10-27,130.60104258,https://datacenter-web.eastmoney.com/api/data/v1/get,2026-08-03T09:11:12+00:00
2011-10-28,129.94092888,https://datacenter-web.eastmoney.com/api/data/v1/get,2026-08-03T09:11:12+00:00
2011-10-31,131.65411635,https://datacenter-web.eastmoney.com/api/data/v1/get,2026-08-03T09:11:12+00:00
2011-11-01,133.23204123,https://datacenter-web.eastmoney.com/api/data/v1/get,2026-08-03T09:11:12+00:00
2011-11-02,136.73114117,https://datacenter-web.eastmoney.com/api/data/v1/get,2026-08-03T09:11:12+00:00
2011-11-03,138.02913329,https://datacenter-web.eastmoney.com/api/data/v1/get,2026-08-03T09:11:12+00:00
2011-11-04,139.00032653,https://datacenter-web.eastmoney.com/api/data/v1/get,2026-08-03T09:11:12+00:00
2011-11-07,140.27479889,https://datacenter-web.eastmoney.com/api/data/v1/get,2026-08-03T09:11:12+00:00
2011-11-08,141.02856843,https://datacenter-web.eastmoney.com/api/data/v1/get,2026-08-03T09:11:12+00:00
2011-11-09,143.15725927,https://datacenter-web.eastmoney.com/api/data/v1/get,2026-08-03T09:11:12+00:00
2011-11-10,144.02816294,https://datacenter-web.eastmoney.com/api/data/v1/get,2026-08-03T09:11:12+00:00
2011-11-11,144.49154144,https://datacenter-web.eastmoney.com/api/data/v1/get,2026-08-03T09:11:12+00:00
2011-11-14,145.96224492,https://datacenter-web.eastmoney.com/api/data/v1/get,2026-08-03T09:11:12+00:00
2011-11-15,147.37211952,https://datacenter-web.eastmoney.com/api/data/v1/get,2026-08-03T09:11:12+00:00
2011-11-16,146.91379248,https://datacenter-web.eastmoney.com/api/data/v1/get,2026-08-03T09:11:12+00:00
2011-11-17,148.06217702,https://datacenter-web.eastmoney.com/api/data/v1/get,2026-08-03T09:11:12+00:00
2011-11-18,147.98574694,https://datacenter-web.eastmoney.com/api/data/v1/get,2026-08-03T09:11:12+00:00
2011-11-21,148.61368697,https://datacenter-web.eastmoney.com/api/data/v1/get,2026-08-03T09:11:12+00:00
2011-11-22,148.31573441,https://datacenter-web.eastmoney.com/api/data/v1/get,2026-08-03T09:11:12+00:00
2011-11-23,147.59468434,https://datacenter-web.eastmoney.com/api/data/v1/get,2026-08-03T09:11:12+00:00
2011-11-24,148.25588906,https://datacenter-web.eastmoney.com/api/data/v1/get,2026-08-03T09:11:12+00:00
2011-11-25,148.07127239,https://datacenter-web.eastmoney.com/api/data/v1/get,2026-08-03T09:11:12+00:00
2011-11-28,147.15679759,https://datacenter-web.eastmoney.com/api/data/v1/get,2026-08-03T09:11:12+00:00
2011-11-29,147.20215852,https://datacenter-web.eastmoney.com/api/data/v1/get,2026-08-03T09:11:12+00:00
2011-11-30,147.13374663,https://datacenter-web.eastmoney.com/api/data/v1/get,2026-08-03T09:11:12+00:00
2011-12-01,147.46957737,https://datacenter-web.eastmoney.com/api/data/v1/get,2026-08-03T09:11:12+00:00
2011-12-02,148.25143259,https://datacenter-web.eastmoney.com/api/data/v1/get,2026-08-03T09:11:12+00:00
2011-12-05,146.89465254,https://datacenter-web.eastmoney.com/api/data/v1/get,2026-08-03T09:11:12+00:00
2011-12-06,146.07771745,https://datacenter-web.eastmoney.com/api/data/v1/get,2026-08-03T09:11:12+00:00
2011-12-07,146.34557888,https://datacenter-web.eastmoney.com/api/data/v1/get,2026-08-03T09:11:12+00:00
2011-12-08,147.20546052,https://datacenter-web.eastmoney.com/api/data/v1/get,2026-08-03T09:11:12+00:00
2011-12-09,147.20753441,https://datacenter-web.eastmoney.com/api/data/v1/get,2026-08-03T09:11:12+00:00
2011-12-12,147.29285967,https://datacenter-web.eastmoney.com/api/data/v1/get,2026-08-03T09:11:12+00:00
2011-12-13,146.78977610,https://datacenter-web.eastmoney.com/api/data/v1/get,2026-08-03T09:11:12+00:00
2011-12-14,146.35045474,https://datacenter-web.eastmoney.com/api/data/v1/get,2026-08-03T09:11:12+00:00
2011-12-15,143.98566332,https://datacenter-web.eastmoney.com/api/data/v1/get,2026-08-03T09:11:12+00:00
2011-12-16,144.34928167,https://datacenter-web.eastmoney.com/api/data/v1/get,2026-08-03T09:11:12+00:00
2011-12-19,145.32109491,https://datacenter-web.eastmoney.com/api/data/v1/get,2026-08-03T09:11:12+00:00
2011-12-20,145.88450315,https://datacenter-web.eastmoney.com/api/data/v1/get,2026-08-03T09:11:12+00:00
2011-12-21,145.00723775,https://datacenter-web.eastmoney.com/api/data/v1/get,2026-08-03T09:11:12+00:00
2011-12-22,145.17206844,https://datacenter-web.eastmoney.com/api/data/v1/get,2026-08-03T09:11:12+00:00
2011-12-23,144.60648265,https://datacenter-web.eastmoney.com/api/data/v1/get,2026-08-03T09:11:12+00:00
2011-12-26,144.58798084,https://datacenter-web.eastmoney.com/api/data/v1/get,2026-08-03T09:11:12+00:00
2011-12-27,145.08634560,https://datacenter-web.eastmoney.com/api/data/v1/get,2026-08-03T09:11:12+00:00
2011-12-28,145.04892326,https://datacenter-web.eastmoney.com/api/data/v1/get,2026-08-03T09:11:12+00:00
2011-12-29,145.28578304,https://datacenter-web.eastmoney.com/api/data/v1/get,2026-08-03T09:11:12+00:00
2011-12-30,143.84270396,https://datacenter-web.eastmoney.com/api/data/v1/get,2026-08-03T09:11:12+00:00
2012-01-04,143.83321979,https://datacenter-web.eastmoney.com/api/data/v1/get,2026-08-03T09:11:12+00:00
2012-01-05,142.34031728,https://datacenter-web.eastmoney.com/api/data/v1/get,2026-08-03T09:11:12+00:00
2012-01-06,141.82755964,https://datacenter-web.eastmoney.com/api/data/v1/get,2026-08-03T09:11:12+00:00
2012-01-09,139.66086772,https://datacenter-web.eastmoney.com/api/data/v1/get,2026-08-03T09:11:12+00:00
2012-01-10,138.36347686,https://datacenter-web.eastmoney.com/api/data/v1/get,2026-08-03T09:11:12+00:00
2012-01-11,138.49374237,https://datacenter-web.eastmoney.com/api/data/v1/get,2026-08-03T09:11:12+00:00
2012-01-12,137.91890433,https://datacenter-web.eastmoney.com/api/data/v1/get,2026-08-03T09:11:12+00:00
2012-01-13,136.57693471,https://datacenter-web.eastmoney.com/api/data/v1/get,2026-08-03T09:11:12+00:00
2012-01-16,136.00797493,https://datacenter-web.eastmoney.com/api/data/v1/get,2026-08-03T09:11:12+00:00
2012-01-17,135.54355726,https://datacenter-web.eastmoney.com/api/data/v1/get,2026-08-03T09:11:12+00:00
2012-01-18,135.42889550,https://datacenter-web.eastmoney.com/api/data/v1/get,2026-08-03T09:11:12+00:00
2012-01-19,132.67832886,https://datacenter-web.eastmoney.com/api/data/v1/get,2026-08-03T09:11:12+00:00
2012-01-20,126.80614198,https://datacenter-web.eastmoney.com/api/data/v1/get,2026-08-03T09:11:12+00:00
2012-01-30,128.96393162,https://datacenter-web.eastmoney.com/api/data/v1/get,2026-08-03T09:11:12+00:00
2012-01-31,129.66983775,https://datacenter-web.eastmoney.com/api/data/v1/get,2026-08-03T09:11:12+00:00
2012-02-01,129.56172646,https://datacenter-web.eastmoney.com/api/data/v1/get,2026-08-03T09:11:12+00:00
2012-02-02,130.17273902,https://datacenter-web.eastmoney.com/api/data/v1/get,2026-08-03T09:11:12+00:00
2012-02-03,128.80264115,https://datacenter-web.eastmoney.com/api/data/v1/get,2026-08-03T09:11:12+00:00
2012-02-06,130.14081536,https://datacenter-web.eastmoney.com/api/data/v1/get,2026-08-03T09:11:12+00:00
2012-02-07,131.66971324,https://datacenter-web.eastmoney.com/api/data/v1/get,2026-08-03T09:11:12+00:00
2012-02-08,131.08546344,https://datacenter-web.eastmoney.com/api/data/v1/get,2026-08-03T09:11:12+00:00
2012-02-09,129.79377269,https://datacenter-web.eastmoney.com/api/data/v1/get,2026-08-03T09:11:12+00:00
2012-02-10,130.39707139,https://datacenter-web.eastmoney.com/api/data/v1/get,2026-08-03T09:11:12+00:00
2012-02-13,131.79152741,https://datacenter-web.eastmoney.com/api/data/v1/get,2026-08-03T09:11:12+00:00
2012-02-14,132.26235960,https://datacenter-web.eastmoney.com/api/data/v1/get,2026-08-03T09:11:12+00:00
2012-02-15,132.56686475,https://datacenter-web.eastmoney.com/api/data/v1/get,2026-08-03T09:11:12+00:00
2012-02-16,133.43043362,https://datacenter-web.eastmoney.com/api/data/v1/get,2026-08-03T09:11:12+00:00
2012-02-17,133.39129868,https://datacenter-web.eastmoney.com/api/data/v1/get,2026-08-03T09:11:12+00:00
2012-02-20,133.79546997,https://datacenter-web.eastmoney.com/api/data/v1/get,2026-08-03T09:11:12+00:00
2012-02-21,133.64373416,https://datacenter-web.eastmoney.com/api/data/v1/get,2026-08-03T09:11:12+00:00
2012-02-22,132.77608718,https://datacenter-web.eastmoney.com/api/data/v1/get,2026-08-03T09:11:12+00:00
2012-02-23,132.30988397,https://datacenter-web.eastmoney.com/api/data/v1/get,2026-08-03T09:11:12+00:00
2012-02-24,129.57234523,https://datacenter-web.eastmoney.com/api/data/v1/get,2026-08-03T09:11:12+00:00
2012-02-27,129.91121092,https://datacenter-web.eastmoney.com/api/data/v1/get,2026-08-03T09:11:12+00:00
2012-02-28,131.91068389,https://datacenter-web.eastmoney.com/api/data/v1/get,2026-08-03T09:11:12+00:00
2012-02-29,133.38286569,https://datacenter-web.eastmoney.com/api/data/v1/get,2026-08-03T09:11:12+00:00
2012-03-01,136.65131507,https://datacenter-web.eastmoney.com/api/data/v1/get,2026-08-03T09:11:12+00:00
2012-03-02,137.48171989,https://datacenter-web.eastmoney.com/api/data/v1/get,2026-08-03T09:11:12+00:00
2012-03-05,139.03628983,https://datacenter-web.eastmoney.com/api/data/v1/get,2026-08-03T09:11:12+00:00
2012-03-06,140.70539103,https://datacenter-web.eastmoney.com/api/data/v1/get,2026-08-03T09:11:12+00:00
2012-03-07,140.62025201,https://datacenter-web.eastmoney.com/api/data/v1/get,2026-08-03T09:11:12+00:00
2012-03-08,141.54113104,https://datacenter-web.eastmoney.com/api/data/v1/get,2026-08-03T09:11:12+00:00
2012-03-09,142.03873413,https://datacenter-web.eastmoney.com/api/data/v1/get,2026-08-03T09:11:12+00:00
2012-03-12,144.63758339,https://datacenter-web.eastmoney.com/api/data/v1/get,2026-08-03T09:11:12+00:00
2012-03-13,146.51863365,https://datacenter-web.eastmoney.com/api/data/v1/get,2026-08-03T09:11:12+00:00
2012-03-14,147.28003694,https://datacenter-web.eastmoney.com/api/data/v1/get,2026-08-03T09:11:12+00:00
2012-03-15,147.97565679,https://datacenter-web.eastmoney.com/api/data/v1/get,2026-08-03T09:11:12+00:00
2012-03-16,147.43837111,https://datacenter-web.eastmoney.com/api/data/v1/get,2026-08-03T09:11:12+00:00
2012-03-19,149.57800958,https://datacenter-web.eastmoney.com/api/data/v1/get,2026-08-03T09:11:12+00:00
2012-03-20,150.48940749,https://datacenter-web.eastmoney.com/api/data/v1/get,2026-08-03T09:11:12+00:00
2012-03-21,151.69146280,https://datacenter-web.eastmoney.com/api/data/v1/get,2026-08-03T09:11:12+00:00
2012-03-22,152.26853537,https://datacenter-web.eastmoney.com/api/data/v1/get,2026-08-03T09:11:12+00:00
2012-03-23,151.86178576,https://datacenter-web.eastmoney.com/api/data/v1/get,2026-08-03T09:11:12+00:00
2012-03-26,152.37668408,https://datacenter-web.eastmoney.com/api/data/v1/get,2026-08-03T09:11:12+00:00
2012-03-27,152.12031913,https://datacenter-web.eastmoney.com/api/data/v1/get,2026-08-03T09:11:12+00:00
2012-03-28,152.59609534,https://datacenter-web.eastmoney.com/api/data/v1/get,2026-08-03T09:11:12+00:00
2012-03-29,152.39555959,https://datacenter-web.eastmoney.com/api/data/v1/get,2026-08-03T09:11:12+00:00
2012-03-30,150.38617123,https://datacenter-web.eastmoney.com/api/data/v1/get,2026-08-03T09:11:12+00:00
2012-04-05,151.49580217,https://datacenter-web.eastmoney.com/api/data/v1/get,2026-08-03T09:11:12+00:00
2012-04-06,151.84604492,https://datacenter-web.eastmoney.com/api/data/v1/get,2026-08-03T09:11:12+00:00
2012-04-09,151.36573268,https://datacenter-web.eastmoney.com/api/data/v1/get,2026-08-03T09:11:12+00:00
2012-04-10,150.80301398,https://datacenter-web.eastmoney.com/api/data/v1/get,2026-08-03T09:11:12+00:00
2012-04-11,151.39072889,https://datacenter-web.eastmoney.com/api/data/v1/get,2026-08-03T09:11:12+00:00
2012-04-12,150.53149234,https://datacenter-web.eastmoney.com/api/data/v1/get,2026-08-03T09:11:12+00:00
2012-04-13,150.48735540,https://datacenter-web.eastmoney.com/api/data/v1/get,2026-08-03T09:11:12+00:00
2012-04-16,151.82829560,https://datacenter-web.eastmoney.com/api/data/v1/get,2026-08-03T09:11:12+00:00
2012-04-17,153.25896277,https://datacenter-web.eastmoney.com/api/data/v1/get,2026-08-03T09:11:12+00:00
2012-04-18,153.23573621,https://datacenter-web.eastmoney.com/api/data/v1/get,2026-08-03T09:11:12+00:00
2012-04-19,153.64446638,https://datacenter-web.eastmoney.com/api/data/v1/get,2026-08-03T09:11:12+00:00
2012-04-20,153.63184521,https://datacenter-web.eastmoney.com/api/data/v1/get,2026-08-03T09:11:12+00:00
2012-04-23,155.26699464,https://datacenter-web.eastmoney.com/api/data/v1/get,2026-08-03T09:11:12+00:00
2012-04-24,156.69279002,https://datacenter-web.eastmoney.com/api/data/v1/get,2026-08-03T09:11:12+00:00
2012-04-25,156.43305399,https://datacenter-web.eastmoney.com/api/data/v1/get,2026-08-03T09:11:12+00:00
2012-04-26,155.06229959,https://datacenter-web.eastmoney.com/api/data/v1/get,2026-08-03T09:11:12+00:00
2012-04-27,153.99406399,https://datacenter-web.eastmoney.com/api/data/v1/get,2026-08-03T09:11:12+00:00
2012-05-02,152.88552485,https://datacenter-web.eastmoney.com/api/data/v1/get,2026-08-03T09:11:12+00:00
2012-05-03,153.74172906,https://datacenter-web.eastmoney.com/api/data/v1/get,2026-08-03T09:11:12+00:00
2012-05-04,153.73030363,https://datacenter-web.eastmoney.com/api/data/v1/get,2026-08-03T09:11:12+00:00
2012-05-07,155.29439264,https://datacenter-web.eastmoney.com/api/data/v1/get,2026-08-03T09:11:12+00:00
2012-05-08,157.17186052,https://datacenter-web.eastmoney.com/api/data/v1/get,2026-08-03T09:11:12+00:00
2012-05-09,159.37351440,https://datacenter-web.eastmoney.com/api/data/v1/get,2026-08-03T09:11:12+00:00
2012-05-10,160.09309050,https://datacenter-web.eastmoney.com/api/data/v1/get,2026-08-03T09:11:12+00:00
2012-05-11,160.79168957,https://datacenter-web.eastmoney.com/api/data/v1/get,2026-08-03T09:11:12+00:00
2012-05-14,162.18025756,https://datacenter-web.eastmoney.com/api/data/v1/get,2026-08-03T09:11:12+00:00
2012-05-15,162.37897432,https://datacenter-web.eastmoney.com/api/data/v1/get,2026-08-03T09:11:12+00:00
2012-05-16,163.44963669,https://datacenter-web.eastmoney.com/api/data/v1/get,2026-08-03T09:11:12+00:00
2012-05-17,164.78828847,https://datacenter-web.eastmoney.com/api/data/v1/get,2026-08-03T09:11:12+00:00
2012-05-18,164.16161062,https://datacenter-web.eastmoney.com/api/data/v1/get,2026-08-03T09:11:12+00:00
2012-05-21,165.43774115,https://datacenter-web.eastmoney.com/api/data/v1/get,2026-08-03T09:11:12+00:00
2012-05-22,166.04680902,https://datacenter-web.eastmoney.com/api/data/v1/get,2026-08-03T09:11:12+00:00
2012-05-23,167.32560773,https://datacenter-web.eastmoney.com/api/data/v1/get,2026-08-03T09:11:12+00:00
2012-05-24,169.78998931,https://datacenter-web.eastmoney.com/api/data/v1/get,2026-08-03T09:11:12+00:00
2012-05-25,169.91575857,https://datacenter-web.eastmoney.com/api/data/v1/get,2026-08-03T09:11:12+00:00
2012-05-28,169.70650181,https://datacenter-web.eastmoney.com/api/data/v1/get,2026-08-03T09:11:12+00:00
2012-05-29,169.30025456,https://datacenter-web.eastmoney.com/api/data/v1/get,2026-08-03T09:11:12+00:00
2012-05-30,170.50560321,https://datacenter-web.eastmoney.com/api/data/v1/get,2026-08-03T09:11:12+00:00
2012-05-31,174.06889226,https://datacenter-web.eastmoney.com/api/data/v1/get,2026-08-03T09:11:12+00:00
2012-06-01,173.95754909,https://datacenter-web.eastmoney.com/api/data/v1/get,2026-08-03T09:11:12+00:00
2012-06-04,174.95669705,https://datacenter-web.eastmoney.com/api/data/v1/get,2026-08-03T09:11:12+00:00
2012-06-05,176.63975032,https://datacenter-web.eastmoney.com/api/data/v1/get,2026-08-03T09:11:12+00:00
2012-06-06,177.29895124,https://datacenter-web.eastmoney.com/api/data/v1/get,2026-08-03T09:11:12+00:00
2012-06-07,176.51646926,https://datacenter-web.eastmoney.com/api/data/v1/get,2026-08-03T09:11:12+00:00
2012-06-08,176.04057348,https://datacenter-web.eastmoney.com/api/data/v1/get,2026-08-03T09:11:12+00:00
2012-06-11,177.29968883,https://datacenter-web.eastmoney.com/api/data/v1/get,2026-08-03T09:11:12+00:00
2012-06-12,177.40283946,https://datacenter-web.eastmoney.com/api/data/v1/get,2026-08-03T09:11:12+00:00
2012-06-13,178.22191025,https://datacenter-web.eastmoney.com/api/data/v1/get,2026-08-03T09:11:12+00:00
2012-06-14,177.81342352,https://datacenter-web.eastmoney.com/api/data/v1/get,2026-08-03T09:11:12+00:00
2012-06-15,178.65357786,https://datacenter-web.eastmoney.com/api/data/v1/get,2026-08-03T09:11:12+00:00
2012-06-18,180.68119897,https://datacenter-web.eastmoney.com/api/data/v1/get,2026-08-03T09:11:12+00:00
2012-06-19,181.33498376,https://datacenter-web.eastmoney.com/api/data/v1/get,2026-08-03T09:11:12+00:00
2012-06-20,181.68924195,https://datacenter-web.eastmoney.com/api/data/v1/get,2026-08-03T09:11:12+00:00
2012-06-21,182.46649449,https://datacenter-web.eastmoney.com/api/data/v1/get,2026-08-03T09:11:12+00:00
2012-06-25,183.70990168,https://datacenter-web.eastmoney.com/api/data/v1/get,2026-08-03T09:11:12+00:00
2012-06-26,184.41315073,https://datacenter-web.eastmoney.com/api/data/v1/get,2026-08-03T09:11:12+00:00
2012-06-27,184.99659555,https://datacenter-web.eastmoney.com/api/data/v1/get,2026-08-03T09:11:12+00:00
2012-06-28,184.98084910,https://datacenter-web.eastmoney.com/api/data/v1/get,2026-08-03T09:11:12+00:00
2012-06-29,184.85683824,https://datacenter-web.eastmoney.com/api/data/v1/get,2026-08-03T09:11:12+00:00
2012-07-02,186.51902666,https://datacenter-web.eastmoney.com/api/data/v1/get,2026-08-03T09:11:12+00:00
2012-07-03,187.77738229,https://datacenter-web.eastmoney.com/api/data/v1/get,2026-08-03T09:11:12+00:00
2012-07-04,188.00585826,https://datacenter-web.eastmoney.com/api/data/v1/get,2026-08-03T09:11:12+00:00
2012-07-05,188.08020262,https://datacenter-web.eastmoney.com/api/data/v1/get,2026-08-03T09:11:12+00:00
2012-07-06,188.39059484,https://datacenter-web.eastmoney.com/api/data/v1/get,2026-08-03T09:11:12+00:00
2012-07-09,188.60924852,https://datacenter-web.eastmoney.com/api/data/v1/get,2026-08-03T09:11:12+00:00
2012-07-10,189.64125689,https://datacenter-web.eastmoney.com/api/data/v1/get,2026-08-03T09:11:12+00:00
2012-07-11,190.19530763,https://datacenter-web.eastmoney.com/api/data/v1/get,2026-08-03T09:11:12+00:00
2012-07-12,190.81662715,https://datacenter-web.eastmoney.com/api/data/v1/get,2026-08-03T09:11:12+00:00
2012-07-13,191.39246471,https://datacenter-web.eastmoney.com/api/data/v1/get,2026-08-03T09:11:12+00:00
2012-07-16,192.19929226,https://datacenter-web.eastmoney.com/api/data/v1/get,2026-08-03T09:11:12+00:00
2012-07-17,193.17075167,https://datacenter-web.eastmoney.com/api/data/v1/get,2026-08-03T09:11:12+00:00
2012-07-18,194.83586632,https://datacenter-web.eastmoney.com/api/data/v1/get,2026-08-03T09:11:12+00:00
2012-07-19,192.61723330,https://datacenter-web.eastmoney.com/api/data/v1/get,2026-08-03T09:11:12+00:00
2012-07-20,193.28455802,https://datacenter-web.eastmoney.com/api/data/v1/get,2026-08-03T09:11:12+00:00
2012-07-23,194.28958361,https://datacenter-web.eastmoney.com/api/data/v1/get,2026-08-03T09:11:12+00:00
2012-07-24,194.65925042,https://datacenter-web.eastmoney.com/api/data/v1/get,2026-08-03T09:11:12+00:00
2012-07-25,194.12188975,https://datacenter-web.eastmoney.com/api/data/v1/get,2026-08-03T09:11:12+00:00
2012-07-26,195.20965876,https://datacenter-web.eastmoney.com/api/data/v1/get,2026-08-03T09:11:12+00:00
2012-07-27,193.85183944,https://datacenter-web.eastmoney.com/api/data/v1/get,2026-08-03T09:11:12+00:00
2012-07-30,193.77838914,https://datacenter-web.eastmoney.com/api/data/v1/get,2026-08-03T09:11:12+00:00
2012-07-31,193.75025396,https://datacenter-web.eastmoney.com/api/data/v1/get,2026-08-03T09:11:12+00:00
2012-08-01,194.14905899,https://datacenter-web.eastmoney.com/api/data/v1/get,2026-08-03T09:11:12+00:00
2012-08-02,195.08350604,https://datacenter-web.eastmoney.com/api/data/v1/get,2026-08-03T09:11:12+00:00
2012-08-03,195.31960793,https://datacenter-web.eastmoney.com/api/data/v1/get,2026-08-03T09:11:12+00:00
2012-08-06,195.52738943,https://datacenter-web.eastmoney.com/api/data/v1/get,2026-08-03T09:11:12+00:00
2012-08-07,196.18251923,https://datacenter-web.eastmoney.com/api/data/v1/get,2026-08-03T09:11:12+00:00
2012-08-08,196.48601569,https://datacenter-web.eastmoney.com/api/data/v1/get,2026-08-03T09:11:12+00:00
2012-08-09,197.93276273,https://datacenter-web.eastmoney.com/api/data/v1/get,2026-08-03T09:11:12+00:00
2012-08-10,197.94186183,https://datacenter-web.eastmoney.com/api/data/v1/get,2026-08-03T09:11:12+00:00
2012-08-13,198.67834001,https://datacenter-web.eastmoney.com/api/data/v1/get,2026-08-03T09:11:12+00:00
2012-08-14,198.20100658,https://datacenter-web.eastmoney.com/api/data/v1/get,2026-08-03T09:11:12+00:00
2012-08-15,197.32292994,https://datacenter-web.eastmoney.com/api/data/v1/get,2026-08-03T09:11:12+00:00
2012-08-16,196.61716161,https://datacenter-web.eastmoney.com/api/data/v1/get,2026-08-03T09:11:12+00:00
2012-08-17,198.47331802,https://datacenter-web.eastmoney.com/api/data/v1/get,2026-08-03T09:11:12+00:00
2012-08-20,199.75146882,https://datacenter-web.eastmoney.com/api/data/v1/get,2026-08-03T09:11:12+00:00
2012-08-21,201.74940056,https://datacenter-web.eastmoney.com/api/data/v1/get,2026-08-03T09:11:12+00:00
2012-08-22,202.48197831,https://datacenter-web.eastmoney.com/api/data/v1/get,2026-08-03T09:11:12+00:00
2012-08-23,203.42249262,https://datacenter-web.eastmoney.com/api/data/v1/get,2026-08-03T09:11:12+00:00
2012-08-24,203.08505378,https://datacenter-web.eastmoney.com/api/data/v1/get,2026-08-03T09:11:12+00:00
2012-08-27,203.04927585,https://datacenter-web.eastmoney.com/api/data/v1/get,2026-08-03T09:11:12+00:00
2012-08-28,204.14320955,https://datacenter-web.eastmoney.com/api/data/v1/get,2026-08-03T09:11:12+00:00
2012-08-29,205.27362217,https://datacenter-web.eastmoney.com/api/data/v1/get,2026-08-03T09:11:12+00:00
2012-08-30,204.79253471,https://datacenter-web.eastmoney.com/api/data/v1/get,2026-08-03T09:11:12+00:00
2012-08-31,205.37372002,https://datacenter-web.eastmoney.com/api/data/v1/get,2026-08-03T09:11:12+00:00
2012-09-03,206.78417113,https://datacenter-web.eastmoney.com/api/data/v1/get,2026-08-03T09:11:12+00:00
2012-09-04,207.37011764,https://datacenter-web.eastmoney.com/api/data/v1/get,2026-08-03T09:11:12+00:00
2012-09-05,208.49718397,https://datacenter-web.eastmoney.com/api/data/v1/get,2026-08-03T09:11:12+00:00
2012-09-06,208.97226344,https://datacenter-web.eastmoney.com/api/data/v1/get,2026-08-03T09:11:12+00:00
2012-09-07,207.68519539,https://datacenter-web.eastmoney.com/api/data/v1/get,2026-08-03T09:11:12+00:00
2012-09-10,210.47503076,https://datacenter-web.eastmoney.com/api/data/v1/get,2026-08-03T09:11:12+00:00
2012-09-11,213.46906524,https://datacenter-web.eastmoney.com/api/data/v1/get,2026-08-03T09:11:12+00:00
2012-09-12,214.86855274,https://datacenter-web.eastmoney.com/api/data/v1/get,2026-08-03T09:11:12+00:00
2012-09-13,215.57664712,https://datacenter-web.eastmoney.com/api/data/v1/get,2026-08-03T09:11:12+00:00
2012-09-14,216.35208212,https://datacenter-web.eastmoney.com/api/data/v1/get,2026-08-03T09:11:12+00:00
2012-09-17,218.20484135,https://datacenter-web.eastmoney.com/api/data/v1/get,2026-08-03T09:11:12+00:00
2012-09-18,219.53858217,https://datacenter-web.eastmoney.com/api/data/v1/get,2026-08-03T09:11:12+00:00
2012-09-19,220.37886262,https://datacenter-web.eastmoney.com/api/data/v1/get,2026-08-03T09:11:12+00:00
2012-09-20,221.48809027,https://datacenter-web.eastmoney.com/api/data/v1/get,2026-08-03T09:11:12+00:00
2012-09-21,221.19917830,https://datacenter-web.eastmoney.com/api/data/v1/get,2026-08-03T09:11:12+00:00
2012-09-24,220.50118240,https://datacenter-web.eastmoney.com/api/data/v1/get,2026-08-03T09:11:12+00:00
2012-09-25,219.48429000,https://datacenter-web.eastmoney.com/api/data/v1/get,2026-08-03T09:11:12+00:00
2012-09-26,219.10822381,https://datacenter-web.eastmoney.com/api/data/v1/get,2026-08-03T09:11:12+00:00
2012-09-27,215.34960136,https://datacenter-web.eastmoney.com/api/data/v1/get,2026-08-03T09:11:12+00:00
2012-09-28,209.45688773,https://datacenter-web.eastmoney.com/api/data/v1/get,2026-08-03T09:11:12+00:00
2012-10-08,213.90248716,https://datacenter-web.eastmoney.com/api/data/v1/get,2026-08-03T09:11:12+00:00
2012-10-09,215.51885430,https://datacenter-web.eastmoney.com/api/data/v1/get,2026-08-03T09:11:12+00:00
2012-10-10,219.23273900,https://datacenter-web.eastmoney.com/api/data/v1/get,2026-08-03T09:11:12+00:00
2012-10-11,220.62377987,https://datacenter-web.eastmoney.com/api/data/v1/get,2026-08-03T09:11:12+00:00
2012-10-12,222.23730923,https://datacenter-web.eastmoney.com/api/data/v1/get,2026-08-03T09:11:12+00:00
2012-10-15,222.87664855,https://datacenter-web.eastmoney.com/api/data/v1/get,2026-08-03T09:11:12+00:00
2012-10-16,222.96591587,https://datacenter-web.eastmoney.com/api/data/v1/get,2026-08-03T09:11:12+00:00
2012-10-17,225.14991820,https://datacenter-web.eastmoney.com/api/data/v1/get,2026-08-03T09:11:12+00:00
2012-10-18,226.15875471,https://datacenter-web.eastmoney.com/api/data/v1/get,2026-08-03T09:11:12+00:00
2012-10-19,225.58806877,https://datacenter-web.eastmoney.com/api/data/v1/get,2026-08-03T09:11:12+00:00
2012-10-22,229.75080980,https://datacenter-web.eastmoney.com/api/data/v1/get,2026-08-03T09:11:12+00:00
2012-10-23,232.35639268,https://datacenter-web.eastmoney.com/api/data/v1/get,2026-08-03T09:11:12+00:00
2012-10-24,233.01079500,https://datacenter-web.eastmoney.com/api/data/v1/get,2026-08-03T09:11:12+00:00
2012-10-25,234.21158735,https://datacenter-web.eastmoney.com/api/data/v1/get,2026-08-03T09:11:12+00:00
2012-10-26,236.45265399,https://datacenter-web.eastmoney.com/api/data/v1/get,2026-08-03T09:11:12+00:00
2012-10-29,237.58680013,https://datacenter-web.eastmoney.com/api/data/v1/get,2026-08-03T09:11:12+00:00
2012-10-30,237.98003449,https://datacenter-web.eastmoney.com/api/data/v1/get,2026-08-03T09:11:12+00:00
2012-10-31,237.12799461,https://datacenter-web.eastmoney.com/api/data/v1/get,2026-08-03T09:11:12+00:00
2012-11-01,236.47058222,https://datacenter-web.eastmoney.com/api/data/v1/get,2026-08-03T09:11:12+00:00
2012-11-02,236.38498881,https://datacenter-web.eastmoney.com/api/data/v1/get,2026-08-03T09:11:12+00:00
2012-11-05,237.61846706,https://datacenter-web.eastmoney.com/api/data/v1/get,2026-08-03T09:11:12+00:00
2012-11-06,238.09814437,https://datacenter-web.eastmoney.com/api/data/v1/get,2026-08-03T09:11:12+00:00
2012-11-07,238.12148229,https://datacenter-web.eastmoney.com/api/data/v1/get,2026-08-03T09:11:12+00:00
2012-11-08,237.74609134,https://datacenter-web.eastmoney.com/api/data/v1/get,2026-08-03T09:11:12+00:00
2012-11-09,236.82805612,https://datacenter-web.eastmoney.com/api/data/v1/get,2026-08-03T09:11:12+00:00
2012-11-12,237.11765120,https://datacenter-web.eastmoney.com/api/data/v1/get,2026-08-03T09:11:12+00:00
2012-11-13,237.66217264,https://datacenter-web.eastmoney.com/api/data/v1/get,2026-08-03T09:11:12+00:00
2012-11-14,237.62084949,https://datacenter-web.eastmoney.com/api/data/v1/get,2026-08-03T09:11:12+00:00
2012-11-15,237.44396923,https://datacenter-web.eastmoney.com/api/data/v1/get,2026-08-03T09:11:12+00:00
2012-11-16,237.75538017,https://datacenter-web.eastmoney.com/api/data/v1/get,2026-08-03T09:11:12+00:00
2012-11-19,237.79121670,https://datacenter-web.eastmoney.com/api/data/v1/get,2026-08-03T09:11:12+00:00
2012-11-20,237.55732992,https://datacenter-web.eastmoney.com/api/data/v1/get,2026-08-03T09:11:12+00:00
2012-11-21,237.98617416,https://datacenter-web.eastmoney.com/api/data/v1/get,2026-08-03T09:11:12+00:00
2012-11-22,238.06831719,https://datacenter-web.eastmoney.com/api/data/v1/get,2026-08-03T09:11:12+00:00
2012-11-23,236.86493084,https://datacenter-web.eastmoney.com/api/data/v1/get,2026-08-03T09:11:12+00:00
2012-11-26,237.86820975,https://datacenter-web.eastmoney.com/api/data/v1/get,2026-08-03T09:11:12+00:00
2012-11-27,237.55817636,https://datacenter-web.eastmoney.com/api/data/v1/get,2026-08-03T09:11:12+00:00
2012-11-28,236.87138294,https://datacenter-web.eastmoney.com/api/data/v1/get,2026-08-03T09:11:12+00:00
2012-11-29,235.27944733,https://datacenter-web.eastmoney.com/api/data/v1/get,2026-08-03T09:11:12+00:00
2012-11-30,233.64648935,https://datacenter-web.eastmoney.com/api/data/v1/get,2026-08-03T09:11:12+00:00
2012-12-03,233.44058168,https://datacenter-web.eastmoney.com/api/data/v1/get,2026-08-03T09:11:12+00:00
2012-12-04,233.78616244,https://datacenter-web.eastmoney.com/api/data/v1/get,2026-08-03T09:11:12+00:00
2012-12-05,234.55830357,https://datacenter-web.eastmoney.com/api/data/v1/get,2026-08-03T09:11:12+00:00
2012-12-06,235.67889782,https://datacenter-web.eastmoney.com/api/data/v1/get,2026-08-03T09:11:12+00:00
2012-12-07,235.68827688,https://datacenter-web.eastmoney.com/api/data/v1/get,2026-08-03T09:11:12+00:00
2012-12-10,236.00101274,https://datacenter-web.eastmoney.com/api/data/v1/get,2026-08-03T09:11:12+00:00
2012-12-11,237.52476711,https://datacenter-web.eastmoney.com/api/data/v1/get,2026-08-03T09:11:12+00:00
2012-12-12,239.31296294,https://datacenter-web.eastmoney.com/api/data/v1/get,2026-08-03T09:11:12+00:00
2012-12-13,240.05944092,https://datacenter-web.eastmoney.com/api/data/v1/get,2026-08-03T09:11:12+00:00
2012-12-14,240.50108360,https://datacenter-web.eastmoney.com/api/data/v1/get,2026-08-03T09:11:12+00:00
2012-12-17,243.69834749,https://datacenter-web.eastmoney.com/api/data/v1/get,2026-08-03T09:11:12+00:00
2012-12-18,246.75833764,https://datacenter-web.eastmoney.com/api/data/v1/get,2026-08-03T09:11:12+00:00
2012-12-19,249.99440910,https://datacenter-web.eastmoney.com/api/data/v1/get,2026-08-03T09:11:12+00:00
2012-12-20,253.23278100,https://datacenter-web.eastmoney.com/api/data/v1/get,2026-08-03T09:11:12+00:00
2012-12-21,257.45826781,https://datacenter-web.eastmoney.com/api/data/v1/get,2026-08-03T09:11:12+00:00
2012-12-24,259.99681453,https://datacenter-web.eastmoney.com/api/data/v1/get,2026-08-03T09:11:12+00:00
2012-12-25,265.80498165,https://datacenter-web.eastmoney.com/api/data/v1/get,2026-08-03T09:11:12+00:00
2012-12-26,266.92499416,https://datacenter-web.eastmoney.com/api/data/v1/get,2026-08-03T09:11:12+00:00
2012-12-27,268.79832919,https://datacenter-web.eastmoney.com/api/data/v1/get,2026-08-03T09:11:12+00:00
2012-12-28,268.36032972,https://datacenter-web.eastmoney.com/api/data/v1/get,2026-08-03T09:11:12+00:00
2012-12-31,266.80230260,https://datacenter-web.eastmoney.com/api/data/v1/get,2026-08-03T09:11:12+00:00
2013-01-04,270.99297589,https://datacenter-web.eastmoney.com/api/data/v1/get,2026-08-03T09:11:12+00:00
2013-01-07,277.45550185,https://datacenter-web.eastmoney.com/api/data/v1/get,2026-08-03T09:11:12+00:00
2013-01-08,280.85898570,https://datacenter-web.eastmoney.com/api/data/v1/get,2026-08-03T09:11:12+00:00
2013-01-09,283.44299492,https://datacenter-web.eastmoney.com/api/data/v1/get,2026-08-03T09:11:12+00:00
2013-01-10,284.66469117,https://datacenter-web.eastmoney.com/api/data/v1/get,2026-08-03T09:11:12+00:00
2013-01-11,286.06461243,https://datacenter-web.eastmoney.com/api/data/v1/get,2026-08-03T09:11:12+00:00
2013-01-14,292.99692277,https://datacenter-web.eastmoney.com/api/data/v1/get,2026-08-03T09:11:12+00:00
2013-01-15,300.59370327,https://datacenter-web.eastmoney.com/api/data/v1/get,2026-08-03T09:11:12+00:00
2013-01-16,303.25333599,https://datacenter-web.eastmoney.com/api/data/v1/get,2026-08-03T09:11:12+00:00
2013-01-17,305.89799128,https://datacenter-web.eastmoney.com/api/data/v1/get,2026-08-03T09:11:12+00:00
2013-01-18,307.01451603,https://datacenter-web.eastmoney.com/api/data/v1/get,2026-08-03T09:11:12+00:00
2013-01-21,313.67605153,https://datacenter-web.eastmoney.com/api/data/v1/get,2026-08-03T09:11:12+00:00
2013-01-22,320.44790006,https://datacenter-web.eastmoney.com/api/data/v1/get,2026-08-03T09:11:12+00:00
2013-01-23,325.64692477,https://datacenter-web.eastmoney.com/api/data/v1/get,2026-08-03T09:11:12+00:00
2013-01-24,322.64032321,https://datacenter-web.eastmoney.com/api/data/v1/get,2026-08-03T09:11:12+00:00
2013-01-25,325.20436994,https://datacenter-web.eastmoney.com/api/data/v1/get,2026-08-03T09:11:12+00:00
2013-01-28,327.87628108,https://datacenter-web.eastmoney.com/api/data/v1/get,2026-08-03T09:11:12+00:00
2013-01-29,334.05273288,https://datacenter-web.eastmoney.com/api/data/v1/get,2026-08-03T09:11:12+00:00
2013-01-30,339.87774946,https://datacenter-web.eastmoney.com/api/data/v1/get,2026-08-03T09:11:12+00:00
2013-01-31,338.61147901,https://datacenter-web.eastmoney.com/api/data/v1/get,2026-08-03T09:11:12+00:00
2013-02-01,344.58704717,https://datacenter-web.eastmoney.com/api/data/v1/get,2026-08-03T09:11:12+00:00
2013-02-04,354.86998759,https://datacenter-web.eastmoney.com/api/data/v1/get,2026-08-03T09:11:12+00:00
2013-02-05,356.69978400,https://datacenter-web.eastmoney.com/api/data/v1/get,2026-08-03T09:11:12+00:00
2013-02-06,362.77506099,https://datacenter-web.eastmoney.com/api/data/v1/get,2026-08-03T09:11:12+00:00
2013-02-07,367.24236242,https://datacenter-web.eastmoney.com/api/data/v1/get,2026-08-03T09:11:12+00:00
2013-02-08,358.42615852,https://datacenter-web.eastmoney.com/api/data/v1/get,2026-08-03T09:11:12+00:00
2013-02-18,374.30265697,https://datacenter-web.eastmoney.com/api/data/v1/get,2026-08-03T09:11:12+00:00
2013-02-19,387.31960415,https://datacenter-web.eastmoney.com/api/data/v1/get,2026-08-03T09:11:12+00:00
2013-02-20,392.12614730,https://datacenter-web.eastmoney.com/api/data/v1/get,2026-08-03T09:11:12+00:00
2013-02-21,400.15702530,https://datacenter-web.eastmoney.com/api/data/v1/get,2026-08-03T09:11:12+00:00
2013-02-22,399.21271556,https://datacenter-web.eastmoney.com/api/data/v1/get,2026-08-03T09:11:12+00:00
2013-02-25,404.72993663,https://datacenter-web.eastmoney.com/api/data/v1/get,2026-08-03T09:11:12+00:00
2013-02-26,410.31313073,https://datacenter-web.eastmoney.com/api/data/v1/get,2026-08-03T09:11:12+00:00
2013-02-27,410.55486069,https://datacenter-web.eastmoney.com/api/data/v1/get,2026-08-03T09:11:12+00:00
2013-02-28,414.09004646,https://datacenter-web.eastmoney.com/api/data/v1/get,2026-08-03T09:11:12+00:00
2013-03-01,419.83773537,https://datacenter-web.eastmoney.com/api/data/v1/get,2026-08-03T09:11:12+00:00
2013-03-04,429.99617145,https://datacenter-web.eastmoney.com/api/data/v1/get,2026-08-03T09:11:12+00:00
2013-03-05,437.40354540,https://datacenter-web.eastmoney.com/api/data/v1/get,2026-08-03T09:11:12+00:00
2013-03-06,442.94479993,https://datacenter-web.eastmoney.com/api/data/v1/get,2026-08-03T09:11:12+00:00
2013-03-07,438.96109113,https://datacenter-web.eastmoney.com/api/data/v1/get,2026-08-03T09:11:12+00:00
2013-03-08,439.87071657,https://datacenter-web.eastmoney.com/api/data/v1/get,2026-08-03T09:11:12+00:00
2013-03-11,444.83743056,https://datacenter-web.eastmoney.com/api/data/v1/get,2026-08-03T09:11:12+00:00
2013-03-12,439.87235440,https://datacenter-web.eastmoney.com/api/data/v1/get,2026-08-03T09:11:12+00:00
2013-03-13,445.02600148,https://datacenter-web.eastmoney.com/api/data/v1/get,2026-08-03T09:11:12+00:00
2013-03-14,445.99858873,https://datacenter-web.eastmoney.com/api/data/v1/get,2026-08-03T09:11:12+00:00
2013-03-15,444.76405909,https://datacenter-web.eastmoney.com/api/data/v1/get,2026-08-03T09:11:12+00:00
2013-03-18,450.17252252,https://datacenter-web.eastmoney.com/api/data/v1/get,2026-08-03T09:11:12+00:00
2013-03-19,453.30117598,https://datacenter-web.eastmoney.com/api/data/v1/get,2026-08-03T09:11:12+00:00
2013-03-20,459.46162746,https://datacenter-web.eastmoney.com/api/data/v1/get,2026-08-03T09:11:12+00:00
2013-03-21,465.55406536,https://datacenter-web.eastmoney.com/api/data/v1/get,2026-08-03T09:11:12+00:00
2013-03-22,470.66351328,https://datacenter-web.eastmoney.com/api/data/v1/get,2026-08-03T09:11:12+00:00
2013-03-25,475.04286239,https://datacenter-web.eastmoney.com/api/data/v1/get,2026-08-03T09:11:12+00:00
2013-03-26,479.43233550,https://datacenter-web.eastmoney.com/api/data/v1/get,2026-08-03T09:11:12+00:00
2013-03-27,482.85784980,https://datacenter-web.eastmoney.com/api/data/v1/get,2026-08-03T09:11:12+00:00
2013-03-28,482.49521154,https://datacenter-web.eastmoney.com/api/data/v1/get,2026-08-03T09:11:12+00:00
2013-03-29,479.40593815,https://datacenter-web.eastmoney.com/api/data/v1/get,2026-08-03T09:11:12+00:00
2013-04-01,484.55799112,https://datacenter-web.eastmoney.com/api/data/v1/get,2026-08-03T09:11:12+00:00
2013-04-02,485.87759994,https://datacenter-web.eastmoney.com/api/data/v1/get,2026-08-03T09:11:12+00:00
2013-04-03,484.48102938,https://datacenter-web.eastmoney.com/api/data/v1/get,2026-08-03T09:11:12+00:00
2013-04-08,490.49372615,https://datacenter-web.eastmoney.com/api/data/v1/get,2026-08-03T09:11:12+00:00
2013-04-09,495.00549353,https://datacenter-web.eastmoney.com/api/data/v1/get,2026-08-03T09:11:12+00:00
2013-04-10,496.91281626,https://datacenter-web.eastmoney.com/api/data/v1/get,2026-08-03T09:11:12+00:00
2013-04-11,500.93384318,https://datacenter-web.eastmoney.com/api/data/v1/get,2026-08-03T09:11:12+00:00
2013-04-12,500.86057987,https://datacenter-web.eastmoney.com/api/data/v1/get,2026-08-03T09:11:12+00:00
2013-04-15,502.67391275,https://datacenter-web.eastmoney.com/api/data/v1/get,2026-08-03T09:11:12+00:00
2013-04-16,504.03688364,https://datacenter-web.eastmoney.com/api/data/v1/get,2026-08-03T09:11:12+00:00
2013-04-17,508.11009240,https://datacenter-web.eastmoney.com/api/data/v1/get,2026-08-03T09:11:12+00:00
2013-04-18,511.69226678,https://datacenter-web.eastmoney.com/api/data/v1/get,2026-08-03T09:11:12+00:00
2013-04-19,516.05303306,https://datacenter-web.eastmoney.com/api/data/v1/get,2026-08-03T09:11:12+00:00
2013-04-22,526.66787012,https://datacenter-web.eastmoney.com/api/data/v1/get,2026-08-03T09:11:12+00:00
2013-04-23,530.97767654,https://datacenter-web.eastmoney.com/api/data/v1/get,2026-08-03T09:11:12+00:00
2013-04-24,536.43293901,https://datacenter-web.eastmoney.com/api/data/v1/get,2026-08-03T09:11:12+00:00
2013-04-25,538.93980104,https://datacenter-web.eastmoney.com/api/data/v1/get,2026-08-03T09:11:12+00:00
2013-04-26,531.30446388,https://datacenter-web.eastmoney.com/api/data/v1/get,2026-08-03T09:11:12+00:00
2013-05-02,533.89265264,https://datacenter-web.eastmoney.com/api/data/v1/get,2026-08-03T09:11:12+00:00
2013-05-03,534.12882231,https://datacenter-web.eastmoney.com/api/data/v1/get,2026-08-03T09:11:12+00:00
2013-05-06,546.69924142,https://datacenter-web.eastmoney.com/api/data/v1/get,2026-08-03T09:11:12+00:00
2013-05-07,553.14950990,https://datacenter-web.eastmoney.com/api/data/v1/get,2026-08-03T09:11:12+00:00
2013-05-08,556.75878774,https://datacenter-web.eastmoney.com/api/data/v1/get,2026-08-03T09:11:12+00:00
2013-05-09,565.32740985,https://datacenter-web.eastmoney.com/api/data/v1/get,2026-08-03T09:11:12+00:00
2013-05-10,569.33999592,https://datacenter-web.eastmoney.com/api/data/v1/get,2026-08-03T09:11:12+00:00
2013-05-13,579.14030265,https://datacenter-web.eastmoney.com/api/data/v1/get,2026-08-03T09:11:12+00:00
2013-05-14,588.75417244,https://datacenter-web.eastmoney.com/api/data/v1/get,2026-08-03T09:11:12+00:00
2013-05-15,598.26534526,https://datacenter-web.eastmoney.com/api/data/v1/get,2026-08-03T09:11:12+00:00
2013-05-16,604.53928626,https://datacenter-web.eastmoney.com/api/data/v1/get,2026-08-03T09:11:12+00:00
2013-05-17,607.96704759,https://datacenter-web.eastmoney.com/api/data/v1/get,2026-08-03T09:11:12+00:00
2013-05-20,621.41046767,https://datacenter-web.eastmoney.com/api/data/v1/get,2026-08-03T09:11:12+00:00
2013-05-21,639.71390449,https://datacenter-web.eastmoney.com/api/data/v1/get,2026-08-03T09:11:12+00:00
2013-05-22,652.00461623,https://datacenter-web.eastmoney.com/api/data/v1/get,2026-08-03T09:11:12+00:00
2013-05-23,662.24406982,https://datacenter-web.eastmoney.com/api/data/v1/get,2026-08-03T09:11:12+00:00
2013-05-24,670.54886924,https://datacenter-web.eastmoney.com/api/data/v1/get,2026-08-03T09:11:12+00:00
2013-05-27,684.37854961,https://datacenter-web.eastmoney.com/api/data/v1/get,2026-08-03T09:11:12+00:00
2013-05-28,690.49309636,https://datacenter-web.eastmoney.com/api/data/v1/get,2026-08-03T09:11:12+00:00
2013-05-29,703.70409467,https://datacenter-web.eastmoney.com/api/data/v1/get,2026-08-03T09:11:12+00:00
2013-05-30,715.56019104,https://datacenter-web.eastmoney.com/api/data/v1/get,2026-08-03T09:11:12+00:00
2013-05-31,723.76838981,https://datacenter-web.eastmoney.com/api/data/v1/get,2026-08-03T09:11:12+00:00
2013-06-03,732.44396149,https://datacenter-web.eastmoney.com/api/data/v1/get,2026-08-03T09:11:12+00:00
2013-06-04,738.89441598,https://datacenter-web.eastmoney.com/api/data/v1/get,2026-08-03T09:11:12+00:00
2013-06-05,744.88904230,https://datacenter-web.eastmoney.com/api/data/v1/get,2026-08-03T09:11:12+00:00
2013-06-06,752.19166610,https://datacenter-web.eastmoney.com/api/data/v1/get,2026-08-03T09:11:12+00:00
2013-06-07,747.27235244,https://datacenter-web.eastmoney.com/api/data/v1/get,2026-08-03T09:11:12+00:00
2013-06-13,752.24717534,https://datacenter-web.eastmoney.com/api/data/v1/get,2026-08-03T09:11:12+00:00
2013-06-14,752.66932669,https://datacenter-web.eastmoney.com/api/data/v1/get,2026-08-03T09:11:12+00:00
2013-06-17,760.97436847,https://datacenter-web.eastmoney.com/api/data/v1/get,2026-08-03T09:11:12+00:00
2013-06-18,764.22188017,https://datacenter-web.eastmoney.com/api/data/v1/get,2026-08-03T09:11:12+00:00
2013-06-19,770.13695404,https://datacenter-web.eastmoney.com/api/data/v1/get,2026-08-03T09:11:12+00:00
2013-06-20,773.97729945,https://datacenter-web.eastmoney.com/api/data/v1/get,2026-08-03T09:11:12+00:00
2013-06-21,769.54514402,https://datacenter-web.eastmoney.com/api/data/v1/get,2026-08-03T09:11:12+00:00
2013-06-24,761.35845373,https://datacenter-web.eastmoney.com/api/data/v1/get,2026-08-03T09:11:12+00:00
2013-06-25,740.54366166,https://datacenter-web.eastmoney.com/api/data/v1/get,2026-08-03T09:11:12+00:00
2013-06-26,740.72705966,https://datacenter-web.eastmoney.com/api/data/v1/get,2026-08-03T09:11:12+00:00
2013-06-27,735.12525211,https://datacenter-web.eastmoney.com/api/data/v1/get,2026-08-03T09:11:12+00:00
2013-06-28,728.75058243,https://datacenter-web.eastmoney.com/api/data/v1/get,2026-08-03T09:11:12+00:00
2013-07-01,727.51919898,https://datacenter-web.eastmoney.com/api/data/v1/get,2026-08-03T09:11:12+00:00
2013-07-02,727.99056177,https://datacenter-web.eastmoney.com/api/data/v1/get,2026-08-03T09:11:12+00:00
2013-07-03,732.67992520,https://datacenter-web.eastmoney.com/api/data/v1/get,2026-08-03T09:11:12+00:00
2013-07-04,733.82092140,https://datacenter-web.eastmoney.com/api/data/v1/get,2026-08-03T09:11:12+00:00
2013-07-05,733.01652889,https://datacenter-web.eastmoney.com/api/data/v1/get,2026-08-03T09:11:12+00:00
2013-07-08,732.24164454,https://datacenter-web.eastmoney.com/api/data/v1/get,2026-08-03T09:11:12+00:00
2013-07-09,731.35199281,https://datacenter-web.eastmoney.com/api/data/v1/get,2026-08-03T09:11:12+00:00
2013-07-10,735.93183390,https://datacenter-web.eastmoney.com/api/data/v1/get,2026-08-03T09:11:12+00:00
2013-07-11,736.62053179,https://datacenter-web.eastmoney.com/api/data/v1/get,2026-08-03T09:11:12+00:00
2013-07-12,740.11506249,https://datacenter-web.eastmoney.com/api/data/v1/get,2026-08-03T09:11:12+00:00
2013-07-15,748.13727905,https://datacenter-web.eastmoney.com/api/data/v1/get,2026-08-03T09:11:12+00:00
2013-07-16,758.77436771,https://datacenter-web.eastmoney.com/api/data/v1/get,2026-08-03T09:11:12+00:00
2013-07-17,763.15496262,https://datacenter-web.eastmoney.com/api/data/v1/get,2026-08-03T09:11:12+00:00
2013-07-18,771.06853255,https://datacenter-web.eastmoney.com/api/data/v1/get,2026-08-03T09:11:12+00:00
2013-07-19,768.90872377,https://datacenter-web.eastmoney.com/api/data/v1/get,2026-08-03T09:11:12+00:00
2013-07-22,778.02842313,https://datacenter-web.eastmoney.com/api/data/v1/get,2026-08-03T09:11:12+00:00
2013-07-23,782.33750263,https://datacenter-web.eastmoney.com/api/data/v1/get,2026-08-03T09:11:12+00:00
2013-07-24,791.41374574,https://datacenter-web.eastmoney.com/api/data/v1/get,2026-08-03T09:11:12+00:00
2013-07-25,792.17763077,https://datacenter-web.eastmoney.com/api/data/v1/get,2026-08-03T09:11:12+00:00
2013-07-26,790.40342685,https://datacenter-web.eastmoney.com/api/data/v1/get,2026-08-03T09:11:12+00:00
2013-07-29,794.12718503,https://datacenter-web.eastmoney.com/api/data/v1/get,2026-08-03T09:11:12+00:00
2013-07-30,792.90326705,https://datacenter-web.eastmoney.com/api/data/v1/get,2026-08-03T09:11:12+00:00
2013-07-31,789.93648353,https://datacenter-web.eastmoney.com/api/data/v1/get,2026-08-03T09:11:12+00:00
2013-08-01,793.82002916,https://datacenter-web.eastmoney.com/api/data/v1/get,2026-08-03T09:11:12+00:00
2013-08-02,791.81634222,https://datacenter-web.eastmoney.com/api/data/v1/get,2026-08-03T09:11:12+00:00
2013-08-05,798.89333313,https://datacenter-web.eastmoney.com/api/data/v1/get,2026-08-03T09:11:12+00:00
2013-08-06,804.30657888,https://datacenter-web.eastmoney.com/api/data/v1/get,2026-08-03T09:11:12+00:00
2013-08-07,804.21320602,https://datacenter-web.eastmoney.com/api/data/v1/get,2026-08-03T09:11:12+00:00
2013-08-08,810.39747913,https://datacenter-web.eastmoney.com/api/data/v1/get,2026-08-03T09:11:12+00:00
2013-08-09,811.11415284,https://datacenter-web.eastmoney.com/api/data/v1/get,2026-08-03T09:11:12+00:00
2013-08-12,813.41617792,https://datacenter-web.eastmoney.com/api/data/v1/get,2026-08-03T09:11:12+00:00
2013-08-13,820.50442160,https://datacenter-web.eastmoney.com/api/data/v1/get,2026-08-03T09:11:12+00:00
2013-08-14,825.13441277,https://datacenter-web.eastmoney.com/api/data/v1/get,2026-08-03T09:11:12+00:00
2013-08-15,828.12920164,https://datacenter-web.eastmoney.com/api/data/v1/get,2026-08-03T09:11:12+00:00
2013-08-16,827.09091315,https://datacenter-web.eastmoney.com/api/data/v1/get,2026-08-03T09:11:12+00:00
2013-08-19,829.98984799,https://datacenter-web.eastmoney.com/api/data/v1/get,2026-08-03T09:11:12+00:00
2013-08-20,832.15031103,https://datacenter-web.eastmoney.com/api/data/v1/get,2026-08-03T09:11:12+00:00
2013-08-21,835.53324470,https://datacenter-web.eastmoney.com/api/data/v1/get,2026-08-03T09:11:12+00:00
2013-08-22,837.25300129,https://datacenter-web.eastmoney.com/api/data/v1/get,2026-08-03T09:11:12+00:00
2013-08-23,836.13937617,https://datacenter-web.eastmoney.com/api/data/v1/get,2026-08-03T09:11:12+00:00
2013-08-26,844.18698866,https://datacenter-web.eastmoney.com/api/data/v1/get,2026-08-03T09:11:12+00:00
2013-08-27,851.46039268,https://datacenter-web.eastmoney.com/api/data/v1/get,2026-08-03T09:11:12+00:00
2013-08-28,856.70693846,https://datacenter-web.eastmoney.com/api/data/v1/get,2026-08-03T09:11:12+00:00
2013-08-29,861.75390968,https://datacenter-web.eastmoney.com/api/data/v1/get,2026-08-03T09:11:12+00:00
2013-08-30,857.48691723,https://datacenter-web.eastmoney.com/api/data/v1/get,2026-08-03T09:11:12+00:00
2013-09-02,862.57440089,https://datacenter-web.eastmoney.com/api/data/v1/get,2026-08-03T09:11:12+00:00
2013-09-03,864.69002886,https://datacenter-web.eastmoney.com/api/data/v1/get,2026-08-03T09:11:12+00:00
2013-09-04,865.72248531,https://datacenter-web.eastmoney.com/api/data/v1/get,2026-08-03T09:11:12+00:00
2013-09-05,871.73576347,https://datacenter-web.eastmoney.com/api/data/v1/get,2026-08-03T09:11:12+00:00
2013-09-06,871.69602831,https://datacenter-web.eastmoney.com/api/data/v1/get,2026-08-03T09:11:12+00:00
2013-09-09,879.39517311,https://datacenter-web.eastmoney.com/api/data/v1/get,2026-08-03T09:11:12+00:00
2013-09-10,888.11924639,https://datacenter-web.eastmoney.com/api/data/v1/get,2026-08-03T09:11:12+00:00
2013-09-11,892.11017795,https://datacenter-web.eastmoney.com/api/data/v1/get,2026-08-03T09:11:12+00:00
2013-09-12,899.96527295,https://datacenter-web.eastmoney.com/api/data/v1/get,2026-08-03T09:11:12+00:00
2013-09-13,901.02560997,https://datacenter-web.eastmoney.com/api/data/v1/get,2026-08-03T09:11:12+00:00
2013-09-16,914.28333120,https://datacenter-web.eastmoney.com/api/data/v1/get,2026-08-03T09:11:12+00:00
2013-09-17,923.43420925,https://datacenter-web.eastmoney.com/api/data/v1/get,2026-08-03T09:11:12+00:00
2013-09-18,921.27370440,https://datacenter-web.eastmoney.com/api/data/v1/get,2026-08-03T09:11:12+00:00
2013-09-23,936.00017357,https://datacenter-web.eastmoney.com/api/data/v1/get,2026-08-03T09:11:12+00:00
2013-09-24,950.80067354,https://datacenter-web.eastmoney.com/api/data/v1/get,2026-08-03T09:11:12+00:00
2013-09-25,961.97535045,https://datacenter-web.eastmoney.com/api/data/v1/get,2026-08-03T09:11:12+00:00
2013-09-26,967.57466358,https://datacenter-web.eastmoney.com/api/data/v1/get,2026-08-03T09:11:12+00:00
2013-09-27,964.85701932,https://datacenter-web.eastmoney.com/api/data/v1/get,2026-08-03T09:11:12+00:00
2013-09-30,957.05401400,https://datacenter-web.eastmoney.com/api/data/v1/get,2026-08-03T09:11:12+00:00
2013-10-08,978.34223068,https://datacenter-web.eastmoney.com/api/data/v1/get,2026-08-03T09:11:12+00:00
2013-10-09,993.89769342,https://datacenter-web.eastmoney.com/api/data/v1/get,2026-08-03T09:11:12+00:00
2013-10-10,1008.38277209,https://datacenter-web.eastmoney.com/api/data/v1/get,2026-08-03T09:11:12+00:00
2013-10-11,1015.70392394,https://datacenter-web.eastmoney.com/api/data/v1/get,2026-08-03T09:11:12+00:00
2013-10-14,1028.32589600,https://datacenter-web.eastmoney.com/api/data/v1/get,2026-08-03T09:11:12+00:00
2013-10-15,1038.62850768,https://datacenter-web.eastmoney.com/api/data/v1/get,2026-08-03T09:11:12+00:00
2013-10-16,1042.09428015,https://datacenter-web.eastmoney.com/api/data/v1/get,2026-08-03T09:11:12+00:00
2013-10-17,1040.94599532,https://datacenter-web.eastmoney.com/api/data/v1/get,2026-08-03T09:11:12+00:00
2013-10-18,1041.70446735,https://datacenter-web.eastmoney.com/api/data/v1/get,2026-08-03T09:11:12+00:00
2013-10-21,1053.96348912,https://datacenter-web.eastmoney.com/api/data/v1/get,2026-08-03T09:11:12+00:00
2013-10-22,1057.22213848,https://datacenter-web.eastmoney.com/api/data/v1/get,2026-08-03T09:11:12+00:00
2013-10-23,1057.81681744,https://datacenter-web.eastmoney.com/api/data/v1/get,2026-08-03T09:11:12+00:00
2013-10-24,1060.58139231,https://datacenter-web.eastmoney.com/api/data/v1/get,2026-08-03T09:11:12+00:00
2013-10-25,1057.84880121,https://datacenter-web.eastmoney.com/api/data/v1/get,2026-08-03T09:11:12+00:00
2013-10-28,1056.61629431,https://datacenter-web.eastmoney.com/api/data/v1/get,2026-08-03T09:11:12+00:00
2013-10-29,1048.62238545,https://datacenter-web.eastmoney.com/api/data/v1/get,2026-08-03T09:11:12+00:00
2013-10-30,1051.36676010,https://datacenter-web.eastmoney.com/api/data/v1/get,2026-08-03T09:11:12+00:00
2013-10-31,1052.19517428,https://datacenter-web.eastmoney.com/api/data/v1/get,2026-08-03T09:11:12+00:00
2013-11-01,1043.66022209,https://datacenter-web.eastmoney.com/api/data/v1/get,2026-08-03T09:11:12+00:00
2013-11-04,1045.63530196,https://datacenter-web.eastmoney.com/api/data/v1/get,2026-08-03T09:11:12+00:00
2013-11-05,1048.99300930,https://datacenter-web.eastmoney.com/api/data/v1/get,2026-08-03T09:11:12+00:00
2013-11-06,1049.86678608,https://datacenter-web.eastmoney.com/api/data/v1/get,2026-08-03T09:11:12+00:00
2013-11-07,1049.60990717,https://datacenter-web.eastmoney.com/api/data/v1/get,2026-08-03T09:11:12+00:00
2013-11-08,1046.24498906,https://datacenter-web.eastmoney.com/api/data/v1/get,2026-08-03T09:11:12+00:00
2013-11-11,1045.99091137,https://datacenter-web.eastmoney.com/api/data/v1/get,2026-08-03T09:11:12+00:00
2013-11-12,1043.74065038,https://datacenter-web.eastmoney.com/api/data/v1/get,2026-08-03T09:11:12+00:00
2013-11-13,1039.54825531,https://datacenter-web.eastmoney.com/api/data/v1/get,2026-08-03T09:11:12+00:00
2013-11-14,1038.97276579,https://datacenter-web.eastmoney.com/api/data/v1/get,2026-08-03T09:11:12+00:00
2013-11-15,1039.17975768,https://datacenter-web.eastmoney.com/api/data/v1/get,2026-08-03T09:11:12+00:00
2013-11-18,1045.38386226,https://datacenter-web.eastmoney.com/api/data/v1/get,2026-08-03T09:11:12+00:00
2013-11-19,1052.53593734,https://datacenter-web.eastmoney.com/api/data/v1/get,2026-08-03T09:11:12+00:00
2013-11-20,1060.87273421,https://datacenter-web.eastmoney.com/api/data/v1/get,2026-08-03T09:11:12+00:00
2013-11-21,1068.99806663,https://datacenter-web.eastmoney.com/api/data/v1/get,2026-08-03T09:11:12+00:00
2013-11-22,1068.34887807,https://datacenter-web.eastmoney.com/api/data/v1/get,2026-08-03T09:11:12+00:00
2013-11-25,1075.52152644,https://datacenter-web.eastmoney.com/api/data/v1/get,2026-08-03T09:11:12+00:00
2013-11-26,1081.01302559,https://datacenter-web.eastmoney.com/api/data/v1/get,2026-08-03T09:11:12+00:00
2013-11-27,1086.92060976,https://datacenter-web.eastmoney.com/api/data/v1/get,2026-08-03T09:11:12+00:00
2013-11-28,1090.75735483,https://datacenter-web.eastmoney.com/api/data/v1/get,2026-08-03T09:11:12+00:00
2013-11-29,1091.22780731,https://datacenter-web.eastmoney.com/api/data/v1/get,2026-08-03T09:11:12+00:00
2013-12-02,1090.56728460,https://datacenter-web.eastmoney.com/api/data/v1/get,2026-08-03T09:11:12+00:00
2013-12-03,1092.90544355,https://datacenter-web.eastmoney.com/api/data/v1/get,2026-08-03T09:11:12+00:00
2013-12-04,1096.31851835,https://datacenter-web.eastmoney.com/api/data/v1/get,2026-08-03T09:11:12+00:00
2013-12-05,1099.26434622,https://datacenter-web.eastmoney.com/api/data/v1/get,2026-08-03T09:11:12+00:00
2013-12-06,1099.48679907,https://datacenter-web.eastmoney.com/api/data/v1/get,2026-08-03T09:11:12+00:00
2013-12-09,1107.59190047,https://datacenter-web.eastmoney.com/api/data/v1/get,2026-08-03T09:11:12+00:00
2013-12-10,1113.45274365,https://datacenter-web.eastmoney.com/api/data/v1/get,2026-08-03T09:11:12+00:00
2013-12-11,1114.92453115,https://datacenter-web.eastmoney.com/api/data/v1/get,2026-08-03T09:11:12+00:00
2013-12-12,1119.37430556,https://datacenter-web.eastmoney.com/api/data/v1/get,2026-08-03T09:11:12+00:00
2013-12-13,1118.40127972,https://datacenter-web.eastmoney.com/api/data/v1/get,2026-08-03T09:11:12+00:00
2013-12-16,1119.63376295,https://datacenter-web.eastmoney.com/api/data/v1/get,2026-08-03T09:11:12+00:00
2013-12-17,1123.72299375,https://datacenter-web.eastmoney.com/api/data/v1/get,2026-08-03T09:11:12+00:00
2013-12-18,1123.91488844,https://datacenter-web.eastmoney.com/api/data/v1/get,2026-08-03T09:11:12+00:00
2013-12-19,1126.42522114,https://datacenter-web.eastmoney.com/api/data/v1/get,2026-08-03T09:11:12+00:00
2013-12-20,1125.76999415,https://datacenter-web.eastmoney.com/api/data/v1/get,2026-08-03T09:11:12+00:00
2013-12-23,1126.07483627,https://datacenter-web.eastmoney.com/api/data/v1/get,2026-08-03T09:11:12+00:00
2013-12-24,1129.01535143,https://datacenter-web.eastmoney.com/api/data/v1/get,2026-08-03T09:11:12+00:00
2013-12-25,1135.99276616,https://datacenter-web.eastmoney.com/api/data/v1/get,2026-08-03T09:11:12+00:00
2013-12-26,1142.26332960,https://datacenter-web.eastmoney.com/api/data/v1/get,2026-08-03T09:11:12+00:00
2013-12-27,1142.48007896,https://datacenter-web.eastmoney.com/api/data/v1/get,2026-08-03T09:11:12+00:00
2013-12-30,1154.81481588,https://datacenter-web.eastmoney.com/api/data/v1/get,2026-08-03T09:11:12+00:00
2013-12-31,1154.91348382,https://datacenter-web.eastmoney.com/api/data/v1/get,2026-08-03T09:11:12+00:00
2014-01-02,1160.98519468,https://datacenter-web.eastmoney.com/api/data/v1/get,2026-08-03T09:11:12+00:00
2014-01-03,1159.81385912,https://datacenter-web.eastmoney.com/api/data/v1/get,2026-08-03T09:11:12+00:00
2014-01-06,1164.07848924,https://datacenter-web.eastmoney.com/api/data/v1/get,2026-08-03T09:11:12+00:00
2014-01-07,1169.99398760,https://datacenter-web.eastmoney.com/api/data/v1/get,2026-08-03T09:11:12+00:00
2014-01-08,1175.77564832,https://datacenter-web.eastmoney.com/api/data/v1/get,2026-08-03T09:11:12+00:00
2014-01-09,1180.33548830,https://datacenter-web.eastmoney.com/api/data/v1/get,2026-08-03T09:11:12+00:00
2014-01-10,1182.83934583,https://datacenter-web.eastmoney.com/api/data/v1/get,2026-08-03T09:11:12+00:00
2014-01-13,1182.68115191,https://datacenter-web.eastmoney.com/api/data/v1/get,2026-08-03T09:11:12+00:00
2014-01-14,1185.31153414,https://datacenter-web.eastmoney.com/api/data/v1/get,2026-08-03T09:11:12+00:00
2014-01-15,1187.69845710,https://datacenter-web.eastmoney.com/api/data/v1/get,2026-08-03T09:11:12+00:00
2014-01-16,1190.12776963,https://datacenter-web.eastmoney.com/api/data/v1/get,2026-08-03T09:11:12+00:00
2014-01-17,1193.34437800,https://datacenter-web.eastmoney.com/api/data/v1/get,2026-08-03T09:11:12+00:00
2014-01-20,1197.87905416,https://datacenter-web.eastmoney.com/api/data/v1/get,2026-08-03T09:11:12+00:00
2014-01-21,1201.37128712,https://datacenter-web.eastmoney.com/api/data/v1/get,2026-08-03T09:11:12+00:00
2014-01-22,1205.00016341,https://datacenter-web.eastmoney.com/api/data/v1/get,2026-08-03T09:11:12+00:00
2014-01-23,1211.40756328,https://datacenter-web.eastmoney.com/api/data/v1/get,2026-08-03T09:11:12+00:00
2014-01-24,1212.13812624,https://datacenter-web.eastmoney.com/api/data/v1/get,2026-08-03T09:11:12+00:00
2014-01-27,1218.79708837,https://datacenter-web.eastmoney.com/api/data/v1/get,2026-08-03T09:11:12+00:00
2014-01-28,1219.58918427,https://datacenter-web.eastmoney.com/api/data/v1/get,2026-08-03T09:11:12+00:00
2014-01-29,1214.53515825,https://datacenter-web.eastmoney.com/api/data/v1/get,2026-08-03T09:11:12+00:00
2014-01-30,1192.93796172,https://datacenter-web.eastmoney.com/api/data/v1/get,2026-08-03T09:11:12+00:00
2014-02-07,1214.92862105,https://datacenter-web.eastmoney.com/api/data/v1/get,2026-08-03T09:11:12+00:00
2014-02-10,1236.83414094,https://datacenter-web.eastmoney.com/api/data/v1/get,2026-08-03T09:11:12+00:00
2014-02-11,1260.89509278,https://datacenter-web.eastmoney.com/api/data/v1/get,2026-08-03T09:11:12+00:00
2014-02-12,1277.78649968,https://datacenter-web.eastmoney.com/api/data/v1/get,2026-08-03T09:11:12+00:00
2014-02-13,1290.43098043,https://datacenter-web.eastmoney.com/api/data/v1/get,2026-08-03T09:11:12+00:00
2014-02-14,1290.64195108,https://datacenter-web.eastmoney.com/api/data/v1/get,2026-08-03T09:11:12+00:00
2014-02-17,1307.63434575,https://datacenter-web.eastmoney.com/api/data/v1/get,2026-08-03T09:11:12+00:00
2014-02-18,1325.64178922,https://datacenter-web.eastmoney.com/api/data/v1/get,2026-08-03T09:11:12+00:00
2014-02-19,1334.79632626,https://datacenter-web.eastmoney.com/api/data/v1/get,2026-08-03T09:11:12+00:00
2014-02-20,1343.02624574,https://datacenter-web.eastmoney.com/api/data/v1/get,2026-08-03T09:11:12+00:00
2014-02-21,1342.11467314,https://datacenter-web.eastmoney.com/api/data/v1/get,2026-08-03T09:11:12+00:00
2014-02-24,1351.12215913,https://datacenter-web.eastmoney.com/api/data/v1/get,2026-08-03T09:11:12+00:00
2014-02-25,1345.52028367,https://datacenter-web.eastmoney.com/api/data/v1/get,2026-08-03T09:11:12+00:00
2014-02-26,1343.37867051,https://datacenter-web.eastmoney.com/api/data/v1/get,2026-08-03T09:11:12+00:00
2014-02-27,1338.36437720,https://datacenter-web.eastmoney.com/api/data/v1/get,2026-08-03T09:11:12+00:00
2014-02-28,1330.00754390,https://datacenter-web.eastmoney.com/api/data/v1/get,2026-08-03T09:11:12+00:00
2014-03-03,1332.91795071,https://datacenter-web.eastmoney.com/api/data/v1/get,2026-08-03T09:11:12+00:00
2014-03-04,1339.65321608,https://datacenter-web.eastmoney.com/api/data/v1/get,2026-08-03T09:11:12+00:00
2014-03-05,1345.16959625,https://datacenter-web.eastmoney.com/api/data/v1/get,2026-08-03T09:11:12+00:00
2014-03-06,1347.21363189,https://datacenter-web.eastmoney.com/api/data/v1/get,2026-08-03T09:11:12+00:00
2014-03-07,1339.32830874,https://datacenter-web.eastmoney.com/api/data/v1/get,2026-08-03T09:11:12+00:00
2014-03-10,1332.88015533,https://datacenter-web.eastmoney.com/api/data/v1/get,2026-08-03T09:11:12+00:00
2014-03-11,1327.52990778,https://datacenter-web.eastmoney.com/api/data/v1/get,2026-08-03T09:11:12+00:00
2014-03-12,1319.29800058,https://datacenter-web.eastmoney.com/api/data/v1/get,2026-08-03T09:11:12+00:00
2014-03-13,1316.94749107,https://datacenter-web.eastmoney.com/api/data/v1/get,2026-08-03T09:11:12+00:00
2014-03-14,1312.63686372,https://datacenter-web.eastmoney.com/api/data/v1/get,2026-08-03T09:11:12+00:00
2014-03-17,1314.53468039,https://datacenter-web.eastmoney.com/api/data/v1/get,2026-08-03T09:11:12+00:00
2014-03-18,1320.72359605,https://datacenter-web.eastmoney.com/api/data/v1/get,2026-08-03T09:11:12+00:00
2014-03-19,1327.53825164,https://datacenter-web.eastmoney.com/api/data/v1/get,2026-08-03T09:11:12+00:00
2014-03-20,1329.37562110,https://datacenter-web.eastmoney.com/api/data/v1/get,2026-08-03T09:11:12+00:00
2014-03-21,1331.14506226,https://datacenter-web.eastmoney.com/api/data/v1/get,2026-08-03T09:11:12+00:00
2014-03-24,1335.46362047,https://datacenter-web.eastmoney.com/api/data/v1/get,2026-08-03T09:11:12+00:00
2014-03-25,1341.10825920,https://datacenter-web.eastmoney.com/api/data/v1/get,2026-08-03T09:11:12+00:00
2014-03-26,1344.77255344,https://datacenter-web.eastmoney.com/api/data/v1/get,2026-08-03T09:11:12+00:00
2014-03-27,1345.92397119,https://datacenter-web.eastmoney.com/api/data/v1/get,2026-08-03T09:11:12+00:00
2014-03-28,1339.99279906,https://datacenter-web.eastmoney.com/api/data/v1/get,2026-08-03T09:11:12+00:00
2014-03-31,1337.34521787,https://datacenter-web.eastmoney.com/api/data/v1/get,2026-08-03T09:11:12+00:00
2014-04-01,1333.90670334,https://datacenter-web.eastmoney.com/api/data/v1/get,2026-08-03T09:11:12+00:00
2014-04-02,1330.63941990,https://datacenter-web.eastmoney.com/api/data/v1/get,2026-08-03T09:11:12+00:00
2014-04-03,1332.66368132,https://datacenter-web.eastmoney.com/api/data/v1/get,2026-08-03T09:11:12+00:00
2014-04-04,1326.78299281,https://datacenter-web.eastmoney.com/api/data/v1/get,2026-08-03T09:11:12+00:00
2014-04-08,1328.32828796,https://datacenter-web.eastmoney.com/api/data/v1/get,2026-08-03T09:11:12+00:00
2014-04-09,1332.58482601,https://datacenter-web.eastmoney.com/api/data/v1/get,2026-08-03T09:11:12+00:00
2014-04-10,1341.57615960,https://datacenter-web.eastmoney.com/api/data/v1/get,2026-08-03T09:11:12+00:00
2014-04-11,1344.27843354,https://datacenter-web.eastmoney.com/api/data/v1/get,2026-08-03T09:11:12+00:00
2014-04-14,1350.11278285,https://datacenter-web.eastmoney.com/api/data/v1/get,2026-08-03T09:11:12+00:00
2014-04-15,1354.00244985,https://datacenter-web.eastmoney.com/api/data/v1/get,2026-08-03T09:11:12+00:00
2014-04-16,1357.32364471,https://datacenter-web.eastmoney.com/api/data/v1/get,2026-08-03T09:11:12+00:00
2014-04-17,1361.36680454,https://datacenter-web.eastmoney.com/api/data/v1/get,2026-08-03T09:11:12+00:00
2014-04-18,1355.70980904,https://datacenter-web.eastmoney.com/api/data/v1/get,2026-08-03T09:11:12+00:00
2014-04-21,1352.92011116,https://datacenter-web.eastmoney.com/api/data/v1/get,2026-08-03T09:11:12+00:00
2014-04-22,1354.86243127,https://datacenter-web.eastmoney.com/api/data/v1/get,2026-08-03T09:11:12+00:00
2014-04-23,1352.94175728,https://datacenter-web.eastmoney.com/api/data/v1/get,2026-08-03T09:11:12+00:00
2014-04-24,1352.75532849,https://datacenter-web.eastmoney.com/api/data/v1/get,2026-08-03T09:11:12+00:00
2014-04-25,1344.06598384,https://datacenter-web.eastmoney.com/api/data/v1/get,2026-08-03T09:11:12+00:00
2014-04-28,1338.01873694,https://datacenter-web.eastmoney.com/api/data/v1/get,2026-08-03T09:11:12+00:00
2014-04-29,1330.78486817,https://datacenter-web.eastmoney.com/api/data/v1/get,2026-08-03T09:11:12+00:00
2014-04-30,1317.77501297,https://datacenter-web.eastmoney.com/api/data/v1/get,2026-08-03T09:11:12+00:00
2014-05-05,1321.44419353,https://datacenter-web.eastmoney.com/api/data/v1/get,2026-08-03T09:11:12+00:00
2014-05-06,1325.56981545,https://datacenter-web.eastmoney.com/api/data/v1/get,2026-08-03T09:11:12+00:00
2014-05-07,1323.24345893,https://datacenter-web.eastmoney.com/api/data/v1/get,2026-08-03T09:11:12+00:00
2014-05-08,1323.60616064,https://datacenter-web.eastmoney.com/api/data/v1/get,2026-08-03T09:11:12+00:00
2014-05-09,1320.10438866,https://datacenter-web.eastmoney.com/api/data/v1/get,2026-08-03T09:11:12+00:00
2014-05-12,1324.05875755,https://datacenter-web.eastmoney.com/api/data/v1/get,2026-08-03T09:11:12+00:00
2014-05-13,1326.50109536,https://datacenter-web.eastmoney.com/api/data/v1/get,2026-08-03T09:11:12+00:00
2014-05-14,1325.68689405,https://datacenter-web.eastmoney.com/api/data/v1/get,2026-08-03T09:11:12+00:00
2014-05-15,1323.75602143,https://datacenter-web.eastmoney.com/api/data/v1/get,2026-08-03T09:11:12+00:00
2014-05-16,1318.55897962,https://datacenter-web.eastmoney.com/api/data/v1/get,2026-08-03T09:11:12+00:00
2014-05-19,1315.64116814,https://datacenter-web.eastmoney.com/api/data/v1/get,2026-08-03T09:11:12+00:00
2014-05-20,1312.25946557,https://datacenter-web.eastmoney.com/api/data/v1/get,2026-08-03T09:11:12+00:00
2014-05-21,1314.25531346,https://datacenter-web.eastmoney.com/api/data/v1/get,2026-08-03T09:11:12+00:00
2014-05-22,1311.51919689,https://datacenter-web.eastmoney.com/api/data/v1/get,2026-08-03T09:11:12+00:00
2014-05-23,1306.08288131,https://datacenter-web.eastmoney.com/api/data/v1/get,2026-08-03T09:11:12+00:00
2014-05-26,1309.24185168,https://datacenter-web.eastmoney.com/api/data/v1/get,2026-08-03T09:11:12+00:00
2014-05-27,1308.55393558,https://datacenter-web.eastmoney.com/api/data/v1/get,2026-08-03T09:11:12+00:00
2014-05-28,1311.88336481,https://datacenter-web.eastmoney.com/api/data/v1/get,2026-08-03T09:11:12+00:00
2014-05-29,1315.19772934,https://datacenter-web.eastmoney.com/api/data/v1/get,2026-08-03T09:11:12+00:00
2014-05-30,1311.85022857,https://datacenter-web.eastmoney.com/api/data/v1/get,2026-08-03T09:11:12+00:00
2014-06-03,1313.31394313,https://datacenter-web.eastmoney.com/api/data/v1/get,2026-08-03T09:11:12+00:00
2014-06-04,1319.73265674,https://datacenter-web.eastmoney.com/api/data/v1/get,2026-08-03T09:11:12+00:00
2014-06-05,1319.78587266,https://datacenter-web.eastmoney.com/api/data/v1/get,2026-08-03T09:11:12+00:00
2014-06-06,1319.97487341,https://datacenter-web.eastmoney.com/api/data/v1/get,2026-08-03T09:11:12+00:00
2014-06-09,1324.33746205,https://datacenter-web.eastmoney.com/api/data/v1/get,2026-08-03T09:11:12+00:00
2014-06-10,1326.65627006,https://datacenter-web.eastmoney.com/api/data/v1/get,2026-08-03T09:11:12+00:00
2014-06-11,1327.49429540,https://datacenter-web.eastmoney.com/api/data/v1/get,2026-08-03T09:11:12+00:00
2014-06-12,1331.66994651,https://datacenter-web.eastmoney.com/api/data/v1/get,2026-08-03T09:11:12+00:00
2014-06-13,1332.62832272,https://datacenter-web.eastmoney.com/api/data/v1/get,2026-08-03T09:11:12+00:00
2014-06-16,1343.93068952,https://datacenter-web.eastmoney.com/api/data/v1/get,2026-08-03T09:11:12+00:00
2014-06-17,1362.99717016,https://datacenter-web.eastmoney.com/api/data/v1/get,2026-08-03T09:11:12+00:00
2014-06-18,1378.91876951,https://datacenter-web.eastmoney.com/api/data/v1/get,2026-08-03T09:11:12+00:00
2014-06-19,1383.34689643,https://datacenter-web.eastmoney.com/api/data/v1/get,2026-08-03T09:11:12+00:00
2014-06-20,1382.19049841,https://datacenter-web.eastmoney.com/api/data/v1/get,2026-08-03T09:11:12+00:00
2014-06-23,1382.16533467,https://datacenter-web.eastmoney.com/api/data/v1/get,2026-08-03T09:11:12+00:00
2014-06-24,1381.53448439,https://datacenter-web.eastmoney.com/api/data/v1/get,2026-08-03T09:11:12+00:00
2014-06-25,1386.54302742,https://datacenter-web.eastmoney.com/api/data/v1/get,2026-08-03T09:11:12+00:00
2014-06-26,1387.75464865,https://datacenter-web.eastmoney.com/api/data/v1/get,2026-08-03T09:11:12+00:00
2014-06-27,1385.82906260,https://datacenter-web.eastmoney.com/api/data/v1/get,2026-08-03T09:11:12+00:00
2014-06-30,1396.75360518,https://datacenter-web.eastmoney.com/api/data/v1/get,2026-08-03T09:11:12+00:00
2014-07-01,1403.01846226,https://datacenter-web.eastmoney.com/api/data/v1/get,2026-08-03T09:11:12+00:00
2014-07-02,1412.14732779,https://datacenter-web.eastmoney.com/api/data/v1/get,2026-08-03T09:11:12+00:00
2014-07-03,1424.31849206,https://datacenter-web.eastmoney.com/api/data/v1/get,2026-08-03T09:11:12+00:00
2014-07-04,1430.36468752,https://datacenter-web.eastmoney.com/api/data/v1/get,2026-08-03T09:11:12+00:00
2014-07-07,1447.32310202,https://datacenter-web.eastmoney.com/api/data/v1/get,2026-08-03T09:11:12+00:00
2014-07-08,1460.58741454,https://datacenter-web.eastmoney.com/api/data/v1/get,2026-08-03T09:11:12+00:00
2014-07-09,1468.58751178,https://datacenter-web.eastmoney.com/api/data/v1/get,2026-08-03T09:11:12+00:00
2014-07-10,1479.18438249,https://datacenter-web.eastmoney.com/api/data/v1/get,2026-08-03T09:11:12+00:00
2014-07-11,1484.34713823,https://datacenter-web.eastmoney.com/api/data/v1/get,2026-08-03T09:11:12+00:00
2014-07-14,1497.05817334,https://datacenter-web.eastmoney.com/api/data/v1/get,2026-08-03T09:11:12+00:00
2014-07-15,1503.98955359,https://datacenter-web.eastmoney.com/api/data/v1/get,2026-08-03T09:11:12+00:00
2014-07-16,1511.07413961,https://datacenter-web.eastmoney.com/api/data/v1/get,2026-08-03T09:11:12+00:00
2014-07-17,1514.53736609,https://datacenter-web.eastmoney.com/api/data/v1/get,2026-08-03T09:11:12+00:00
2014-07-18,1506.56631387,https://datacenter-web.eastmoney.com/api/data/v1/get,2026-08-03T09:11:12+00:00
2014-07-21,1511.22355870,https://datacenter-web.eastmoney.com/api/data/v1/get,2026-08-03T09:11:12+00:00
2014-07-22,1514.33243819,https://datacenter-web.eastmoney.com/api/data/v1/get,2026-08-03T09:11:12+00:00
2014-07-23,1528.61324301,https://datacenter-web.eastmoney.com/api/data/v1/get,2026-08-03T09:11:12+00:00
2014-07-24,1535.04405640,https://datacenter-web.eastmoney.com/api/data/v1/get,2026-08-03T09:11:12+00:00
2014-07-25,1534.00798150,https://datacenter-web.eastmoney.com/api/data/v1/get,2026-08-03T09:11:12+00:00
2014-07-28,1522.56189541,https://datacenter-web.eastmoney.com/api/data/v1/get,2026-08-03T09:11:12+00:00
2014-07-29,1528.33431488,https://datacenter-web.eastmoney.com/api/data/v1/get,2026-08-03T09:11:12+00:00
2014-07-30,1545.90068304,https://datacenter-web.eastmoney.com/api/data/v1/get,2026-08-03T09:11:12+00:00
2014-07-31,1565.53677865,https://datacenter-web.eastmoney.com/api/data/v1/get,2026-08-03T09:11:12+00:00
2014-08-01,1564.53118772,https://datacenter-web.eastmoney.com/api/data/v1/get,2026-08-03T09:11:12+00:00
2014-08-04,1577.88137497,https://datacenter-web.eastmoney.com/api/data/v1/get,2026-08-03T09:11:12+00:00
2014-08-05,1590.16516470,https://datacenter-web.eastmoney.com/api/data/v1/get,2026-08-03T09:11:12+00:00
2014-08-06,1605.02620399,https://datacenter-web.eastmoney.com/api/data/v1/get,2026-08-03T09:11:12+00:00
2014-08-07,1615.86436400,https://datacenter-web.eastmoney.com/api/data/v1/get,2026-08-03T09:11:12+00:00
2014-08-08,1617.73588797,https://datacenter-web.eastmoney.com/api/data/v1/get,2026-08-03T09:11:12+00:00
2014-08-11,1628.52733564,https://datacenter-web.eastmoney.com/api/data/v1/get,2026-08-03T09:11:12+00:00
2014-08-12,1649.74841167,https://datacenter-web.eastmoney.com/api/data/v1/get,2026-08-03T09:11:12+00:00
2014-08-13,1674.61113601,https://datacenter-web.eastmoney.com/api/data/v1/get,2026-08-03T09:11:12+00:00
2014-08-14,1691.34129287,https://datacenter-web.eastmoney.com/api/data/v1/get,2026-08-03T09:11:12+00:00
2014-08-15,1694.86106208,https://datacenter-web.eastmoney.com/api/data/v1/get,2026-08-03T09:11:12+00:00
2014-08-18,1717.87204800,https://datacenter-web.eastmoney.com/api/data/v1/get,2026-08-03T09:11:12+00:00
2014-08-19,1728.47992920,https://datacenter-web.eastmoney.com/api/data/v1/get,2026-08-03T09:11:12+00:00
2014-08-20,1747.87344145,https://datacenter-web.eastmoney.com/api/data/v1/get,2026-08-03T09:11:12+00:00
2014-08-21,1767.90093199,https://datacenter-web.eastmoney.com/api/data/v1/get,2026-08-03T09:11:12+00:00
2014-08-22,1775.95643285,https://datacenter-web.eastmoney.com/api/data/v1/get,2026-08-03T09:11:12+00:00
2014-08-25,1797.50871827,https://datacenter-web.eastmoney.com/api/data/v1/get,2026-08-03T09:11:12+00:00
2014-08-26,1816.87145410,https://datacenter-web.eastmoney.com/api/data/v1/get,2026-08-03T09:11:12+00:00
2014-08-27,1832.63199094,https://datacenter-web.eastmoney.com/api/data/v1/get,2026-08-03T09:11:12+00:00
2014-08-28,1861.79508950,https://datacenter-web.eastmoney.com/api/data/v1/get,2026-08-03T09:11:12+00:00
2014-08-29,1870.66201291,https://datacenter-web.eastmoney.com/api/data/v1/get,2026-08-03T09:11:12+00:00
2014-09-01,1891.48341022,https://datacenter-web.eastmoney.com/api/data/v1/get,2026-08-03T09:11:12+00:00
2014-09-02,1889.88952878,https://datacenter-web.eastmoney.com/api/data/v1/get,2026-08-03T09:11:12+00:00
2014-09-03,1891.82008296,https://datacenter-web.eastmoney.com/api/data/v1/get,2026-08-03T09:11:12+00:00
2014-09-04,1915.99924958,https://datacenter-web.eastmoney.com/api/data/v1/get,2026-08-03T09:11:12+00:00
2014-09-05,1922.30401519,https://datacenter-web.eastmoney.com/api/data/v1/get,2026-08-03T09:11:12+00:00
2014-09-09,1949.52306356,https://datacenter-web.eastmoney.com/api/data/v1/get,2026-08-03T09:11:12+00:00
2014-09-10,1978.04122291,https://datacenter-web.eastmoney.com/api/data/v1/get,2026-08-03T09:11:12+00:00
2014-09-11,2006.27702338,https://datacenter-web.eastmoney.com/api/data/v1/get,2026-08-03T09:11:12+00:00
2014-09-12,2017.90280729,https://datacenter-web.eastmoney.com/api/data/v1/get,2026-08-03T09:11:12+00:00
2014-09-15,2054.22474650,https://datacenter-web.eastmoney.com/api/data/v1/get,2026-08-03T09:11:12+00:00
2014-09-16,2067.78495582,https://datacenter-web.eastmoney.com/api/data/v1/get,2026-08-03T09:11:12+00:00
2014-09-17,2081.99324898,https://datacenter-web.eastmoney.com/api/data/v1/get,2026-08-03T09:11:12+00:00
2014-09-18,2093.95171107,https://datacenter-web.eastmoney.com/api/data/v1/get,2026-08-03T09:11:12+00:00
2014-09-19,2096.64826746,https://datacenter-web.eastmoney.com/api/data/v1/get,2026-08-03T09:11:12+00:00
2014-09-22,2133.81690141,https://datacenter-web.eastmoney.com/api/data/v1/get,2026-08-03T09:11:12+00:00
2014-09-23,2164.33330722,https://datacenter-web.eastmoney.com/api/data/v1/get,2026-08-03T09:11:12+00:00
2014-09-24,2216.50790476,https://datacenter-web.eastmoney.com/api/data/v1/get,2026-08-03T09:11:12+00:00
2014-09-25,2256.81032296,https://datacenter-web.eastmoney.com/api/data/v1/get,2026-08-03T09:11:12+00:00
2014-09-26,2272.06882365,https://datacenter-web.eastmoney.com/api/data/v1/get,2026-08-03T09:11:12+00:00
2014-09-29,2263.68010070,https://datacenter-web.eastmoney.com/api/data/v1/get,2026-08-03T09:11:12+00:00
2014-09-30,2211.83132346,https://datacenter-web.eastmoney.com/api/data/v1/get,2026-08-03T09:11:12+00:00
2014-10-08,2282.08036824,https://datacenter-web.eastmoney.com/api/data/v1/get,2026-08-03T09:11:12+00:00
2014-10-09,2327.33934061,https://datacenter-web.eastmoney.com/api/data/v1/get,2026-08-03T09:11:12+00:00
2014-10-10,2352.40705935,https://datacenter-web.eastmoney.com/api/data/v1/get,2026-08-03T09:11:12+00:00
2014-10-13,2387.18075412,https://datacenter-web.eastmoney.com/api/data/v1/get,2026-08-03T09:11:12+00:00
2014-10-14,2410.97505816,https://datacenter-web.eastmoney.com/api/data/v1/get,2026-08-03T09:11:12+00:00
2014-10-15,2437.08517436,https://datacenter-web.eastmoney.com/api/data/v1/get,2026-08-03T09:11:12+00:00
2014-10-16,2440.07042999,https://datacenter-web.eastmoney.com/api/data/v1/get,2026-08-03T09:11:12+00:00
2014-10-17,2439.31556370,https://datacenter-web.eastmoney.com/api/data/v1/get,2026-08-03T09:11:12+00:00
2014-10-20,2452.20110697,https://datacenter-web.eastmoney.com/api/data/v1/get,2026-08-03T09:11:12+00:00
2014-10-21,2463.65692928,https://datacenter-web.eastmoney.com/api/data/v1/get,2026-08-03T09:11:12+00:00
2014-10-22,2478.33277989,https://datacenter-web.eastmoney.com/api/data/v1/get,2026-08-03T09:11:12+00:00
2014-10-23,2503.70954468,https://datacenter-web.eastmoney.com/api/data/v1/get,2026-08-03T09:11:12+00:00
2014-10-24,2513.32983613,https://datacenter-web.eastmoney.com/api/data/v1/get,2026-08-03T09:11:12+00:00
2014-10-27,2529.16459729,https://datacenter-web.eastmoney.com/api/data/v1/get,2026-08-03T09:11:12+00:00
2014-10-28,2513.06469383,https://datacenter-web.eastmoney.com/api/data/v1/get,2026-08-03T09:11:12+00:00
2014-10-29,2518.30402363,https://datacenter-web.eastmoney.com/api/data/v1/get,2026-08-03T09:11:12+00:00
2014-10-30,2533.95341460,https://datacenter-web.eastmoney.com/api/data/v1/get,2026-08-03T09:11:12+00:00
2014-10-31,2532.59536186,https://datacenter-web.eastmoney.com/api/data/v1/get,2026-08-03T09:11:12+00:00
2014-11-03,2556.58025353,https://datacenter-web.eastmoney.com/api/data/v1/get,2026-08-03T09:11:12+00:00
2014-11-04,2582.90310680,https://datacenter-web.eastmoney.com/api/data/v1/get,2026-08-03T09:11:12+00:00
2014-11-05,2605.94884943,https://datacenter-web.eastmoney.com/api/data/v1/get,2026-08-03T09:11:12+00:00
2014-11-06,2619.77486810,https://datacenter-web.eastmoney.com/api/data/v1/get,2026-08-03T09:11:12+00:00
2014-11-07,2622.33726193,https://datacenter-web.eastmoney.com/api/data/v1/get,2026-08-03T09:11:12+00:00
2014-11-10,2635.99380069,https://datacenter-web.eastmoney.com/api/data/v1/get,2026-08-03T09:11:12+00:00
2014-11-11,2643.28693624,https://datacenter-web.eastmoney.com/api/data/v1/get,2026-08-03T09:11:12+00:00
2014-11-12,2649.19682375,https://datacenter-web.eastmoney.com/api/data/v1/get,2026-08-03T09:11:12+00:00
2014-11-13,2656.76217340,https://datacenter-web.eastmoney.com/api/data/v1/get,2026-08-03T09:11:12+00:00
2014-11-14,2661.81873622,https://datacenter-web.eastmoney.com/api/data/v1/get,2026-08-03T09:11:12+00:00
2014-11-17,2673.42627179,https://datacenter-web.eastmoney.com/api/data/v1/get,2026-08-03T09:11:12+00:00
2014-11-18,2683.51515901,https://datacenter-web.eastmoney.com/api/data/v1/get,2026-08-03T09:11:12+00:00
2014-11-19,2694.05793692,https://datacenter-web.eastmoney.com/api/data/v1/get,2026-08-03T09:11:12+00:00
2014-11-20,2707.30793831,https://datacenter-web.eastmoney.com/api/data/v1/get,2026-08-03T09:11:12+00:00
2014-11-21,2716.72855406,https://datacenter-web.eastmoney.com/api/data/v1/get,2026-08-03T09:11:12+00:00
2014-11-24,2784.05738436,https://datacenter-web.eastmoney.com/api/data/v1/get,2026-08-03T09:11:12+00:00
2014-11-25,2834.20919136,https://datacenter-web.eastmoney.com/api/data/v1/get,2026-08-03T09:11:12+00:00
2014-11-26,2875.75797759,https://datacenter-web.eastmoney.com/api/data/v1/get,2026-08-03T09:11:12+00:00
2014-11-27,2880.79438888,https://datacenter-web.eastmoney.com/api/data/v1/get,2026-08-03T09:11:12+00:00
2014-11-28,2899.34216371,https://datacenter-web.eastmoney.com/api/data/v1/get,2026-08-03T09:11:12+00:00
2014-12-01,2931.70546376,https://datacenter-web.eastmoney.com/api/data/v1/get,2026-08-03T09:11:12+00:00
2014-12-02,2945.27445532,https://datacenter-web.eastmoney.com/api/data/v1/get,2026-08-03T09:11:12+00:00
2014-12-03,2975.69545429,https://datacenter-web.eastmoney.com/api/data/v1/get,2026-08-03T09:11:12+00:00
2014-12-04,3041.03426914,https://datacenter-web.eastmoney.com/api/data/v1/get,2026-08-03T09:11:12+00:00
2014-12-05,3056.19301293,https://datacenter-web.eastmoney.com/api/data/v1/get,2026-08-03T09:11:12+00:00
2014-12-08,3120.25936835,https://datacenter-web.eastmoney.com/api/data/v1/get,2026-08-03T09:11:12+00:00
2014-12-09,3144.72401276,https://datacenter-web.eastmoney.com/api/data/v1/get,2026-08-03T09:11:12+00:00
2014-12-10,3148.42016854,https://datacenter-web.eastmoney.com/api/data/v1/get,2026-08-03T09:11:12+00:00
2014-12-11,3171.30122385,https://datacenter-web.eastmoney.com/api/data/v1/get,2026-08-03T09:11:12+00:00
2014-12-12,3173.42860758,https://datacenter-web.eastmoney.com/api/data/v1/get,2026-08-03T09:11:12+00:00
2014-12-15,3205.61784841,https://datacenter-web.eastmoney.com/api/data/v1/get,2026-08-03T09:11:12+00:00
2014-12-16,3239.32822626,https://datacenter-web.eastmoney.com/api/data/v1/get,2026-08-03T09:11:12+00:00
2014-12-17,3284.02340960,https://datacenter-web.eastmoney.com/api/data/v1/get,2026-08-03T09:11:12+00:00
2014-12-18,3305.63940557,https://datacenter-web.eastmoney.com/api/data/v1/get,2026-08-03T09:11:12+00:00
2014-12-19,3328.87991493,https://datacenter-web.eastmoney.com/api/data/v1/get,2026-08-03T09:11:12+00:00
2014-12-22,3331.17999016,https://datacenter-web.eastmoney.com/api/data/v1/get,2026-08-03T09:11:12+00:00
2014-12-23,3308.34683231,https://datacenter-web.eastmoney.com/api/data/v1/get,2026-08-03T09:11:12+00:00
2014-12-24,3285.50084368,https://datacenter-web.eastmoney.com/api/data/v1/get,2026-08-03T09:11:12+00:00
2014-12-25,3276.72264887,https://datacenter-web.eastmoney.com/api/data/v1/get,2026-08-03T09:11:12+00:00
2014-12-26,3274.02063637,https://datacenter-web.eastmoney.com/api/data/v1/get,2026-08-03T09:11:12+00:00
2014-12-29,3297.26505575,https://datacenter-web.eastmoney.com/api/data/v1/get,2026-08-03T09:11:12+00:00
2014-12-30,3292.54424765,https://datacenter-web.eastmoney.com/api/data/v1/get,2026-08-03T09:11:12+00:00
2014-12-31,3270.68013659,https://datacenter-web.eastmoney.com/api/data/v1/get,2026-08-03T09:11:12+00:00
2015-01-05,3295.75457077,https://datacenter-web.eastmoney.com/api/data/v1/get,2026-08-03T09:11:12+00:00
2015-01-06,3303.37451354,https://datacenter-web.eastmoney.com/api/data/v1/get,2026-08-03T09:11:12+00:00
2015-01-07,3335.70682580,https://datacenter-web.eastmoney.com/api/data/v1/get,2026-08-03T09:11:12+00:00
2015-01-08,3345.37113612,https://datacenter-web.eastmoney.com/api/data/v1/get,2026-08-03T09:11:12+00:00
2015-01-09,3340.96183516,https://datacenter-web.eastmoney.com/api/data/v1/get,2026-08-03T09:11:12+00:00
2015-01-12,3360.71465357,https://datacenter-web.eastmoney.com/api/data/v1/get,2026-08-03T09:11:12+00:00
2015-01-13,3372.25655535,https://datacenter-web.eastmoney.com/api/data/v1/get,2026-08-03T09:11:12+00:00
2015-01-14,3412.01284890,https://datacenter-web.eastmoney.com/api/data/v1/get,2026-08-03T09:11:12+00:00
2015-01-15,3437.92509454,https://datacenter-web.eastmoney.com/api/data/v1/get,2026-08-03T09:11:12+00:00
2015-01-16,3447.02543733,https://datacenter-web.eastmoney.com/api/data/v1/get,2026-08-03T09:11:12+00:00
2015-01-19,3408.06323416,https://datacenter-web.eastmoney.com/api/data/v1/get,2026-08-03T09:11:12+00:00
2015-01-20,3401.26356514,https://datacenter-web.eastmoney.com/api/data/v1/get,2026-08-03T09:11:12+00:00
2015-01-21,3410.25863121,https://datacenter-web.eastmoney.com/api/data/v1/get,2026-08-03T09:11:12+00:00
2015-01-22,3442.39309794,https://datacenter-web.eastmoney.com/api/data/v1/get,2026-08-03T09:11:12+00:00
2015-01-23,3459.78090123,https://datacenter-web.eastmoney.com/api/data/v1/get,2026-08-03T09:11:12+00:00
2015-01-26,3487.77876608,https://datacenter-web.eastmoney.com/api/data/v1/get,2026-08-03T09:11:12+00:00
2015-01-27,3507.54154067,https://datacenter-web.eastmoney.com/api/data/v1/get,2026-08-03T09:11:12+00:00
2015-01-28,3518.51747816,https://datacenter-web.eastmoney.com/api/data/v1/get,2026-08-03T09:11:12+00:00
2015-01-29,3527.32777953,https://datacenter-web.eastmoney.com/api/data/v1/get,2026-08-03T09:11:12+00:00
2015-01-30,3519.55320963,https://datacenter-web.eastmoney.com/api/data/v1/get,2026-08-03T09:11:12+00:00
2015-02-02,3525.61010716,https://datacenter-web.eastmoney.com/api/data/v1/get,2026-08-03T09:11:12+00:00
2015-02-03,3529.58981329,https://datacenter-web.eastmoney.com/api/data/v1/get,2026-08-03T09:11:12+00:00
2015-02-04,3547.05059515,https://datacenter-web.eastmoney.com/api/data/v1/get,2026-08-03T09:11:12+00:00
2015-02-05,3573.90541396,https://datacenter-web.eastmoney.com/api/data/v1/get,2026-08-03T09:11:12+00:00
2015-02-06,3585.19133183,https://datacenter-web.eastmoney.com/api/data/v1/get,2026-08-03T09:11:12+00:00
2015-02-09,3610.64738115,https://datacenter-web.eastmoney.com/api/data/v1/get,2026-08-03T09:11:12+00:00
2015-02-10,3662.37990662,https://datacenter-web.eastmoney.com/api/data/v1/get,2026-08-03T09:11:12+00:00
2015-02-11,3688.45039520,https://datacenter-web.eastmoney.com/api/data/v1/get,2026-08-03T09:11:12+00:00
2015-02-12,3688.26323472,https://datacenter-web.eastmoney.com/api/data/v1/get,2026-08-03T09:11:12+00:00
2015-02-13,3600.03378069,https://datacenter-web.eastmoney.com/api/data/v1/get,2026-08-03T09:11:12+00:00
2015-02-16,3596.94721711,https://datacenter-web.eastmoney.com/api/data/v1/get,2026-08-03T09:11:12+00:00
2015-02-17,3523.16072724,https://datacenter-web.eastmoney.com/api/data/v1/get,2026-08-03T09:11:12+00:00
2015-02-25,3646.32460913,https://datacenter-web.eastmoney.com/api/data/v1/get,2026-08-03T09:11:12+00:00
2015-02-26,3686.51595358,https://datacenter-web.eastmoney.com/api/data/v1/get,2026-08-03T09:11:12+00:00
2015-02-27,3715.32933772,https://datacenter-web.eastmoney.com/api/data/v1/get,2026-08-03T09:11:12+00:00
2015-03-02,3796.82012989,https://datacenter-web.eastmoney.com/api/data/v1/get,2026-08-03T09:11:12+00:00
2015-03-03,3876.98010985,https://datacenter-web.eastmoney.com/api/data/v1/get,2026-08-03T09:11:12+00:00
2015-03-04,3934.46997427,https://datacenter-web.eastmoney.com/api/data/v1/get,2026-08-03T09:11:12+00:00
2015-03-05,3997.95847200,https://datacenter-web.eastmoney.com/api/data/v1/get,2026-08-03T09:11:12+00:00
2015-03-06,4023.34159659,https://datacenter-web.eastmoney.com/api/data/v1/get,2026-08-03T09:11:12+00:00
2015-03-09,4067.95907407,https://datacenter-web.eastmoney.com/api/data/v1/get,2026-08-03T09:11:12+00:00
2015-03-10,4139.63887171,https://datacenter-web.eastmoney.com/api/data/v1/get,2026-08-03T09:11:12+00:00
2015-03-11,4220.17577470,https://datacenter-web.eastmoney.com/api/data/v1/get,2026-08-03T09:11:12+00:00
2015-03-12,4301.30407909,https://datacenter-web.eastmoney.com/api/data/v1/get,2026-08-03T09:11:12+00:00
2015-03-13,4315.86133514,https://datacenter-web.eastmoney.com/api/data/v1/get,2026-08-03T09:11:12+00:00
2015-03-16,4300.37375813,https://datacenter-web.eastmoney.com/api/data/v1/get,2026-08-03T09:11:12+00:00
2015-03-17,4326.20976886,https://datacenter-web.eastmoney.com/api/data/v1/get,2026-08-03T09:11:12+00:00
2015-03-18,4390.79318940,https://datacenter-web.eastmoney.com/api/data/v1/get,2026-08-03T09:11:12+00:00
2015-03-19,4451.56834921,https://datacenter-web.eastmoney.com/api/data/v1/get,2026-08-03T09:11:12+00:00
2015-03-20,4499.76925205,https://datacenter-web.eastmoney.com/api/data/v1/get,2026-08-03T09:11:12+00:00
2015-03-23,4564.68114455,https://datacenter-web.eastmoney.com/api/data/v1/get,2026-08-03T09:11:12+00:00
2015-03-24,4651.49520648,https://datacenter-web.eastmoney.com/api/data/v1/get,2026-08-03T09:11:12+00:00
2015-03-25,4755.61580264,https://datacenter-web.eastmoney.com/api/data/v1/get,2026-08-03T09:11:12+00:00
2015-03-26,4800.92915137,https://datacenter-web.eastmoney.com/api/data/v1/get,2026-08-03T09:11:12+00:00
2015-03-27,4840.87216047,https://datacenter-web.eastmoney.com/api/data/v1/get,2026-08-03T09:11:12+00:00
2015-03-30,4891.66892146,https://datacenter-web.eastmoney.com/api/data/v1/get,2026-08-03T09:11:12+00:00
2015-03-31,4937.65560657,https://datacenter-web.eastmoney.com/api/data/v1/get,2026-08-03T09:11:12+00:00
2015-04-01,5024.53651639,https://datacenter-web.eastmoney.com/api/data/v1/get,2026-08-03T09:11:12+00:00
2015-04-02,5099.88379711,https://datacenter-web.eastmoney.com/api/data/v1/get,2026-08-03T09:11:12+00:00
2015-04-03,5166.76930961,https://datacenter-web.eastmoney.com/api/data/v1/get,2026-08-03T09:11:12+00:00
2015-04-07,5272.20275303,https://datacenter-web.eastmoney.com/api/data/v1/get,2026-08-03T09:11:12+00:00
2015-04-08,5341.27452357,https://datacenter-web.eastmoney.com/api/data/v1/get,2026-08-03T09:11:12+00:00
2015-04-09,5422.69865845,https://datacenter-web.eastmoney.com/api/data/v1/get,2026-08-03T09:11:12+00:00
2015-04-10,5494.25865491,https://datacenter-web.eastmoney.com/api/data/v1/get,2026-08-03T09:11:12+00:00
2015-04-13,5592.73638521,https://datacenter-web.eastmoney.com/api/data/v1/get,2026-08-03T09:11:12+00:00
2015-04-14,5669.88822226,https://datacenter-web.eastmoney.com/api/data/v1/get,2026-08-03T09:11:12+00:00
2015-04-15,5753.75934708,https://datacenter-web.eastmoney.com/api/data/v1/get,2026-08-03T09:11:12+00:00
2015-04-16,5803.13399643,https://datacenter-web.eastmoney.com/api/data/v1/get,2026-08-03T09:11:12+00:00
2015-04-17,5759.80304237,https://datacenter-web.eastmoney.com/api/data/v1/get,2026-08-03T09:11:12+00:00
2015-04-20,5738.35282051,https://datacenter-web.eastmoney.com/api/data/v1/get,2026-08-03T09:11:12+00:00
2015-04-21,5765.47480301,https://datacenter-web.eastmoney.com/api/data/v1/get,2026-08-03T09:11:12+00:00
2015-04-22,5790.14805811,https://datacenter-web.eastmoney.com/api/data/v1/get,2026-08-03T09:11:12+00:00
2015-04-23,5839.54018000,https://datacenter-web.eastmoney.com/api/data/v1/get,2026-08-03T09:11:12+00:00
2015-04-24,5881.16857679,https://datacenter-web.eastmoney.com/api/data/v1/get,2026-08-03T09:11:12+00:00
2015-04-27,5953.46164786,https://datacenter-web.eastmoney.com/api/data/v1/get,2026-08-03T09:11:12+00:00
2015-04-28,5978.96481649,https://datacenter-web.eastmoney.com/api/data/v1/get,2026-08-03T09:11:12+00:00
2015-04-29,6040.40735304,https://datacenter-web.eastmoney.com/api/data/v1/get,2026-08-03T09:11:12+00:00
2015-04-30,6066.82432092,https://datacenter-web.eastmoney.com/api/data/v1/get,2026-08-03T09:11:12+00:00
2015-05-04,6159.89564964,https://datacenter-web.eastmoney.com/api/data/v1/get,2026-08-03T09:11:12+00:00
2015-05-05,6232.84032637,https://datacenter-web.eastmoney.com/api/data/v1/get,2026-08-03T09:11:12+00:00
2015-05-06,6310.54246062,https://datacenter-web.eastmoney.com/api/data/v1/get,2026-08-03T09:11:12+00:00
2015-05-07,6341.09844230,https://datacenter-web.eastmoney.com/api/data/v1/get,2026-08-03T09:11:12+00:00
2015-05-08,6299.20926522,https://datacenter-web.eastmoney.com/api/data/v1/get,2026-08-03T09:11:12+00:00
2015-05-11,6348.00787585,https://datacenter-web.eastmoney.com/api/data/v1/get,2026-08-03T09:11:12+00:00
2015-05-12,6385.56990053,https://datacenter-web.eastmoney.com/api/data/v1/get,2026-08-03T09:11:12+00:00
2015-05-13,6486.41272851,https://datacenter-web.eastmoney.com/api/data/v1/get,2026-08-03T09:11:12+00:00
2015-05-14,6549.28816141,https://datacenter-web.eastmoney.com/api/data/v1/get,2026-08-03T09:11:12+00:00
2015-05-15,6585.59612843,https://datacenter-web.eastmoney.com/api/data/v1/get,2026-08-03T09:11:12+00:00
2015-05-18,6688.94577990,https://datacenter-web.eastmoney.com/api/data/v1/get,2026-08-03T09:11:12+00:00
2015-05-19,6826.34693915,https://datacenter-web.eastmoney.com/api/data/v1/get,2026-08-03T09:11:12+00:00
2015-05-20,6957.32198743,https://datacenter-web.eastmoney.com/api/data/v1/get,2026-08-03T09:11:12+00:00
2015-05-21,7036.03611405,https://datacenter-web.eastmoney.com/api/data/v1/get,2026-08-03T09:11:12+00:00
2015-05-22,6994.21477055,https://datacenter-web.eastmoney.com/api/data/v1/get,2026-08-03T09:11:12+00:00
2015-05-25,7047.70029656,https://datacenter-web.eastmoney.com/api/data/v1/get,2026-08-03T09:11:12+00:00
2015-05-26,7131.50293302,https://datacenter-web.eastmoney.com/api/data/v1/get,2026-08-03T09:11:12+00:00
2015-05-27,7183.18501558,https://datacenter-web.eastmoney.com/api/data/v1/get,2026-08-03T09:11:12+00:00
2015-05-28,7220.38309273,https://datacenter-web.eastmoney.com/api/data/v1/get,2026-08-03T09:11:12+00:00
2015-05-29,7236.71219259,https://datacenter-web.eastmoney.com/api/data/v1/get,2026-08-03T09:11:12+00:00
2015-06-01,7330.07153665,https://datacenter-web.eastmoney.com/api/data/v1/get,2026-08-03T09:11:12+00:00
2015-06-02,7422.14105246,https://datacenter-web.eastmoney.com/api/data/v1/get,2026-08-03T09:11:12+00:00
2015-06-03,7470.86620524,https://datacenter-web.eastmoney.com/api/data/v1/get,2026-08-03T09:11:12+00:00
2015-06-04,7522.90936643,https://datacenter-web.eastmoney.com/api/data/v1/get,2026-08-03T09:11:12+00:00
2015-06-05,7481.57582936,https://datacenter-web.eastmoney.com/api/data/v1/get,2026-08-03T09:11:12+00:00
2015-06-08,7464.42467724,https://datacenter-web.eastmoney.com/api/data/v1/get,2026-08-03T09:11:12+00:00
2015-06-09,7484.77647040,https://datacenter-web.eastmoney.com/api/data/v1/get,2026-08-03T09:11:12+00:00
2015-06-10,7549.30196763,https://datacenter-web.eastmoney.com/api/data/v1/get,2026-08-03T09:11:12+00:00
2015-06-11,7619.79456459,https://datacenter-web.eastmoney.com/api/data/v1/get,2026-08-03T09:11:12+00:00
2015-06-12,7671.22163366,https://datacenter-web.eastmoney.com/api/data/v1/get,2026-08-03T09:11:12+00:00
2015-06-15,7711.59310316,https://datacenter-web.eastmoney.com/api/data/v1/get,2026-08-03T09:11:12+00:00
2015-06-16,7754.94763565,https://datacenter-web.eastmoney.com/api/data/v1/get,2026-08-03T09:11:12+00:00
2015-06-17,7799.39203269,https://datacenter-web.eastmoney.com/api/data/v1/get,2026-08-03T09:11:12+00:00
2015-06-18,7837.24333715,https://datacenter-web.eastmoney.com/api/data/v1/get,2026-08-03T09:11:12+00:00
2015-06-19,7817.85835539,https://datacenter-web.eastmoney.com/api/data/v1/get,2026-08-03T09:11:12+00:00
2015-06-23,7779.39378393,https://datacenter-web.eastmoney.com/api/data/v1/get,2026-08-03T09:11:12+00:00
2015-06-24,7666.27175015,https://datacenter-web.eastmoney.com/api/data/v1/get,2026-08-03T09:11:12+00:00
2015-06-25,7585.93917931,https://datacenter-web.eastmoney.com/api/data/v1/get,2026-08-03T09:11:12+00:00
2015-06-26,7387.07126516,https://datacenter-web.eastmoney.com/api/data/v1/get,2026-08-03T09:11:12+00:00
2015-06-29,7236.44734435,https://datacenter-web.eastmoney.com/api/data/v1/get,2026-08-03T09:11:12+00:00
2015-06-30,7091.62691967,https://datacenter-web.eastmoney.com/api/data/v1/get,2026-08-03T09:11:12+00:00
2015-07-01,7017.49001117,https://datacenter-web.eastmoney.com/api/data/v1/get,2026-08-03T09:11:12+00:00
2015-07-02,6858.37823740,https://datacenter-web.eastmoney.com/api/data/v1/get,2026-08-03T09:11:12+00:00
2015-07-03,6617.71568517,https://datacenter-web.eastmoney.com/api/data/v1/get,2026-08-03T09:11:12+00:00
2015-07-06,6190.37358022,https://datacenter-web.eastmoney.com/api/data/v1/get,2026-08-03T09:11:12+00:00
2015-07-07,5730.04327197,https://datacenter-web.eastmoney.com/api/data/v1/get,2026-08-03T09:11:12+00:00
2015-07-08,5152.12343591,https://datacenter-web.eastmoney.com/api/data/v1/get,2026-08-03T09:11:12+00:00
2015-07-09,5101.59216727,https://datacenter-web.eastmoney.com/api/data/v1/get,2026-08-03T09:11:12+00:00
2015-07-10,5059.45776955,https://datacenter-web.eastmoney.com/api/data/v1/get,2026-08-03T09:11:12+00:00
2015-07-13,5027.05215185,https://datacenter-web.eastmoney.com/api/data/v1/get,2026-08-03T09:11:12+00:00
2015-07-14,5021.65088913,https://datacenter-web.eastmoney.com/api/data/v1/get,2026-08-03T09:11:12+00:00
2015-07-15,4993.70428784,https://datacenter-web.eastmoney.com/api/data/v1/get,2026-08-03T09:11:12+00:00
2015-07-16,5002.71915831,https://datacenter-web.eastmoney.com/api/data/v1/get,2026-08-03T09:11:12+00:00
2015-07-17,5042.55441761,https://datacenter-web.eastmoney.com/api/data/v1/get,2026-08-03T09:11:12+00:00
2015-07-20,5024.82065141,https://datacenter-web.eastmoney.com/api/data/v1/get,2026-08-03T09:11:12+00:00
2015-07-21,5040.55215370,https://datacenter-web.eastmoney.com/api/data/v1/get,2026-08-03T09:11:12+00:00
2015-07-22,5075.35705730,https://datacenter-web.eastmoney.com/api/data/v1/get,2026-08-03T09:11:12+00:00
2015-07-23,5140.57673710,https://datacenter-web.eastmoney.com/api/data/v1/get,2026-08-03T09:11:12+00:00
2015-07-24,5135.99336968,https://datacenter-web.eastmoney.com/api/data/v1/get,2026-08-03T09:11:12+00:00
2015-07-27,5075.51673784,https://datacenter-web.eastmoney.com/api/data/v1/get,2026-08-03T09:11:12+00:00
2015-07-28,4918.38698549,https://datacenter-web.eastmoney.com/api/data/v1/get,2026-08-03T09:11:12+00:00
2015-07-29,4874.38624110,https://datacenter-web.eastmoney.com/api/data/v1/get,2026-08-03T09:11:12+00:00
2015-07-30,4862.49919886,https://datacenter-web.eastmoney.com/api/data/v1/get,2026-08-03T09:11:12+00:00
2015-07-31,4754.46028932,https://datacenter-web.eastmoney.com/api/data/v1/get,2026-08-03T09:11:12+00:00
2015-08-03,4613.34491176,https://datacenter-web.eastmoney.com/api/data/v1/get,2026-08-03T09:11:12+00:00
2015-08-04,4672.69519933,https://datacenter-web.eastmoney.com/api/data/v1/get,2026-08-03T09:11:12+00:00
2015-08-05,4668.10514866,https://datacenter-web.eastmoney.com/api/data/v1/get,2026-08-03T09:11:12+00:00
2015-08-06,4655.55351702,https://datacenter-web.eastmoney.com/api/data/v1/get,2026-08-03T09:11:12+00:00
2015-08-07,4686.03376994,https://datacenter-web.eastmoney.com/api/data/v1/get,2026-08-03T09:11:12+00:00
2015-08-10,4759.81646428,https://datacenter-web.eastmoney.com/api/data/v1/get,2026-08-03T09:11:12+00:00
2015-08-11,4810.40889023,https://datacenter-web.eastmoney.com/api/data/v1/get,2026-08-03T09:11:12+00:00
2015-08-12,4818.86311617,https://datacenter-web.eastmoney.com/api/data/v1/get,2026-08-03T09:11:12+00:00
2015-08-13,4866.95514736,https://datacenter-web.eastmoney.com/api/data/v1/get,2026-08-03T09:11:12+00:00
2015-08-14,4887.66646815,https://datacenter-web.eastmoney.com/api/data/v1/get,2026-08-03T09:11:12+00:00
2015-08-17,4947.23065282,https://datacenter-web.eastmoney.com/api/data/v1/get,2026-08-03T09:11:12+00:00
2015-08-18,4888.23492890,https://datacenter-web.eastmoney.com/api/data/v1/get,2026-08-03T09:11:12+00:00
2015-08-19,4864.40616365,https://datacenter-web.eastmoney.com/api/data/v1/get,2026-08-03T09:11:12+00:00
2015-08-20,4845.84219079,https://datacenter-web.eastmoney.com/api/data/v1/get,2026-08-03T09:11:12+00:00
2015-08-21,4750.23987344,https://datacenter-web.eastmoney.com/api/data/v1/get,2026-08-03T09:11:12+00:00
2015-08-24,4495.43942965,https://datacenter-web.eastmoney.com/api/data/v1/get,2026-08-03T09:11:12+00:00
2015-08-25,4196.53124847,https://datacenter-web.eastmoney.com/api/data/v1/get,2026-08-03T09:11:12+00:00
2015-08-26,4013.01348852,https://datacenter-web.eastmoney.com/api/data/v1/get,2026-08-03T09:11:12+00:00
2015-08-27,3895.23776632,https://datacenter-web.eastmoney.com/api/data/v1/get,2026-08-03T09:11:12+00:00
2015-08-28,3891.19575750,https://datacenter-web.eastmoney.com/api/data/v1/get,2026-08-03T09:11:12+00:00
2015-08-31,3828.32812309,https://datacenter-web.eastmoney.com/api/data/v1/get,2026-08-03T09:11:12+00:00
2015-09-01,3693.85950822,https://datacenter-web.eastmoney.com/api/data/v1/get,2026-08-03T09:11:12+00:00
2015-09-02,3528.87786561,https://datacenter-web.eastmoney.com/api/data/v1/get,2026-08-03T09:11:12+00:00
2015-09-07,3595.44041278,https://datacenter-web.eastmoney.com/api/data/v1/get,2026-08-03T09:11:12+00:00
2015-09-08,3596.32889283,https://datacenter-web.eastmoney.com/api/data/v1/get,2026-08-03T09:11:12+00:00
2015-09-09,3649.74955542,https://datacenter-web.eastmoney.com/api/data/v1/get,2026-08-03T09:11:12+00:00
2015-09-10,3643.09103755,https://datacenter-web.eastmoney.com/api/data/v1/get,2026-08-03T09:11:12+00:00
2015-09-11,3629.93260509,https://datacenter-web.eastmoney.com/api/data/v1/get,2026-08-03T09:11:12+00:00
2015-09-14,3535.18510882,https://datacenter-web.eastmoney.com/api/data/v1/get,2026-08-03T09:11:12+00:00
2015-09-15,3456.06919457,https://datacenter-web.eastmoney.com/api/data/v1/get,2026-08-03T09:11:12+00:00
2015-09-16,3470.00896835,https://datacenter-web.eastmoney.com/api/data/v1/get,2026-08-03T09:11:12+00:00
2015-09-17,3478.68983179,https://datacenter-web.eastmoney.com/api/data/v1/get,2026-08-03T09:11:12+00:00
2015-09-18,3472.84755690,https://datacenter-web.eastmoney.com/api/data/v1/get,2026-08-03T09:11:12+00:00
2015-09-21,3482.83136964,https://datacenter-web.eastmoney.com/api/data/v1/get,2026-08-03T09:11:12+00:00
2015-09-22,3483.73107279,https://datacenter-web.eastmoney.com/api/data/v1/get,2026-08-03T09:11:12+00:00
2015-09-23,3488.62246310,https://datacenter-web.eastmoney.com/api/data/v1/get,2026-08-03T09:11:12+00:00
2015-09-24,3491.52980691,https://datacenter-web.eastmoney.com/api/data/v1/get,2026-08-03T09:11:12+00:00
2015-09-25,3455.38288563,https://datacenter-web.eastmoney.com/api/data/v1/get,2026-08-03T09:11:12+00:00
2015-09-28,3476.71486613,https://datacenter-web.eastmoney.com/api/data/v1/get,2026-08-03T09:11:12+00:00
2015-09-29,3448.64615171,https://datacenter-web.eastmoney.com/api/data/v1/get,2026-08-03T09:11:12+00:00
2015-09-30,3389.43286646,https://datacenter-web.eastmoney.com/api/data/v1/get,2026-08-03T09:11:12+00:00
2015-10-08,3461.11855937,https://datacenter-web.eastmoney.com/api/data/v1/get,2026-08-03T09:11:12+00:00
2015-10-09,3470.51753251,https://datacenter-web.eastmoney.com/api/data/v1/get,2026-08-03T09:11:12+00:00
2015-10-12,3541.87268018,https://datacenter-web.eastmoney.com/api/data/v1/get,2026-08-03T09:11:12+00:00
2015-10-13,3570.98825623,https://datacenter-web.eastmoney.com/api/data/v1/get,2026-08-03T09:11:12+00:00
2015-10-14,3593.91915344,https://datacenter-web.eastmoney.com/api/data/v1/get,2026-08-03T09:11:12+00:00
2015-10-15,3652.24067914,https://datacenter-web.eastmoney.com/api/data/v1/get,2026-08-03T09:11:12+00:00
2015-10-16,3673.28852147,https://datacenter-web.eastmoney.com/api/data/v1/get,2026-08-03T09:11:12+00:00
2015-10-19,3737.65462867,https://datacenter-web.eastmoney.com/api/data/v1/get,2026-08-03T09:11:12+00:00
2015-10-20,3785.28574870,https://datacenter-web.eastmoney.com/api/data/v1/get,2026-08-03T09:11:12+00:00
2015-10-21,3754.89901292,https://datacenter-web.eastmoney.com/api/data/v1/get,2026-08-03T09:11:12+00:00
2015-10-22,3834.48706603,https://datacenter-web.eastmoney.com/api/data/v1/get,2026-08-03T09:11:12+00:00
2015-10-23,3889.16141368,https://datacenter-web.eastmoney.com/api/data/v1/get,2026-08-03T09:11:12+00:00
2015-10-26,3955.52150573,https://datacenter-web.eastmoney.com/api/data/v1/get,2026-08-03T09:11:12+00:00
2015-10-27,3996.09225675,https://datacenter-web.eastmoney.com/api/data/v1/get,2026-08-03T09:11:12+00:00
2015-10-28,3993.96345382,https://datacenter-web.eastmoney.com/api/data/v1/get,2026-08-03T09:11:12+00:00
2015-10-29,4037.37426794,https://datacenter-web.eastmoney.com/api/data/v1/get,2026-08-03T09:11:12+00:00
2015-10-30,4033.45548720,https://datacenter-web.eastmoney.com/api/data/v1/get,2026-08-03T09:11:12+00:00
2015-11-02,4031.44003168,https://datacenter-web.eastmoney.com/api/data/v1/get,2026-08-03T09:11:12+00:00
2015-11-03,4043.15324117,https://datacenter-web.eastmoney.com/api/data/v1/get,2026-08-03T09:11:12+00:00
2015-11-04,4130.02696228,https://datacenter-web.eastmoney.com/api/data/v1/get,2026-08-03T09:11:12+00:00
2015-11-05,4187.30772360,https://datacenter-web.eastmoney.com/api/data/v1/get,2026-08-03T09:11:12+00:00
2015-11-06,4234.87140458,https://datacenter-web.eastmoney.com/api/data/v1/get,2026-08-03T09:11:12+00:00
2015-11-09,4351.88104397,https://datacenter-web.eastmoney.com/api/data/v1/get,2026-08-03T09:11:12+00:00
2015-11-10,4422.88018676,https://datacenter-web.eastmoney.com/api/data/v1/get,2026-08-03T09:11:12+00:00
2015-11-11,4513.24319084,https://datacenter-web.eastmoney.com/api/data/v1/get,2026-08-03T09:11:12+00:00
2015-11-12,4590.02047278,https://datacenter-web.eastmoney.com/api/data/v1/get,2026-08-03T09:11:12+00:00
2015-11-13,4601.87358032,https://datacenter-web.eastmoney.com/api/data/v1/get,2026-08-03T09:11:12+00:00
2015-11-16,4671.76090609,https://datacenter-web.eastmoney.com/api/data/v1/get,2026-08-03T09:11:12+00:00
2015-11-17,4753.81816828,https://datacenter-web.eastmoney.com/api/data/v1/get,2026-08-03T09:11:12+00:00
2015-11-18,4773.49511755,https://datacenter-web.eastmoney.com/api/data/v1/get,2026-08-03T09:11:12+00:00
2015-11-19,4856.44150604,https://datacenter-web.eastmoney.com/api/data/v1/get,2026-08-03T09:11:12+00:00
2015-11-20,4914.40514083,https://datacenter-web.eastmoney.com/api/data/v1/get,2026-08-03T09:11:12+00:00
2015-11-23,4901.47834279,https://datacenter-web.eastmoney.com/api/data/v1/get,2026-08-03T09:11:12+00:00
2015-11-24,4928.29839713,https://datacenter-web.eastmoney.com/api/data/v1/get,2026-08-03T09:11:12+00:00
2015-11-25,4963.04416380,https://datacenter-web.eastmoney.com/api/data/v1/get,2026-08-03T09:11:12+00:00
2015-11-26,4957.78002956,https://datacenter-web.eastmoney.com/api/data/v1/get,2026-08-03T09:11:12+00:00
2015-11-27,4867.36416738,https://datacenter-web.eastmoney.com/api/data/v1/get,2026-08-03T09:11:12+00:00
2015-11-30,4875.43764636,https://datacenter-web.eastmoney.com/api/data/v1/get,2026-08-03T09:11:12+00:00
2015-12-01,4876.67944960,https://datacenter-web.eastmoney.com/api/data/v1/get,2026-08-03T09:11:12+00:00
2015-12-02,4850.85117143,https://datacenter-web.eastmoney.com/api/data/v1/get,2026-08-03T09:11:12+00:00
2015-12-03,4837.30213419,https://datacenter-web.eastmoney.com/api/data/v1/get,2026-08-03T09:11:12+00:00
2015-12-04,4749.77818244,https://datacenter-web.eastmoney.com/api/data/v1/get,2026-08-03T09:11:12+00:00
2015-12-07,4746.30636414,https://datacenter-web.eastmoney.com/api/data/v1/get,2026-08-03T09:11:12+00:00
2015-12-08,4720.48221063,https://datacenter-web.eastmoney.com/api/data/v1/get,2026-08-03T09:11:12+00:00
2015-12-09,4722.49644756,https://datacenter-web.eastmoney.com/api/data/v1/get,2026-08-03T09:11:12+00:00
2015-12-10,4718.63708372,https://datacenter-web.eastmoney.com/api/data/v1/get,2026-08-03T09:11:12+00:00
2015-12-11,4720.08128192,https://datacenter-web.eastmoney.com/api/data/v1/get,2026-08-03T09:11:12+00:00
2015-12-14,4785.58726084,https://datacenter-web.eastmoney.com/api/data/v1/get,2026-08-03T09:11:12+00:00
2015-12-15,4817.13512936,https://datacenter-web.eastmoney.com/api/data/v1/get,2026-08-03T09:11:12+00:00
2015-12-16,4843.82867758,https://datacenter-web.eastmoney.com/api/data/v1/get,2026-08-03T09:11:12+00:00
2015-12-17,4851.13301374,https://datacenter-web.eastmoney.com/api/data/v1/get,2026-08-03T09:11:12+00:00
2015-12-18,4860.32494977,https://datacenter-web.eastmoney.com/api/data/v1/get,2026-08-03T09:11:12+00:00
2015-12-21,4904.68237765,https://datacenter-web.eastmoney.com/api/data/v1/get,2026-08-03T09:11:12+00:00
2015-12-22,4958.90928603,https://datacenter-web.eastmoney.com/api/data/v1/get,2026-08-03T09:11:12+00:00
2015-12-23,5008.68791669,https://datacenter-web.eastmoney.com/api/data/v1/get,2026-08-03T09:11:12+00:00
2015-12-24,5040.24962717,https://datacenter-web.eastmoney.com/api/data/v1/get,2026-08-03T09:11:12+00:00
2015-12-25,5047.72214499,https://datacenter-web.eastmoney.com/api/data/v1/get,2026-08-03T09:11:12+00:00
2015-12-28,4956.35892706,https://datacenter-web.eastmoney.com/api/data/v1/get,2026-08-03T09:11:12+00:00
2015-12-29,4970.70382702,https://datacenter-web.eastmoney.com/api/data/v1/get,2026-08-03T09:11:12+00:00
2015-12-30,4977.04960328,https://datacenter-web.eastmoney.com/api/data/v1/get,2026-08-03T09:11:12+00:00
2015-12-31,4907.84946519,https://datacenter-web.eastmoney.com/api/data/v1/get,2026-08-03T09:11:12+00:00
2016-01-04,4845.75797895,https://datacenter-web.eastmoney.com/api/data/v1/get,2026-07-22T01:02:21+00:00
2016-01-05,4750.37821454,https://datacenter-web.eastmoney.com/api/data/v1/get,2026-07-22T01:02:21+00:00
2016-01-06,4719.11650743,https://datacenter-web.eastmoney.com/api/data/v1/get,2026-07-22T01:02:21+00:00
2016-01-07,4664.43947090,https://datacenter-web.eastmoney.com/api/data/v1/get,2026-07-22T01:02:21+00:00
2016-01-08,4556.63747282,https://datacenter-web.eastmoney.com/api/data/v1/get,2026-07-22T01:02:21+00:00
2016-01-11,4398.19813926,https://datacenter-web.eastmoney.com/api/data/v1/get,2026-07-22T01:02:21+00:00
2016-01-12,4322.50707788,https://datacenter-web.eastmoney.com/api/data/v1/get,2026-07-22T01:02:21+00:00
2016-01-13,4235.30065764,https://datacenter-web.eastmoney.com/api/data/v1/get,2026-07-22T01:02:21+00:00
2016-01-14,4200.59853764,https://datacenter-web.eastmoney.com/api/data/v1/get,2026-07-22T01:02:21+00:00
2016-01-15,4120.17156874,https://datacenter-web.eastmoney.com/api/data/v1/get,2026-07-22T01:02:21+00:00
2016-01-18,4129.08216832,https://datacenter-web.eastmoney.com/api/data/v1/get,2026-07-22T01:02:21+00:00
2016-01-19,4119.26731181,https://datacenter-web.eastmoney.com/api/data/v1/get,2026-07-22T01:02:21+00:00
2016-01-20,4095.86464227,https://datacenter-web.eastmoney.com/api/data/v1/get,2026-07-22T01:02:21+00:00
2016-01-21,4052.70608058,https://datacenter-web.eastmoney.com/api/data/v1/get,2026-07-22T01:02:21+00:00
2016-01-22,4043.18829793,https://datacenter-web.eastmoney.com/api/data/v1/get,2026-07-22T01:02:21+00:00
2016-01-25,4022.03566211,https://datacenter-web.eastmoney.com/api/data/v1/get,2026-07-22T01:02:21+00:00
2016-01-26,3920.46422005,https://datacenter-web.eastmoney.com/api/data/v1/get,2026-07-22T01:02:21+00:00
2016-01-27,3833.90619246,https://datacenter-web.eastmoney.com/api/data/v1/get,2026-07-22T01:02:21+00:00
2016-01-28,3759.98689752,https://datacenter-web.eastmoney.com/api/data/v1/get,2026-07-22T01:02:21+00:00
2016-01-29,3740.74144236,https://datacenter-web.eastmoney.com/api/data/v1/get,2026-07-22T01:02:21+00:00
2016-02-01,3692.46465622,https://datacenter-web.eastmoney.com/api/data/v1/get,2026-07-22T01:02:21+00:00
2016-02-02,3692.58699665,https://datacenter-web.eastmoney.com/api/data/v1/get,2026-07-22T01:02:21+00:00
2016-02-03,3663.39438448,https://datacenter-web.eastmoney.com/api/data/v1/get,2026-07-22T01:02:21+00:00
2016-02-04,3640.55761650,https://datacenter-web.eastmoney.com/api/data/v1/get,2026-07-22T01:02:21+00:00
2016-02-05,3558.41975713,https://datacenter-web.eastmoney.com/api/data/v1/get,2026-07-22T01:02:21+00:00
2016-02-15,3579.97001779,https://datacenter-web.eastmoney.com/api/data/v1/get,2026-07-22T01:02:21+00:00
2016-02-16,3607.65112587,https://datacenter-web.eastmoney.com/api/data/v1/get,2026-07-22T01:02:21+00:00
2016-02-17,3615.81753584,https://datacenter-web.eastmoney.com/api/data/v1/get,2026-07-22T01:02:21+00:00
2016-02-18,3633.38319105,https://datacenter-web.eastmoney.com/api/data/v1/get,2026-07-22T01:02:21+00:00
2016-02-19,3639.28803190,https://datacenter-web.eastmoney.com/api/data/v1/get,2026-07-22T01:02:21+00:00
2016-02-22,3658.96479440,https://datacenter-web.eastmoney.com/api/data/v1/get,2026-07-22T01:02:21+00:00
2016-02-23,3657.62933506,https://datacenter-web.eastmoney.com/api/data/v1/get,2026-07-22T01:02:21+00:00
2016-02-24,3665.48524791,https://datacenter-web.eastmoney.com/api/data/v1/get,2026-07-22T01:02:21+00:00
2016-02-25,3598.70572258,https://datacenter-web.eastmoney.com/api/data/v1/get,2026-07-22T01:02:21+00:00
2016-02-26,3576.25014971,https://datacenter-web.eastmoney.com/api/data/v1/get,2026-07-22T01:02:21+00:00
2016-02-29,3498.30134491,https://datacenter-web.eastmoney.com/api/data/v1/get,2026-07-22T01:02:21+00:00
2016-03-01,3484.07484917,https://datacenter-web.eastmoney.com/api/data/v1/get,2026-07-22T01:02:21+00:00
2016-03-02,3500.26780836,https://datacenter-web.eastmoney.com/api/data/v1/get,2026-07-22T01:02:21+00:00
2016-03-03,3511.66323022,https://datacenter-web.eastmoney.com/api/data/v1/get,2026-07-22T01:02:21+00:00
2016-03-04,3462.75888727,https://datacenter-web.eastmoney.com/api/data/v1/get,2026-07-22T01:02:21+00:00
2016-03-07,3483.22401889,https://datacenter-web.eastmoney.com/api/data/v1/get,2026-07-22T01:02:21+00:00
2016-03-08,3480.89980926,https://datacenter-web.eastmoney.com/api/data/v1/get,2026-07-22T01:02:21+00:00
2016-03-09,3465.10690799,https://datacenter-web.eastmoney.com/api/data/v1/get,2026-07-22T01:02:21+00:00
2016-03-10,3447.11535606,https://datacenter-web.eastmoney.com/api/data/v1/get,2026-07-22T01:02:21+00:00
2016-03-11,3436.58632343,https://datacenter-web.eastmoney.com/api/data/v1/get,2026-07-22T01:02:21+00:00
2016-03-14,3469.37834506,https://datacenter-web.eastmoney.com/api/data/v1/get,2026-07-22T01:02:21+00:00
2016-03-15,3448.17356623,https://datacenter-web.eastmoney.com/api/data/v1/get,2026-07-22T01:02:21+00:00
2016-03-16,3433.03261117,https://datacenter-web.eastmoney.com/api/data/v1/get,2026-07-22T01:02:21+00:00
2016-03-17,3488.91009503,https://datacenter-web.eastmoney.com/api/data/v1/get,2026-07-22T01:02:21+00:00
2016-03-18,3503.10906516,https://datacenter-web.eastmoney.com/api/data/v1/get,2026-07-22T01:02:21+00:00
2016-03-21,3575.79425537,https://datacenter-web.eastmoney.com/api/data/v1/get,2026-07-22T01:02:21+00:00
2016-03-22,3606.48135772,https://datacenter-web.eastmoney.com/api/data/v1/get,2026-07-22T01:02:21+00:00
2016-03-23,3636.09348818,https://datacenter-web.eastmoney.com/api/data/v1/get,2026-07-22T01:02:21+00:00
2016-03-24,3637.16545508,https://datacenter-web.eastmoney.com/api/data/v1/get,2026-07-22T01:02:21+00:00
2016-03-25,3650.99695805,https://datacenter-web.eastmoney.com/api/data/v1/get,2026-07-22T01:02:21+00:00
2016-03-28,3656.10965603,https://datacenter-web.eastmoney.com/api/data/v1/get,2026-07-22T01:02:21+00:00
2016-03-29,3649.85120846,https://datacenter-web.eastmoney.com/api/data/v1/get,2026-07-22T01:02:21+00:00
2016-03-30,3681.48068413,https://datacenter-web.eastmoney.com/api/data/v1/get,2026-07-22T01:02:21+00:00
2016-03-31,3685.48596100,https://datacenter-web.eastmoney.com/api/data/v1/get,2026-07-22T01:02:21+00:00
2016-04-01,3657.14382586,https://datacenter-web.eastmoney.com/api/data/v1/get,2026-07-22T01:02:21+00:00
2016-04-05,3720.17861270,https://datacenter-web.eastmoney.com/api/data/v1/get,2026-07-22T01:02:21+00:00
2016-04-06,3735.65116504,https://datacenter-web.eastmoney.com/api/data/v1/get,2026-07-22T01:02:21+00:00
2016-04-07,3738.34350901,https://datacenter-web.eastmoney.com/api/data/v1/get,2026-07-22T01:02:21+00:00
2016-04-08,3725.18701480,https://datacenter-web.eastmoney.com/api/data/v1/get,2026-07-22T01:02:21+00:00
2016-04-11,3753.49331104,https://datacenter-web.eastmoney.com/api/data/v1/get,2026-07-22T01:02:21+00:00
2016-04-12,3736.03530094,https://datacenter-web.eastmoney.com/api/data/v1/get,2026-07-22T01:02:21+00:00
2016-04-13,3781.12662549,https://datacenter-web.eastmoney.com/api/data/v1/get,2026-07-22T01:02:21+00:00
2016-04-14,3796.79462135,https://datacenter-web.eastmoney.com/api/data/v1/get,2026-07-22T01:02:21+00:00
2016-04-15,3775.18994981,https://datacenter-web.eastmoney.com/api/data/v1/get,2026-07-22T01:02:21+00:00
2016-04-18,3777.14949618,https://datacenter-web.eastmoney.com/api/data/v1/get,2026-07-22T01:02:21+00:00
2016-04-19,3785.02459243,https://datacenter-web.eastmoney.com/api/data/v1/get,2026-07-22T01:02:21+00:00
2016-04-20,3716.93908395,https://datacenter-web.eastmoney.com/api/data/v1/get,2026-07-22T01:02:21+00:00
2016-04-21,3692.54391138,https://datacenter-web.eastmoney.com/api/data/v1/get,2026-07-22T01:02:21+00:00
2016-04-22,3681.07349131,https://datacenter-web.eastmoney.com/api/data/v1/get,2026-07-22T01:02:21+00:00
2016-04-25,3671.02577538,https://datacenter-web.eastmoney.com/api/data/v1/get,2026-07-22T01:02:21+00:00
2016-04-26,3670.02748117,https://datacenter-web.eastmoney.com/api/data/v1/get,2026-07-22T01:02:21+00:00
2016-04-27,3657.76987603,https://datacenter-web.eastmoney.com/api/data/v1/get,2026-07-22T01:02:21+00:00
2016-04-28,3657.13057297,https://datacenter-web.eastmoney.com/api/data/v1/get,2026-07-22T01:02:21+00:00
2016-04-29,3625.80921065,https://datacenter-web.eastmoney.com/api/data/v1/get,2026-07-22T01:02:21+00:00
2016-05-03,3676.01137663,https://datacenter-web.eastmoney.com/api/data/v1/get,2026-07-22T01:02:21+00:00
2016-05-04,3683.13132399,https://datacenter-web.eastmoney.com/api/data/v1/get,2026-07-22T01:02:21+00:00
2016-05-05,3706.76028861,https://datacenter-web.eastmoney.com/api/data/v1/get,2026-07-22T01:02:21+00:00
2016-05-06,3649.25800070,https://datacenter-web.eastmoney.com/api/data/v1/get,2026-07-22T01:02:21+00:00
2016-05-09,3623.28280543,https://datacenter-web.eastmoney.com/api/data/v1/get,2026-07-22T01:02:21+00:00
2016-05-10,3593.71542888,https://datacenter-web.eastmoney.com/api/data/v1/get,2026-07-22T01:02:21+00:00
2016-05-11,3569.80879054,https://datacenter-web.eastmoney.com/api/data/v1/get,2026-07-22T01:02:21+00:00
2016-05-12,3558.42773920,https://datacenter-web.eastmoney.com/api/data/v1/get,2026-07-22T01:02:21+00:00
2016-05-13,3530.56277657,https://datacenter-web.eastmoney.com/api/data/v1/get,2026-07-22T01:02:21+00:00
2016-05-16,3543.64864187,https://datacenter-web.eastmoney.com/api/data/v1/get,2026-07-22T01:02:21+00:00
2016-05-17,3541.50316174,https://datacenter-web.eastmoney.com/api/data/v1/get,2026-07-22T01:02:21+00:00
2016-05-18,3512.33703386,https://datacenter-web.eastmoney.com/api/data/v1/get,2026-07-22T01:02:21+00:00
2016-05-19,3519.28402260,https://datacenter-web.eastmoney.com/api/data/v1/get,2026-07-22T01:02:21+00:00
2016-05-20,3506.29841800,https://datacenter-web.eastmoney.com/api/data/v1/get,2026-07-22T01:02:21+00:00
2016-05-23,3508.18153717,https://datacenter-web.eastmoney.com/api/data/v1/get,2026-07-22T01:02:21+00:00
2016-05-24,3506.18600314,https://datacenter-web.eastmoney.com/api/data/v1/get,2026-07-22T01:02:21+00:00
2016-05-25,3500.74632838,https://datacenter-web.eastmoney.com/api/data/v1/get,2026-07-22T01:02:21+00:00
2016-05-26,3508.32810924,https://datacenter-web.eastmoney.com/api/data/v1/get,2026-07-22T01:02:21+00:00
2016-05-27,3492.99130719,https://datacenter-web.eastmoney.com/api/data/v1/get,2026-07-22T01:02:21+00:00
2016-05-30,3491.60109854,https://datacenter-web.eastmoney.com/api/data/v1/get,2026-07-22T01:02:21+00:00
2016-05-31,3542.11648655,https://datacenter-web.eastmoney.com/api/data/v1/get,2026-07-22T01:02:21+00:00
2016-06-01,3560.55896526,https://datacenter-web.eastmoney.com/api/data/v1/get,2026-07-22T01:02:21+00:00
2016-06-02,3594.44443330,https://datacenter-web.eastmoney.com/api/data/v1/get,2026-07-22T01:02:21+00:00
2016-06-03,3597.86638997,https://datacenter-web.eastmoney.com/api/data/v1/get,2026-07-22T01:02:21+00:00
2016-06-06,3620.17995255,https://datacenter-web.eastmoney.com/api/data/v1/get,2026-07-22T01:02:21+00:00
2016-06-07,3634.91724618,https://datacenter-web.eastmoney.com/api/data/v1/get,2026-07-22T01:02:21+00:00
2016-06-08,3623.90051538,https://datacenter-web.eastmoney.com/api/data/v1/get,2026-07-22T01:02:21+00:00
2016-06-13,3602.60103394,https://datacenter-web.eastmoney.com/api/data/v1/get,2026-07-22T01:02:21+00:00
2016-06-14,3589.24588425,https://datacenter-web.eastmoney.com/api/data/v1/get,2026-07-22T01:02:21+00:00
2016-06-15,3639.64020846,https://datacenter-web.eastmoney.com/api/data/v1/get,2026-07-22T01:02:21+00:00
2016-06-16,3638.33867811,https://datacenter-web.eastmoney.com/api/data/v1/get,2026-07-22T01:02:21+00:00
2016-06-17,3629.38571805,https://datacenter-web.eastmoney.com/api/data/v1/get,2026-07-22T01:02:21+00:00
2016-06-20,3640.67180644,https://datacenter-web.eastmoney.com/api/data/v1/get,2026-07-22T01:02:21+00:00
2016-06-21,3633.77791331,https://datacenter-web.eastmoney.com/api/data/v1/get,2026-07-22T01:02:21+00:00
2016-06-22,3656.41661042,https://datacenter-web.eastmoney.com/api/data/v1/get,2026-07-22T01:02:21+00:00
2016-06-23,3659.01475695,https://datacenter-web.eastmoney.com/api/data/v1/get,2026-07-22T01:02:21+00:00
2016-06-24,3654.62347523,https://datacenter-web.eastmoney.com/api/data/v1/get,2026-07-22T01:02:21+00:00
2016-06-27,3701.85919257,https://datacenter-web.eastmoney.com/api/data/v1/get,2026-07-22T01:02:21+00:00
2016-06-28,3727.38652588,https://datacenter-web.eastmoney.com/api/data/v1/get,2026-07-22T01:02:21+00:00
2016-06-29,3746.05749887,https://datacenter-web.eastmoney.com/api/data/v1/get,2026-07-22T01:02:21+00:00
2016-06-30,3759.55954387,https://datacenter-web.eastmoney.com/api/data/v1/get,2026-07-22T01:02:21+00:00
2016-07-01,3750.07147360,https://datacenter-web.eastmoney.com/api/data/v1/get,2026-07-22T01:02:21+00:00
2016-07-04,3795.80085363,https://datacenter-web.eastmoney.com/api/data/v1/get,2026-07-22T01:02:21+00:00
2016-07-05,3813.31228915,https://datacenter-web.eastmoney.com/api/data/v1/get,2026-07-22T01:02:21+00:00
2016-07-06,3831.73651219,https://datacenter-web.eastmoney.com/api/data/v1/get,2026-07-22T01:02:21+00:00
2016-07-07,3860.13007959,https://datacenter-web.eastmoney.com/api/data/v1/get,2026-07-22T01:02:21+00:00
2016-07-08,3851.52341160,https://datacenter-web.eastmoney.com/api/data/v1/get,2026-07-22T01:02:21+00:00
2016-07-11,3858.39187853,https://datacenter-web.eastmoney.com/api/data/v1/get,2026-07-22T01:02:21+00:00
2016-07-12,3879.42883864,https://datacenter-web.eastmoney.com/api/data/v1/get,2026-07-22T01:02:21+00:00
2016-07-13,3903.31099588,https://datacenter-web.eastmoney.com/api/data/v1/get,2026-07-22T01:02:21+00:00
2016-07-14,3917.10863704,https://datacenter-web.eastmoney.com/api/data/v1/get,2026-07-22T01:02:21+00:00
2016-07-15,3909.62853536,https://datacenter-web.eastmoney.com/api/data/v1/get,2026-07-22T01:02:21+00:00
2016-07-18,3930.71094199,https://datacenter-web.eastmoney.com/api/data/v1/get,2026-07-22T01:02:21+00:00
2016-07-19,3955.51259363,https://datacenter-web.eastmoney.com/api/data/v1/get,2026-07-22T01:02:21+00:00
2016-07-20,3959.25424976,https://datacenter-web.eastmoney.com/api/data/v1/get,2026-07-22T01:02:21+00:00
2016-07-21,3954.69828323,https://datacenter-web.eastmoney.com/api/data/v1/get,2026-07-22T01:02:21+00:00
2016-07-22,3945.00460181,https://datacenter-web.eastmoney.com/api/data/v1/get,2026-07-22T01:02:21+00:00
2016-07-25,3953.50135255,https://datacenter-web.eastmoney.com/api/data/v1/get,2026-07-22T01:02:21+00:00
2016-07-26,3964.57443656,https://datacenter-web.eastmoney.com/api/data/v1/get,2026-07-22T01:02:21+00:00
2016-07-27,3904.75263964,https://datacenter-web.eastmoney.com/api/data/v1/get,2026-07-22T01:02:21+00:00
2016-07-28,3883.43977890,https://datacenter-web.eastmoney.com/api/data/v1/get,2026-07-22T01:02:21+00:00
2016-07-29,3856.80751071,https://datacenter-web.eastmoney.com/api/data/v1/get,2026-07-22T01:02:21+00:00
2016-08-01,3837.62696120,https://datacenter-web.eastmoney.com/api/data/v1/get,2026-07-22T01:02:21+00:00
2016-08-02,3828.92321734,https://datacenter-web.eastmoney.com/api/data/v1/get,2026-07-22T01:02:21+00:00
2016-08-03,3823.54486220,https://datacenter-web.eastmoney.com/api/data/v1/get,2026-07-22T01:02:21+00:00
2016-08-04,3833.25989005,https://datacenter-web.eastmoney.com/api/data/v1/get,2026-07-22T01:02:21+00:00
2016-08-05,3812.75123721,https://datacenter-web.eastmoney.com/api/data/v1/get,2026-07-22T01:02:21+00:00
2016-08-08,3832.80692414,https://datacenter-web.eastmoney.com/api/data/v1/get,2026-07-22T01:02:21+00:00
2016-08-09,3850.33514768,https://datacenter-web.eastmoney.com/api/data/v1/get,2026-07-22T01:02:21+00:00
2016-08-10,3868.89913526,https://datacenter-web.eastmoney.com/api/data/v1/get,2026-07-22T01:02:21+00:00
2016-08-11,3873.28864009,https://datacenter-web.eastmoney.com/api/data/v1/get,2026-07-22T01:02:21+00:00
2016-08-12,3857.38773943,https://datacenter-web.eastmoney.com/api/data/v1/get,2026-07-22T01:02:21+00:00
2016-08-15,3900.60855175,https://datacenter-web.eastmoney.com/api/data/v1/get,2026-07-22T01:02:21+00:00
2016-08-16,3929.43224763,https://datacenter-web.eastmoney.com/api/data/v1/get,2026-07-22T01:02:21+00:00
2016-08-17,3941.69383388,https://datacenter-web.eastmoney.com/api/data/v1/get,2026-07-22T01:02:21+00:00
2016-08-18,3956.80122388,https://datacenter-web.eastmoney.com/api/data/v1/get,2026-07-22T01:02:21+00:00
2016-08-19,3957.62967481,https://datacenter-web.eastmoney.com/api/data/v1/get,2026-07-22T01:02:21+00:00
2016-08-22,3964.86712819,https://datacenter-web.eastmoney.com/api/data/v1/get,2026-07-22T01:02:21+00:00
2016-08-23,3964.47065441,https://datacenter-web.eastmoney.com/api/data/v1/get,2026-07-22T01:02:21+00:00
2016-08-24,3971.06022692,https://datacenter-web.eastmoney.com/api/data/v1/get,2026-07-22T01:02:21+00:00
2016-08-25,3969.00530333,https://datacenter-web.eastmoney.com/api/data/v1/get,2026-07-22T01:02:21+00:00
2016-08-26,3956.49660961,https://datacenter-web.eastmoney.com/api/data/v1/get,2026-07-22T01:02:21+00:00
2016-08-29,3963.30195592,https://datacenter-web.eastmoney.com/api/data/v1/get,2026-07-22T01:02:21+00:00
2016-08-30,3967.76383866,https://datacenter-web.eastmoney.com/api/data/v1/get,2026-07-22T01:02:21+00:00
2016-08-31,3979.99248893,https://datacenter-web.eastmoney.com/api/data/v1/get,2026-07-22T01:02:21+00:00
2016-09-01,3975.70811304,https://datacenter-web.eastmoney.com/api/data/v1/get,2026-07-22T01:02:21+00:00
2016-09-02,3959.74853401,https://datacenter-web.eastmoney.com/api/data/v1/get,2026-07-22T01:02:21+00:00
2016-09-05,3956.05122665,https://datacenter-web.eastmoney.com/api/data/v1/get,2026-07-22T01:02:21+00:00
2016-09-06,3993.71816383,https://datacenter-web.eastmoney.com/api/data/v1/get,2026-07-22T01:02:21+00:00
2016-09-07,3991.49369472,https://datacenter-web.eastmoney.com/api/data/v1/get,2026-07-22T01:02:21+00:00
2016-09-08,4001.49497276,https://datacenter-web.eastmoney.com/api/data/v1/get,2026-07-22T01:02:21+00:00
2016-09-09,3987.10811034,https://datacenter-web.eastmoney.com/api/data/v1/get,2026-07-22T01:02:21+00:00
2016-09-12,3973.96740923,https://datacenter-web.eastmoney.com/api/data/v1/get,2026-07-22T01:02:21+00:00
2016-09-13,3963.91203565,https://datacenter-web.eastmoney.com/api/data/v1/get,2026-07-22T01:02:21+00:00
2016-09-14,3934.14861047,https://datacenter-web.eastmoney.com/api/data/v1/get,2026-07-22T01:02:21+00:00
2016-09-19,3940.70119476,https://datacenter-web.eastmoney.com/api/data/v1/get,2026-07-22T01:02:21+00:00
2016-09-20,3942.36340314,https://datacenter-web.eastmoney.com/api/data/v1/get,2026-07-22T01:02:21+00:00
2016-09-21,3948.29065691,https://datacenter-web.eastmoney.com/api/data/v1/get,2026-07-22T01:02:21+00:00
2016-09-22,3944.17716166,https://datacenter-web.eastmoney.com/api/data/v1/get,2026-07-22T01:02:21+00:00
2016-09-23,3924.78028148,https://datacenter-web.eastmoney.com/api/data/v1/get,2026-07-22T01:02:21+00:00
2016-09-26,3919.15973566,https://datacenter-web.eastmoney.com/api/data/v1/get,2026-07-22T01:02:21+00:00
2016-09-27,3915.22116061,https://datacenter-web.eastmoney.com/api/data/v1/get,2026-07-22T01:02:21+00:00
2016-09-28,3910.37676977,https://datacenter-web.eastmoney.com/api/data/v1/get,2026-07-22T01:02:21+00:00
2016-09-29,3899.09752333,https://datacenter-web.eastmoney.com/api/data/v1/get,2026-07-22T01:02:21+00:00
2016-09-30,3832.97558357,https://datacenter-web.eastmoney.com/api/data/v1/get,2026-07-22T01:02:21+00:00
2016-10-10,3882.79269192,https://datacenter-web.eastmoney.com/api/data/v1/get,2026-07-22T01:02:21+00:00
2016-10-11,3897.40878122,https://datacenter-web.eastmoney.com/api/data/v1/get,2026-07-22T01:02:21+00:00
2016-10-12,3918.64118459,https://datacenter-web.eastmoney.com/api/data/v1/get,2026-07-22T01:02:21+00:00
2016-10-13,3930.92880883,https://datacenter-web.eastmoney.com/api/data/v1/get,2026-07-22T01:02:21+00:00
2016-10-14,3932.64940936,https://datacenter-web.eastmoney.com/api/data/v1/get,2026-07-22T01:02:21+00:00
2016-10-17,3937.65818993,https://datacenter-web.eastmoney.com/api/data/v1/get,2026-07-22T01:02:21+00:00
2016-10-18,3961.77389390,https://datacenter-web.eastmoney.com/api/data/v1/get,2026-07-22T01:02:21+00:00
2016-10-19,3969.05867316,https://datacenter-web.eastmoney.com/api/data/v1/get,2026-07-22T01:02:21+00:00
2016-10-20,3979.27575749,https://datacenter-web.eastmoney.com/api/data/v1/get,2026-07-22T01:02:21+00:00
2016-10-21,3959.53271652,https://datacenter-web.eastmoney.com/api/data/v1/get,2026-07-22T01:02:21+00:00
2016-10-24,3979.94048784,https://datacenter-web.eastmoney.com/api/data/v1/get,2026-07-22T01:02:21+00:00
2016-10-25,3989.31677232,https://datacenter-web.eastmoney.com/api/data/v1/get,2026-07-22T01:02:21+00:00
2016-10-26,3993.19081067,https://datacenter-web.eastmoney.com/api/data/v1/get,2026-07-22T01:02:21+00:00
2016-10-27,4001.60592773,https://datacenter-web.eastmoney.com/api/data/v1/get,2026-07-22T01:02:21+00:00
2016-10-28,3971.74457103,https://datacenter-web.eastmoney.com/api/data/v1/get,2026-07-22T01:02:21+00:00
2016-10-31,3974.52281214,https://datacenter-web.eastmoney.com/api/data/v1/get,2026-07-22T01:02:21+00:00
2016-11-01,3986.46778493,https://datacenter-web.eastmoney.com/api/data/v1/get,2026-07-22T01:02:21+00:00
2016-11-02,3979.38926858,https://datacenter-web.eastmoney.com/api/data/v1/get,2026-07-22T01:02:21+00:00
2016-11-03,4005.58708029,https://datacenter-web.eastmoney.com/api/data/v1/get,2026-07-22T01:02:21+00:00
2016-11-04,3991.95416354,https://datacenter-web.eastmoney.com/api/data/v1/get,2026-07-22T01:02:21+00:00
2016-11-07,4005.18057984,https://datacenter-web.eastmoney.com/api/data/v1/get,2026-07-22T01:02:21+00:00
2016-11-08,4011.88330399,https://datacenter-web.eastmoney.com/api/data/v1/get,2026-07-22T01:02:21+00:00
2016-11-09,4022.13088135,https://datacenter-web.eastmoney.com/api/data/v1/get,2026-07-22T01:02:21+00:00
2016-11-10,4044.51117866,https://datacenter-web.eastmoney.com/api/data/v1/get,2026-07-22T01:02:21+00:00
2016-11-11,4039.81092732,https://datacenter-web.eastmoney.com/api/data/v1/get,2026-07-22T01:02:21+00:00
2016-11-14,4063.57807606,https://datacenter-web.eastmoney.com/api/data/v1/get,2026-07-22T01:02:21+00:00
2016-11-15,4085.74777587,https://datacenter-web.eastmoney.com/api/data/v1/get,2026-07-22T01:02:21+00:00
2016-11-16,4097.65594730,https://datacenter-web.eastmoney.com/api/data/v1/get,2026-07-22T01:02:21+00:00
2016-11-17,4098.74536216,https://datacenter-web.eastmoney.com/api/data/v1/get,2026-07-22T01:02:21+00:00
2016-11-18,4088.48227402,https://datacenter-web.eastmoney.com/api/data/v1/get,2026-07-22T01:02:21+00:00
2016-11-21,4112.10516959,https://datacenter-web.eastmoney.com/api/data/v1/get,2026-07-22T01:02:21+00:00
2016-11-22,4144.04932883,https://datacenter-web.eastmoney.com/api/data/v1/get,2026-07-22T01:02:21+00:00
2016-11-23,4144.42382028,https://datacenter-web.eastmoney.com/api/data/v1/get,2026-07-22T01:02:21+00:00
2016-11-24,4147.18456434,https://datacenter-web.eastmoney.com/api/data/v1/get,2026-07-22T01:02:21+00:00
2016-11-25,4147.63872691,https://datacenter-web.eastmoney.com/api/data/v1/get,2026-07-22T01:02:21+00:00
2016-11-28,4170.33258657,https://datacenter-web.eastmoney.com/api/data/v1/get,2026-07-22T01:02:21+00:00
2016-11-29,4166.10672433,https://datacenter-web.eastmoney.com/api/data/v1/get,2026-07-22T01:02:21+00:00
2016-11-30,4188.66233722,https://datacenter-web.eastmoney.com/api/data/v1/get,2026-07-22T01:02:21+00:00
2016-12-01,4137.99249921,https://datacenter-web.eastmoney.com/api/data/v1/get,2026-07-22T01:02:21+00:00
2016-12-02,4121.78780476,https://datacenter-web.eastmoney.com/api/data/v1/get,2026-07-22T01:02:21+00:00
2016-12-05,4110.35262002,https://datacenter-web.eastmoney.com/api/data/v1/get,2026-07-22T01:02:21+00:00
2016-12-06,4108.74892524,https://datacenter-web.eastmoney.com/api/data/v1/get,2026-07-22T01:02:21+00:00
2016-12-07,4116.90734368,https://datacenter-web.eastmoney.com/api/data/v1/get,2026-07-22T01:02:21+00:00
2016-12-08,4108.14912650,https://datacenter-web.eastmoney.com/api/data/v1/get,2026-07-22T01:02:21+00:00
2016-12-09,4089.79317619,https://datacenter-web.eastmoney.com/api/data/v1/get,2026-07-22T01:02:21+00:00
2016-12-12,4045.26591160,https://datacenter-web.eastmoney.com/api/data/v1/get,2026-07-22T01:02:21+00:00
2016-12-13,4029.88518796,https://datacenter-web.eastmoney.com/api/data/v1/get,2026-07-22T01:02:21+00:00
2016-12-14,4017.36494191,https://datacenter-web.eastmoney.com/api/data/v1/get,2026-07-22T01:02:21+00:00
2016-12-15,4027.24650672,https://datacenter-web.eastmoney.com/api/data/v1/get,2026-07-22T01:02:21+00:00
2016-12-16,4010.27051146,https://datacenter-web.eastmoney.com/api/data/v1/get,2026-07-22T01:02:21+00:00
2016-12-19,4004.77460646,https://datacenter-web.eastmoney.com/api/data/v1/get,2026-07-22T01:02:21+00:00
2016-12-20,4005.22979991,https://datacenter-web.eastmoney.com/api/data/v1/get,2026-07-22T01:02:21+00:00
2016-12-21,3997.71689847,https://datacenter-web.eastmoney.com/api/data/v1/get,2026-07-22T01:02:21+00:00
2016-12-22,3991.36808751,https://datacenter-web.eastmoney.com/api/data/v1/get,2026-07-22T01:02:21+00:00
2016-12-23,3974.49615771,https://datacenter-web.eastmoney.com/api/data/v1/get,2026-07-22T01:02:21+00:00
2016-12-26,3980.26075858,https://datacenter-web.eastmoney.com/api/data/v1/get,2026-07-22T01:02:21+00:00
2016-12-27,3974.45365428,https://datacenter-web.eastmoney.com/api/data/v1/get,2026-07-22T01:02:21+00:00
2016-12-28,3975.11656554,https://datacenter-web.eastmoney.com/api/data/v1/get,2026-07-22T01:02:21+00:00
2016-12-29,3973.25973437,https://datacenter-web.eastmoney.com/api/data/v1/get,2026-07-22T01:02:21+00:00
2016-12-30,3940.25602787,https://datacenter-web.eastmoney.com/api/data/v1/get,2026-07-22T01:02:21+00:00
2017-01-03,3947.45974498,https://datacenter-web.eastmoney.com/api/data/v1/get,2026-07-22T01:02:21+00:00
2017-01-04,3943.27908532,https://datacenter-web.eastmoney.com/api/data/v1/get,2026-07-22T01:02:21+00:00
2017-01-05,3933.50744378,https://datacenter-web.eastmoney.com/api/data/v1/get,2026-07-22T01:02:21+00:00
2017-01-06,3919.52345803,https://datacenter-web.eastmoney.com/api/data/v1/get,2026-07-22T01:02:21+00:00
2017-01-09,3917.50039175,https://datacenter-web.eastmoney.com/api/data/v1/get,2026-07-22T01:02:21+00:00
2017-01-10,3911.75614544,https://datacenter-web.eastmoney.com/api/data/v1/get,2026-07-22T01:02:21+00:00
2017-01-11,3905.42979631,https://datacenter-web.eastmoney.com/api/data/v1/get,2026-07-22T01:02:21+00:00
2017-01-12,3897.94524910,https://datacenter-web.eastmoney.com/api/data/v1/get,2026-07-22T01:02:21+00:00
2017-01-13,3876.31682716,https://datacenter-web.eastmoney.com/api/data/v1/get,2026-07-22T01:02:21+00:00
2017-01-16,3827.11116602,https://datacenter-web.eastmoney.com/api/data/v1/get,2026-07-22T01:02:21+00:00
2017-01-17,3817.69300899,https://datacenter-web.eastmoney.com/api/data/v1/get,2026-07-22T01:02:21+00:00
2017-01-18,3800.29756794,https://datacenter-web.eastmoney.com/api/data/v1/get,2026-07-22T01:02:21+00:00
2017-01-19,3789.43281451,https://datacenter-web.eastmoney.com/api/data/v1/get,2026-07-22T01:02:21+00:00
2017-01-20,3775.84695992,https://datacenter-web.eastmoney.com/api/data/v1/get,2026-07-22T01:02:21+00:00
2017-01-23,3759.24758504,https://datacenter-web.eastmoney.com/api/data/v1/get,2026-07-22T01:02:21+00:00
2017-01-24,3742.04949990,https://datacenter-web.eastmoney.com/api/data/v1/get,2026-07-22T01:02:21+00:00
2017-01-25,3722.31791023,https://datacenter-web.eastmoney.com/api/data/v1/get,2026-07-22T01:02:21+00:00
2017-01-26,3666.36429032,https://datacenter-web.eastmoney.com/api/data/v1/get,2026-07-22T01:02:21+00:00
2017-02-03,3681.21106596,https://datacenter-web.eastmoney.com/api/data/v1/get,2026-07-22T01:02:21+00:00
2017-02-06,3693.18742539,https://datacenter-web.eastmoney.com/api/data/v1/get,2026-07-22T01:02:21+00:00
2017-02-07,3694.40695400,https://datacenter-web.eastmoney.com/api/data/v1/get,2026-07-22T01:02:21+00:00
2017-02-08,3703.69891496,https://datacenter-web.eastmoney.com/api/data/v1/get,2026-07-22T01:02:21+00:00
2017-02-09,3710.30527616,https://datacenter-web.eastmoney.com/api/data/v1/get,2026-07-22T01:02:21+00:00
2017-02-10,3700.23688362,https://datacenter-web.eastmoney.com/api/data/v1/get,2026-07-22T01:02:21+00:00
2017-02-13,3717.73131543,https://datacenter-web.eastmoney.com/api/data/v1/get,2026-07-22T01:02:21+00:00
2017-02-14,3719.39212452,https://datacenter-web.eastmoney.com/api/data/v1/get,2026-07-22T01:02:21+00:00
2017-02-15,3722.47251703,https://datacenter-web.eastmoney.com/api/data/v1/get,2026-07-22T01:02:21+00:00
2017-02-16,3728.98162092,https://datacenter-web.eastmoney.com/api/data/v1/get,2026-07-22T01:02:21+00:00
2017-02-17,3721.30248824,https://datacenter-web.eastmoney.com/api/data/v1/get,2026-07-22T01:02:21+00:00
2017-02-20,3731.38699066,https://datacenter-web.eastmoney.com/api/data/v1/get,2026-07-22T01:02:21+00:00
2017-02-21,3737.45588179,https://datacenter-web.eastmoney.com/api/data/v1/get,2026-07-22T01:02:21+00:00
2017-02-22,3745.76140560,https://datacenter-web.eastmoney.com/api/data/v1/get,2026-07-22T01:02:21+00:00
2017-02-23,3756.37683876,https://datacenter-web.eastmoney.com/api/data/v1/get,2026-07-22T01:02:21+00:00
2017-02-24,3757.60265714,https://datacenter-web.eastmoney.com/api/data/v1/get,2026-07-22T01:02:21+00:00
2017-02-27,3768.29968769,https://datacenter-web.eastmoney.com/api/data/v1/get,2026-07-22T01:02:21+00:00
2017-02-28,3774.88393036,https://datacenter-web.eastmoney.com/api/data/v1/get,2026-07-22T01:02:21+00:00
2017-03-01,3772.80353048,https://datacenter-web.eastmoney.com/api/data/v1/get,2026-07-22T01:02:21+00:00
2017-03-02,3780.53345097,https://datacenter-web.eastmoney.com/api/data/v1/get,2026-07-22T01:02:21+00:00
2017-03-03,3776.74049528,https://datacenter-web.eastmoney.com/api/data/v1/get,2026-07-22T01:02:21+00:00
2017-03-06,3789.72197886,https://datacenter-web.eastmoney.com/api/data/v1/get,2026-07-22T01:02:21+00:00
2017-03-07,3791.23093211,https://datacenter-web.eastmoney.com/api/data/v1/get,2026-07-22T01:02:21+00:00
2017-03-08,3789.53932164,https://datacenter-web.eastmoney.com/api/data/v1/get,2026-07-22T01:02:21+00:00
2017-03-09,3789.49143181,https://datacenter-web.eastmoney.com/api/data/v1/get,2026-07-22T01:02:21+00:00
2017-03-10,3778.49511065,https://datacenter-web.eastmoney.com/api/data/v1/get,2026-07-22T01:02:21+00:00
2017-03-13,3790.13958858,https://datacenter-web.eastmoney.com/api/data/v1/get,2026-07-22T01:02:21+00:00
2017-03-14,3799.09565928,https://datacenter-web.eastmoney.com/api/data/v1/get,2026-07-22T01:02:21+00:00
2017-03-15,3799.50404113,https://datacenter-web.eastmoney.com/api/data/v1/get,2026-07-22T01:02:21+00:00
2017-03-16,3837.64251100,https://datacenter-web.eastmoney.com/api/data/v1/get,2026-07-22T01:02:21+00:00
2017-03-17,3828.98499518,https://datacenter-web.eastmoney.com/api/data/v1/get,2026-07-22T01:02:21+00:00
2017-03-20,3841.32997560,https://datacenter-web.eastmoney.com/api/data/v1/get,2026-07-22T01:02:21+00:00
2017-03-21,3842.84813049,https://datacenter-web.eastmoney.com/api/data/v1/get,2026-07-22T01:02:21+00:00
2017-03-22,3845.41330120,https://datacenter-web.eastmoney.com/api/data/v1/get,2026-07-22T01:02:21+00:00
2017-03-23,3846.32865898,https://datacenter-web.eastmoney.com/api/data/v1/get,2026-07-22T01:02:21+00:00
2017-03-24,3839.93029461,https://datacenter-web.eastmoney.com/api/data/v1/get,2026-07-22T01:02:21+00:00
2017-03-27,3859.00699955,https://datacenter-web.eastmoney.com/api/data/v1/get,2026-07-22T01:02:21+00:00
2017-03-28,3861.83702432,https://datacenter-web.eastmoney.com/api/data/v1/get,2026-07-22T01:02:21+00:00
2017-03-29,3855.63005382,https://datacenter-web.eastmoney.com/api/data/v1/get,2026-07-22T01:02:21+00:00
2017-03-30,3856.88599780,https://datacenter-web.eastmoney.com/api/data/v1/get,2026-07-22T01:02:21+00:00
2017-03-31,3823.25026657,https://datacenter-web.eastmoney.com/api/data/v1/get,2026-07-22T01:02:21+00:00
2017-04-05,3844.42441952,https://datacenter-web.eastmoney.com/api/data/v1/get,2026-07-22T01:02:21+00:00
2017-04-06,3849.61218858,https://datacenter-web.eastmoney.com/api/data/v1/get,2026-07-22T01:02:21+00:00
2017-04-07,3839.33163652,https://datacenter-web.eastmoney.com/api/data/v1/get,2026-07-22T01:02:21+00:00
2017-04-10,3862.65028300,https://datacenter-web.eastmoney.com/api/data/v1/get,2026-07-22T01:02:21+00:00
2017-04-11,3873.48297907,https://datacenter-web.eastmoney.com/api/data/v1/get,2026-07-22T01:02:21+00:00
2017-04-12,3877.13564400,https://datacenter-web.eastmoney.com/api/data/v1/get,2026-07-22T01:02:21+00:00
2017-04-13,3885.24268944,https://datacenter-web.eastmoney.com/api/data/v1/get,2026-07-22T01:02:21+00:00
2017-04-14,3877.06209942,https://datacenter-web.eastmoney.com/api/data/v1/get,2026-07-22T01:02:21+00:00
2017-04-17,3881.09786933,https://datacenter-web.eastmoney.com/api/data/v1/get,2026-07-22T01:02:21+00:00
2017-04-18,3862.36888106,https://datacenter-web.eastmoney.com/api/data/v1/get,2026-07-22T01:02:21+00:00
2017-04-19,3844.86555012,https://datacenter-web.eastmoney.com/api/data/v1/get,2026-07-22T01:02:21+00:00
2017-04-20,3827.16449362,https://datacenter-web.eastmoney.com/api/data/v1/get,2026-07-22T01:02:21+00:00
2017-04-21,3799.43014518,https://datacenter-web.eastmoney.com/api/data/v1/get,2026-07-22T01:02:21+00:00
2017-04-24,3783.16681804,https://datacenter-web.eastmoney.com/api/data/v1/get,2026-07-22T01:02:21+00:00
2017-04-25,3772.54940535,https://datacenter-web.eastmoney.com/api/data/v1/get,2026-07-22T01:02:21+00:00
2017-04-26,3764.23507353,https://datacenter-web.eastmoney.com/api/data/v1/get,2026-07-22T01:02:21+00:00
2017-04-27,3764.95106174,https://datacenter-web.eastmoney.com/api/data/v1/get,2026-07-22T01:02:21+00:00
2017-04-28,3743.49358837,https://datacenter-web.eastmoney.com/api/data/v1/get,2026-07-22T01:02:21+00:00
2017-05-02,3750.41419004,https://datacenter-web.eastmoney.com/api/data/v1/get,2026-07-22T01:02:21+00:00
2017-05-03,3758.20955568,https://datacenter-web.eastmoney.com/api/data/v1/get,2026-07-22T01:02:21+00:00
2017-05-04,3759.95426997,https://datacenter-web.eastmoney.com/api/data/v1/get,2026-07-22T01:02:21+00:00
2017-05-05,3742.33126915,https://datacenter-web.eastmoney.com/api/data/v1/get,2026-07-22T01:02:21+00:00
2017-05-08,3726.86897686,https://datacenter-web.eastmoney.com/api/data/v1/get,2026-07-22T01:02:21+00:00
2017-05-09,3712.71763184,https://datacenter-web.eastmoney.com/api/data/v1/get,2026-07-22T01:02:21+00:00
2017-05-10,3683.55233386,https://datacenter-web.eastmoney.com/api/data/v1/get,2026-07-22T01:02:21+00:00
2017-05-11,3654.35605315,https://datacenter-web.eastmoney.com/api/data/v1/get,2026-07-22T01:02:21+00:00
2017-05-12,3630.71152724,https://datacenter-web.eastmoney.com/api/data/v1/get,2026-07-22T01:02:21+00:00
2017-05-15,3623.18146586,https://datacenter-web.eastmoney.com/api/data/v1/get,2026-07-22T01:02:21+00:00
2017-05-16,3639.37643142,https://datacenter-web.eastmoney.com/api/data/v1/get,2026-07-22T01:02:21+00:00
2017-05-17,3641.49005213,https://datacenter-web.eastmoney.com/api/data/v1/get,2026-07-22T01:02:21+00:00
2017-05-18,3648.75249577,https://datacenter-web.eastmoney.com/api/data/v1/get,2026-07-22T01:02:21+00:00
2017-05-19,3637.94160195,https://datacenter-web.eastmoney.com/api/data/v1/get,2026-07-22T01:02:21+00:00
2017-05-22,3639.10901509,https://datacenter-web.eastmoney.com/api/data/v1/get,2026-07-22T01:02:21+00:00
2017-05-23,3618.94573320,https://datacenter-web.eastmoney.com/api/data/v1/get,2026-07-22T01:02:21+00:00
2017-05-24,3612.85363996,https://datacenter-web.eastmoney.com/api/data/v1/get,2026-07-22T01:02:21+00:00
2017-05-25,3607.90843377,https://datacenter-web.eastmoney.com/api/data/v1/get,2026-07-22T01:02:21+00:00
2017-05-26,3581.56972671,https://datacenter-web.eastmoney.com/api/data/v1/get,2026-07-22T01:02:21+00:00
2017-05-31,3587.35763010,https://datacenter-web.eastmoney.com/api/data/v1/get,2026-07-22T01:02:21+00:00
2017-06-01,3568.99264340,https://datacenter-web.eastmoney.com/api/data/v1/get,2026-07-22T01:02:21+00:00
2017-06-02,3561.76682853,https://datacenter-web.eastmoney.com/api/data/v1/get,2026-07-22T01:02:21+00:00
2017-06-05,3561.84649448,https://datacenter-web.eastmoney.com/api/data/v1/get,2026-07-22T01:02:21+00:00
2017-06-06,3554.72431426,https://datacenter-web.eastmoney.com/api/data/v1/get,2026-07-22T01:02:21+00:00
2017-06-07,3567.64418655,https://datacenter-web.eastmoney.com/api/data/v1/get,2026-07-22T01:02:21+00:00
2017-06-08,3568.92443200,https://datacenter-web.eastmoney.com/api/data/v1/get,2026-07-22T01:02:21+00:00
2017-06-09,3565.37908061,https://datacenter-web.eastmoney.com/api/data/v1/get,2026-07-22T01:02:21+00:00
2017-06-12,3570.74992223,https://datacenter-web.eastmoney.com/api/data/v1/get,2026-07-22T01:02:21+00:00
2017-06-13,3583.87153884,https://datacenter-web.eastmoney.com/api/data/v1/get,2026-07-22T01:02:21+00:00
2017-06-14,3583.38421711,https://datacenter-web.eastmoney.com/api/data/v1/get,2026-07-22T01:02:21+00:00
2017-06-15,3598.86953330,https://datacenter-web.eastmoney.com/api/data/v1/get,2026-07-22T01:02:21+00:00
2017-06-16,3584.13770932,https://datacenter-web.eastmoney.com/api/data/v1/get,2026-07-22T01:02:21+00:00
2017-06-19,3592.44743124,https://datacenter-web.eastmoney.com/api/data/v1/get,2026-07-22T01:02:21+00:00
2017-06-20,3591.66435223,https://datacenter-web.eastmoney.com/api/data/v1/get,2026-07-22T01:02:21+00:00
2017-06-21,3598.77277809,https://datacenter-web.eastmoney.com/api/data/v1/get,2026-07-22T01:02:21+00:00
2017-06-22,3593.93887211,https://datacenter-web.eastmoney.com/api/data/v1/get,2026-07-22T01:02:21+00:00
2017-06-23,3589.04197615,https://datacenter-web.eastmoney.com/api/data/v1/get,2026-07-22T01:02:21+00:00
2017-06-26,3609.15740900,https://datacenter-web.eastmoney.com/api/data/v1/get,2026-07-22T01:02:21+00:00
2017-06-27,3626.54305822,https://datacenter-web.eastmoney.com/api/data/v1/get,2026-07-22T01:02:21+00:00
2017-06-28,3636.89633943,https://datacenter-web.eastmoney.com/api/data/v1/get,2026-07-22T01:02:21+00:00
2017-06-29,3646.47867791,https://datacenter-web.eastmoney.com/api/data/v1/get,2026-07-22T01:02:21+00:00
2017-06-30,3640.78062665,https://datacenter-web.eastmoney.com/api/data/v1/get,2026-07-22T01:02:21+00:00
2017-07-03,3650.28006156,https://datacenter-web.eastmoney.com/api/data/v1/get,2026-07-22T01:02:21+00:00
2017-07-04,3657.61817146,https://datacenter-web.eastmoney.com/api/data/v1/get,2026-07-22T01:02:21+00:00
2017-07-05,3664.12837230,https://datacenter-web.eastmoney.com/api/data/v1/get,2026-07-22T01:02:21+00:00
2017-07-06,3665.88652210,https://datacenter-web.eastmoney.com/api/data/v1/get,2026-07-22T01:02:21+00:00
2017-07-07,3662.52500650,https://datacenter-web.eastmoney.com/api/data/v1/get,2026-07-22T01:02:21+00:00
2017-07-10,3673.82764848,https://datacenter-web.eastmoney.com/api/data/v1/get,2026-07-22T01:02:21+00:00
2017-07-11,3675.02144444,https://datacenter-web.eastmoney.com/api/data/v1/get,2026-07-22T01:02:21+00:00
2017-07-12,3683.15080053,https://datacenter-web.eastmoney.com/api/data/v1/get,2026-07-22T01:02:21+00:00
2017-07-13,3673.24311851,https://datacenter-web.eastmoney.com/api/data/v1/get,2026-07-22T01:02:21+00:00
2017-07-14,3655.20865611,https://datacenter-web.eastmoney.com/api/data/v1/get,2026-07-22T01:02:21+00:00
2017-07-17,3619.02012088,https://datacenter-web.eastmoney.com/api/data/v1/get,2026-07-22T01:02:21+00:00
2017-07-18,3617.96164951,https://datacenter-web.eastmoney.com/api/data/v1/get,2026-07-22T01:02:21+00:00
2017-07-19,3614.59300476,https://datacenter-web.eastmoney.com/api/data/v1/get,2026-07-22T01:02:21+00:00
2017-07-20,3624.28582625,https://datacenter-web.eastmoney.com/api/data/v1/get,2026-07-22T01:02:21+00:00
2017-07-21,3613.62990936,https://datacenter-web.eastmoney.com/api/data/v1/get,2026-07-22T01:02:21+00:00
2017-07-24,3631.72216586,https://datacenter-web.eastmoney.com/api/data/v1/get,2026-07-22T01:02:21+00:00
2017-07-25,3645.48709254,https://datacenter-web.eastmoney.com/api/data/v1/get,2026-07-22T01:02:21+00:00
2017-07-26,3652.84731210,https://datacenter-web.eastmoney.com/api/data/v1/get,2026-07-22T01:02:21+00:00
2017-07-27,3673.67346077,https://datacenter-web.eastmoney.com/api/data/v1/get,2026-07-22T01:02:21+00:00
2017-07-28,3660.18130074,https://datacenter-web.eastmoney.com/api/data/v1/get,2026-07-22T01:02:21+00:00
2017-07-31,3676.85356105,https://datacenter-web.eastmoney.com/api/data/v1/get,2026-07-22T01:02:21+00:00
2017-08-01,3683.31400540,https://datacenter-web.eastmoney.com/api/data/v1/get,2026-07-22T01:02:21+00:00
2017-08-02,3690.72577727,https://datacenter-web.eastmoney.com/api/data/v1/get,2026-07-22T01:02:21+00:00
2017-08-03,3705.47472541,https://datacenter-web.eastmoney.com/api/data/v1/get,2026-07-22T01:02:21+00:00
2017-08-04,3692.86084881,https://datacenter-web.eastmoney.com/api/data/v1/get,2026-07-22T01:02:21+00:00
2017-08-07,3697.22163849,https://datacenter-web.eastmoney.com/api/data/v1/get,2026-07-22T01:02:21+00:00
2017-08-08,3697.34485996,https://datacenter-web.eastmoney.com/api/data/v1/get,2026-07-22T01:02:21+00:00
2017-08-09,3709.25499024,https://datacenter-web.eastmoney.com/api/data/v1/get,2026-07-22T01:02:21+00:00
2017-08-10,3709.85194677,https://datacenter-web.eastmoney.com/api/data/v1/get,2026-07-22T01:02:21+00:00
2017-08-11,3695.12862164,https://datacenter-web.eastmoney.com/api/data/v1/get,2026-07-22T01:02:21+00:00
2017-08-14,3722.46550889,https://datacenter-web.eastmoney.com/api/data/v1/get,2026-07-22T01:02:21+00:00
2017-08-15,3727.45867964,https://datacenter-web.eastmoney.com/api/data/v1/get,2026-07-22T01:02:21+00:00
2017-08-16,3740.44182317,https://datacenter-web.eastmoney.com/api/data/v1/get,2026-07-22T01:02:21+00:00
2017-08-17,3749.62435644,https://datacenter-web.eastmoney.com/api/data/v1/get,2026-07-22T01:02:21+00:00
2017-08-18,3743.18362951,https://datacenter-web.eastmoney.com/api/data/v1/get,2026-07-22T01:02:21+00:00
2017-08-21,3760.35833416,https://datacenter-web.eastmoney.com/api/data/v1/get,2026-07-22T01:02:21+00:00
2017-08-22,3767.68883360,https://datacenter-web.eastmoney.com/api/data/v1/get,2026-07-22T01:02:21+00:00
2017-08-23,3769.97559064,https://datacenter-web.eastmoney.com/api/data/v1/get,2026-07-22T01:02:21+00:00
2017-08-24,3769.51699030,https://datacenter-web.eastmoney.com/api/data/v1/get,2026-07-22T01:02:21+00:00
2017-08-25,3766.52174003,https://datacenter-web.eastmoney.com/api/data/v1/get,2026-07-22T01:02:21+00:00
2017-08-28,3783.70291462,https://datacenter-web.eastmoney.com/api/data/v1/get,2026-07-22T01:02:21+00:00
2017-08-29,3798.34960685,https://datacenter-web.eastmoney.com/api/data/v1/get,2026-07-22T01:02:21+00:00
2017-08-30,3802.83622180,https://datacenter-web.eastmoney.com/api/data/v1/get,2026-07-22T01:02:21+00:00
2017-08-31,3825.64050515,https://datacenter-web.eastmoney.com/api/data/v1/get,2026-07-22T01:02:21+00:00
2017-09-01,3827.16502942,https://datacenter-web.eastmoney.com/api/data/v1/get,2026-07-22T01:02:21+00:00
2017-09-04,3852.47490012,https://datacenter-web.eastmoney.com/api/data/v1/get,2026-07-22T01:02:21+00:00
2017-09-05,3871.40818040,https://datacenter-web.eastmoney.com/api/data/v1/get,2026-07-22T01:02:21+00:00
2017-09-06,3894.64573621,https://datacenter-web.eastmoney.com/api/data/v1/get,2026-07-22T01:02:21+00:00
2017-09-07,3920.78380649,https://datacenter-web.eastmoney.com/api/data/v1/get,2026-07-22T01:02:21+00:00
2017-09-08,3920.77035132,https://datacenter-web.eastmoney.com/api/data/v1/get,2026-07-22T01:02:21+00:00
2017-09-11,3958.80476733,https://datacenter-web.eastmoney.com/api/data/v1/get,2026-07-22T01:02:21+00:00
2017-09-12,3986.01992160,https://datacenter-web.eastmoney.com/api/data/v1/get,2026-07-22T01:02:21+00:00
2017-09-13,3996.82671588,https://datacenter-web.eastmoney.com/api/data/v1/get,2026-07-22T01:02:21+00:00
2017-09-14,4004.55265667,https://datacenter-web.eastmoney.com/api/data/v1/get,2026-07-22T01:02:21+00:00
2017-09-15,4002.80335840,https://datacenter-web.eastmoney.com/api/data/v1/get,2026-07-22T01:02:21+00:00
2017-09-18,4019.81639457,https://datacenter-web.eastmoney.com/api/data/v1/get,2026-07-22T01:02:21+00:00
2017-09-19,4036.07658477,https://datacenter-web.eastmoney.com/api/data/v1/get,2026-07-22T01:02:21+00:00
2017-09-20,4060.34655275,https://datacenter-web.eastmoney.com/api/data/v1/get,2026-07-22T01:02:21+00:00
2017-09-21,4042.68011840,https://datacenter-web.eastmoney.com/api/data/v1/get,2026-07-22T01:02:21+00:00
2017-09-22,4036.55729725,https://datacenter-web.eastmoney.com/api/data/v1/get,2026-07-22T01:02:21+00:00
2017-09-25,4033.60937684,https://datacenter-web.eastmoney.com/api/data/v1/get,2026-07-22T01:02:21+00:00
2017-09-26,4037.29953087,https://datacenter-web.eastmoney.com/api/data/v1/get,2026-07-22T01:02:21+00:00
2017-09-27,4033.49041270,https://datacenter-web.eastmoney.com/api/data/v1/get,2026-07-22T01:02:21+00:00
2017-09-28,4023.29811220,https://datacenter-web.eastmoney.com/api/data/v1/get,2026-07-22T01:02:21+00:00
2017-09-29,3956.17878935,https://datacenter-web.eastmoney.com/api/data/v1/get,2026-07-22T01:02:21+00:00
2017-10-09,4028.44790525,https://datacenter-web.eastmoney.com/api/data/v1/get,2026-07-22T01:02:21+00:00
2017-10-10,4050.80709764,https://datacenter-web.eastmoney.com/api/data/v1/get,2026-07-22T01:02:21+00:00
2017-10-11,4065.24057405,https://datacenter-web.eastmoney.com/api/data/v1/get,2026-07-22T01:02:21+00:00
2017-10-12,4067.59806457,https://datacenter-web.eastmoney.com/api/data/v1/get,2026-07-22T01:02:21+00:00
2017-10-13,4070.30215382,https://datacenter-web.eastmoney.com/api/data/v1/get,2026-07-22T01:02:21+00:00
2017-10-16,4070.25279896,https://datacenter-web.eastmoney.com/api/data/v1/get,2026-07-22T01:02:21+00:00
2017-10-17,4064.33286184,https://datacenter-web.eastmoney.com/api/data/v1/get,2026-07-22T01:02:21+00:00
2017-10-18,4052.14775637,https://datacenter-web.eastmoney.com/api/data/v1/get,2026-07-22T01:02:21+00:00
2017-10-19,4044.67632240,https://datacenter-web.eastmoney.com/api/data/v1/get,2026-07-22T01:02:21+00:00
2017-10-20,4034.90065193,https://datacenter-web.eastmoney.com/api/data/v1/get,2026-07-22T01:02:21+00:00
2017-10-23,4048.56421571,https://datacenter-web.eastmoney.com/api/data/v1/get,2026-07-22T01:02:21+00:00
2017-10-24,4036.14833155,https://datacenter-web.eastmoney.com/api/data/v1/get,2026-07-22T01:02:21+00:00
2017-10-25,4050.34527999,https://datacenter-web.eastmoney.com/api/data/v1/get,2026-07-22T01:02:21+00:00
2017-10-26,4063.20800469,https://datacenter-web.eastmoney.com/api/data/v1/get,2026-07-22T01:02:21+00:00
2017-10-27,4053.32193918,https://datacenter-web.eastmoney.com/api/data/v1/get,2026-07-22T01:02:21+00:00
2017-10-30,4051.73897730,https://datacenter-web.eastmoney.com/api/data/v1/get,2026-07-22T01:02:21+00:00
2017-10-31,4055.14373968,https://datacenter-web.eastmoney.com/api/data/v1/get,2026-07-22T01:02:21+00:00
2017-11-01,4070.04183282,https://datacenter-web.eastmoney.com/api/data/v1/get,2026-07-22T01:02:21+00:00
2017-11-02,4076.84776639,https://datacenter-web.eastmoney.com/api/data/v1/get,2026-07-22T01:02:21+00:00
2017-11-03,4060.06680419,https://datacenter-web.eastmoney.com/api/data/v1/get,2026-07-22T01:02:21+00:00
2017-11-06,4083.27692385,https://datacenter-web.eastmoney.com/api/data/v1/get,2026-07-22T01:02:21+00:00
2017-11-07,4095.48437167,https://datacenter-web.eastmoney.com/api/data/v1/get,2026-07-22T01:02:21+00:00
2017-11-08,4128.51782687,https://datacenter-web.eastmoney.com/api/data/v1/get,2026-07-22T01:02:21+00:00
2017-11-09,4139.55147463,https://datacenter-web.eastmoney.com/api/data/v1/get,2026-07-22T01:02:21+00:00
2017-11-10,4153.97086399,https://datacenter-web.eastmoney.com/api/data/v1/get,2026-07-22T01:02:21+00:00
2017-11-13,4194.63746114,https://datacenter-web.eastmoney.com/api/data/v1/get,2026-07-22T01:02:21+00:00
2017-11-14,4216.53947429,https://datacenter-web.eastmoney.com/api/data/v1/get,2026-07-22T01:02:21+00:00
2017-11-15,4224.66452766,https://datacenter-web.eastmoney.com/api/data/v1/get,2026-07-22T01:02:21+00:00
2017-11-16,4230.58744215,https://datacenter-web.eastmoney.com/api/data/v1/get,2026-07-22T01:02:21+00:00
2017-11-17,4172.28251977,https://datacenter-web.eastmoney.com/api/data/v1/get,2026-07-22T01:02:21+00:00
2017-11-20,4177.76439867,https://datacenter-web.eastmoney.com/api/data/v1/get,2026-07-22T01:02:21+00:00
2017-11-21,4202.94816687,https://datacenter-web.eastmoney.com/api/data/v1/get,2026-07-22T01:02:21+00:00
2017-11-22,4204.09118957,https://datacenter-web.eastmoney.com/api/data/v1/get,2026-07-22T01:02:21+00:00
2017-11-23,4192.56553556,https://datacenter-web.eastmoney.com/api/data/v1/get,2026-07-22T01:02:21+00:00
2017-11-24,4172.00554483,https://datacenter-web.eastmoney.com/api/data/v1/get,2026-07-22T01:02:21+00:00
2017-11-27,4168.98405299,https://datacenter-web.eastmoney.com/api/data/v1/get,2026-07-22T01:02:21+00:00
2017-11-28,4179.57044852,https://datacenter-web.eastmoney.com/api/data/v1/get,2026-07-22T01:02:21+00:00
2017-11-29,4183.61375388,https://datacenter-web.eastmoney.com/api/data/v1/get,2026-07-22T01:02:21+00:00
2017-11-30,4176.18440810,https://datacenter-web.eastmoney.com/api/data/v1/get,2026-07-22T01:02:21+00:00
2017-12-01,4169.24078336,https://datacenter-web.eastmoney.com/api/data/v1/get,2026-07-22T01:02:21+00:00
2017-12-04,4163.79724435,https://datacenter-web.eastmoney.com/api/data/v1/get,2026-07-22T01:02:21+00:00
2017-12-05,4126.42661927,https://datacenter-web.eastmoney.com/api/data/v1/get,2026-07-22T01:02:21+00:00
2017-12-06,4131.17740938,https://datacenter-web.eastmoney.com/api/data/v1/get,2026-07-22T01:02:21+00:00
2017-12-07,4130.22494985,https://datacenter-web.eastmoney.com/api/data/v1/get,2026-07-22T01:02:21+00:00
2017-12-08,4132.06106402,https://datacenter-web.eastmoney.com/api/data/v1/get,2026-07-22T01:02:21+00:00
2017-12-11,4135.24818501,https://datacenter-web.eastmoney.com/api/data/v1/get,2026-07-22T01:02:21+00:00
2017-12-12,4141.89342865,https://datacenter-web.eastmoney.com/api/data/v1/get,2026-07-22T01:02:21+00:00
2017-12-13,4154.26217652,https://datacenter-web.eastmoney.com/api/data/v1/get,2026-07-22T01:02:21+00:00
2017-12-14,4160.50313153,https://datacenter-web.eastmoney.com/api/data/v1/get,2026-07-22T01:02:21+00:00
2017-12-15,4144.81225205,https://datacenter-web.eastmoney.com/api/data/v1/get,2026-07-22T01:02:21+00:00
2017-12-18,4149.67883643,https://datacenter-web.eastmoney.com/api/data/v1/get,2026-07-22T01:02:21+00:00
2017-12-19,4155.69369452,https://datacenter-web.eastmoney.com/api/data/v1/get,2026-07-22T01:02:21+00:00
2017-12-20,4151.91455625,https://datacenter-web.eastmoney.com/api/data/v1/get,2026-07-22T01:02:21+00:00
2017-12-21,4157.39733710,https://datacenter-web.eastmoney.com/api/data/v1/get,2026-07-22T01:02:21+00:00
2017-12-22,4154.30055174,https://datacenter-web.eastmoney.com/api/data/v1/get,2026-07-22T01:02:21+00:00
2017-12-25,4166.86670698,https://datacenter-web.eastmoney.com/api/data/v1/get,2026-07-22T01:02:21+00:00
2017-12-26,4178.53545964,https://datacenter-web.eastmoney.com/api/data/v1/get,2026-07-22T01:02:21+00:00
2017-12-27,4192.03537304,https://datacenter-web.eastmoney.com/api/data/v1/get,2026-07-22T01:02:21+00:00
2017-12-28,4195.92041418,https://datacenter-web.eastmoney.com/api/data/v1/get,2026-07-22T01:02:21+00:00
2017-12-29,4164.75993105,https://datacenter-web.eastmoney.com/api/data/v1/get,2026-07-22T01:02:21+00:00
2018-01-02,4167.86551136,https://datacenter-web.eastmoney.com/api/data/v1/get,2026-07-22T01:02:21+00:00
2018-01-03,4180.38453643,https://datacenter-web.eastmoney.com/api/data/v1/get,2026-07-22T01:02:21+00:00
2018-01-04,4183.93156625,https://datacenter-web.eastmoney.com/api/data/v1/get,2026-07-22T01:02:21+00:00
2018-01-05,4177.80059574,https://datacenter-web.eastmoney.com/api/data/v1/get,2026-07-22T01:02:21+00:00
2018-01-08,4197.57512895,https://datacenter-web.eastmoney.com/api/data/v1/get,2026-07-22T01:02:21+00:00
2018-01-09,4213.31167175,https://datacenter-web.eastmoney.com/api/data/v1/get,2026-07-22T01:02:21+00:00
2018-01-10,4228.87438096,https://datacenter-web.eastmoney.com/api/data/v1/get,2026-07-22T01:02:21+00:00
2018-01-11,4245.30615308,https://datacenter-web.eastmoney.com/api/data/v1/get,2026-07-22T01:02:21+00:00
2018-01-12,4237.11946855,https://datacenter-web.eastmoney.com/api/data/v1/get,2026-07-22T01:02:21+00:00
2018-01-15,4236.88666962,https://datacenter-web.eastmoney.com/api/data/v1/get,2026-07-22T01:02:21+00:00
2018-01-16,4247.95783333,https://datacenter-web.eastmoney.com/api/data/v1/get,2026-07-22T01:02:21+00:00
2018-01-17,4253.52253011,https://datacenter-web.eastmoney.com/api/data/v1/get,2026-07-22T01:02:21+00:00
2018-01-18,4256.49876189,https://datacenter-web.eastmoney.com/api/data/v1/get,2026-07-22T01:02:21+00:00
2018-01-19,4250.38667651,https://datacenter-web.eastmoney.com/api/data/v1/get,2026-07-22T01:02:21+00:00
2018-01-22,4263.37351348,https://datacenter-web.eastmoney.com/api/data/v1/get,2026-07-22T01:02:21+00:00
2018-01-23,4268.41578991,https://datacenter-web.eastmoney.com/api/data/v1/get,2026-07-22T01:02:21+00:00
2018-01-24,4289.78787026,https://datacenter-web.eastmoney.com/api/data/v1/get,2026-07-22T01:02:21+00:00
2018-01-25,4288.34763488,https://datacenter-web.eastmoney.com/api/data/v1/get,2026-07-22T01:02:21+00:00
2018-01-26,4276.40006021,https://datacenter-web.eastmoney.com/api/data/v1/get,2026-07-22T01:02:21+00:00
2018-01-29,4297.33941151,https://datacenter-web.eastmoney.com/api/data/v1/get,2026-07-22T01:02:21+00:00
2018-01-30,4302.24103947,https://datacenter-web.eastmoney.com/api/data/v1/get,2026-07-22T01:02:21+00:00
2018-01-31,4288.72876720,https://datacenter-web.eastmoney.com/api/data/v1/get,2026-07-22T01:02:21+00:00
2018-02-01,4252.72063589,https://datacenter-web.eastmoney.com/api/data/v1/get,2026-07-22T01:02:21+00:00
2018-02-02,4217.22516810,https://datacenter-web.eastmoney.com/api/data/v1/get,2026-07-22T01:02:21+00:00
2018-02-05,4207.12495129,https://datacenter-web.eastmoney.com/api/data/v1/get,2026-07-22T01:02:21+00:00
2018-02-06,4152.30395334,https://datacenter-web.eastmoney.com/api/data/v1/get,2026-07-22T01:02:21+00:00
2018-02-07,4127.43088709,https://datacenter-web.eastmoney.com/api/data/v1/get,2026-07-22T01:02:21+00:00
2018-02-08,4102.23893273,https://datacenter-web.eastmoney.com/api/data/v1/get,2026-07-22T01:02:21+00:00
2018-02-09,4030.99304754,https://datacenter-web.eastmoney.com/api/data/v1/get,2026-07-22T01:02:21+00:00
2018-02-12,3995.16672512,https://datacenter-web.eastmoney.com/api/data/v1/get,2026-07-22T01:02:21+00:00
2018-02-13,3960.06009472,https://datacenter-web.eastmoney.com/api/data/v1/get,2026-07-22T01:02:21+00:00
2018-02-14,3901.76660654,https://datacenter-web.eastmoney.com/api/data/v1/get,2026-07-22T01:02:21+00:00
2018-02-22,3921.33610438,https://datacenter-web.eastmoney.com/api/data/v1/get,2026-07-22T01:02:21+00:00
2018-02-23,3923.47602366,https://datacenter-web.eastmoney.com/api/data/v1/get,2026-07-22T01:02:21+00:00
2018-02-26,3950.07796231,https://datacenter-web.eastmoney.com/api/data/v1/get,2026-07-22T01:02:21+00:00
2018-02-27,3957.70641779,https://datacenter-web.eastmoney.com/api/data/v1/get,2026-07-22T01:02:21+00:00
2018-02-28,3956.79399247,https://datacenter-web.eastmoney.com/api/data/v1/get,2026-07-22T01:02:21+00:00
2018-03-01,3975.05614155,https://datacenter-web.eastmoney.com/api/data/v1/get,2026-07-22T01:02:21+00:00
2018-03-02,3973.75713409,https://datacenter-web.eastmoney.com/api/data/v1/get,2026-07-22T01:02:21+00:00
2018-03-05,3973.97342785,https://datacenter-web.eastmoney.com/api/data/v1/get,2026-07-22T01:02:21+00:00
2018-03-06,3979.02385383,https://datacenter-web.eastmoney.com/api/data/v1/get,2026-07-22T01:02:21+00:00
2018-03-07,3975.29554679,https://datacenter-web.eastmoney.com/api/data/v1/get,2026-07-22T01:02:21+00:00
2018-03-08,3975.81104062,https://datacenter-web.eastmoney.com/api/data/v1/get,2026-07-22T01:02:21+00:00
2018-03-09,3977.83822833,https://datacenter-web.eastmoney.com/api/data/v1/get,2026-07-22T01:02:21+00:00
2018-03-12,4001.50201173,https://datacenter-web.eastmoney.com/api/data/v1/get,2026-07-22T01:02:21+00:00
2018-03-13,4010.32327058,https://datacenter-web.eastmoney.com/api/data/v1/get,2026-07-22T01:02:21+00:00
2018-03-14,4022.19593506,https://datacenter-web.eastmoney.com/api/data/v1/get,2026-07-22T01:02:21+00:00
2018-03-15,4025.35198326,https://datacenter-web.eastmoney.com/api/data/v1/get,2026-07-22T01:02:21+00:00
2018-03-16,4006.94644568,https://datacenter-web.eastmoney.com/api/data/v1/get,2026-07-22T01:02:21+00:00
2018-03-19,4011.28627955,https://datacenter-web.eastmoney.com/api/data/v1/get,2026-07-22T01:02:21+00:00
2018-03-20,4011.16254520,https://datacenter-web.eastmoney.com/api/data/v1/get,2026-07-22T01:02:21+00:00
2018-03-21,4017.21632428,https://datacenter-web.eastmoney.com/api/data/v1/get,2026-07-22T01:02:21+00:00
2018-03-22,4023.21885871,https://datacenter-web.eastmoney.com/api/data/v1/get,2026-07-22T01:02:21+00:00
2018-03-23,3958.24586161,https://datacenter-web.eastmoney.com/api/data/v1/get,2026-07-22T01:02:21+00:00
2018-03-26,3965.74411318,https://datacenter-web.eastmoney.com/api/data/v1/get,2026-07-22T01:02:21+00:00
2018-03-27,3967.47586650,https://datacenter-web.eastmoney.com/api/data/v1/get,2026-07-22T01:02:21+00:00
2018-03-28,3965.04184064,https://datacenter-web.eastmoney.com/api/data/v1/get,2026-07-22T01:02:21+00:00
2018-03-29,3976.99485376,https://datacenter-web.eastmoney.com/api/data/v1/get,2026-07-22T01:02:21+00:00
2018-03-30,3969.07457138,https://datacenter-web.eastmoney.com/api/data/v1/get,2026-07-22T01:02:21+00:00
2018-04-02,3978.27599652,https://datacenter-web.eastmoney.com/api/data/v1/get,2026-07-22T01:02:21+00:00
2018-04-03,3975.91965582,https://datacenter-web.eastmoney.com/api/data/v1/get,2026-07-22T01:02:21+00:00
2018-04-04,3946.31001181,https://datacenter-web.eastmoney.com/api/data/v1/get,2026-07-22T01:02:21+00:00
2018-04-09,3962.34174010,https://datacenter-web.eastmoney.com/api/data/v1/get,2026-07-22T01:02:21+00:00
2018-04-10,3955.73831621,https://datacenter-web.eastmoney.com/api/data/v1/get,2026-07-22T01:02:21+00:00
2018-04-11,3956.60077231,https://datacenter-web.eastmoney.com/api/data/v1/get,2026-07-22T01:02:21+00:00
2018-04-12,3952.64707895,https://datacenter-web.eastmoney.com/api/data/v1/get,2026-07-22T01:02:21+00:00
2018-04-13,3943.96563851,https://datacenter-web.eastmoney.com/api/data/v1/get,2026-07-22T01:02:21+00:00
2018-04-16,3946.90880801,https://datacenter-web.eastmoney.com/api/data/v1/get,2026-07-22T01:02:21+00:00
2018-04-17,3930.95103488,https://datacenter-web.eastmoney.com/api/data/v1/get,2026-07-22T01:02:21+00:00
2018-04-18,3930.77126067,https://datacenter-web.eastmoney.com/api/data/v1/get,2026-07-22T01:02:21+00:00
2018-04-19,3920.08545233,https://datacenter-web.eastmoney.com/api/data/v1/get,2026-07-22T01:02:21+00:00
2018-04-20,3894.92059494,https://datacenter-web.eastmoney.com/api/data/v1/get,2026-07-22T01:02:21+00:00
2018-04-23,3902.52410146,https://datacenter-web.eastmoney.com/api/data/v1/get,2026-07-22T01:02:21+00:00
2018-04-24,3892.19416799,https://datacenter-web.eastmoney.com/api/data/v1/get,2026-07-22T01:02:21+00:00
2018-04-25,3899.33145256,https://datacenter-web.eastmoney.com/api/data/v1/get,2026-07-22T01:02:21+00:00
2018-04-26,3899.06036059,https://datacenter-web.eastmoney.com/api/data/v1/get,2026-07-22T01:02:21+00:00
2018-04-27,3860.35295367,https://datacenter-web.eastmoney.com/api/data/v1/get,2026-07-22T01:02:21+00:00
2018-05-02,3852.50440211,https://datacenter-web.eastmoney.com/api/data/v1/get,2026-07-22T01:02:21+00:00
2018-05-03,3850.55727310,https://datacenter-web.eastmoney.com/api/data/v1/get,2026-07-22T01:02:21+00:00
2018-05-04,3843.16734743,https://datacenter-web.eastmoney.com/api/data/v1/get,2026-07-22T01:02:21+00:00
2018-05-07,3853.92076671,https://datacenter-web.eastmoney.com/api/data/v1/get,2026-07-22T01:02:21+00:00
2018-05-08,3858.00108159,https://datacenter-web.eastmoney.com/api/data/v1/get,2026-07-22T01:02:21+00:00
2018-05-09,3870.96943269,https://datacenter-web.eastmoney.com/api/data/v1/get,2026-07-22T01:02:21+00:00
2018-05-10,3881.51723147,https://datacenter-web.eastmoney.com/api/data/v1/get,2026-07-22T01:02:21+00:00
2018-05-11,3865.92687615,https://datacenter-web.eastmoney.com/api/data/v1/get,2026-07-22T01:02:21+00:00
2018-05-14,3871.80570209,https://datacenter-web.eastmoney.com/api/data/v1/get,2026-07-22T01:02:21+00:00
2018-05-15,3876.64773420,https://datacenter-web.eastmoney.com/api/data/v1/get,2026-07-22T01:02:21+00:00
2018-05-16,3872.51087952,https://datacenter-web.eastmoney.com/api/data/v1/get,2026-07-22T01:02:21+00:00
2018-05-17,3885.10524113,https://datacenter-web.eastmoney.com/api/data/v1/get,2026-07-22T01:02:21+00:00
2018-05-18,3875.73181030,https://datacenter-web.eastmoney.com/api/data/v1/get,2026-07-22T01:02:21+00:00
2018-05-21,3891.24461810,https://datacenter-web.eastmoney.com/api/data/v1/get,2026-07-22T01:02:21+00:00
2018-05-22,3909.96669756,https://datacenter-web.eastmoney.com/api/data/v1/get,2026-07-22T01:02:21+00:00
2018-05-23,3912.00049182,https://datacenter-web.eastmoney.com/api/data/v1/get,2026-07-22T01:02:21+00:00
2018-05-24,3921.66449777,https://datacenter-web.eastmoney.com/api/data/v1/get,2026-07-22T01:02:21+00:00
2018-05-25,3907.93511781,https://datacenter-web.eastmoney.com/api/data/v1/get,2026-07-22T01:02:21+00:00
2018-05-28,3908.60215607,https://datacenter-web.eastmoney.com/api/data/v1/get,2026-07-22T01:02:21+00:00
2018-05-29,3904.83320293,https://datacenter-web.eastmoney.com/api/data/v1/get,2026-07-22T01:02:21+00:00
2018-05-30,3883.26799695,https://datacenter-web.eastmoney.com/api/data/v1/get,2026-07-22T01:02:21+00:00
2018-05-31,3876.72533422,https://datacenter-web.eastmoney.com/api/data/v1/get,2026-07-22T01:02:21+00:00
2018-06-01,3861.41276730,https://datacenter-web.eastmoney.com/api/data/v1/get,2026-07-22T01:02:21+00:00
2018-06-04,3851.91691580,https://datacenter-web.eastmoney.com/api/data/v1/get,2026-07-22T01:02:21+00:00
2018-06-05,3850.47163116,https://datacenter-web.eastmoney.com/api/data/v1/get,2026-07-22T01:02:21+00:00
2018-06-06,3847.82555889,https://datacenter-web.eastmoney.com/api/data/v1/get,2026-07-22T01:02:21+00:00
2018-06-07,3845.21563441,https://datacenter-web.eastmoney.com/api/data/v1/get,2026-07-22T01:02:21+00:00
2018-06-08,3831.54196980,https://datacenter-web.eastmoney.com/api/data/v1/get,2026-07-22T01:02:21+00:00
2018-06-11,3821.34507238,https://datacenter-web.eastmoney.com/api/data/v1/get,2026-07-22T01:02:21+00:00
2018-06-12,3817.86621694,https://datacenter-web.eastmoney.com/api/data/v1/get,2026-07-22T01:02:21+00:00
2018-06-13,3805.99293886,https://datacenter-web.eastmoney.com/api/data/v1/get,2026-07-22T01:02:21+00:00
2018-06-14,3807.23914117,https://datacenter-web.eastmoney.com/api/data/v1/get,2026-07-22T01:02:21+00:00
2018-06-15,3774.73144163,https://datacenter-web.eastmoney.com/api/data/v1/get,2026-07-22T01:02:21+00:00
2018-06-19,3696.83911401,https://datacenter-web.eastmoney.com/api/data/v1/get,2026-07-22T01:02:21+00:00
2018-06-20,3671.32546902,https://datacenter-web.eastmoney.com/api/data/v1/get,2026-07-22T01:02:21+00:00
2018-06-21,3634.63652347,https://datacenter-web.eastmoney.com/api/data/v1/get,2026-07-22T01:02:21+00:00
2018-06-22,3612.69016745,https://datacenter-web.eastmoney.com/api/data/v1/get,2026-07-22T01:02:21+00:00
2018-06-25,3604.99681722,https://datacenter-web.eastmoney.com/api/data/v1/get,2026-07-22T01:02:21+00:00
2018-06-26,3612.42930948,https://datacenter-web.eastmoney.com/api/data/v1/get,2026-07-22T01:02:21+00:00
2018-06-27,3605.45668731,https://datacenter-web.eastmoney.com/api/data/v1/get,2026-07-22T01:02:21+00:00
2018-06-28,3593.74305766,https://datacenter-web.eastmoney.com/api/data/v1/get,2026-07-22T01:02:21+00:00
2018-06-29,3593.86555553,https://datacenter-web.eastmoney.com/api/data/v1/get,2026-07-22T01:02:21+00:00
2018-07-02,3585.29913990,https://datacenter-web.eastmoney.com/api/data/v1/get,2026-07-22T01:02:21+00:00
2018-07-03,3599.18774092,https://datacenter-web.eastmoney.com/api/data/v1/get,2026-07-22T01:02:21+00:00
2018-07-04,3578.54084222,https://datacenter-web.eastmoney.com/api/data/v1/get,2026-07-22T01:02:21+00:00
2018-07-05,3563.54692433,https://datacenter-web.eastmoney.com/api/data/v1/get,2026-07-22T01:02:21+00:00
2018-07-06,3553.18023238,https://datacenter-web.eastmoney.com/api/data/v1/get,2026-07-22T01:02:21+00:00
2018-07-09,3549.47854017,https://datacenter-web.eastmoney.com/api/data/v1/get,2026-07-22T01:02:21+00:00
2018-07-10,3544.01045823,https://datacenter-web.eastmoney.com/api/data/v1/get,2026-07-22T01:02:21+00:00
2018-07-11,3525.26098680,https://datacenter-web.eastmoney.com/api/data/v1/get,2026-07-22T01:02:21+00:00
2018-07-12,3539.14689707,https://datacenter-web.eastmoney.com/api/data/v1/get,2026-07-22T01:02:21+00:00
2018-07-13,3522.58956166,https://datacenter-web.eastmoney.com/api/data/v1/get,2026-07-22T01:02:21+00:00
2018-07-16,3524.26830767,https://datacenter-web.eastmoney.com/api/data/v1/get,2026-07-22T01:02:21+00:00
2018-07-17,3527.76612546,https://datacenter-web.eastmoney.com/api/data/v1/get,2026-07-22T01:02:21+00:00
2018-07-18,3525.48438733,https://datacenter-web.eastmoney.com/api/data/v1/get,2026-07-22T01:02:21+00:00
2018-07-19,3522.72170045,https://datacenter-web.eastmoney.com/api/data/v1/get,2026-07-22T01:02:21+00:00
2018-07-20,3515.07465893,https://datacenter-web.eastmoney.com/api/data/v1/get,2026-07-22T01:02:21+00:00
2018-07-23,3507.93680085,https://datacenter-web.eastmoney.com/api/data/v1/get,2026-07-22T01:02:21+00:00
2018-07-24,3509.54151650,https://datacenter-web.eastmoney.com/api/data/v1/get,2026-07-22T01:02:21+00:00
2018-07-25,3513.45714698,https://datacenter-web.eastmoney.com/api/data/v1/get,2026-07-22T01:02:21+00:00
2018-07-26,3521.52363874,https://datacenter-web.eastmoney.com/api/data/v1/get,2026-07-22T01:02:21+00:00
2018-07-27,3512.40674761,https://datacenter-web.eastmoney.com/api/data/v1/get,2026-07-22T01:02:21+00:00
2018-07-30,3513.02145183,https://datacenter-web.eastmoney.com/api/data/v1/get,2026-07-22T01:02:21+00:00
2018-07-31,3514.46794599,https://datacenter-web.eastmoney.com/api/data/v1/get,2026-07-22T01:02:21+00:00
2018-08-01,3506.69165939,https://datacenter-web.eastmoney.com/api/data/v1/get,2026-07-22T01:02:21+00:00
2018-08-02,3495.05442181,https://datacenter-web.eastmoney.com/api/data/v1/get,2026-07-22T01:02:21+00:00
2018-08-03,3476.59999331,https://datacenter-web.eastmoney.com/api/data/v1/get,2026-07-22T01:02:21+00:00
2018-08-06,3464.76879295,https://datacenter-web.eastmoney.com/api/data/v1/get,2026-07-22T01:02:21+00:00
2018-08-07,3452.38930972,https://datacenter-web.eastmoney.com/api/data/v1/get,2026-07-22T01:02:21+00:00
2018-08-08,3439.42012636,https://datacenter-web.eastmoney.com/api/data/v1/get,2026-07-22T01:02:21+00:00
2018-08-09,3448.92143580,https://datacenter-web.eastmoney.com/api/data/v1/get,2026-07-22T01:02:21+00:00
2018-08-10,3434.46359033,https://datacenter-web.eastmoney.com/api/data/v1/get,2026-07-22T01:02:21+00:00
2018-08-13,3436.95897392,https://datacenter-web.eastmoney.com/api/data/v1/get,2026-07-22T01:02:21+00:00
2018-08-14,3441.45327341,https://datacenter-web.eastmoney.com/api/data/v1/get,2026-07-22T01:02:21+00:00
2018-08-15,3436.60035659,https://datacenter-web.eastmoney.com/api/data/v1/get,2026-07-22T01:02:21+00:00
2018-08-16,3432.09012854,https://datacenter-web.eastmoney.com/api/data/v1/get,2026-07-22T01:02:21+00:00
2018-08-17,3412.56647225,https://datacenter-web.eastmoney.com/api/data/v1/get,2026-07-22T01:02:21+00:00
2018-08-20,3407.36970102,https://datacenter-web.eastmoney.com/api/data/v1/get,2026-07-22T01:02:21+00:00
2018-08-21,3391.89607038,https://datacenter-web.eastmoney.com/api/data/v1/get,2026-07-22T01:02:21+00:00
2018-08-22,3382.93904134,https://datacenter-web.eastmoney.com/api/data/v1/get,2026-07-22T01:02:21+00:00
2018-08-23,3382.18964797,https://datacenter-web.eastmoney.com/api/data/v1/get,2026-07-22T01:02:21+00:00
2018-08-24,3374.06482191,https://datacenter-web.eastmoney.com/api/data/v1/get,2026-07-22T01:02:21+00:00
2018-08-27,3373.56814934,https://datacenter-web.eastmoney.com/api/data/v1/get,2026-07-22T01:02:21+00:00
2018-08-28,3372.12943401,https://datacenter-web.eastmoney.com/api/data/v1/get,2026-07-22T01:02:21+00:00
2018-08-29,3379.13958861,https://datacenter-web.eastmoney.com/api/data/v1/get,2026-07-22T01:02:21+00:00
2018-08-30,3376.44835354,https://datacenter-web.eastmoney.com/api/data/v1/get,2026-07-22T01:02:21+00:00
2018-08-31,3363.23446411,https://datacenter-web.eastmoney.com/api/data/v1/get,2026-07-22T01:02:21+00:00
2018-09-03,3364.22846571,https://datacenter-web.eastmoney.com/api/data/v1/get,2026-07-22T01:02:21+00:00
2018-09-04,3366.56683663,https://datacenter-web.eastmoney.com/api/data/v1/get,2026-07-22T01:02:21+00:00
2018-09-05,3361.40079839,https://datacenter-web.eastmoney.com/api/data/v1/get,2026-07-22T01:02:21+00:00
2018-09-06,3360.53986044,https://datacenter-web.eastmoney.com/api/data/v1/get,2026-07-22T01:02:21+00:00
2018-09-07,3348.65439257,https://datacenter-web.eastmoney.com/api/data/v1/get,2026-07-22T01:02:21+00:00
2018-09-10,3337.71679189,https://datacenter-web.eastmoney.com/api/data/v1/get,2026-07-22T01:02:21+00:00
2018-09-11,3332.42211142,https://datacenter-web.eastmoney.com/api/data/v1/get,2026-07-22T01:02:21+00:00
2018-09-12,3335.34328544,https://datacenter-web.eastmoney.com/api/data/v1/get,2026-07-22T01:02:21+00:00
2018-09-13,3335.29398711,https://datacenter-web.eastmoney.com/api/data/v1/get,2026-07-22T01:02:21+00:00
2018-09-14,3318.04871189,https://datacenter-web.eastmoney.com/api/data/v1/get,2026-07-22T01:02:21+00:00
2018-09-17,3309.18420397,https://datacenter-web.eastmoney.com/api/data/v1/get,2026-07-22T01:02:21+00:00
2018-09-18,3311.55886431,https://datacenter-web.eastmoney.com/api/data/v1/get,2026-07-22T01:02:21+00:00
2018-09-19,3301.75957449,https://datacenter-web.eastmoney.com/api/data/v1/get,2026-07-22T01:02:21+00:00
2018-09-20,3293.06053875,https://datacenter-web.eastmoney.com/api/data/v1/get,2026-07-22T01:02:21+00:00
2018-09-21,3275.76973833,https://datacenter-web.eastmoney.com/api/data/v1/get,2026-07-22T01:02:21+00:00
2018-09-25,3278.27927346,https://datacenter-web.eastmoney.com/api/data/v1/get,2026-07-22T01:02:21+00:00
2018-09-26,3266.83729117,https://datacenter-web.eastmoney.com/api/data/v1/get,2026-07-22T01:02:21+00:00
2018-09-27,3256.07432496,https://datacenter-web.eastmoney.com/api/data/v1/get,2026-07-22T01:02:21+00:00
2018-09-28,3221.52996593,https://datacenter-web.eastmoney.com/api/data/v1/get,2026-07-22T01:02:21+00:00
2018-10-08,3236.24829020,https://datacenter-web.eastmoney.com/api/data/v1/get,2026-07-22T01:02:21+00:00
2018-10-09,3231.83149799,https://datacenter-web.eastmoney.com/api/data/v1/get,2026-07-22T01:02:21+00:00
2018-10-10,3230.31476681,https://datacenter-web.eastmoney.com/api/data/v1/get,2026-07-22T01:02:21+00:00
2018-10-11,3162.85483705,https://datacenter-web.eastmoney.com/api/data/v1/get,2026-07-22T01:02:21+00:00
2018-10-12,3104.01544859,https://datacenter-web.eastmoney.com/api/data/v1/get,2026-07-22T01:02:21+00:00
2018-10-15,3083.75035203,https://datacenter-web.eastmoney.com/api/data/v1/get,2026-07-22T01:02:21+00:00
2018-10-16,3042.69500257,https://datacenter-web.eastmoney.com/api/data/v1/get,2026-07-22T01:02:21+00:00
2018-10-17,3022.71335645,https://datacenter-web.eastmoney.com/api/data/v1/get,2026-07-22T01:02:21+00:00
2018-10-18,2997.91757199,https://datacenter-web.eastmoney.com/api/data/v1/get,2026-07-22T01:02:21+00:00
2018-10-19,2979.63829324,https://datacenter-web.eastmoney.com/api/data/v1/get,2026-07-22T01:02:21+00:00
2018-10-22,2978.93056359,https://datacenter-web.eastmoney.com/api/data/v1/get,2026-07-22T01:02:21+00:00
2018-10-23,2980.66151033,https://datacenter-web.eastmoney.com/api/data/v1/get,2026-07-22T01:02:21+00:00
2018-10-24,2982.15970097,https://datacenter-web.eastmoney.com/api/data/v1/get,2026-07-22T01:02:21+00:00
2018-10-25,2977.17174068,https://datacenter-web.eastmoney.com/api/data/v1/get,2026-07-22T01:02:21+00:00
2018-10-26,2970.52548857,https://datacenter-web.eastmoney.com/api/data/v1/get,2026-07-22T01:02:21+00:00
2018-10-29,2971.20079424,https://datacenter-web.eastmoney.com/api/data/v1/get,2026-07-22T01:02:21+00:00
2018-10-30,2962.13346620,https://datacenter-web.eastmoney.com/api/data/v1/get,2026-07-22T01:02:21+00:00
2018-10-31,2959.53920166,https://datacenter-web.eastmoney.com/api/data/v1/get,2026-07-22T01:02:21+00:00
2018-11-01,2958.89528898,https://datacenter-web.eastmoney.com/api/data/v1/get,2026-07-22T01:02:21+00:00
2018-11-02,2943.47716183,https://datacenter-web.eastmoney.com/api/data/v1/get,2026-07-22T01:02:21+00:00
2018-11-05,2949.21955460,https://datacenter-web.eastmoney.com/api/data/v1/get,2026-07-22T01:02:21+00:00
2018-11-06,2955.18657469,https://datacenter-web.eastmoney.com/api/data/v1/get,2026-07-22T01:02:21+00:00
2018-11-07,2954.20448230,https://datacenter-web.eastmoney.com/api/data/v1/get,2026-07-22T01:02:21+00:00
2018-11-08,2949.09405030,https://datacenter-web.eastmoney.com/api/data/v1/get,2026-07-22T01:02:21+00:00
2018-11-09,2943.86514892,https://datacenter-web.eastmoney.com/api/data/v1/get,2026-07-22T01:02:21+00:00
2018-11-12,2951.01900718,https://datacenter-web.eastmoney.com/api/data/v1/get,2026-07-22T01:02:21+00:00
2018-11-13,2953.88413241,https://datacenter-web.eastmoney.com/api/data/v1/get,2026-07-22T01:02:21+00:00
2018-11-14,2959.28521910,https://datacenter-web.eastmoney.com/api/data/v1/get,2026-07-22T01:02:21+00:00
2018-11-15,2967.52563125,https://datacenter-web.eastmoney.com/api/data/v1/get,2026-07-22T01:02:21+00:00
2018-11-16,2960.69634259,https://datacenter-web.eastmoney.com/api/data/v1/get,2026-07-22T01:02:21+00:00
2018-11-19,2970.81932403,https://datacenter-web.eastmoney.com/api/data/v1/get,2026-07-22T01:02:21+00:00
2018-11-20,2982.94098047,https://datacenter-web.eastmoney.com/api/data/v1/get,2026-07-22T01:02:21+00:00
2018-11-21,2984.73678506,https://datacenter-web.eastmoney.com/api/data/v1/get,2026-07-22T01:02:21+00:00
2018-11-22,2984.70351310,https://datacenter-web.eastmoney.com/api/data/v1/get,2026-07-22T01:02:21+00:00
2018-11-23,2961.16256113,https://datacenter-web.eastmoney.com/api/data/v1/get,2026-07-22T01:02:21+00:00
2018-11-26,2954.21583275,https://datacenter-web.eastmoney.com/api/data/v1/get,2026-07-22T01:02:21+00:00
2018-11-27,2951.52651935,https://datacenter-web.eastmoney.com/api/data/v1/get,2026-07-22T01:02:21+00:00
2018-11-28,2953.86261975,https://datacenter-web.eastmoney.com/api/data/v1/get,2026-07-22T01:02:21+00:00
2018-11-29,2942.30596925,https://datacenter-web.eastmoney.com/api/data/v1/get,2026-07-22T01:02:21+00:00
2018-11-30,2933.62130705,https://datacenter-web.eastmoney.com/api/data/v1/get,2026-07-22T01:02:21+00:00
2018-12-03,2937.52687448,https://datacenter-web.eastmoney.com/api/data/v1/get,2026-07-22T01:02:21+00:00
2018-12-04,2939.54591786,https://datacenter-web.eastmoney.com/api/data/v1/get,2026-07-22T01:02:21+00:00
2018-12-05,2942.19190187,https://datacenter-web.eastmoney.com/api/data/v1/get,2026-07-22T01:02:21+00:00
2018-12-06,2944.80195527,https://datacenter-web.eastmoney.com/api/data/v1/get,2026-07-22T01:02:21+00:00
2018-12-07,2938.54011634,https://datacenter-web.eastmoney.com/api/data/v1/get,2026-07-22T01:02:21+00:00
2018-12-10,2943.04241263,https://datacenter-web.eastmoney.com/api/data/v1/get,2026-07-22T01:02:21+00:00
2018-12-11,2941.69621287,https://datacenter-web.eastmoney.com/api/data/v1/get,2026-07-22T01:02:21+00:00
2018-12-12,2935.91029455,https://datacenter-web.eastmoney.com/api/data/v1/get,2026-07-22T01:02:21+00:00
2018-12-13,2934.11411712,https://datacenter-web.eastmoney.com/api/data/v1/get,2026-07-22T01:02:21+00:00
2018-12-14,2915.52760397,https://datacenter-web.eastmoney.com/api/data/v1/get,2026-07-22T01:02:21+00:00
2018-12-17,2921.90740522,https://datacenter-web.eastmoney.com/api/data/v1/get,2026-07-22T01:02:21+00:00
2018-12-18,2923.51720051,https://datacenter-web.eastmoney.com/api/data/v1/get,2026-07-22T01:02:21+00:00
2018-12-19,2914.00226605,https://datacenter-web.eastmoney.com/api/data/v1/get,2026-07-22T01:02:21+00:00
2018-12-20,2918.46405825,https://datacenter-web.eastmoney.com/api/data/v1/get,2026-07-22T01:02:21+00:00
2018-12-21,2911.32816054,https://datacenter-web.eastmoney.com/api/data/v1/get,2026-07-22T01:02:21+00:00
2018-12-24,2911.23632160,https://datacenter-web.eastmoney.com/api/data/v1/get,2026-07-22T01:02:21+00:00
2018-12-25,2905.79895839,https://datacenter-web.eastmoney.com/api/data/v1/get,2026-07-22T01:02:21+00:00
2018-12-26,2901.33690306,https://datacenter-web.eastmoney.com/api/data/v1/get,2026-07-22T01:02:21+00:00
2018-12-27,2897.43923510,https://datacenter-web.eastmoney.com/api/data/v1/get,2026-07-22T01:02:21+00:00
2018-12-28,2869.93502566,https://datacenter-web.eastmoney.com/api/data/v1/get,2026-07-22T01:02:21+00:00
2019-01-02,2874.00283127,https://datacenter-web.eastmoney.com/api/data/v1/get,2026-07-22T01:02:21+00:00
2019-01-03,2870.83873637,https://datacenter-web.eastmoney.com/api/data/v1/get,2026-07-22T01:02:21+00:00
2019-01-04,2879.14022183,https://datacenter-web.eastmoney.com/api/data/v1/get,2026-07-22T01:02:21+00:00
2019-01-07,2885.04863751,https://datacenter-web.eastmoney.com/api/data/v1/get,2026-07-22T01:02:21+00:00
2019-01-08,2879.23644127,https://datacenter-web.eastmoney.com/api/data/v1/get,2026-07-22T01:02:21+00:00
2019-01-09,2876.36713826,https://datacenter-web.eastmoney.com/api/data/v1/get,2026-07-22T01:02:21+00:00
2019-01-10,2874.68646697,https://datacenter-web.eastmoney.com/api/data/v1/get,2026-07-22T01:02:21+00:00
2019-01-11,2869.21769945,https://datacenter-web.eastmoney.com/api/data/v1/get,2026-07-22T01:02:21+00:00
2019-01-14,2868.30041570,https://datacenter-web.eastmoney.com/api/data/v1/get,2026-07-22T01:02:21+00:00
2019-01-15,2867.50169686,https://datacenter-web.eastmoney.com/api/data/v1/get,2026-07-22T01:02:21+00:00
2019-01-16,2856.40262749,https://datacenter-web.eastmoney.com/api/data/v1/get,2026-07-22T01:02:21+00:00
2019-01-17,2848.57153530,https://datacenter-web.eastmoney.com/api/data/v1/get,2026-07-22T01:02:21+00:00
2019-01-18,2835.45769472,https://datacenter-web.eastmoney.com/api/data/v1/get,2026-07-22T01:02:21+00:00
2019-01-21,2838.60255264,https://datacenter-web.eastmoney.com/api/data/v1/get,2026-07-22T01:02:21+00:00
2019-01-22,2842.94210368,https://datacenter-web.eastmoney.com/api/data/v1/get,2026-07-22T01:02:21+00:00
2019-01-23,2843.72960570,https://datacenter-web.eastmoney.com/api/data/v1/get,2026-07-22T01:02:21+00:00
2019-01-24,2844.76515806,https://datacenter-web.eastmoney.com/api/data/v1/get,2026-07-22T01:02:21+00:00
2019-01-25,2826.43760361,https://datacenter-web.eastmoney.com/api/data/v1/get,2026-07-22T01:02:21+00:00
2019-01-28,2818.42418649,https://datacenter-web.eastmoney.com/api/data/v1/get,2026-07-22T01:02:21+00:00
2019-01-29,2810.87889234,https://datacenter-web.eastmoney.com/api/data/v1/get,2026-07-22T01:02:21+00:00
2019-01-30,2795.26108201,https://datacenter-web.eastmoney.com/api/data/v1/get,2026-07-22T01:02:21+00:00
2019-01-31,2773.47126683,https://datacenter-web.eastmoney.com/api/data/v1/get,2026-07-22T01:02:21+00:00
2019-02-01,2724.39753468,https://datacenter-web.eastmoney.com/api/data/v1/get,2026-07-22T01:02:21+00:00
2019-02-11,2742.61632995,https://datacenter-web.eastmoney.com/api/data/v1/get,2026-07-22T01:02:21+00:00
2019-02-12,2761.13184093,https://datacenter-web.eastmoney.com/api/data/v1/get,2026-07-22T01:02:21+00:00
2019-02-13,2784.40246090,https://datacenter-web.eastmoney.com/api/data/v1/get,2026-07-22T01:02:21+00:00
2019-02-14,2806.20505962,https://datacenter-web.eastmoney.com/api/data/v1/get,2026-07-22T01:02:21+00:00
2019-02-15,2829.22294681,https://datacenter-web.eastmoney.com/api/data/v1/get,2026-07-22T01:02:21+00:00
2019-02-18,2855.80936193,https://datacenter-web.eastmoney.com/api/data/v1/get,2026-07-22T01:02:21+00:00
2019-02-19,2882.92873671,https://datacenter-web.eastmoney.com/api/data/v1/get,2026-07-22T01:02:21+00:00
2019-02-20,2908.34428069,https://datacenter-web.eastmoney.com/api/data/v1/get,2026-07-22T01:02:21+00:00
2019-02-21,2925.35668437,https://datacenter-web.eastmoney.com/api/data/v1/get,2026-07-22T01:02:21+00:00
2019-02-22,2952.48672010,https://datacenter-web.eastmoney.com/api/data/v1/get,2026-07-22T01:02:21+00:00
2019-02-25,3024.64059546,https://datacenter-web.eastmoney.com/api/data/v1/get,2026-07-22T01:02:21+00:00
2019-02-26,3067.59160668,https://datacenter-web.eastmoney.com/api/data/v1/get,2026-07-22T01:02:21+00:00
2019-02-27,3102.33238928,https://datacenter-web.eastmoney.com/api/data/v1/get,2026-07-22T01:02:21+00:00
2019-02-28,3119.47080011,https://datacenter-web.eastmoney.com/api/data/v1/get,2026-07-22T01:02:21+00:00
2019-03-01,3116.65859282,https://datacenter-web.eastmoney.com/api/data/v1/get,2026-07-22T01:02:21+00:00
2019-03-04,3152.82021611,https://datacenter-web.eastmoney.com/api/data/v1/get,2026-07-22T01:02:21+00:00
2019-03-05,3206.85837087,https://datacenter-web.eastmoney.com/api/data/v1/get,2026-07-22T01:02:21+00:00
2019-03-06,3238.63405611,https://datacenter-web.eastmoney.com/api/data/v1/get,2026-07-22T01:02:21+00:00
2019-03-07,3300.97254371,https://datacenter-web.eastmoney.com/api/data/v1/get,2026-07-22T01:02:21+00:00
2019-03-08,3349.96559517,https://datacenter-web.eastmoney.com/api/data/v1/get,2026-07-22T01:02:21+00:00
2019-03-11,3398.47088841,https://datacenter-web.eastmoney.com/api/data/v1/get,2026-07-22T01:02:21+00:00
2019-03-12,3430.65136252,https://datacenter-web.eastmoney.com/api/data/v1/get,2026-07-22T01:02:21+00:00
2019-03-13,3440.47178671,https://datacenter-web.eastmoney.com/api/data/v1/get,2026-07-22T01:02:21+00:00
2019-03-14,3441.29980635,https://datacenter-web.eastmoney.com/api/data/v1/get,2026-07-22T01:02:21+00:00
2019-03-15,3423.92046479,https://datacenter-web.eastmoney.com/api/data/v1/get,2026-07-22T01:02:21+00:00
2019-03-18,3445.82544834,https://datacenter-web.eastmoney.com/api/data/v1/get,2026-07-22T01:02:21+00:00
2019-03-19,3469.81965553,https://datacenter-web.eastmoney.com/api/data/v1/get,2026-07-22T01:02:21+00:00
2019-03-20,3487.08169413,https://datacenter-web.eastmoney.com/api/data/v1/get,2026-07-22T01:02:21+00:00
2019-03-21,3528.62727120,https://datacenter-web.eastmoney.com/api/data/v1/get,2026-07-22T01:02:21+00:00
2019-03-22,3525.28666842,https://datacenter-web.eastmoney.com/api/data/v1/get,2026-07-22T01:02:21+00:00
2019-03-25,3552.91358260,https://datacenter-web.eastmoney.com/api/data/v1/get,2026-07-22T01:02:21+00:00
2019-03-26,3543.00660071,https://datacenter-web.eastmoney.com/api/data/v1/get,2026-07-22T01:02:21+00:00
2019-03-27,3546.61526846,https://datacenter-web.eastmoney.com/api/data/v1/get,2026-07-22T01:02:21+00:00
2019-03-28,3559.68425407,https://datacenter-web.eastmoney.com/api/data/v1/get,2026-07-22T01:02:21+00:00
2019-03-29,3573.17635742,https://datacenter-web.eastmoney.com/api/data/v1/get,2026-07-22T01:02:21+00:00
2019-04-01,3601.37892252,https://datacenter-web.eastmoney.com/api/data/v1/get,2026-07-22T01:02:21+00:00
2019-04-02,3632.43953801,https://datacenter-web.eastmoney.com/api/data/v1/get,2026-07-22T01:02:21+00:00
2019-04-03,3657.26718211,https://datacenter-web.eastmoney.com/api/data/v1/get,2026-07-22T01:02:21+00:00
2019-04-04,3669.22931199,https://datacenter-web.eastmoney.com/api/data/v1/get,2026-07-22T01:02:21+00:00
2019-04-08,3712.50928128,https://datacenter-web.eastmoney.com/api/data/v1/get,2026-07-22T01:02:21+00:00
2019-04-09,3729.36136552,https://datacenter-web.eastmoney.com/api/data/v1/get,2026-07-22T01:02:21+00:00
2019-04-10,3761.62825148,https://datacenter-web.eastmoney.com/api/data/v1/get,2026-07-22T01:02:21+00:00
2019-04-11,3766.95369064,https://datacenter-web.eastmoney.com/api/data/v1/get,2026-07-22T01:02:21+00:00
2019-04-12,3759.40236699,https://datacenter-web.eastmoney.com/api/data/v1/get,2026-07-22T01:02:21+00:00
2019-04-15,3757.72795834,https://datacenter-web.eastmoney.com/api/data/v1/get,2026-07-22T01:02:21+00:00
2019-04-16,3790.28810727,https://datacenter-web.eastmoney.com/api/data/v1/get,2026-07-22T01:02:21+00:00
2019-04-17,3818.47220025,https://datacenter-web.eastmoney.com/api/data/v1/get,2026-07-22T01:02:21+00:00
2019-04-18,3829.55667828,https://datacenter-web.eastmoney.com/api/data/v1/get,2026-07-22T01:02:21+00:00
2019-04-19,3843.66095661,https://datacenter-web.eastmoney.com/api/data/v1/get,2026-07-22T01:02:21+00:00
2019-04-22,3852.49880539,https://datacenter-web.eastmoney.com/api/data/v1/get,2026-07-22T01:02:21+00:00
2019-04-23,3850.76163896,https://datacenter-web.eastmoney.com/api/data/v1/get,2026-07-22T01:02:21+00:00
2019-04-24,3868.69885210,https://datacenter-web.eastmoney.com/api/data/v1/get,2026-07-22T01:02:21+00:00
2019-04-25,3849.67775370,https://datacenter-web.eastmoney.com/api/data/v1/get,2026-07-22T01:02:21+00:00
2019-04-26,3839.35142078,https://datacenter-web.eastmoney.com/api/data/v1/get,2026-07-22T01:02:21+00:00
2019-04-29,3796.13325622,https://datacenter-web.eastmoney.com/api/data/v1/get,2026-07-22T01:02:21+00:00
2019-04-30,3746.32107526,https://datacenter-web.eastmoney.com/api/data/v1/get,2026-07-22T01:02:21+00:00
2019-05-06,3687.71658154,https://datacenter-web.eastmoney.com/api/data/v1/get,2026-07-22T01:02:21+00:00
2019-05-07,3664.03359147,https://datacenter-web.eastmoney.com/api/data/v1/get,2026-07-22T01:02:21+00:00
2019-05-08,3651.98719236,https://datacenter-web.eastmoney.com/api/data/v1/get,2026-07-22T01:02:21+00:00
2019-05-09,3642.26885373,https://datacenter-web.eastmoney.com/api/data/v1/get,2026-07-22T01:02:21+00:00
2019-05-10,3646.84794964,https://datacenter-web.eastmoney.com/api/data/v1/get,2026-07-22T01:02:21+00:00
2019-05-13,3633.39460343,https://datacenter-web.eastmoney.com/api/data/v1/get,2026-07-22T01:02:21+00:00
2019-05-14,3630.60602867,https://datacenter-web.eastmoney.com/api/data/v1/get,2026-07-22T01:02:21+00:00
2019-05-15,3635.90265732,https://datacenter-web.eastmoney.com/api/data/v1/get,2026-07-22T01:02:21+00:00
2019-05-16,3628.95673868,https://datacenter-web.eastmoney.com/api/data/v1/get,2026-07-22T01:02:21+00:00
2019-05-17,3608.13864308,https://datacenter-web.eastmoney.com/api/data/v1/get,2026-07-22T01:02:21+00:00
2019-05-20,3609.72879455,https://datacenter-web.eastmoney.com/api/data/v1/get,2026-07-22T01:02:21+00:00
2019-05-21,3613.46881483,https://datacenter-web.eastmoney.com/api/data/v1/get,2026-07-22T01:02:21+00:00
2019-05-22,3610.88089486,https://datacenter-web.eastmoney.com/api/data/v1/get,2026-07-22T01:02:21+00:00
2019-05-23,3601.29754389,https://datacenter-web.eastmoney.com/api/data/v1/get,2026-07-22T01:02:21+00:00
2019-05-24,3586.33383751,https://datacenter-web.eastmoney.com/api/data/v1/get,2026-07-22T01:02:21+00:00
2019-05-27,3611.21555656,https://datacenter-web.eastmoney.com/api/data/v1/get,2026-07-22T01:02:21+00:00
2019-05-28,3603.01489675,https://datacenter-web.eastmoney.com/api/data/v1/get,2026-07-22T01:02:21+00:00
2019-05-29,3603.05154905,https://datacenter-web.eastmoney.com/api/data/v1/get,2026-07-22T01:02:21+00:00
2019-05-30,3607.91288683,https://datacenter-web.eastmoney.com/api/data/v1/get,2026-07-22T01:02:21+00:00
2019-05-31,3593.71827792,https://datacenter-web.eastmoney.com/api/data/v1/get,2026-07-22T01:02:21+00:00
2019-06-03,3590.71041023,https://datacenter-web.eastmoney.com/api/data/v1/get,2026-07-22T01:02:21+00:00
2019-06-04,3576.85869570,https://datacenter-web.eastmoney.com/api/data/v1/get,2026-07-22T01:02:21+00:00
2019-06-05,3571.74114748,https://datacenter-web.eastmoney.com/api/data/v1/get,2026-07-22T01:02:21+00:00
2019-06-06,3551.34652791,https://datacenter-web.eastmoney.com/api/data/v1/get,2026-07-22T01:02:21+00:00
2019-06-10,3554.76355525,https://datacenter-web.eastmoney.com/api/data/v1/get,2026-07-22T01:02:21+00:00
2019-06-11,3569.01104639,https://datacenter-web.eastmoney.com/api/data/v1/get,2026-07-22T01:02:21+00:00
2019-06-12,3576.62441819,https://datacenter-web.eastmoney.com/api/data/v1/get,2026-07-22T01:02:21+00:00
2019-06-13,3589.11878075,https://datacenter-web.eastmoney.com/api/data/v1/get,2026-07-22T01:02:21+00:00
2019-06-14,3565.05090576,https://datacenter-web.eastmoney.com/api/data/v1/get,2026-07-22T01:02:21+00:00
2019-06-17,3570.02158161,https://datacenter-web.eastmoney.com/api/data/v1/get,2026-07-22T01:02:21+00:00
2019-06-18,3569.16629780,https://datacenter-web.eastmoney.com/api/data/v1/get,2026-07-22T01:02:21+00:00
2019-06-19,3565.86292104,https://datacenter-web.eastmoney.com/api/data/v1/get,2026-07-22T01:02:21+00:00
2019-06-20,3565.45954196,https://datacenter-web.eastmoney.com/api/data/v1/get,2026-07-22T01:02:21+00:00
2019-06-21,3562.92984699,https://datacenter-web.eastmoney.com/api/data/v1/get,2026-07-22T01:02:21+00:00
2019-06-24,3581.95149278,https://datacenter-web.eastmoney.com/api/data/v1/get,2026-07-22T01:02:21+00:00
2019-06-25,3584.02751925,https://datacenter-web.eastmoney.com/api/data/v1/get,2026-07-22T01:02:21+00:00
2019-06-26,3584.43080126,https://datacenter-web.eastmoney.com/api/data/v1/get,2026-07-22T01:02:21+00:00
2019-06-27,3589.37809305,https://datacenter-web.eastmoney.com/api/data/v1/get,2026-07-22T01:02:21+00:00
2019-06-28,3565.59063573,https://datacenter-web.eastmoney.com/api/data/v1/get,2026-07-22T01:02:21+00:00
2019-07-01,3587.95387054,https://datacenter-web.eastmoney.com/api/data/v1/get,2026-07-22T01:02:21+00:00
2019-07-02,3590.13686566,https://datacenter-web.eastmoney.com/api/data/v1/get,2026-07-22T01:02:21+00:00
2019-07-03,3607.18702346,https://datacenter-web.eastmoney.com/api/data/v1/get,2026-07-22T01:02:21+00:00
2019-07-04,3607.26831339,https://datacenter-web.eastmoney.com/api/data/v1/get,2026-07-22T01:02:21+00:00
2019-07-05,3595.27623893,https://datacenter-web.eastmoney.com/api/data/v1/get,2026-07-22T01:02:21+00:00
2019-07-08,3592.25996451,https://datacenter-web.eastmoney.com/api/data/v1/get,2026-07-22T01:02:21+00:00
2019-07-09,3587.47995718,https://datacenter-web.eastmoney.com/api/data/v1/get,2026-07-22T01:02:21+00:00
2019-07-10,3583.16393429,https://datacenter-web.eastmoney.com/api/data/v1/get,2026-07-22T01:02:21+00:00
2019-07-11,3578.30126396,https://datacenter-web.eastmoney.com/api/data/v1/get,2026-07-22T01:02:21+00:00
2019-07-12,3570.33297572,https://datacenter-web.eastmoney.com/api/data/v1/get,2026-07-22T01:02:21+00:00
2019-07-15,3578.53337644,https://datacenter-web.eastmoney.com/api/data/v1/get,2026-07-22T01:02:21+00:00
2019-07-16,3579.90795306,https://datacenter-web.eastmoney.com/api/data/v1/get,2026-07-22T01:02:21+00:00
2019-07-17,3585.85803290,https://datacenter-web.eastmoney.com/api/data/v1/get,2026-07-22T01:02:21+00:00
2019-07-18,3576.63051878,https://datacenter-web.eastmoney.com/api/data/v1/get,2026-07-22T01:02:21+00:00
2019-07-19,3572.56049991,https://datacenter-web.eastmoney.com/api/data/v1/get,2026-07-22T01:02:21+00:00
2019-07-22,3559.46907182,https://datacenter-web.eastmoney.com/api/data/v1/get,2026-07-22T01:02:21+00:00
2019-07-23,3558.57346597,https://datacenter-web.eastmoney.com/api/data/v1/get,2026-07-22T01:02:21+00:00
2019-07-24,3566.19060908,https://datacenter-web.eastmoney.com/api/data/v1/get,2026-07-22T01:02:21+00:00
2019-07-25,3573.11612714,https://datacenter-web.eastmoney.com/api/data/v1/get,2026-07-22T01:02:21+00:00
2019-07-26,3562.67460520,https://datacenter-web.eastmoney.com/api/data/v1/get,2026-07-22T01:02:21+00:00
2019-07-29,3573.58658391,https://datacenter-web.eastmoney.com/api/data/v1/get,2026-07-22T01:02:21+00:00
2019-07-30,3567.71810015,https://datacenter-web.eastmoney.com/api/data/v1/get,2026-07-22T01:02:21+00:00
2019-07-31,3567.37867568,https://datacenter-web.eastmoney.com/api/data/v1/get,2026-07-22T01:02:21+00:00
2019-08-01,3573.87050400,https://datacenter-web.eastmoney.com/api/data/v1/get,2026-07-22T01:02:21+00:00
2019-08-02,3556.99879798,https://datacenter-web.eastmoney.com/api/data/v1/get,2026-07-22T01:02:21+00:00
2019-08-05,3559.36327645,https://datacenter-web.eastmoney.com/api/data/v1/get,2026-07-22T01:02:21+00:00
2019-08-06,3538.14360650,https://datacenter-web.eastmoney.com/api/data/v1/get,2026-07-22T01:02:21+00:00
2019-08-07,3521.97279477,https://datacenter-web.eastmoney.com/api/data/v1/get,2026-07-22T01:02:21+00:00
2019-08-08,3511.67279642,https://datacenter-web.eastmoney.com/api/data/v1/get,2026-07-22T01:02:21+00:00
2019-08-09,3495.88256931,https://datacenter-web.eastmoney.com/api/data/v1/get,2026-07-22T01:02:21+00:00
2019-08-12,3502.32526230,https://datacenter-web.eastmoney.com/api/data/v1/get,2026-07-22T01:02:21+00:00
2019-08-13,3504.25952718,https://datacenter-web.eastmoney.com/api/data/v1/get,2026-07-22T01:02:21+00:00
2019-08-14,3510.66785715,https://datacenter-web.eastmoney.com/api/data/v1/get,2026-07-22T01:02:21+00:00
2019-08-15,3509.68614745,https://datacenter-web.eastmoney.com/api/data/v1/get,2026-07-22T01:02:21+00:00
2019-08-16,3513.03432525,https://datacenter-web.eastmoney.com/api/data/v1/get,2026-07-22T01:02:21+00:00
2019-08-19,3582.47751126,https://datacenter-web.eastmoney.com/api/data/v1/get,2026-07-22T01:02:21+00:00
2019-08-20,3624.62964777,https://datacenter-web.eastmoney.com/api/data/v1/get,2026-07-22T01:02:21+00:00
2019-08-21,3649.59969283,https://datacenter-web.eastmoney.com/api/data/v1/get,2026-07-22T01:02:21+00:00
2019-08-22,3678.13387949,https://datacenter-web.eastmoney.com/api/data/v1/get,2026-07-22T01:02:21+00:00
2019-08-23,3680.85031657,https://datacenter-web.eastmoney.com/api/data/v1/get,2026-07-22T01:02:21+00:00
2019-08-26,3704.79574514,https://datacenter-web.eastmoney.com/api/data/v1/get,2026-07-22T01:02:21+00:00
2019-08-27,3724.94892897,https://datacenter-web.eastmoney.com/api/data/v1/get,2026-07-22T01:02:21+00:00
2019-08-28,3743.88810778,https://datacenter-web.eastmoney.com/api/data/v1/get,2026-07-22T01:02:21+00:00
2019-08-29,3757.86880769,https://datacenter-web.eastmoney.com/api/data/v1/get,2026-07-22T01:02:21+00:00
2019-08-30,3749.36628224,https://datacenter-web.eastmoney.com/api/data/v1/get,2026-07-22T01:02:21+00:00
2019-09-02,3779.08602471,https://datacenter-web.eastmoney.com/api/data/v1/get,2026-07-22T01:02:21+00:00
2019-09-03,3805.70505326,https://datacenter-web.eastmoney.com/api/data/v1/get,2026-07-22T01:02:21+00:00
2019-09-04,3832.73405173,https://datacenter-web.eastmoney.com/api/data/v1/get,2026-07-22T01:02:21+00:00
2019-09-05,3888.28064471,https://datacenter-web.eastmoney.com/api/data/v1/get,2026-07-22T01:02:21+00:00
2019-09-06,3904.61445139,https://datacenter-web.eastmoney.com/api/data/v1/get,2026-07-22T01:02:21+00:00
2019-09-09,3969.48751726,https://datacenter-web.eastmoney.com/api/data/v1/get,2026-07-22T01:02:21+00:00
2019-09-10,4007.71177254,https://datacenter-web.eastmoney.com/api/data/v1/get,2026-07-22T01:02:21+00:00
2019-09-11,4028.86439495,https://datacenter-web.eastmoney.com/api/data/v1/get,2026-07-22T01:02:21+00:00
2019-09-12,4008.81904352,https://datacenter-web.eastmoney.com/api/data/v1/get,2026-07-22T01:02:21+00:00
2019-09-16,4056.43241552,https://datacenter-web.eastmoney.com/api/data/v1/get,2026-07-22T01:02:21+00:00
2019-09-17,4062.23171693,https://datacenter-web.eastmoney.com/api/data/v1/get,2026-07-22T01:02:21+00:00
2019-09-18,4071.84772957,https://datacenter-web.eastmoney.com/api/data/v1/get,2026-07-22T01:02:21+00:00
2019-09-19,4088.47406584,https://datacenter-web.eastmoney.com/api/data/v1/get,2026-07-22T01:02:21+00:00
2019-09-20,4076.81840327,https://datacenter-web.eastmoney.com/api/data/v1/get,2026-07-22T01:02:21+00:00
2019-09-23,4096.39846913,https://datacenter-web.eastmoney.com/api/data/v1/get,2026-07-22T01:02:21+00:00
2019-09-24,4102.74224508,https://datacenter-web.eastmoney.com/api/data/v1/get,2026-07-22T01:02:21+00:00
2019-09-25,4090.03683267,https://datacenter-web.eastmoney.com/api/data/v1/get,2026-07-22T01:02:21+00:00
2019-09-26,4062.77754948,https://datacenter-web.eastmoney.com/api/data/v1/get,2026-07-22T01:02:21+00:00
2019-09-27,4038.59761930,https://datacenter-web.eastmoney.com/api/data/v1/get,2026-07-22T01:02:21+00:00
2019-09-30,3984.87589825,https://datacenter-web.eastmoney.com/api/data/v1/get,2026-07-22T01:02:21+00:00
2019-10-08,4014.56699550,https://datacenter-web.eastmoney.com/api/data/v1/get,2026-07-22T01:02:21+00:00
2019-10-09,4021.71463288,https://datacenter-web.eastmoney.com/api/data/v1/get,2026-07-22T01:02:21+00:00
2019-10-10,4043.82398945,https://datacenter-web.eastmoney.com/api/data/v1/get,2026-07-22T01:02:21+00:00
2019-10-11,4033.76831930,https://datacenter-web.eastmoney.com/api/data/v1/get,2026-07-22T01:02:21+00:00
2019-10-14,4065.87714483,https://datacenter-web.eastmoney.com/api/data/v1/get,2026-07-22T01:02:21+00:00
2019-10-15,4057.53881912,https://datacenter-web.eastmoney.com/api/data/v1/get,2026-07-22T01:02:21+00:00
2019-10-16,4064.67490313,https://datacenter-web.eastmoney.com/api/data/v1/get,2026-07-22T01:02:21+00:00
2019-10-17,4072.82704170,https://datacenter-web.eastmoney.com/api/data/v1/get,2026-07-22T01:02:21+00:00
2019-10-18,4057.39597749,https://datacenter-web.eastmoney.com/api/data/v1/get,2026-07-22T01:02:21+00:00
2019-10-21,4057.19191340,https://datacenter-web.eastmoney.com/api/data/v1/get,2026-07-22T01:02:21+00:00
2019-10-22,4060.94556370,https://datacenter-web.eastmoney.com/api/data/v1/get,2026-07-22T01:02:21+00:00
2019-10-23,4066.43011432,https://datacenter-web.eastmoney.com/api/data/v1/get,2026-07-22T01:02:21+00:00
2019-10-24,4069.51152943,https://datacenter-web.eastmoney.com/api/data/v1/get,2026-07-22T01:02:21+00:00
2019-10-25,4074.49968800,https://datacenter-web.eastmoney.com/api/data/v1/get,2026-07-22T01:02:21+00:00
2019-10-28,4108.63642460,https://datacenter-web.eastmoney.com/api/data/v1/get,2026-07-22T01:02:21+00:00
2019-10-29,4107.25191166,https://datacenter-web.eastmoney.com/api/data/v1/get,2026-07-22T01:02:21+00:00
2019-10-30,4109.50506501,https://datacenter-web.eastmoney.com/api/data/v1/get,2026-07-22T01:02:21+00:00
2019-10-31,4102.07768519,https://datacenter-web.eastmoney.com/api/data/v1/get,2026-07-22T01:02:21+00:00
2019-11-01,4105.24564516,https://datacenter-web.eastmoney.com/api/data/v1/get,2026-07-22T01:02:21+00:00
2019-11-04,4121.08509099,https://datacenter-web.eastmoney.com/api/data/v1/get,2026-07-22T01:02:21+00:00
2019-11-05,4126.77807001,https://datacenter-web.eastmoney.com/api/data/v1/get,2026-07-22T01:02:21+00:00
2019-11-06,4128.42411930,https://datacenter-web.eastmoney.com/api/data/v1/get,2026-07-22T01:02:21+00:00
2019-11-07,4138.97357151,https://datacenter-web.eastmoney.com/api/data/v1/get,2026-07-22T01:02:21+00:00
2019-11-08,4129.50627056,https://datacenter-web.eastmoney.com/api/data/v1/get,2026-07-22T01:02:21+00:00
2019-11-11,4127.81118287,https://datacenter-web.eastmoney.com/api/data/v1/get,2026-07-22T01:02:21+00:00
2019-11-12,4125.91879167,https://datacenter-web.eastmoney.com/api/data/v1/get,2026-07-22T01:02:21+00:00
2019-11-13,4129.48152696,https://datacenter-web.eastmoney.com/api/data/v1/get,2026-07-22T01:02:21+00:00
2019-11-14,4142.03569085,https://datacenter-web.eastmoney.com/api/data/v1/get,2026-07-22T01:02:21+00:00
2019-11-15,4124.14846741,https://datacenter-web.eastmoney.com/api/data/v1/get,2026-07-22T01:02:21+00:00
2019-11-18,4130.96715916,https://datacenter-web.eastmoney.com/api/data/v1/get,2026-07-22T01:02:21+00:00
2019-11-19,4150.96926919,https://datacenter-web.eastmoney.com/api/data/v1/get,2026-07-22T01:02:21+00:00
2019-11-20,4154.46588621,https://datacenter-web.eastmoney.com/api/data/v1/get,2026-07-22T01:02:21+00:00
2019-11-21,4152.10737209,https://datacenter-web.eastmoney.com/api/data/v1/get,2026-07-22T01:02:21+00:00
2019-11-22,4128.75109050,https://datacenter-web.eastmoney.com/api/data/v1/get,2026-07-22T01:02:21+00:00
2019-11-25,4121.04777216,https://datacenter-web.eastmoney.com/api/data/v1/get,2026-07-22T01:02:21+00:00
2019-11-26,4109.31748373,https://datacenter-web.eastmoney.com/api/data/v1/get,2026-07-22T01:02:21+00:00
2019-11-27,4122.30710350,https://datacenter-web.eastmoney.com/api/data/v1/get,2026-07-22T01:02:21+00:00
2019-11-28,4119.37360700,https://datacenter-web.eastmoney.com/api/data/v1/get,2026-07-22T01:02:21+00:00
2019-11-29,4114.07975807,https://datacenter-web.eastmoney.com/api/data/v1/get,2026-07-22T01:02:21+00:00
2019-12-02,4125.74912988,https://datacenter-web.eastmoney.com/api/data/v1/get,2026-07-22T01:02:21+00:00
2019-12-03,4137.65616078,https://datacenter-web.eastmoney.com/api/data/v1/get,2026-07-22T01:02:21+00:00
2019-12-04,4139.20492779,https://datacenter-web.eastmoney.com/api/data/v1/get,2026-07-22T01:02:21+00:00
2019-12-05,4158.95903818,https://datacenter-web.eastmoney.com/api/data/v1/get,2026-07-22T01:02:21+00:00
2019-12-06,4162.05988264,https://datacenter-web.eastmoney.com/api/data/v1/get,2026-07-22T01:02:21+00:00
2019-12-09,4188.19330256,https://datacenter-web.eastmoney.com/api/data/v1/get,2026-07-22T01:02:21+00:00
2019-12-10,4206.31739120,https://datacenter-web.eastmoney.com/api/data/v1/get,2026-07-22T01:02:21+00:00
2019-12-11,4219.16690559,https://datacenter-web.eastmoney.com/api/data/v1/get,2026-07-22T01:02:21+00:00
2019-12-12,4234.57288662,https://datacenter-web.eastmoney.com/api/data/v1/get,2026-07-22T01:02:21+00:00
2019-12-13,4234.22868505,https://datacenter-web.eastmoney.com/api/data/v1/get,2026-07-22T01:02:21+00:00
2019-12-16,4288.51154451,https://datacenter-web.eastmoney.com/api/data/v1/get,2026-07-22T01:02:21+00:00
2019-12-17,4339.66722200,https://datacenter-web.eastmoney.com/api/data/v1/get,2026-07-22T01:02:21+00:00
2019-12-18,4385.11398249,https://datacenter-web.eastmoney.com/api/data/v1/get,2026-07-22T01:02:21+00:00
2019-12-19,4405.71799372,https://datacenter-web.eastmoney.com/api/data/v1/get,2026-07-22T01:02:21+00:00
2019-12-20,4395.95152383,https://datacenter-web.eastmoney.com/api/data/v1/get,2026-07-22T01:02:21+00:00
2019-12-23,4406.97737336,https://datacenter-web.eastmoney.com/api/data/v1/get,2026-07-22T01:02:21+00:00
2019-12-24,4421.90815204,https://datacenter-web.eastmoney.com/api/data/v1/get,2026-07-22T01:02:21+00:00
2019-12-25,4433.11618799,https://datacenter-web.eastmoney.com/api/data/v1/get,2026-07-22T01:02:21+00:00
2019-12-26,4452.84559052,https://datacenter-web.eastmoney.com/api/data/v1/get,2026-07-22T01:02:21+00:00
2019-12-27,4446.24972938,https://datacenter-web.eastmoney.com/api/data/v1/get,2026-07-22T01:02:21+00:00
2019-12-30,4465.58443201,https://datacenter-web.eastmoney.com/api/data/v1/get,2026-07-22T01:02:21+00:00
2019-12-31,4464.49044436,https://datacenter-web.eastmoney.com/api/data/v1/get,2026-07-22T01:02:21+00:00
2020-01-02,4492.69066938,https://datacenter-web.eastmoney.com/api/data/v1/get,2026-07-22T01:02:21+00:00
2020-01-03,4495.11452527,https://datacenter-web.eastmoney.com/api/data/v1/get,2026-07-22T01:02:21+00:00
2020-01-06,4549.72078011,https://datacenter-web.eastmoney.com/api/data/v1/get,2026-07-22T01:02:21+00:00
2020-01-07,4583.05921627,https://datacenter-web.eastmoney.com/api/data/v1/get,2026-07-22T01:02:21+00:00
2020-01-08,4594.28001826,https://datacenter-web.eastmoney.com/api/data/v1/get,2026-07-22T01:02:21+00:00
2020-01-09,4614.64019174,https://datacenter-web.eastmoney.com/api/data/v1/get,2026-07-22T01:02:21+00:00
2020-01-10,4613.20615077,https://datacenter-web.eastmoney.com/api/data/v1/get,2026-07-22T01:02:21+00:00
2020-01-13,4646.49372976,https://datacenter-web.eastmoney.com/api/data/v1/get,2026-07-22T01:02:21+00:00
2020-01-14,4652.94877392,https://datacenter-web.eastmoney.com/api/data/v1/get,2026-07-22T01:02:21+00:00
2020-01-15,4671.66892513,https://datacenter-web.eastmoney.com/api/data/v1/get,2026-07-22T01:02:21+00:00
2020-01-16,4673.69711068,https://datacenter-web.eastmoney.com/api/data/v1/get,2026-07-22T01:02:21+00:00
2020-01-17,4656.60483299,https://datacenter-web.eastmoney.com/api/data/v1/get,2026-07-22T01:02:21+00:00
2020-01-20,4687.33216157,https://datacenter-web.eastmoney.com/api/data/v1/get,2026-07-22T01:02:21+00:00
2020-01-21,4681.37678163,https://datacenter-web.eastmoney.com/api/data/v1/get,2026-07-22T01:02:21+00:00
2020-01-22,4679.52487538,https://datacenter-web.eastmoney.com/api/data/v1/get,2026-07-22T01:02:21+00:00
2020-01-23,4585.62909605,https://datacenter-web.eastmoney.com/api/data/v1/get,2026-07-22T01:02:21+00:00
2020-02-03,4535.79966199,https://datacenter-web.eastmoney.com/api/data/v1/get,2026-07-22T01:02:21+00:00
2020-02-04,4541.13085118,https://datacenter-web.eastmoney.com/api/data/v1/get,2026-07-22T01:02:21+00:00
2020-02-05,4557.38595644,https://datacenter-web.eastmoney.com/api/data/v1/get,2026-07-22T01:02:21+00:00
2020-02-06,4618.53530526,https://datacenter-web.eastmoney.com/api/data/v1/get,2026-07-22T01:02:21+00:00
2020-02-07,4654.18494599,https://datacenter-web.eastmoney.com/api/data/v1/get,2026-07-22T01:02:21+00:00
2020-02-10,4686.27200989,https://datacenter-web.eastmoney.com/api/data/v1/get,2026-07-22T01:02:21+00:00
2020-02-11,4681.63946953,https://datacenter-web.eastmoney.com/api/data/v1/get,2026-07-22T01:02:21+00:00
2020-02-12,4725.52264437,https://datacenter-web.eastmoney.com/api/data/v1/get,2026-07-22T01:02:21+00:00
2020-02-13,4744.96041178,https://datacenter-web.eastmoney.com/api/data/v1/get,2026-07-22T01:02:21+00:00
2020-02-14,4741.07708344,https://datacenter-web.eastmoney.com/api/data/v1/get,2026-07-22T01:02:21+00:00
2020-02-17,4818.92175459,https://datacenter-web.eastmoney.com/api/data/v1/get,2026-07-22T01:02:21+00:00
2020-02-18,4884.63233092,https://datacenter-web.eastmoney.com/api/data/v1/get,2026-07-22T01:02:21+00:00
2020-02-19,4905.31410786,https://datacenter-web.eastmoney.com/api/data/v1/get,2026-07-22T01:02:21+00:00
2020-02-20,4978.27789601,https://datacenter-web.eastmoney.com/api/data/v1/get,2026-07-22T01:02:21+00:00
2020-02-21,5028.66856721,https://datacenter-web.eastmoney.com/api/data/v1/get,2026-07-22T01:02:21+00:00
2020-02-24,5099.51142593,https://datacenter-web.eastmoney.com/api/data/v1/get,2026-07-22T01:02:21+00:00
2020-02-25,5176.56953744,https://datacenter-web.eastmoney.com/api/data/v1/get,2026-07-22T01:02:21+00:00
2020-02-26,5198.18162483,https://datacenter-web.eastmoney.com/api/data/v1/get,2026-07-22T01:02:21+00:00
2020-02-27,5193.58961780,https://datacenter-web.eastmoney.com/api/data/v1/get,2026-07-22T01:02:21+00:00
2020-02-28,5056.93031962,https://datacenter-web.eastmoney.com/api/data/v1/get,2026-07-22T01:02:21+00:00
2020-03-02,5113.91678858,https://datacenter-web.eastmoney.com/api/data/v1/get,2026-07-22T01:02:21+00:00
2020-03-03,5143.31095365,https://datacenter-web.eastmoney.com/api/data/v1/get,2026-07-22T01:02:21+00:00
2020-03-04,5159.24722274,https://datacenter-web.eastmoney.com/api/data/v1/get,2026-07-22T01:02:21+00:00
2020-03-05,5204.34179954,https://datacenter-web.eastmoney.com/api/data/v1/get,2026-07-22T01:02:21+00:00
2020-03-06,5203.57505604,https://datacenter-web.eastmoney.com/api/data/v1/get,2026-07-22T01:02:21+00:00
2020-03-09,5167.07449205,https://datacenter-web.eastmoney.com/api/data/v1/get,2026-07-22T01:02:21+00:00
2020-03-10,5218.69297309,https://datacenter-web.eastmoney.com/api/data/v1/get,2026-07-22T01:02:21+00:00
2020-03-11,5205.78882586,https://datacenter-web.eastmoney.com/api/data/v1/get,2026-07-22T01:02:21+00:00
2020-03-12,5188.64427401,https://datacenter-web.eastmoney.com/api/data/v1/get,2026-07-22T01:02:21+00:00
2020-03-13,5135.89788166,https://datacenter-web.eastmoney.com/api/data/v1/get,2026-07-22T01:02:21+00:00
2020-03-16,5031.96219177,https://datacenter-web.eastmoney.com/api/data/v1/get,2026-07-22T01:02:21+00:00
2020-03-17,5044.54718178,https://datacenter-web.eastmoney.com/api/data/v1/get,2026-07-22T01:02:21+00:00
2020-03-18,4991.59404542,https://datacenter-web.eastmoney.com/api/data/v1/get,2026-07-22T01:02:21+00:00
2020-03-19,5021.24537713,https://datacenter-web.eastmoney.com/api/data/v1/get,2026-07-22T01:02:21+00:00
2020-03-20,4996.49197859,https://datacenter-web.eastmoney.com/api/data/v1/get,2026-07-22T01:02:21+00:00
2020-03-23,4935.30178433,https://datacenter-web.eastmoney.com/api/data/v1/get,2026-07-22T01:02:21+00:00
2020-03-24,4937.67735485,https://datacenter-web.eastmoney.com/api/data/v1/get,2026-07-22T01:02:21+00:00
2020-03-25,4944.46164320,https://datacenter-web.eastmoney.com/api/data/v1/get,2026-07-22T01:02:21+00:00
2020-03-26,4917.25407412,https://datacenter-web.eastmoney.com/api/data/v1/get,2026-07-22T01:02:21+00:00
2020-03-27,4882.62702166,https://datacenter-web.eastmoney.com/api/data/v1/get,2026-07-22T01:02:21+00:00
2020-03-30,4860.53632524,https://datacenter-web.eastmoney.com/api/data/v1/get,2026-07-22T01:02:21+00:00
2020-03-31,4847.31326081,https://datacenter-web.eastmoney.com/api/data/v1/get,2026-07-22T01:02:21+00:00
2020-04-01,4836.89592766,https://datacenter-web.eastmoney.com/api/data/v1/get,2026-07-22T01:02:21+00:00
2020-04-02,4858.07275024,https://datacenter-web.eastmoney.com/api/data/v1/get,2026-07-22T01:02:21+00:00
2020-04-03,4828.45549547,https://datacenter-web.eastmoney.com/api/data/v1/get,2026-07-22T01:02:21+00:00
2020-04-07,4869.65856254,https://datacenter-web.eastmoney.com/api/data/v1/get,2026-07-22T01:02:21+00:00
2020-04-08,4875.96365070,https://datacenter-web.eastmoney.com/api/data/v1/get,2026-07-22T01:02:21+00:00
2020-04-09,4893.41197175,https://datacenter-web.eastmoney.com/api/data/v1/get,2026-07-22T01:02:21+00:00
2020-04-10,4857.84700457,https://datacenter-web.eastmoney.com/api/data/v1/get,2026-07-22T01:02:21+00:00
2020-04-13,4860.14529600,https://datacenter-web.eastmoney.com/api/data/v1/get,2026-07-22T01:02:21+00:00
2020-04-14,4863.26194621,https://datacenter-web.eastmoney.com/api/data/v1/get,2026-07-22T01:02:21+00:00
2020-04-15,4864.54643662,https://datacenter-web.eastmoney.com/api/data/v1/get,2026-07-22T01:02:21+00:00
2020-04-16,4872.60215594,https://datacenter-web.eastmoney.com/api/data/v1/get,2026-07-22T01:02:21+00:00
2020-04-17,4865.55441093,https://datacenter-web.eastmoney.com/api/data/v1/get,2026-07-22T01:02:21+00:00
2020-04-20,4893.70494211,https://datacenter-web.eastmoney.com/api/data/v1/get,2026-07-22T01:02:21+00:00
2020-04-21,4904.63061808,https://datacenter-web.eastmoney.com/api/data/v1/get,2026-07-22T01:02:21+00:00
2020-04-22,4925.25158643,https://datacenter-web.eastmoney.com/api/data/v1/get,2026-07-22T01:02:21+00:00
2020-04-23,4923.61574758,https://datacenter-web.eastmoney.com/api/data/v1/get,2026-07-22T01:02:21+00:00
2020-04-24,4888.02471958,https://datacenter-web.eastmoney.com/api/data/v1/get,2026-07-22T01:02:21+00:00
2020-04-27,4877.22592361,https://datacenter-web.eastmoney.com/api/data/v1/get,2026-07-22T01:02:21+00:00
2020-04-28,4859.24833967,https://datacenter-web.eastmoney.com/api/data/v1/get,2026-07-22T01:02:21+00:00
2020-04-29,4848.57810876,https://datacenter-web.eastmoney.com/api/data/v1/get,2026-07-22T01:02:21+00:00
2020-04-30,4815.40744235,https://datacenter-web.eastmoney.com/api/data/v1/get,2026-07-22T01:02:21+00:00
2020-05-06,4870.79301937,https://datacenter-web.eastmoney.com/api/data/v1/get,2026-07-22T01:02:21+00:00
2020-05-07,4904.74771739,https://datacenter-web.eastmoney.com/api/data/v1/get,2026-07-22T01:02:21+00:00
2020-05-08,4908.99643352,https://datacenter-web.eastmoney.com/api/data/v1/get,2026-07-22T01:02:21+00:00
2020-05-11,4939.83394094,https://datacenter-web.eastmoney.com/api/data/v1/get,2026-07-22T01:02:21+00:00
2020-05-12,4956.45801847,https://datacenter-web.eastmoney.com/api/data/v1/get,2026-07-22T01:02:21+00:00
2020-05-13,4983.20149184,https://datacenter-web.eastmoney.com/api/data/v1/get,2026-07-22T01:02:21+00:00
2020-05-14,4992.04013772,https://datacenter-web.eastmoney.com/api/data/v1/get,2026-07-22T01:02:21+00:00
2020-05-15,4992.45047244,https://datacenter-web.eastmoney.com/api/data/v1/get,2026-07-22T01:02:21+00:00
2020-05-18,4987.31569414,https://datacenter-web.eastmoney.com/api/data/v1/get,2026-07-22T01:02:21+00:00
2020-05-19,5003.83075950,https://datacenter-web.eastmoney.com/api/data/v1/get,2026-07-22T01:02:21+00:00
2020-05-20,5007.86117246,https://datacenter-web.eastmoney.com/api/data/v1/get,2026-07-22T01:02:21+00:00
2020-05-21,5006.00623772,https://datacenter-web.eastmoney.com/api/data/v1/get,2026-07-22T01:02:21+00:00
2020-05-22,4969.45531530,https://datacenter-web.eastmoney.com/api/data/v1/get,2026-07-22T01:02:21+00:00
2020-05-25,4970.29445261,https://datacenter-web.eastmoney.com/api/data/v1/get,2026-07-22T01:02:21+00:00
2020-05-26,4984.52065685,https://datacenter-web.eastmoney.com/api/data/v1/get,2026-07-22T01:02:21+00:00
2020-05-27,4979.35837869,https://datacenter-web.eastmoney.com/api/data/v1/get,2026-07-22T01:02:21+00:00
2020-05-28,4979.69304295,https://datacenter-web.eastmoney.com/api/data/v1/get,2026-07-22T01:02:21+00:00
2020-05-29,4968.94771442,https://datacenter-web.eastmoney.com/api/data/v1/get,2026-07-22T01:02:21+00:00
2020-06-01,5024.33278675,https://datacenter-web.eastmoney.com/api/data/v1/get,2026-07-22T01:02:21+00:00
2020-06-02,5060.94244983,https://datacenter-web.eastmoney.com/api/data/v1/get,2026-07-22T01:02:21+00:00
2020-06-03,5085.54825273,https://datacenter-web.eastmoney.com/api/data/v1/get,2026-07-22T01:02:21+00:00
2020-06-04,5086.89247326,https://datacenter-web.eastmoney.com/api/data/v1/get,2026-07-22T01:02:21+00:00
2020-06-05,5071.27778925,https://datacenter-web.eastmoney.com/api/data/v1/get,2026-07-22T01:02:21+00:00
2020-06-08,5097.12072766,https://datacenter-web.eastmoney.com/api/data/v1/get,2026-07-22T01:02:21+00:00
2020-06-09,5107.23661638,https://datacenter-web.eastmoney.com/api/data/v1/get,2026-07-22T01:02:21+00:00
2020-06-10,5119.51472719,https://datacenter-web.eastmoney.com/api/data/v1/get,2026-07-22T01:02:21+00:00
2020-06-11,5132.92991878,https://datacenter-web.eastmoney.com/api/data/v1/get,2026-07-22T01:02:21+00:00
2020-06-12,5129.72867352,https://datacenter-web.eastmoney.com/api/data/v1/get,2026-07-22T01:02:21+00:00
2020-06-15,5158.38671509,https://datacenter-web.eastmoney.com/api/data/v1/get,2026-07-22T01:02:21+00:00
2020-06-16,5204.99482100,https://datacenter-web.eastmoney.com/api/data/v1/get,2026-07-22T01:02:21+00:00
2020-06-17,5231.33118792,https://datacenter-web.eastmoney.com/api/data/v1/get,2026-07-22T01:02:21+00:00
2020-06-18,5260.23373065,https://datacenter-web.eastmoney.com/api/data/v1/get,2026-07-22T01:02:21+00:00
2020-06-19,5261.17482984,https://datacenter-web.eastmoney.com/api/data/v1/get,2026-07-22T01:02:21+00:00
2020-06-22,5314.54808684,https://datacenter-web.eastmoney.com/api/data/v1/get,2026-07-22T01:02:21+00:00
2020-06-23,5332.29003786,https://datacenter-web.eastmoney.com/api/data/v1/get,2026-07-22T01:02:21+00:00
2020-06-24,5315.35032601,https://datacenter-web.eastmoney.com/api/data/v1/get,2026-07-22T01:02:21+00:00
2020-06-29,5360.59356129,https://datacenter-web.eastmoney.com/api/data/v1/get,2026-07-22T01:02:21+00:00
2020-06-30,5428.33003150,https://datacenter-web.eastmoney.com/api/data/v1/get,2026-07-22T01:02:21+00:00
2020-07-01,5486.61831099,https://datacenter-web.eastmoney.com/api/data/v1/get,2026-07-22T01:02:21+00:00
2020-07-02,5556.21038406,https://datacenter-web.eastmoney.com/api/data/v1/get,2026-07-22T01:02:21+00:00
2020-07-03,5605.77408273,https://datacenter-web.eastmoney.com/api/data/v1/get,2026-07-22T01:02:21+00:00
2020-07-06,5760.33236515,https://datacenter-web.eastmoney.com/api/data/v1/get,2026-07-22T01:02:21+00:00
2020-07-07,5895.02546680,https://datacenter-web.eastmoney.com/api/data/v1/get,2026-07-22T01:02:21+00:00
2020-07-08,6029.42715092,https://datacenter-web.eastmoney.com/api/data/v1/get,2026-07-22T01:02:21+00:00
2020-07-09,6148.60931788,https://datacenter-web.eastmoney.com/api/data/v1/get,2026-07-22T01:02:21+00:00
2020-07-10,6226.47059040,https://datacenter-web.eastmoney.com/api/data/v1/get,2026-07-22T01:02:21+00:00
2020-07-13,6379.46656633,https://datacenter-web.eastmoney.com/api/data/v1/get,2026-07-22T01:02:21+00:00
2020-07-14,6447.12749316,https://datacenter-web.eastmoney.com/api/data/v1/get,2026-07-22T01:02:21+00:00
2020-07-15,6434.03252536,https://datacenter-web.eastmoney.com/api/data/v1/get,2026-07-22T01:02:21+00:00
2020-07-16,6403.74907827,https://datacenter-web.eastmoney.com/api/data/v1/get,2026-07-22T01:02:21+00:00
2020-07-17,6379.94464363,https://datacenter-web.eastmoney.com/api/data/v1/get,2026-07-22T01:02:21+00:00
2020-07-20,6435.12781679,https://datacenter-web.eastmoney.com/api/data/v1/get,2026-07-22T01:02:21+00:00
2020-07-21,6435.11611820,https://datacenter-web.eastmoney.com/api/data/v1/get,2026-07-22T01:02:21+00:00
2020-07-22,6463.70158065,https://datacenter-web.eastmoney.com/api/data/v1/get,2026-07-22T01:02:21+00:00
2020-07-23,6500.39205257,https://datacenter-web.eastmoney.com/api/data/v1/get,2026-07-22T01:02:21+00:00
2020-07-24,6404.62332153,https://datacenter-web.eastmoney.com/api/data/v1/get,2026-07-22T01:02:21+00:00
2020-07-27,6417.31534189,https://datacenter-web.eastmoney.com/api/data/v1/get,2026-07-22T01:02:21+00:00
2020-07-28,6420.59645946,https://datacenter-web.eastmoney.com/api/data/v1/get,2026-07-22T01:02:21+00:00
2020-07-29,6487.84931244,https://datacenter-web.eastmoney.com/api/data/v1/get,2026-07-22T01:02:21+00:00
2020-07-30,6527.20275862,https://datacenter-web.eastmoney.com/api/data/v1/get,2026-07-22T01:02:21+00:00
2020-07-31,6568.89297429,https://datacenter-web.eastmoney.com/api/data/v1/get,2026-07-22T01:02:21+00:00
2020-08-03,6689.74796262,https://datacenter-web.eastmoney.com/api/data/v1/get,2026-07-22T01:02:21+00:00
2020-08-04,6722.71196893,https://datacenter-web.eastmoney.com/api/data/v1/get,2026-07-22T01:02:21+00:00
2020-08-05,6760.65148980,https://datacenter-web.eastmoney.com/api/data/v1/get,2026-07-22T01:02:21+00:00
2020-08-06,6780.57641392,https://datacenter-web.eastmoney.com/api/data/v1/get,2026-07-22T01:02:21+00:00
2020-08-07,6741.24936134,https://datacenter-web.eastmoney.com/api/data/v1/get,2026-07-22T01:02:21+00:00
2020-08-10,6757.41994018,https://datacenter-web.eastmoney.com/api/data/v1/get,2026-07-22T01:02:21+00:00
2020-08-11,6731.92012136,https://datacenter-web.eastmoney.com/api/data/v1/get,2026-07-22T01:02:21+00:00
2020-08-12,6725.05816033,https://datacenter-web.eastmoney.com/api/data/v1/get,2026-07-22T01:02:21+00:00
2020-08-13,6740.50997434,https://datacenter-web.eastmoney.com/api/data/v1/get,2026-07-22T01:02:21+00:00
2020-08-14,6706.76882404,https://datacenter-web.eastmoney.com/api/data/v1/get,2026-07-22T01:02:21+00:00
2020-08-17,6779.45205026,https://datacenter-web.eastmoney.com/api/data/v1/get,2026-07-22T01:02:21+00:00
2020-08-18,6801.16693732,https://datacenter-web.eastmoney.com/api/data/v1/get,2026-07-22T01:02:21+00:00
2020-08-19,6789.89984692,https://datacenter-web.eastmoney.com/api/data/v1/get,2026-07-22T01:02:21+00:00
2020-08-20,6788.62660833,https://datacenter-web.eastmoney.com/api/data/v1/get,2026-07-22T01:02:21+00:00
2020-08-21,6786.73981817,https://datacenter-web.eastmoney.com/api/data/v1/get,2026-07-22T01:02:21+00:00
2020-08-24,6839.01753867,https://datacenter-web.eastmoney.com/api/data/v1/get,2026-07-22T01:02:21+00:00
2020-08-25,6843.88647596,https://datacenter-web.eastmoney.com/api/data/v1/get,2026-07-22T01:02:21+00:00
2020-08-26,6811.37716945,https://datacenter-web.eastmoney.com/api/data/v1/get,2026-07-22T01:02:21+00:00
2020-08-27,6830.07804871,https://datacenter-web.eastmoney.com/api/data/v1/get,2026-07-22T01:02:21+00:00
2020-08-28,6830.39482606,https://datacenter-web.eastmoney.com/api/data/v1/get,2026-07-22T01:02:21+00:00
2020-08-31,6881.34069128,https://datacenter-web.eastmoney.com/api/data/v1/get,2026-07-22T01:02:21+00:00
2020-09-01,6897.56117253,https://datacenter-web.eastmoney.com/api/data/v1/get,2026-07-22T01:02:21+00:00
2020-09-02,6949.26851237,https://datacenter-web.eastmoney.com/api/data/v1/get,2026-07-22T01:02:21+00:00
2020-09-03,6954.97726725,https://datacenter-web.eastmoney.com/api/data/v1/get,2026-07-22T01:02:21+00:00
2020-09-04,6944.14118970,https://datacenter-web.eastmoney.com/api/data/v1/get,2026-07-22T01:02:21+00:00
2020-09-07,6941.50550323,https://datacenter-web.eastmoney.com/api/data/v1/get,2026-07-22T01:02:21+00:00
2020-09-08,6935.54923949,https://datacenter-web.eastmoney.com/api/data/v1/get,2026-07-22T01:02:21+00:00
2020-09-09,6917.46965787,https://datacenter-web.eastmoney.com/api/data/v1/get,2026-07-22T01:02:21+00:00
2020-09-10,6853.32802653,https://datacenter-web.eastmoney.com/api/data/v1/get,2026-07-22T01:02:21+00:00
2020-09-11,6832.00397189,https://datacenter-web.eastmoney.com/api/data/v1/get,2026-07-22T01:02:21+00:00
2020-09-14,6841.46842788,https://datacenter-web.eastmoney.com/api/data/v1/get,2026-07-22T01:02:21+00:00
2020-09-15,6849.68907070,https://datacenter-web.eastmoney.com/api/data/v1/get,2026-07-22T01:02:21+00:00
2020-09-16,6848.28575441,https://datacenter-web.eastmoney.com/api/data/v1/get,2026-07-22T01:02:21+00:00
2020-09-17,6855.30004918,https://datacenter-web.eastmoney.com/api/data/v1/get,2026-07-22T01:02:21+00:00
2020-09-18,6855.14370490,https://datacenter-web.eastmoney.com/api/data/v1/get,2026-07-22T01:02:21+00:00
2020-09-21,6872.89513103,https://datacenter-web.eastmoney.com/api/data/v1/get,2026-07-22T01:02:21+00:00
2020-09-22,6862.46868950,https://datacenter-web.eastmoney.com/api/data/v1/get,2026-07-22T01:02:21+00:00
2020-09-23,6876.46538248,https://datacenter-web.eastmoney.com/api/data/v1/get,2026-07-22T01:02:21+00:00
2020-09-24,6858.03465309,https://datacenter-web.eastmoney.com/api/data/v1/get,2026-07-22T01:02:21+00:00
2020-09-25,6833.98924091,https://datacenter-web.eastmoney.com/api/data/v1/get,2026-07-22T01:02:21+00:00
2020-09-28,6807.81334136,https://datacenter-web.eastmoney.com/api/data/v1/get,2026-07-22T01:02:21+00:00
2020-09-29,6784.02913347,https://datacenter-web.eastmoney.com/api/data/v1/get,2026-07-22T01:02:21+00:00
2020-09-30,6699.72711261,https://datacenter-web.eastmoney.com/api/data/v1/get,2026-07-22T01:02:21+00:00
2020-10-09,6768.59712164,https://datacenter-web.eastmoney.com/api/data/v1/get,2026-07-22T01:02:21+00:00
2020-10-12,6849.56746643,https://datacenter-web.eastmoney.com/api/data/v1/get,2026-07-22T01:02:21+00:00
2020-10-13,6905.96200678,https://datacenter-web.eastmoney.com/api/data/v1/get,2026-07-22T01:02:21+00:00
2020-10-14,6948.70454055,https://datacenter-web.eastmoney.com/api/data/v1/get,2026-07-22T01:02:21+00:00
2020-10-15,6964.74179773,https://datacenter-web.eastmoney.com/api/data/v1/get,2026-07-22T01:02:21+00:00
2020-10-16,6936.89802135,https://datacenter-web.eastmoney.com/api/data/v1/get,2026-07-22T01:02:21+00:00
2020-10-19,6939.51721665,https://datacenter-web.eastmoney.com/api/data/v1/get,2026-07-22T01:02:21+00:00
2020-10-20,6962.14064289,https://datacenter-web.eastmoney.com/api/data/v1/get,2026-07-22T01:02:21+00:00
2020-10-21,6949.46694388,https://datacenter-web.eastmoney.com/api/data/v1/get,2026-07-22T01:02:21+00:00
2020-10-22,6960.54899713,https://datacenter-web.eastmoney.com/api/data/v1/get,2026-07-22T01:02:21+00:00
2020-10-23,6907.01610861,https://datacenter-web.eastmoney.com/api/data/v1/get,2026-07-22T01:02:21+00:00
2020-10-26,6890.43472133,https://datacenter-web.eastmoney.com/api/data/v1/get,2026-07-22T01:02:21+00:00
2020-10-27,6888.09152882,https://datacenter-web.eastmoney.com/api/data/v1/get,2026-07-22T01:02:21+00:00
2020-10-28,6907.10827462,https://datacenter-web.eastmoney.com/api/data/v1/get,2026-07-22T01:02:21+00:00
2020-10-29,6922.45847496,https://datacenter-web.eastmoney.com/api/data/v1/get,2026-07-22T01:02:21+00:00
2020-10-30,6882.96695403,https://datacenter-web.eastmoney.com/api/data/v1/get,2026-07-22T01:02:21+00:00
2020-11-02,6895.95647096,https://datacenter-web.eastmoney.com/api/data/v1/get,2026-07-22T01:02:21+00:00
2020-11-03,6911.26873940,https://datacenter-web.eastmoney.com/api/data/v1/get,2026-07-22T01:02:21+00:00
2020-11-04,6933.89974204,https://datacenter-web.eastmoney.com/api/data/v1/get,2026-07-22T01:02:21+00:00
2020-11-05,6971.61765020,https://datacenter-web.eastmoney.com/api/data/v1/get,2026-07-22T01:02:21+00:00
2020-11-06,6982.21800445,https://datacenter-web.eastmoney.com/api/data/v1/get,2026-07-22T01:02:21+00:00
2020-11-09,7028.01052356,https://datacenter-web.eastmoney.com/api/data/v1/get,2026-07-22T01:02:21+00:00
2020-11-10,7053.76822285,https://datacenter-web.eastmoney.com/api/data/v1/get,2026-07-22T01:02:21+00:00
2020-11-11,7048.42520720,https://datacenter-web.eastmoney.com/api/data/v1/get,2026-07-22T01:02:21+00:00
2020-11-12,7044.78613337,https://datacenter-web.eastmoney.com/api/data/v1/get,2026-07-22T01:02:21+00:00
2020-11-13,7031.32461055,https://datacenter-web.eastmoney.com/api/data/v1/get,2026-07-22T01:02:21+00:00
2020-11-16,7062.56901243,https://datacenter-web.eastmoney.com/api/data/v1/get,2026-07-22T01:02:21+00:00
2020-11-17,7077.06471023,https://datacenter-web.eastmoney.com/api/data/v1/get,2026-07-22T01:02:21+00:00
2020-11-18,7087.24734965,https://datacenter-web.eastmoney.com/api/data/v1/get,2026-07-22T01:02:21+00:00
2020-11-19,7084.57984264,https://datacenter-web.eastmoney.com/api/data/v1/get,2026-07-22T01:02:21+00:00
2020-11-20,7073.70962701,https://datacenter-web.eastmoney.com/api/data/v1/get,2026-07-22T01:02:21+00:00
2020-11-23,7115.07371763,https://datacenter-web.eastmoney.com/api/data/v1/get,2026-07-22T01:02:21+00:00
2020-11-24,7136.31712961,https://datacenter-web.eastmoney.com/api/data/v1/get,2026-07-22T01:02:21+00:00
2020-11-25,7143.07072921,https://datacenter-web.eastmoney.com/api/data/v1/get,2026-07-22T01:02:21+00:00
2020-11-26,7123.89046564,https://datacenter-web.eastmoney.com/api/data/v1/get,2026-07-22T01:02:21+00:00
2020-11-27,7089.65956697,https://datacenter-web.eastmoney.com/api/data/v1/get,2026-07-22T01:02:21+00:00
2020-11-30,7101.21138629,https://datacenter-web.eastmoney.com/api/data/v1/get,2026-07-22T01:02:21+00:00
2020-12-01,7133.32830156,https://datacenter-web.eastmoney.com/api/data/v1/get,2026-07-22T01:02:21+00:00
2020-12-02,7165.31188860,https://datacenter-web.eastmoney.com/api/data/v1/get,2026-07-22T01:02:21+00:00
2020-12-03,7161.56044557,https://datacenter-web.eastmoney.com/api/data/v1/get,2026-07-22T01:02:21+00:00
2020-12-04,7148.36508565,https://datacenter-web.eastmoney.com/api/data/v1/get,2026-07-22T01:02:21+00:00
2020-12-07,7171.55416516,https://datacenter-web.eastmoney.com/api/data/v1/get,2026-07-22T01:02:21+00:00
2020-12-08,7160.92283435,https://datacenter-web.eastmoney.com/api/data/v1/get,2026-07-22T01:02:21+00:00
2020-12-09,7146.46807337,https://datacenter-web.eastmoney.com/api/data/v1/get,2026-07-22T01:02:21+00:00
2020-12-10,7129.51835175,https://datacenter-web.eastmoney.com/api/data/v1/get,2026-07-22T01:02:21+00:00
2020-12-11,7102.79304157,https://datacenter-web.eastmoney.com/api/data/v1/get,2026-07-22T01:02:21+00:00
2020-12-14,7110.41522053,https://datacenter-web.eastmoney.com/api/data/v1/get,2026-07-22T01:02:21+00:00
2020-12-15,7105.76618800,https://datacenter-web.eastmoney.com/api/data/v1/get,2026-07-22T01:02:21+00:00
2020-12-16,7102.50730119,https://datacenter-web.eastmoney.com/api/data/v1/get,2026-07-22T01:02:21+00:00
2020-12-17,7116.85550135,https://datacenter-web.eastmoney.com/api/data/v1/get,2026-07-22T01:02:21+00:00
2020-12-18,7124.63513570,https://datacenter-web.eastmoney.com/api/data/v1/get,2026-07-22T01:02:21+00:00
2020-12-21,7140.13040399,https://datacenter-web.eastmoney.com/api/data/v1/get,2026-07-22T01:02:21+00:00
2020-12-22,7142.12025709,https://datacenter-web.eastmoney.com/api/data/v1/get,2026-07-22T01:02:21+00:00
2020-12-23,7161.31250103,https://datacenter-web.eastmoney.com/api/data/v1/get,2026-07-22T01:02:21+00:00
2020-12-24,7167.54192788,https://datacenter-web.eastmoney.com/api/data/v1/get,2026-07-22T01:02:21+00:00
2020-12-25,7155.61719470,https://datacenter-web.eastmoney.com/api/data/v1/get,2026-07-22T01:02:21+00:00
2020-12-28,7165.79737800,https://datacenter-web.eastmoney.com/api/data/v1/get,2026-07-22T01:02:21+00:00
2020-12-29,7129.62259437,https://datacenter-web.eastmoney.com/api/data/v1/get,2026-07-22T01:02:21+00:00
2020-12-30,7143.58964649,https://datacenter-web.eastmoney.com/api/data/v1/get,2026-07-22T01:02:21+00:00
2020-12-31,7136.57084317,https://datacenter-web.eastmoney.com/api/data/v1/get,2026-07-22T01:02:21+00:00
2021-01-04,7252.30617497,https://datacenter-web.eastmoney.com/api/data/v1/get,2026-07-22T01:02:21+00:00
2021-01-05,7290.80330000,https://datacenter-web.eastmoney.com/api/data/v1/get,2026-07-22T01:02:21+00:00
2021-01-06,7315.78013837,https://datacenter-web.eastmoney.com/api/data/v1/get,2026-07-22T01:02:21+00:00
2021-01-07,7349.99507403,https://datacenter-web.eastmoney.com/api/data/v1/get,2026-07-22T01:02:21+00:00
2021-01-08,7336.09485354,https://datacenter-web.eastmoney.com/api/data/v1/get,2026-07-22T01:02:21+00:00
2021-01-11,7354.77490340,https://datacenter-web.eastmoney.com/api/data/v1/get,2026-07-22T01:02:21+00:00
2021-01-12,7376.95483313,https://datacenter-web.eastmoney.com/api/data/v1/get,2026-07-22T01:02:21+00:00
2021-01-13,7377.76974350,https://datacenter-web.eastmoney.com/api/data/v1/get,2026-07-22T01:02:21+00:00
2021-01-14,7359.29655977,https://datacenter-web.eastmoney.com/api/data/v1/get,2026-07-22T01:02:21+00:00
2021-01-15,7349.29008848,https://datacenter-web.eastmoney.com/api/data/v1/get,2026-07-22T01:02:21+00:00
2021-01-18,7394.33967067,https://datacenter-web.eastmoney.com/api/data/v1/get,2026-07-22T01:02:21+00:00
2021-01-19,7402.00970784,https://datacenter-web.eastmoney.com/api/data/v1/get,2026-07-22T01:02:21+00:00
2021-01-20,7416.50468720,https://datacenter-web.eastmoney.com/api/data/v1/get,2026-07-22T01:02:21+00:00
2021-01-21,7449.92419155,https://datacenter-web.eastmoney.com/api/data/v1/get,2026-07-22T01:02:21+00:00
2021-01-22,7449.44215899,https://datacenter-web.eastmoney.com/api/data/v1/get,2026-07-22T01:02:21+00:00
2021-01-25,7471.34684681,https://datacenter-web.eastmoney.com/api/data/v1/get,2026-07-22T01:02:21+00:00
2021-01-26,7442.18276303,https://datacenter-web.eastmoney.com/api/data/v1/get,2026-07-22T01:02:21+00:00
2021-01-27,7433.74056365,https://datacenter-web.eastmoney.com/api/data/v1/get,2026-07-22T01:02:21+00:00
2021-01-28,7406.41820773,https://datacenter-web.eastmoney.com/api/data/v1/get,2026-07-22T01:02:21+00:00
2021-01-29,7317.09803628,https://datacenter-web.eastmoney.com/api/data/v1/get,2026-07-22T01:02:21+00:00
2021-02-01,7305.73090614,https://datacenter-web.eastmoney.com/api/data/v1/get,2026-07-22T01:02:21+00:00
2021-02-02,7308.38246791,https://datacenter-web.eastmoney.com/api/data/v1/get,2026-07-22T01:02:21+00:00
2021-02-03,7298.54968834,https://datacenter-web.eastmoney.com/api/data/v1/get,2026-07-22T01:02:21+00:00
2021-02-04,7251.48806001,https://datacenter-web.eastmoney.com/api/data/v1/get,2026-07-22T01:02:21+00:00
2021-02-05,7192.06770111,https://datacenter-web.eastmoney.com/api/data/v1/get,2026-07-22T01:02:21+00:00
2021-02-08,7181.67803097,https://datacenter-web.eastmoney.com/api/data/v1/get,2026-07-22T01:02:21+00:00
2021-02-09,7197.86498523,https://datacenter-web.eastmoney.com/api/data/v1/get,2026-07-22T01:02:21+00:00
2021-02-10,7112.50104283,https://datacenter-web.eastmoney.com/api/data/v1/get,2026-07-22T01:02:21+00:00
2021-02-18,7230.60203387,https://datacenter-web.eastmoney.com/api/data/v1/get,2026-07-22T01:02:21+00:00
2021-02-19,7253.02161895,https://datacenter-web.eastmoney.com/api/data/v1/get,2026-07-22T01:02:21+00:00
2021-02-22,7300.88719947,https://datacenter-web.eastmoney.com/api/data/v1/get,2026-07-22T01:02:21+00:00
2021-02-23,7302.93360656,https://datacenter-web.eastmoney.com/api/data/v1/get,2026-07-22T01:02:21+00:00
2021-02-24,7304.25199473,https://datacenter-web.eastmoney.com/api/data/v1/get,2026-07-22T01:02:21+00:00
2021-02-25,7284.85833261,https://datacenter-web.eastmoney.com/api/data/v1/get,2026-07-22T01:02:21+00:00
2021-02-26,7240.73307447,https://datacenter-web.eastmoney.com/api/data/v1/get,2026-07-22T01:02:21+00:00
2021-03-01,7240.15863440,https://datacenter-web.eastmoney.com/api/data/v1/get,2026-07-22T01:02:21+00:00
2021-03-02,7243.26599204,https://datacenter-web.eastmoney.com/api/data/v1/get,2026-07-22T01:02:21+00:00
2021-03-03,7240.41299251,https://datacenter-web.eastmoney.com/api/data/v1/get,2026-07-22T01:02:21+00:00
2021-03-04,7235.87101122,https://datacenter-web.eastmoney.com/api/data/v1/get,2026-07-22T01:02:21+00:00
2021-03-05,7200.34633718,https://datacenter-web.eastmoney.com/api/data/v1/get,2026-07-22T01:02:21+00:00
2021-03-08,7183.18389497,https://datacenter-web.eastmoney.com/api/data/v1/get,2026-07-22T01:02:21+00:00
2021-03-09,7144.61719161,https://datacenter-web.eastmoney.com/api/data/v1/get,2026-07-22T01:02:21+00:00
2021-03-10,7108.92372973,https://datacenter-web.eastmoney.com/api/data/v1/get,2026-07-22T01:02:21+00:00
2021-03-11,7121.72612213,https://datacenter-web.eastmoney.com/api/data/v1/get,2026-07-22T01:02:21+00:00
2021-03-12,7095.51845458,https://datacenter-web.eastmoney.com/api/data/v1/get,2026-07-22T01:02:21+00:00
2021-03-15,7110.78279606,https://datacenter-web.eastmoney.com/api/data/v1/get,2026-07-22T01:02:21+00:00
2021-03-16,7111.03769306,https://datacenter-web.eastmoney.com/api/data/v1/get,2026-07-22T01:02:21+00:00
2021-03-17,7112.72971476,https://datacenter-web.eastmoney.com/api/data/v1/get,2026-07-22T01:02:21+00:00
2021-03-18,7113.78072912,https://datacenter-web.eastmoney.com/api/data/v1/get,2026-07-22T01:02:21+00:00
2021-03-19,7104.09521516,https://datacenter-web.eastmoney.com/api/data/v1/get,2026-07-22T01:02:21+00:00
2021-03-22,7136.57564410,https://datacenter-web.eastmoney.com/api/data/v1/get,2026-07-22T01:02:21+00:00
2021-03-23,7135.19113746,https://datacenter-web.eastmoney.com/api/data/v1/get,2026-07-22T01:02:21+00:00
2021-03-24,7146.41358099,https://datacenter-web.eastmoney.com/api/data/v1/get,2026-07-22T01:02:21+00:00
2021-03-25,7130.14400337,https://datacenter-web.eastmoney.com/api/data/v1/get,2026-07-22T01:02:21+00:00
2021-03-26,7114.45323866,https://datacenter-web.eastmoney.com/api/data/v1/get,2026-07-22T01:02:21+00:00
2021-03-29,7122.79222166,https://datacenter-web.eastmoney.com/api/data/v1/get,2026-07-22T01:02:21+00:00
2021-03-30,7117.71350968,https://datacenter-web.eastmoney.com/api/data/v1/get,2026-07-22T01:02:21+00:00
2021-03-31,7126.67827791,https://datacenter-web.eastmoney.com/api/data/v1/get,2026-07-22T01:02:21+00:00
2021-04-01,7113.05254291,https://datacenter-web.eastmoney.com/api/data/v1/get,2026-07-22T01:02:21+00:00
2021-04-02,7099.28762734,https://datacenter-web.eastmoney.com/api/data/v1/get,2026-07-22T01:02:21+00:00
2021-04-06,7138.92681545,https://datacenter-web.eastmoney.com/api/data/v1/get,2026-07-22T01:02:21+00:00
2021-04-07,7164.65396128,https://datacenter-web.eastmoney.com/api/data/v1/get,2026-07-22T01:02:21+00:00
2021-04-08,7167.29202582,https://datacenter-web.eastmoney.com/api/data/v1/get,2026-07-22T01:02:21+00:00
2021-04-09,7150.00419011,https://datacenter-web.eastmoney.com/api/data/v1/get,2026-07-22T01:02:21+00:00
2021-04-12,7147.98462448,https://datacenter-web.eastmoney.com/api/data/v1/get,2026-07-22T01:02:21+00:00
2021-04-13,7126.33548787,https://datacenter-web.eastmoney.com/api/data/v1/get,2026-07-22T01:02:21+00:00
2021-04-14,7131.42717250,https://datacenter-web.eastmoney.com/api/data/v1/get,2026-07-22T01:02:21+00:00
2021-04-15,7139.84728689,https://datacenter-web.eastmoney.com/api/data/v1/get,2026-07-22T01:02:21+00:00
2021-04-16,7125.08759894,https://datacenter-web.eastmoney.com/api/data/v1/get,2026-07-22T01:02:21+00:00
2021-04-19,7151.94512646,https://datacenter-web.eastmoney.com/api/data/v1/get,2026-07-22T01:02:21+00:00
2021-04-20,7163.95927274,https://datacenter-web.eastmoney.com/api/data/v1/get,2026-07-22T01:02:21+00:00
2021-04-21,7168.07482492,https://datacenter-web.eastmoney.com/api/data/v1/get,2026-07-22T01:02:21+00:00
2021-04-22,7186.88853708,https://datacenter-web.eastmoney.com/api/data/v1/get,2026-07-22T01:02:21+00:00
2021-04-23,7170.74220454,https://datacenter-web.eastmoney.com/api/data/v1/get,2026-07-22T01:02:21+00:00
2021-04-26,7184.82922572,https://datacenter-web.eastmoney.com/api/data/v1/get,2026-07-22T01:02:21+00:00
2021-04-27,7168.56595767,https://datacenter-web.eastmoney.com/api/data/v1/get,2026-07-22T01:02:21+00:00
2021-04-28,7170.94067503,https://datacenter-web.eastmoney.com/api/data/v1/get,2026-07-22T01:02:21+00:00
2021-04-29,7159.59416666,https://datacenter-web.eastmoney.com/api/data/v1/get,2026-07-22T01:02:21+00:00
2021-04-30,7092.03424877,https://datacenter-web.eastmoney.com/api/data/v1/get,2026-07-22T01:02:21+00:00
2021-05-06,7134.22184182,https://datacenter-web.eastmoney.com/api/data/v1/get,2026-07-22T01:02:21+00:00
2021-05-07,7116.80188097,https://datacenter-web.eastmoney.com/api/data/v1/get,2026-07-22T01:02:21+00:00
2021-05-10,7134.18825039,https://datacenter-web.eastmoney.com/api/data/v1/get,2026-07-22T01:02:21+00:00
2021-05-11,7142.39915401,https://datacenter-web.eastmoney.com/api/data/v1/get,2026-07-22T01:02:21+00:00
2021-05-12,7160.47859666,https://datacenter-web.eastmoney.com/api/data/v1/get,2026-07-22T01:02:21+00:00
2021-05-13,7168.61778833,https://datacenter-web.eastmoney.com/api/data/v1/get,2026-07-22T01:02:21+00:00
2021-05-14,7178.67782709,https://datacenter-web.eastmoney.com/api/data/v1/get,2026-07-22T01:02:21+00:00
2021-05-17,7202.56213362,https://datacenter-web.eastmoney.com/api/data/v1/get,2026-07-22T01:02:21+00:00
2021-05-18,7241.69780109,https://datacenter-web.eastmoney.com/api/data/v1/get,2026-07-22T01:02:21+00:00
2021-05-19,7281.97985841,https://datacenter-web.eastmoney.com/api/data/v1/get,2026-07-22T01:02:21+00:00
2021-05-20,7283.41934394,https://datacenter-web.eastmoney.com/api/data/v1/get,2026-07-22T01:02:21+00:00
2021-05-21,7284.79390204,https://datacenter-web.eastmoney.com/api/data/v1/get,2026-07-22T01:02:21+00:00
2021-05-24,7312.28841985,https://datacenter-web.eastmoney.com/api/data/v1/get,2026-07-22T01:02:21+00:00
2021-05-25,7300.19062495,https://datacenter-web.eastmoney.com/api/data/v1/get,2026-07-22T01:02:21+00:00
2021-05-26,7332.59833905,https://datacenter-web.eastmoney.com/api/data/v1/get,2026-07-22T01:02:21+00:00
2021-05-27,7357.86584327,https://datacenter-web.eastmoney.com/api/data/v1/get,2026-07-22T01:02:21+00:00
2021-05-28,7374.60262427,https://datacenter-web.eastmoney.com/api/data/v1/get,2026-07-22T01:02:21+00:00
2021-05-31,7416.34495694,https://datacenter-web.eastmoney.com/api/data/v1/get,2026-07-22T01:02:21+00:00
2021-06-01,7450.65417707,https://datacenter-web.eastmoney.com/api/data/v1/get,2026-07-22T01:02:21+00:00
2021-06-02,7450.49032118,https://datacenter-web.eastmoney.com/api/data/v1/get,2026-07-22T01:02:21+00:00
2021-06-03,7452.34849259,https://datacenter-web.eastmoney.com/api/data/v1/get,2026-07-22T01:02:21+00:00
2021-06-04,7441.29888455,https://datacenter-web.eastmoney.com/api/data/v1/get,2026-07-22T01:02:21+00:00
2021-06-07,7474.43504783,https://datacenter-web.eastmoney.com/api/data/v1/get,2026-07-22T01:02:21+00:00
2021-06-08,7476.20102745,https://datacenter-web.eastmoney.com/api/data/v1/get,2026-07-22T01:02:21+00:00
2021-06-09,7479.41720764,https://datacenter-web.eastmoney.com/api/data/v1/get,2026-07-22T01:02:21+00:00
2021-06-10,7509.35037586,https://datacenter-web.eastmoney.com/api/data/v1/get,2026-07-22T01:02:21+00:00
2021-06-11,7497.71859021,https://datacenter-web.eastmoney.com/api/data/v1/get,2026-07-22T01:02:21+00:00
2021-06-15,7533.51178770,https://datacenter-web.eastmoney.com/api/data/v1/get,2026-07-22T01:02:21+00:00
2021-06-16,7494.42944673,https://datacenter-web.eastmoney.com/api/data/v1/get,2026-07-22T01:02:21+00:00
2021-06-17,7494.91817688,https://datacenter-web.eastmoney.com/api/data/v1/get,2026-07-22T01:02:21+00:00
2021-06-18,7498.86390347,https://datacenter-web.eastmoney.com/api/data/v1/get,2026-07-22T01:02:21+00:00
2021-06-21,7538.40659683,https://datacenter-web.eastmoney.com/api/data/v1/get,2026-07-22T01:02:21+00:00
2021-06-22,7568.74474305,https://datacenter-web.eastmoney.com/api/data/v1/get,2026-07-22T01:02:21+00:00
2021-06-23,7598.71390113,https://datacenter-web.eastmoney.com/api/data/v1/get,2026-07-22T01:02:21+00:00
2021-06-24,7601.30427954,https://datacenter-web.eastmoney.com/api/data/v1/get,2026-07-22T01:02:21+00:00
2021-06-25,7592.18317688,https://datacenter-web.eastmoney.com/api/data/v1/get,2026-07-22T01:02:21+00:00
2021-06-28,7627.05887109,https://datacenter-web.eastmoney.com/api/data/v1/get,2026-07-22T01:02:21+00:00
2021-06-29,7639.97924599,https://datacenter-web.eastmoney.com/api/data/v1/get,2026-07-22T01:02:21+00:00
2021-06-30,7653.33090778,https://datacenter-web.eastmoney.com/api/data/v1/get,2026-07-22T01:02:21+00:00
2021-07-01,7609.45538369,https://datacenter-web.eastmoney.com/api/data/v1/get,2026-07-22T01:02:21+00:00
2021-07-02,7596.66135866,https://datacenter-web.eastmoney.com/api/data/v1/get,2026-07-22T01:02:21+00:00
2021-07-05,7626.43204845,https://datacenter-web.eastmoney.com/api/data/v1/get,2026-07-22T01:02:21+00:00
2021-07-06,7625.93454673,https://datacenter-web.eastmoney.com/api/data/v1/get,2026-07-22T01:02:21+00:00
2021-07-07,7653.89786685,https://datacenter-web.eastmoney.com/api/data/v1/get,2026-07-22T01:02:21+00:00
2021-07-08,7669.48802636,https://datacenter-web.eastmoney.com/api/data/v1/get,2026-07-22T01:02:21+00:00
2021-07-09,7687.55982129,https://datacenter-web.eastmoney.com/api/data/v1/get,2026-07-22T01:02:21+00:00
2021-07-12,7724.99806361,https://datacenter-web.eastmoney.com/api/data/v1/get,2026-07-22T01:02:21+00:00
2021-07-13,7756.93954012,https://datacenter-web.eastmoney.com/api/data/v1/get,2026-07-22T01:02:21+00:00
2021-07-14,7776.11132540,https://datacenter-web.eastmoney.com/api/data/v1/get,2026-07-22T01:02:21+00:00
2021-07-15,7777.69239414,https://datacenter-web.eastmoney.com/api/data/v1/get,2026-07-22T01:02:21+00:00
2021-07-16,7757.16778071,https://datacenter-web.eastmoney.com/api/data/v1/get,2026-07-22T01:02:21+00:00
2021-07-19,7764.08434235,https://datacenter-web.eastmoney.com/api/data/v1/get,2026-07-22T01:02:21+00:00
2021-07-20,7781.26755443,https://datacenter-web.eastmoney.com/api/data/v1/get,2026-07-22T01:02:21+00:00
2021-07-21,7827.67734688,https://datacenter-web.eastmoney.com/api/data/v1/get,2026-07-22T01:02:21+00:00
2021-07-22,7852.32484281,https://datacenter-web.eastmoney.com/api/data/v1/get,2026-07-22T01:02:21+00:00
2021-07-23,7836.29926653,https://datacenter-web.eastmoney.com/api/data/v1/get,2026-07-22T01:02:21+00:00
2021-07-26,7838.64465243,https://datacenter-web.eastmoney.com/api/data/v1/get,2026-07-22T01:02:21+00:00
2021-07-27,7780.63914870,https://datacenter-web.eastmoney.com/api/data/v1/get,2026-07-22T01:02:21+00:00
2021-07-28,7693.80128422,https://datacenter-web.eastmoney.com/api/data/v1/get,2026-07-22T01:02:21+00:00
2021-07-29,7704.07460200,https://datacenter-web.eastmoney.com/api/data/v1/get,2026-07-22T01:02:21+00:00
2021-07-30,7718.45872269,https://datacenter-web.eastmoney.com/api/data/v1/get,2026-07-22T01:02:21+00:00
2021-08-02,7784.49714474,https://datacenter-web.eastmoney.com/api/data/v1/get,2026-07-22T01:02:21+00:00
2021-08-03,7784.31951507,https://datacenter-web.eastmoney.com/api/data/v1/get,2026-07-22T01:02:21+00:00
2021-08-04,7838.93033271,https://datacenter-web.eastmoney.com/api/data/v1/get,2026-07-22T01:02:21+00:00
2021-08-05,7873.53559180,https://datacenter-web.eastmoney.com/api/data/v1/get,2026-07-22T01:02:21+00:00
2021-08-06,7865.14670610,https://datacenter-web.eastmoney.com/api/data/v1/get,2026-07-22T01:02:21+00:00
2021-08-09,7899.05581275,https://datacenter-web.eastmoney.com/api/data/v1/get,2026-07-22T01:02:21+00:00
2021-08-10,7913.66684984,https://datacenter-web.eastmoney.com/api/data/v1/get,2026-07-22T01:02:21+00:00
2021-08-11,7963.28823811,https://datacenter-web.eastmoney.com/api/data/v1/get,2026-07-22T01:02:21+00:00
2021-08-12,7992.79624120,https://datacenter-web.eastmoney.com/api/data/v1/get,2026-07-22T01:02:21+00:00
2021-08-13,7986.15815454,https://datacenter-web.eastmoney.com/api/data/v1/get,2026-07-22T01:02:21+00:00
2021-08-16,8004.46362009,https://datacenter-web.eastmoney.com/api/data/v1/get,2026-07-22T01:02:21+00:00
2021-08-17,7967.10529406,https://datacenter-web.eastmoney.com/api/data/v1/get,2026-07-22T01:02:21+00:00
2021-08-18,7964.05756895,https://datacenter-web.eastmoney.com/api/data/v1/get,2026-07-22T01:02:21+00:00
2021-08-19,7973.81391329,https://datacenter-web.eastmoney.com/api/data/v1/get,2026-07-22T01:02:21+00:00
2021-08-20,7971.57826588,https://datacenter-web.eastmoney.com/api/data/v1/get,2026-07-22T01:02:21+00:00
2021-08-23,8028.79979384,https://datacenter-web.eastmoney.com/api/data/v1/get,2026-07-22T01:02:21+00:00
2021-08-24,8047.26132067,https://datacenter-web.eastmoney.com/api/data/v1/get,2026-07-22T01:02:21+00:00
2021-08-25,8067.61332063,https://datacenter-web.eastmoney.com/api/data/v1/get,2026-07-22T01:02:21+00:00
2021-08-26,8074.35249105,https://datacenter-web.eastmoney.com/api/data/v1/get,2026-07-22T01:02:21+00:00
2021-08-27,8065.03004995,https://datacenter-web.eastmoney.com/api/data/v1/get,2026-07-22T01:02:21+00:00
2021-08-30,8094.00566990,https://datacenter-web.eastmoney.com/api/data/v1/get,2026-07-22T01:02:21+00:00
2021-08-31,8072.90503266,https://datacenter-web.eastmoney.com/api/data/v1/get,2026-07-22T01:02:21+00:00
2021-09-01,8066.66364182,https://datacenter-web.eastmoney.com/api/data/v1/get,2026-07-22T01:02:21+00:00
2021-09-02,8080.04766005,https://datacenter-web.eastmoney.com/api/data/v1/get,2026-07-22T01:02:21+00:00
2021-09-03,8036.28016839,https://datacenter-web.eastmoney.com/api/data/v1/get,2026-07-22T01:02:21+00:00
2021-09-06,8069.21449557,https://datacenter-web.eastmoney.com/api/data/v1/get,2026-07-22T01:02:21+00:00
2021-09-07,8100.06867397,https://datacenter-web.eastmoney.com/api/data/v1/get,2026-07-22T01:02:21+00:00
2021-09-08,8144.99285865,https://datacenter-web.eastmoney.com/api/data/v1/get,2026-07-22T01:02:21+00:00
2021-09-09,8168.60213729,https://datacenter-web.eastmoney.com/api/data/v1/get,2026-07-22T01:02:21+00:00
2021-09-10,8179.23388291,https://datacenter-web.eastmoney.com/api/data/v1/get,2026-07-22T01:02:21+00:00
2021-09-13,8219.74054376,https://datacenter-web.eastmoney.com/api/data/v1/get,2026-07-22T01:02:21+00:00
2021-09-14,8222.87386843,https://datacenter-web.eastmoney.com/api/data/v1/get,2026-07-22T01:02:21+00:00
2021-09-15,8244.23028406,https://datacenter-web.eastmoney.com/api/data/v1/get,2026-07-22T01:02:21+00:00
2021-09-16,8194.13477862,https://datacenter-web.eastmoney.com/api/data/v1/get,2026-07-22T01:02:21+00:00
2021-09-17,8113.17363674,https://datacenter-web.eastmoney.com/api/data/v1/get,2026-07-22T01:02:21+00:00
2021-09-22,8140.10108359,https://datacenter-web.eastmoney.com/api/data/v1/get,2026-07-22T01:02:21+00:00
2021-09-23,8147.04207911,https://datacenter-web.eastmoney.com/api/data/v1/get,2026-07-22T01:02:21+00:00
2021-09-24,8106.99596032,https://datacenter-web.eastmoney.com/api/data/v1/get,2026-07-22T01:02:21+00:00
2021-09-27,8050.46257315,https://datacenter-web.eastmoney.com/api/data/v1/get,2026-07-22T01:02:21+00:00
2021-09-28,8031.43222704,https://datacenter-web.eastmoney.com/api/data/v1/get,2026-07-22T01:02:21+00:00
2021-09-29,7984.52126660,https://datacenter-web.eastmoney.com/api/data/v1/get,2026-07-22T01:02:21+00:00
2021-09-30,7890.86368159,https://datacenter-web.eastmoney.com/api/data/v1/get,2026-07-22T01:02:21+00:00
2021-10-08,7947.39793852,https://datacenter-web.eastmoney.com/api/data/v1/get,2026-07-22T01:02:21+00:00
2021-10-11,7969.44355452,https://datacenter-web.eastmoney.com/api/data/v1/get,2026-07-22T01:02:21+00:00
2021-10-12,7948.54832274,https://datacenter-web.eastmoney.com/api/data/v1/get,2026-07-22T01:02:21+00:00
2021-10-13,7938.58223005,https://datacenter-web.eastmoney.com/api/data/v1/get,2026-07-22T01:02:21+00:00
2021-10-14,7956.72835092,https://datacenter-web.eastmoney.com/api/data/v1/get,2026-07-22T01:02:21+00:00
2021-10-15,7934.62041373,https://datacenter-web.eastmoney.com/api/data/v1/get,2026-07-22T01:02:21+00:00
2021-10-18,7954.89016786,https://datacenter-web.eastmoney.com/api/data/v1/get,2026-07-22T01:02:21+00:00
2021-10-19,7970.84517214,https://datacenter-web.eastmoney.com/api/data/v1/get,2026-07-22T01:02:21+00:00
2021-10-20,7989.01843916,https://datacenter-web.eastmoney.com/api/data/v1/get,2026-07-22T01:02:21+00:00
2021-10-21,7985.91031203,https://datacenter-web.eastmoney.com/api/data/v1/get,2026-07-22T01:02:21+00:00
2021-10-22,7955.36548877,https://datacenter-web.eastmoney.com/api/data/v1/get,2026-07-22T01:02:21+00:00
2021-10-25,7996.01563614,https://datacenter-web.eastmoney.com/api/data/v1/get,2026-07-22T01:02:21+00:00
2021-10-26,7998.28210850,https://datacenter-web.eastmoney.com/api/data/v1/get,2026-07-22T01:02:21+00:00
2021-10-27,7989.57348459,https://datacenter-web.eastmoney.com/api/data/v1/get,2026-07-22T01:02:21+00:00
2021-10-28,7937.25305138,https://datacenter-web.eastmoney.com/api/data/v1/get,2026-07-22T01:02:21+00:00
2021-10-29,7929.55630199,https://datacenter-web.eastmoney.com/api/data/v1/get,2026-07-22T01:02:21+00:00
2021-11-01,7963.39232843,https://datacenter-web.eastmoney.com/api/data/v1/get,2026-07-22T01:02:21+00:00
2021-11-02,7935.24242164,https://datacenter-web.eastmoney.com/api/data/v1/get,2026-07-22T01:02:21+00:00
2021-11-03,7927.03598809,https://datacenter-web.eastmoney.com/api/data/v1/get,2026-07-22T01:02:21+00:00
2021-11-04,7947.83974698,https://datacenter-web.eastmoney.com/api/data/v1/get,2026-07-22T01:02:21+00:00
2021-11-05,7915.10891734,https://datacenter-web.eastmoney.com/api/data/v1/get,2026-07-22T01:02:21+00:00
2021-11-08,7958.85426919,https://datacenter-web.eastmoney.com/api/data/v1/get,2026-07-22T01:02:21+00:00
2021-11-09,7972.28197479,https://datacenter-web.eastmoney.com/api/data/v1/get,2026-07-22T01:02:21+00:00
2021-11-10,7986.51652796,https://datacenter-web.eastmoney.com/api/data/v1/get,2026-07-22T01:02:21+00:00
2021-11-11,7994.82914102,https://datacenter-web.eastmoney.com/api/data/v1/get,2026-07-22T01:02:21+00:00
2021-11-12,8010.35714826,https://datacenter-web.eastmoney.com/api/data/v1/get,2026-07-22T01:02:21+00:00
2021-11-15,8030.41991025,https://datacenter-web.eastmoney.com/api/data/v1/get,2026-07-22T01:02:21+00:00
2021-11-16,8014.50805365,https://datacenter-web.eastmoney.com/api/data/v1/get,2026-07-22T01:02:21+00:00
2021-11-17,8039.36951024,https://datacenter-web.eastmoney.com/api/data/v1/get,2026-07-22T01:02:21+00:00
2021-11-18,8041.88009179,https://datacenter-web.eastmoney.com/api/data/v1/get,2026-07-22T01:02:21+00:00
2021-11-19,8033.86032693,https://datacenter-web.eastmoney.com/api/data/v1/get,2026-07-22T01:02:21+00:00
2021-11-22,8088.02306359,https://datacenter-web.eastmoney.com/api/data/v1/get,2026-07-22T01:02:21+00:00
2021-11-23,8107.44067317,https://datacenter-web.eastmoney.com/api/data/v1/get,2026-07-22T01:02:21+00:00
2021-11-24,8141.05050029,https://datacenter-web.eastmoney.com/api/data/v1/get,2026-07-22T01:02:21+00:00
2021-11-25,8156.11344343,https://datacenter-web.eastmoney.com/api/data/v1/get,2026-07-22T01:02:21+00:00
2021-11-26,8133.60903497,https://datacenter-web.eastmoney.com/api/data/v1/get,2026-07-22T01:02:21+00:00
2021-11-29,8136.50957266,https://datacenter-web.eastmoney.com/api/data/v1/get,2026-07-22T01:02:21+00:00
2021-11-30,8154.70208244,https://datacenter-web.eastmoney.com/api/data/v1/get,2026-07-22T01:02:21+00:00
2021-12-01,8166.44320751,https://datacenter-web.eastmoney.com/api/data/v1/get,2026-07-22T01:02:21+00:00
2021-12-02,8164.88828537,https://datacenter-web.eastmoney.com/api/data/v1/get,2026-07-22T01:02:21+00:00
2021-12-03,8156.75732224,https://datacenter-web.eastmoney.com/api/data/v1/get,2026-07-22T01:02:21+00:00
2021-12-06,8151.00935357,https://datacenter-web.eastmoney.com/api/data/v1/get,2026-07-22T01:02:21+00:00
2021-12-07,8134.85711884,https://datacenter-web.eastmoney.com/api/data/v1/get,2026-07-22T01:02:21+00:00
2021-12-08,8143.52730424,https://datacenter-web.eastmoney.com/api/data/v1/get,2026-07-22T01:02:21+00:00
2021-12-09,8136.59665319,https://datacenter-web.eastmoney.com/api/data/v1/get,2026-07-22T01:02:21+00:00
2021-12-10,8139.46500207,https://datacenter-web.eastmoney.com/api/data/v1/get,2026-07-22T01:02:21+00:00
2021-12-13,8150.26727065,https://datacenter-web.eastmoney.com/api/data/v1/get,2026-07-22T01:02:21+00:00
2021-12-14,8156.25633695,https://datacenter-web.eastmoney.com/api/data/v1/get,2026-07-22T01:02:21+00:00
2021-12-15,8155.48835405,https://datacenter-web.eastmoney.com/api/data/v1/get,2026-07-22T01:02:21+00:00
2021-12-16,8163.02223238,https://datacenter-web.eastmoney.com/api/data/v1/get,2026-07-22T01:02:21+00:00
2021-12-17,8137.07252493,https://datacenter-web.eastmoney.com/api/data/v1/get,2026-07-22T01:02:21+00:00
2021-12-20,8124.96330792,https://datacenter-web.eastmoney.com/api/data/v1/get,2026-07-22T01:02:21+00:00
2021-12-21,8118.21189816,https://datacenter-web.eastmoney.com/api/data/v1/get,2026-07-22T01:02:21+00:00
2021-12-22,8125.62646780,https://datacenter-web.eastmoney.com/api/data/v1/get,2026-07-22T01:02:21+00:00
2021-12-23,8129.77622691,https://datacenter-web.eastmoney.com/api/data/v1/get,2026-07-22T01:02:21+00:00
2021-12-24,8092.42132223,https://datacenter-web.eastmoney.com/api/data/v1/get,2026-07-22T01:02:21+00:00
2021-12-27,8105.22383672,https://datacenter-web.eastmoney.com/api/data/v1/get,2026-07-22T01:02:21+00:00
2021-12-28,8115.74889034,https://datacenter-web.eastmoney.com/api/data/v1/get,2026-07-22T01:02:21+00:00
2021-12-29,8125.25186910,https://datacenter-web.eastmoney.com/api/data/v1/get,2026-07-22T01:02:21+00:00
2021-12-30,8128.00502650,https://datacenter-web.eastmoney.com/api/data/v1/get,2026-07-22T01:02:21+00:00
2021-12-31,8089.76134174,https://datacenter-web.eastmoney.com/api/data/v1/get,2026-07-22T01:02:21+00:00
2022-01-04,8129.70787875,https://datacenter-web.eastmoney.com/api/data/v1/get,2026-07-22T01:02:21+00:00
2022-01-05,8121.54757945,https://datacenter-web.eastmoney.com/api/data/v1/get,2026-07-22T01:02:21+00:00
2022-01-06,8137.66691068,https://datacenter-web.eastmoney.com/api/data/v1/get,2026-07-22T01:02:21+00:00
2022-01-07,8068.88273850,https://datacenter-web.eastmoney.com/api/data/v1/get,2026-07-22T01:02:21+00:00
2022-01-10,8076.63576548,https://datacenter-web.eastmoney.com/api/data/v1/get,2026-07-22T01:02:21+00:00
2022-01-11,8068.66742672,https://datacenter-web.eastmoney.com/api/data/v1/get,2026-07-22T01:02:21+00:00
2022-01-12,8073.85955517,https://datacenter-web.eastmoney.com/api/data/v1/get,2026-07-22T01:02:21+00:00
2022-01-13,8080.31003026,https://datacenter-web.eastmoney.com/api/data/v1/get,2026-07-22T01:02:21+00:00
2022-01-14,8053.86702004,https://datacenter-web.eastmoney.com/api/data/v1/get,2026-07-22T01:02:21+00:00
2022-01-17,8085.98834359,https://datacenter-web.eastmoney.com/api/data/v1/get,2026-07-22T01:02:21+00:00
2022-01-18,8068.27639701,https://datacenter-web.eastmoney.com/api/data/v1/get,2026-07-22T01:02:21+00:00
2022-01-19,8067.60712605,https://datacenter-web.eastmoney.com/api/data/v1/get,2026-07-22T01:02:21+00:00
2022-01-20,8017.86415773,https://datacenter-web.eastmoney.com/api/data/v1/get,2026-07-22T01:02:21+00:00
2022-01-21,7951.48628403,https://datacenter-web.eastmoney.com/api/data/v1/get,2026-07-22T01:02:21+00:00
2022-01-24,7945.66460854,https://datacenter-web.eastmoney.com/api/data/v1/get,2026-07-22T01:02:21+00:00
2022-01-25,7890.93034954,https://datacenter-web.eastmoney.com/api/data/v1/get,2026-07-22T01:02:21+00:00
2022-01-26,7848.65179078,https://datacenter-web.eastmoney.com/api/data/v1/get,2026-07-22T01:02:21+00:00
2022-01-27,7801.54059779,https://datacenter-web.eastmoney.com/api/data/v1/get,2026-07-22T01:02:21+00:00
2022-01-28,7655.44431852,https://datacenter-web.eastmoney.com/api/data/v1/get,2026-07-22T01:02:21+00:00
2022-02-07,7678.89837723,https://datacenter-web.eastmoney.com/api/data/v1/get,2026-07-22T01:02:21+00:00
2022-02-08,7679.91506876,https://datacenter-web.eastmoney.com/api/data/v1/get,2026-07-22T01:02:21+00:00
2022-02-09,7702.61585017,https://datacenter-web.eastmoney.com/api/data/v1/get,2026-07-22T01:02:21+00:00
2022-02-10,7705.87356687,https://datacenter-web.eastmoney.com/api/data/v1/get,2026-07-22T01:02:21+00:00
2022-02-11,7681.61542397,https://datacenter-web.eastmoney.com/api/data/v1/get,2026-07-22T01:02:21+00:00
2022-02-14,7684.60557245,https://datacenter-web.eastmoney.com/api/data/v1/get,2026-07-22T01:02:21+00:00
2022-02-15,7681.00594516,https://datacenter-web.eastmoney.com/api/data/v1/get,2026-07-22T01:02:21+00:00
2022-02-16,7698.04778706,https://datacenter-web.eastmoney.com/api/data/v1/get,2026-07-22T01:02:21+00:00
2022-02-17,7701.77948304,https://datacenter-web.eastmoney.com/api/data/v1/get,2026-07-22T01:02:21+00:00
2022-02-18,7686.24345923,https://datacenter-web.eastmoney.com/api/data/v1/get,2026-07-22T01:02:21+00:00
2022-02-21,7724.13928736,https://datacenter-web.eastmoney.com/api/data/v1/get,2026-07-22T01:02:21+00:00
2022-02-22,7735.28603176,https://datacenter-web.eastmoney.com/api/data/v1/get,2026-07-22T01:02:21+00:00
2022-02-23,7770.63531637,https://datacenter-web.eastmoney.com/api/data/v1/get,2026-07-22T01:02:21+00:00
2022-02-24,7723.12254562,https://datacenter-web.eastmoney.com/api/data/v1/get,2026-07-22T01:02:21+00:00
2022-02-25,7716.50350486,https://datacenter-web.eastmoney.com/api/data/v1/get,2026-07-22T01:02:21+00:00
2022-02-28,7731.05102050,https://datacenter-web.eastmoney.com/api/data/v1/get,2026-07-22T01:02:21+00:00
2022-03-01,7743.43798312,https://datacenter-web.eastmoney.com/api/data/v1/get,2026-07-22T01:02:21+00:00
2022-03-02,7755.79889878,https://datacenter-web.eastmoney.com/api/data/v1/get,2026-07-22T01:02:21+00:00
2022-03-03,7751.06276897,https://datacenter-web.eastmoney.com/api/data/v1/get,2026-07-22T01:02:21+00:00
2022-03-04,7718.95014896,https://datacenter-web.eastmoney.com/api/data/v1/get,2026-07-22T01:02:21+00:00
2022-03-07,7721.04643856,https://datacenter-web.eastmoney.com/api/data/v1/get,2026-07-22T01:02:21+00:00
2022-03-08,7696.44536078,https://datacenter-web.eastmoney.com/api/data/v1/get,2026-07-22T01:02:21+00:00
2022-03-09,7646.99525570,https://datacenter-web.eastmoney.com/api/data/v1/get,2026-07-22T01:02:21+00:00
2022-03-10,7637.30356886,https://datacenter-web.eastmoney.com/api/data/v1/get,2026-07-22T01:02:21+00:00
2022-03-11,7600.63406023,https://datacenter-web.eastmoney.com/api/data/v1/get,2026-07-22T01:02:21+00:00
2022-03-14,7602.52318608,https://datacenter-web.eastmoney.com/api/data/v1/get,2026-07-22T01:02:21+00:00
2022-03-15,7537.42176064,https://datacenter-web.eastmoney.com/api/data/v1/get,2026-07-22T01:02:21+00:00
2022-03-16,7518.33200488,https://datacenter-web.eastmoney.com/api/data/v1/get,2026-07-22T01:02:21+00:00
2022-03-17,7501.26526351,https://datacenter-web.eastmoney.com/api/data/v1/get,2026-07-22T01:02:21+00:00
2022-03-18,7492.00067685,https://datacenter-web.eastmoney.com/api/data/v1/get,2026-07-22T01:02:21+00:00
2022-03-21,7510.84574602,https://datacenter-web.eastmoney.com/api/data/v1/get,2026-07-22T01:02:21+00:00
2022-03-22,7516.08052314,https://datacenter-web.eastmoney.com/api/data/v1/get,2026-07-22T01:02:21+00:00
2022-03-23,7514.06921449,https://datacenter-web.eastmoney.com/api/data/v1/get,2026-07-22T01:02:21+00:00
2022-03-24,7516.59957993,https://datacenter-web.eastmoney.com/api/data/v1/get,2026-07-22T01:02:21+00:00
2022-03-25,7497.94716045,https://datacenter-web.eastmoney.com/api/data/v1/get,2026-07-22T01:02:21+00:00
2022-03-28,7491.10913652,https://datacenter-web.eastmoney.com/api/data/v1/get,2026-07-22T01:02:21+00:00
2022-03-29,7479.37145247,https://datacenter-web.eastmoney.com/api/data/v1/get,2026-07-22T01:02:21+00:00
2022-03-30,7484.64057682,https://datacenter-web.eastmoney.com/api/data/v1/get,2026-07-22T01:02:21+00:00
2022-03-31,7458.12699607,https://datacenter-web.eastmoney.com/api/data/v1/get,2026-07-22T01:02:21+00:00
2022-04-01,7402.19626390,https://datacenter-web.eastmoney.com/api/data/v1/get,2026-07-22T01:02:21+00:00
2022-04-06,7428.01894302,https://datacenter-web.eastmoney.com/api/data/v1/get,2026-07-22T01:02:21+00:00
2022-04-07,7406.95565605,https://datacenter-web.eastmoney.com/api/data/v1/get,2026-07-22T01:02:21+00:00
2022-04-08,7377.02357870,https://datacenter-web.eastmoney.com/api/data/v1/get,2026-07-22T01:02:21+00:00
2022-04-11,7330.20374502,https://datacenter-web.eastmoney.com/api/data/v1/get,2026-07-22T01:02:21+00:00
2022-04-12,7316.46500886,https://datacenter-web.eastmoney.com/api/data/v1/get,2026-07-22T01:02:21+00:00
2022-04-13,7282.99589928,https://datacenter-web.eastmoney.com/api/data/v1/get,2026-07-22T01:02:21+00:00
2022-04-14,7280.06353599,https://datacenter-web.eastmoney.com/api/data/v1/get,2026-07-22T01:02:21+00:00
2022-04-15,7230.18216333,https://datacenter-web.eastmoney.com/api/data/v1/get,2026-07-22T01:02:21+00:00
2022-04-18,7225.60771525,https://datacenter-web.eastmoney.com/api/data/v1/get,2026-07-22T01:02:21+00:00
2022-04-19,7217.31110196,https://datacenter-web.eastmoney.com/api/data/v1/get,2026-07-22T01:02:21+00:00
2022-04-20,7209.79435887,https://datacenter-web.eastmoney.com/api/data/v1/get,2026-07-22T01:02:21+00:00
2022-04-21,7153.83078729,https://datacenter-web.eastmoney.com/api/data/v1/get,2026-07-22T01:02:21+00:00
2022-04-22,7089.08721045,https://datacenter-web.eastmoney.com/api/data/v1/get,2026-07-22T01:02:21+00:00
2022-04-25,6946.67635735,https://datacenter-web.eastmoney.com/api/data/v1/get,2026-07-22T01:02:21+00:00
2022-04-26,6801.07515895,https://datacenter-web.eastmoney.com/api/data/v1/get,2026-07-22T01:02:21+00:00
2022-04-27,6745.66975588,https://datacenter-web.eastmoney.com/api/data/v1/get,2026-07-22T01:02:21+00:00
2022-04-28,6700.73206307,https://datacenter-web.eastmoney.com/api/data/v1/get,2026-07-22T01:02:21+00:00
2022-04-29,6653.81895790,https://datacenter-web.eastmoney.com/api/data/v1/get,2026-07-22T01:02:21+00:00
2022-05-05,6693.96568503,https://datacenter-web.eastmoney.com/api/data/v1/get,2026-07-22T01:02:21+00:00
2022-05-06,6681.43109469,https://datacenter-web.eastmoney.com/api/data/v1/get,2026-07-22T01:02:21+00:00
2022-05-09,6682.75740546,https://datacenter-web.eastmoney.com/api/data/v1/get,2026-07-22T01:02:21+00:00
2022-05-10,6693.17626842,https://datacenter-web.eastmoney.com/api/data/v1/get,2026-07-22T01:02:21+00:00
2022-05-11,6713.51076768,https://datacenter-web.eastmoney.com/api/data/v1/get,2026-07-22T01:02:21+00:00
2022-05-12,6702.87171557,https://datacenter-web.eastmoney.com/api/data/v1/get,2026-07-22T01:02:21+00:00
2022-05-13,6695.67355401,https://datacenter-web.eastmoney.com/api/data/v1/get,2026-07-22T01:02:21+00:00
2022-05-16,6697.39153335,https://datacenter-web.eastmoney.com/api/data/v1/get,2026-07-22T01:02:21+00:00
2022-05-17,6697.84905103,https://datacenter-web.eastmoney.com/api/data/v1/get,2026-07-22T01:02:21+00:00
2022-05-18,6695.79450557,https://datacenter-web.eastmoney.com/api/data/v1/get,2026-07-22T01:02:21+00:00
2022-05-19,6694.66432823,https://datacenter-web.eastmoney.com/api/data/v1/get,2026-07-22T01:02:21+00:00
2022-05-20,6683.25834979,https://datacenter-web.eastmoney.com/api/data/v1/get,2026-07-22T01:02:21+00:00
2022-05-23,6712.37371415,https://datacenter-web.eastmoney.com/api/data/v1/get,2026-07-22T01:02:21+00:00
2022-05-24,6709.43995296,https://datacenter-web.eastmoney.com/api/data/v1/get,2026-07-22T01:02:21+00:00
2022-05-25,6718.51504563,https://datacenter-web.eastmoney.com/api/data/v1/get,2026-07-22T01:02:21+00:00
2022-05-26,6718.45817955,https://datacenter-web.eastmoney.com/api/data/v1/get,2026-07-22T01:02:21+00:00
2022-05-27,6698.90049709,https://datacenter-web.eastmoney.com/api/data/v1/get,2026-07-22T01:02:21+00:00
2022-05-30,6697.18199511,https://datacenter-web.eastmoney.com/api/data/v1/get,2026-07-22T01:02:21+00:00
2022-05-31,6691.72979464,https://datacenter-web.eastmoney.com/api/data/v1/get,2026-07-22T01:02:21+00:00
2022-06-01,6683.82535706,https://datacenter-web.eastmoney.com/api/data/v1/get,2026-07-22T01:02:21+00:00
2022-06-02,6666.52053739,https://datacenter-web.eastmoney.com/api/data/v1/get,2026-07-22T01:02:21+00:00
2022-06-06,6701.46750684,https://datacenter-web.eastmoney.com/api/data/v1/get,2026-07-22T01:02:21+00:00
2022-06-07,6712.67518216,https://datacenter-web.eastmoney.com/api/data/v1/get,2026-07-22T01:02:21+00:00
2022-06-08,6734.40117129,https://datacenter-web.eastmoney.com/api/data/v1/get,2026-07-22T01:02:21+00:00
2022-06-09,6747.80517193,https://datacenter-web.eastmoney.com/api/data/v1/get,2026-07-22T01:02:21+00:00
2022-06-10,6747.42673014,https://datacenter-web.eastmoney.com/api/data/v1/get,2026-07-22T01:02:21+00:00
2022-06-13,6781.70045565,https://datacenter-web.eastmoney.com/api/data/v1/get,2026-07-22T01:02:21+00:00
2022-06-14,6798.79414902,https://datacenter-web.eastmoney.com/api/data/v1/get,2026-07-22T01:02:21+00:00
2022-06-15,6818.14025381,https://datacenter-web.eastmoney.com/api/data/v1/get,2026-07-22T01:02:21+00:00
2022-06-16,6832.74377058,https://datacenter-web.eastmoney.com/api/data/v1/get,2026-07-22T01:02:21+00:00
2022-06-17,6829.98612429,https://datacenter-web.eastmoney.com/api/data/v1/get,2026-07-22T01:02:21+00:00
2022-06-20,6847.44048833,https://datacenter-web.eastmoney.com/api/data/v1/get,2026-07-22T01:02:21+00:00
2022-06-21,6841.36905174,https://datacenter-web.eastmoney.com/api/data/v1/get,2026-07-22T01:02:21+00:00
2022-06-22,6860.21319129,https://datacenter-web.eastmoney.com/api/data/v1/get,2026-07-22T01:02:21+00:00
2022-06-23,6885.54238400,https://datacenter-web.eastmoney.com/api/data/v1/get,2026-07-22T01:02:21+00:00
2022-06-24,6877.47828569,https://datacenter-web.eastmoney.com/api/data/v1/get,2026-07-22T01:02:21+00:00
2022-06-27,6919.61333211,https://datacenter-web.eastmoney.com/api/data/v1/get,2026-07-22T01:02:21+00:00
2022-06-28,6966.41784715,https://datacenter-web.eastmoney.com/api/data/v1/get,2026-07-22T01:02:21+00:00
2022-06-29,6973.15608036,https://datacenter-web.eastmoney.com/api/data/v1/get,2026-07-22T01:02:21+00:00
2022-06-30,6995.96039868,https://datacenter-web.eastmoney.com/api/data/v1/get,2026-07-22T01:02:21+00:00
2022-07-01,6993.05781047,https://datacenter-web.eastmoney.com/api/data/v1/get,2026-07-22T01:02:21+00:00
2022-07-04,7038.73869520,https://datacenter-web.eastmoney.com/api/data/v1/get,2026-07-22T01:02:21+00:00
2022-07-05,7052.87551426,https://datacenter-web.eastmoney.com/api/data/v1/get,2026-07-22T01:02:21+00:00
2022-07-06,7075.25526871,https://datacenter-web.eastmoney.com/api/data/v1/get,2026-07-22T01:02:21+00:00
2022-07-07,7109.50674268,https://datacenter-web.eastmoney.com/api/data/v1/get,2026-07-22T01:02:21+00:00
2022-07-08,7081.22193131,https://datacenter-web.eastmoney.com/api/data/v1/get,2026-07-22T01:02:21+00:00
2022-07-11,7086.78810184,https://datacenter-web.eastmoney.com/api/data/v1/get,2026-07-22T01:02:21+00:00
2022-07-12,7078.71835534,https://datacenter-web.eastmoney.com/api/data/v1/get,2026-07-22T01:02:21+00:00
2022-07-13,7097.70949646,https://datacenter-web.eastmoney.com/api/data/v1/get,2026-07-22T01:02:21+00:00
2022-07-14,7099.67622123,https://datacenter-web.eastmoney.com/api/data/v1/get,2026-07-22T01:02:21+00:00
2022-07-15,7062.45156192,https://datacenter-web.eastmoney.com/api/data/v1/get,2026-07-22T01:02:21+00:00
2022-07-18,7096.72771634,https://datacenter-web.eastmoney.com/api/data/v1/get,2026-07-22T01:02:21+00:00
2022-07-19,7109.16802717,https://datacenter-web.eastmoney.com/api/data/v1/get,2026-07-22T01:02:21+00:00
2022-07-20,7118.03701561,https://datacenter-web.eastmoney.com/api/data/v1/get,2026-07-22T01:02:21+00:00
2022-07-21,7104.93625822,https://datacenter-web.eastmoney.com/api/data/v1/get,2026-07-22T01:02:21+00:00
2022-07-22,7084.25382686,https://datacenter-web.eastmoney.com/api/data/v1/get,2026-07-22T01:02:21+00:00
2022-07-25,7081.57376120,https://datacenter-web.eastmoney.com/api/data/v1/get,2026-07-22T01:02:21+00:00
2022-07-26,7087.71653846,https://datacenter-web.eastmoney.com/api/data/v1/get,2026-07-22T01:02:21+00:00
2022-07-27,7111.30625483,https://datacenter-web.eastmoney.com/api/data/v1/get,2026-07-22T01:02:21+00:00
2022-07-28,7111.83230640,https://datacenter-web.eastmoney.com/api/data/v1/get,2026-07-22T01:02:21+00:00
2022-07-29,7096.73092316,https://datacenter-web.eastmoney.com/api/data/v1/get,2026-07-22T01:02:21+00:00
2022-08-01,7115.34323665,https://datacenter-web.eastmoney.com/api/data/v1/get,2026-07-22T01:02:21+00:00
2022-08-02,7050.09965473,https://datacenter-web.eastmoney.com/api/data/v1/get,2026-07-22T01:02:21+00:00
2022-08-03,7031.09236772,https://datacenter-web.eastmoney.com/api/data/v1/get,2026-07-22T01:02:21+00:00
2022-08-04,7040.45618488,https://datacenter-web.eastmoney.com/api/data/v1/get,2026-07-22T01:02:21+00:00
2022-08-05,7015.41639723,https://datacenter-web.eastmoney.com/api/data/v1/get,2026-07-22T01:02:21+00:00
2022-08-08,7039.91324965,https://datacenter-web.eastmoney.com/api/data/v1/get,2026-07-22T01:02:21+00:00
2022-08-09,7062.25734236,https://datacenter-web.eastmoney.com/api/data/v1/get,2026-07-22T01:02:21+00:00
2022-08-10,7079.73259293,https://datacenter-web.eastmoney.com/api/data/v1/get,2026-07-22T01:02:21+00:00
2022-08-11,7096.54426145,https://datacenter-web.eastmoney.com/api/data/v1/get,2026-07-22T01:02:21+00:00
2022-08-12,7065.42599256,https://datacenter-web.eastmoney.com/api/data/v1/get,2026-07-22T01:02:21+00:00
2022-08-15,7098.25370466,https://datacenter-web.eastmoney.com/api/data/v1/get,2026-07-22T01:02:21+00:00
2022-08-16,7112.29540824,https://datacenter-web.eastmoney.com/api/data/v1/get,2026-07-22T01:02:21+00:00
2022-08-17,7130.60478830,https://datacenter-web.eastmoney.com/api/data/v1/get,2026-07-22T01:02:21+00:00
2022-08-18,7147.68507352,https://datacenter-web.eastmoney.com/api/data/v1/get,2026-07-22T01:02:21+00:00
2022-08-19,7119.67099604,https://datacenter-web.eastmoney.com/api/data/v1/get,2026-07-22T01:02:21+00:00
2022-08-22,7122.22481807,https://datacenter-web.eastmoney.com/api/data/v1/get,2026-07-22T01:02:21+00:00
2022-08-23,7136.25871730,https://datacenter-web.eastmoney.com/api/data/v1/get,2026-07-22T01:02:21+00:00
2022-08-24,7108.39314940,https://datacenter-web.eastmoney.com/api/data/v1/get,2026-07-22T01:02:21+00:00
2022-08-25,7093.21083945,https://datacenter-web.eastmoney.com/api/data/v1/get,2026-07-22T01:02:21+00:00
2022-08-26,7072.17678714,https://datacenter-web.eastmoney.com/api/data/v1/get,2026-07-22T01:02:21+00:00
2022-08-29,7077.18646258,https://datacenter-web.eastmoney.com/api/data/v1/get,2026-07-22T01:02:21+00:00
2022-08-30,7079.41584435,https://datacenter-web.eastmoney.com/api/data/v1/get,2026-07-22T01:02:21+00:00
2022-08-31,7029.16954479,https://datacenter-web.eastmoney.com/api/data/v1/get,2026-07-22T01:02:21+00:00
2022-09-01,7007.61462139,https://datacenter-web.eastmoney.com/api/data/v1/get,2026-07-22T01:02:21+00:00
2022-09-02,6988.95548473,https://datacenter-web.eastmoney.com/api/data/v1/get,2026-07-22T01:02:21+00:00
2022-09-05,6996.61690385,https://datacenter-web.eastmoney.com/api/data/v1/get,2026-07-22T01:02:21+00:00
2022-09-06,7010.18659663,https://datacenter-web.eastmoney.com/api/data/v1/get,2026-07-22T01:02:21+00:00
2022-09-07,7024.15250378,https://datacenter-web.eastmoney.com/api/data/v1/get,2026-07-22T01:02:21+00:00
2022-09-08,7022.48082362,https://datacenter-web.eastmoney.com/api/data/v1/get,2026-07-22T01:02:21+00:00
2022-09-09,6994.44592305,https://datacenter-web.eastmoney.com/api/data/v1/get,2026-07-22T01:02:21+00:00
2022-09-13,6996.86475733,https://datacenter-web.eastmoney.com/api/data/v1/get,2026-07-22T01:02:21+00:00
2022-09-14,6996.99583942,https://datacenter-web.eastmoney.com/api/data/v1/get,2026-07-22T01:02:21+00:00
2022-09-15,6968.64426683,https://datacenter-web.eastmoney.com/api/data/v1/get,2026-07-22T01:02:21+00:00
2022-09-16,6942.01872414,https://datacenter-web.eastmoney.com/api/data/v1/get,2026-07-22T01:02:21+00:00
2022-09-19,6932.13296066,https://datacenter-web.eastmoney.com/api/data/v1/get,2026-07-22T01:02:21+00:00
2022-09-20,6934.38141116,https://datacenter-web.eastmoney.com/api/data/v1/get,2026-07-22T01:02:21+00:00
2022-09-21,6940.00240413,https://datacenter-web.eastmoney.com/api/data/v1/get,2026-07-22T01:02:21+00:00
2022-09-22,6930.99824621,https://datacenter-web.eastmoney.com/api/data/v1/get,2026-07-22T01:02:21+00:00
2022-09-23,6898.17733608,https://datacenter-web.eastmoney.com/api/data/v1/get,2026-07-22T01:02:21+00:00
2022-09-26,6868.32871001,https://datacenter-web.eastmoney.com/api/data/v1/get,2026-07-22T01:02:21+00:00
2022-09-27,6859.55888551,https://datacenter-web.eastmoney.com/api/data/v1/get,2026-07-22T01:02:21+00:00
2022-09-28,6828.83716133,https://datacenter-web.eastmoney.com/api/data/v1/get,2026-07-22T01:02:21+00:00
2022-09-29,6810.41969209,https://datacenter-web.eastmoney.com/api/data/v1/get,2026-07-22T01:02:21+00:00
2022-09-30,6729.39209502,https://datacenter-web.eastmoney.com/api/data/v1/get,2026-07-22T01:02:21+00:00
2022-10-10,6730.45406860,https://datacenter-web.eastmoney.com/api/data/v1/get,2026-07-22T01:02:21+00:00
2022-10-11,6726.94594435,https://datacenter-web.eastmoney.com/api/data/v1/get,2026-07-22T01:02:21+00:00
2022-10-12,6734.24751221,https://datacenter-web.eastmoney.com/api/data/v1/get,2026-07-22T01:02:21+00:00
2022-10-13,6733.77883480,https://datacenter-web.eastmoney.com/api/data/v1/get,2026-07-22T01:02:21+00:00
2022-10-14,6719.20971956,https://datacenter-web.eastmoney.com/api/data/v1/get,2026-07-22T01:02:21+00:00
2022-10-17,6729.67441580,https://datacenter-web.eastmoney.com/api/data/v1/get,2026-07-22T01:02:21+00:00
2022-10-18,6744.53903449,https://datacenter-web.eastmoney.com/api/data/v1/get,2026-07-22T01:02:21+00:00
2022-10-19,6750.23685575,https://datacenter-web.eastmoney.com/api/data/v1/get,2026-07-22T01:02:21+00:00
2022-10-20,6746.49331450,https://datacenter-web.eastmoney.com/api/data/v1/get,2026-07-22T01:02:21+00:00
2022-10-21,6730.25114253,https://datacenter-web.eastmoney.com/api/data/v1/get,2026-07-22T01:02:21+00:00
2022-10-24,6748.34414249,https://datacenter-web.eastmoney.com/api/data/v1/get,2026-07-22T01:02:21+00:00
2022-10-25,6755.64676848,https://datacenter-web.eastmoney.com/api/data/v1/get,2026-07-22T01:02:21+00:00
2022-10-26,6776.83756065,https://datacenter-web.eastmoney.com/api/data/v1/get,2026-07-22T01:02:21+00:00
2022-10-27,6777.71714161,https://datacenter-web.eastmoney.com/api/data/v1/get,2026-07-22T01:02:21+00:00
2022-10-28,6725.88696090,https://datacenter-web.eastmoney.com/api/data/v1/get,2026-07-22T01:02:21+00:00
2022-10-31,6740.80070874,https://datacenter-web.eastmoney.com/api/data/v1/get,2026-07-22T01:02:21+00:00
2022-11-01,6767.68524196,https://datacenter-web.eastmoney.com/api/data/v1/get,2026-07-22T01:02:21+00:00
2022-11-02,6774.10677546,https://datacenter-web.eastmoney.com/api/data/v1/get,2026-07-22T01:02:21+00:00
2022-11-03,6795.21945599,https://datacenter-web.eastmoney.com/api/data/v1/get,2026-07-22T01:02:21+00:00
2022-11-04,6806.77036774,https://datacenter-web.eastmoney.com/api/data/v1/get,2026-07-22T01:02:21+00:00
2022-11-07,6829.29153999,https://datacenter-web.eastmoney.com/api/data/v1/get,2026-07-22T01:02:21+00:00
2022-11-08,6859.94784872,https://datacenter-web.eastmoney.com/api/data/v1/get,2026-07-22T01:02:21+00:00
2022-11-09,6879.24029596,https://datacenter-web.eastmoney.com/api/data/v1/get,2026-07-22T01:02:21+00:00
2022-11-10,6887.68627403,https://datacenter-web.eastmoney.com/api/data/v1/get,2026-07-22T01:02:21+00:00
2022-11-11,6863.44594035,https://datacenter-web.eastmoney.com/api/data/v1/get,2026-07-22T01:02:21+00:00
2022-11-14,6865.25067439,https://datacenter-web.eastmoney.com/api/data/v1/get,2026-07-22T01:02:21+00:00
2022-11-15,6879.92827137,https://datacenter-web.eastmoney.com/api/data/v1/get,2026-07-22T01:02:21+00:00
2022-11-16,6897.25487719,https://datacenter-web.eastmoney.com/api/data/v1/get,2026-07-22T01:02:21+00:00
2022-11-17,6910.88464806,https://datacenter-web.eastmoney.com/api/data/v1/get,2026-07-22T01:02:21+00:00
2022-11-18,6904.56305971,https://datacenter-web.eastmoney.com/api/data/v1/get,2026-07-22T01:02:21+00:00
2022-11-21,6940.78041435,https://datacenter-web.eastmoney.com/api/data/v1/get,2026-07-22T01:02:21+00:00
2022-11-22,6943.41543191,https://datacenter-web.eastmoney.com/api/data/v1/get,2026-07-22T01:02:21+00:00
2022-11-23,6946.30785173,https://datacenter-web.eastmoney.com/api/data/v1/get,2026-07-22T01:02:21+00:00
2022-11-24,6954.68216232,https://datacenter-web.eastmoney.com/api/data/v1/get,2026-07-22T01:02:21+00:00
2022-11-25,6920.05867419,https://datacenter-web.eastmoney.com/api/data/v1/get,2026-07-22T01:02:21+00:00
2022-11-28,6913.58719612,https://datacenter-web.eastmoney.com/api/data/v1/get,2026-07-22T01:02:21+00:00
2022-11-29,6922.79102273,https://datacenter-web.eastmoney.com/api/data/v1/get,2026-07-22T01:02:21+00:00
2022-11-30,6929.33019278,https://datacenter-web.eastmoney.com/api/data/v1/get,2026-07-22T01:02:21+00:00
2022-12-01,6925.56298475,https://datacenter-web.eastmoney.com/api/data/v1/get,2026-07-22T01:02:21+00:00
2022-12-02,6916.44353929,https://datacenter-web.eastmoney.com/api/data/v1/get,2026-07-22T01:02:21+00:00
2022-12-05,6947.05933228,https://datacenter-web.eastmoney.com/api/data/v1/get,2026-07-22T01:02:21+00:00
2022-12-06,6954.67627044,https://datacenter-web.eastmoney.com/api/data/v1/get,2026-07-22T01:02:21+00:00
2022-12-07,6970.72658155,https://datacenter-web.eastmoney.com/api/data/v1/get,2026-07-22T01:02:21+00:00
2022-12-08,6970.02810042,https://datacenter-web.eastmoney.com/api/data/v1/get,2026-07-22T01:02:21+00:00
2022-12-09,6954.29804571,https://datacenter-web.eastmoney.com/api/data/v1/get,2026-07-22T01:02:21+00:00
2022-12-12,6973.76857446,https://datacenter-web.eastmoney.com/api/data/v1/get,2026-07-22T01:02:21+00:00
2022-12-13,6982.36057609,https://datacenter-web.eastmoney.com/api/data/v1/get,2026-07-22T01:02:21+00:00
2022-12-14,6975.89378133,https://datacenter-web.eastmoney.com/api/data/v1/get,2026-07-22T01:02:21+00:00
2022-12-15,6994.21838538,https://datacenter-web.eastmoney.com/api/data/v1/get,2026-07-22T01:02:21+00:00
2022-12-16,6970.70194380,https://datacenter-web.eastmoney.com/api/data/v1/get,2026-07-22T01:02:21+00:00
2022-12-19,6964.38796405,https://datacenter-web.eastmoney.com/api/data/v1/get,2026-07-22T01:02:21+00:00
2022-12-20,6962.43000344,https://datacenter-web.eastmoney.com/api/data/v1/get,2026-07-22T01:02:21+00:00
2022-12-21,6941.07679547,https://datacenter-web.eastmoney.com/api/data/v1/get,2026-07-22T01:02:21+00:00
2022-12-22,6914.36667456,https://datacenter-web.eastmoney.com/api/data/v1/get,2026-07-22T01:02:21+00:00
2022-12-23,6883.82369371,https://datacenter-web.eastmoney.com/api/data/v1/get,2026-07-22T01:02:21+00:00
2022-12-26,6890.38520496,https://datacenter-web.eastmoney.com/api/data/v1/get,2026-07-22T01:02:21+00:00
2022-12-27,6880.02668765,https://datacenter-web.eastmoney.com/api/data/v1/get,2026-07-22T01:02:21+00:00
2022-12-28,6865.11853898,https://datacenter-web.eastmoney.com/api/data/v1/get,2026-07-22T01:02:21+00:00
2022-12-29,6856.87053457,https://datacenter-web.eastmoney.com/api/data/v1/get,2026-07-22T01:02:21+00:00
2022-12-30,6819.96455771,https://datacenter-web.eastmoney.com/api/data/v1/get,2026-07-22T01:02:21+00:00
2023-01-03,6851.52948273,https://datacenter-web.eastmoney.com/api/data/v1/get,2026-07-22T01:02:21+00:00
2023-01-04,6861.14819129,https://datacenter-web.eastmoney.com/api/data/v1/get,2026-07-22T01:02:21+00:00
2023-01-05,6874.27244379,https://datacenter-web.eastmoney.com/api/data/v1/get,2026-07-22T01:02:21+00:00
2023-01-06,6858.04652576,https://datacenter-web.eastmoney.com/api/data/v1/get,2026-07-22T01:02:21+00:00
2023-01-09,6866.29994365,https://datacenter-web.eastmoney.com/api/data/v1/get,2026-07-22T01:02:21+00:00
2023-01-10,6862.11176277,https://datacenter-web.eastmoney.com/api/data/v1/get,2026-07-22T01:02:21+00:00
2023-01-11,6859.25563518,https://datacenter-web.eastmoney.com/api/data/v1/get,2026-07-22T01:02:21+00:00
2023-01-12,6852.34644425,https://datacenter-web.eastmoney.com/api/data/v1/get,2026-07-22T01:02:21+00:00
2023-01-13,6832.18996269,https://datacenter-web.eastmoney.com/api/data/v1/get,2026-07-22T01:02:21+00:00
2023-01-16,6830.21898062,https://datacenter-web.eastmoney.com/api/data/v1/get,2026-07-22T01:02:21+00:00
2023-01-17,6831.11994346,https://datacenter-web.eastmoney.com/api/data/v1/get,2026-07-22T01:02:21+00:00
2023-01-18,6820.58644884,https://datacenter-web.eastmoney.com/api/data/v1/get,2026-07-22T01:02:21+00:00
2023-01-19,6806.29834992,https://datacenter-web.eastmoney.com/api/data/v1/get,2026-07-22T01:02:21+00:00
2023-01-20,6708.52775377,https://datacenter-web.eastmoney.com/api/data/v1/get,2026-07-22T01:02:21+00:00
2023-01-30,6808.68413474,https://datacenter-web.eastmoney.com/api/data/v1/get,2026-07-22T01:02:21+00:00
2023-01-31,6835.09810545,https://datacenter-web.eastmoney.com/api/data/v1/get,2026-07-22T01:02:21+00:00
2023-02-01,6875.18496675,https://datacenter-web.eastmoney.com/api/data/v1/get,2026-07-22T01:02:21+00:00
2023-02-02,6898.59438002,https://datacenter-web.eastmoney.com/api/data/v1/get,2026-07-22T01:02:21+00:00
2023-02-03,6893.79941228,https://datacenter-web.eastmoney.com/api/data/v1/get,2026-07-22T01:02:21+00:00
2023-02-06,6928.77280191,https://datacenter-web.eastmoney.com/api/data/v1/get,2026-07-22T01:02:21+00:00
2023-02-07,6963.74883301,https://datacenter-web.eastmoney.com/api/data/v1/get,2026-07-22T01:02:21+00:00
2023-02-08,6972.51586621,https://datacenter-web.eastmoney.com/api/data/v1/get,2026-07-22T01:02:21+00:00
2023-02-09,6990.19155829,https://datacenter-web.eastmoney.com/api/data/v1/get,2026-07-22T01:02:21+00:00
2023-02-10,6984.55516595,https://datacenter-web.eastmoney.com/api/data/v1/get,2026-07-22T01:02:21+00:00
2023-02-13,7017.89561356,https://datacenter-web.eastmoney.com/api/data/v1/get,2026-07-22T01:02:21+00:00
2023-02-14,7038.17994595,https://datacenter-web.eastmoney.com/api/data/v1/get,2026-07-22T01:02:21+00:00
2023-02-15,7049.84760529,https://datacenter-web.eastmoney.com/api/data/v1/get,2026-07-22T01:02:21+00:00
2023-02-16,7034.51348857,https://datacenter-web.eastmoney.com/api/data/v1/get,2026-07-22T01:02:21+00:00
2023-02-17,7013.50289524,https://datacenter-web.eastmoney.com/api/data/v1/get,2026-07-22T01:02:21+00:00
2023-02-20,7045.00860943,https://datacenter-web.eastmoney.com/api/data/v1/get,2026-07-22T01:02:21+00:00
2023-02-21,7054.79197777,https://datacenter-web.eastmoney.com/api/data/v1/get,2026-07-22T01:02:21+00:00
2023-02-22,7067.63653492,https://datacenter-web.eastmoney.com/api/data/v1/get,2026-07-22T01:02:21+00:00
2023-02-23,7071.52208573,https://datacenter-web.eastmoney.com/api/data/v1/get,2026-07-22T01:02:21+00:00
2023-02-24,7058.69458930,https://datacenter-web.eastmoney.com/api/data/v1/get,2026-07-22T01:02:21+00:00
2023-02-27,7068.47053781,https://datacenter-web.eastmoney.com/api/data/v1/get,2026-07-22T01:02:21+00:00
2023-02-28,7071.08855801,https://datacenter-web.eastmoney.com/api/data/v1/get,2026-07-22T01:02:21+00:00
2023-03-01,7092.30779963,https://datacenter-web.eastmoney.com/api/data/v1/get,2026-07-22T01:02:21+00:00
2023-03-02,7100.50522138,https://datacenter-web.eastmoney.com/api/data/v1/get,2026-07-22T01:02:21+00:00
2023-03-03,7075.29871254,https://datacenter-web.eastmoney.com/api/data/v1/get,2026-07-22T01:02:21+00:00
2023-03-06,7106.18202914,https://datacenter-web.eastmoney.com/api/data/v1/get,2026-07-22T01:02:21+00:00
2023-03-07,7089.36417178,https://datacenter-web.eastmoney.com/api/data/v1/get,2026-07-22T01:02:21+00:00
2023-03-08,7094.46886833,https://datacenter-web.eastmoney.com/api/data/v1/get,2026-07-22T01:02:21+00:00
2023-03-09,7099.39558028,https://datacenter-web.eastmoney.com/api/data/v1/get,2026-07-22T01:02:21+00:00
2023-03-10,7071.50862627,https://datacenter-web.eastmoney.com/api/data/v1/get,2026-07-22T01:02:21+00:00
2023-03-13,7083.60962175,https://datacenter-web.eastmoney.com/api/data/v1/get,2026-07-22T01:02:21+00:00
2023-03-14,7081.66805269,https://datacenter-web.eastmoney.com/api/data/v1/get,2026-07-22T01:02:21+00:00
2023-03-15,7077.23093748,https://datacenter-web.eastmoney.com/api/data/v1/get,2026-07-22T01:02:21+00:00
2023-03-16,7069.44014104,https://datacenter-web.eastmoney.com/api/data/v1/get,2026-07-22T01:02:21+00:00
2023-03-17,7065.06300701,https://datacenter-web.eastmoney.com/api/data/v1/get,2026-07-22T01:02:21+00:00
2023-03-20,7079.15901064,https://datacenter-web.eastmoney.com/api/data/v1/get,2026-07-22T01:02:21+00:00
2023-03-21,7089.89591647,https://datacenter-web.eastmoney.com/api/data/v1/get,2026-07-22T01:02:21+00:00
2023-03-22,7115.04458406,https://datacenter-web.eastmoney.com/api/data/v1/get,2026-07-22T01:02:21+00:00
2023-03-23,7131.73017267,https://datacenter-web.eastmoney.com/api/data/v1/get,2026-07-22T01:02:21+00:00
2023-03-24,7143.50268656,https://datacenter-web.eastmoney.com/api/data/v1/get,2026-07-22T01:02:21+00:00
2023-03-27,7185.52427866,https://datacenter-web.eastmoney.com/api/data/v1/get,2026-07-22T01:02:21+00:00
2023-03-28,7196.34156242,https://datacenter-web.eastmoney.com/api/data/v1/get,2026-07-22T01:02:21+00:00
2023-03-29,7187.86451238,https://datacenter-web.eastmoney.com/api/data/v1/get,2026-07-22T01:02:21+00:00
2023-03-30,7193.40300928,https://datacenter-web.eastmoney.com/api/data/v1/get,2026-07-22T01:02:21+00:00
2023-03-31,7178.37812990,https://datacenter-web.eastmoney.com/api/data/v1/get,2026-07-22T01:02:21+00:00
2023-04-03,7241.93991606,https://datacenter-web.eastmoney.com/api/data/v1/get,2026-07-22T01:02:21+00:00
2023-04-04,7253.88022429,https://datacenter-web.eastmoney.com/api/data/v1/get,2026-07-22T01:02:21+00:00
2023-04-06,7287.28518531,https://datacenter-web.eastmoney.com/api/data/v1/get,2026-07-22T01:02:21+00:00
2023-04-07,7279.99002406,https://datacenter-web.eastmoney.com/api/data/v1/get,2026-07-22T01:02:21+00:00
2023-04-10,7299.92747837,https://datacenter-web.eastmoney.com/api/data/v1/get,2026-07-22T01:02:21+00:00
2023-04-11,7315.47607396,https://datacenter-web.eastmoney.com/api/data/v1/get,2026-07-22T01:02:21+00:00
2023-04-12,7344.41982139,https://datacenter-web.eastmoney.com/api/data/v1/get,2026-07-22T01:02:21+00:00
2023-04-13,7354.65785828,https://datacenter-web.eastmoney.com/api/data/v1/get,2026-07-22T01:02:21+00:00
2023-04-14,7353.96110991,https://datacenter-web.eastmoney.com/api/data/v1/get,2026-07-22T01:02:21+00:00
2023-04-17,7371.99849249,https://datacenter-web.eastmoney.com/api/data/v1/get,2026-07-22T01:02:21+00:00
2023-04-18,7380.03847669,https://datacenter-web.eastmoney.com/api/data/v1/get,2026-07-22T01:02:21+00:00
2023-04-19,7399.76656610,https://datacenter-web.eastmoney.com/api/data/v1/get,2026-07-22T01:02:21+00:00
2023-04-20,7406.88054697,https://datacenter-web.eastmoney.com/api/data/v1/get,2026-07-22T01:02:21+00:00
2023-04-21,7371.13056679,https://datacenter-web.eastmoney.com/api/data/v1/get,2026-07-22T01:02:21+00:00
2023-04-24,7392.89078145,https://datacenter-web.eastmoney.com/api/data/v1/get,2026-07-22T01:02:21+00:00
2023-04-25,7353.47392127,https://datacenter-web.eastmoney.com/api/data/v1/get,2026-07-22T01:02:21+00:00
2023-04-26,7331.38948836,https://datacenter-web.eastmoney.com/api/data/v1/get,2026-07-22T01:02:21+00:00
2023-04-27,7273.25052622,https://datacenter-web.eastmoney.com/api/data/v1/get,2026-07-22T01:02:21+00:00
2023-04-28,7225.37882998,https://datacenter-web.eastmoney.com/api/data/v1/get,2026-07-22T01:02:21+00:00
2023-05-04,7285.31846648,https://datacenter-web.eastmoney.com/api/data/v1/get,2026-07-22T01:02:21+00:00
2023-05-05,7266.67228390,https://datacenter-web.eastmoney.com/api/data/v1/get,2026-07-22T01:02:21+00:00
2023-05-08,7278.47268804,https://datacenter-web.eastmoney.com/api/data/v1/get,2026-07-22T01:02:21+00:00
2023-05-09,7274.97526555,https://datacenter-web.eastmoney.com/api/data/v1/get,2026-07-22T01:02:21+00:00
2023-05-10,7265.27871526,https://datacenter-web.eastmoney.com/api/data/v1/get,2026-07-22T01:02:21+00:00
2023-05-11,7260.22105222,https://datacenter-web.eastmoney.com/api/data/v1/get,2026-07-22T01:02:21+00:00
2023-05-12,7229.85347750,https://datacenter-web.eastmoney.com/api/data/v1/get,2026-07-22T01:02:21+00:00
2023-05-15,7235.97187148,https://datacenter-web.eastmoney.com/api/data/v1/get,2026-07-22T01:02:21+00:00
2023-05-16,7234.95276390,https://datacenter-web.eastmoney.com/api/data/v1/get,2026-07-22T01:02:21+00:00
2023-05-17,7238.80653509,https://datacenter-web.eastmoney.com/api/data/v1/get,2026-07-22T01:02:21+00:00
2023-05-18,7261.46468185,https://datacenter-web.eastmoney.com/api/data/v1/get,2026-07-22T01:02:21+00:00
2023-05-19,7231.75051476,https://datacenter-web.eastmoney.com/api/data/v1/get,2026-07-22T01:02:21+00:00
2023-05-22,7233.79036881,https://datacenter-web.eastmoney.com/api/data/v1/get,2026-07-22T01:02:21+00:00
2023-05-23,7214.55770387,https://datacenter-web.eastmoney.com/api/data/v1/get,2026-07-22T01:02:21+00:00
2023-05-24,7214.49108904,https://datacenter-web.eastmoney.com/api/data/v1/get,2026-07-22T01:02:21+00:00
2023-05-25,7202.35640636,https://datacenter-web.eastmoney.com/api/data/v1/get,2026-07-22T01:02:21+00:00
2023-05-26,7196.73420517,https://datacenter-web.eastmoney.com/api/data/v1/get,2026-07-22T01:02:21+00:00
2023-05-29,7213.53526898,https://datacenter-web.eastmoney.com/api/data/v1/get,2026-07-22T01:02:21+00:00
2023-05-30,7211.34476551,https://datacenter-web.eastmoney.com/api/data/v1/get,2026-07-22T01:02:21+00:00
2023-05-31,7226.70503180,https://datacenter-web.eastmoney.com/api/data/v1/get,2026-07-22T01:02:21+00:00
2023-06-01,7228.04729095,https://datacenter-web.eastmoney.com/api/data/v1/get,2026-07-22T01:02:21+00:00
2023-06-02,7207.39273933,https://datacenter-web.eastmoney.com/api/data/v1/get,2026-07-22T01:02:21+00:00
2023-06-05,7221.08641379,https://datacenter-web.eastmoney.com/api/data/v1/get,2026-07-22T01:02:21+00:00
2023-06-06,7197.25313276,https://datacenter-web.eastmoney.com/api/data/v1/get,2026-07-22T01:02:21+00:00
2023-06-07,7206.10121875,https://datacenter-web.eastmoney.com/api/data/v1/get,2026-07-22T01:02:21+00:00
2023-06-08,7195.43805175,https://datacenter-web.eastmoney.com/api/data/v1/get,2026-07-22T01:02:21+00:00
2023-06-09,7191.53392314,https://datacenter-web.eastmoney.com/api/data/v1/get,2026-07-22T01:02:21+00:00
2023-06-12,7205.19734393,https://datacenter-web.eastmoney.com/api/data/v1/get,2026-07-22T01:02:21+00:00
2023-06-13,7208.04159773,https://datacenter-web.eastmoney.com/api/data/v1/get,2026-07-22T01:02:21+00:00
2023-06-14,7198.82032215,https://datacenter-web.eastmoney.com/api/data/v1/get,2026-07-22T01:02:21+00:00
2023-06-15,7194.90138679,https://datacenter-web.eastmoney.com/api/data/v1/get,2026-07-22T01:02:21+00:00
2023-06-16,7184.87505529,https://datacenter-web.eastmoney.com/api/data/v1/get,2026-07-22T01:02:21+00:00
2023-06-19,7233.05654050,https://datacenter-web.eastmoney.com/api/data/v1/get,2026-07-22T01:02:21+00:00
2023-06-20,7251.76358350,https://datacenter-web.eastmoney.com/api/data/v1/get,2026-07-22T01:02:21+00:00
2023-06-21,7201.19926873,https://datacenter-web.eastmoney.com/api/data/v1/get,2026-07-22T01:02:21+00:00
2023-06-26,7176.11334570,https://datacenter-web.eastmoney.com/api/data/v1/get,2026-07-22T01:02:21+00:00
2023-06-27,7174.04152499,https://datacenter-web.eastmoney.com/api/data/v1/get,2026-07-22T01:02:21+00:00
2023-06-28,7137.74468854,https://datacenter-web.eastmoney.com/api/data/v1/get,2026-07-22T01:02:21+00:00
2023-06-29,7144.35431768,https://datacenter-web.eastmoney.com/api/data/v1/get,2026-07-22T01:02:21+00:00
2023-06-30,7120.63972484,https://datacenter-web.eastmoney.com/api/data/v1/get,2026-07-22T01:02:21+00:00
2023-07-03,7142.47629350,https://datacenter-web.eastmoney.com/api/data/v1/get,2026-07-22T01:02:21+00:00
2023-07-04,7165.93273025,https://datacenter-web.eastmoney.com/api/data/v1/get,2026-07-22T01:02:21+00:00
2023-07-05,7172.19732659,https://datacenter-web.eastmoney.com/api/data/v1/get,2026-07-22T01:02:21+00:00
2023-07-06,7180.57823032,https://datacenter-web.eastmoney.com/api/data/v1/get,2026-07-22T01:02:21+00:00
2023-07-07,7156.05245064,https://datacenter-web.eastmoney.com/api/data/v1/get,2026-07-22T01:02:21+00:00
2023-07-10,7155.70934016,https://datacenter-web.eastmoney.com/api/data/v1/get,2026-07-22T01:02:21+00:00
2023-07-11,7165.54630481,https://datacenter-web.eastmoney.com/api/data/v1/get,2026-07-22T01:02:21+00:00
2023-07-12,7152.63072955,https://datacenter-web.eastmoney.com/api/data/v1/get,2026-07-22T01:02:21+00:00
2023-07-13,7151.21854287,https://datacenter-web.eastmoney.com/api/data/v1/get,2026-07-22T01:02:21+00:00
2023-07-14,7150.12998843,https://datacenter-web.eastmoney.com/api/data/v1/get,2026-07-22T01:02:21+00:00
2023-07-17,7163.45731951,https://datacenter-web.eastmoney.com/api/data/v1/get,2026-07-22T01:02:21+00:00
2023-07-18,7164.98368837,https://datacenter-web.eastmoney.com/api/data/v1/get,2026-07-22T01:02:21+00:00
2023-07-19,7161.97856139,https://datacenter-web.eastmoney.com/api/data/v1/get,2026-07-22T01:02:21+00:00
2023-07-20,7132.33415490,https://datacenter-web.eastmoney.com/api/data/v1/get,2026-07-22T01:02:21+00:00
2023-07-21,7100.09221432,https://datacenter-web.eastmoney.com/api/data/v1/get,2026-07-22T01:02:21+00:00
2023-07-24,7111.27000308,https://datacenter-web.eastmoney.com/api/data/v1/get,2026-07-22T01:02:21+00:00
2023-07-25,7113.99965740,https://datacenter-web.eastmoney.com/api/data/v1/get,2026-07-22T01:02:21+00:00
2023-07-26,7105.19823127,https://datacenter-web.eastmoney.com/api/data/v1/get,2026-07-22T01:02:21+00:00
2023-07-27,7093.28722150,https://datacenter-web.eastmoney.com/api/data/v1/get,2026-07-22T01:02:21+00:00
2023-07-28,7072.85685052,https://datacenter-web.eastmoney.com/api/data/v1/get,2026-07-22T01:02:21+00:00
2023-07-31,7097.35205790,https://datacenter-web.eastmoney.com/api/data/v1/get,2026-07-22T01:02:21+00:00
2023-08-01,7108.90752663,https://datacenter-web.eastmoney.com/api/data/v1/get,2026-07-22T01:02:21+00:00
2023-08-02,7116.10833141,https://datacenter-web.eastmoney.com/api/data/v1/get,2026-07-22T01:02:21+00:00
2023-08-03,7118.95084210,https://datacenter-web.eastmoney.com/api/data/v1/get,2026-07-22T01:02:21+00:00
2023-08-04,7117.46159668,https://datacenter-web.eastmoney.com/api/data/v1/get,2026-07-22T01:02:21+00:00
2023-08-07,7145.85068563,https://datacenter-web.eastmoney.com/api/data/v1/get,2026-07-22T01:02:21+00:00
2023-08-08,7139.78741257,https://datacenter-web.eastmoney.com/api/data/v1/get,2026-07-22T01:02:21+00:00
2023-08-09,7125.21203470,https://datacenter-web.eastmoney.com/api/data/v1/get,2026-07-22T01:02:21+00:00
2023-08-10,7118.02585304,https://datacenter-web.eastmoney.com/api/data/v1/get,2026-07-22T01:02:21+00:00
2023-08-11,7093.75008377,https://datacenter-web.eastmoney.com/api/data/v1/get,2026-07-22T01:02:21+00:00
2023-08-14,7089.67173477,https://datacenter-web.eastmoney.com/api/data/v1/get,2026-07-22T01:02:21+00:00
2023-08-15,7090.11354093,https://datacenter-web.eastmoney.com/api/data/v1/get,2026-07-22T01:02:21+00:00
2023-08-16,7069.39843370,https://datacenter-web.eastmoney.com/api/data/v1/get,2026-07-22T01:02:21+00:00
2023-08-17,7073.66172195,https://datacenter-web.eastmoney.com/api/data/v1/get,2026-07-22T01:02:21+00:00
2023-08-18,7045.17784037,https://datacenter-web.eastmoney.com/api/data/v1/get,2026-07-22T01:02:21+00:00
2023-08-21,7031.21708226,https://datacenter-web.eastmoney.com/api/data/v1/get,2026-07-22T01:02:21+00:00
2023-08-22,7031.12671004,https://datacenter-web.eastmoney.com/api/data/v1/get,2026-07-22T01:02:21+00:00
2023-08-23,7018.57428264,https://datacenter-web.eastmoney.com/api/data/v1/get,2026-07-22T01:02:21+00:00
2023-08-24,7002.42093452,https://datacenter-web.eastmoney.com/api/data/v1/get,2026-07-22T01:02:21+00:00
2023-08-25,6950.01808125,https://datacenter-web.eastmoney.com/api/data/v1/get,2026-07-22T01:02:21+00:00
2023-08-28,6981.81398107,https://datacenter-web.eastmoney.com/api/data/v1/get,2026-07-22T01:02:21+00:00
2023-08-29,6985.10667990,https://datacenter-web.eastmoney.com/api/data/v1/get,2026-07-22T01:02:21+00:00
2023-08-30,6991.03339912,https://datacenter-web.eastmoney.com/api/data/v1/get,2026-07-22T01:02:21+00:00
2023-08-31,6978.80411767,https://datacenter-web.eastmoney.com/api/data/v1/get,2026-07-22T01:02:21+00:00
2023-09-01,6955.18210217,https://datacenter-web.eastmoney.com/api/data/v1/get,2026-07-22T01:02:21+00:00
2023-09-04,6969.98933163,https://datacenter-web.eastmoney.com/api/data/v1/get,2026-07-22T01:02:21+00:00
2023-09-05,6975.92259936,https://datacenter-web.eastmoney.com/api/data/v1/get,2026-07-22T01:02:21+00:00
2023-09-06,6980.90336627,https://datacenter-web.eastmoney.com/api/data/v1/get,2026-07-22T01:02:21+00:00
2023-09-07,6970.50460118,https://datacenter-web.eastmoney.com/api/data/v1/get,2026-07-22T01:02:21+00:00
2023-09-08,6947.19594189,https://datacenter-web.eastmoney.com/api/data/v1/get,2026-07-22T01:02:21+00:00
2023-09-11,7082.80122949,https://datacenter-web.eastmoney.com/api/data/v1/get,2026-07-22T01:02:21+00:00
2023-09-12,7130.20259441,https://datacenter-web.eastmoney.com/api/data/v1/get,2026-07-22T01:02:21+00:00
2023-09-13,7148.39332389,https://datacenter-web.eastmoney.com/api/data/v1/get,2026-07-22T01:02:21+00:00
2023-09-14,7163.79499018,https://datacenter-web.eastmoney.com/api/data/v1/get,2026-07-22T01:02:21+00:00
2023-09-15,7167.32923592,https://datacenter-web.eastmoney.com/api/data/v1/get,2026-07-22T01:02:21+00:00
2023-09-18,7177.47450038,https://datacenter-web.eastmoney.com/api/data/v1/get,2026-07-22T01:02:21+00:00
2023-09-19,7179.69890644,https://datacenter-web.eastmoney.com/api/data/v1/get,2026-07-22T01:02:21+00:00
2023-09-20,7179.95818769,https://datacenter-web.eastmoney.com/api/data/v1/get,2026-07-22T01:02:21+00:00
2023-09-21,7184.01221230,https://datacenter-web.eastmoney.com/api/data/v1/get,2026-07-22T01:02:21+00:00
2023-09-22,7192.86501398,https://datacenter-web.eastmoney.com/api/data/v1/get,2026-07-22T01:02:21+00:00
2023-09-25,7214.79140010,https://datacenter-web.eastmoney.com/api/data/v1/get,2026-07-22T01:02:21+00:00
2023-09-26,7213.61929012,https://datacenter-web.eastmoney.com/api/data/v1/get,2026-07-22T01:02:21+00:00
2023-09-27,7225.25761628,https://datacenter-web.eastmoney.com/api/data/v1/get,2026-07-22T01:02:21+00:00
2023-09-28,7138.36495924,https://datacenter-web.eastmoney.com/api/data/v1/get,2026-07-22T01:02:21+00:00
2023-10-09,7196.61924007,https://datacenter-web.eastmoney.com/api/data/v1/get,2026-07-22T01:02:21+00:00
2023-10-10,7230.05140414,https://datacenter-web.eastmoney.com/api/data/v1/get,2026-07-22T01:02:21+00:00
2023-10-11,7268.97275450,https://datacenter-web.eastmoney.com/api/data/v1/get,2026-07-22T01:02:21+00:00
2023-10-12,7297.16576150,https://datacenter-web.eastmoney.com/api/data/v1/get,2026-07-22T01:02:21+00:00
2023-10-13,7288.56361421,https://datacenter-web.eastmoney.com/api/data/v1/get,2026-07-22T01:02:21+00:00
2023-10-16,7310.80629500,https://datacenter-web.eastmoney.com/api/data/v1/get,2026-07-22T01:02:21+00:00
2023-10-17,7318.78032337,https://datacenter-web.eastmoney.com/api/data/v1/get,2026-07-22T01:02:21+00:00
2023-10-18,7305.69780992,https://datacenter-web.eastmoney.com/api/data/v1/get,2026-07-22T01:02:21+00:00
2023-10-19,7283.12366549,https://datacenter-web.eastmoney.com/api/data/v1/get,2026-07-22T01:02:21+00:00
2023-10-20,7252.42930937,https://datacenter-web.eastmoney.com/api/data/v1/get,2026-07-22T01:02:21+00:00
2023-10-23,7238.55217177,https://datacenter-web.eastmoney.com/api/data/v1/get,2026-07-22T01:02:21+00:00
2023-10-24,7252.06100617,https://datacenter-web.eastmoney.com/api/data/v1/get,2026-07-22T01:02:21+00:00
2023-10-25,7261.28958322,https://datacenter-web.eastmoney.com/api/data/v1/get,2026-07-22T01:02:21+00:00
2023-10-26,7266.55626385,https://datacenter-web.eastmoney.com/api/data/v1/get,2026-07-22T01:02:21+00:00
2023-10-27,7265.03223406,https://datacenter-web.eastmoney.com/api/data/v1/get,2026-07-22T01:02:21+00:00
2023-10-30,7315.57051714,https://datacenter-web.eastmoney.com/api/data/v1/get,2026-07-22T01:02:21+00:00
2023-10-31,7336.17770571,https://datacenter-web.eastmoney.com/api/data/v1/get,2026-07-22T01:02:21+00:00
2023-11-01,7348.09206509,https://datacenter-web.eastmoney.com/api/data/v1/get,2026-07-22T01:02:21+00:00
2023-11-02,7343.98315532,https://datacenter-web.eastmoney.com/api/data/v1/get,2026-07-22T01:02:21+00:00
2023-11-03,7333.64743018,https://datacenter-web.eastmoney.com/api/data/v1/get,2026-07-22T01:02:21+00:00
2023-11-06,7366.70247948,https://datacenter-web.eastmoney.com/api/data/v1/get,2026-07-22T01:02:21+00:00
2023-11-07,7401.52768819,https://datacenter-web.eastmoney.com/api/data/v1/get,2026-07-22T01:02:21+00:00
2023-11-08,7443.30207533,https://datacenter-web.eastmoney.com/api/data/v1/get,2026-07-22T01:02:21+00:00
2023-11-09,7451.68170506,https://datacenter-web.eastmoney.com/api/data/v1/get,2026-07-22T01:02:21+00:00
2023-11-10,7442.15143353,https://datacenter-web.eastmoney.com/api/data/v1/get,2026-07-22T01:02:21+00:00
2023-11-13,7473.51236096,https://datacenter-web.eastmoney.com/api/data/v1/get,2026-07-22T01:02:21+00:00
2023-11-14,7503.92869113,https://datacenter-web.eastmoney.com/api/data/v1/get,2026-07-22T01:02:21+00:00
2023-11-15,7528.23899351,https://datacenter-web.eastmoney.com/api/data/v1/get,2026-07-22T01:02:21+00:00
2023-11-16,7540.21382623,https://datacenter-web.eastmoney.com/api/data/v1/get,2026-07-22T01:02:21+00:00
2023-11-17,7537.80745362,https://datacenter-web.eastmoney.com/api/data/v1/get,2026-07-22T01:02:21+00:00
2023-11-20,7586.08242510,https://datacenter-web.eastmoney.com/api/data/v1/get,2026-07-22T01:02:21+00:00
2023-11-21,7599.18710632,https://datacenter-web.eastmoney.com/api/data/v1/get,2026-07-22T01:02:21+00:00
2023-11-22,7602.27901124,https://datacenter-web.eastmoney.com/api/data/v1/get,2026-07-22T01:02:21+00:00
2023-11-23,7608.90116232,https://datacenter-web.eastmoney.com/api/data/v1/get,2026-07-22T01:02:21+00:00
2023-11-24,7580.91292012,https://datacenter-web.eastmoney.com/api/data/v1/get,2026-07-22T01:02:21+00:00
2023-11-27,7586.42761293,https://datacenter-web.eastmoney.com/api/data/v1/get,2026-07-22T01:02:21+00:00
2023-11-28,7591.36057019,https://datacenter-web.eastmoney.com/api/data/v1/get,2026-07-22T01:02:21+00:00
2023-11-29,7607.41420658,https://datacenter-web.eastmoney.com/api/data/v1/get,2026-07-22T01:02:21+00:00
2023-11-30,7586.99013370,https://datacenter-web.eastmoney.com/api/data/v1/get,2026-07-22T01:02:21+00:00
2023-12-01,7585.24255300,https://datacenter-web.eastmoney.com/api/data/v1/get,2026-07-22T01:02:21+00:00
2023-12-04,7590.95067584,https://datacenter-web.eastmoney.com/api/data/v1/get,2026-07-22T01:02:21+00:00
2023-12-05,7585.95928014,https://datacenter-web.eastmoney.com/api/data/v1/get,2026-07-22T01:02:21+00:00
2023-12-06,7585.46124246,https://datacenter-web.eastmoney.com/api/data/v1/get,2026-07-22T01:02:21+00:00
2023-12-07,7585.44274555,https://datacenter-web.eastmoney.com/api/data/v1/get,2026-07-22T01:02:21+00:00
2023-12-08,7565.44736642,https://datacenter-web.eastmoney.com/api/data/v1/get,2026-07-22T01:02:21+00:00
2023-12-11,7588.53095397,https://datacenter-web.eastmoney.com/api/data/v1/get,2026-07-22T01:02:21+00:00
2023-12-12,7605.90400211,https://datacenter-web.eastmoney.com/api/data/v1/get,2026-07-22T01:02:21+00:00
2023-12-13,7612.09071435,https://datacenter-web.eastmoney.com/api/data/v1/get,2026-07-22T01:02:21+00:00
2023-12-14,7595.07151755,https://datacenter-web.eastmoney.com/api/data/v1/get,2026-07-22T01:02:21+00:00
2023-12-15,7578.11960478,https://datacenter-web.eastmoney.com/api/data/v1/get,2026-07-22T01:02:21+00:00
2023-12-18,7568.12473655,https://datacenter-web.eastmoney.com/api/data/v1/get,2026-07-22T01:02:21+00:00
2023-12-19,7573.30788057,https://datacenter-web.eastmoney.com/api/data/v1/get,2026-07-22T01:02:21+00:00
2023-12-20,7554.57573153,https://datacenter-web.eastmoney.com/api/data/v1/get,2026-07-22T01:02:21+00:00
2023-12-21,7565.63374905,https://datacenter-web.eastmoney.com/api/data/v1/get,2026-07-22T01:02:21+00:00
2023-12-22,7516.88156782,https://datacenter-web.eastmoney.com/api/data/v1/get,2026-07-22T01:02:21+00:00
2023-12-25,7520.33575796,https://datacenter-web.eastmoney.com/api/data/v1/get,2026-07-22T01:02:21+00:00
2023-12-26,7511.05921103,https://datacenter-web.eastmoney.com/api/data/v1/get,2026-07-22T01:02:21+00:00
2023-12-27,7516.14312409,https://datacenter-web.eastmoney.com/api/data/v1/get,2026-07-22T01:02:21+00:00
2023-12-28,7527.37281461,https://datacenter-web.eastmoney.com/api/data/v1/get,2026-07-22T01:02:21+00:00
2023-12-29,7496.72328340,https://datacenter-web.eastmoney.com/api/data/v1/get,2026-07-22T01:02:21+00:00
2024-01-02,7526.46053754,https://datacenter-web.eastmoney.com/api/data/v1/get,2026-07-22T01:02:21+00:00
2024-01-03,7536.97862273,https://datacenter-web.eastmoney.com/api/data/v1/get,2026-07-22T01:02:21+00:00
2024-01-04,7547.85883636,https://datacenter-web.eastmoney.com/api/data/v1/get,2026-07-22T01:02:21+00:00
2024-01-05,7498.11422159,https://datacenter-web.eastmoney.com/api/data/v1/get,2026-07-22T01:02:21+00:00
2024-01-08,7499.56642221,https://datacenter-web.eastmoney.com/api/data/v1/get,2026-07-22T01:02:21+00:00
2024-01-09,7486.71548009,https://datacenter-web.eastmoney.com/api/data/v1/get,2026-07-22T01:02:21+00:00
2024-01-10,7470.24214530,https://datacenter-web.eastmoney.com/api/data/v1/get,2026-07-22T01:02:21+00:00
2024-01-11,7470.29332363,https://datacenter-web.eastmoney.com/api/data/v1/get,2026-07-22T01:02:21+00:00
2024-01-12,7448.64324375,https://datacenter-web.eastmoney.com/api/data/v1/get,2026-07-22T01:02:21+00:00
2024-01-15,7455.58613765,https://datacenter-web.eastmoney.com/api/data/v1/get,2026-07-22T01:02:21+00:00
2024-01-16,7448.80103813,https://datacenter-web.eastmoney.com/api/data/v1/get,2026-07-22T01:02:21+00:00
2024-01-17,7436.51874408,https://datacenter-web.eastmoney.com/api/data/v1/get,2026-07-22T01:02:21+00:00
2024-01-18,7407.88473112,https://datacenter-web.eastmoney.com/api/data/v1/get,2026-07-22T01:02:21+00:00
2024-01-19,7367.72528307,https://datacenter-web.eastmoney.com/api/data/v1/get,2026-07-22T01:02:21+00:00
2024-01-22,7281.16821877,https://datacenter-web.eastmoney.com/api/data/v1/get,2026-07-22T01:02:21+00:00
2024-01-23,7263.18355668,https://datacenter-web.eastmoney.com/api/data/v1/get,2026-07-22T01:02:21+00:00
2024-01-24,7251.87570871,https://datacenter-web.eastmoney.com/api/data/v1/get,2026-07-22T01:02:21+00:00
2024-01-25,7275.94864318,https://datacenter-web.eastmoney.com/api/data/v1/get,2026-07-22T01:02:21+00:00
2024-01-26,7255.51390016,https://datacenter-web.eastmoney.com/api/data/v1/get,2026-07-22T01:02:21+00:00
2024-01-29,7225.96689772,https://datacenter-web.eastmoney.com/api/data/v1/get,2026-07-22T01:02:21+00:00
2024-01-30,7185.32084033,https://datacenter-web.eastmoney.com/api/data/v1/get,2026-07-22T01:02:21+00:00
2024-01-31,7069.33304541,https://datacenter-web.eastmoney.com/api/data/v1/get,2026-07-22T01:02:21+00:00
2024-02-01,7011.22412100,https://datacenter-web.eastmoney.com/api/data/v1/get,2026-07-22T01:02:21+00:00
2024-02-02,6852.13467900,https://datacenter-web.eastmoney.com/api/data/v1/get,2026-07-22T01:02:21+00:00
2024-02-05,6642.02589822,https://datacenter-web.eastmoney.com/api/data/v1/get,2026-07-22T01:02:21+00:00
2024-02-06,6559.49953605,https://datacenter-web.eastmoney.com/api/data/v1/get,2026-07-22T01:02:21+00:00
2024-02-07,6491.20667020,https://datacenter-web.eastmoney.com/api/data/v1/get,2026-07-22T01:02:21+00:00
2024-02-08,6413.61437498,https://datacenter-web.eastmoney.com/api/data/v1/get,2026-07-22T01:02:21+00:00
2024-02-19,6493.73073387,https://datacenter-web.eastmoney.com/api/data/v1/get,2026-07-22T01:02:21+00:00
2024-02-20,6528.54167005,https://datacenter-web.eastmoney.com/api/data/v1/get,2026-07-22T01:02:21+00:00
2024-02-21,6558.23449424,https://datacenter-web.eastmoney.com/api/data/v1/get,2026-07-22T01:02:21+00:00
2024-02-22,6591.76816521,https://datacenter-web.eastmoney.com/api/data/v1/get,2026-07-22T01:02:21+00:00
2024-02-23,6621.12892200,https://datacenter-web.eastmoney.com/api/data/v1/get,2026-07-22T01:02:21+00:00
2024-02-26,6660.74140513,https://datacenter-web.eastmoney.com/api/data/v1/get,2026-07-22T01:02:21+00:00
2024-02-27,6716.88310764,https://datacenter-web.eastmoney.com/api/data/v1/get,2026-07-22T01:02:21+00:00
2024-02-28,6730.89988677,https://datacenter-web.eastmoney.com/api/data/v1/get,2026-07-22T01:02:21+00:00
2024-02-29,6761.48824442,https://datacenter-web.eastmoney.com/api/data/v1/get,2026-07-22T01:02:21+00:00
2024-03-01,6779.14154101,https://datacenter-web.eastmoney.com/api/data/v1/get,2026-07-22T01:02:21+00:00
2024-03-04,6837.55421239,https://datacenter-web.eastmoney.com/api/data/v1/get,2026-07-22T01:02:21+00:00
2024-03-05,6815.36169254,https://datacenter-web.eastmoney.com/api/data/v1/get,2026-07-22T01:02:21+00:00
2024-03-06,6844.95586410,https://datacenter-web.eastmoney.com/api/data/v1/get,2026-07-22T01:02:21+00:00
2024-03-07,6832.43637358,https://datacenter-web.eastmoney.com/api/data/v1/get,2026-07-22T01:02:21+00:00
2024-03-08,6846.85527926,https://datacenter-web.eastmoney.com/api/data/v1/get,2026-07-22T01:02:21+00:00
2024-03-11,6879.75052270,https://datacenter-web.eastmoney.com/api/data/v1/get,2026-07-22T01:02:21+00:00
2024-03-12,6913.85494214,https://datacenter-web.eastmoney.com/api/data/v1/get,2026-07-22T01:02:21+00:00
2024-03-13,6946.29131894,https://datacenter-web.eastmoney.com/api/data/v1/get,2026-07-22T01:02:21+00:00
2024-03-14,6950.81060275,https://datacenter-web.eastmoney.com/api/data/v1/get,2026-07-22T01:02:21+00:00
2024-03-15,6967.48756675,https://datacenter-web.eastmoney.com/api/data/v1/get,2026-07-22T01:02:21+00:00
2024-03-18,7037.06520144,https://datacenter-web.eastmoney.com/api/data/v1/get,2026-07-22T01:02:21+00:00
2024-03-19,7044.83158177,https://datacenter-web.eastmoney.com/api/data/v1/get,2026-07-22T01:02:21+00:00
2024-03-20,7079.14087362,https://datacenter-web.eastmoney.com/api/data/v1/get,2026-07-22T01:02:21+00:00
2024-03-21,7105.11058373,https://datacenter-web.eastmoney.com/api/data/v1/get,2026-07-22T01:02:21+00:00
2024-03-22,7106.28149848,https://datacenter-web.eastmoney.com/api/data/v1/get,2026-07-22T01:02:21+00:00
2024-03-25,7103.79913346,https://datacenter-web.eastmoney.com/api/data/v1/get,2026-07-22T01:02:21+00:00
2024-03-26,7096.40802438,https://datacenter-web.eastmoney.com/api/data/v1/get,2026-07-22T01:02:21+00:00
2024-03-27,7072.71235459,https://datacenter-web.eastmoney.com/api/data/v1/get,2026-07-22T01:02:21+00:00
2024-03-28,7094.50891854,https://datacenter-web.eastmoney.com/api/data/v1/get,2026-07-22T01:02:21+00:00
2024-03-29,7066.64719909,https://datacenter-web.eastmoney.com/api/data/v1/get,2026-07-22T01:02:21+00:00
2024-04-01,7106.71242136,https://datacenter-web.eastmoney.com/api/data/v1/get,2026-07-22T01:02:21+00:00
2024-04-02,7114.15997180,https://datacenter-web.eastmoney.com/api/data/v1/get,2026-07-22T01:02:21+00:00
2024-04-03,7080.14114517,https://datacenter-web.eastmoney.com/api/data/v1/get,2026-07-22T01:02:21+00:00
2024-04-08,7101.87526453,https://datacenter-web.eastmoney.com/api/data/v1/get,2026-07-22T01:02:21+00:00
2024-04-09,7105.77553454,https://datacenter-web.eastmoney.com/api/data/v1/get,2026-07-22T01:02:21+00:00
2024-04-10,7088.53659064,https://datacenter-web.eastmoney.com/api/data/v1/get,2026-07-22T01:02:21+00:00
2024-04-11,7077.67230631,https://datacenter-web.eastmoney.com/api/data/v1/get,2026-07-22T01:02:21+00:00
2024-04-12,7051.38461116,https://datacenter-web.eastmoney.com/api/data/v1/get,2026-07-22T01:02:21+00:00
2024-04-15,7031.82846082,https://datacenter-web.eastmoney.com/api/data/v1/get,2026-07-22T01:02:21+00:00
2024-04-16,6984.38516225,https://datacenter-web.eastmoney.com/api/data/v1/get,2026-07-22T01:02:21+00:00
2024-04-17,7006.08327952,https://datacenter-web.eastmoney.com/api/data/v1/get,2026-07-22T01:02:21+00:00
2024-04-18,7016.69324184,https://datacenter-web.eastmoney.com/api/data/v1/get,2026-07-22T01:02:21+00:00
2024-04-19,6992.49586167,https://datacenter-web.eastmoney.com/api/data/v1/get,2026-07-22T01:02:21+00:00
2024-04-22,6998.14568359,https://datacenter-web.eastmoney.com/api/data/v1/get,2026-07-22T01:02:21+00:00
2024-04-23,6984.89331606,https://datacenter-web.eastmoney.com/api/data/v1/get,2026-07-22T01:02:21+00:00
2024-04-24,6994.36263178,https://datacenter-web.eastmoney.com/api/data/v1/get,2026-07-22T01:02:21+00:00
2024-04-25,6996.34158618,https://datacenter-web.eastmoney.com/api/data/v1/get,2026-07-22T01:02:21+00:00
2024-04-26,6969.15786172,https://datacenter-web.eastmoney.com/api/data/v1/get,2026-07-22T01:02:21+00:00
2024-04-29,6991.04989271,https://datacenter-web.eastmoney.com/api/data/v1/get,2026-07-22T01:02:21+00:00
2024-04-30,6933.93612181,https://datacenter-web.eastmoney.com/api/data/v1/get,2026-07-22T01:02:21+00:00
2024-05-06,7001.06576869,https://datacenter-web.eastmoney.com/api/data/v1/get,2026-07-22T01:02:21+00:00
2024-05-07,7015.34621233,https://datacenter-web.eastmoney.com/api/data/v1/get,2026-07-22T01:02:21+00:00
2024-05-08,7036.93317259,https://datacenter-web.eastmoney.com/api/data/v1/get,2026-07-22T01:02:21+00:00
2024-05-09,7037.85981729,https://datacenter-web.eastmoney.com/api/data/v1/get,2026-07-22T01:02:21+00:00
2024-05-10,7026.83070342,https://datacenter-web.eastmoney.com/api/data/v1/get,2026-07-22T01:02:21+00:00
2024-05-13,7030.41534087,https://datacenter-web.eastmoney.com/api/data/v1/get,2026-07-22T01:02:21+00:00
2024-05-14,7030.58730594,https://datacenter-web.eastmoney.com/api/data/v1/get,2026-07-22T01:02:21+00:00
2024-05-15,7020.07646511,https://datacenter-web.eastmoney.com/api/data/v1/get,2026-07-22T01:02:21+00:00
2024-05-16,7034.31525510,https://datacenter-web.eastmoney.com/api/data/v1/get,2026-07-22T01:02:21+00:00
2024-05-17,7022.57863013,https://datacenter-web.eastmoney.com/api/data/v1/get,2026-07-22T01:02:21+00:00
2024-05-20,7044.15976230,https://datacenter-web.eastmoney.com/api/data/v1/get,2026-07-22T01:02:21+00:00
2024-05-21,7049.37838148,https://datacenter-web.eastmoney.com/api/data/v1/get,2026-07-22T01:02:21+00:00
2024-05-22,7066.40490607,https://datacenter-web.eastmoney.com/api/data/v1/get,2026-07-22T01:02:21+00:00
2024-05-23,7053.90599028,https://datacenter-web.eastmoney.com/api/data/v1/get,2026-07-22T01:02:21+00:00
2024-05-24,7018.91265194,https://datacenter-web.eastmoney.com/api/data/v1/get,2026-07-22T01:02:21+00:00
2024-05-27,7022.47360911,https://datacenter-web.eastmoney.com/api/data/v1/get,2026-07-22T01:02:21+00:00
2024-05-28,7023.59805001,https://datacenter-web.eastmoney.com/api/data/v1/get,2026-07-22T01:02:21+00:00
2024-05-29,7021.54320155,https://datacenter-web.eastmoney.com/api/data/v1/get,2026-07-22T01:02:21+00:00
2024-05-30,7010.37543922,https://datacenter-web.eastmoney.com/api/data/v1/get,2026-07-22T01:02:21+00:00
2024-05-31,7002.40170268,https://datacenter-web.eastmoney.com/api/data/v1/get,2026-07-22T01:02:21+00:00
2024-06-03,6994.67898037,https://datacenter-web.eastmoney.com/api/data/v1/get,2026-07-22T01:02:21+00:00
2024-06-04,6981.10330307,https://datacenter-web.eastmoney.com/api/data/v1/get,2026-07-22T01:02:21+00:00
2024-06-05,6972.38154798,https://datacenter-web.eastmoney.com/api/data/v1/get,2026-07-22T01:02:21+00:00
2024-06-06,6930.41874629,https://datacenter-web.eastmoney.com/api/data/v1/get,2026-07-22T01:02:21+00:00
2024-06-07,6903.45675697,https://datacenter-web.eastmoney.com/api/data/v1/get,2026-07-22T01:02:21+00:00
2024-06-11,6913.68473524,https://datacenter-web.eastmoney.com/api/data/v1/get,2026-07-22T01:02:21+00:00
2024-06-12,6927.36180825,https://datacenter-web.eastmoney.com/api/data/v1/get,2026-07-22T01:02:21+00:00
2024-06-13,6929.38126061,https://datacenter-web.eastmoney.com/api/data/v1/get,2026-07-22T01:02:21+00:00
2024-06-14,6907.87472217,https://datacenter-web.eastmoney.com/api/data/v1/get,2026-07-22T01:02:21+00:00
2024-06-17,6918.96578332,https://datacenter-web.eastmoney.com/api/data/v1/get,2026-07-22T01:02:21+00:00
2024-06-18,6935.75472477,https://datacenter-web.eastmoney.com/api/data/v1/get,2026-07-22T01:02:21+00:00
2024-06-19,6943.53227932,https://datacenter-web.eastmoney.com/api/data/v1/get,2026-07-22T01:02:21+00:00
2024-06-20,6932.51710067,https://datacenter-web.eastmoney.com/api/data/v1/get,2026-07-22T01:02:21+00:00
2024-06-21,6909.57548097,https://datacenter-web.eastmoney.com/api/data/v1/get,2026-07-22T01:02:21+00:00
2024-06-24,6878.66770172,https://datacenter-web.eastmoney.com/api/data/v1/get,2026-07-22T01:02:21+00:00
2024-06-25,6852.25463572,https://datacenter-web.eastmoney.com/api/data/v1/get,2026-07-22T01:02:21+00:00
2024-06-26,6858.28578191,https://datacenter-web.eastmoney.com/api/data/v1/get,2026-07-22T01:02:21+00:00
2024-06-27,6842.36286343,https://datacenter-web.eastmoney.com/api/data/v1/get,2026-07-22T01:02:21+00:00
2024-06-28,6817.83168835,https://datacenter-web.eastmoney.com/api/data/v1/get,2026-07-22T01:02:21+00:00
2024-07-01,6823.99585181,https://datacenter-web.eastmoney.com/api/data/v1/get,2026-07-22T01:02:21+00:00
2024-07-02,6830.64601744,https://datacenter-web.eastmoney.com/api/data/v1/get,2026-07-22T01:02:21+00:00
2024-07-03,6821.92939651,https://datacenter-web.eastmoney.com/api/data/v1/get,2026-07-22T01:02:21+00:00
2024-07-04,6792.59836965,https://datacenter-web.eastmoney.com/api/data/v1/get,2026-07-22T01:02:21+00:00
2024-07-05,6770.18298811,https://datacenter-web.eastmoney.com/api/data/v1/get,2026-07-22T01:02:21+00:00
2024-07-08,6749.86436594,https://datacenter-web.eastmoney.com/api/data/v1/get,2026-07-22T01:02:21+00:00
2024-07-09,6752.36487262,https://datacenter-web.eastmoney.com/api/data/v1/get,2026-07-22T01:02:21+00:00
2024-07-10,6744.99181963,https://datacenter-web.eastmoney.com/api/data/v1/get,2026-07-22T01:02:21+00:00
2024-07-11,6772.77483376,https://datacenter-web.eastmoney.com/api/data/v1/get,2026-07-22T01:02:21+00:00
2024-07-12,6754.46370307,https://datacenter-web.eastmoney.com/api/data/v1/get,2026-07-22T01:02:21+00:00
2024-07-15,6750.74485766,https://datacenter-web.eastmoney.com/api/data/v1/get,2026-07-22T01:02:21+00:00
2024-07-16,6760.31463314,https://datacenter-web.eastmoney.com/api/data/v1/get,2026-07-22T01:02:21+00:00
2024-07-17,6733.80411946,https://datacenter-web.eastmoney.com/api/data/v1/get,2026-07-22T01:02:21+00:00
2024-07-18,6711.64398645,https://datacenter-web.eastmoney.com/api/data/v1/get,2026-07-22T01:02:21+00:00
2024-07-19,6691.52771500,https://datacenter-web.eastmoney.com/api/data/v1/get,2026-07-22T01:02:21+00:00
2024-07-22,6707.41976743,https://datacenter-web.eastmoney.com/api/data/v1/get,2026-07-22T01:02:21+00:00
2024-07-23,6692.58331996,https://datacenter-web.eastmoney.com/api/data/v1/get,2026-07-22T01:02:21+00:00
2024-07-24,6683.08471964,https://datacenter-web.eastmoney.com/api/data/v1/get,2026-07-22T01:02:21+00:00
2024-07-25,6680.37336897,https://datacenter-web.eastmoney.com/api/data/v1/get,2026-07-22T01:02:21+00:00
2024-07-26,6662.10927577,https://datacenter-web.eastmoney.com/api/data/v1/get,2026-07-22T01:02:21+00:00
2024-07-29,6676.11536997,https://datacenter-web.eastmoney.com/api/data/v1/get,2026-07-22T01:02:21+00:00
2024-07-30,6676.46192697,https://datacenter-web.eastmoney.com/api/data/v1/get,2026-07-22T01:02:21+00:00
2024-07-31,6707.73718588,https://datacenter-web.eastmoney.com/api/data/v1/get,2026-07-22T01:02:21+00:00
2024-08-01,6721.46998502,https://datacenter-web.eastmoney.com/api/data/v1/get,2026-07-22T01:02:21+00:00
2024-08-02,6694.27644526,https://datacenter-web.eastmoney.com/api/data/v1/get,2026-07-22T01:02:21+00:00
2024-08-05,6654.94381021,https://datacenter-web.eastmoney.com/api/data/v1/get,2026-07-22T01:02:21+00:00
2024-08-06,6662.16910813,https://datacenter-web.eastmoney.com/api/data/v1/get,2026-07-22T01:02:21+00:00
2024-08-07,6661.90243047,https://datacenter-web.eastmoney.com/api/data/v1/get,2026-07-22T01:02:21+00:00
2024-08-08,6649.54173124,https://datacenter-web.eastmoney.com/api/data/v1/get,2026-07-22T01:02:21+00:00
2024-08-09,6636.34000563,https://datacenter-web.eastmoney.com/api/data/v1/get,2026-07-22T01:02:21+00:00
2024-08-12,6628.89974081,https://datacenter-web.eastmoney.com/api/data/v1/get,2026-07-22T01:02:21+00:00
2024-08-13,6635.00500297,https://datacenter-web.eastmoney.com/api/data/v1/get,2026-07-22T01:02:21+00:00
2024-08-14,6642.01068460,https://datacenter-web.eastmoney.com/api/data/v1/get,2026-07-22T01:02:21+00:00
2024-08-15,6636.22996514,https://datacenter-web.eastmoney.com/api/data/v1/get,2026-07-22T01:02:21+00:00
2024-08-16,6627.60614527,https://datacenter-web.eastmoney.com/api/data/v1/get,2026-07-22T01:02:21+00:00
2024-08-19,6632.07943153,https://datacenter-web.eastmoney.com/api/data/v1/get,2026-07-22T01:02:21+00:00
2024-08-20,6615.47985360,https://datacenter-web.eastmoney.com/api/data/v1/get,2026-07-22T01:02:21+00:00
2024-08-21,6603.01016126,https://datacenter-web.eastmoney.com/api/data/v1/get,2026-07-22T01:02:21+00:00
2024-08-22,6576.50968714,https://datacenter-web.eastmoney.com/api/data/v1/get,2026-07-22T01:02:21+00:00
2024-08-23,6549.80942610,https://datacenter-web.eastmoney.com/api/data/v1/get,2026-07-22T01:02:21+00:00
2024-08-26,6548.58328747,https://datacenter-web.eastmoney.com/api/data/v1/get,2026-07-22T01:02:21+00:00
2024-08-27,6530.53087510,https://datacenter-web.eastmoney.com/api/data/v1/get,2026-07-22T01:02:21+00:00
2024-08-28,6523.25799368,https://datacenter-web.eastmoney.com/api/data/v1/get,2026-07-22T01:02:21+00:00
2024-08-29,6524.55307911,https://datacenter-web.eastmoney.com/api/data/v1/get,2026-07-22T01:02:21+00:00
2024-08-30,6530.33178610,https://datacenter-web.eastmoney.com/api/data/v1/get,2026-07-22T01:02:21+00:00
2024-09-02,6534.04777917,https://datacenter-web.eastmoney.com/api/data/v1/get,2026-07-22T01:02:21+00:00
2024-09-03,6529.74655653,https://datacenter-web.eastmoney.com/api/data/v1/get,2026-07-22T01:02:21+00:00
2024-09-04,6520.55979489,https://datacenter-web.eastmoney.com/api/data/v1/get,2026-07-22T01:02:21+00:00
2024-09-05,6520.66070468,https://datacenter-web.eastmoney.com/api/data/v1/get,2026-07-22T01:02:21+00:00
2024-09-06,6490.02836031,https://datacenter-web.eastmoney.com/api/data/v1/get,2026-07-22T01:02:21+00:00
2024-09-09,6491.29254737,https://datacenter-web.eastmoney.com/api/data/v1/get,2026-07-22T01:02:21+00:00
2024-09-10,6491.72122701,https://datacenter-web.eastmoney.com/api/data/v1/get,2026-07-22T01:02:21+00:00
2024-09-11,6484.29876266,https://datacenter-web.eastmoney.com/api/data/v1/get,2026-07-22T01:02:21+00:00
2024-09-12,6481.19223998,https://datacenter-web.eastmoney.com/api/data/v1/get,2026-07-22T01:02:21+00:00
2024-09-13,6435.61664984,https://datacenter-web.eastmoney.com/api/data/v1/get,2026-07-22T01:02:21+00:00
2024-09-18,6429.40045671,https://datacenter-web.eastmoney.com/api/data/v1/get,2026-07-22T01:02:21+00:00
2024-09-19,6437.72230016,https://datacenter-web.eastmoney.com/api/data/v1/get,2026-07-22T01:02:21+00:00
2024-09-20,6423.60439030,https://datacenter-web.eastmoney.com/api/data/v1/get,2026-07-22T01:02:21+00:00
2024-09-23,6422.71764997,https://datacenter-web.eastmoney.com/api/data/v1/get,2026-07-22T01:02:21+00:00
2024-09-24,6444.51030626,https://datacenter-web.eastmoney.com/api/data/v1/get,2026-07-22T01:02:21+00:00
2024-09-25,6456.04653136,https://datacenter-web.eastmoney.com/api/data/v1/get,2026-07-22T01:02:21+00:00
2024-09-26,6483.73756655,https://datacenter-web.eastmoney.com/api/data/v1/get,2026-07-22T01:02:21+00:00
2024-09-27,6610.81502819,https://datacenter-web.eastmoney.com/api/data/v1/get,2026-07-22T01:02:21+00:00
2024-09-30,6792.45976167,https://datacenter-web.eastmoney.com/api/data/v1/get,2026-07-22T01:02:21+00:00
2024-10-08,7306.23979938,https://datacenter-web.eastmoney.com/api/data/v1/get,2026-07-22T01:02:21+00:00
2024-10-09,7514.78058104,https://datacenter-web.eastmoney.com/api/data/v1/get,2026-07-22T01:02:21+00:00
2024-10-10,7510.17917041,https://datacenter-web.eastmoney.com/api/data/v1/get,2026-07-22T01:02:21+00:00
2024-10-11,7466.34523469,https://datacenter-web.eastmoney.com/api/data/v1/get,2026-07-22T01:02:21+00:00
2024-10-14,7498.56206243,https://datacenter-web.eastmoney.com/api/data/v1/get,2026-07-22T01:02:21+00:00
2024-10-15,7506.93150046,https://datacenter-web.eastmoney.com/api/data/v1/get,2026-07-22T01:02:21+00:00
2024-10-16,7533.15138328,https://datacenter-web.eastmoney.com/api/data/v1/get,2026-07-22T01:02:21+00:00
2024-10-17,7553.04513183,https://datacenter-web.eastmoney.com/api/data/v1/get,2026-07-22T01:02:21+00:00
2024-10-18,7634.78289863,https://datacenter-web.eastmoney.com/api/data/v1/get,2026-07-22T01:02:21+00:00
2024-10-21,7757.04375041,https://datacenter-web.eastmoney.com/api/data/v1/get,2026-07-22T01:02:21+00:00
2024-10-22,7796.23489247,https://datacenter-web.eastmoney.com/api/data/v1/get,2026-07-22T01:02:21+00:00
2024-10-23,7845.81457685,https://datacenter-web.eastmoney.com/api/data/v1/get,2026-07-22T01:02:21+00:00
2024-10-24,7884.76279265,https://datacenter-web.eastmoney.com/api/data/v1/get,2026-07-22T01:02:21+00:00
2024-10-25,7918.03837304,https://datacenter-web.eastmoney.com/api/data/v1/get,2026-07-22T01:02:21+00:00
2024-10-28,8010.87744697,https://datacenter-web.eastmoney.com/api/data/v1/get,2026-07-22T01:02:21+00:00
2024-10-29,8063.96465253,https://datacenter-web.eastmoney.com/api/data/v1/get,2026-07-22T01:02:21+00:00
2024-10-30,8134.71929362,https://datacenter-web.eastmoney.com/api/data/v1/get,2026-07-22T01:02:21+00:00
2024-10-31,8193.56525809,https://datacenter-web.eastmoney.com/api/data/v1/get,2026-07-22T01:02:21+00:00
2024-11-01,8148.89985956,https://datacenter-web.eastmoney.com/api/data/v1/get,2026-07-22T01:02:21+00:00
2024-11-04,8242.29510097,https://datacenter-web.eastmoney.com/api/data/v1/get,2026-07-22T01:02:21+00:00
2024-11-05,8356.62087907,https://datacenter-web.eastmoney.com/api/data/v1/get,2026-07-22T01:02:21+00:00
2024-11-06,8464.82113909,https://datacenter-web.eastmoney.com/api/data/v1/get,2026-07-22T01:02:21+00:00
2024-11-07,8571.05724300,https://datacenter-web.eastmoney.com/api/data/v1/get,2026-07-22T01:02:21+00:00
2024-11-08,8665.95180228,https://datacenter-web.eastmoney.com/api/data/v1/get,2026-07-22T01:02:21+00:00
2024-11-11,8851.59056134,https://datacenter-web.eastmoney.com/api/data/v1/get,2026-07-22T01:02:21+00:00
2024-11-12,8866.88077907,https://datacenter-web.eastmoney.com/api/data/v1/get,2026-07-22T01:02:21+00:00
2024-11-13,8908.91803748,https://datacenter-web.eastmoney.com/api/data/v1/get,2026-07-22T01:02:21+00:00
2024-11-14,8864.54407713,https://datacenter-web.eastmoney.com/api/data/v1/get,2026-07-22T01:02:21+00:00
2024-11-15,8803.76393694,https://datacenter-web.eastmoney.com/api/data/v1/get,2026-07-22T01:02:21+00:00
2024-11-18,8773.11016320,https://datacenter-web.eastmoney.com/api/data/v1/get,2026-07-22T01:02:21+00:00
2024-11-19,8785.49223383,https://datacenter-web.eastmoney.com/api/data/v1/get,2026-07-22T01:02:21+00:00
2024-11-20,8819.25830764,https://datacenter-web.eastmoney.com/api/data/v1/get,2026-07-22T01:02:21+00:00
2024-11-21,8836.85032855,https://datacenter-web.eastmoney.com/api/data/v1/get,2026-07-22T01:02:21+00:00
2024-11-22,8761.86388617,https://datacenter-web.eastmoney.com/api/data/v1/get,2026-07-22T01:02:21+00:00
2024-11-25,8800.53112708,https://datacenter-web.eastmoney.com/api/data/v1/get,2026-07-22T01:02:21+00:00
2024-11-26,8766.02781746,https://datacenter-web.eastmoney.com/api/data/v1/get,2026-07-22T01:02:21+00:00
2024-11-27,8788.22286827,https://datacenter-web.eastmoney.com/api/data/v1/get,2026-07-22T01:02:21+00:00
2024-11-28,8812.96756486,https://datacenter-web.eastmoney.com/api/data/v1/get,2026-07-22T01:02:21+00:00
2024-11-29,8841.05029189,https://datacenter-web.eastmoney.com/api/data/v1/get,2026-07-22T01:02:21+00:00
2024-12-02,8918.67390783,https://datacenter-web.eastmoney.com/api/data/v1/get,2026-07-22T01:02:21+00:00
2024-12-03,8948.27951933,https://datacenter-web.eastmoney.com/api/data/v1/get,2026-07-22T01:02:21+00:00
2024-12-04,8938.41004505,https://datacenter-web.eastmoney.com/api/data/v1/get,2026-07-22T01:02:21+00:00
2024-12-05,8985.84859300,https://datacenter-web.eastmoney.com/api/data/v1/get,2026-07-22T01:02:21+00:00
2024-12-06,8979.80853705,https://datacenter-web.eastmoney.com/api/data/v1/get,2026-07-22T01:02:21+00:00
2024-12-09,9012.46807828,https://datacenter-web.eastmoney.com/api/data/v1/get,2026-07-22T01:02:21+00:00
2024-12-10,9097.57228346,https://datacenter-web.eastmoney.com/api/data/v1/get,2026-07-22T01:02:21+00:00
2024-12-11,9126.01608586,https://datacenter-web.eastmoney.com/api/data/v1/get,2026-07-22T01:02:21+00:00
2024-12-12,9168.65168950,https://datacenter-web.eastmoney.com/api/data/v1/get,2026-07-22T01:02:21+00:00
2024-12-13,9127.33090122,https://datacenter-web.eastmoney.com/api/data/v1/get,2026-07-22T01:02:21+00:00
2024-12-16,9134.71639000,https://datacenter-web.eastmoney.com/api/data/v1/get,2026-07-22T01:02:21+00:00
2024-12-17,9094.78249319,https://datacenter-web.eastmoney.com/api/data/v1/get,2026-07-22T01:02:21+00:00
2024-12-18,9104.60922725,https://datacenter-web.eastmoney.com/api/data/v1/get,2026-07-22T01:02:21+00:00
2024-12-19,9100.44202143,https://datacenter-web.eastmoney.com/api/data/v1/get,2026-07-22T01:02:21+00:00
2024-12-20,9114.15682960,https://datacenter-web.eastmoney.com/api/data/v1/get,2026-07-22T01:02:21+00:00
2024-12-23,9089.79348057,https://datacenter-web.eastmoney.com/api/data/v1/get,2026-07-22T01:02:21+00:00
2024-12-24,9096.73375609,https://datacenter-web.eastmoney.com/api/data/v1/get,2026-07-22T01:02:21+00:00
2024-12-25,9097.74353033,https://datacenter-web.eastmoney.com/api/data/v1/get,2026-07-22T01:02:21+00:00
2024-12-26,9097.79977483,https://datacenter-web.eastmoney.com/api/data/v1/get,2026-07-22T01:02:21+00:00
2024-12-27,9073.30668800,https://datacenter-web.eastmoney.com/api/data/v1/get,2026-07-22T01:02:21+00:00
2024-12-30,9093.39534720,https://datacenter-web.eastmoney.com/api/data/v1/get,2026-07-22T01:02:21+00:00
2024-12-31,9007.91441227,https://datacenter-web.eastmoney.com/api/data/v1/get,2026-07-22T01:02:21+00:00
2025-01-02,8952.59667977,https://datacenter-web.eastmoney.com/api/data/v1/get,2026-07-22T01:02:21+00:00
2025-01-03,8852.77404972,https://datacenter-web.eastmoney.com/api/data/v1/get,2026-07-22T01:02:21+00:00
2025-01-06,8806.57972461,https://datacenter-web.eastmoney.com/api/data/v1/get,2026-07-22T01:02:21+00:00
2025-01-07,8812.31344093,https://datacenter-web.eastmoney.com/api/data/v1/get,2026-07-22T01:02:21+00:00
2025-01-08,8786.61817018,https://datacenter-web.eastmoney.com/api/data/v1/get,2026-07-22T01:02:21+00:00
2025-01-09,8782.78402803,https://datacenter-web.eastmoney.com/api/data/v1/get,2026-07-22T01:02:21+00:00
2025-01-10,8723.53588738,https://datacenter-web.eastmoney.com/api/data/v1/get,2026-07-22T01:02:21+00:00
2025-01-13,8718.46770369,https://datacenter-web.eastmoney.com/api/data/v1/get,2026-07-22T01:02:21+00:00
2025-01-14,8797.85955364,https://datacenter-web.eastmoney.com/api/data/v1/get,2026-07-22T01:02:21+00:00
2025-01-15,8812.45241471,https://datacenter-web.eastmoney.com/api/data/v1/get,2026-07-22T01:02:21+00:00
2025-01-16,8821.08386185,https://datacenter-web.eastmoney.com/api/data/v1/get,2026-07-22T01:02:21+00:00
2025-01-17,8790.11707399,https://datacenter-web.eastmoney.com/api/data/v1/get,2026-07-22T01:02:21+00:00
2025-01-20,8803.18780178,https://datacenter-web.eastmoney.com/api/data/v1/get,2026-07-22T01:02:21+00:00
2025-01-21,8813.76828412,https://datacenter-web.eastmoney.com/api/data/v1/get,2026-07-22T01:02:21+00:00
2025-01-22,8788.14041972,https://datacenter-web.eastmoney.com/api/data/v1/get,2026-07-22T01:02:21+00:00
2025-01-23,8768.06477751,https://datacenter-web.eastmoney.com/api/data/v1/get,2026-07-22T01:02:21+00:00
2025-01-24,8719.20230667,https://datacenter-web.eastmoney.com/api/data/v1/get,2026-07-22T01:02:21+00:00
2025-01-27,8541.11725002,https://datacenter-web.eastmoney.com/api/data/v1/get,2026-07-22T01:02:21+00:00
2025-02-05,8633.53272384,https://datacenter-web.eastmoney.com/api/data/v1/get,2026-07-22T01:02:21+00:00
2025-02-06,8716.93200998,https://datacenter-web.eastmoney.com/api/data/v1/get,2026-07-22T01:02:21+00:00
2025-02-07,8781.90423408,https://datacenter-web.eastmoney.com/api/data/v1/get,2026-07-22T01:02:21+00:00
2025-02-10,8887.41244299,https://datacenter-web.eastmoney.com/api/data/v1/get,2026-07-22T01:02:21+00:00
2025-02-11,8920.61787291,https://datacenter-web.eastmoney.com/api/data/v1/get,2026-07-22T01:02:21+00:00
2025-02-12,8971.81033285,https://datacenter-web.eastmoney.com/api/data/v1/get,2026-07-22T01:02:21+00:00
2025-02-13,8968.70643678,https://datacenter-web.eastmoney.com/api/data/v1/get,2026-07-22T01:02:21+00:00
2025-02-14,8966.91318624,https://datacenter-web.eastmoney.com/api/data/v1/get,2026-07-22T01:02:21+00:00
2025-02-17,9050.15767143,https://datacenter-web.eastmoney.com/api/data/v1/get,2026-07-22T01:02:21+00:00
2025-02-18,9018.54420517,https://datacenter-web.eastmoney.com/api/data/v1/get,2026-07-22T01:02:21+00:00
2025-02-19,9068.58057966,https://datacenter-web.eastmoney.com/api/data/v1/get,2026-07-22T01:02:21+00:00
2025-02-20,9106.49625103,https://datacenter-web.eastmoney.com/api/data/v1/get,2026-07-22T01:02:21+00:00
2025-02-21,9133.23986104,https://datacenter-web.eastmoney.com/api/data/v1/get,2026-07-22T01:02:21+00:00
2025-02-24,9210.25749877,https://datacenter-web.eastmoney.com/api/data/v1/get,2026-07-22T01:02:21+00:00
2025-02-25,9246.28492439,https://datacenter-web.eastmoney.com/api/data/v1/get,2026-07-22T01:02:21+00:00
2025-02-26,9302.42067080,https://datacenter-web.eastmoney.com/api/data/v1/get,2026-07-22T01:02:21+00:00
2025-02-27,9324.33003779,https://datacenter-web.eastmoney.com/api/data/v1/get,2026-07-22T01:02:21+00:00
2025-02-28,9217.35951612,https://datacenter-web.eastmoney.com/api/data/v1/get,2026-07-22T01:02:21+00:00
2025-03-03,9220.17044841,https://datacenter-web.eastmoney.com/api/data/v1/get,2026-07-22T01:02:21+00:00
2025-03-04,9244.28815298,https://datacenter-web.eastmoney.com/api/data/v1/get,2026-07-22T01:02:21+00:00
2025-03-05,9273.11849395,https://datacenter-web.eastmoney.com/api/data/v1/get,2026-07-22T01:02:21+00:00
2025-03-06,9382.91066458,https://datacenter-web.eastmoney.com/api/data/v1/get,2026-07-22T01:02:21+00:00
2025-03-07,9324.47715416,https://datacenter-web.eastmoney.com/api/data/v1/get,2026-07-22T01:02:21+00:00
2025-03-10,9376.55230101,https://datacenter-web.eastmoney.com/api/data/v1/get,2026-07-22T01:02:21+00:00
2025-03-11,9394.41644086,https://datacenter-web.eastmoney.com/api/data/v1/get,2026-07-22T01:02:21+00:00
2025-03-12,9459.22959832,https://datacenter-web.eastmoney.com/api/data/v1/get,2026-07-22T01:02:21+00:00
2025-03-13,9425.31829263,https://datacenter-web.eastmoney.com/api/data/v1/get,2026-07-22T01:02:21+00:00
2025-03-14,9441.01521081,https://datacenter-web.eastmoney.com/api/data/v1/get,2026-07-22T01:02:21+00:00
2025-03-17,9525.48775662,https://datacenter-web.eastmoney.com/api/data/v1/get,2026-07-22T01:02:21+00:00
2025-03-18,9572.03594763,https://datacenter-web.eastmoney.com/api/data/v1/get,2026-07-22T01:02:21+00:00
2025-03-19,9572.76596765,https://datacenter-web.eastmoney.com/api/data/v1/get,2026-07-22T01:02:21+00:00
2025-03-20,9575.46286983,https://datacenter-web.eastmoney.com/api/data/v1/get,2026-07-22T01:02:21+00:00
2025-03-21,9488.58800539,https://datacenter-web.eastmoney.com/api/data/v1/get,2026-07-22T01:02:21+00:00
2025-03-24,9451.36119972,https://datacenter-web.eastmoney.com/api/data/v1/get,2026-07-22T01:02:21+00:00
2025-03-25,9432.93889558,https://datacenter-web.eastmoney.com/api/data/v1/get,2026-07-22T01:02:21+00:00
2025-03-26,9434.20994775,https://datacenter-web.eastmoney.com/api/data/v1/get,2026-07-22T01:02:21+00:00
2025-03-27,9412.26045122,https://datacenter-web.eastmoney.com/api/data/v1/get,2026-07-22T01:02:21+00:00
2025-03-28,9385.94602728,https://datacenter-web.eastmoney.com/api/data/v1/get,2026-07-22T01:02:21+00:00
2025-03-31,9350.53700961,https://datacenter-web.eastmoney.com/api/data/v1/get,2026-07-22T01:02:21+00:00
2025-04-01,9323.99031312,https://datacenter-web.eastmoney.com/api/data/v1/get,2026-07-22T01:02:21+00:00
2025-04-02,9319.32282904,https://datacenter-web.eastmoney.com/api/data/v1/get,2026-07-22T01:02:21+00:00
2025-04-03,9277.29617671,https://datacenter-web.eastmoney.com/api/data/v1/get,2026-07-22T01:02:21+00:00
2025-04-07,8991.72891464,https://datacenter-web.eastmoney.com/api/data/v1/get,2026-07-22T01:02:21+00:00
2025-04-08,8789.46276207,https://datacenter-web.eastmoney.com/api/data/v1/get,2026-07-22T01:02:21+00:00
2025-04-09,8750.91824068,https://datacenter-web.eastmoney.com/api/data/v1/get,2026-07-22T01:02:21+00:00
2025-04-10,8763.37391176,https://datacenter-web.eastmoney.com/api/data/v1/get,2026-07-22T01:02:21+00:00
2025-04-11,8748.60732976,https://datacenter-web.eastmoney.com/api/data/v1/get,2026-07-22T01:02:21+00:00
2025-04-14,8791.14105339,https://datacenter-web.eastmoney.com/api/data/v1/get,2026-07-22T01:02:21+00:00
2025-04-15,8799.31802411,https://datacenter-web.eastmoney.com/api/data/v1/get,2026-07-22T01:02:21+00:00
2025-04-16,8780.06455145,https://datacenter-web.eastmoney.com/api/data/v1/get,2026-07-22T01:02:21+00:00
2025-04-17,8767.21032710,https://datacenter-web.eastmoney.com/api/data/v1/get,2026-07-22T01:02:21+00:00
2025-04-18,8737.93563164,https://datacenter-web.eastmoney.com/api/data/v1/get,2026-07-22T01:02:21+00:00
2025-04-21,8763.21389242,https://datacenter-web.eastmoney.com/api/data/v1/get,2026-07-22T01:02:21+00:00
2025-04-22,8779.03268809,https://datacenter-web.eastmoney.com/api/data/v1/get,2026-07-22T01:02:21+00:00
2025-04-23,8796.74917303,https://datacenter-web.eastmoney.com/api/data/v1/get,2026-07-22T01:02:21+00:00
2025-04-24,8783.04578320,https://datacenter-web.eastmoney.com/api/data/v1/get,2026-07-22T01:02:21+00:00
2025-04-25,8762.63257057,https://datacenter-web.eastmoney.com/api/data/v1/get,2026-07-22T01:02:21+00:00
2025-04-28,8768.39715520,https://datacenter-web.eastmoney.com/api/data/v1/get,2026-07-22T01:02:21+00:00
2025-04-29,8756.44286412,https://datacenter-web.eastmoney.com/api/data/v1/get,2026-07-22T01:02:21+00:00
2025-04-30,8683.57751845,https://datacenter-web.eastmoney.com/api/data/v1/get,2026-07-22T01:02:21+00:00
2025-05-06,8767.13127710,https://datacenter-web.eastmoney.com/api/data/v1/get,2026-07-22T01:02:21+00:00
2025-05-07,8809.29314869,https://datacenter-web.eastmoney.com/api/data/v1/get,2026-07-22T01:02:21+00:00
2025-05-08,8807.38314623,https://datacenter-web.eastmoney.com/api/data/v1/get,2026-07-22T01:02:21+00:00
2025-05-09,8780.56099621,https://datacenter-web.eastmoney.com/api/data/v1/get,2026-07-22T01:02:21+00:00
2025-05-12,8819.79306695,https://datacenter-web.eastmoney.com/api/data/v1/get,2026-07-22T01:02:21+00:00
2025-05-13,8833.93473577,https://datacenter-web.eastmoney.com/api/data/v1/get,2026-07-22T01:02:21+00:00
2025-05-14,8846.83687844,https://datacenter-web.eastmoney.com/api/data/v1/get,2026-07-22T01:02:21+00:00
2025-05-15,8829.77081042,https://datacenter-web.eastmoney.com/api/data/v1/get,2026-07-22T01:02:21+00:00
2025-05-16,8820.54525694,https://datacenter-web.eastmoney.com/api/data/v1/get,2026-07-22T01:02:21+00:00
2025-05-19,8833.67155463,https://datacenter-web.eastmoney.com/api/data/v1/get,2026-07-22T01:02:21+00:00
2025-05-20,8856.10904227,https://datacenter-web.eastmoney.com/api/data/v1/get,2026-07-22T01:02:21+00:00
2025-05-21,8847.44555438,https://datacenter-web.eastmoney.com/api/data/v1/get,2026-07-22T01:02:21+00:00
2025-05-22,8837.72025433,https://datacenter-web.eastmoney.com/api/data/v1/get,2026-07-22T01:02:21+00:00
2025-05-23,8784.06384455,https://datacenter-web.eastmoney.com/api/data/v1/get,2026-07-22T01:02:21+00:00
2025-05-26,8806.00246125,https://datacenter-web.eastmoney.com/api/data/v1/get,2026-07-22T01:02:21+00:00
2025-05-27,8826.93489766,https://datacenter-web.eastmoney.com/api/data/v1/get,2026-07-22T01:02:21+00:00
2025-05-28,8832.30797386,https://datacenter-web.eastmoney.com/api/data/v1/get,2026-07-22T01:02:21+00:00
2025-05-29,8836.43034051,https://datacenter-web.eastmoney.com/api/data/v1/get,2026-07-22T01:02:21+00:00
2025-05-30,8787.75418277,https://datacenter-web.eastmoney.com/api/data/v1/get,2026-07-22T01:02:21+00:00
2025-06-03,8807.55982293,https://datacenter-web.eastmoney.com/api/data/v1/get,2026-07-22T01:02:21+00:00
2025-06-04,8820.06626182,https://datacenter-web.eastmoney.com/api/data/v1/get,2026-07-22T01:02:21+00:00
2025-06-05,8845.63195330,https://datacenter-web.eastmoney.com/api/data/v1/get,2026-07-22T01:02:21+00:00
2025-06-06,8837.30118683,https://datacenter-web.eastmoney.com/api/data/v1/get,2026-07-22T01:02:21+00:00
2025-06-09,8868.72512043,https://datacenter-web.eastmoney.com/api/data/v1/get,2026-07-22T01:02:21+00:00
2025-06-10,8869.01530213,https://datacenter-web.eastmoney.com/api/data/v1/get,2026-07-22T01:02:21+00:00
2025-06-11,8877.29408039,https://datacenter-web.eastmoney.com/api/data/v1/get,2026-07-22T01:02:21+00:00
2025-06-12,8882.90800437,https://datacenter-web.eastmoney.com/api/data/v1/get,2026-07-22T01:02:21+00:00
2025-06-13,8860.27798974,https://datacenter-web.eastmoney.com/api/data/v1/get,2026-07-22T01:02:21+00:00
2025-06-16,8881.90590524,https://datacenter-web.eastmoney.com/api/data/v1/get,2026-07-22T01:02:21+00:00
2025-06-17,8898.74196834,https://datacenter-web.eastmoney.com/api/data/v1/get,2026-07-22T01:02:21+00:00
2025-06-18,8911.76609709,https://datacenter-web.eastmoney.com/api/data/v1/get,2026-07-22T01:02:21+00:00
2025-06-19,8885.16100254,https://datacenter-web.eastmoney.com/api/data/v1/get,2026-07-22T01:02:21+00:00
2025-06-20,8845.29552659,https://datacenter-web.eastmoney.com/api/data/v1/get,2026-07-22T01:02:21+00:00
2025-06-23,8866.53659155,https://datacenter-web.eastmoney.com/api/data/v1/get,2026-07-22T01:02:21+00:00
2025-06-24,8902.11049660,https://datacenter-web.eastmoney.com/api/data/v1/get,2026-07-22T01:02:21+00:00
2025-06-25,8948.29020777,https://datacenter-web.eastmoney.com/api/data/v1/get,2026-07-22T01:02:21+00:00
2025-06-26,9005.42579395,https://datacenter-web.eastmoney.com/api/data/v1/get,2026-07-22T01:02:21+00:00
2025-06-27,9000.79196137,https://datacenter-web.eastmoney.com/api/data/v1/get,2026-07-22T01:02:21+00:00
2025-06-30,9069.16685330,https://datacenter-web.eastmoney.com/api/data/v1/get,2026-07-22T01:02:21+00:00
2025-07-01,9091.38039215,https://datacenter-web.eastmoney.com/api/data/v1/get,2026-07-22T01:02:21+00:00
2025-07-02,9090.04971033,https://datacenter-web.eastmoney.com/api/data/v1/get,2026-07-22T01:02:21+00:00
2025-07-03,9115.80254700,https://datacenter-web.eastmoney.com/api/data/v1/get,2026-07-22T01:02:21+00:00
2025-07-04,9084.79427856,https://datacenter-web.eastmoney.com/api/data/v1/get,2026-07-22T01:02:21+00:00
2025-07-07,9116.67461773,https://datacenter-web.eastmoney.com/api/data/v1/get,2026-07-22T01:02:21+00:00
2025-07-08,9148.98150576,https://datacenter-web.eastmoney.com/api/data/v1/get,2026-07-22T01:02:21+00:00
2025-07-09,9168.56976222,https://datacenter-web.eastmoney.com/api/data/v1/get,2026-07-22T01:02:21+00:00
2025-07-10,9188.24699044,https://datacenter-web.eastmoney.com/api/data/v1/get,2026-07-22T01:02:21+00:00
2025-07-11,9189.30968750,https://datacenter-web.eastmoney.com/api/data/v1/get,2026-07-22T01:02:21+00:00
2025-07-14,9235.74876040,https://datacenter-web.eastmoney.com/api/data/v1/get,2026-07-22T01:02:21+00:00
2025-07-15,9258.28291723,https://datacenter-web.eastmoney.com/api/data/v1/get,2026-07-22T01:02:21+00:00
2025-07-16,9280.88733717,https://datacenter-web.eastmoney.com/api/data/v1/get,2026-07-22T01:02:21+00:00
2025-07-17,9323.21724737,https://datacenter-web.eastmoney.com/api/data/v1/get,2026-07-22T01:02:21+00:00
2025-07-18,9310.52422793,https://datacenter-web.eastmoney.com/api/data/v1/get,2026-07-22T01:02:21+00:00
2025-07-21,9388.75976337,https://datacenter-web.eastmoney.com/api/data/v1/get,2026-07-22T01:02:21+00:00
2025-07-22,9438.68541601,https://datacenter-web.eastmoney.com/api/data/v1/get,2026-07-22T01:02:21+00:00
2025-07-23,9453.94597041,https://datacenter-web.eastmoney.com/api/data/v1/get,2026-07-22T01:02:21+00:00
2025-07-24,9490.57508072,https://datacenter-web.eastmoney.com/api/data/v1/get,2026-07-22T01:02:21+00:00
2025-07-25,9494.44309063,https://datacenter-web.eastmoney.com/api/data/v1/get,2026-07-22T01:02:21+00:00
2025-07-28,9569.19105007,https://datacenter-web.eastmoney.com/api/data/v1/get,2026-07-22T01:02:21+00:00
2025-07-29,9612.51790706,https://datacenter-web.eastmoney.com/api/data/v1/get,2026-07-22T01:02:21+00:00
2025-07-30,9630.26295418,https://datacenter-web.eastmoney.com/api/data/v1/get,2026-07-22T01:02:21+00:00
2025-07-31,9637.35700741,https://datacenter-web.eastmoney.com/api/data/v1/get,2026-07-22T01:02:21+00:00
2025-08-01,9613.66934795,https://datacenter-web.eastmoney.com/api/data/v1/get,2026-07-22T01:02:21+00:00
2025-08-04,9662.71337651,https://datacenter-web.eastmoney.com/api/data/v1/get,2026-07-22T01:02:21+00:00
2025-08-05,9706.45340530,https://datacenter-web.eastmoney.com/api/data/v1/get,2026-07-22T01:02:21+00:00
2025-08-06,9757.48158627,https://datacenter-web.eastmoney.com/api/data/v1/get,2026-07-22T01:02:21+00:00
2025-08-07,9786.87253262,https://datacenter-web.eastmoney.com/api/data/v1/get,2026-07-22T01:02:21+00:00
2025-08-08,9762.33125276,https://datacenter-web.eastmoney.com/api/data/v1/get,2026-07-22T01:02:21+00:00
2025-08-11,9838.97895225,https://datacenter-web.eastmoney.com/api/data/v1/get,2026-07-22T01:02:21+00:00
2025-08-12,9882.10811163,https://datacenter-web.eastmoney.com/api/data/v1/get,2026-07-22T01:02:21+00:00
2025-08-13,9963.80108320,https://datacenter-web.eastmoney.com/api/data/v1/get,2026-07-22T01:02:21+00:00
2025-08-14,10004.03501842,https://datacenter-web.eastmoney.com/api/data/v1/get,2026-07-22T01:02:21+00:00
2025-08-15,10041.40457234,https://datacenter-web.eastmoney.com/api/data/v1/get,2026-07-22T01:02:21+00:00
2025-08-18,10239.31329352,https://datacenter-web.eastmoney.com/api/data/v1/get,2026-07-22T01:02:21+00:00
2025-08-19,10363.01961768,https://datacenter-web.eastmoney.com/api/data/v1/get,2026-07-22T01:02:21+00:00
2025-08-20,10437.73808880,https://datacenter-web.eastmoney.com/api/data/v1/get,2026-07-22T01:02:21+00:00
2025-08-21,10459.12846412,https://datacenter-web.eastmoney.com/api/data/v1/get,2026-07-22T01:02:21+00:00
2025-08-22,10483.66428877,https://datacenter-web.eastmoney.com/api/data/v1/get,2026-07-22T01:02:21+00:00
2025-08-25,10644.02743957,https://datacenter-web.eastmoney.com/api/data/v1/get,2026-07-22T01:02:21+00:00
2025-08-26,10729.62265008,https://datacenter-web.eastmoney.com/api/data/v1/get,2026-07-22T01:02:21+00:00
2025-08-27,10815.15537553,https://datacenter-web.eastmoney.com/api/data/v1/get,2026-07-22T01:02:21+00:00
2025-08-28,10884.86218109,https://datacenter-web.eastmoney.com/api/data/v1/get,2026-07-22T01:02:21+00:00
2025-08-29,10971.74084089,https://datacenter-web.eastmoney.com/api/data/v1/get,2026-07-22T01:02:21+00:00
2025-09-01,11129.27076663,https://datacenter-web.eastmoney.com/api/data/v1/get,2026-07-22T01:02:21+00:00
2025-09-02,11069.32028669,https://datacenter-web.eastmoney.com/api/data/v1/get,2026-07-22T01:02:21+00:00
2025-09-03,11091.29858843,https://datacenter-web.eastmoney.com/api/data/v1/get,2026-07-22T01:02:21+00:00
2025-09-04,11039.73787664,https://datacenter-web.eastmoney.com/api/data/v1/get,2026-07-22T01:02:21+00:00
2025-09-05,11081.45619779,https://datacenter-web.eastmoney.com/api/data/v1/get,2026-07-22T01:02:21+00:00
2025-09-08,11236.20902486,https://datacenter-web.eastmoney.com/api/data/v1/get,2026-07-22T01:02:21+00:00
2025-09-09,11247.58045579,https://datacenter-web.eastmoney.com/api/data/v1/get,2026-07-22T01:02:21+00:00
2025-09-10,11282.26257663,https://datacenter-web.eastmoney.com/api/data/v1/get,2026-07-22T01:02:21+00:00
2025-09-11,11394.74307484,https://datacenter-web.eastmoney.com/api/data/v1/get,2026-07-22T01:02:21+00:00
2025-09-12,11431.12251645,https://datacenter-web.eastmoney.com/api/data/v1/get,2026-07-22T01:02:21+00:00
2025-09-15,11517.75828724,https://datacenter-web.eastmoney.com/api/data/v1/get,2026-07-22T01:02:21+00:00
2025-09-16,11621.11678866,https://datacenter-web.eastmoney.com/api/data/v1/get,2026-07-22T01:02:21+00:00
2025-09-17,11708.86231176,https://datacenter-web.eastmoney.com/api/data/v1/get,2026-07-22T01:02:21+00:00
2025-09-18,11687.60821555,https://datacenter-web.eastmoney.com/api/data/v1/get,2026-07-22T01:02:21+00:00
2025-09-19,11662.08694207,https://datacenter-web.eastmoney.com/api/data/v1/get,2026-07-22T01:02:21+00:00
2025-09-22,11746.96727720,https://datacenter-web.eastmoney.com/api/data/v1/get,2026-07-22T01:02:21+00:00
2025-09-23,11756.77355700,https://datacenter-web.eastmoney.com/api/data/v1/get,2026-07-22T01:02:21+00:00
2025-09-24,11828.24219536,https://datacenter-web.eastmoney.com/api/data/v1/get,2026-07-22T01:02:21+00:00
2025-09-25,11895.07289110,https://datacenter-web.eastmoney.com/api/data/v1/get,2026-07-22T01:02:21+00:00
2025-09-26,11815.43513690,https://datacenter-web.eastmoney.com/api/data/v1/get,2026-07-22T01:02:21+00:00
2025-09-29,11814.31789919,https://datacenter-web.eastmoney.com/api/data/v1/get,2026-07-22T01:02:21+00:00
2025-09-30,11623.54235598,https://datacenter-web.eastmoney.com/api/data/v1/get,2026-07-22T01:02:21+00:00
2025-10-09,11884.31792913,https://datacenter-web.eastmoney.com/api/data/v1/get,2026-07-22T01:02:21+00:00
2025-10-10,11875.01076325,https://datacenter-web.eastmoney.com/api/data/v1/get,2026-07-22T01:02:21+00:00
2025-10-13,11867.46276578,https://datacenter-web.eastmoney.com/api/data/v1/get,2026-07-22T01:02:21+00:00
2025-10-14,11880.52227849,https://datacenter-web.eastmoney.com/api/data/v1/get,2026-07-22T01:02:21+00:00
2025-10-15,11886.08012887,https://datacenter-web.eastmoney.com/api/data/v1/get,2026-07-22T01:02:21+00:00
2025-10-16,11947.94824359,https://datacenter-web.eastmoney.com/api/data/v1/get,2026-07-22T01:02:21+00:00
2025-10-17,11813.34070444,https://datacenter-web.eastmoney.com/api/data/v1/get,2026-07-22T01:02:21+00:00
2025-10-20,11837.38100596,https://datacenter-web.eastmoney.com/api/data/v1/get,2026-07-22T01:02:21+00:00
2025-10-21,11911.48722318,https://datacenter-web.eastmoney.com/api/data/v1/get,2026-07-22T01:02:21+00:00
2025-10-22,11949.53689422,https://datacenter-web.eastmoney.com/api/data/v1/get,2026-07-22T01:02:21+00:00
2025-10-23,11943.63047745,https://datacenter-web.eastmoney.com/api/data/v1/get,2026-07-22T01:02:21+00:00
2025-10-24,11972.96945735,https://datacenter-web.eastmoney.com/api/data/v1/get,2026-07-22T01:02:21+00:00
2025-10-27,12101.60994856,https://datacenter-web.eastmoney.com/api/data/v1/get,2026-07-22T01:02:21+00:00
2025-10-28,12168.67140055,https://datacenter-web.eastmoney.com/api/data/v1/get,2026-07-22T01:02:21+00:00
2025-10-29,12232.49001559,https://datacenter-web.eastmoney.com/api/data/v1/get,2026-07-22T01:02:21+00:00
2025-10-30,12196.92195482,https://datacenter-web.eastmoney.com/api/data/v1/get,2026-07-22T01:02:21+00:00
2025-10-31,12110.64759281,https://datacenter-web.eastmoney.com/api/data/v1/get,2026-07-22T01:02:21+00:00
2025-11-03,12137.38229598,https://datacenter-web.eastmoney.com/api/data/v1/get,2026-07-22T01:02:21+00:00
2025-11-04,12111.17002540,https://datacenter-web.eastmoney.com/api/data/v1/get,2026-07-22T01:02:21+00:00
2025-11-05,12106.82368081,https://datacenter-web.eastmoney.com/api/data/v1/get,2026-07-22T01:02:21+00:00
2025-11-06,12114.19187596,https://datacenter-web.eastmoney.com/api/data/v1/get,2026-07-22T01:02:21+00:00
2025-11-07,12108.24546918,https://datacenter-web.eastmoney.com/api/data/v1/get,2026-07-22T01:02:21+00:00
2025-11-10,12152.44201697,https://datacenter-web.eastmoney.com/api/data/v1/get,2026-07-22T01:02:21+00:00
2025-11-11,12160.68092642,https://datacenter-web.eastmoney.com/api/data/v1/get,2026-07-22T01:02:21+00:00
2025-11-12,12153.67332209,https://datacenter-web.eastmoney.com/api/data/v1/get,2026-07-22T01:02:21+00:00
2025-11-13,12216.53445053,https://datacenter-web.eastmoney.com/api/data/v1/get,2026-07-22T01:02:21+00:00
2025-11-14,12136.81637418,https://datacenter-web.eastmoney.com/api/data/v1/get,2026-07-22T01:02:21+00:00
2025-11-17,12174.25072562,https://datacenter-web.eastmoney.com/api/data/v1/get,2026-07-22T01:02:21+00:00
2025-11-18,12167.10805190,https://datacenter-web.eastmoney.com/api/data/v1/get,2026-07-22T01:02:21+00:00
2025-11-19,12154.46141353,https://datacenter-web.eastmoney.com/api/data/v1/get,2026-07-22T01:02:21+00:00
2025-11-20,12147.12298825,https://datacenter-web.eastmoney.com/api/data/v1/get,2026-07-22T01:02:21+00:00
2025-11-21,11978.78430815,https://datacenter-web.eastmoney.com/api/data/v1/get,2026-07-22T01:02:21+00:00
2025-11-24,11957.22629558,https://datacenter-web.eastmoney.com/api/data/v1/get,2026-07-22T01:02:21+00:00
2025-11-25,11983.96341342,https://datacenter-web.eastmoney.com/api/data/v1/get,2026-07-22T01:02:21+00:00
2025-11-26,12019.62946894,https://datacenter-web.eastmoney.com/api/data/v1/get,2026-07-22T01:02:21+00:00
2025-11-27,12042.10419803,https://datacenter-web.eastmoney.com/api/data/v1/get,2026-07-22T01:02:21+00:00
2025-11-28,12056.38530345,https://datacenter-web.eastmoney.com/api/data/v1/get,2026-07-22T01:02:21+00:00
2025-12-01,12105.22941893,https://datacenter-web.eastmoney.com/api/data/v1/get,2026-07-22T01:02:21+00:00
2025-12-02,12126.22841092,https://datacenter-web.eastmoney.com/api/data/v1/get,2026-07-22T01:02:21+00:00
2025-12-03,12106.75549821,https://datacenter-web.eastmoney.com/api/data/v1/get,2026-07-22T01:02:21+00:00
2025-12-04,12113.57257707,https://datacenter-web.eastmoney.com/api/data/v1/get,2026-07-22T01:02:21+00:00
2025-12-05,12103.09869247,https://datacenter-web.eastmoney.com/api/data/v1/get,2026-07-22T01:02:21+00:00
2025-12-08,12207.14201038,https://datacenter-web.eastmoney.com/api/data/v1/get,2026-07-22T01:02:21+00:00
2025-12-09,12268.09723093,https://datacenter-web.eastmoney.com/api/data/v1/get,2026-07-22T01:02:21+00:00
2025-12-10,12301.56406328,https://datacenter-web.eastmoney.com/api/data/v1/get,2026-07-22T01:02:21+00:00
2025-12-11,12254.14043748,https://datacenter-web.eastmoney.com/api/data/v1/get,2026-07-22T01:02:21+00:00
2025-12-12,12236.47189083,https://datacenter-web.eastmoney.com/api/data/v1/get,2026-07-22T01:02:21+00:00
2025-12-15,12253.56270258,https://datacenter-web.eastmoney.com/api/data/v1/get,2026-07-22T01:02:21+00:00
2025-12-16,12193.15393334,https://datacenter-web.eastmoney.com/api/data/v1/get,2026-07-22T01:02:21+00:00
2025-12-17,12183.79420179,https://datacenter-web.eastmoney.com/api/data/v1/get,2026-07-22T01:02:21+00:00
2025-12-18,12194.07561181,https://datacenter-web.eastmoney.com/api/data/v1/get,2026-07-22T01:02:21+00:00
2025-12-19,12217.63403396,https://datacenter-web.eastmoney.com/api/data/v1/get,2026-07-22T01:02:21+00:00
2025-12-22,12284.76388245,https://datacenter-web.eastmoney.com/api/data/v1/get,2026-07-22T01:02:21+00:00
2025-12-23,12355.06600712,https://datacenter-web.eastmoney.com/api/data/v1/get,2026-07-22T01:02:21+00:00
2025-12-24,12411.67573303,https://datacenter-web.eastmoney.com/api/data/v1/get,2026-07-22T01:02:21+00:00
2025-12-25,12471.95555205,https://datacenter-web.eastmoney.com/api/data/v1/get,2026-07-22T01:02:21+00:00
2025-12-26,12473.97227179,https://datacenter-web.eastmoney.com/api/data/v1/get,2026-07-22T01:02:21+00:00
2025-12-29,12528.64626544,https://datacenter-web.eastmoney.com/api/data/v1/get,2026-07-22T01:02:21+00:00
2025-12-30,12522.48802278,https://datacenter-web.eastmoney.com/api/data/v1/get,2026-07-22T01:02:21+00:00
2025-12-31,12473.92285485,https://datacenter-web.eastmoney.com/api/data/v1/get,2026-07-22T01:02:21+00:00
2026-01-05,12582.47807263,https://datacenter-web.eastmoney.com/api/data/v1/get,2026-07-22T01:02:21+00:00
2026-01-06,12681.21323838,https://datacenter-web.eastmoney.com/api/data/v1/get,2026-07-22T01:02:21+00:00
2026-01-07,12807.70645851,https://datacenter-web.eastmoney.com/api/data/v1/get,2026-07-22T01:02:21+00:00
2026-01-08,12887.61290985,https://datacenter-web.eastmoney.com/api/data/v1/get,2026-07-22T01:02:21+00:00
2026-01-09,12921.53846748,https://datacenter-web.eastmoney.com/api/data/v1/get,2026-07-22T01:02:21+00:00
2026-01-12,13191.52302340,https://datacenter-web.eastmoney.com/api/data/v1/get,2026-07-22T01:02:21+00:00
2026-01-13,13250.10231710,https://datacenter-web.eastmoney.com/api/data/v1/get,2026-07-22T01:02:21+00:00
2026-01-14,13318.12728339,https://datacenter-web.eastmoney.com/api/data/v1/get,2026-07-22T01:02:21+00:00
2026-01-15,13433.93917315,https://datacenter-web.eastmoney.com/api/data/v1/get,2026-07-22T01:02:21+00:00
2026-01-16,13436.86483448,https://datacenter-web.eastmoney.com/api/data/v1/get,2026-07-22T01:02:21+00:00
2026-01-19,13361.56587174,https://datacenter-web.eastmoney.com/api/data/v1/get,2026-07-22T01:02:21+00:00
2026-01-20,13302.68304154,https://datacenter-web.eastmoney.com/api/data/v1/get,2026-07-22T01:02:21+00:00
2026-01-21,13316.61149970,https://datacenter-web.eastmoney.com/api/data/v1/get,2026-07-22T01:02:21+00:00
2026-01-22,13334.14055085,https://datacenter-web.eastmoney.com/api/data/v1/get,2026-07-22T01:02:21+00:00
2026-01-23,13317.31563883,https://datacenter-web.eastmoney.com/api/data/v1/get,2026-07-22T01:02:21+00:00
2026-01-26,13323.04329890,https://datacenter-web.eastmoney.com/api/data/v1/get,2026-07-22T01:02:21+00:00
2026-01-27,13314.08230527,https://datacenter-web.eastmoney.com/api/data/v1/get,2026-07-22T01:02:21+00:00
2026-01-28,13372.24205190,https://datacenter-web.eastmoney.com/api/data/v1/get,2026-07-22T01:02:21+00:00
2026-01-29,13368.79159661,https://datacenter-web.eastmoney.com/api/data/v1/get,2026-07-22T01:02:21+00:00
2026-01-30,13269.53822592,https://datacenter-web.eastmoney.com/api/data/v1/get,2026-07-22T01:02:21+00:00
2026-02-02,13221.94969545,https://datacenter-web.eastmoney.com/api/data/v1/get,2026-07-22T01:02:21+00:00
2026-02-03,13236.63870759,https://datacenter-web.eastmoney.com/api/data/v1/get,2026-07-22T01:02:21+00:00
2026-02-04,13187.19212278,https://datacenter-web.eastmoney.com/api/data/v1/get,2026-07-22T01:02:21+00:00
2026-02-05,13119.17466230,https://datacenter-web.eastmoney.com/api/data/v1/get,2026-07-22T01:02:21+00:00
2026-02-06,13025.26179806,https://datacenter-web.eastmoney.com/api/data/v1/get,2026-07-22T01:02:21+00:00
2026-02-09,13025.25108800,https://datacenter-web.eastmoney.com/api/data/v1/get,2026-07-22T01:02:21+00:00
2026-02-10,13003.09740689,https://datacenter-web.eastmoney.com/api/data/v1/get,2026-07-22T01:02:21+00:00
2026-02-11,12932.32985925,https://datacenter-web.eastmoney.com/api/data/v1/get,2026-07-22T01:02:21+00:00
2026-02-12,12901.49117492,https://datacenter-web.eastmoney.com/api/data/v1/get,2026-07-22T01:02:21+00:00
2026-02-13,12633.45050286,https://datacenter-web.eastmoney.com/api/data/v1/get,2026-07-22T01:02:21+00:00
2026-02-24,12808.63472709,https://datacenter-web.eastmoney.com/api/data/v1/get,2026-07-22T01:02:21+00:00
2026-02-25,12905.51592243,https://datacenter-web.eastmoney.com/api/data/v1/get,2026-07-22T01:02:21+00:00
2026-02-26,13014.39968030,https://datacenter-web.eastmoney.com/api/data/v1/get,2026-07-22T01:02:21+00:00
2026-02-27,13023.82657238,https://datacenter-web.eastmoney.com/api/data/v1/get,2026-07-22T01:02:21+00:00
2026-03-02,13041.46172548,https://datacenter-web.eastmoney.com/api/data/v1/get,2026-07-22T01:02:21+00:00
2026-03-03,12914.91253262,https://datacenter-web.eastmoney.com/api/data/v1/get,2026-07-22T01:02:21+00:00
2026-03-04,12855.10208754,https://datacenter-web.eastmoney.com/api/data/v1/get,2026-07-22T01:02:21+00:00
2026-03-05,12910.35649351,https://datacenter-web.eastmoney.com/api/data/v1/get,2026-07-22T01:02:21+00:00
2026-03-06,12880.81848961,https://datacenter-web.eastmoney.com/api/data/v1/get,2026-07-22T01:02:21+00:00
2026-03-09,12857.72083950,https://datacenter-web.eastmoney.com/api/data/v1/get,2026-07-22T01:02:21+00:00
2026-03-10,12920.65126847,https://datacenter-web.eastmoney.com/api/data/v1/get,2026-07-22T01:02:21+00:00
2026-03-11,12982.19570532,https://datacenter-web.eastmoney.com/api/data/v1/get,2026-07-22T01:02:21+00:00
2026-03-12,12980.16790961,https://datacenter-web.eastmoney.com/api/data/v1/get,2026-07-22T01:02:21+00:00
2026-03-13,12896.67849330,https://datacenter-web.eastmoney.com/api/data/v1/get,2026-07-22T01:02:21+00:00
2026-03-16,12943.06591458,https://datacenter-web.eastmoney.com/api/data/v1/get,2026-07-22T01:02:21+00:00
2026-03-17,12891.94165266,https://datacenter-web.eastmoney.com/api/data/v1/get,2026-07-22T01:02:21+00:00
2026-03-18,12902.74654540,https://datacenter-web.eastmoney.com/api/data/v1/get,2026-07-22T01:02:21+00:00
2026-03-19,12870.26111343,https://datacenter-web.eastmoney.com/api/data/v1/get,2026-07-22T01:02:21+00:00
2026-03-20,12778.49761279,https://datacenter-web.eastmoney.com/api/data/v1/get,2026-07-22T01:02:21+00:00
2026-03-23,12713.76716864,https://datacenter-web.eastmoney.com/api/data/v1/get,2026-07-22T01:02:21+00:00
2026-03-24,12664.00184013,https://datacenter-web.eastmoney.com/api/data/v1/get,2026-07-22T01:02:21+00:00
2026-03-25,12697.10067619,https://datacenter-web.eastmoney.com/api/data/v1/get,2026-07-22T01:02:21+00:00
2026-03-26,12692.35807593,https://datacenter-web.eastmoney.com/api/data/v1/get,2026-07-22T01:02:21+00:00
2026-03-27,12669.99766737,https://datacenter-web.eastmoney.com/api/data/v1/get,2026-07-22T01:02:21+00:00
2026-03-30,12710.26912023,https://datacenter-web.eastmoney.com/api/data/v1/get,2026-07-22T01:02:21+00:00
2026-03-31,12657.23771944,https://datacenter-web.eastmoney.com/api/data/v1/get,2026-07-22T01:02:21+00:00
2026-04-01,12665.97500700,https://datacenter-web.eastmoney.com/api/data/v1/get,2026-07-22T01:02:21+00:00
2026-04-02,12609.51353577,https://datacenter-web.eastmoney.com/api/data/v1/get,2026-07-22T01:02:21+00:00
2026-04-03,12518.84568609,https://datacenter-web.eastmoney.com/api/data/v1/get,2026-07-22T01:02:21+00:00
2026-04-07,12550.84794645,https://datacenter-web.eastmoney.com/api/data/v1/get,2026-07-22T01:02:21+00:00
2026-04-08,12646.06437039,https://datacenter-web.eastmoney.com/api/data/v1/get,2026-07-22T01:02:21+00:00
2026-04-09,12690.79105889,https://datacenter-web.eastmoney.com/api/data/v1/get,2026-07-22T01:02:21+00:00
2026-04-10,12717.43602304,https://datacenter-web.eastmoney.com/api/data/v1/get,2026-07-22T01:02:21+00:00
2026-04-13,12798.63408949,https://datacenter-web.eastmoney.com/api/data/v1/get,2026-07-22T01:02:21+00:00
2026-04-14,12885.15797056,https://datacenter-web.eastmoney.com/api/data/v1/get,2026-07-22T01:02:21+00:00
2026-04-15,12939.69707634,https://datacenter-web.eastmoney.com/api/data/v1/get,2026-07-22T01:02:21+00:00
2026-04-16,12998.72387926,https://datacenter-web.eastmoney.com/api/data/v1/get,2026-07-22T01:02:21+00:00
2026-04-17,13014.22203696,https://datacenter-web.eastmoney.com/api/data/v1/get,2026-07-22T01:02:21+00:00
2026-04-20,13162.74369682,https://datacenter-web.eastmoney.com/api/data/v1/get,2026-07-22T01:02:21+00:00
2026-04-21,13194.00216926,https://datacenter-web.eastmoney.com/api/data/v1/get,2026-07-22T01:02:21+00:00
2026-04-22,13253.94570504,https://datacenter-web.eastmoney.com/api/data/v1/get,2026-07-22T01:02:21+00:00
2026-04-23,13281.56272129,https://datacenter-web.eastmoney.com/api/data/v1/get,2026-07-22T01:02:21+00:00
2026-04-24,13199.90466672,https://datacenter-web.eastmoney.com/api/data/v1/get,2026-07-22T01:02:21+00:00
2026-04-27,13262.05744465,https://datacenter-web.eastmoney.com/api/data/v1/get,2026-07-22T01:02:21+00:00
2026-04-28,13267.88399917,https://datacenter-web.eastmoney.com/api/data/v1/get,2026-07-22T01:02:21+00:00
2026-04-29,13254.38246058,https://datacenter-web.eastmoney.com/api/data/v1/get,2026-07-22T01:02:21+00:00
2026-04-30,13162.21635957,https://datacenter-web.eastmoney.com/api/data/v1/get,2026-07-22T01:02:21+00:00
2026-05-06,13347.05384236,https://datacenter-web.eastmoney.com/api/data/v1/get,2026-07-22T01:02:21+00:00
2026-05-07,13485.33166455,https://datacenter-web.eastmoney.com/api/data/v1/get,2026-07-22T01:02:21+00:00
2026-05-08,13568.40645986,https://datacenter-web.eastmoney.com/api/data/v1/get,2026-07-22T01:02:21+00:00
2026-05-11,13715.29559806,https://datacenter-web.eastmoney.com/api/data/v1/get,2026-07-22T01:02:21+00:00
2026-05-12,13802.04458724,https://datacenter-web.eastmoney.com/api/data/v1/get,2026-07-22T01:02:21+00:00
2026-05-13,13915.32028880,https://datacenter-web.eastmoney.com/api/data/v1/get,2026-07-22T01:02:21+00:00
2026-05-14,13968.11494791,https://datacenter-web.eastmoney.com/api/data/v1/get,2026-07-22T01:02:21+00:00
2026-05-15,13949.49499996,https://datacenter-web.eastmoney.com/api/data/v1/get,2026-07-22T01:02:21+00:00
2026-05-18,14005.61008899,https://datacenter-web.eastmoney.com/api/data/v1/get,2026-07-22T01:02:21+00:00
2026-05-19,14027.77074258,https://datacenter-web.eastmoney.com/api/data/v1/get,2026-07-22T01:02:21+00:00
2026-05-20,14043.31209051,https://datacenter-web.eastmoney.com/api/data/v1/get,2026-07-22T01:02:21+00:00
2026-05-21,13987.53868402,https://datacenter-web.eastmoney.com/api/data/v1/get,2026-07-22T01:02:21+00:00
2026-05-22,14004.71377288,https://datacenter-web.eastmoney.com/api/data/v1/get,2026-07-22T01:02:21+00:00
2026-05-25,14136.83122606,https://datacenter-web.eastmoney.com/api/data/v1/get,2026-07-22T01:02:21+00:00
2026-05-26,14172.03136742,https://datacenter-web.eastmoney.com/api/data/v1/get,2026-07-22T01:02:21+00:00
2026-05-27,14199.47283387,https://datacenter-web.eastmoney.com/api/data/v1/get,2026-07-22T01:02:21+00:00
2026-05-28,14220.17843640,https://datacenter-web.eastmoney.com/api/data/v1/get,2026-07-22T01:02:21+00:00
2026-05-29,14099.07237344,https://datacenter-web.eastmoney.com/api/data/v1/get,2026-07-22T01:02:21+00:00
2026-06-01,14063.03187855,https://datacenter-web.eastmoney.com/api/data/v1/get,2026-07-22T01:02:21+00:00
2026-06-02,14068.06427824,https://datacenter-web.eastmoney.com/api/data/v1/get,2026-07-22T01:02:21+00:00
2026-06-03,14100.81618665,https://datacenter-web.eastmoney.com/api/data/v1/get,2026-07-22T01:02:21+00:00
2026-06-04,14141.48813231,https://datacenter-web.eastmoney.com/api/data/v1/get,2026-07-22T01:02:21+00:00
2026-06-05,14114.03036466,https://datacenter-web.eastmoney.com/api/data/v1/get,2026-07-22T01:02:21+00:00
2026-06-08,13997.89016399,https://datacenter-web.eastmoney.com/api/data/v1/get,2026-07-22T01:02:21+00:00
2026-06-09,14049.07719228,https://datacenter-web.eastmoney.com/api/data/v1/get,2026-07-22T01:02:21+00:00
2026-06-10,14011.81758206,https://datacenter-web.eastmoney.com/api/data/v1/get,2026-07-22T01:02:21+00:00
2026-06-11,13955.69733635,https://datacenter-web.eastmoney.com/api/data/v1/get,2026-07-22T01:02:21+00:00
2026-06-12,13945.18150156,https://datacenter-web.eastmoney.com/api/data/v1/get,2026-07-22T01:02:21+00:00
2026-06-15,14057.07071728,https://datacenter-web.eastmoney.com/api/data/v1/get,2026-07-22T01:02:21+00:00
2026-06-16,14201.50378638,https://datacenter-web.eastmoney.com/api/data/v1/get,2026-07-22T01:02:21+00:00
2026-06-17,14336.39152915,https://datacenter-web.eastmoney.com/api/data/v1/get,2026-07-22T01:02:21+00:00
2026-06-18,14394.73632238,https://datacenter-web.eastmoney.com/api/data/v1/get,2026-07-22T01:02:21+00:00
2026-06-22,14581.19053806,https://datacenter-web.eastmoney.com/api/data/v1/get,2026-07-22T01:02:21+00:00
2026-06-23,14652.43410288,https://datacenter-web.eastmoney.com/api/data/v1/get,2026-07-22T01:02:21+00:00
2026-06-24,14731.85089045,https://datacenter-web.eastmoney.com/api/data/v1/get,2026-07-22T01:02:21+00:00
2026-06-25,14798.28583218,https://datacenter-web.eastmoney.com/api/data/v1/get,2026-07-22T01:02:21+00:00
2026-06-26,14672.81982412,https://datacenter-web.eastmoney.com/api/data/v1/get,2026-07-22T01:02:21+00:00
2026-06-29,14664.50632820,https://datacenter-web.eastmoney.com/api/data/v1/get,2026-07-22T01:02:21+00:00
2026-06-30,14708.79583030,https://datacenter-web.eastmoney.com/api/data/v1/get,2026-07-22T01:02:21+00:00
2026-07-01,14778.94856591,https://datacenter-web.eastmoney.com/api/data/v1/get,2026-07-22T01:02:21+00:00
2026-07-02,14761.73966736,https://datacenter-web.eastmoney.com/api/data/v1/get,2026-07-22T01:02:21+00:00
2026-07-03,14697.07101933,https://datacenter-web.eastmoney.com/api/data/v1/get,2026-07-22T01:02:21+00:00
2026-07-06,14668.58773239,https://datacenter-web.eastmoney.com/api/data/v1/get,2026-07-22T01:02:21+00:00
2026-07-07,14597.10376963,https://datacenter-web.eastmoney.com/api/data/v1/get,2026-07-22T01:02:21+00:00
2026-07-08,14485.77145252,https://datacenter-web.eastmoney.com/api/data/v1/get,2026-07-22T01:02:21+00:00
2026-07-09,14458.61458951,https://datacenter-web.eastmoney.com/api/data/v1/get,2026-07-22T01:02:21+00:00
2026-07-10,14424.97952431,https://datacenter-web.eastmoney.com/api/data/v1/get,2026-07-22T01:02:21+00:00
2026-07-13,14227.19443349,https://datacenter-web.eastmoney.com/api/data/v1/get,2026-07-22T01:02:21+00:00
2026-07-14,14172.64751118,https://datacenter-web.eastmoney.com/api/data/v1/get,2026-07-22T01:02:21+00:00
2026-07-15,14128.29773105,https://datacenter-web.eastmoney.com/api/data/v1/get,2026-07-22T01:02:21+00:00
2026-07-16,13982.04186432,https://datacenter-web.eastmoney.com/api/data/v1/get,2026-07-22T01:02:21+00:00
2026-07-17,13563.12219325,https://datacenter-web.eastmoney.com/api/data/v1/get,2026-07-22T01:02:21+00:00
2026-07-20,13267.13219503,https://datacenter-web.eastmoney.com/api/data/v1/get,2026-07-22T01:02:21+00:00
2026-07-21,13259.24685239,https://datacenter-web.eastmoney.com/api/data/v1/get,2026-07-22T01:02:21+00:00
2026-07-22,13270.37003842,https://datacenter-web.eastmoney.com/api/data/v1/get,2026-07-23T01:02:15+00:00
2026-07-23,13218.04252718,https://datacenter-web.eastmoney.com/api/data/v1/get,2026-07-24T01:01:53+00:00
2026-07-24,13076.07084847,https://datacenter-web.eastmoney.com/api/data/v1/get,2026-07-27T01:04:30+00:00
2026-07-27,13039.62925138,https://datacenter-web.eastmoney.com/api/data/v1/get,2026-07-28T01:04:19+00:00
2026-07-28,12895.06723111,https://datacenter-web.eastmoney.com/api/data/v1/get,2026-07-29T01:03:12+00:00
2026-07-29,12762.74133767,https://datacenter-web.eastmoney.com/api/data/v1/get,2026-07-30T01:02:35+00:00
2026-07-30,12540.98880597,https://datacenter-web.eastmoney.com/api/data/v1/get,2026-07-31T06:09:32+00:00
2026-07-31,12535.70818615,https://datacenter-web.eastmoney.com/api/data/v1/get,2026-08-03T01:04:03+00:00
2026-08-03,12489.16275525,https://datacenter-web.eastmoney.com/api/data/v1/get,2026-08-04T02:32:53+00:00
2026-08-04,12547.38782997,https://datacenter-web.eastmoney.com/api/data/v1/get,2026-08-08T05:42:36+00:00
2026-08-05,12608.71875492,https://datacenter-web.eastmoney.com/api/data/v1/get,2026-08-08T05:42:36+00:00
2026-08-06,12669.93136806,https://datacenter-web.eastmoney.com/api/data/v1/get,2026-08-08T05:42:36+00:00
2026-08-07,12696.44182916,https://datacenter-web.eastmoney.com/api/data/v1/get,2026-08-10T01:03:21+00:00
2026-08-10,12782.04135590,https://datacenter-web.eastmoney.com/api/data/v1/get,2026-08-11T01:04:15+00:00
2026-08-11,12791.68202060,https://datacenter-web.eastmoney.com/api/data/v1/get,2026-08-12T01:03:54+00:00
2026-08-12,12837.43055996,https://datacenter-web.eastmoney.com/api/data/v1/get,2026-08-13T01:02:55+00:00
