date,sh_margin_y,sz_margin_y,total_margin_y,sh_change_y,sh_change_pct,sz_change_y,sz_change_pct,total_change_y,total_change_pct,source,sample_status
2011-08-03,199.47338610,126.67762532,326.15101142,,,,,,,DFCF/东方财富Choice数据,dfcf_vendor_only_unverified_by_exchange
2011-08-04,199.16978654,125.42989893,324.59968547,-0.30359956,-0.15220053,-1.24772639,-0.98496194,-1.55132595,-0.47564652,DFCF/东方财富Choice数据,dfcf_vendor_only_unverified_by_exchange
2011-08-05,199.03220315,125.84973661,324.88193976,-0.13758339,-0.06907844,0.41983768,0.33471898,0.28225429,0.08695458,DFCF/东方财富Choice数据,dfcf_vendor_only_unverified_by_exchange
2011-08-08,199.65951464,125.06083382,324.72034846,0.62731149,0.31518090,-0.78890279,-0.62686090,-0.16159130,-0.04973847,DFCF/东方财富Choice数据,dfcf_vendor_only_unverified_by_exchange
2011-08-09,199.58893276,125.54353509,325.13246785,-0.07058188,-0.03535112,0.48270127,0.38597317,0.41211939,0.12691517,DFCF/东方财富Choice数据,dfcf_vendor_only_unverified_by_exchange
2011-08-10,198.91797252,126.09118948,325.00916200,-0.67096024,-0.33617106,0.54765439,0.43622668,-0.12330585,-0.03792480,DFCF/东方财富Choice数据,dfcf_vendor_only_unverified_by_exchange
2011-08-11,198.53845619,126.46698642,325.00544261,-0.37951633,-0.19079037,0.37579694,0.29803584,-0.00371939,-0.00114440,DFCF/东方财富Choice数据,dfcf_vendor_only_unverified_by_exchange
2011-08-12,197.80555772,126.63181393,324.43737165,-0.73289847,-0.36914686,0.16482751,0.13033244,-0.56807096,-0.17478814,DFCF/东方财富Choice数据,dfcf_vendor_only_unverified_by_exchange
2011-08-15,199.00155759,127.06286309,326.06442068,1.19599987,0.60463411,0.43104916,0.34039563,1.62704903,0.50149865,DFCF/东方财富Choice数据,dfcf_vendor_only_unverified_by_exchange
2011-08-16,199.38522613,128.00235731,327.38758344,0.38366854,0.19279675,0.93949422,0.73939324,1.32316276,0.40579796,DFCF/东方财富Choice数据,dfcf_vendor_only_unverified_by_exchange
2011-08-17,200.20240955,128.67051367,328.87292322,0.81718342,0.40985154,0.66815636,0.52198754,1.48533978,0.45369460,DFCF/东方财富Choice数据,dfcf_vendor_only_unverified_by_exchange
2011-08-18,201.25765773,128.43274512,329.69040285,1.05524818,0.52709065,-0.23776855,-0.18478868,0.81747963,0.24857006,DFCF/东方财富Choice数据,dfcf_vendor_only_unverified_by_exchange
2011-08-19,200.74117205,128.13663645,328.87780850,-0.51648568,-0.25662908,-0.29610867,-0.23055543,-0.81259435,-0.24647195,DFCF/东方财富Choice数据,dfcf_vendor_only_unverified_by_exchange
2011-08-22,201.04631668,129.17933466,330.22565134,0.30514463,0.15200899,1.04269821,0.81373933,1.34784284,0.40983089,DFCF/东方财富Choice数据,dfcf_vendor_only_unverified_by_exchange
2011-08-23,201.61763673,130.08603198,331.70366871,0.57132005,0.28417335,0.90669732,0.70189038,1.47801737,0.44757800,DFCF/东方财富Choice数据,dfcf_vendor_only_unverified_by_exchange
2011-08-24,201.48223867,129.92198798,331.40422665,-0.13539806,-0.06715586,-0.16404400,-0.12610424,-0.29944206,-0.09027397,DFCF/东方财富Choice数据,dfcf_vendor_only_unverified_by_exchange
2011-08-25,199.09811437,129.66151646,328.75963083,-2.38412430,-1.18329254,-0.26047152,-0.20048302,-2.64459582,-0.79799701,DFCF/东方财富Choice数据,dfcf_vendor_only_unverified_by_exchange
2011-08-26,201.09341830,129.98328619,331.07670449,1.99530393,1.00217118,0.32176973,0.24816132,2.31707366,0.70479263,DFCF/东方财富Choice数据,dfcf_vendor_only_unverified_by_exchange
2011-08-29,204.96342307,131.15362772,336.11705079,3.87000477,1.92448107,1.17034153,0.90037848,5.04034630,1.52241044,DFCF/东方财富Choice数据,dfcf_vendor_only_unverified_by_exchange
2011-08-30,207.49898186,131.65406587,339.15304773,2.53555879,1.23707867,0.50043815,0.38156638,3.03599694,0.90325585,DFCF/东方财富Choice数据,dfcf_vendor_only_unverified_by_exchange
2011-08-31,208.93312611,131.51701562,340.45014173,1.43414425,0.69115725,-0.13705025,-0.10409876,1.29709400,0.38245093,DFCF/东方财富Choice数据,dfcf_vendor_only_unverified_by_exchange
2011-09-01,208.98889032,130.85935843,339.84824875,0.05576421,0.02668998,-0.65765719,-0.50005483,-0.60189298,-0.17679328,DFCF/东方财富Choice数据,dfcf_vendor_only_unverified_by_exchange
2011-09-02,209.01163881,131.43378511,340.44542392,0.02274849,0.01088502,0.57442668,0.43896492,0.59717517,0.17571818,DFCF/东方财富Choice数据,dfcf_vendor_only_unverified_by_exchange
2011-09-05,210.03486998,131.63818271,341.67305269,1.02323117,0.48955703,0.20439760,0.15551374,1.22762877,0.36059488,DFCF/东方财富Choice数据,dfcf_vendor_only_unverified_by_exchange
2011-09-06,210.68944086,131.93017429,342.61961515,0.65457088,0.31164867,0.29199158,0.22181374,0.94656246,0.27703749,DFCF/东方财富Choice数据,dfcf_vendor_only_unverified_by_exchange
2011-09-07,210.42304936,132.43431882,342.85736818,-0.26639150,-0.12643799,0.50414453,0.38212981,0.23775303,0.06939271,DFCF/东方财富Choice数据,dfcf_vendor_only_unverified_by_exchange
2011-09-08,211.14896834,132.59290654,343.74187488,0.72591898,0.34498073,0.15858772,0.11974821,0.88450670,0.25798095,DFCF/东方财富Choice数据,dfcf_vendor_only_unverified_by_exchange
2011-09-09,210.41870266,131.65696545,342.07566811,-0.73026568,-0.34585330,-0.93594109,-0.70587569,-1.66620677,-0.48472615,DFCF/东方财富Choice数据,dfcf_vendor_only_unverified_by_exchange
2011-09-13,211.22136936,131.86217981,343.08354917,0.80266670,0.38146167,0.20521436,0.15587049,1.00788106,0.29463688,DFCF/东方财富Choice数据,dfcf_vendor_only_unverified_by_exchange
2011-09-14,210.50929175,132.16435369,342.67364544,-0.71207761,-0.33712385,0.30217388,0.22915887,-0.40990373,-0.11947636,DFCF/东方财富Choice数据,dfcf_vendor_only_unverified_by_exchange
2011-09-15,209.96390466,131.16137508,341.12527974,-0.54538709,-0.25907982,-1.00297861,-0.75888739,-1.54836570,-0.45184849,DFCF/东方财富Choice数据,dfcf_vendor_only_unverified_by_exchange
2011-09-16,210.20934154,130.75681234,340.96615388,0.24543688,0.11689480,-0.40456274,-0.30844655,-0.15912586,-0.04664734,DFCF/东方财富Choice数据,dfcf_vendor_only_unverified_by_exchange
2011-09-19,211.03835093,130.66855821,341.70690914,0.82900939,0.39437324,-0.08825413,-0.06749486,0.74075526,0.21725184,DFCF/东方财富Choice数据,dfcf_vendor_only_unverified_by_exchange
2011-09-20,211.81592617,130.91791121,342.73383738,0.77757524,0.36845210,0.24935300,0.19082862,1.02692824,0.30052897,DFCF/东方财富Choice数据,dfcf_vendor_only_unverified_by_exchange
2011-09-21,210.80852830,131.27630687,342.08483517,-1.00739787,-0.47560063,0.35839566,0.27375602,-0.64900221,-0.18936041,DFCF/东方财富Choice数据,dfcf_vendor_only_unverified_by_exchange
2011-09-22,214.03223921,131.59347001,345.62570922,3.22371091,1.52921276,0.31716314,0.24159968,3.54087405,1.03508653,DFCF/东方财富Choice数据,dfcf_vendor_only_unverified_by_exchange
2011-09-23,213.59329274,131.30332226,344.89661500,-0.43894647,-0.20508428,-0.29014775,-0.22048795,-0.72909422,-0.21094907,DFCF/东方财富Choice数据,dfcf_vendor_only_unverified_by_exchange
2011-09-26,213.04984798,130.19087690,343.24072488,-0.54344476,-0.25442969,-1.11244536,-0.84723322,-1.65589012,-0.48011202,DFCF/东方财富Choice数据,dfcf_vendor_only_unverified_by_exchange
2011-09-27,214.42994144,130.73222366,345.16216510,1.38009346,0.64777960,0.54134676,0.41581006,1.92144022,0.55979378,DFCF/东方财富Choice数据,dfcf_vendor_only_unverified_by_exchange
2011-09-28,212.85200989,130.01582631,342.86783620,-1.57793155,-0.73587277,-0.71639735,-0.54798835,-2.29432890,-0.66471043,DFCF/东方财富Choice数据,dfcf_vendor_only_unverified_by_exchange
2011-09-29,211.37792643,129.07471669,340.45264312,-1.47408346,-0.69253913,-0.94110962,-0.72384236,-2.41519308,-0.70440935,DFCF/东方财富Choice数据,dfcf_vendor_only_unverified_by_exchange
2011-09-30,206.78257223,127.08054431,333.86311654,-4.59535420,-2.17399909,-1.99417238,-1.54497521,-6.58952658,-1.93551929,DFCF/东方财富Choice数据,dfcf_vendor_only_unverified_by_exchange
2011-10-10,205.00158665,127.49251104,332.49409769,-1.78098558,-0.86128418,0.41196673,0.32417766,-1.36901885,-0.41005394,DFCF/东方财富Choice数据,dfcf_vendor_only_unverified_by_exchange
2011-10-11,203.24309699,128.62806637,331.87116336,-1.75848966,-0.85779320,1.13555533,0.89068395,-0.62293433,-0.18735200,DFCF/东方财富Choice数据,dfcf_vendor_only_unverified_by_exchange
2011-10-12,204.30753257,128.62611420,332.93364677,1.06443558,0.52372533,-0.00195217,-0.00151769,1.06248341,0.32014936,DFCF/东方财富Choice数据,dfcf_vendor_only_unverified_by_exchange
2011-10-13,205.43903238,129.28417090,334.72320328,1.13149981,0.55382188,0.65805670,0.51160428,1.78955651,0.53751146,DFCF/东方财富Choice数据,dfcf_vendor_only_unverified_by_exchange
2011-10-14,204.00802814,129.09298419,333.10101233,-1.43100424,-0.69655908,-0.19118671,-0.14788099,-1.62219095,-0.48463654,DFCF/东方财富Choice数据,dfcf_vendor_only_unverified_by_exchange
2011-10-17,203.00361995,129.59984618,332.60346613,-1.00440819,-0.49233758,0.50686199,0.39263326,-0.49754620,-0.14936796,DFCF/东方财富Choice数据,dfcf_vendor_only_unverified_by_exchange
2011-10-18,202.46908676,129.50558775,331.97467451,-0.53453319,-0.26331215,-0.09425843,-0.07273036,-0.62879162,-0.18905143,DFCF/东方财富Choice数据,dfcf_vendor_only_unverified_by_exchange
2011-10-19,202.42841224,130.32991247,332.75832471,-0.04067452,-0.02008925,0.82432472,0.63651672,0.78365020,0.23605722,DFCF/东方财富Choice数据,dfcf_vendor_only_unverified_by_exchange
2011-10-20,202.74135425,130.15509880,332.89645305,0.31294201,0.15459392,-0.17481367,-0.13413166,0.13812834,0.04151011,DFCF/东方财富Choice数据,dfcf_vendor_only_unverified_by_exchange
2011-10-21,200.77609862,129.67132593,330.44742455,-1.96525563,-0.96934128,-0.48377287,-0.37168953,-2.44902850,-0.73567275,DFCF/东方财富Choice数据,dfcf_vendor_only_unverified_by_exchange
2011-10-24,198.13181984,129.75957595,327.89139579,-2.64427878,-1.31702867,0.08825002,0.06805670,-2.55602876,-0.77350543,DFCF/东方财富Choice数据,dfcf_vendor_only_unverified_by_exchange
2011-10-25,198.57163052,129.47936169,328.05099221,0.43981068,0.22197882,-0.28021426,-0.21594881,0.15959642,0.04867356,DFCF/东方财富Choice数据,dfcf_vendor_only_unverified_by_exchange
2011-10-26,197.86668727,129.95046025,327.81714752,-0.70494325,-0.35500703,0.47109856,0.36384066,-0.23384469,-0.07128303,DFCF/东方财富Choice数据,dfcf_vendor_only_unverified_by_exchange
2011-10-27,199.30731684,130.60104258,329.90835942,1.44062957,0.72808091,0.65058233,0.50063873,2.09121190,0.63792023,DFCF/东方财富Choice数据,dfcf_vendor_only_unverified_by_exchange
2011-10-28,197.49284408,129.94092888,327.43377296,-1.81447276,-0.91038944,-0.66011370,-0.50544290,-2.47458646,-0.75008298,DFCF/东方财富Choice数据,dfcf_vendor_only_unverified_by_exchange
2011-10-31,199.01349449,131.65411635,330.66761084,1.52065041,0.76997747,1.71318747,1.31843560,3.23383788,0.98763113,DFCF/东方财富Choice数据,dfcf_vendor_only_unverified_by_exchange
2011-11-01,200.08002941,133.23204123,333.31207064,1.06653492,0.53591086,1.57792488,1.19853820,2.64445980,0.79973354,DFCF/东方财富Choice数据,dfcf_vendor_only_unverified_by_exchange
2011-11-02,200.94724795,136.73114117,337.67838912,0.86721854,0.43343583,3.49909994,2.62632015,4.36631848,1.30997911,DFCF/东方财富Choice数据,dfcf_vendor_only_unverified_by_exchange
2011-11-03,203.65235328,138.02913329,341.68148657,2.70510533,1.34617685,1.29799212,0.94930248,4.00309745,1.18547635,DFCF/东方财富Choice数据,dfcf_vendor_only_unverified_by_exchange
2011-11-04,204.25574366,139.00032653,343.25607019,0.60339038,0.29628451,0.97119324,0.70361468,1.57458362,0.46083375,DFCF/东方财富Choice数据,dfcf_vendor_only_unverified_by_exchange
2011-11-07,206.93207005,140.27479889,347.20686894,2.67632639,1.31028207,1.27447236,0.91688444,3.95079875,1.15097710,DFCF/东方财富Choice数据,dfcf_vendor_only_unverified_by_exchange
2011-11-08,209.04972932,141.02856843,350.07829775,2.11765927,1.02335963,0.75376954,0.53735207,2.87142881,0.82700807,DFCF/东方财富Choice数据,dfcf_vendor_only_unverified_by_exchange
2011-11-09,211.37377041,143.15725927,354.53102968,2.32404109,1.11171686,2.12869084,1.50940399,4.45273193,1.27192458,DFCF/东方财富Choice数据,dfcf_vendor_only_unverified_by_exchange
2011-11-10,213.82370001,144.02816294,357.85186295,2.44992960,1.15905091,0.87090367,0.60835453,3.32083327,0.93668339,DFCF/东方财富Choice数据,dfcf_vendor_only_unverified_by_exchange
2011-11-11,213.45143945,144.49154144,357.94298089,-0.37226056,-0.17409696,0.46337850,0.32172770,0.09111794,0.02546247,DFCF/东方财富Choice数据,dfcf_vendor_only_unverified_by_exchange
2011-11-14,214.72109836,145.96224492,360.68334328,1.26965891,0.59482331,1.47070348,1.01784746,2.74036239,0.76558629,DFCF/东方财富Choice数据,dfcf_vendor_only_unverified_by_exchange
2011-11-15,216.42895602,147.37211952,363.80107554,1.70785766,0.79538419,1.40987460,0.96591732,3.11773226,0.86439596,DFCF/东方财富Choice数据,dfcf_vendor_only_unverified_by_exchange
2011-11-16,220.79287311,146.91379248,367.70666559,4.36391709,2.01632775,-0.45832704,-0.31099983,3.90559005,1.07355099,DFCF/东方财富Choice数据,dfcf_vendor_only_unverified_by_exchange
2011-11-17,221.10549167,148.06217702,369.16766869,0.31261856,0.14158906,1.14838454,0.78167238,1.46100310,0.39732842,DFCF/东方财富Choice数据,dfcf_vendor_only_unverified_by_exchange
2011-11-18,221.28264632,147.98574694,369.26839326,0.17715465,0.08012223,-0.07643008,-0.05162026,0.10072457,0.02728423,DFCF/东方财富Choice数据,dfcf_vendor_only_unverified_by_exchange
2011-11-21,222.61866663,148.61368697,371.23235360,1.33602031,0.60376190,0.62794003,0.42432467,1.96396034,0.53185173,DFCF/东方财富Choice数据,dfcf_vendor_only_unverified_by_exchange
2011-11-22,223.40596474,148.31573441,371.72169915,0.78729811,0.35365323,-0.29795256,-0.20048797,0.48934555,0.13181651,DFCF/东方财富Choice数据,dfcf_vendor_only_unverified_by_exchange
2011-11-23,223.81342035,147.59468434,371.40810469,0.40745561,0.18238350,-0.72105007,-0.48615885,-0.31359446,-0.08436270,DFCF/东方财富Choice数据,dfcf_vendor_only_unverified_by_exchange
2011-11-24,224.21973306,148.25588906,372.47562212,0.40631271,0.18154082,0.66120472,0.44798681,1.06751743,0.28742438,DFCF/东方财富Choice数据,dfcf_vendor_only_unverified_by_exchange
2011-11-25,224.00850427,148.07127239,372.07977666,-0.21122879,-0.09420616,-0.18461667,-0.12452569,-0.39584546,-0.10627419,DFCF/东方财富Choice数据,dfcf_vendor_only_unverified_by_exchange
2011-11-28,224.94897616,147.15679759,372.10577375,0.94047189,0.41983758,-0.91447480,-0.61759096,0.02599709,0.00698697,DFCF/东方财富Choice数据,dfcf_vendor_only_unverified_by_exchange
2011-11-29,225.18644243,147.20215852,372.38860095,0.23746627,0.10556450,0.04536093,0.03082490,0.28282720,0.07600721,DFCF/东方财富Choice数据,dfcf_vendor_only_unverified_by_exchange
2011-11-30,224.66452028,147.13374663,371.79826691,-0.52192215,-0.23177334,-0.06841189,-0.04647479,-0.59033404,-0.15852635,DFCF/东方财富Choice数据,dfcf_vendor_only_unverified_by_exchange
2011-12-01,222.99466764,147.46957737,370.46424501,-1.66985264,-0.74326495,0.33583074,0.22824862,-1.33402190,-0.35880261,DFCF/东方财富Choice数据,dfcf_vendor_only_unverified_by_exchange
2011-12-02,222.67766625,148.25143259,370.92909884,-0.31700139,-0.14215649,0.78185522,0.53018069,0.46485383,0.12547873,DFCF/东方财富Choice数据,dfcf_vendor_only_unverified_by_exchange
2011-12-05,223.79650562,146.89465254,370.69115816,1.11883937,0.50244795,-1.35678005,-0.91518849,-0.23794068,-0.06414721,DFCF/东方财富Choice数据,dfcf_vendor_only_unverified_by_exchange
2011-12-06,224.13359472,146.07771745,370.21131217,0.33708910,0.15062304,-0.81693509,-0.55613671,-0.47984599,-0.12944630,DFCF/东方财富Choice数据,dfcf_vendor_only_unverified_by_exchange
2011-12-07,224.49261088,146.34557888,370.83818976,0.35901616,0.16017954,0.26786143,0.18336912,0.62687759,0.16932967,DFCF/东方财富Choice数据,dfcf_vendor_only_unverified_by_exchange
2011-12-08,225.28992922,147.20546052,372.49538974,0.79731834,0.35516463,0.85988164,0.58756926,1.65719998,0.44687954,DFCF/东方财富Choice数据,dfcf_vendor_only_unverified_by_exchange
2011-12-09,225.07138358,147.20753441,372.27891799,-0.21854564,-0.09700640,0.00207389,0.00140884,-0.21647175,-0.05811394,DFCF/东方财富Choice数据,dfcf_vendor_only_unverified_by_exchange
2011-12-12,225.25065787,147.29285967,372.54351754,0.17927429,0.07965219,0.08532526,0.05796256,0.26459955,0.07107562,DFCF/东方财富Choice数据,dfcf_vendor_only_unverified_by_exchange
2011-12-13,226.43584951,146.78977610,373.22562561,1.18519164,0.52616567,-0.50308357,-0.34155326,0.68210807,0.18309487,DFCF/东方财富Choice数据,dfcf_vendor_only_unverified_by_exchange
2011-12-14,227.10676753,146.35045474,373.45722227,0.67091802,0.29629496,-0.43932136,-0.29928608,0.23159666,0.06205272,DFCF/东方财富Choice数据,dfcf_vendor_only_unverified_by_exchange
2011-12-15,228.29426940,143.98566332,372.27993272,1.18750187,0.52288264,-2.36479142,-1.61584153,-1.17728955,-0.31524080,DFCF/东方财富Choice数据,dfcf_vendor_only_unverified_by_exchange
2011-12-16,229.60970432,144.34928167,373.95898599,1.31543492,0.57620146,0.36361835,0.25253789,1.67905327,0.45101901,DFCF/东方财富Choice数据,dfcf_vendor_only_unverified_by_exchange
2011-12-19,231.60945470,145.32109491,376.93054961,1.99975038,0.87093461,0.97181324,0.67323732,2.97156362,0.79462287,DFCF/东方财富Choice数据,dfcf_vendor_only_unverified_by_exchange
2011-12-20,232.15304975,145.88450315,378.03755290,0.54359505,0.23470331,0.56340824,0.38769887,1.10700329,0.29368893,DFCF/东方财富Choice数据,dfcf_vendor_only_unverified_by_exchange
2011-12-21,232.13182571,145.00723775,377.13906346,-0.02122404,-0.00914226,-0.87726540,-0.60134242,-0.89848944,-0.23767201,DFCF/东方财富Choice数据,dfcf_vendor_only_unverified_by_exchange
2011-12-22,231.56209497,145.17206844,376.73416341,-0.56973074,-0.24543414,0.16483069,0.11367066,-0.40490005,-0.10736094,DFCF/东方财富Choice数据,dfcf_vendor_only_unverified_by_exchange
2011-12-23,230.22628028,144.60648265,374.83276293,-1.33581469,-0.57687105,-0.56558579,-0.38959684,-1.90140048,-0.50470615,DFCF/东方财富Choice数据,dfcf_vendor_only_unverified_by_exchange
2011-12-26,230.97117469,144.58798084,375.55915553,0.74489441,0.32354882,-0.01850181,-0.01279459,0.72639260,0.19379112,DFCF/东方财富Choice数据,dfcf_vendor_only_unverified_by_exchange
2011-12-27,231.25457645,145.08634560,376.34092205,0.28340176,0.12270006,0.49836476,0.34467924,0.78176652,0.20816069,DFCF/东方财富Choice数据,dfcf_vendor_only_unverified_by_exchange
2011-12-28,232.27075749,145.04892326,377.31968075,1.01618104,0.43942094,-0.03742234,-0.02579315,0.97875870,0.26007236,DFCF/东方财富Choice数据,dfcf_vendor_only_unverified_by_exchange
2011-12-29,232.61484479,145.28578304,377.90062783,0.34408730,0.14814060,0.23685978,0.16329648,0.58094708,0.15396681,DFCF/东方财富Choice数据,dfcf_vendor_only_unverified_by_exchange
2011-12-30,231.63493473,143.84270396,375.47763869,-0.97991006,-0.42125861,-1.44307908,-0.99326930,-2.42298914,-0.64117098,DFCF/东方财富Choice数据,dfcf_vendor_only_unverified_by_exchange
2012-01-04,230.86161879,143.83321979,374.69483858,-0.77331594,-0.33385117,-0.00948417,-0.00659343,-0.78280011,-0.20848115,DFCF/东方财富Choice数据,dfcf_vendor_only_unverified_by_exchange
2012-01-05,228.71007499,142.34031728,371.05039227,-2.15154380,-0.93196254,-1.49290251,-1.03793999,-3.64444631,-0.97264385,DFCF/东方财富Choice数据,dfcf_vendor_only_unverified_by_exchange
2012-01-06,229.74795499,141.82755964,371.57551463,1.03788000,0.45379724,-0.51275764,-0.36023359,0.52512236,0.14152319,DFCF/东方财富Choice数据,dfcf_vendor_only_unverified_by_exchange
2012-01-09,228.53440665,139.66086772,368.19527437,-1.21354834,-0.52820855,-2.16669192,-1.52769456,-3.38024026,-0.90970479,DFCF/东方财富Choice数据,dfcf_vendor_only_unverified_by_exchange
2012-01-10,227.73950655,138.36347686,366.10298341,-0.79490010,-0.34782513,-1.29739086,-0.92895804,-2.09229096,-0.56825579,DFCF/东方财富Choice数据,dfcf_vendor_only_unverified_by_exchange
2012-01-11,228.69720240,138.49374237,367.19094477,0.95769585,0.42052249,0.13026551,0.09414732,1.08796136,0.29717358,DFCF/东方财富Choice数据,dfcf_vendor_only_unverified_by_exchange
2012-01-12,227.81226572,137.91890433,365.73117005,-0.88493668,-0.38694688,-0.57483804,-0.41506427,-1.45977472,-0.39755194,DFCF/东方财富Choice数据,dfcf_vendor_only_unverified_by_exchange
2012-01-13,226.74391245,136.57693471,363.32084716,-1.06835327,-0.46896214,-1.34196962,-0.97301354,-2.41032289,-0.65904224,DFCF/东方财富Choice数据,dfcf_vendor_only_unverified_by_exchange
2012-01-16,226.38911372,136.00797493,362.39708865,-0.35479873,-0.15647553,-0.56895978,-0.41658555,-0.92375851,-0.25425420,DFCF/东方财富Choice数据,dfcf_vendor_only_unverified_by_exchange
2012-01-17,225.82606058,135.54355726,361.36961784,-0.56305314,-0.24871034,-0.46441767,-0.34146356,-1.02747081,-0.28352071,DFCF/东方财富Choice数据,dfcf_vendor_only_unverified_by_exchange
2012-01-18,225.64638461,135.42889550,361.07528011,-0.17967597,-0.07956388,-0.11466176,-0.08459403,-0.29433773,-0.08145060,DFCF/东方财富Choice数据,dfcf_vendor_only_unverified_by_exchange
2012-01-19,221.61798417,132.67832886,354.29631303,-4.02840044,-1.78527143,-2.75056664,-2.03100426,-6.77896708,-1.87743871,DFCF/东方财富Choice数据,dfcf_vendor_only_unverified_by_exchange
2012-01-20,210.88647331,126.80614198,337.69261529,-10.73151086,-4.84234657,-5.87218688,-4.42588246,-16.60369774,-4.68638739,DFCF/东方财富Choice数据,dfcf_vendor_only_unverified_by_exchange
2012-01-30,216.53344631,128.96393162,345.49737793,5.64697300,2.67773125,2.15778964,1.70164442,7.80476264,2.31120323,DFCF/东方财富Choice数据,dfcf_vendor_only_unverified_by_exchange
2012-01-31,220.14346641,129.66983775,349.81330416,3.61002010,1.66718822,0.70590613,0.54736710,4.31592623,1.24919218,DFCF/东方财富Choice数据,dfcf_vendor_only_unverified_by_exchange
2012-02-01,223.66485298,129.56172646,353.22657944,3.52138657,1.59958714,-0.10811129,-0.08337428,3.41327528,0.97574199,DFCF/东方财富Choice数据,dfcf_vendor_only_unverified_by_exchange
2012-02-02,223.96236472,130.17273902,354.13510374,0.29751174,0.13301676,0.61101256,0.47159958,0.90852430,0.25720723,DFCF/东方财富Choice数据,dfcf_vendor_only_unverified_by_exchange
2012-02-03,225.15446802,128.80264115,353.95710917,1.19210330,0.53227840,-1.37009787,-1.05252289,-0.17799457,-0.05026177,DFCF/东方财富Choice数据,dfcf_vendor_only_unverified_by_exchange
2012-02-06,227.84517940,130.14081536,357.98599476,2.69071138,1.19505129,1.33817421,1.03893383,4.02888559,1.13824118,DFCF/东方财富Choice数据,dfcf_vendor_only_unverified_by_exchange
2012-02-07,233.13248252,131.66971324,364.80219576,5.28730312,2.32056835,1.52889788,1.17480275,6.81620100,1.90404125,DFCF/东方财富Choice数据,dfcf_vendor_only_unverified_by_exchange
2012-02-08,233.04347745,131.08546344,364.12894089,-0.08900507,-0.03817789,-0.58424980,-0.44372376,-0.67325487,-0.18455340,DFCF/东方财富Choice数据,dfcf_vendor_only_unverified_by_exchange
2012-02-09,233.64280534,129.79377269,363.43657803,0.59932789,0.25717428,-1.29169075,-0.98538062,-0.69236286,-0.19014222,DFCF/东方财富Choice数据,dfcf_vendor_only_unverified_by_exchange
2012-02-10,231.86699954,130.39707139,362.26407093,-1.77580580,-0.76005157,0.60329870,0.46481329,-1.17250710,-0.32261670,DFCF/东方财富Choice数据,dfcf_vendor_only_unverified_by_exchange
2012-02-13,236.08213305,131.79152741,367.87366046,4.21513351,1.81791006,1.39445602,1.06939213,5.60958953,1.54848079,DFCF/东方财富Choice数据,dfcf_vendor_only_unverified_by_exchange
2012-02-14,238.60965648,132.26235960,370.87201608,2.52752343,1.07061191,0.47083219,0.35725528,2.99835562,0.81505037,DFCF/东方财富Choice数据,dfcf_vendor_only_unverified_by_exchange
2012-02-15,241.79753364,132.56686475,374.36439839,3.18787716,1.33602186,0.30450515,0.23022812,3.49238231,0.94166779,DFCF/东方财富Choice数据,dfcf_vendor_only_unverified_by_exchange
2012-02-16,244.91754154,133.43043362,378.34797516,3.12000790,1.29033901,0.86356887,0.65142136,3.98357677,1.06409071,DFCF/东方财富Choice数据,dfcf_vendor_only_unverified_by_exchange
2012-02-17,244.78237341,133.39129868,378.17367209,-0.13516813,-0.05518924,-0.03913494,-0.02932985,-0.17430307,-0.04606951,DFCF/东方财富Choice数据,dfcf_vendor_only_unverified_by_exchange
2012-02-20,247.72829932,133.79546997,381.52376929,2.94592591,1.20348776,0.40417129,0.30299674,3.35009720,0.88586209,DFCF/东方财富Choice数据,dfcf_vendor_only_unverified_by_exchange
2012-02-21,249.69797018,133.64373416,383.34170434,1.96967086,0.79509320,-0.15173581,-0.11340878,1.81793505,0.47649326,DFCF/东方财富Choice数据,dfcf_vendor_only_unverified_by_exchange
2012-02-22,252.23728541,132.77608718,385.01337259,2.53931523,1.01695469,-0.86764698,-0.64922384,1.67166825,0.43607785,DFCF/东方财富Choice数据,dfcf_vendor_only_unverified_by_exchange
2012-02-23,255.09973452,132.30988397,387.40961849,2.86244911,1.13482394,-0.46620321,-0.35111986,2.39624590,0.62237991,DFCF/东方财富Choice数据,dfcf_vendor_only_unverified_by_exchange
2012-02-24,256.07219924,129.57234523,385.64454447,0.97246472,0.38120962,-2.73753874,-2.06903570,-1.76507402,-0.45560924,DFCF/东方财富Choice数据,dfcf_vendor_only_unverified_by_exchange
2012-02-27,259.53096751,129.91121092,389.44217843,3.45876827,1.35070042,0.33886569,0.26152625,3.79763396,0.98474982,DFCF/东方财富Choice数据,dfcf_vendor_only_unverified_by_exchange
2012-02-28,261.73607268,131.91068389,393.64675657,2.20510517,0.84965012,1.99947297,1.53910733,4.20457814,1.07964118,DFCF/东方财富Choice数据,dfcf_vendor_only_unverified_by_exchange
2012-02-29,264.21186475,133.38286569,397.59473044,2.47579207,0.94591168,1.47218180,1.11604440,3.94797387,1.00292300,DFCF/东方财富Choice数据,dfcf_vendor_only_unverified_by_exchange
2012-03-01,266.93098407,136.65131507,403.58229914,2.71911932,1.02914353,3.26844938,2.45042672,5.98756870,1.50594770,DFCF/东方财富Choice数据,dfcf_vendor_only_unverified_by_exchange
2012-03-02,270.48735068,137.48171989,407.96907057,3.55636661,1.33231690,0.83040482,0.60768154,4.38677143,1.08695833,DFCF/东方财富Choice数据,dfcf_vendor_only_unverified_by_exchange
2012-03-05,275.45673775,139.03628983,414.49302758,4.96938707,1.83719758,1.55456994,1.13074665,6.52395701,1.59913030,DFCF/东方财富Choice数据,dfcf_vendor_only_unverified_by_exchange
2012-03-06,279.25437822,140.70539103,419.95976925,3.79764047,1.37867039,1.66910120,1.20047881,5.46674167,1.31889834,DFCF/东方财富Choice数据,dfcf_vendor_only_unverified_by_exchange
2012-03-07,283.22835473,140.62025201,423.84860674,3.97397651,1.42306686,-0.08513902,-0.06050871,3.88883749,0.92600239,DFCF/东方财富Choice数据,dfcf_vendor_only_unverified_by_exchange
2012-03-08,285.53279578,141.54113104,427.07392682,2.30444105,0.81363360,0.92087903,0.65486942,3.22532008,0.76096041,DFCF/东方财富Choice数据,dfcf_vendor_only_unverified_by_exchange
2012-03-09,286.98907823,142.03873413,429.02781236,1.45628245,0.51002283,0.49760309,0.35156077,1.95388554,0.45750523,DFCF/东方财富Choice数据,dfcf_vendor_only_unverified_by_exchange
2012-03-12,293.13541336,144.63758339,437.77299675,6.14633513,2.14166169,2.59884926,1.82967644,8.74518439,2.03837237,DFCF/东方财富Choice数据,dfcf_vendor_only_unverified_by_exchange
2012-03-13,295.06123404,146.51863365,441.57986769,1.92582068,0.65697305,1.88105026,1.30052661,3.80687094,0.86959931,DFCF/东方财富Choice数据,dfcf_vendor_only_unverified_by_exchange
2012-03-14,299.62495014,147.28003694,446.90498708,4.56371610,1.54670135,0.76140329,0.51966311,5.32511939,1.20592440,DFCF/东方财富Choice数据,dfcf_vendor_only_unverified_by_exchange
2012-03-15,300.30622336,147.97565679,448.28188015,0.68127322,0.22737533,0.69561985,0.47231102,1.37689307,0.30809526,DFCF/东方财富Choice数据,dfcf_vendor_only_unverified_by_exchange
2012-03-16,300.40251162,147.43837111,447.84088273,0.09628826,0.03206336,-0.53728568,-0.36309059,-0.44099742,-0.09837503,DFCF/东方财富Choice数据,dfcf_vendor_only_unverified_by_exchange
2012-03-19,305.89579776,149.57800958,455.47380734,5.49328614,1.82864188,2.13963847,1.45120870,7.63292461,1.70438316,DFCF/东方财富Choice数据,dfcf_vendor_only_unverified_by_exchange
2012-03-20,308.81415456,150.48940749,459.30356205,2.91835680,0.95403625,0.91139791,0.60931277,3.82975471,0.84082875,DFCF/东方财富Choice数据,dfcf_vendor_only_unverified_by_exchange
2012-03-21,311.84318827,151.69146280,463.53465107,3.02903371,0.98085974,1.20205531,0.79876407,4.23108902,0.92119665,DFCF/东方财富Choice数据,dfcf_vendor_only_unverified_by_exchange
2012-03-22,312.58610141,152.26853537,464.85463678,0.74291314,0.23823292,0.57707257,0.38042521,1.31998571,0.28476527,DFCF/东方财富Choice数据,dfcf_vendor_only_unverified_by_exchange
2012-03-23,313.24525878,151.86178576,465.10704454,0.65915737,0.21087226,-0.40674961,-0.26712650,0.25240776,0.05429821,DFCF/东方财富Choice数据,dfcf_vendor_only_unverified_by_exchange
2012-03-26,313.10255462,152.37668408,465.47923870,-0.14270416,-0.04555669,0.51489832,0.33905720,0.37219416,0.08002333,DFCF/东方财富Choice数据,dfcf_vendor_only_unverified_by_exchange
2012-03-27,316.52995174,152.12031913,468.65027087,3.42739712,1.09465639,-0.25636495,-0.16824421,3.17103217,0.68124030,DFCF/东方财富Choice数据,dfcf_vendor_only_unverified_by_exchange
2012-03-28,317.25359177,152.59609534,469.84968711,0.72364003,0.22861661,0.47577621,0.31276309,1.19941624,0.25592992,DFCF/东方财富Choice数据,dfcf_vendor_only_unverified_by_exchange
2012-03-29,314.66692094,152.39555959,467.06248053,-2.58667083,-0.81533224,-0.20053575,-0.13141604,-2.78720658,-0.59321239,DFCF/东方财富Choice数据,dfcf_vendor_only_unverified_by_exchange
2012-03-30,308.55059829,150.38617123,458.93676952,-6.11632265,-1.94374503,-2.00938836,-1.31853472,-8.12571101,-1.73974818,DFCF/东方财富Choice数据,dfcf_vendor_only_unverified_by_exchange
2012-04-05,310.36889547,151.49580217,461.86469764,1.81829718,0.58930276,1.10963094,0.73785437,2.92792812,0.63798072,DFCF/东方财富Choice数据,dfcf_vendor_only_unverified_by_exchange
2012-04-06,312.03189503,151.84604492,463.87793995,1.66299956,0.53581386,0.35024275,0.23118974,2.01324231,0.43589439,DFCF/东方财富Choice数据,dfcf_vendor_only_unverified_by_exchange
2012-04-09,313.12683905,151.36573268,464.49257173,1.09494402,0.35090772,-0.48031224,-0.31631528,0.61463178,0.13249860,DFCF/东方财富Choice数据,dfcf_vendor_only_unverified_by_exchange
2012-04-10,313.15108010,150.80301398,463.95409408,0.02424105,0.00774161,-0.56271870,-0.37176096,-0.53847765,-0.11592815,DFCF/东方财富Choice数据,dfcf_vendor_only_unverified_by_exchange
2012-04-11,316.50530805,151.39072889,467.89603694,3.35422795,1.07112131,0.58771491,0.38972358,3.94194286,0.84964071,DFCF/东方财富Choice数据,dfcf_vendor_only_unverified_by_exchange
2012-04-12,316.58371384,150.53149234,467.11520618,0.07840579,0.02477235,-0.85923655,-0.56756220,-0.78083076,-0.16688125,DFCF/东方财富Choice数据,dfcf_vendor_only_unverified_by_exchange
2012-04-13,313.21457781,150.48735540,463.70193321,-3.36913603,-1.06421647,-0.04413694,-0.02932074,-3.41327297,-0.73071331,DFCF/东方财富Choice数据,dfcf_vendor_only_unverified_by_exchange
2012-04-16,315.51930384,151.82829560,467.34759944,2.30472603,0.73582975,1.34094020,0.89106503,3.64566623,0.78620898,DFCF/东方财富Choice数据,dfcf_vendor_only_unverified_by_exchange
2012-04-17,317.01763328,153.25896277,470.27659605,1.49832944,0.47487726,1.43066717,0.94229285,2.92899661,0.62672765,DFCF/东方财富Choice数据,dfcf_vendor_only_unverified_by_exchange
2012-04-18,317.13063485,153.23573621,470.36637106,0.11300157,0.03564520,-0.02322656,-0.01515511,0.08977501,0.01908983,DFCF/东方财富Choice数据,dfcf_vendor_only_unverified_by_exchange
2012-04-19,317.63708953,153.64446638,471.28155591,0.50645468,0.15969907,0.40873017,0.26673293,0.91518485,0.19456851,DFCF/东方财富Choice数据,dfcf_vendor_only_unverified_by_exchange
2012-04-20,316.97962487,153.63184521,470.61147008,-0.65746466,-0.20698611,-0.01262117,-0.00821453,-0.67008583,-0.14218376,DFCF/东方财富Choice数据,dfcf_vendor_only_unverified_by_exchange
2012-04-23,319.19290664,155.26699464,474.45990128,2.21328177,0.69824102,1.63514943,1.06432975,3.84843120,0.81775125,DFCF/东方财富Choice数据,dfcf_vendor_only_unverified_by_exchange
2012-04-24,318.86526859,156.69279002,475.55805861,-0.32763805,-0.10264578,1.42579538,0.91828620,1.09815733,0.23145419,DFCF/东方财富Choice数据,dfcf_vendor_only_unverified_by_exchange
2012-04-25,320.22808570,156.43305399,476.66113969,1.36281711,0.42739591,-0.25973603,-0.16576132,1.10308108,0.23195508,DFCF/东方财富Choice数据,dfcf_vendor_only_unverified_by_exchange
2012-04-26,322.07563433,155.06229959,477.13793392,1.84754863,0.57694772,-1.37075440,-0.87625624,0.47679423,0.10002792,DFCF/东方财富Choice数据,dfcf_vendor_only_unverified_by_exchange
2012-04-27,319.96092316,153.99406399,473.95498715,-2.11471117,-0.65658837,-1.06823560,-0.68890736,-3.18294677,-0.66709154,DFCF/东方财富Choice数据,dfcf_vendor_only_unverified_by_exchange
2012-05-02,323.74252299,152.88552485,476.62804784,3.78159983,1.18189427,-1.10853914,-0.71985836,2.67306069,0.56399041,DFCF/东方财富Choice数据,dfcf_vendor_only_unverified_by_exchange
2012-05-03,329.14444024,153.74172906,482.88616930,5.40191725,1.66858440,0.85620421,0.56002961,6.25812146,1.31299899,DFCF/东方财富Choice数据,dfcf_vendor_only_unverified_by_exchange
2012-05-04,329.29079712,153.73030363,483.02110075,0.14635688,0.04446585,-0.01142543,-0.00743157,0.13493145,0.02794270,DFCF/东方财富Choice数据,dfcf_vendor_only_unverified_by_exchange
2012-05-07,334.67500884,155.29439264,489.96940148,5.38421172,1.63509329,1.56408901,1.01742400,6.94830073,1.43850874,DFCF/东方财富Choice数据,dfcf_vendor_only_unverified_by_exchange
2012-05-08,338.93622504,157.17186052,496.10808556,4.26121620,1.27324004,1.87746788,1.20897339,6.13868408,1.25287091,DFCF/东方财富Choice数据,dfcf_vendor_only_unverified_by_exchange
2012-05-09,344.51948648,159.37351440,503.89300088,5.58326144,1.64728968,2.20165388,1.40079393,7.78491532,1.56919743,DFCF/东方财富Choice数据,dfcf_vendor_only_unverified_by_exchange
2012-05-10,350.40860645,160.09309050,510.50169695,5.88911997,1.70937210,0.71957610,0.45150294,6.60869607,1.31152766,DFCF/东方财富Choice数据,dfcf_vendor_only_unverified_by_exchange
2012-05-11,351.15705765,160.79168957,511.94874722,0.74845120,0.21359384,0.69859907,0.43637053,1.44705027,0.28345651,DFCF/东方财富Choice数据,dfcf_vendor_only_unverified_by_exchange
2012-05-14,356.28803242,162.18025756,518.46828998,5.13097477,1.46116237,1.38856799,0.86358194,6.51954276,1.27347567,DFCF/东方财富Choice数据,dfcf_vendor_only_unverified_by_exchange
2012-05-15,361.52562663,162.37897432,523.90460095,5.23759421,1.47004494,0.19871676,0.12252833,5.43631097,1.04853297,DFCF/东方财富Choice数据,dfcf_vendor_only_unverified_by_exchange
2012-05-16,367.79217694,163.44963669,531.24181363,6.26655031,1.73336269,1.07066237,0.65936022,7.33721268,1.40048640,DFCF/东方财富Choice数据,dfcf_vendor_only_unverified_by_exchange
2012-05-17,367.87680964,164.78828847,532.66509811,0.08463270,0.02301101,1.33865178,0.81899954,1.42328448,0.26791650,DFCF/东方财富Choice数据,dfcf_vendor_only_unverified_by_exchange
2012-05-18,368.21357488,164.16161062,532.37518550,0.33676524,0.09154294,-0.62667785,-0.38029271,-0.28991261,-0.05442681,DFCF/东方财富Choice数据,dfcf_vendor_only_unverified_by_exchange
2012-05-21,371.26490787,165.43774115,536.70264902,3.05133299,0.82868563,1.27613053,0.77736234,4.32746352,0.81285973,DFCF/东方财富Choice数据,dfcf_vendor_only_unverified_by_exchange
2012-05-22,370.79833553,166.04680902,536.84514455,-0.46657234,-0.12567100,0.60906787,0.36815533,0.14249553,0.02655018,DFCF/东方财富Choice数据,dfcf_vendor_only_unverified_by_exchange
2012-05-23,370.72055664,167.32560773,538.04616437,-0.07777889,-0.02097606,1.27879871,0.77014350,1.20101982,0.22371811,DFCF/东方财富Choice数据,dfcf_vendor_only_unverified_by_exchange
2012-05-24,375.28312047,169.78998931,545.07310978,4.56256383,1.23072858,2.46438158,1.47280599,7.02694541,1.30601162,DFCF/东方财富Choice数据,dfcf_vendor_only_unverified_by_exchange
2012-05-25,375.35963602,169.91575857,545.27539459,0.07651555,0.02038875,0.12576926,0.07407342,0.20228481,0.03711150,DFCF/东方财富Choice数据,dfcf_vendor_only_unverified_by_exchange
2012-05-28,375.98761062,169.70650181,545.69411243,0.62797460,0.16729945,-0.20925676,-0.12315324,0.41871784,0.07679016,DFCF/东方财富Choice数据,dfcf_vendor_only_unverified_by_exchange
2012-05-29,376.76358273,169.30025456,546.06383729,0.77597211,0.20638236,-0.40624725,-0.23938225,0.36972486,0.06775313,DFCF/东方财富Choice数据,dfcf_vendor_only_unverified_by_exchange
2012-05-30,379.85520066,170.50560321,550.36080387,3.09161793,0.82057239,1.20534865,0.71195915,4.29696658,0.78689821,DFCF/东方财富Choice数据,dfcf_vendor_only_unverified_by_exchange
2012-05-31,383.63704389,174.06889226,557.70593615,3.78184323,0.99560128,3.56328905,2.08983692,7.34513228,1.33460309,DFCF/东方财富Choice数据,dfcf_vendor_only_unverified_by_exchange
2012-06-01,383.93016442,173.95754909,557.88771351,0.29312053,0.07640569,-0.11134317,-0.06396500,0.18177736,0.03259376,DFCF/东方财富Choice数据,dfcf_vendor_only_unverified_by_exchange
2012-06-04,392.01386102,174.95669705,566.97055807,8.08369660,2.10551224,0.99914796,0.57436309,9.08284456,1.62807754,DFCF/东方财富Choice数据,dfcf_vendor_only_unverified_by_exchange
2012-06-05,393.41792121,176.63975032,570.05767153,1.40406019,0.35816596,1.68305327,0.96198276,3.08711346,0.54449273,DFCF/东方财富Choice数据,dfcf_vendor_only_unverified_by_exchange
2012-06-06,395.85278444,177.29895124,573.15173568,2.43486323,0.61889993,0.65920092,0.37318945,3.09406415,0.54276336,DFCF/东方财富Choice数据,dfcf_vendor_only_unverified_by_exchange
2012-06-07,398.24344326,176.51646926,574.75991252,2.39065882,0.60392624,-0.78248198,-0.44133480,1.60817684,0.28058483,DFCF/东方财富Choice数据,dfcf_vendor_only_unverified_by_exchange
2012-06-08,397.19820736,176.04057348,573.23878084,-1.04523590,-0.26246155,-0.47589578,-0.26960418,-1.52113168,-0.26465515,DFCF/东方财富Choice数据,dfcf_vendor_only_unverified_by_exchange
2012-06-11,399.15091233,177.29968883,576.45060116,1.95270497,0.49161978,1.25911535,0.71524156,3.21182032,0.56029362,DFCF/东方财富Choice数据,dfcf_vendor_only_unverified_by_exchange
2012-06-12,401.18853209,177.40283946,578.59137155,2.03761976,0.51048856,0.10315063,0.05817869,2.14077039,0.37137100,DFCF/东方财富Choice数据,dfcf_vendor_only_unverified_by_exchange
2012-06-13,403.66154559,178.22191025,581.88345584,2.47301350,0.61642178,0.81907079,0.46170106,3.29208429,0.56898261,DFCF/东方财富Choice数据,dfcf_vendor_only_unverified_by_exchange
2012-06-14,404.63725268,177.81342352,582.45067620,0.97570709,0.24171415,-0.40848673,-0.22920118,0.56722036,0.09748006,DFCF/东方财富Choice数据,dfcf_vendor_only_unverified_by_exchange
2012-06-15,404.24538156,178.65357786,582.89895942,-0.39187112,-0.09684504,0.84015434,0.47249208,0.44828322,0.07696501,DFCF/东方财富Choice数据,dfcf_vendor_only_unverified_by_exchange
2012-06-18,407.74082626,180.68119897,588.42202523,3.49544470,0.86468389,2.02762111,1.13494571,5.52306581,0.94751684,DFCF/东方财富Choice数据,dfcf_vendor_only_unverified_by_exchange
2012-06-19,409.59301472,181.33498376,590.92799848,1.85218846,0.45425632,0.65378479,0.36184439,2.50597325,0.42588026,DFCF/东方财富Choice数据,dfcf_vendor_only_unverified_by_exchange
2012-06-20,409.71366211,181.68924195,591.40290406,0.12064739,0.02945543,0.35425819,0.19536119,0.47490558,0.08036607,DFCF/东方财富Choice数据,dfcf_vendor_only_unverified_by_exchange
2012-06-21,412.16039765,182.46649449,594.62689214,2.44673554,0.59718183,0.77725254,0.42779227,3.22398808,0.54514242,DFCF/东方财富Choice数据,dfcf_vendor_only_unverified_by_exchange
2012-06-25,413.28073117,183.70990168,596.99063285,1.12033352,0.27181979,1.24340719,0.68144412,2.36374071,0.39751662,DFCF/东方财富Choice数据,dfcf_vendor_only_unverified_by_exchange
2012-06-26,413.66843299,184.41315073,598.08158372,0.38770182,0.09381077,0.70324905,0.38280411,1.09095087,0.18274171,DFCF/东方财富Choice数据,dfcf_vendor_only_unverified_by_exchange
2012-06-27,414.52187393,184.99659555,599.51846948,0.85344094,0.20631039,0.58344482,0.31637918,1.43688576,0.24024912,DFCF/东方财富Choice数据,dfcf_vendor_only_unverified_by_exchange
2012-06-28,415.54211158,184.98084910,600.52296068,1.02023765,0.24612396,-0.01574645,-0.00851175,1.00449120,0.16754967,DFCF/东方财富Choice数据,dfcf_vendor_only_unverified_by_exchange
2012-06-29,413.52503305,184.85683824,598.38187129,-2.01707853,-0.48540893,-0.12401086,-0.06703984,-2.14108939,-0.35653747,DFCF/东方财富Choice数据,dfcf_vendor_only_unverified_by_exchange
2012-07-02,416.51551679,186.51902666,603.03454345,2.99048374,0.72316873,1.66218842,0.89917605,4.65267216,0.77754230,DFCF/东方财富Choice数据,dfcf_vendor_only_unverified_by_exchange
2012-07-03,417.75297474,187.77738229,605.53035703,1.23745795,0.29709768,1.25835563,0.67465269,2.49581358,0.41387572,DFCF/东方财富Choice数据,dfcf_vendor_only_unverified_by_exchange
2012-07-04,419.79741991,188.00585826,607.80327817,2.04444517,0.48939093,0.22847597,0.12167385,2.27292114,0.37536040,DFCF/东方财富Choice数据,dfcf_vendor_only_unverified_by_exchange
2012-07-05,419.80089686,188.08020262,607.88109948,0.00347695,0.00082824,0.07434436,0.03954364,0.07782131,0.01280370,DFCF/东方财富Choice数据,dfcf_vendor_only_unverified_by_exchange
2012-07-06,420.71500783,188.39059484,609.10560267,0.91411097,0.21774869,0.31039222,0.16503184,1.22450319,0.20143794,DFCF/东方财富Choice数据,dfcf_vendor_only_unverified_by_exchange
2012-07-09,424.33217425,188.60924852,612.94142277,3.61716642,0.85976643,0.21865368,0.11606401,3.83582010,0.62974632,DFCF/东方财富Choice数据,dfcf_vendor_only_unverified_by_exchange
2012-07-10,426.77890401,189.64125689,616.42016090,2.44672976,0.57660717,1.03200837,0.54716743,3.47873813,0.56754822,DFCF/东方财富Choice数据,dfcf_vendor_only_unverified_by_exchange
2012-07-11,427.63477754,190.19530763,617.83008517,0.85587353,0.20054260,0.55405074,0.29215728,1.40992427,0.22872780,DFCF/东方财富Choice数据,dfcf_vendor_only_unverified_by_exchange
2012-07-12,429.58440250,190.81662715,620.40102965,1.94962496,0.45590889,0.62131952,0.32667447,2.57094448,0.41612484,DFCF/东方财富Choice数据,dfcf_vendor_only_unverified_by_exchange
2012-07-13,429.95301769,191.39246471,621.34548240,0.36861519,0.08580740,0.57583756,0.30177536,0.94445275,0.15223262,DFCF/东方财富Choice数据,dfcf_vendor_only_unverified_by_exchange
2012-07-16,429.54857532,192.19929226,621.74786758,-0.40444237,-0.09406664,0.80682755,0.42155659,0.40238518,0.06476030,DFCF/东方财富Choice数据,dfcf_vendor_only_unverified_by_exchange
2012-07-17,428.50583006,193.17075167,621.67658173,-1.04274526,-0.24275375,0.97145941,0.50544380,-0.07128585,-0.01146540,DFCF/东方财富Choice数据,dfcf_vendor_only_unverified_by_exchange
2012-07-18,430.01260903,194.83586632,624.84847535,1.50677897,0.35163558,1.66511465,0.86199108,3.17189362,0.51021604,DFCF/东方财富Choice数据,dfcf_vendor_only_unverified_by_exchange
2012-07-19,431.33376716,192.61723330,623.95100046,1.32115813,0.30723707,-2.21863302,-1.13871900,-0.89747489,-0.14363080,DFCF/东方财富Choice数据,dfcf_vendor_only_unverified_by_exchange
2012-07-20,432.93277130,193.28455802,626.21732932,1.59900414,0.37071156,0.66732472,0.34645120,2.26632886,0.36322225,DFCF/东方财富Choice数据,dfcf_vendor_only_unverified_by_exchange
2012-07-23,435.20903617,194.28958361,629.49861978,2.27626487,0.52577791,1.00502559,0.51997200,3.28129046,0.52398589,DFCF/东方财富Choice数据,dfcf_vendor_only_unverified_by_exchange
2012-07-24,436.73831708,194.65925042,631.39756750,1.52928091,0.35138997,0.36966681,0.19026589,1.89894772,0.30166035,DFCF/东方财富Choice数据,dfcf_vendor_only_unverified_by_exchange
2012-07-25,436.28637939,194.12188975,630.40826914,-0.45193769,-0.10348020,-0.53736067,-0.27605196,-0.98929836,-0.15668390,DFCF/东方财富Choice数据,dfcf_vendor_only_unverified_by_exchange
2012-07-26,436.05874770,195.20965876,631.26840646,-0.22763169,-0.05217483,1.08776901,0.56035361,0.86013732,0.13644131,DFCF/东方财富Choice数据,dfcf_vendor_only_unverified_by_exchange
2012-07-27,435.46606535,193.85183944,629.31790479,-0.59268235,-0.13591800,-1.35781932,-0.69556974,-1.95050167,-0.30898135,DFCF/东方财富Choice数据,dfcf_vendor_only_unverified_by_exchange
2012-07-30,436.00788260,193.77838914,629.78627174,0.54181725,0.12442238,-0.07345030,-0.03788992,0.46836695,0.07442454,DFCF/东方财富Choice数据,dfcf_vendor_only_unverified_by_exchange
2012-07-31,433.97313276,193.75025396,627.72338672,-2.03474984,-0.46667731,-0.02813518,-0.01451926,-2.06288502,-0.32755319,DFCF/东方财富Choice数据,dfcf_vendor_only_unverified_by_exchange
2012-08-01,434.73512880,194.14905899,628.88418779,0.76199604,0.17558599,0.39880503,0.20583458,1.16080107,0.18492239,DFCF/东方财富Choice数据,dfcf_vendor_only_unverified_by_exchange
2012-08-02,435.60657150,195.08350604,630.69007754,0.87144270,0.20045371,0.93444705,0.48130393,1.80588975,0.28715776,DFCF/东方财富Choice数据,dfcf_vendor_only_unverified_by_exchange
2012-08-03,436.44324473,195.31960793,631.76285266,0.83667323,0.19207085,0.23610189,0.12102606,1.07277512,0.17009545,DFCF/东方财富Choice数据,dfcf_vendor_only_unverified_by_exchange
2012-08-06,439.83961626,195.52738943,635.36700569,3.39637153,0.77819317,0.20778150,0.10638026,3.60415303,0.57049145,DFCF/东方财富Choice数据,dfcf_vendor_only_unverified_by_exchange
2012-08-07,443.81161170,196.18251923,639.99413093,3.97199544,0.90305541,0.65512980,0.33505782,4.62712524,0.72826023,DFCF/东方财富Choice数据,dfcf_vendor_only_unverified_by_exchange
2012-08-08,443.82355250,196.48601569,640.30956819,0.01194080,0.00269051,0.30349646,0.15470107,0.31543726,0.04928752,DFCF/东方财富Choice数据,dfcf_vendor_only_unverified_by_exchange
2012-08-09,446.55608409,197.93276273,644.48884682,2.73253159,0.61567972,1.44674704,0.73631044,4.17927863,0.65269658,DFCF/东方财富Choice数据,dfcf_vendor_only_unverified_by_exchange
2012-08-10,444.48470277,197.94186183,642.42656460,-2.07138132,-0.46385692,0.00909910,0.00459707,-2.06228222,-0.31998726,DFCF/东方财富Choice数据,dfcf_vendor_only_unverified_by_exchange
2012-08-13,448.05453973,198.67834001,646.73287974,3.56983696,0.80314057,0.73647818,0.37206793,4.30631514,0.67032022,DFCF/东方财富Choice数据,dfcf_vendor_only_unverified_by_exchange
2012-08-14,450.90974216,198.20100658,649.11074874,2.85520243,0.63724439,-0.47733343,-0.24025439,2.37786900,0.36767405,DFCF/东方财富Choice数据,dfcf_vendor_only_unverified_by_exchange
2012-08-15,453.70226843,197.32292994,651.02519837,2.79252627,0.61930937,-0.87807664,-0.44302330,1.91444963,0.29493421,DFCF/东方财富Choice数据,dfcf_vendor_only_unverified_by_exchange
2012-08-16,455.07584487,196.61716161,651.69300648,1.37357644,0.30274842,-0.70576833,-0.35767173,0.66780811,0.10257792,DFCF/东方财富Choice数据,dfcf_vendor_only_unverified_by_exchange
2012-08-17,455.27705227,198.47331802,653.75037029,0.20120740,0.04421404,1.85615641,0.94404598,2.05736381,0.31569524,DFCF/东方财富Choice数据,dfcf_vendor_only_unverified_by_exchange
2012-08-20,456.88473487,199.75146882,656.63620369,1.60768260,0.35312182,1.27815080,0.64399125,2.88583340,0.44142742,DFCF/东方财富Choice数据,dfcf_vendor_only_unverified_by_exchange
2012-08-21,458.66054150,201.74940056,660.40994206,1.77580663,0.38867716,1.99793174,1.00020879,3.77373837,0.57470763,DFCF/东方财富Choice数据,dfcf_vendor_only_unverified_by_exchange
2012-08-22,460.48682213,202.48197831,662.96880044,1.82628063,0.39817697,0.73257775,0.36311273,2.55885838,0.38746515,DFCF/东方财富Choice数据,dfcf_vendor_only_unverified_by_exchange
2012-08-23,461.97832033,203.42249262,665.40081295,1.49149820,0.32389596,0.94051431,0.46449285,2.43201251,0.36683665,DFCF/东方财富Choice数据,dfcf_vendor_only_unverified_by_exchange
2012-08-24,459.79785983,203.08505378,662.88291361,-2.18046050,-0.47198330,-0.33743884,-0.16588079,-2.51789934,-0.37840341,DFCF/东方财富Choice数据,dfcf_vendor_only_unverified_by_exchange
2012-08-27,457.33961176,203.04927585,660.38888761,-2.45824807,-0.53463669,-0.03577793,-0.01761721,-2.49402600,-0.37623929,DFCF/东方财富Choice数据,dfcf_vendor_only_unverified_by_exchange
2012-08-28,458.22985926,204.14320955,662.37306881,0.89024750,0.19465786,1.09393370,0.53875282,1.98418120,0.30045648,DFCF/东方财富Choice数据,dfcf_vendor_only_unverified_by_exchange
2012-08-29,457.64570771,205.27362217,662.91932988,-0.58415155,-0.12748003,1.13041262,0.55373511,0.54626107,0.08247030,DFCF/东方财富Choice数据,dfcf_vendor_only_unverified_by_exchange
2012-08-30,456.65093836,204.79253471,661.44347307,-0.99476935,-0.21736670,-0.48108746,-0.23436399,-1.47585681,-0.22262993,DFCF/东方财富Choice数据,dfcf_vendor_only_unverified_by_exchange
2012-08-31,456.71816226,205.37372002,662.09188228,0.06722390,0.01472107,0.58118531,0.28379223,0.64840921,0.09802942,DFCF/东方财富Choice数据,dfcf_vendor_only_unverified_by_exchange
2012-09-03,459.54941545,206.78417113,666.33358658,2.83125319,0.61991255,1.41045111,0.68677293,4.24170430,0.64065191,DFCF/东方财富Choice数据,dfcf_vendor_only_unverified_by_exchange
2012-09-04,461.65761015,207.37011764,669.02772779,2.10819470,0.45875256,0.58594651,0.28336139,2.69414121,0.40432319,DFCF/东方财富Choice数据,dfcf_vendor_only_unverified_by_exchange
2012-09-05,464.34490498,208.49718397,672.84208895,2.68729483,0.58209694,1.12706633,0.54350470,3.81436116,0.57013499,DFCF/东方财富Choice数据,dfcf_vendor_only_unverified_by_exchange
2012-09-06,467.34326953,208.97226344,676.31553297,2.99836455,0.64571927,0.47507947,0.22785894,3.47344402,0.51623465,DFCF/东方财富Choice数据,dfcf_vendor_only_unverified_by_exchange
2012-09-07,465.51429029,207.68519539,673.19948568,-1.82897924,-0.39135671,-1.28706805,-0.61590377,-3.11604729,-0.46073868,DFCF/东方财富Choice数据,dfcf_vendor_only_unverified_by_exchange
2012-09-10,471.26249677,210.47503076,681.73752753,5.74820648,1.23480774,2.78983537,1.34330007,8.53804185,1.26827813,DFCF/东方财富Choice数据,dfcf_vendor_only_unverified_by_exchange
2012-09-11,478.97803829,213.46906524,692.44710353,7.71554152,1.63720677,2.99403448,1.42251291,10.70957600,1.57092364,DFCF/东方财富Choice数据,dfcf_vendor_only_unverified_by_exchange
2012-09-12,484.62868314,214.86855274,699.49723588,5.65064485,1.17972942,1.39948750,0.65559265,7.05013235,1.01814742,DFCF/东方财富Choice数据,dfcf_vendor_only_unverified_by_exchange
2012-09-13,487.98184410,215.57664712,703.55849122,3.35316096,0.69190312,0.70809438,0.32954770,4.06125534,0.58059634,DFCF/东方财富Choice数据,dfcf_vendor_only_unverified_by_exchange
2012-09-14,486.70194775,216.35208212,703.05402987,-1.27989635,-0.26228360,0.77543500,0.35970269,-0.50446135,-0.07170141,DFCF/东方财富Choice数据,dfcf_vendor_only_unverified_by_exchange
2012-09-17,490.40117321,218.20484135,708.60601456,3.69922546,0.76005972,1.85275923,0.85636302,5.55198469,0.78969531,DFCF/东方财富Choice数据,dfcf_vendor_only_unverified_by_exchange
2012-09-18,492.56955701,219.53858217,712.10813918,2.16838380,0.44216530,1.33374082,0.61123338,3.50212462,0.49422733,DFCF/东方财富Choice数据,dfcf_vendor_only_unverified_by_exchange
2012-09-19,495.33570717,220.37886262,715.71456979,2.76615016,0.56157554,0.84028045,0.38274842,3.60643061,0.50644423,DFCF/东方财富Choice数据,dfcf_vendor_only_unverified_by_exchange
2012-09-20,497.93080866,221.48809027,719.41889893,2.59510149,0.52390762,1.10922765,0.50332760,3.70432914,0.51757073,DFCF/东方财富Choice数据,dfcf_vendor_only_unverified_by_exchange
2012-09-21,497.51841324,221.19917830,718.71759154,-0.41239542,-0.08282183,-0.28891197,-0.13044131,-0.70130739,-0.09748248,DFCF/东方财富Choice数据,dfcf_vendor_only_unverified_by_exchange
2012-09-24,499.22439548,220.50118240,719.72557788,1.70598224,0.34289831,-0.69799590,-0.31555086,1.00798634,0.14024790,DFCF/东方财富Choice数据,dfcf_vendor_only_unverified_by_exchange
2012-09-25,496.68053926,219.48429000,716.16482926,-2.54385622,-0.50956168,-1.01689240,-0.46117322,-3.56074862,-0.49473698,DFCF/东方财富Choice数据,dfcf_vendor_only_unverified_by_exchange
2012-09-26,495.60420336,219.10822381,714.71242717,-1.07633590,-0.21670587,-0.37606619,-0.17134082,-1.45240209,-0.20280277,DFCF/东方财富Choice数据,dfcf_vendor_only_unverified_by_exchange
2012-09-27,489.07506409,215.34960136,704.42466545,-6.52913927,-1.31740999,-3.75862245,-1.71541825,-10.28776172,-1.43942673,DFCF/东方财富Choice数据,dfcf_vendor_only_unverified_by_exchange
2012-09-28,475.92602099,209.45688773,685.38290872,-13.14904310,-2.68855316,-5.89271363,-2.73634759,-19.04175673,-2.70316439,DFCF/东方财富Choice数据,dfcf_vendor_only_unverified_by_exchange
2012-10-08,482.64741771,213.90248716,696.54990487,6.72139672,1.41227763,4.44559943,2.12244127,11.16699615,1.62930765,DFCF/东方财富Choice数据,dfcf_vendor_only_unverified_by_exchange
2012-10-09,483.96852337,215.51885430,699.48737767,1.32110566,0.27372065,1.61636714,0.75565608,2.93747280,0.42171749,DFCF/东方财富Choice数据,dfcf_vendor_only_unverified_by_exchange
2012-10-10,489.19543554,219.23273900,708.42817454,5.22691217,1.08001077,3.71388470,1.72322960,8.94079687,1.27819274,DFCF/东方财富Choice数据,dfcf_vendor_only_unverified_by_exchange
2012-10-11,494.40483610,220.62377987,715.02861597,5.20940056,1.06489149,1.39104087,0.63450417,6.60044143,0.93170228,DFCF/东方财富Choice数据,dfcf_vendor_only_unverified_by_exchange
2012-10-12,494.48638952,222.23730923,716.72369875,0.08155342,0.01649527,1.61352936,0.73134880,1.69508278,0.23706503,DFCF/东方财富Choice数据,dfcf_vendor_only_unverified_by_exchange
2012-10-15,496.63180778,222.87664855,719.50845633,2.14541826,0.43386801,0.63933932,0.28768316,2.78475758,0.38853991,DFCF/东方财富Choice数据,dfcf_vendor_only_unverified_by_exchange
2012-10-16,497.63747191,222.96591587,720.60338778,1.00566413,0.20249692,0.08926732,0.04005234,1.09493145,0.15217770,DFCF/东方财富Choice数据,dfcf_vendor_only_unverified_by_exchange
2012-10-17,500.73315146,225.14991820,725.88306966,3.09567955,0.62207525,2.18400233,0.97952296,5.27968188,0.73267514,DFCF/东方财富Choice数据,dfcf_vendor_only_unverified_by_exchange
2012-10-18,498.98366599,226.15875471,725.14242070,-1.74948547,-0.34938479,1.00883651,0.44807323,-0.74064896,-0.10203420,DFCF/东方财富Choice数据,dfcf_vendor_only_unverified_by_exchange
2012-10-19,496.90327417,225.58806877,722.49134294,-2.08039182,-0.41692584,-0.57068594,-0.25233865,-2.65107776,-0.36559408,DFCF/东方财富Choice数据,dfcf_vendor_only_unverified_by_exchange
2012-10-22,498.78708176,229.75080980,728.53789156,1.88380759,0.37910951,4.16274103,1.84528422,6.04654862,0.83690257,DFCF/东方财富Choice数据,dfcf_vendor_only_unverified_by_exchange
2012-10-23,502.68571335,232.35639268,735.04210603,3.89863159,0.78162241,2.60558288,1.13409084,6.50421447,0.89277641,DFCF/东方财富Choice数据,dfcf_vendor_only_unverified_by_exchange
2012-10-24,505.53991724,233.01079500,738.55071224,2.85420389,0.56779093,0.65440232,0.28163732,3.50860621,0.47733404,DFCF/东方财富Choice数据,dfcf_vendor_only_unverified_by_exchange
2012-10-25,509.25458666,234.21158735,743.46617401,3.71466942,0.73479250,1.20079235,0.51533765,4.91546177,0.66555508,DFCF/东方财富Choice数据,dfcf_vendor_only_unverified_by_exchange
2012-10-26,513.10726506,236.45265399,749.55991905,3.85267840,0.75653288,2.24106664,0.95685558,6.09374504,0.81963985,DFCF/东方财富Choice数据,dfcf_vendor_only_unverified_by_exchange
2012-10-29,516.89038799,237.58680013,754.47718812,3.78312293,0.73729670,1.13414614,0.47965042,4.91726907,0.65602081,DFCF/东方财富Choice数据,dfcf_vendor_only_unverified_by_exchange
2012-10-30,515.01871483,237.98003449,752.99874932,-1.87167316,-0.36210253,0.39323436,0.16551187,-1.47843880,-0.19595540,DFCF/东方财富Choice数据,dfcf_vendor_only_unverified_by_exchange
2012-10-31,515.59113178,237.12799461,752.71912639,0.57241695,0.11114488,-0.85203988,-0.35802998,-0.27962293,-0.03713458,DFCF/东方财富Choice数据,dfcf_vendor_only_unverified_by_exchange
2012-11-01,512.37157202,236.47058222,748.84215424,-3.21955976,-0.62444048,-0.65741239,-0.27723947,-3.87697215,-0.51506226,DFCF/东方财富Choice数据,dfcf_vendor_only_unverified_by_exchange
2012-11-02,511.30702397,236.38498881,747.69201278,-1.06454805,-0.20776876,-0.08559341,-0.03619622,-1.15014146,-0.15358930,DFCF/东方财富Choice数据,dfcf_vendor_only_unverified_by_exchange
2012-11-05,513.62279911,237.61846706,751.24126617,2.31577514,0.45291284,1.23347825,0.52180904,3.54925339,0.47469457,DFCF/东方财富Choice数据,dfcf_vendor_only_unverified_by_exchange
2012-11-06,516.83392819,238.09814437,754.93207256,3.21112908,0.62519208,0.47967731,0.20186870,3.69080639,0.49129442,DFCF/东方财富Choice数据,dfcf_vendor_only_unverified_by_exchange
2012-11-07,518.42199361,238.12148229,756.54347590,1.58806542,0.30726803,0.02333792,0.00980181,1.61140334,0.21345011,DFCF/东方财富Choice数据,dfcf_vendor_only_unverified_by_exchange
2012-11-08,517.02911891,237.74609134,754.77521025,-1.39287470,-0.26867585,-0.37539095,-0.15764682,-1.76826565,-0.23372955,DFCF/东方财富Choice数据,dfcf_vendor_only_unverified_by_exchange
2012-11-09,514.96481543,236.82805612,751.79287155,-2.06430348,-0.39926252,-0.91803522,-0.38614104,-2.98233870,-0.39512939,DFCF/东方财富Choice数据,dfcf_vendor_only_unverified_by_exchange
2012-11-12,515.37026715,237.11765120,752.48791835,0.40545172,0.07873387,0.28959508,0.12228073,0.69504680,0.09245190,DFCF/东方财富Choice数据,dfcf_vendor_only_unverified_by_exchange
2012-11-13,516.21569073,237.66217264,753.87786337,0.84542358,0.16404198,0.54452144,0.22964188,1.38994502,0.18471327,DFCF/东方财富Choice数据,dfcf_vendor_only_unverified_by_exchange
2012-11-14,517.42932659,237.62084949,755.05017608,1.21363586,0.23510247,-0.04132315,-0.01738735,1.17231271,0.15550433,DFCF/东方财富Choice数据,dfcf_vendor_only_unverified_by_exchange
2012-11-15,518.34437830,237.44396923,755.78834753,0.91505171,0.17684574,-0.17688026,-0.07443802,0.73817145,0.09776456,DFCF/东方财富Choice数据,dfcf_vendor_only_unverified_by_exchange
2012-11-16,518.42436713,237.75538017,756.17974730,0.07998883,0.01543160,0.31141094,0.13115134,0.39139977,0.05178695,DFCF/东方财富Choice数据,dfcf_vendor_only_unverified_by_exchange
2012-11-19,521.36377757,237.79121670,759.15499427,2.93941044,0.56698925,0.03583653,0.01507286,2.97524697,0.39345764,DFCF/东方财富Choice数据,dfcf_vendor_only_unverified_by_exchange
2012-11-20,522.32906651,237.55732992,759.88639643,0.96528894,0.18514691,-0.23388678,-0.09835804,0.73140216,0.09634425,DFCF/东方财富Choice数据,dfcf_vendor_only_unverified_by_exchange
2012-11-21,523.38359165,237.98617416,761.36976581,1.05452514,0.20188904,0.42884424,0.18052242,1.48336938,0.19520936,DFCF/东方财富Choice数据,dfcf_vendor_only_unverified_by_exchange
2012-11-22,523.26315202,238.06831719,761.33146921,-0.12043963,-0.02301173,0.08214303,0.03451588,-0.03829660,-0.00502996,DFCF/东方财富Choice数据,dfcf_vendor_only_unverified_by_exchange
2012-11-23,521.63842479,236.86493084,758.50335563,-1.62472723,-0.31049907,-1.20338635,-0.50547942,-2.82811358,-0.37146942,DFCF/东方财富Choice数据,dfcf_vendor_only_unverified_by_exchange
2012-11-26,522.24867623,237.86820975,760.11688598,0.61025144,0.11698744,1.00327891,0.42356583,1.61353035,0.21272554,DFCF/东方财富Choice数据,dfcf_vendor_only_unverified_by_exchange
2012-11-27,520.59352556,237.55817636,758.15170192,-1.65515067,-0.31692769,-0.31003339,-0.13033830,-1.96518406,-0.25853709,DFCF/东方财富Choice数据,dfcf_vendor_only_unverified_by_exchange
2012-11-28,518.39015969,236.87138294,755.26154263,-2.20336587,-0.42324112,-0.68679342,-0.28910536,-2.89015929,-0.38121121,DFCF/东方财富Choice数据,dfcf_vendor_only_unverified_by_exchange
2012-11-29,515.90830813,235.27944733,751.18775546,-2.48185156,-0.47876132,-1.59193561,-0.67206751,-4.07378717,-0.53938761,DFCF/东方财富Choice数据,dfcf_vendor_only_unverified_by_exchange
2012-11-30,513.80781508,233.64648935,747.45430443,-2.10049305,-0.40714465,-1.63295798,-0.69405041,-3.73345103,-0.49700637,DFCF/东方财富Choice数据,dfcf_vendor_only_unverified_by_exchange
2012-12-03,509.79389957,233.44058168,743.23448125,-4.01391551,-0.78120951,-0.20590767,-0.08812787,-4.21982318,-0.56455935,DFCF/东方财富Choice数据,dfcf_vendor_only_unverified_by_exchange
2012-12-04,507.19310027,233.78616244,740.97926271,-2.60079930,-0.51016681,0.34558076,0.14803800,-2.25521854,-0.30343298,DFCF/东方财富Choice数据,dfcf_vendor_only_unverified_by_exchange
2012-12-05,508.24143024,234.55830357,742.79973381,1.04832997,0.20669247,0.77214113,0.33027666,1.82047110,0.24568449,DFCF/东方财富Choice数据,dfcf_vendor_only_unverified_by_exchange
2012-12-06,512.39355809,235.67889782,748.07245591,4.15212785,0.81695974,1.12059425,0.47774657,5.27272210,0.70984437,DFCF/东方财富Choice数据,dfcf_vendor_only_unverified_by_exchange
2012-12-07,511.53092419,235.68827688,747.21920107,-0.86263390,-0.16835378,0.00937906,0.00397959,-0.85325484,-0.11406045,DFCF/东方财富Choice数据,dfcf_vendor_only_unverified_by_exchange
2012-12-10,513.06934372,236.00101274,749.07035646,1.53841953,0.30074810,0.31273586,0.13269046,1.85115539,0.24773927,DFCF/东方财富Choice数据,dfcf_vendor_only_unverified_by_exchange
2012-12-11,518.68905998,237.52476711,756.21382709,5.61971626,1.09531320,1.52375437,0.64565586,7.14347063,0.95364482,DFCF/东方财富Choice数据,dfcf_vendor_only_unverified_by_exchange
2012-12-12,523.77520737,239.31296294,763.08817031,5.08614739,0.98057734,1.78819583,0.75284605,6.87434322,0.90904754,DFCF/东方财富Choice数据,dfcf_vendor_only_unverified_by_exchange
2012-12-13,526.69288553,240.05944092,766.75232645,2.91767816,0.55704778,0.74647798,0.31192543,3.66415614,0.48017467,DFCF/东方财富Choice数据,dfcf_vendor_only_unverified_by_exchange
2012-12-14,527.91881649,240.50108360,768.41990009,1.22593096,0.23276011,0.44164268,0.18397222,1.66757364,0.21748531,DFCF/东方财富Choice数据,dfcf_vendor_only_unverified_by_exchange
2012-12-17,535.71995017,243.69834749,779.41829766,7.80113368,1.47771465,3.19726389,1.32941767,10.99839757,1.43130046,DFCF/东方财富Choice数据,dfcf_vendor_only_unverified_by_exchange
2012-12-18,544.08074635,246.75833764,790.83908399,8.36079618,1.56066545,3.05999015,1.25564666,11.42078633,1.46529615,DFCF/东方财富Choice数据,dfcf_vendor_only_unverified_by_exchange
2012-12-19,549.31071842,249.99440910,799.30512752,5.22997207,0.96124925,3.23607146,1.31143348,8.46604353,1.07051405,DFCF/东方财富Choice数据,dfcf_vendor_only_unverified_by_exchange
2012-12-20,556.89600270,253.23278100,810.12878370,7.58528428,1.38087316,3.23837190,1.29537773,10.82365618,1.35413321,DFCF/东方财富Choice数据,dfcf_vendor_only_unverified_by_exchange
2012-12-21,564.47787112,257.45826781,821.93613893,7.58186842,1.36145140,4.22548681,1.66861762,11.80735523,1.45746645,DFCF/东方财富Choice数据,dfcf_vendor_only_unverified_by_exchange
2012-12-24,571.28889679,259.99681453,831.28571132,6.81102567,1.20660632,2.53854672,0.98600318,9.34957239,1.13750594,DFCF/东方财富Choice数据,dfcf_vendor_only_unverified_by_exchange
2012-12-25,575.44359600,265.80498165,841.24857765,4.15469921,0.72725012,5.80816712,2.23393780,9.96286633,1.19848882,DFCF/东方财富Choice数据,dfcf_vendor_only_unverified_by_exchange
2012-12-26,583.54981334,266.92499416,850.47480750,8.10621734,1.40869016,1.12001251,0.42136626,9.22622985,1.09673051,DFCF/东方财富Choice数据,dfcf_vendor_only_unverified_by_exchange
2012-12-27,591.52544022,268.79832919,860.32376941,7.97562688,1.36674311,1.87333503,0.70182076,9.84896191,1.15805452,DFCF/东方财富Choice数据,dfcf_vendor_only_unverified_by_exchange
2012-12-28,592.94670143,268.36032972,861.30703115,1.42126121,0.24027051,-0.43799947,-0.16294724,0.98326174,0.11428973,DFCF/东方财富Choice数据,dfcf_vendor_only_unverified_by_exchange
2012-12-31,590.14161465,266.80230260,856.94391725,-2.80508678,-0.47307570,-1.55802712,-0.58057281,-4.36311390,-0.50656894,DFCF/东方财富Choice数据,dfcf_vendor_only_unverified_by_exchange
2013-01-04,607.85480318,270.99297589,878.84777907,17.71318853,3.00151491,4.19067329,1.57070357,21.90386182,2.55604379,DFCF/东方财富Choice数据,dfcf_vendor_only_unverified_by_exchange
2013-01-07,622.35629990,277.45550185,899.81180175,14.50149672,2.38568432,6.46252596,2.38475774,20.96402268,2.38539861,DFCF/东方财富Choice数据,dfcf_vendor_only_unverified_by_exchange
2013-01-08,633.04834290,280.85898570,913.90732860,10.69204300,1.71799386,3.40348385,1.22667737,14.09552685,1.56649722,DFCF/东方财富Choice数据,dfcf_vendor_only_unverified_by_exchange
2013-01-09,641.95114532,283.44299492,925.39414024,8.90280242,1.40633848,2.58400922,0.92003794,11.48681164,1.25689020,DFCF/东方财富Choice数据,dfcf_vendor_only_unverified_by_exchange
2013-01-10,652.88113087,284.66469117,937.54582204,10.92998555,1.70261953,1.22169625,0.43102009,12.15168180,1.31313581,DFCF/东方财富Choice数据,dfcf_vendor_only_unverified_by_exchange
2013-01-11,657.61864960,286.06461243,943.68326203,4.73751873,0.72563266,1.39992126,0.49177903,6.13743999,0.65462827,DFCF/东方财富Choice数据,dfcf_vendor_only_unverified_by_exchange
2013-01-14,669.93937995,292.99692277,962.93630272,12.32073035,1.87353725,6.93231034,2.42333726,19.25304069,2.04020157,DFCF/东方财富Choice数据,dfcf_vendor_only_unverified_by_exchange
2013-01-15,680.86057649,300.59370327,981.45427976,10.92119654,1.63017683,7.59678050,2.59278508,18.51797704,1.92307393,DFCF/东方财富Choice数据,dfcf_vendor_only_unverified_by_exchange
2013-01-16,692.57047349,303.25333599,995.82380948,11.70989700,1.71986709,2.65963272,0.88479322,14.36952972,1.46410587,DFCF/东方财富Choice数据,dfcf_vendor_only_unverified_by_exchange
2013-01-17,705.77250953,305.89799128,1011.67050081,13.20203604,1.90623721,2.64465529,0.87209438,15.84669133,1.59131477,DFCF/东方财富Choice数据,dfcf_vendor_only_unverified_by_exchange
2013-01-18,703.67079826,307.01451603,1010.68531429,-2.10171127,-0.29778877,1.11652475,0.36499905,-0.98518652,-0.09738215,DFCF/东方财富Choice数据,dfcf_vendor_only_unverified_by_exchange
2013-01-21,718.76409211,313.67605153,1032.44014364,15.09329385,2.14493679,6.66153550,2.16977868,21.75482935,2.15248298,DFCF/东方财富Choice数据,dfcf_vendor_only_unverified_by_exchange
2013-01-22,733.00956177,320.44790006,1053.45746183,14.24546966,1.98193953,6.77184853,2.15886693,21.01731819,2.03569363,DFCF/东方财富Choice数据,dfcf_vendor_only_unverified_by_exchange
2013-01-23,743.67360145,325.64692477,1069.32052622,10.66403968,1.45482955,5.19902471,1.62242433,15.86306439,1.50580968,DFCF/东方财富Choice数据,dfcf_vendor_only_unverified_by_exchange
2013-01-24,748.26755422,322.64032321,1070.90787743,4.59395277,0.61773778,-3.00660156,-0.92327037,1.58735121,0.14844485,DFCF/东方财富Choice数据,dfcf_vendor_only_unverified_by_exchange
2013-01-25,746.56422784,325.20436994,1071.76859778,-1.70332638,-0.22763601,2.56404673,0.79470746,0.86072035,0.08037296,DFCF/东方财富Choice数据,dfcf_vendor_only_unverified_by_exchange
2013-01-28,758.24006707,327.87628108,1086.11634815,11.67583923,1.56394303,2.67191114,0.82160985,14.34775037,1.33869852,DFCF/东方财富Choice数据,dfcf_vendor_only_unverified_by_exchange
2013-01-29,773.70649389,334.05273288,1107.75922677,15.46642682,2.03977968,6.17645180,1.88377512,21.64287862,1.99268510,DFCF/东方财富Choice数据,dfcf_vendor_only_unverified_by_exchange
2013-01-30,791.09519537,339.87774946,1130.97294483,17.38870148,2.24745451,5.82501658,1.74374163,23.21371806,2.09555628,DFCF/东方财富Choice数据,dfcf_vendor_only_unverified_by_exchange
2013-01-31,800.12584798,338.61147901,1138.73732699,9.03065261,1.14153804,-1.26627045,-0.37256645,7.76438216,0.68652236,DFCF/东方财富Choice数据,dfcf_vendor_only_unverified_by_exchange
2013-02-01,799.74275475,344.58704717,1144.32980192,-0.38309323,-0.04787912,5.97556816,1.76472699,5.59247493,0.49111194,DFCF/东方财富Choice数据,dfcf_vendor_only_unverified_by_exchange
2013-02-04,823.05911782,354.86998759,1177.92910541,23.31636307,2.91548288,10.28294042,2.98413434,33.59930349,2.93615559,DFCF/东方财富Choice数据,dfcf_vendor_only_unverified_by_exchange
2013-02-05,838.42570892,356.69978400,1195.12549292,15.36659110,1.86700940,1.82979641,0.51562445,17.19638751,1.45988306,DFCF/东方财富Choice数据,dfcf_vendor_only_unverified_by_exchange
2013-02-06,852.66773477,362.77506099,1215.44279576,14.24202585,1.69866283,6.07527699,1.70319054,20.31730284,1.70001418,DFCF/东方财富Choice数据,dfcf_vendor_only_unverified_by_exchange
2013-02-07,866.63004886,367.24236242,1233.87241128,13.96231409,1.63748592,4.46730143,1.23142462,18.42961552,1.51628819,DFCF/东方财富Choice数据,dfcf_vendor_only_unverified_by_exchange
2013-02-08,849.32368202,358.42615852,1207.74984054,-17.30636684,-1.99697286,-8.81620390,-2.40065003,-26.12257074,-2.11712090,DFCF/东方财富Choice数据,dfcf_vendor_only_unverified_by_exchange
2013-02-18,879.26525532,374.30265697,1253.56791229,29.94157330,3.52534304,15.87649845,4.42950328,45.81807175,3.79367235,DFCF/东方财富Choice数据,dfcf_vendor_only_unverified_by_exchange
2013-02-19,898.76334442,387.31960415,1286.08294857,19.49808910,2.21754345,13.01694718,3.47765289,32.51503628,2.59379934,DFCF/东方财富Choice数据,dfcf_vendor_only_unverified_by_exchange
2013-02-20,903.33744696,392.12614730,1295.46359426,4.57410254,0.50893292,4.80654315,1.24097595,9.38064569,0.72939663,DFCF/东方财富Choice数据,dfcf_vendor_only_unverified_by_exchange
2013-02-21,914.68231688,400.15702530,1314.83934218,11.34486992,1.25588394,8.03087800,2.04803430,19.37574792,1.49566132,DFCF/东方财富Choice数据,dfcf_vendor_only_unverified_by_exchange
2013-02-22,915.92282645,399.21271556,1315.13554201,1.24050957,0.13562190,-0.94430974,-0.23598480,0.29619983,0.02252745,DFCF/东方财富Choice数据,dfcf_vendor_only_unverified_by_exchange
2013-02-25,924.21928218,404.72993663,1328.94921881,8.29645573,0.90580292,5.51722107,1.38202539,13.81367680,1.05036145,DFCF/东方财富Choice数据,dfcf_vendor_only_unverified_by_exchange
2013-02-26,940.33826662,410.31313073,1350.65139735,16.11898444,1.74406494,5.58319410,1.37948632,21.70217854,1.63303294,DFCF/东方财富Choice数据,dfcf_vendor_only_unverified_by_exchange
2013-02-27,947.62628748,410.55486069,1358.18114817,7.28802086,0.77504246,0.24172996,0.05891353,7.52975082,0.55749032,DFCF/东方财富Choice数据,dfcf_vendor_only_unverified_by_exchange
2013-02-28,948.14148222,414.09004646,1362.23152868,0.51519474,0.05436687,3.53518577,0.86107512,4.05038051,0.29822093,DFCF/东方财富Choice数据,dfcf_vendor_only_unverified_by_exchange
2013-03-01,956.06134303,419.83773537,1375.89907840,7.91986081,0.83530369,5.74768891,1.38802875,13.66754972,1.00332061,DFCF/东方财富Choice数据,dfcf_vendor_only_unverified_by_exchange
2013-03-04,974.26076304,429.99617145,1404.25693449,18.19942001,1.90358288,10.15843608,2.41961006,28.35785609,2.06104187,DFCF/东方财富Choice数据,dfcf_vendor_only_unverified_by_exchange
2013-03-05,985.34885455,437.40354540,1422.75239995,11.08809151,1.13810306,7.40737395,1.72266044,18.49546546,1.31709981,DFCF/东方财富Choice数据,dfcf_vendor_only_unverified_by_exchange
2013-03-06,999.45597555,442.94479993,1442.40077548,14.10712100,1.43168797,5.54125453,1.26685176,19.64837553,1.38101159,DFCF/东方财富Choice数据,dfcf_vendor_only_unverified_by_exchange
2013-03-07,1014.88438654,438.96109113,1453.84547767,15.42841099,1.54368090,-3.98370880,-0.89936913,11.44470219,0.79344814,DFCF/东方财富Choice数据,dfcf_vendor_only_unverified_by_exchange
2013-03-08,1019.01925034,439.87071657,1458.88996691,4.13486380,0.40742215,0.90962544,0.20722234,5.04448924,0.34697561,DFCF/东方财富Choice数据,dfcf_vendor_only_unverified_by_exchange
2013-03-11,1028.21772759,444.83743056,1473.05515815,9.19847725,0.90267944,4.96671399,1.12913040,14.16519124,0.97095679,DFCF/东方财富Choice数据,dfcf_vendor_only_unverified_by_exchange
2013-03-12,1027.11768682,439.87235440,1466.99004122,-1.10004077,-0.10698520,-4.96507616,-1.11615521,-6.06511693,-0.41173726,DFCF/东方财富Choice数据,dfcf_vendor_only_unverified_by_exchange
2013-03-13,1041.08557626,445.02600148,1486.11157774,13.96788944,1.35991130,5.15364708,1.17162332,19.12153652,1.30345374,DFCF/东方财富Choice数据,dfcf_vendor_only_unverified_by_exchange
2013-03-14,1048.74569425,445.99858873,1494.74428298,7.66011799,0.73578178,0.97258725,0.21854616,8.63270524,0.58089213,DFCF/东方财富Choice数据,dfcf_vendor_only_unverified_by_exchange
2013-03-15,1056.26987105,444.76405909,1501.03393014,7.52417680,0.71744531,-1.23452964,-0.27680124,6.28964716,0.42078416,DFCF/东方财富Choice数据,dfcf_vendor_only_unverified_by_exchange
2013-03-18,1062.38513278,450.17252252,1512.55765530,6.11526173,0.57894880,5.40846343,1.21602978,11.52372516,0.76771917,DFCF/东方财富Choice数据,dfcf_vendor_only_unverified_by_exchange
2013-03-19,1067.55434421,453.30117598,1520.85552019,5.16921143,0.48656662,3.12865346,0.69498988,8.29786489,0.54859825,DFCF/东方财富Choice数据,dfcf_vendor_only_unverified_by_exchange
2013-03-20,1071.96193138,459.46162746,1531.42355884,4.40758717,0.41286771,6.16045148,1.35901952,10.56803865,0.69487460,DFCF/东方财富Choice数据,dfcf_vendor_only_unverified_by_exchange
2013-03-21,1080.19003348,465.55406536,1545.74409884,8.22810210,0.76757410,6.09243790,1.32599493,14.32054000,0.93511295,DFCF/东方财富Choice数据,dfcf_vendor_only_unverified_by_exchange
2013-03-22,1085.91092977,470.66351328,1556.57444305,5.72089629,0.52961943,5.10944792,1.09749829,10.83034421,0.70065570,DFCF/东方财富Choice数据,dfcf_vendor_only_unverified_by_exchange
2013-03-25,1098.77567428,475.04286239,1573.81853667,12.86474451,1.18469611,4.37934911,0.93046284,17.24409362,1.10782325,DFCF/东方财富Choice数据,dfcf_vendor_only_unverified_by_exchange
2013-03-26,1110.35476296,479.43233550,1589.78709846,11.57908868,1.05381735,4.38947311,0.92401622,15.96856179,1.01463806,DFCF/东方财富Choice数据,dfcf_vendor_only_unverified_by_exchange
2013-03-27,1121.37310840,482.85784980,1604.23095820,11.01834544,0.99232658,3.42551430,0.71449380,14.44385974,0.90854051,DFCF/东方财富Choice数据,dfcf_vendor_only_unverified_by_exchange
2013-03-28,1131.87084739,482.49521154,1614.36605893,10.49773899,0.93615041,-0.36263826,-0.07510249,10.13510073,0.63177317,DFCF/东方财富Choice数据,dfcf_vendor_only_unverified_by_exchange
2013-03-29,1128.88053998,479.40593815,1608.28647813,-2.99030741,-0.26419157,-3.08927339,-0.64027027,-6.07958080,-0.37659246,DFCF/东方财富Choice数据,dfcf_vendor_only_unverified_by_exchange
2013-04-01,1136.35641259,484.55799112,1620.91440371,7.47587261,0.66223771,5.15205297,1.07467442,12.62792558,0.78517887,DFCF/东方财富Choice数据,dfcf_vendor_only_unverified_by_exchange
2013-04-02,1141.24843819,485.87759994,1627.12603813,4.89202560,0.43050099,1.31960882,0.27233249,6.21163442,0.38321792,DFCF/东方财富Choice数据,dfcf_vendor_only_unverified_by_exchange
2013-04-03,1139.47874189,484.48102938,1623.95977127,-1.76969630,-0.15506670,-1.39657056,-0.28743259,-3.16626686,-0.19459260,DFCF/东方财富Choice数据,dfcf_vendor_only_unverified_by_exchange
2013-04-08,1150.54289211,490.49372615,1641.03661826,11.06415022,0.97098347,6.01269677,1.24105928,17.07684699,1.05155604,DFCF/东方财富Choice数据,dfcf_vendor_only_unverified_by_exchange
2013-04-09,1156.26276701,495.00549353,1651.26826054,5.71987490,0.49714573,4.51176738,0.91984202,10.23164228,0.62348653,DFCF/东方财富Choice数据,dfcf_vendor_only_unverified_by_exchange
2013-04-10,1157.76352843,496.91281626,1654.67634469,1.50076142,0.12979415,1.90732273,0.38531345,3.40808415,0.20639191,DFCF/东方财富Choice数据,dfcf_vendor_only_unverified_by_exchange
2013-04-11,1161.03113411,500.93384318,1661.96497729,3.26760568,0.28223429,4.02102692,0.80920169,7.28863260,0.44048690,DFCF/东方财富Choice数据,dfcf_vendor_only_unverified_by_exchange
2013-04-12,1159.50047834,500.86057987,1660.36105821,-1.53065577,-0.13183589,-0.07326331,-0.01462535,-1.60391908,-0.09650739,DFCF/东方财富Choice数据,dfcf_vendor_only_unverified_by_exchange
2013-04-15,1160.37778763,502.67391275,1663.05170038,0.87730929,0.07566269,1.81333288,0.36204344,2.69064217,0.16205163,DFCF/东方财富Choice数据,dfcf_vendor_only_unverified_by_exchange
2013-04-16,1162.63244718,504.03688364,1666.66933082,2.25465955,0.19430392,1.36297089,0.27114415,3.61763044,0.21752964,DFCF/东方财富Choice数据,dfcf_vendor_only_unverified_by_exchange
2013-04-17,1171.44800742,508.11009240,1679.55809982,8.81556024,0.75824137,4.07320876,0.80811720,12.88876900,0.77332490,DFCF/东方财富Choice数据,dfcf_vendor_only_unverified_by_exchange
2013-04-18,1176.71674605,511.69226678,1688.40901283,5.26873863,0.44976291,3.58217438,0.70499965,8.85091301,0.52697867,DFCF/东方财富Choice数据,dfcf_vendor_only_unverified_by_exchange
2013-04-19,1176.98737075,516.05303306,1693.04040381,0.27062470,0.02299829,4.36076628,0.85222439,4.63139098,0.27430504,DFCF/东方财富Choice数据,dfcf_vendor_only_unverified_by_exchange
2013-04-22,1193.91719252,526.66787012,1720.58506264,16.92982177,1.43840301,10.61483706,2.05692756,27.54465883,1.62693452,DFCF/东方财富Choice数据,dfcf_vendor_only_unverified_by_exchange
2013-04-23,1207.68319189,530.97767654,1738.66086843,13.76599937,1.15301124,4.30980642,0.81831580,18.07580579,1.05056159,DFCF/东方财富Choice数据,dfcf_vendor_only_unverified_by_exchange
2013-04-24,1215.52670270,536.43293901,1751.95964171,7.84351081,0.64946758,5.45526247,1.02739959,13.29877328,0.76488598,DFCF/东方财富Choice数据,dfcf_vendor_only_unverified_by_exchange
2013-04-25,1220.09589488,538.93980104,1759.03569592,4.56919218,0.37590225,2.50686203,0.46732067,7.07605421,0.40389368,DFCF/东方财富Choice数据,dfcf_vendor_only_unverified_by_exchange
2013-04-26,1211.66321228,531.30446388,1742.96767616,-8.43268260,-0.69114917,-7.63533716,-1.41673284,-16.06801976,-0.91345615,DFCF/东方财富Choice数据,dfcf_vendor_only_unverified_by_exchange
2013-05-02,1221.97863473,533.89265264,1755.87128737,10.31542245,0.85134403,2.58818876,0.48713853,12.90361121,0.74032418,DFCF/东方财富Choice数据,dfcf_vendor_only_unverified_by_exchange
2013-05-03,1218.87004198,534.12882231,1752.99886429,-3.10859275,-0.25439011,0.23616967,0.04423542,-2.87242308,-0.16358962,DFCF/东方财富Choice数据,dfcf_vendor_only_unverified_by_exchange
2013-05-06,1233.61128607,546.69924142,1780.31052749,14.74124409,1.20941885,12.57041911,2.35344332,27.31166320,1.55799663,DFCF/东方财富Choice数据,dfcf_vendor_only_unverified_by_exchange
2013-05-07,1242.70338683,553.14950990,1795.85289673,9.09210076,0.73703126,6.45026848,1.17985686,15.54236924,0.87301451,DFCF/东方财富Choice数据,dfcf_vendor_only_unverified_by_exchange
2013-05-08,1248.88103709,556.75878774,1805.63982483,6.17765026,0.49711382,3.60927784,0.65249589,9.78692810,0.54497382,DFCF/东方财富Choice数据,dfcf_vendor_only_unverified_by_exchange
2013-05-09,1264.19196551,565.32740985,1829.51937536,15.31092842,1.22597173,8.56862211,1.53901875,23.87955053,1.32249800,DFCF/东方财富Choice数据,dfcf_vendor_only_unverified_by_exchange
2013-05-10,1267.40444825,569.33999592,1836.74444417,3.21248274,0.25411352,4.01258607,0.70978092,7.22506881,0.39491622,DFCF/东方财富Choice数据,dfcf_vendor_only_unverified_by_exchange
2013-05-13,1281.64330004,579.14030265,1860.78360269,14.23885179,1.12346551,9.80030673,1.72134521,24.03915852,1.30879168,DFCF/东方财富Choice数据,dfcf_vendor_only_unverified_by_exchange
2013-05-14,1295.17780377,588.75417244,1883.93197621,13.53450373,1.05602735,9.61386979,1.66002431,23.14837352,1.24401212,DFCF/东方财富Choice数据,dfcf_vendor_only_unverified_by_exchange
2013-05-15,1303.23971618,598.26534526,1901.50506144,8.06191241,0.62245604,9.51117282,1.61547438,17.57308523,0.93278767,DFCF/东方财富Choice数据,dfcf_vendor_only_unverified_by_exchange
2013-05-16,1316.22975578,604.53928626,1920.76904204,12.99003960,0.99674983,6.27394100,1.04868869,19.26398060,1.01309121,DFCF/东方财富Choice数据,dfcf_vendor_only_unverified_by_exchange
2013-05-17,1314.17103569,607.96704759,1922.13808328,-2.05872009,-0.15641039,3.42776133,0.56700390,1.36904124,0.07127568,DFCF/东方财富Choice数据,dfcf_vendor_only_unverified_by_exchange
2013-05-20,1330.91760357,621.41046767,1952.32807124,16.74656788,1.27430657,13.44342008,2.21120867,30.18998796,1.57064616,DFCF/东方财富Choice数据,dfcf_vendor_only_unverified_by_exchange
2013-05-21,1348.17899289,639.71390449,1987.89289738,17.26138932,1.29695402,18.30343682,2.94546645,35.56482614,1.82166239,DFCF/东方财富Choice数据,dfcf_vendor_only_unverified_by_exchange
2013-05-22,1361.39858373,652.00461623,2013.40319996,13.21959084,0.98055161,12.29071174,1.92128257,25.51030258,1.28328355,DFCF/东方财富Choice数据,dfcf_vendor_only_unverified_by_exchange
2013-05-23,1383.16858947,662.24406982,2045.41265929,21.77000574,1.59909126,10.23945359,1.57045722,32.00945933,1.58981864,DFCF/东方财富Choice数据,dfcf_vendor_only_unverified_by_exchange
2013-05-24,1389.84769078,670.54886924,2060.39656002,6.67910131,0.48288411,8.30479942,1.25403908,14.98390073,0.73256126,DFCF/东方财富Choice数据,dfcf_vendor_only_unverified_by_exchange
2013-05-27,1408.20346371,684.37854961,2092.58201332,18.35577293,1.32070392,13.82968037,2.06244183,32.18545330,1.56209993,DFCF/东方财富Choice数据,dfcf_vendor_only_unverified_by_exchange
2013-05-28,1417.77400469,690.49309636,2108.26710105,9.57054098,0.67962771,6.11454675,0.89344512,15.68508773,0.74955665,DFCF/东方财富Choice数据,dfcf_vendor_only_unverified_by_exchange
2013-05-29,1431.49532749,703.70409467,2135.19942216,13.72132280,0.96780748,13.21099831,1.91327015,26.93232111,1.27746248,DFCF/东方财富Choice数据,dfcf_vendor_only_unverified_by_exchange
2013-05-30,1446.88843185,715.56019104,2162.44862289,15.39310436,1.07531642,11.85609637,1.68481276,27.24920073,1.27618996,DFCF/东方财富Choice数据,dfcf_vendor_only_unverified_by_exchange
2013-05-31,1452.52249948,723.76838981,2176.29088929,5.63406763,0.38939199,8.20819877,1.14710109,13.84226640,0.64012001,DFCF/东方财富Choice数据,dfcf_vendor_only_unverified_by_exchange
2013-06-03,1471.20806309,732.44396149,2203.65202458,18.68556361,1.28642163,8.67557168,1.19866684,27.36113529,1.25723705,DFCF/东方财富Choice数据,dfcf_vendor_only_unverified_by_exchange
2013-06-04,1484.42795180,738.89441598,2223.32236778,13.21988871,0.89857370,6.45045449,0.88067550,19.67034320,0.89262474,DFCF/东方财富Choice数据,dfcf_vendor_only_unverified_by_exchange
2013-06-05,1489.65564717,744.88904230,2234.54468947,5.22769537,0.35216902,5.99462632,0.81129674,11.22232169,0.50475459,DFCF/东方财富Choice数据,dfcf_vendor_only_unverified_by_exchange
2013-06-06,1491.51822571,752.19166610,2243.70989181,1.86257854,0.12503417,7.30262380,0.98036397,9.16520234,0.41015972,DFCF/东方财富Choice数据,dfcf_vendor_only_unverified_by_exchange
2013-06-07,1481.08787978,747.27235244,2228.36023222,-10.43034593,-0.69931066,-4.91931366,-0.65399736,-15.34965959,-0.68411962,DFCF/东方财富Choice数据,dfcf_vendor_only_unverified_by_exchange
2013-06-13,1490.05277420,752.24717534,2242.29994954,8.96489442,0.60529119,4.97482290,0.66573089,13.93971732,0.62555942,DFCF/东方财富Choice数据,dfcf_vendor_only_unverified_by_exchange
2013-06-14,1488.36812594,752.66932669,2241.03745263,-1.68464826,-0.11305964,0.42215135,0.05611870,-1.26249691,-0.05630366,DFCF/东方财富Choice数据,dfcf_vendor_only_unverified_by_exchange
2013-06-17,1504.22821027,760.97436847,2265.20257874,15.86008433,1.06560226,8.30504178,1.10341175,24.16512611,1.07830086,DFCF/东方财富Choice数据,dfcf_vendor_only_unverified_by_exchange
2013-06-18,1512.12539265,764.22188017,2276.34727282,7.89718238,0.52499895,3.24751170,0.42675704,11.14469408,0.49199547,DFCF/东方财富Choice数据,dfcf_vendor_only_unverified_by_exchange
2013-06-19,1521.69383198,770.13695404,2291.83078602,9.56843933,0.63278081,5.91507387,0.77399954,15.48351320,0.68019117,DFCF/东方财富Choice数据,dfcf_vendor_only_unverified_by_exchange
2013-06-20,1528.80634081,773.97729945,2302.78364026,7.11250883,0.46740735,3.84034541,0.49865746,10.95285424,0.47790850,DFCF/东方财富Choice数据,dfcf_vendor_only_unverified_by_exchange
2013-06-21,1526.15187662,769.54514402,2295.69702064,-2.65446419,-0.17362985,-4.43215543,-0.57264670,-7.08661962,-0.30774144,DFCF/东方财富Choice数据,dfcf_vendor_only_unverified_by_exchange
2013-06-24,1508.97063226,761.35845373,2270.32908599,-17.18124436,-1.12578863,-8.18669029,-1.06383496,-25.36793465,-1.10502102,DFCF/东方财富Choice数据,dfcf_vendor_only_unverified_by_exchange
2013-06-25,1479.19911357,740.54366166,2219.74277523,-29.77151869,-1.97296873,-20.81479207,-2.73390175,-50.58631076,-2.22814882,DFCF/东方财富Choice数据,dfcf_vendor_only_unverified_by_exchange
2013-06-26,1480.60353548,740.72705966,2221.33059514,1.40442191,0.09494475,0.18339800,0.02476532,1.58781991,0.07153171,DFCF/东方财富Choice数据,dfcf_vendor_only_unverified_by_exchange
2013-06-27,1468.17016731,735.12525211,2203.29541942,-12.43336817,-0.83975000,-5.60180755,-0.75625799,-18.03517572,-0.81190867,DFCF/东方财富Choice数据,dfcf_vendor_only_unverified_by_exchange
2013-06-28,1456.46592122,728.75058243,2185.21650365,-11.70424609,-0.79719956,-6.37466968,-0.86715422,-18.07891577,-0.82053980,DFCF/东方财富Choice数据,dfcf_vendor_only_unverified_by_exchange
2013-07-01,1454.70354637,727.51919898,2182.22274535,-1.76237485,-0.12100351,-1.23138345,-0.16897186,-2.99375830,-0.13700053,DFCF/东方财富Choice数据,dfcf_vendor_only_unverified_by_exchange
2013-07-02,1457.93434860,727.99056177,2185.92491037,3.23080223,0.22209351,0.47136279,0.06479043,3.70216502,0.16965111,DFCF/东方财富Choice数据,dfcf_vendor_only_unverified_by_exchange
2013-07-03,1463.31396911,732.67992520,2195.99389431,5.37962051,0.36898922,4.68936343,0.64415168,10.06898394,0.46062808,DFCF/东方财富Choice数据,dfcf_vendor_only_unverified_by_exchange
2013-07-04,1464.31475969,733.82092140,2198.13568109,1.00079058,0.06839206,1.14099620,0.15572915,2.14178678,0.09753155,DFCF/东方财富Choice数据,dfcf_vendor_only_unverified_by_exchange
2013-07-05,1461.13979021,733.01652889,2194.15631910,-3.17496948,-0.21682288,-0.80439251,-0.10961700,-3.97936199,-0.18103350,DFCF/东方财富Choice数据,dfcf_vendor_only_unverified_by_exchange
2013-07-08,1454.61882454,732.24164454,2186.86046908,-6.52096567,-0.44629307,-0.77488435,-0.10571172,-7.29585002,-0.33251277,DFCF/东方财富Choice数据,dfcf_vendor_only_unverified_by_exchange
2013-07-09,1452.23927180,731.35199281,2183.59126461,-2.37955274,-0.16358600,-0.88965173,-0.12149701,-3.26920447,-0.14949305,DFCF/东方财富Choice数据,dfcf_vendor_only_unverified_by_exchange
2013-07-10,1454.68426190,735.93183390,2190.61609580,2.44499010,0.16836000,4.57984109,0.62621571,7.02483119,0.32170999,DFCF/东方财富Choice数据,dfcf_vendor_only_unverified_by_exchange
2013-07-11,1449.93447524,736.62053179,2186.55500703,-4.74978666,-0.32651667,0.68869789,0.09358175,-4.06108877,-0.18538569,DFCF/东方财富Choice数据,dfcf_vendor_only_unverified_by_exchange
2013-07-12,1457.32591370,740.11506249,2197.44097619,7.39143846,0.50977741,3.49453070,0.47440039,10.88596916,0.49785938,DFCF/东方财富Choice数据,dfcf_vendor_only_unverified_by_exchange
2013-07-15,1464.80487307,748.13727905,2212.94215212,7.47895937,0.51319745,8.02221656,1.08391478,15.50117593,0.70541944,DFCF/东方财富Choice数据,dfcf_vendor_only_unverified_by_exchange
2013-07-16,1476.90127651,758.77436771,2235.67564422,12.09640344,0.82580306,10.63708866,1.42180973,22.73349210,1.02729717,DFCF/东方财富Choice数据,dfcf_vendor_only_unverified_by_exchange
2013-07-17,1478.09024524,763.15496262,2241.24520786,1.18896873,0.08050428,4.38059491,0.57732510,5.56956364,0.24912217,DFCF/东方财富Choice数据,dfcf_vendor_only_unverified_by_exchange
2013-07-18,1487.20424372,771.06853255,2258.27277627,9.11399848,0.61660636,7.91356993,1.03695453,17.02756841,0.75973697,DFCF/东方财富Choice数据,dfcf_vendor_only_unverified_by_exchange
2013-07-19,1478.76128209,768.90872377,2247.67000586,-8.44296163,-0.56770694,-2.15980878,-0.28010594,-10.60277041,-0.46950796,DFCF/东方财富Choice数据,dfcf_vendor_only_unverified_by_exchange
2013-07-22,1483.24934682,778.02842313,2261.27776995,4.48806473,0.30350164,9.11969936,1.18605747,13.60776409,0.60541646,DFCF/东方财富Choice数据,dfcf_vendor_only_unverified_by_exchange
2013-07-23,1488.58609892,782.33750263,2270.92360155,5.33675210,0.35980141,4.30907950,0.55384603,9.64583160,0.42656553,DFCF/东方财富Choice数据,dfcf_vendor_only_unverified_by_exchange
2013-07-24,1492.79195818,791.41374574,2284.20570392,4.20585926,0.28254054,9.07624311,1.16014419,13.28210237,0.58487667,DFCF/东方财富Choice数据,dfcf_vendor_only_unverified_by_exchange
2013-07-25,1492.32789418,792.17763077,2284.50552495,-0.46406400,-0.03108698,0.76388503,0.09652158,0.29982103,0.01312583,DFCF/东方财富Choice数据,dfcf_vendor_only_unverified_by_exchange
2013-07-26,1488.75607683,790.40342685,2279.15950368,-3.57181735,-0.23934535,-1.77420392,-0.22396542,-5.34602127,-0.23401218,DFCF/东方财富Choice数据,dfcf_vendor_only_unverified_by_exchange
2013-07-29,1491.88477758,794.12718503,2286.01196261,3.12870075,0.21015536,3.72375818,0.47112121,6.85245893,0.30065728,DFCF/东方财富Choice数据,dfcf_vendor_only_unverified_by_exchange
2013-07-30,1492.07743996,792.90326705,2284.98070701,0.19266238,0.01291403,-1.22391798,-0.15412115,-1.03125560,-0.04511156,DFCF/东方财富Choice数据,dfcf_vendor_only_unverified_by_exchange
2013-07-31,1494.20127021,789.93648353,2284.13775374,2.12383025,0.14234048,-2.96678352,-0.37416715,-0.84295327,-0.03689105,DFCF/东方财富Choice数据,dfcf_vendor_only_unverified_by_exchange
2013-08-01,1495.55722683,793.82002916,2289.37725599,1.35595662,0.09074792,3.88354563,0.49162758,5.23950225,0.22938644,DFCF/东方财富Choice数据,dfcf_vendor_only_unverified_by_exchange
2013-08-02,1489.69271079,791.81634222,2281.50905301,-5.86451604,-0.39212916,-2.00368694,-0.25241073,-7.86820298,-0.34368311,DFCF/东方财富Choice数据,dfcf_vendor_only_unverified_by_exchange
2013-08-05,1493.97053080,798.89333313,2292.86386393,4.27782001,0.28716124,7.07699091,0.89376671,11.35481092,0.49768862,DFCF/东方财富Choice数据,dfcf_vendor_only_unverified_by_exchange
2013-08-06,1496.57184867,804.30657888,2300.87842755,2.60131787,0.17412110,5.41324575,0.67759306,8.01456362,0.34954381,DFCF/东方财富Choice数据,dfcf_vendor_only_unverified_by_exchange
2013-08-07,1502.60238669,804.21320602,2306.81559271,6.03053802,0.40295680,-0.09337286,-0.01160911,5.93716516,0.25803906,DFCF/东方财富Choice数据,dfcf_vendor_only_unverified_by_exchange
2013-08-08,1514.21916796,810.39747913,2324.61664709,11.61678127,0.77311080,6.18427311,0.76898428,17.80105438,0.77167219,DFCF/东方财富Choice数据,dfcf_vendor_only_unverified_by_exchange
2013-08-09,1515.64666504,811.11415284,2326.76081788,1.42749708,0.09427282,0.71667371,0.08843484,2.14417079,0.09223761,DFCF/东方财富Choice数据,dfcf_vendor_only_unverified_by_exchange
2013-08-12,1515.56419573,813.41617792,2328.98037365,-0.08246931,-0.00544120,2.30202508,0.28381025,2.21955577,0.09539252,DFCF/东方财富Choice数据,dfcf_vendor_only_unverified_by_exchange
2013-08-13,1526.74633346,820.50442160,2347.25075506,11.18213773,0.73782013,7.08824368,0.87141661,18.27038141,0.78447984,DFCF/东方财富Choice数据,dfcf_vendor_only_unverified_by_exchange
2013-08-14,1528.11481913,825.13441277,2353.24923190,1.36848567,0.08963412,4.62999117,0.56428595,5.99847684,0.25555330,DFCF/东方财富Choice数据,dfcf_vendor_only_unverified_by_exchange
2013-08-15,1533.82068990,828.12920164,2361.94989154,5.70587077,0.37339280,2.99478887,0.36294558,8.70065964,0.36972963,DFCF/东方财富Choice数据,dfcf_vendor_only_unverified_by_exchange
2013-08-16,1545.15208872,827.09091315,2372.24300187,11.33139882,0.73876946,-1.03828849,-0.12537760,10.29311033,0.43578868,DFCF/东方财富Choice数据,dfcf_vendor_only_unverified_by_exchange
2013-08-19,1548.28299983,829.98984799,2378.27284782,3.13091111,0.20262802,2.89893484,0.35049773,6.02984595,0.25418332,DFCF/东方财富Choice数据,dfcf_vendor_only_unverified_by_exchange
2013-08-20,1556.61493166,832.15031103,2388.76524269,8.33193183,0.53814011,2.16046304,0.26029994,10.49239487,0.44117709,DFCF/东方财富Choice数据,dfcf_vendor_only_unverified_by_exchange
2013-08-21,1568.34706420,835.53324470,2403.88030890,11.73213254,0.75369523,3.38293367,0.40652916,15.11506621,0.63275645,DFCF/东方财富Choice数据,dfcf_vendor_only_unverified_by_exchange
2013-08-22,1571.87498032,837.25300129,2409.12798161,3.52791612,0.22494486,1.71975659,0.20582743,5.24767271,0.21830008,DFCF/东方财富Choice数据,dfcf_vendor_only_unverified_by_exchange
2013-08-23,1572.06691091,836.13937617,2408.20628708,0.19193059,0.01221030,-1.11362512,-0.13300939,-0.92169453,-0.03825843,DFCF/东方财富Choice数据,dfcf_vendor_only_unverified_by_exchange
2013-08-26,1581.42844823,844.18698866,2425.61543689,9.36153732,0.59549229,8.04761249,0.96247261,17.40914981,0.72290941,DFCF/东方财富Choice数据,dfcf_vendor_only_unverified_by_exchange
2013-08-27,1598.97225927,851.46039268,2450.43265195,17.54381104,1.10936483,7.27340402,0.86158684,24.81721506,1.02313065,DFCF/东方财富Choice数据,dfcf_vendor_only_unverified_by_exchange
2013-08-28,1620.36114549,856.70693846,2477.06808395,21.38888622,1.33766462,5.24654578,0.61618201,26.63543200,1.08696854,DFCF/东方财富Choice数据,dfcf_vendor_only_unverified_by_exchange
2013-08-29,1636.46162418,861.75390968,2498.21553386,16.10047869,0.99363520,5.04697122,0.58911292,21.14744991,0.85372905,DFCF/东方财富Choice数据,dfcf_vendor_only_unverified_by_exchange
2013-08-30,1627.31361276,857.48691723,2484.80052999,-9.14801142,-0.55901167,-4.26699245,-0.49515208,-13.41500387,-0.53698345,DFCF/东方财富Choice数据,dfcf_vendor_only_unverified_by_exchange
2013-09-02,1642.03170766,862.57440089,2504.60610855,14.71809490,0.90444121,5.08748366,0.59330161,19.80557856,0.79706915,DFCF/东方财富Choice数据,dfcf_vendor_only_unverified_by_exchange
2013-09-03,1638.36243571,864.69002886,2503.05246457,-3.66927195,-0.22345926,2.11562797,0.24526904,-1.55364398,-0.06203147,DFCF/东方财富Choice数据,dfcf_vendor_only_unverified_by_exchange
2013-09-04,1647.44972424,865.72248531,2513.17220955,9.08728853,0.55465679,1.03245645,0.11940191,10.11974498,0.40429616,DFCF/东方财富Choice数据,dfcf_vendor_only_unverified_by_exchange
2013-09-05,1659.79329356,871.73576347,2531.52905703,12.34356932,0.74925317,6.01327816,0.69459651,18.35684748,0.73042537,DFCF/东方财富Choice数据,dfcf_vendor_only_unverified_by_exchange
2013-09-06,1668.41574757,871.69602831,2540.11177588,8.62245401,0.51948963,-0.03973516,-0.00455817,8.58271885,0.33903300,DFCF/东方财富Choice数据,dfcf_vendor_only_unverified_by_exchange
2013-09-09,1702.63953063,879.39517311,2582.03470374,34.22378306,2.05127428,7.69914480,0.88323734,41.92292786,1.65043634,DFCF/东方财富Choice数据,dfcf_vendor_only_unverified_by_exchange
2013-09-10,1737.42910141,888.11924639,2625.54834780,34.78957078,2.04327282,8.72407328,0.99205381,43.51364406,1.68524629,DFCF/东方财富Choice数据,dfcf_vendor_only_unverified_by_exchange
2013-09-11,1752.18296628,892.11017795,2644.29314423,14.75386487,0.84917795,3.99093156,0.44936889,18.74479643,0.71393835,DFCF/东方财富Choice数据,dfcf_vendor_only_unverified_by_exchange
2013-09-12,1787.04168813,899.96527295,2687.00696108,34.85872185,1.98944531,7.85509500,0.88050727,42.71381685,1.61532079,DFCF/东方财富Choice数据,dfcf_vendor_only_unverified_by_exchange
2013-09-13,1800.47463400,901.02560997,2701.50024397,13.43294587,0.75168621,1.06033702,0.11781977,14.49328289,0.53938390,DFCF/东方财富Choice数据,dfcf_vendor_only_unverified_by_exchange
2013-09-16,1827.12428747,914.28333120,2741.40761867,26.64965347,1.48014601,13.25772123,1.47140337,39.90737470,1.47723010,DFCF/东方财富Choice数据,dfcf_vendor_only_unverified_by_exchange
2013-09-17,1844.32606809,923.43420925,2767.76027734,17.20178062,0.94146746,9.15087805,1.00087990,26.35265867,0.96128202,DFCF/东方财富Choice数据,dfcf_vendor_only_unverified_by_exchange
2013-09-18,1835.64952864,921.27370440,2756.92323304,-8.67653945,-0.47044498,-2.16050485,-0.23396413,-10.83704430,-0.39154563,DFCF/东方财富Choice数据,dfcf_vendor_only_unverified_by_exchange
2013-09-23,1861.39026272,936.00017357,2797.39043629,25.74073408,1.40226844,14.72646917,1.59849012,40.46720325,1.46783932,DFCF/东方财富Choice数据,dfcf_vendor_only_unverified_by_exchange
2013-09-24,1878.32693086,950.80067354,2829.12760440,16.93666814,0.90989345,14.80049997,1.58124970,31.73716811,1.13452765,DFCF/东方财富Choice数据,dfcf_vendor_only_unverified_by_exchange
2013-09-25,1887.80192009,961.97535045,2849.77727054,9.47498923,0.50443770,11.17467691,1.17529123,20.64966614,0.72989518,DFCF/东方财富Choice数据,dfcf_vendor_only_unverified_by_exchange
2013-09-26,1896.96837512,967.57466358,2864.54303870,9.16645503,0.48556233,5.59931313,0.58206410,14.76576816,0.51813762,DFCF/东方财富Choice数据,dfcf_vendor_only_unverified_by_exchange
2013-09-27,1894.44140376,964.85701932,2859.29842308,-2.52697136,-0.13321104,-2.71764426,-0.28087179,-5.24461562,-0.18308734,DFCF/东方财富Choice数据,dfcf_vendor_only_unverified_by_exchange
2013-09-30,1870.07772810,957.05401400,2827.13174210,-24.36367566,-1.28606119,-7.80300532,-0.80872141,-32.16668098,-1.12498509,DFCF/东方财富Choice数据,dfcf_vendor_only_unverified_by_exchange
2013-10-08,1906.20546052,978.34223068,2884.54769120,36.12773242,1.93188400,21.28821668,2.22434851,57.41594910,2.03089047,DFCF/东方财富Choice数据,dfcf_vendor_only_unverified_by_exchange
2013-10-09,1934.33461807,993.89769342,2928.23231149,28.12915755,1.47566242,15.55546274,1.58998173,43.68462029,1.51443571,DFCF/东方财富Choice数据,dfcf_vendor_only_unverified_by_exchange
2013-10-10,1959.62993170,1008.38277209,2968.01270379,25.29531363,1.30770103,14.48507867,1.45740138,39.78039230,1.35851217,DFCF/东方财富Choice数据,dfcf_vendor_only_unverified_by_exchange
2013-10-11,1975.83295389,1015.70392394,2991.53687783,16.20302219,0.82684092,7.32115185,0.72602905,23.52417404,0.79259007,DFCF/东方财富Choice数据,dfcf_vendor_only_unverified_by_exchange
2013-10-14,2001.89301778,1028.32589600,3030.21891378,26.06006389,1.31894064,12.62197206,1.24268222,38.68203595,1.29304894,DFCF/东方财富Choice数据,dfcf_vendor_only_unverified_by_exchange
2013-10-15,2024.46094767,1038.62850768,3063.08945535,22.56792989,1.12732947,10.30261168,1.00188196,32.87054157,1.08475798,DFCF/东方财富Choice数据,dfcf_vendor_only_unverified_by_exchange
2013-10-16,2024.59072287,1042.09428015,3066.68500302,0.12977520,0.00641036,3.46577247,0.33368740,3.59554767,0.11738304,DFCF/东方财富Choice数据,dfcf_vendor_only_unverified_by_exchange
2013-10-17,2032.94640806,1040.94599532,3073.89240338,8.35568519,0.41270984,-1.14828483,-0.11019011,7.20740036,0.23502252,DFCF/东方财富Choice数据,dfcf_vendor_only_unverified_by_exchange
2013-10-18,2026.32187972,1041.70446735,3068.02634707,-6.62452834,-0.32585848,0.75847203,0.07286373,-5.86605631,-0.19083480,DFCF/东方财富Choice数据,dfcf_vendor_only_unverified_by_exchange
2013-10-21,2043.41953702,1053.96348912,3097.38302614,17.09765730,0.84377795,12.25902177,1.17682338,29.35667907,0.95685877,DFCF/东方财富Choice数据,dfcf_vendor_only_unverified_by_exchange
2013-10-22,2056.00238723,1057.22213848,3113.22452571,12.58285021,0.61577420,3.25864936,0.30918048,15.84149957,0.51144787,DFCF/东方财富Choice数据,dfcf_vendor_only_unverified_by_exchange
2013-10-23,2055.82514365,1057.81681744,3113.64196109,-0.17724358,-0.00862079,0.59467896,0.05624920,0.41743538,0.01340846,DFCF/东方财富Choice数据,dfcf_vendor_only_unverified_by_exchange
2013-10-24,2062.58104969,1060.58139231,3123.16244200,6.75590604,0.32862260,2.76457487,0.26134722,9.52048091,0.30576672,DFCF/东方财富Choice数据,dfcf_vendor_only_unverified_by_exchange
2013-10-25,2062.94779848,1057.84880121,3120.79659969,0.36674879,0.01778106,-2.73259110,-0.25765030,-2.36584231,-0.07575150,DFCF/东方财富Choice数据,dfcf_vendor_only_unverified_by_exchange
2013-10-28,2070.60004715,1056.61629431,3127.21634146,7.65224867,0.37093758,-1.23250690,-0.11651069,6.41974177,0.20570843,DFCF/东方财富Choice数据,dfcf_vendor_only_unverified_by_exchange
2013-10-29,2056.71288019,1048.62238545,3105.33526564,-13.88716696,-0.67068321,-7.99390886,-0.75655741,-21.88107582,-0.69969818,DFCF/东方财富Choice数据,dfcf_vendor_only_unverified_by_exchange
2013-10-30,2059.60182509,1051.36676010,3110.96858519,2.88894490,0.14046418,2.74437465,0.26171238,5.63331955,0.18140777,DFCF/东方财富Choice数据,dfcf_vendor_only_unverified_by_exchange
2013-10-31,2057.43564821,1052.19517428,3109.63082249,-2.16617688,-0.10517455,0.82841418,0.07879402,-1.33776270,-0.04300149,DFCF/东方财富Choice数据,dfcf_vendor_only_unverified_by_exchange
2013-11-01,2043.92050866,1043.66022209,3087.58073075,-13.51513955,-0.65689246,-8.53495219,-0.81115675,-22.05009174,-0.70909034,DFCF/东方财富Choice数据,dfcf_vendor_only_unverified_by_exchange
2013-11-04,2050.76226328,1045.63530196,3096.39756524,6.84175462,0.33473683,1.97507987,0.18924549,8.81683449,0.28555802,DFCF/东方财富Choice数据,dfcf_vendor_only_unverified_by_exchange
2013-11-05,2054.72045476,1048.99300930,3103.71346406,3.95819148,0.19301074,3.35770734,0.32111649,7.31589882,0.23627130,DFCF/东方财富Choice数据,dfcf_vendor_only_unverified_by_exchange
2013-11-06,2056.83423245,1049.86678608,3106.70101853,2.11377769,0.10287422,0.87377678,0.08329672,2.98755447,0.09625742,DFCF/东方财富Choice数据,dfcf_vendor_only_unverified_by_exchange
2013-11-07,2057.64221280,1049.60990717,3107.25211997,0.80798035,0.03928272,-0.25687891,-0.02446776,0.55110144,0.01773912,DFCF/东方财富Choice数据,dfcf_vendor_only_unverified_by_exchange
2013-11-08,2052.88449011,1046.24498906,3099.12947917,-4.75772269,-0.23122206,-3.36491811,-0.32058750,-8.12264080,-0.26140913,DFCF/东方财富Choice数据,dfcf_vendor_only_unverified_by_exchange
2013-11-11,2050.42273510,1045.99091137,3096.41364647,-2.46175501,-0.11991688,-0.25407769,-0.02428472,-2.71583270,-0.08763211,DFCF/东方财富Choice数据,dfcf_vendor_only_unverified_by_exchange
2013-11-12,2045.86680613,1043.74065038,3089.60745651,-4.55592897,-0.22219462,-2.25026099,-0.21513198,-6.80618996,-0.21980881,DFCF/东方财富Choice数据,dfcf_vendor_only_unverified_by_exchange
2013-11-13,2037.14786414,1039.54825531,3076.69611945,-8.71894199,-0.42617349,-4.19239507,-0.40167019,-12.91133706,-0.41789571,DFCF/东方财富Choice数据,dfcf_vendor_only_unverified_by_exchange
2013-11-14,2040.94642394,1038.97276579,3079.91918973,3.79855980,0.18646461,-0.57548952,-0.05535958,3.22307028,0.10475751,DFCF/东方财富Choice数据,dfcf_vendor_only_unverified_by_exchange
2013-11-15,2046.13488552,1039.17975768,3085.31464320,5.18846158,0.25421841,0.20699189,0.01992274,5.39545347,0.17518166,DFCF/东方财富Choice数据,dfcf_vendor_only_unverified_by_exchange
2013-11-18,2066.17132564,1045.38386226,3111.55518790,20.03644012,0.97923359,6.20410458,0.59701938,26.24054470,0.85049817,DFCF/东方财富Choice数据,dfcf_vendor_only_unverified_by_exchange
2013-11-19,2080.19451901,1052.53593734,3132.73045635,14.02319337,0.67870429,7.15207508,0.68415779,21.17526845,0.68053649,DFCF/东方财富Choice数据,dfcf_vendor_only_unverified_by_exchange
2013-11-20,2095.51620382,1060.87273421,3156.38893803,15.32168481,0.73655058,8.33679687,0.79206767,23.65848168,0.75520323,DFCF/东方财富Choice数据,dfcf_vendor_only_unverified_by_exchange
2013-11-21,2100.72572200,1068.99806663,3169.72378863,5.20951818,0.24860310,8.12533242,0.76591019,13.33485060,0.42247172,DFCF/东方财富Choice数据,dfcf_vendor_only_unverified_by_exchange
2013-11-22,2098.74858137,1068.34887807,3167.09745944,-1.97714063,-0.09411703,-0.64918856,-0.06072869,-2.62632919,-0.08285672,DFCF/东方财富Choice数据,dfcf_vendor_only_unverified_by_exchange
2013-11-25,2105.13952379,1075.52152644,3180.66105023,6.39094242,0.30451205,7.17264837,0.67137697,13.56359079,0.42826566,DFCF/东方财富Choice数据,dfcf_vendor_only_unverified_by_exchange
2013-11-26,2116.31484011,1081.01302559,3197.32786570,11.17531632,0.53085870,5.49149915,0.51058942,16.66681547,0.52400477,DFCF/东方财富Choice数据,dfcf_vendor_only_unverified_by_exchange
2013-11-27,2128.98156243,1086.92060976,3215.90217219,12.66672232,0.59852731,5.90758417,0.54648594,18.57430649,0.58093218,DFCF/东方财富Choice数据,dfcf_vendor_only_unverified_by_exchange
2013-11-28,2136.83293087,1090.75735483,3227.59028570,7.85136844,0.36878518,3.83674507,0.35299221,11.68811351,0.36344742,DFCF/东方财富Choice数据,dfcf_vendor_only_unverified_by_exchange
2013-11-29,2143.38911415,1091.22780731,3234.61692146,6.55618328,0.30681778,0.47045248,0.04313081,7.02663576,0.21770532,DFCF/东方财富Choice数据,dfcf_vendor_only_unverified_by_exchange
2013-12-02,2145.01095497,1090.56728460,3235.57823957,1.62184082,0.07566712,-0.66052271,-0.06053023,0.96131811,0.02971969,DFCF/东方财富Choice数据,dfcf_vendor_only_unverified_by_exchange
2013-12-03,2154.34592177,1092.90544355,3247.25136532,9.33496680,0.43519436,2.33815895,0.21439841,11.67312575,0.36077402,DFCF/东方财富Choice数据,dfcf_vendor_only_unverified_by_exchange
2013-12-04,2174.74470295,1096.31851835,3271.06322130,20.39878118,0.94686656,3.41307480,0.31229370,23.81185598,0.73329266,DFCF/东方财富Choice数据,dfcf_vendor_only_unverified_by_exchange
2013-12-05,2189.92823965,1099.26434622,3289.19258587,15.18353670,0.69817559,2.94582787,0.26870183,18.12936457,0.55423461,DFCF/东方财富Choice数据,dfcf_vendor_only_unverified_by_exchange
2013-12-06,2190.18926924,1099.48679907,3289.67606831,0.26102959,0.01191955,0.22245285,0.02023652,0.48348244,0.01469912,DFCF/东方财富Choice数据,dfcf_vendor_only_unverified_by_exchange
2013-12-09,2198.70191278,1107.59190047,3306.29381325,8.51264354,0.38867159,8.10510140,0.73717132,16.61774494,0.50514837,DFCF/东方财富Choice数据,dfcf_vendor_only_unverified_by_exchange
2013-12-10,2204.30882924,1113.45274365,3317.76157289,5.60691646,0.25501031,5.86084318,0.52915186,11.46775964,0.34684636,DFCF/东方财富Choice数据,dfcf_vendor_only_unverified_by_exchange
2013-12-11,2212.51487178,1114.92453115,3327.43940293,8.20604254,0.37227282,1.47178750,0.13218230,9.67783004,0.29169757,DFCF/东方财富Choice数据,dfcf_vendor_only_unverified_by_exchange
2013-12-12,2218.22316366,1119.37430556,3337.59746922,5.70829188,0.25800016,4.44977441,0.39910992,10.15806629,0.30528178,DFCF/东方财富Choice数据,dfcf_vendor_only_unverified_by_exchange
2013-12-13,2221.60998519,1118.40127972,3340.01126491,3.38682153,0.15268173,-0.97302584,-0.08692587,2.41379569,0.07232135,DFCF/东方财富Choice数据,dfcf_vendor_only_unverified_by_exchange
2013-12-16,2226.39526363,1119.63376295,3346.02902658,4.78527844,0.21539687,1.23248323,0.11020045,6.01776167,0.18017190,DFCF/东方财富Choice数据,dfcf_vendor_only_unverified_by_exchange
2013-12-17,2231.19201208,1123.72299375,3354.91500583,4.79674845,0.21544910,4.08923080,0.36522932,8.88597925,0.26556791,DFCF/东方财富Choice数据,dfcf_vendor_only_unverified_by_exchange
2013-12-18,2234.77645995,1123.91488844,3358.69134839,3.58444787,0.16065170,0.19189469,0.01707669,3.77634256,0.11256150,DFCF/东方财富Choice数据,dfcf_vendor_only_unverified_by_exchange
2013-12-19,2239.38461000,1126.42522114,3365.80983114,4.60815005,0.20620183,2.51033270,0.22335612,7.11848275,0.21194215,DFCF/东方财富Choice数据,dfcf_vendor_only_unverified_by_exchange
2013-12-20,2245.21974124,1125.76999415,3370.98973539,5.83513124,0.26056852,-0.65522699,-0.05816871,5.17990425,0.15389771,DFCF/东方财富Choice数据,dfcf_vendor_only_unverified_by_exchange
2013-12-23,2246.30867846,1126.07483627,3372.38351473,1.08893722,0.04850025,0.30484212,0.02707854,1.39377934,0.04134629,DFCF/东方财富Choice数据,dfcf_vendor_only_unverified_by_exchange
2013-12-24,2248.85880852,1129.01535143,3377.87415995,2.55013006,0.11352536,2.94051516,0.26112964,5.49064522,0.16281201,DFCF/东方财富Choice数据,dfcf_vendor_only_unverified_by_exchange
2013-12-25,2256.48698731,1135.99276616,3392.47975347,7.62817879,0.33920221,6.97741473,0.61800884,14.60559352,0.43239010,DFCF/东方财富Choice数据,dfcf_vendor_only_unverified_by_exchange
2013-12-26,2260.80169376,1142.26332960,3403.06502336,4.31470645,0.19121344,6.27056344,0.55198973,10.58526989,0.31202161,DFCF/东方财富Choice数据,dfcf_vendor_only_unverified_by_exchange
2013-12-27,2262.25117946,1142.48007896,3404.73125842,1.44948570,0.06411379,0.21674936,0.01897543,1.66623506,0.04896277,DFCF/东方财富Choice数据,dfcf_vendor_only_unverified_by_exchange
2013-12-30,2278.41453605,1154.81481588,3433.22935193,16.16335659,0.71448108,12.33473692,1.07964569,28.49809351,0.83701448,DFCF/东方财富Choice数据,dfcf_vendor_only_unverified_by_exchange
2013-12-31,2279.78800560,1154.91348382,3434.70148942,1.37346955,0.06028181,0.09866794,0.00854405,1.47213749,0.04287909,DFCF/东方财富Choice数据,dfcf_vendor_only_unverified_by_exchange
2014-01-02,2287.10320652,1160.98519468,3448.08840120,7.31520092,0.32087198,6.07171086,0.52572863,13.38691178,0.38975474,DFCF/东方财富Choice数据,dfcf_vendor_only_unverified_by_exchange
2014-01-03,2285.95221625,1159.81385912,3445.76607537,-1.15099027,-0.05032524,-1.17133556,-0.10089152,-2.32232583,-0.06735111,DFCF/东方财富Choice数据,dfcf_vendor_only_unverified_by_exchange
2014-01-06,2287.61343756,1164.07848924,3451.69192680,1.66122131,0.07267087,4.26463012,0.36769953,5.92585143,0.17197486,DFCF/东方财富Choice数据,dfcf_vendor_only_unverified_by_exchange
2014-01-07,2286.38358705,1169.99398760,3456.37757465,-1.22985051,-0.05376129,5.91549836,0.50817006,4.68564785,0.13574931,DFCF/东方财富Choice数据,dfcf_vendor_only_unverified_by_exchange
2014-01-08,2291.56113820,1175.77564832,3467.33678652,5.17755115,0.22645155,5.78166072,0.49416158,10.95921187,0.31707218,DFCF/东方财富Choice数据,dfcf_vendor_only_unverified_by_exchange
2014-01-09,2300.20088540,1180.33548830,3480.53637370,8.63974720,0.37702451,4.55983998,0.38781548,13.19958718,0.38068373,DFCF/东方财富Choice数据,dfcf_vendor_only_unverified_by_exchange
2014-01-10,2297.37294553,1182.83934583,3480.21229136,-2.82793987,-0.12294317,2.50385753,0.21213100,-0.32408234,-0.00931128,DFCF/东方财富Choice数据,dfcf_vendor_only_unverified_by_exchange
2014-01-13,2294.99201270,1182.68115191,3477.67316461,-2.38093283,-0.10363719,-0.15819392,-0.01337408,-2.53912675,-0.07295896,DFCF/东方财富Choice数据,dfcf_vendor_only_unverified_by_exchange
2014-01-14,2293.11743389,1185.31153414,3478.42896803,-1.87457881,-0.08168128,2.63038223,0.22240840,0.75580342,0.02173302,DFCF/东方财富Choice数据,dfcf_vendor_only_unverified_by_exchange
2014-01-15,2298.11843792,1187.69845710,3485.81689502,5.00100403,0.21808757,2.38692296,0.20137516,7.38792699,0.21239264,DFCF/东方财富Choice数据,dfcf_vendor_only_unverified_by_exchange
2014-01-16,2300.60965821,1190.12776963,3490.73742784,2.49122029,0.10840261,2.42931253,0.20453950,4.92053282,0.14115867,DFCF/东方财富Choice数据,dfcf_vendor_only_unverified_by_exchange
2014-01-17,2304.12377549,1193.34437800,3497.46815349,3.51411728,0.15274722,3.21660837,0.27027421,6.73072565,0.19281673,DFCF/东方财富Choice数据,dfcf_vendor_only_unverified_by_exchange
2014-01-20,2307.91913661,1197.87905416,3505.79819077,3.79536112,0.16472037,4.53467616,0.37999728,8.33003728,0.23817336,DFCF/东方财富Choice数据,dfcf_vendor_only_unverified_by_exchange
2014-01-21,2307.77571850,1201.37128712,3509.14700562,-0.14341811,-0.00621417,3.49223296,0.29153469,3.34881485,0.09552218,DFCF/东方财富Choice数据,dfcf_vendor_only_unverified_by_exchange
2014-01-22,2313.26049737,1205.00016341,3518.26066078,5.48477887,0.23766516,3.62887629,0.30206118,9.11365516,0.25971141,DFCF/东方财富Choice数据,dfcf_vendor_only_unverified_by_exchange
2014-01-23,2319.45821615,1211.40756328,3530.86577943,6.19771878,0.26792135,6.40739987,0.53173436,12.60511865,0.35827700,DFCF/东方财富Choice数据,dfcf_vendor_only_unverified_by_exchange
2014-01-24,2317.74564282,1212.13812624,3529.88376906,-1.71257333,-0.07383506,0.73056296,0.06030695,-0.98201037,-0.02781217,DFCF/东方财富Choice数据,dfcf_vendor_only_unverified_by_exchange
2014-01-27,2324.66131188,1218.79708837,3543.45840025,6.91566906,0.29837912,6.65896213,0.54935671,13.57463119,0.38456312,DFCF/东方财富Choice数据,dfcf_vendor_only_unverified_by_exchange
2014-01-28,2319.23649468,1219.58918427,3538.82567895,-5.42481720,-0.23335946,0.79209590,0.06498997,-4.63272130,-0.13074011,DFCF/东方财富Choice数据,dfcf_vendor_only_unverified_by_exchange
2014-01-29,2306.17999048,1214.53515825,3520.71514873,-13.05650420,-0.56296562,-5.05402602,-0.41440397,-18.11053022,-0.51176667,DFCF/东方财富Choice数据,dfcf_vendor_only_unverified_by_exchange
2014-01-30,2278.90201770,1192.93796172,3471.83997942,-27.27797278,-1.18282063,-21.59719653,-1.77822736,-48.87516931,-1.38821709,DFCF/东方财富Choice数据,dfcf_vendor_only_unverified_by_exchange
2014-02-07,2302.99148177,1214.92862105,3517.92010282,24.08946407,1.05706449,21.99065933,1.84340343,46.08012340,1.32725367,DFCF/东方财富Choice数据,dfcf_vendor_only_unverified_by_exchange
2014-02-10,2338.94222460,1236.83414094,3575.77636554,35.95074283,1.56104541,21.90551989,1.80302937,57.85626272,1.64461560,DFCF/东方财富Choice数据,dfcf_vendor_only_unverified_by_exchange
2014-02-11,2371.13578259,1260.89509278,3632.03087537,32.19355799,1.37641527,24.06095184,1.94536608,56.25450983,1.57321108,DFCF/东方财富Choice数据,dfcf_vendor_only_unverified_by_exchange
2014-02-12,2397.98698269,1277.78649968,3675.77348237,26.85120010,1.13241934,16.89140690,1.33963618,43.74260700,1.20435669,DFCF/东方财富Choice数据,dfcf_vendor_only_unverified_by_exchange
2014-02-13,2422.14544627,1290.43098043,3712.57642670,24.15846358,1.00744765,12.64448075,0.98956130,36.80294433,1.00122993,DFCF/东方财富Choice数据,dfcf_vendor_only_unverified_by_exchange
2014-02-14,2424.28321403,1290.64195108,3714.92516511,2.13776776,0.08825926,0.21097065,0.01634885,2.34873841,0.06326438,DFCF/东方财富Choice数据,dfcf_vendor_only_unverified_by_exchange
2014-02-17,2444.80638839,1307.63434575,3752.44073414,20.52317436,0.84656670,16.99239467,1.31658472,37.51556903,1.00986069,DFCF/东方财富Choice数据,dfcf_vendor_only_unverified_by_exchange
2014-02-18,2468.23602738,1325.64178922,3793.87781660,23.42963899,0.95834333,18.00744347,1.37710083,41.43708246,1.10427014,DFCF/东方财富Choice数据,dfcf_vendor_only_unverified_by_exchange
2014-02-19,2487.56501420,1334.79632626,3822.36134046,19.32898682,0.78310934,9.15453704,0.69057396,28.48352386,0.75077599,DFCF/东方财富Choice数据,dfcf_vendor_only_unverified_by_exchange
2014-02-20,2498.61080842,1343.02624574,3841.63705416,11.04579422,0.44404042,8.22991948,0.61656744,19.27571370,0.50428811,DFCF/东方财富Choice数据,dfcf_vendor_only_unverified_by_exchange
2014-02-21,2497.01725590,1342.11467314,3839.13192904,-1.59355252,-0.06377754,-0.91157260,-0.06787452,-2.50512512,-0.06520983,DFCF/东方财富Choice数据,dfcf_vendor_only_unverified_by_exchange
2014-02-24,2500.50968636,1351.12215913,3851.63184549,3.49243046,0.13986409,9.00748599,0.67114131,12.49991645,0.32559226,DFCF/东方财富Choice数据,dfcf_vendor_only_unverified_by_exchange
2014-02-25,2496.72061830,1345.52028367,3842.24090197,-3.78906806,-0.15153183,-5.60187546,-0.41460910,-9.39094352,-0.24381727,DFCF/东方财富Choice数据,dfcf_vendor_only_unverified_by_exchange
2014-02-26,2506.64112715,1343.37867051,3850.01979766,9.92050885,0.39734157,-2.14161316,-0.15916617,7.77889569,0.20245726,DFCF/东方财富Choice数据,dfcf_vendor_only_unverified_by_exchange
2014-02-27,2506.75886815,1338.36437720,3845.12324535,0.11774100,0.00469716,-5.01429331,-0.37325986,-4.89655231,-0.12718252,DFCF/东方财富Choice数据,dfcf_vendor_only_unverified_by_exchange
2014-02-28,2506.85575955,1330.00754390,3836.86330345,0.09689140,0.00386521,-8.35683330,-0.62440644,-8.25994190,-0.21481605,DFCF/东方财富Choice数据,dfcf_vendor_only_unverified_by_exchange
2014-03-03,2519.83073596,1332.91795071,3852.74868667,12.97497641,0.51757970,2.91040681,0.21882634,15.88538322,0.41402005,DFCF/东方财富Choice数据,dfcf_vendor_only_unverified_by_exchange
2014-03-04,2523.51780621,1339.65321608,3863.17102229,3.68707025,0.14632214,6.73526537,0.50530232,10.42233562,0.27051688,DFCF/东方财富Choice数据,dfcf_vendor_only_unverified_by_exchange
2014-03-05,2532.40132979,1345.16959625,3877.57092604,8.88352358,0.35202936,5.51638017,0.41177673,14.39990375,0.37274829,DFCF/东方财富Choice数据,dfcf_vendor_only_unverified_by_exchange
2014-03-06,2537.30966768,1347.21363189,3884.52329957,4.90833789,0.19382149,2.04403564,0.15195375,6.95237353,0.17929713,DFCF/东方财富Choice数据,dfcf_vendor_only_unverified_by_exchange
2014-03-07,2530.50872759,1339.32830874,3869.83703633,-6.80094009,-0.26803745,-7.88532315,-0.58530607,-14.68626324,-0.37807118,DFCF/东方财富Choice数据,dfcf_vendor_only_unverified_by_exchange
2014-03-10,2524.14971026,1332.88015533,3857.02986559,-6.35901733,-0.25129403,-6.44815341,-0.48144681,-12.80717074,-0.33094858,DFCF/东方财富Choice数据,dfcf_vendor_only_unverified_by_exchange
2014-03-11,2520.38649300,1327.52990778,3847.91640078,-3.76321726,-0.14908851,-5.35024755,-0.40140500,-9.11346481,-0.23628194,DFCF/东方财富Choice数据,dfcf_vendor_only_unverified_by_exchange
2014-03-12,2519.45854288,1319.29800058,3838.75654346,-0.92795012,-0.03681777,-8.23190720,-0.62009203,-9.15985732,-0.23804720,DFCF/东方财富Choice数据,dfcf_vendor_only_unverified_by_exchange
2014-03-13,2527.61075051,1316.94749107,3844.55824158,8.15220763,0.32356983,-2.35050951,-0.17816365,5.80169812,0.15113483,DFCF/东方财富Choice数据,dfcf_vendor_only_unverified_by_exchange
2014-03-14,2523.31071010,1312.63686372,3835.94757382,-4.30004041,-0.17012273,-4.31062735,-0.32731961,-8.61066776,-0.22397028,DFCF/东方财富Choice数据,dfcf_vendor_only_unverified_by_exchange
2014-03-17,2530.43587759,1314.53468039,3844.97055798,7.12516749,0.28237377,1.89781667,0.14458048,9.02298416,0.23522178,DFCF/东方财富Choice数据,dfcf_vendor_only_unverified_by_exchange
2014-03-18,2541.50400180,1320.72359605,3862.22759785,11.06812421,0.43739991,6.18891566,0.47080657,17.25703987,0.44882112,DFCF/东方财富Choice数据,dfcf_vendor_only_unverified_by_exchange
2014-03-19,2555.75562621,1327.53825164,3883.29387785,14.25162441,0.56075554,6.81465559,0.51597894,21.06628000,0.54544377,DFCF/东方财富Choice数据,dfcf_vendor_only_unverified_by_exchange
2014-03-20,2555.59503792,1329.37562110,3884.97065902,-0.16058829,-0.00628340,1.83736946,0.13840426,1.67678117,0.04317935,DFCF/东方财富Choice数据,dfcf_vendor_only_unverified_by_exchange
2014-03-21,2557.70666920,1331.14506226,3888.85173146,2.11163128,0.08262777,1.76944116,0.13310318,3.88107244,0.09989966,DFCF/东方财富Choice数据,dfcf_vendor_only_unverified_by_exchange
2014-03-24,2571.47141519,1335.46362047,3906.93503566,13.76474599,0.53816750,4.31855821,0.32442431,18.08330420,0.46500369,DFCF/东方财富Choice数据,dfcf_vendor_only_unverified_by_exchange
2014-03-25,2583.15904924,1341.10825920,3924.26730844,11.68763405,0.45451153,5.64463873,0.42267259,17.33227278,0.44362838,DFCF/东方财富Choice数据,dfcf_vendor_only_unverified_by_exchange
2014-03-26,2594.00663608,1344.77255344,3938.77918952,10.84758684,0.41993492,3.66429424,0.27322882,14.51188108,0.36979849,DFCF/东方财富Choice数据,dfcf_vendor_only_unverified_by_exchange
2014-03-27,2600.95867854,1345.92397119,3946.88264973,6.95204246,0.26800404,1.15141775,0.08562175,8.10346021,0.20573533,DFCF/东方财富Choice数据,dfcf_vendor_only_unverified_by_exchange
2014-03-28,2591.05897661,1339.99279906,3931.05177567,-9.89970193,-0.38061742,-5.93117213,-0.44067661,-15.83087406,-0.40109817,DFCF/东方财富Choice数据,dfcf_vendor_only_unverified_by_exchange
2014-03-31,2588.90954278,1337.34521787,3926.25476065,-2.14943383,-0.08295580,-2.64758119,-0.19758175,-4.79701502,-0.12202879,DFCF/东方财富Choice数据,dfcf_vendor_only_unverified_by_exchange
2014-04-01,2584.55252144,1333.90670334,3918.45922478,-4.35702134,-0.16829562,-3.43851453,-0.25711495,-7.79553587,-0.19854891,DFCF/东方财富Choice数据,dfcf_vendor_only_unverified_by_exchange
2014-04-02,2583.48609225,1330.63941990,3914.12551215,-1.06642919,-0.04126166,-3.26728344,-0.24494093,-4.33371263,-0.11059736,DFCF/东方财富Choice数据,dfcf_vendor_only_unverified_by_exchange
2014-04-03,2594.39552720,1332.66368132,3927.05920852,10.90943495,0.42227574,2.02426142,0.15212697,12.93369637,0.33043642,DFCF/东方财富Choice数据,dfcf_vendor_only_unverified_by_exchange
2014-04-04,2585.87521605,1326.78299281,3912.65820886,-8.52031115,-0.32841219,-5.88068851,-0.44127326,-14.40099966,-0.36671206,DFCF/东方财富Choice数据,dfcf_vendor_only_unverified_by_exchange
2014-04-08,2593.32941260,1328.32828796,3921.65770056,7.45419655,0.28826590,1.54529515,0.11646932,8.99949170,0.23000966,DFCF/东方财富Choice数据,dfcf_vendor_only_unverified_by_exchange
2014-04-09,2605.38989557,1332.58482601,3937.97472158,12.06048297,0.46505789,4.25653805,0.32044323,16.31702102,0.41607459,DFCF/东方财富Choice数据,dfcf_vendor_only_unverified_by_exchange
2014-04-10,2629.44130727,1341.57615960,3971.01746687,24.05141170,0.92314059,8.99133359,0.67472880,33.04274529,0.83907967,DFCF/东方财富Choice数据,dfcf_vendor_only_unverified_by_exchange
2014-04-11,2628.83689026,1344.27843354,3973.11532380,-0.60441701,-0.02298652,2.70227394,0.20142531,2.09785693,0.05282920,DFCF/东方财富Choice数据,dfcf_vendor_only_unverified_by_exchange
2014-04-14,2645.64175463,1350.11278285,3995.75453748,16.80486437,0.63925093,5.83434931,0.43401346,22.63921368,0.56981013,DFCF/东方财富Choice数据,dfcf_vendor_only_unverified_by_exchange
2014-04-15,2662.44836275,1354.00244985,4016.45081260,16.80660812,0.63525638,3.88966700,0.28809941,20.69627512,0.51795662,DFCF/东方财富Choice数据,dfcf_vendor_only_unverified_by_exchange
2014-04-16,2665.55259816,1357.32364471,4022.87624287,3.10423541,0.11659326,3.32119486,0.24528721,6.42543027,0.15997782,DFCF/东方财富Choice数据,dfcf_vendor_only_unverified_by_exchange
2014-04-17,2667.76778235,1361.36680454,4029.13458689,2.21518419,0.08310413,4.04315983,0.29787736,6.25834402,0.15556889,DFCF/东方财富Choice数据,dfcf_vendor_only_unverified_by_exchange
2014-04-18,2664.99969446,1355.70980904,4020.70950350,-2.76808789,-0.10376045,-5.65699550,-0.41553793,-8.42508339,-0.20910404,DFCF/东方财富Choice数据,dfcf_vendor_only_unverified_by_exchange
2014-04-21,2666.92676276,1352.92011116,4019.84687392,1.92706830,0.07231026,-2.78969788,-0.20577397,-0.86262958,-0.02145466,DFCF/东方财富Choice数据,dfcf_vendor_only_unverified_by_exchange
2014-04-22,2668.70388802,1354.86243127,4023.56631929,1.77712526,0.06663570,1.94232011,0.14356503,3.71944537,0.09252704,DFCF/东方财富Choice数据,dfcf_vendor_only_unverified_by_exchange
2014-04-23,2674.60402473,1352.94175728,4027.54578201,5.90013671,0.22108623,-1.92067399,-0.14176155,3.97946272,0.09890387,DFCF/东方财富Choice数据,dfcf_vendor_only_unverified_by_exchange
2014-04-24,2667.25968953,1352.75532849,4020.01501802,-7.34433520,-0.27459523,-0.18642879,-0.01377951,-7.53076399,-0.18698146,DFCF/东方财富Choice数据,dfcf_vendor_only_unverified_by_exchange
2014-04-25,2655.76759765,1344.06598384,3999.83358149,-11.49209188,-0.43085763,-8.68934465,-0.64234415,-20.18143653,-0.50202391,DFCF/东方财富Choice数据,dfcf_vendor_only_unverified_by_exchange
2014-04-28,2646.27794987,1338.01873694,3984.29668681,-9.48964778,-0.35732222,-6.04724690,-0.44992188,-15.53689468,-0.38843853,DFCF/东方财富Choice数据,dfcf_vendor_only_unverified_by_exchange
2014-04-29,2636.34326264,1330.78486817,3967.12813081,-9.93468723,-0.37542115,-7.23386877,-0.54064032,-17.16855600,-0.43090556,DFCF/东方财富Choice数据,dfcf_vendor_only_unverified_by_exchange
2014-04-30,2620.09980050,1317.77501297,3937.87481347,-16.24346214,-0.61613608,-13.00985520,-0.97760769,-29.25331734,-0.73739280,DFCF/东方财富Choice数据,dfcf_vendor_only_unverified_by_exchange
2014-05-05,2631.25449389,1321.44419353,3952.69868742,11.15469339,0.42573544,3.66918056,0.27843756,14.82387395,0.37644350,DFCF/东方财富Choice数据,dfcf_vendor_only_unverified_by_exchange
2014-05-06,2638.70108487,1325.56981545,3964.27090032,7.44659098,0.28300535,4.12562192,0.31220554,11.57221290,0.29276739,DFCF/东方财富Choice数据,dfcf_vendor_only_unverified_by_exchange
2014-05-07,2638.49484060,1323.24345893,3961.73829953,-0.20624427,-0.00781613,-2.32635652,-0.17549860,-2.53260079,-0.06388566,DFCF/东方财富Choice数据,dfcf_vendor_only_unverified_by_exchange
2014-05-08,2636.40476055,1323.60616064,3960.01092119,-2.09008005,-0.07921486,0.36270171,0.02741005,-1.72737834,-0.04360153,DFCF/东方财富Choice数据,dfcf_vendor_only_unverified_by_exchange
2014-05-09,2628.94808767,1320.10438866,3949.05247633,-7.45667288,-0.28283490,-3.50177198,-0.26456299,-10.95844486,-0.27672764,DFCF/东方财富Choice数据,dfcf_vendor_only_unverified_by_exchange
2014-05-12,2633.36148453,1324.05875755,3957.42024208,4.41339686,0.16787691,3.95436889,0.29954971,8.36776575,0.21189300,DFCF/东方财富Choice数据,dfcf_vendor_only_unverified_by_exchange
2014-05-13,2638.75665230,1326.50109536,3965.25774766,5.39516777,0.20487760,2.44233781,0.18445842,7.83750558,0.19804583,DFCF/东方财富Choice数据,dfcf_vendor_only_unverified_by_exchange
2014-05-14,2637.85295626,1325.68689405,3963.53985031,-0.90369604,-0.03424704,-0.81420131,-0.06137962,-1.71789735,-0.04332372,DFCF/东方财富Choice数据,dfcf_vendor_only_unverified_by_exchange
2014-05-15,2633.65496848,1323.75602143,3957.41098991,-4.19798778,-0.15914412,-1.93087262,-0.14565073,-6.12886040,-0.15463098,DFCF/东方财富Choice数据,dfcf_vendor_only_unverified_by_exchange
2014-05-16,2625.04748253,1318.55897962,3943.60646215,-8.60748595,-0.32682664,-5.19704181,-0.39259816,-13.80452776,-0.34882725,DFCF/东方财富Choice数据,dfcf_vendor_only_unverified_by_exchange
2014-05-19,2629.78461564,1315.64116814,3945.42578378,4.73713311,0.18045895,-2.91781148,-0.22128790,1.81932163,0.04613345,DFCF/东方财富Choice数据,dfcf_vendor_only_unverified_by_exchange
2014-05-20,2633.29869576,1312.25946557,3945.55816133,3.51408012,0.13362616,-3.38170257,-0.25703837,0.13237755,0.00335522,DFCF/东方财富Choice数据,dfcf_vendor_only_unverified_by_exchange
2014-05-21,2637.11250561,1314.25531346,3951.36781907,3.81380985,0.14483013,1.99584789,0.15209247,5.80965774,0.14724552,DFCF/东方财富Choice数据,dfcf_vendor_only_unverified_by_exchange
2014-05-22,2632.85667241,1311.51919689,3944.37586930,-4.25583320,-0.16138231,-2.73611657,-0.20818760,-6.99194977,-0.17695011,DFCF/东方财富Choice数据,dfcf_vendor_only_unverified_by_exchange
2014-05-23,2621.79721956,1306.08288131,3927.88010087,-11.05945285,-0.42005526,-5.43631558,-0.41450522,-16.49576843,-0.41820985,DFCF/东方财富Choice数据,dfcf_vendor_only_unverified_by_exchange
2014-05-26,2617.98286090,1309.24185168,3927.22471258,-3.81435866,-0.14548641,3.15897037,0.24186600,-0.65538829,-0.01668555,DFCF/东方财富Choice数据,dfcf_vendor_only_unverified_by_exchange
2014-05-27,2621.84505749,1308.55393558,3930.39899307,3.86219659,0.14752566,-0.68791610,-0.05254309,3.17428049,0.08082757,DFCF/东方财富Choice数据,dfcf_vendor_only_unverified_by_exchange
2014-05-28,2624.95558871,1311.88336481,3936.83895352,3.11053122,0.11863902,3.32942923,0.25443577,6.43996045,0.16385004,DFCF/东方财富Choice数据,dfcf_vendor_only_unverified_by_exchange
2014-05-29,2618.67723917,1315.19772934,3933.87496851,-6.27834954,-0.23917927,3.31436453,0.25264171,-2.96398501,-0.07528845,DFCF/东方财富Choice数据,dfcf_vendor_only_unverified_by_exchange
2014-05-30,2602.67422226,1311.85022857,3914.52445083,-16.00301691,-0.61111070,-3.34750077,-0.25452452,-19.35051768,-0.49189458,DFCF/东方财富Choice数据,dfcf_vendor_only_unverified_by_exchange
2014-06-03,2599.34197396,1313.31394313,3912.65591709,-3.33224830,-0.12803171,1.46371456,0.11157635,-1.86853374,-0.04773335,DFCF/东方财富Choice数据,dfcf_vendor_only_unverified_by_exchange
2014-06-04,2595.77930516,1319.73265674,3915.51196190,-3.56266880,-0.13706041,6.41871361,0.48874175,2.85604481,0.07299504,DFCF/东方财富Choice数据,dfcf_vendor_only_unverified_by_exchange
2014-06-05,2589.96504218,1319.78587266,3909.75091484,-5.81426298,-0.22398911,0.05321592,0.00403233,-5.76104706,-0.14713394,DFCF/东方财富Choice数据,dfcf_vendor_only_unverified_by_exchange
2014-06-06,2587.83819562,1319.97487341,3907.81306903,-2.12684656,-0.08211874,0.18900075,0.01432056,-1.93784581,-0.04956443,DFCF/东方财富Choice数据,dfcf_vendor_only_unverified_by_exchange
2014-06-09,2588.13086318,1324.33746205,3912.46832523,0.29266756,0.01130935,4.36258864,0.33050543,4.65525620,0.11912689,DFCF/东方财富Choice数据,dfcf_vendor_only_unverified_by_exchange
2014-06-10,2589.15454209,1326.65627006,3915.81081215,1.02367891,0.03955283,2.31880801,0.17509193,3.34248692,0.08543167,DFCF/东方财富Choice数据,dfcf_vendor_only_unverified_by_exchange
2014-06-11,2593.31157651,1327.49429540,3920.80587191,4.15703442,0.16055567,0.83802534,0.06316823,4.99505976,0.12756131,DFCF/东方财富Choice数据,dfcf_vendor_only_unverified_by_exchange
2014-06-12,2600.95159980,1331.66994651,3932.62154631,7.64002329,0.29460491,4.17565111,0.31455134,11.81567440,0.30135831,DFCF/东方财富Choice数据,dfcf_vendor_only_unverified_by_exchange
2014-06-13,2592.34464249,1332.62832272,3924.97296521,-8.60695731,-0.33091570,0.95837621,0.07196800,-7.64858110,-0.19449065,DFCF/东方财富Choice数据,dfcf_vendor_only_unverified_by_exchange
2014-06-16,2598.30180798,1343.93068952,3942.23249750,5.95716549,0.22979836,11.30236680,0.84812596,17.25953229,0.43973634,DFCF/东方财富Choice数据,dfcf_vendor_only_unverified_by_exchange
2014-06-17,2612.62566962,1362.99717016,3975.62283978,14.32386164,0.55127782,19.06648064,1.41871012,33.39034228,0.84699069,DFCF/东方财富Choice数据,dfcf_vendor_only_unverified_by_exchange
2014-06-18,2634.64984389,1378.91876951,4013.56861340,22.02417427,0.84299004,15.92159935,1.16813150,37.94577362,0.95446110,DFCF/东方财富Choice数据,dfcf_vendor_only_unverified_by_exchange
2014-06-19,2644.16711355,1383.34689643,4027.51400998,9.51726966,0.36123471,4.42812692,0.32113037,13.94539658,0.34745629,DFCF/东方财富Choice数据,dfcf_vendor_only_unverified_by_exchange
2014-06-20,2644.62000733,1382.19049841,4026.81050574,0.45289378,0.01712803,-1.15639802,-0.08359422,-0.70350424,-0.01746746,DFCF/东方财富Choice数据,dfcf_vendor_only_unverified_by_exchange
2014-06-23,2644.23995477,1382.16533467,4026.40528944,-0.38005256,-0.01437078,-0.02516374,-0.00182057,-0.40521630,-0.01006296,DFCF/东方财富Choice数据,dfcf_vendor_only_unverified_by_exchange
2014-06-24,2645.57736440,1381.53448439,4027.11184879,1.33740963,0.05057822,-0.63085028,-0.04564217,0.70655935,0.01754814,DFCF/东方财富Choice数据,dfcf_vendor_only_unverified_by_exchange
2014-06-25,2648.26122031,1386.54302742,4034.80424773,2.68385591,0.10144689,5.00854303,0.36253478,7.69239894,0.19101528,DFCF/东方财富Choice数据,dfcf_vendor_only_unverified_by_exchange
2014-06-26,2639.01777459,1387.75464865,4026.77242324,-9.24344572,-0.34903829,1.21162123,0.08738432,-8.03182449,-0.19906355,DFCF/东方财富Choice数据,dfcf_vendor_only_unverified_by_exchange
2014-06-27,2628.43748934,1385.82906260,4014.26655194,-10.58028525,-0.40091754,-1.92558605,-0.13875551,-12.50587130,-0.31056812,DFCF/东方财富Choice数据,dfcf_vendor_only_unverified_by_exchange
2014-06-30,2637.35543924,1396.75360518,4034.10904442,8.91794990,0.33928712,10.92454258,0.78830376,19.84249248,0.49429933,DFCF/东方财富Choice数据,dfcf_vendor_only_unverified_by_exchange
2014-07-01,2646.07937184,1403.01846226,4049.09783410,8.72393260,0.33078335,6.26485708,0.44852987,14.98878968,0.37155143,DFCF/东方财富Choice数据,dfcf_vendor_only_unverified_by_exchange
2014-07-02,2652.40147977,1412.14732779,4064.54880756,6.32210793,0.23892359,9.12886553,0.65065897,15.45097346,0.38159052,DFCF/东方财富Choice数据,dfcf_vendor_only_unverified_by_exchange
2014-07-03,2659.74898727,1424.31849206,4084.06747933,7.34750750,0.27701340,12.17116427,0.86189054,19.51867177,0.48021743,DFCF/东方财富Choice数据,dfcf_vendor_only_unverified_by_exchange
2014-07-04,2654.36852269,1430.36468752,4084.73321021,-5.38046458,-0.20229219,6.04619546,0.42449743,0.66573088,0.01630068,DFCF/东方财富Choice数据,dfcf_vendor_only_unverified_by_exchange
2014-07-07,2666.51924011,1447.32310202,4113.84234213,12.15071742,0.45776302,16.95841450,1.18560075,29.10913192,0.71263239,DFCF/东方财富Choice数据,dfcf_vendor_only_unverified_by_exchange
2014-07-08,2677.71059963,1460.58741454,4138.29801417,11.19135952,0.41969919,13.26431252,0.91647211,24.45567204,0.59447276,DFCF/东方财富Choice数据,dfcf_vendor_only_unverified_by_exchange
2014-07-09,2689.76908835,1468.58751178,4158.35660013,12.05848872,0.45032830,8.00009724,0.54773149,20.05858596,0.48470617,DFCF/东方财富Choice数据,dfcf_vendor_only_unverified_by_exchange
2014-07-10,2701.50328048,1479.18438249,4180.68766297,11.73419213,0.43625277,10.59687071,0.72156890,22.33106284,0.53701654,DFCF/东方财富Choice数据,dfcf_vendor_only_unverified_by_exchange
2014-07-11,2703.36177205,1484.34713823,4187.70891028,1.85849157,0.06879472,5.16275574,0.34902719,7.02124731,0.16794479,DFCF/东方财富Choice数据,dfcf_vendor_only_unverified_by_exchange
2014-07-14,2716.92944012,1497.05817334,4213.98761346,13.56766807,0.50188133,12.71103511,0.85633844,26.27870318,0.62751981,DFCF/东方财富Choice数据,dfcf_vendor_only_unverified_by_exchange
2014-07-15,2723.82809571,1503.98955359,4227.81764930,6.89865559,0.25391368,6.93138025,0.46300006,13.83003584,0.32819356,DFCF/东方财富Choice数据,dfcf_vendor_only_unverified_by_exchange
2014-07-16,2736.77477762,1511.07413961,4247.84891723,12.94668191,0.47531200,7.08458602,0.47105287,20.03126793,0.47379688,DFCF/东方财富Choice数据,dfcf_vendor_only_unverified_by_exchange
2014-07-17,2740.21765613,1514.53736609,4254.75502222,3.44287851,0.12580058,3.46322648,0.22918971,6.90610499,0.16257888,DFCF/东方财富Choice数据,dfcf_vendor_only_unverified_by_exchange
2014-07-18,2730.67071370,1506.56631387,4237.23702757,-9.54694243,-0.34840088,-7.97105222,-0.52630278,-17.51799465,-0.41172746,DFCF/东方财富Choice数据,dfcf_vendor_only_unverified_by_exchange
2014-07-21,2728.00679038,1511.22355870,4239.23034908,-2.66392332,-0.09755564,4.65724483,0.30912976,1.99332151,0.04704296,DFCF/东方财富Choice数据,dfcf_vendor_only_unverified_by_exchange
2014-07-22,2738.82387833,1514.33243819,4253.15631652,10.81708795,0.39651983,3.10887949,0.20571936,13.92596744,0.32850226,DFCF/东方财富Choice数据,dfcf_vendor_only_unverified_by_exchange
2014-07-23,2757.45037661,1528.61324301,4286.06361962,18.62649828,0.68009113,14.28080482,0.94304292,32.90730310,0.77371488,DFCF/东方财富Choice数据,dfcf_vendor_only_unverified_by_exchange
2014-07-24,2773.37816759,1535.04405640,4308.42222399,15.92779098,0.57762747,6.43081339,0.42069591,22.35860437,0.52165825,DFCF/东方财富Choice数据,dfcf_vendor_only_unverified_by_exchange
2014-07-25,2763.38715895,1534.00798150,4297.39514045,-9.99100864,-0.36024689,-1.03607490,-0.06749480,-11.02708354,-0.25594250,DFCF/东方财富Choice数据,dfcf_vendor_only_unverified_by_exchange
2014-07-28,2757.92314276,1522.56189541,4280.48503817,-5.46401619,-0.19772894,-11.44608609,-0.74615558,-16.91010228,-0.39349657,DFCF/东方财富Choice数据,dfcf_vendor_only_unverified_by_exchange
2014-07-29,2774.36563438,1528.33431488,4302.69994926,16.44249162,0.59619107,5.77241947,0.37912544,22.21491109,0.51898116,DFCF/东方财富Choice数据,dfcf_vendor_only_unverified_by_exchange
2014-07-30,2811.91829508,1545.90068304,4357.81897812,37.55266070,1.35355846,17.56636816,1.14937995,55.11902886,1.28103353,DFCF/东方财富Choice数据,dfcf_vendor_only_unverified_by_exchange
2014-07-31,2834.72878022,1565.53677865,4400.26555887,22.81048514,0.81120725,19.63609561,1.27020421,42.44658075,0.97403267,DFCF/东方财富Choice数据,dfcf_vendor_only_unverified_by_exchange
2014-08-01,2828.07951055,1564.53118772,4392.61069827,-6.64926967,-0.23456458,-1.00559093,-0.06423298,-7.65486060,-0.17396361,DFCF/东方财富Choice数据,dfcf_vendor_only_unverified_by_exchange
2014-08-04,2856.98012007,1577.88137497,4434.86149504,28.90060952,1.02191644,13.35018725,0.85330272,42.25079677,0.96186072,DFCF/东方财富Choice数据,dfcf_vendor_only_unverified_by_exchange
2014-08-05,2880.90413294,1590.16516470,4471.06929764,23.92401287,0.83738815,12.28378973,0.77849894,36.20780260,0.81643593,DFCF/东方财富Choice数据,dfcf_vendor_only_unverified_by_exchange
2014-08-06,2916.15855527,1605.02620399,4521.18475926,35.25442233,1.22372772,14.86103929,0.93455948,50.11546162,1.12088313,DFCF/东方财富Choice数据,dfcf_vendor_only_unverified_by_exchange
2014-08-07,2947.18230086,1615.86436400,4563.04666486,31.02374559,1.06385661,10.83816001,0.67526374,41.86190560,0.92590566,DFCF/东方财富Choice数据,dfcf_vendor_only_unverified_by_exchange
2014-08-08,2958.37518089,1617.73588797,4576.11106886,11.19288003,0.37978241,1.87152397,0.11582185,13.06440400,0.28630880,DFCF/东方财富Choice数据,dfcf_vendor_only_unverified_by_exchange
2014-08-11,2974.15010530,1628.52733564,4602.67744094,15.77492441,0.53322934,10.79144767,0.66707104,26.56637208,0.58054474,DFCF/东方财富Choice数据,dfcf_vendor_only_unverified_by_exchange
2014-08-12,3004.55598098,1649.74841167,4654.30439265,30.40587568,1.02233830,21.22107603,1.30308381,51.62695171,1.12167217,DFCF/东方财富Choice数据,dfcf_vendor_only_unverified_by_exchange
2014-08-13,3041.60550816,1674.61113601,4716.21664417,37.04952718,1.23311156,24.86272434,1.50706157,61.91225152,1.33021492,DFCF/东方财富Choice数据,dfcf_vendor_only_unverified_by_exchange
2014-08-14,3072.93179271,1691.34129287,4764.27308558,31.32628455,1.02992595,16.73015686,0.99904727,48.05644141,1.01896170,DFCF/东方财富Choice数据,dfcf_vendor_only_unverified_by_exchange
2014-08-15,3085.05667412,1694.86106208,4779.91773620,12.12488141,0.39457047,3.51976921,0.20810520,15.64465062,0.32837435,DFCF/东方财富Choice数据,dfcf_vendor_only_unverified_by_exchange
2014-08-18,3111.44915581,1717.87204800,4829.32120381,26.39248169,0.85549423,23.01098592,1.35769158,49.40346761,1.03356314,DFCF/东方财富Choice数据,dfcf_vendor_only_unverified_by_exchange
2014-08-19,3140.00082686,1728.47992920,4868.48075606,28.55167105,0.91763258,10.60788120,0.61750124,39.15955225,0.81087073,DFCF/东方财富Choice数据,dfcf_vendor_only_unverified_by_exchange
2014-08-20,3169.19893355,1747.87344145,4917.07237500,29.19810669,0.92987576,19.39351225,1.12199812,48.59161894,0.99808588,DFCF/东方财富Choice数据,dfcf_vendor_only_unverified_by_exchange
2014-08-21,3197.81417111,1767.90093199,4965.71510310,28.61523756,0.90291705,20.02749054,1.14582040,48.64272810,0.98926199,DFCF/东方财富Choice数据,dfcf_vendor_only_unverified_by_exchange
2014-08-22,3207.12615102,1775.95643285,4983.08258387,9.31197991,0.29119828,8.05550086,0.45565341,17.36748077,0.34974783,DFCF/东方财富Choice数据,dfcf_vendor_only_unverified_by_exchange
2014-08-25,3226.92875254,1797.50871827,5024.43747081,19.80260152,0.61745627,21.55228542,1.21355935,41.35488694,0.82990571,DFCF/东方财富Choice数据,dfcf_vendor_only_unverified_by_exchange
2014-08-26,3246.39044384,1816.87145410,5063.26189794,19.46169130,0.60310260,19.36273583,1.07719844,38.82442713,0.77271192,DFCF/东方财富Choice数据,dfcf_vendor_only_unverified_by_exchange
2014-08-27,3270.33468171,1832.63199094,5102.96667265,23.94423787,0.73756494,15.76053684,0.86745470,39.70477471,0.78417383,DFCF/东方财富Choice数据,dfcf_vendor_only_unverified_by_exchange
2014-08-28,3319.74283614,1861.79508950,5181.53792564,49.40815443,1.51079811,29.16309856,1.59132323,78.57125299,1.53971715,DFCF/东方财富Choice数据,dfcf_vendor_only_unverified_by_exchange
2014-08-29,3330.28014188,1870.66201291,5200.94215479,10.53730574,0.31741331,8.86692341,0.47625668,19.40422915,0.37448783,DFCF/东方财富Choice数据,dfcf_vendor_only_unverified_by_exchange
2014-09-01,3349.93392377,1891.48341022,5241.41733399,19.65378189,0.59015401,20.82139731,1.11304967,40.47517920,0.77822783,DFCF/东方财富Choice数据,dfcf_vendor_only_unverified_by_exchange
2014-09-02,3343.04257645,1889.88952878,5232.93210523,-6.89134732,-0.20571592,-1.59388144,-0.08426621,-8.48522876,-0.16188806,DFCF/东方财富Choice数据,dfcf_vendor_only_unverified_by_exchange
2014-09-03,3344.51881572,1891.82008296,5236.33889868,1.47623927,0.04415855,1.93055418,0.10215169,3.40679345,0.06510296,DFCF/东方财富Choice数据,dfcf_vendor_only_unverified_by_exchange
2014-09-04,3376.16642418,1915.99924958,5292.16567376,31.64760846,0.94625297,24.17916662,1.27809018,55.82677508,1.06614137,DFCF/东方财富Choice数据,dfcf_vendor_only_unverified_by_exchange
2014-09-05,3371.14774267,1922.30401519,5293.45175786,-5.01868151,-0.14865030,6.30476561,0.32905888,1.28608410,0.02430166,DFCF/东方财富Choice数据,dfcf_vendor_only_unverified_by_exchange
2014-09-09,3424.44319645,1949.52306356,5373.96626001,53.29545378,1.58092904,27.21904837,1.41595961,80.51450215,1.52102080,DFCF/东方财富Choice数据,dfcf_vendor_only_unverified_by_exchange
2014-09-10,3470.84945437,1978.04122291,5448.89067728,46.40625792,1.35514755,28.51815935,1.46282749,74.92441727,1.39421079,DFCF/东方财富Choice数据,dfcf_vendor_only_unverified_by_exchange
2014-09-11,3513.56901278,2006.27702338,5519.84603616,42.71955841,1.23080989,28.23580047,1.42746269,70.95535888,1.30219825,DFCF/东方财富Choice数据,dfcf_vendor_only_unverified_by_exchange
2014-09-12,3545.92937514,2017.90280729,5563.83218243,32.36036236,0.92101115,11.62578391,0.57947052,43.98614627,0.79687270,DFCF/东方财富Choice数据,dfcf_vendor_only_unverified_by_exchange
2014-09-15,3601.55185805,2054.22474650,5655.77660455,55.62248291,1.56862918,36.32193921,1.79998457,91.94442212,1.65253766,DFCF/东方财富Choice数据,dfcf_vendor_only_unverified_by_exchange
2014-09-16,3645.61939383,2067.78495582,5713.40434965,44.06753578,1.22357077,13.56020932,0.66011323,57.62774510,1.01891834,DFCF/东方财富Choice数据,dfcf_vendor_only_unverified_by_exchange
2014-09-17,3680.35491871,2081.99324898,5762.34816769,34.73552488,0.95280174,14.20829316,0.68712625,48.94381804,0.85664894,DFCF/东方财富Choice数据,dfcf_vendor_only_unverified_by_exchange
2014-09-18,3710.22528916,2093.95171107,5804.17700023,29.87037045,0.81161657,11.95846209,0.57437564,41.82883254,0.72589908,DFCF/东方财富Choice数据,dfcf_vendor_only_unverified_by_exchange
2014-09-19,3714.14736256,2096.64826746,5810.79563002,3.92207340,0.10570984,2.69655639,0.12877835,6.61862979,0.11403218,DFCF/东方财富Choice数据,dfcf_vendor_only_unverified_by_exchange
2014-09-22,3776.41662610,2133.81690141,5910.23352751,62.26926354,1.67654262,37.16863395,1.77276439,99.43789749,1.71126131,DFCF/东方财富Choice数据,dfcf_vendor_only_unverified_by_exchange
2014-09-23,3804.99940014,2164.33330722,5969.33270736,28.58277404,0.75687555,30.51640581,1.43013235,59.09917985,0.99994661,DFCF/东方财富Choice数据,dfcf_vendor_only_unverified_by_exchange
2014-09-24,3880.77718595,2216.50790476,6097.28509071,75.77778581,1.99153214,52.17459754,2.41065447,127.95238335,2.14349559,DFCF/东方财富Choice数据,dfcf_vendor_only_unverified_by_exchange
2014-09-25,3931.51191091,2256.81032296,6188.32223387,50.73472496,1.30733414,40.30241820,1.81828443,91.03714316,1.49307670,DFCF/东方财富Choice数据,dfcf_vendor_only_unverified_by_exchange
2014-09-26,3951.31055448,2272.06882365,6223.37937813,19.79864357,0.50358854,15.25850069,0.67610913,35.05714426,0.56650483,DFCF/东方财富Choice数据,dfcf_vendor_only_unverified_by_exchange
2014-09-29,3930.42488212,2263.68010070,6194.10498282,-20.88567236,-0.52857582,-8.38872295,-0.36921078,-29.27439531,-0.47039387,DFCF/东方财富Choice数据,dfcf_vendor_only_unverified_by_exchange
2014-09-30,3862.27534354,2211.83132346,6074.10666700,-68.14953858,-1.73389750,-51.84877724,-2.29046398,-119.99831582,-1.93729871,DFCF/东方财富Choice数据,dfcf_vendor_only_unverified_by_exchange
2014-10-08,3973.96842118,2282.08036824,6256.04878942,111.69307764,2.89189837,70.24904478,3.17605796,181.94212242,2.99537253,DFCF/东方财富Choice数据,dfcf_vendor_only_unverified_by_exchange
2014-10-09,4035.98187437,2327.33934061,6363.32121498,62.01345319,1.56049185,45.25897237,1.98323306,107.27242556,1.71469931,DFCF/东方财富Choice数据,dfcf_vendor_only_unverified_by_exchange
2014-10-10,4074.59730065,2352.40705935,6427.00436000,38.61542628,0.95677898,25.06771874,1.07709771,63.68314502,1.00078470,DFCF/东方财富Choice数据,dfcf_vendor_only_unverified_by_exchange
2014-10-13,4138.17989559,2387.18075412,6525.36064971,63.58259494,1.56046329,34.77369477,1.47821758,98.35628971,1.53035978,DFCF/东方财富Choice数据,dfcf_vendor_only_unverified_by_exchange
2014-10-14,4179.13475124,2410.97505816,6590.10980940,40.95485565,0.98968282,23.79430404,0.99675335,64.74915969,0.99226944,DFCF/东方财富Choice数据,dfcf_vendor_only_unverified_by_exchange
2014-10-15,4222.66917101,2437.08517436,6659.75434537,43.53441977,1.04170893,26.11011620,1.08296915,69.64453597,1.05680388,DFCF/东方财富Choice数据,dfcf_vendor_only_unverified_by_exchange
2014-10-16,4245.30873677,2440.07042999,6685.37916676,22.63956576,0.53614349,2.98525563,0.12249287,25.62482139,0.38477127,DFCF/东方财富Choice数据,dfcf_vendor_only_unverified_by_exchange
2014-10-17,4253.11288395,2439.31556370,6692.42844765,7.80414718,0.18382991,-0.75486629,-0.03093625,7.04928089,0.10544325,DFCF/东方财富Choice数据,dfcf_vendor_only_unverified_by_exchange
2014-10-20,4278.24766563,2452.20110697,6730.44877260,25.13478168,0.59097377,12.88554327,0.52824421,38.02032495,0.56810955,DFCF/东方财富Choice数据,dfcf_vendor_only_unverified_by_exchange
2014-10-21,4303.06864259,2463.65692928,6766.72557187,24.82097696,0.58016690,11.45582231,0.46716488,36.27679927,0.53899525,DFCF/东方财富Choice数据,dfcf_vendor_only_unverified_by_exchange
2014-10-22,4328.71031115,2478.33277989,6807.04309104,25.64166856,0.59589262,14.67585061,0.59569376,40.31751917,0.59582022,DFCF/东方财富Choice数据,dfcf_vendor_only_unverified_by_exchange
2014-10-23,4369.85726360,2503.70954468,6873.56680828,41.14695245,0.95055916,25.37676479,1.02394501,66.52371724,0.97727775,DFCF/东方财富Choice数据,dfcf_vendor_only_unverified_by_exchange
2014-10-24,4390.35804092,2513.32983613,6903.68787705,20.50077732,0.46914066,9.62029145,0.38424151,30.12106877,0.43821599,DFCF/东方财富Choice数据,dfcf_vendor_only_unverified_by_exchange
2014-10-27,4417.44151692,2529.16459729,6946.60611421,27.08347600,0.61688536,15.83476116,0.63003116,42.91823716,0.62167117,DFCF/东方财富Choice数据,dfcf_vendor_only_unverified_by_exchange
2014-10-28,4403.02363994,2513.06469383,6916.08833377,-14.41787698,-0.32638524,-16.09990346,-0.63657002,-30.51778044,-0.43931929,DFCF/东方财富Choice数据,dfcf_vendor_only_unverified_by_exchange
2014-10-29,4396.52493432,2518.30402363,6914.82895795,-6.49870562,-0.14759643,5.23932980,0.20848368,-1.25937582,-0.01820937,DFCF/东方财富Choice数据,dfcf_vendor_only_unverified_by_exchange
2014-10-30,4434.42891214,2533.95341460,6968.38232674,37.90397782,0.86213494,15.64939097,0.62142580,53.55336879,0.77447134,DFCF/东方财富Choice数据,dfcf_vendor_only_unverified_by_exchange
2014-10-31,4443.31032561,2532.59536186,6975.90568747,8.88141347,0.20028314,-1.35805274,-0.05359423,7.52336073,0.10796424,DFCF/东方财富Choice数据,dfcf_vendor_only_unverified_by_exchange
2014-11-03,4498.02419175,2556.58025353,7054.60444528,54.71386614,1.23137621,23.98489167,0.94704792,78.69875781,1.12815112,DFCF/东方财富Choice数据,dfcf_vendor_only_unverified_by_exchange
2014-11-04,4534.45058673,2582.90310680,7117.35369353,36.42639498,0.80983102,26.32285327,1.02961185,62.74924825,0.88947933,DFCF/东方财富Choice数据,dfcf_vendor_only_unverified_by_exchange
2014-11-05,4566.79655698,2605.94884943,7172.74540641,32.34597025,0.71333825,23.04574263,0.89224186,55.39171288,0.77826275,DFCF/东方财富Choice数据,dfcf_vendor_only_unverified_by_exchange
2014-11-06,4602.87164514,2619.77486810,7222.64651324,36.07508816,0.78994297,13.82601867,0.53055603,49.90110683,0.69570442,DFCF/东方财富Choice数据,dfcf_vendor_only_unverified_by_exchange
2014-11-07,4607.94750926,2622.33726193,7230.28477119,5.07586412,0.11027603,2.56239383,0.09780970,7.63825795,0.10575428,DFCF/东方财富Choice数据,dfcf_vendor_only_unverified_by_exchange
2014-11-10,4640.90522420,2635.99380069,7276.89902489,32.95771494,0.71523634,13.65653876,0.52077736,46.61425370,0.64470841,DFCF/东方财富Choice数据,dfcf_vendor_only_unverified_by_exchange
2014-11-11,4685.11764722,2643.28693624,7328.40458346,44.21242302,0.95266809,7.29313555,0.27667499,51.50555857,0.70779543,DFCF/东方财富Choice数据,dfcf_vendor_only_unverified_by_exchange
2014-11-12,4717.92706194,2649.19682375,7367.12388569,32.80941472,0.70029009,5.90988751,0.22358101,38.71930223,0.52834559,DFCF/东方财富Choice数据,dfcf_vendor_only_unverified_by_exchange
2014-11-13,4741.02238964,2656.76217340,7397.78456304,23.09532770,0.48952278,7.56534965,0.28557144,30.66067735,0.41618246,DFCF/东方财富Choice数据,dfcf_vendor_only_unverified_by_exchange
2014-11-14,4744.51979124,2661.81873622,7406.33852746,3.49740160,0.07376893,5.05656282,0.19032802,8.55396442,0.11562873,DFCF/东方财富Choice数据,dfcf_vendor_only_unverified_by_exchange
2014-11-17,4767.97912474,2673.42627179,7441.40539653,23.45933350,0.49445117,11.60753557,0.43607536,35.06686907,0.47347105,DFCF/东方财富Choice数据,dfcf_vendor_only_unverified_by_exchange
2014-11-18,4793.87054532,2683.51515901,7477.38570433,25.89142058,0.54302714,10.08888722,0.37737668,35.98030780,0.48351495,DFCF/东方财富Choice数据,dfcf_vendor_only_unverified_by_exchange
2014-11-19,4816.91069603,2694.05793692,7510.96863295,23.04015071,0.48061687,10.54277791,0.39287193,33.58292862,0.44912661,DFCF/东方财富Choice数据,dfcf_vendor_only_unverified_by_exchange
2014-11-20,4833.84872787,2707.30793831,7541.15666618,16.93803184,0.35163683,13.25000139,0.49182318,30.18803323,0.40191931,DFCF/东方财富Choice数据,dfcf_vendor_only_unverified_by_exchange
2014-11-21,4857.87498700,2716.72855406,7574.60354106,24.02625913,0.49704202,9.42061575,0.34796986,33.44687488,0.44352447,DFCF/东方财富Choice数据,dfcf_vendor_only_unverified_by_exchange
2014-11-24,4992.60287798,2784.05738436,7776.66026234,134.72789098,2.77339148,67.32883030,2.47830539,202.05672128,2.66755508,DFCF/东方财富Choice数据,dfcf_vendor_only_unverified_by_exchange
2014-11-25,5097.81678532,2834.20919136,7932.02597668,105.21390734,2.10739588,50.15180700,1.80139272,155.36571434,1.99784624,DFCF/东方财富Choice数据,dfcf_vendor_only_unverified_by_exchange
2014-11-26,5186.02496677,2875.75797759,8061.78294436,88.20818145,1.73031290,41.54878623,1.46597458,129.75696768,1.63586161,DFCF/东方财富Choice数据,dfcf_vendor_only_unverified_by_exchange
2014-11-27,5229.13808670,2880.79438888,8109.93247558,43.11311993,0.83133267,5.03641129,0.17513335,48.14953122,0.59725661,DFCF/东方财富Choice数据,dfcf_vendor_only_unverified_by_exchange
2014-11-28,5289.92449890,2899.34216371,8189.26666261,60.78641220,1.16245567,18.54777483,0.64384237,79.33418703,0.97823487,DFCF/东方财富Choice数据,dfcf_vendor_only_unverified_by_exchange
2014-12-01,5383.92930415,2931.70546376,8315.63476791,94.00480525,1.77705382,32.36330005,1.11622907,126.36810530,1.54309428,DFCF/东方财富Choice数据,dfcf_vendor_only_unverified_by_exchange
2014-12-02,5457.12569004,2945.27445532,8402.40014536,73.19638589,1.35953468,13.56899156,0.46283611,86.76537745,1.04340053,DFCF/东方财富Choice数据,dfcf_vendor_only_unverified_by_exchange
2014-12-03,5520.52549201,2975.69545429,8496.22094630,63.39980197,1.16178013,30.42099897,1.03287485,93.82080094,1.11659525,DFCF/东方财富Choice数据,dfcf_vendor_only_unverified_by_exchange
2014-12-04,5694.29142951,3041.03426914,8735.32569865,173.76593750,3.14763400,65.33881485,2.19574939,239.10475235,2.81424829,DFCF/东方财富Choice数据,dfcf_vendor_only_unverified_by_exchange
2014-12-05,5754.83801438,3056.19301293,8811.03102731,60.54658487,1.06328567,15.15874379,0.49847330,75.70532866,0.86665719,DFCF/东方财富Choice数据,dfcf_vendor_only_unverified_by_exchange
2014-12-08,5959.95563719,3120.25936835,9080.21500554,205.11762281,3.56426406,64.06635542,2.09627976,269.18397823,3.05507922,DFCF/东方财富Choice数据,dfcf_vendor_only_unverified_by_exchange
2014-12-09,6054.92638583,3144.72401276,9199.65039859,94.97074864,1.59348080,24.46464441,0.78405804,119.43539305,1.31533662,DFCF/东方财富Choice数据,dfcf_vendor_only_unverified_by_exchange
2014-12-10,6140.42935191,3148.42016854,9288.84952045,85.50296608,1.41212231,3.69615578,0.11753514,89.19912186,0.96959252,DFCF/东方财富Choice数据,dfcf_vendor_only_unverified_by_exchange
2014-12-11,6173.81768756,3171.30122385,9345.11891141,33.38833565,0.54374595,22.88105531,0.72674720,56.26939096,0.60577352,DFCF/东方财富Choice数据,dfcf_vendor_only_unverified_by_exchange
2014-12-12,6193.76064853,3173.42860758,9367.18925611,19.94296097,0.32302478,2.12738373,0.06708236,22.07034470,0.23616976,DFCF/东方财富Choice数据,dfcf_vendor_only_unverified_by_exchange
2014-12-15,6287.31166297,3205.61784841,9492.92951138,93.55101444,1.51040732,32.18924083,1.01433638,125.74025527,1.34234776,DFCF/东方财富Choice数据,dfcf_vendor_only_unverified_by_exchange
2014-12-16,6379.58256722,3239.32822626,9618.91079348,92.27090425,1.46757325,33.71037785,1.05160314,125.98128210,1.32710647,DFCF/东方财富Choice数据,dfcf_vendor_only_unverified_by_exchange
2014-12-17,6484.49628389,3284.02340960,9768.51969349,104.91371667,1.64452322,44.69518334,1.37976704,149.60890001,1.55536217,DFCF/东方财富Choice数据,dfcf_vendor_only_unverified_by_exchange
2014-12-18,6573.56997782,3305.63940557,9879.20938339,89.07369393,1.37364091,21.61599597,0.65821687,110.68968990,1.13312655,DFCF/东方财富Choice数据,dfcf_vendor_only_unverified_by_exchange
2014-12-19,6672.60348402,3328.87991493,10001.48339895,99.03350620,1.50654069,23.24050936,0.70305640,122.27401556,1.23769029,DFCF/东方财富Choice数据,dfcf_vendor_only_unverified_by_exchange
2014-12-22,6705.95742509,3331.17999016,10037.13741525,33.35394107,0.49986398,2.30007523,0.06909457,35.65401630,0.35648728,DFCF/东方财富Choice数据,dfcf_vendor_only_unverified_by_exchange
2014-12-23,6690.05263570,3308.34683231,9998.39946801,-15.90478939,-0.23717403,-22.83315785,-0.68543753,-38.73794724,-0.38594617,DFCF/东方财富Choice数据,dfcf_vendor_only_unverified_by_exchange
2014-12-24,6672.20851499,3285.50084368,9957.70935867,-17.84412071,-0.26672616,-22.84598863,-0.69055603,-40.69010934,-0.40696623,DFCF/东方财富Choice数据,dfcf_vendor_only_unverified_by_exchange
2014-12-25,6729.74233665,3276.72264887,10006.46498552,57.53382166,0.86229052,-8.77819481,-0.26717981,48.75562685,0.48962693,DFCF/东方财富Choice数据,dfcf_vendor_only_unverified_by_exchange
2014-12-26,6786.46298701,3274.02063637,10060.48362338,56.72065036,0.84283539,-2.70201250,-0.08246082,54.01863786,0.53983737,DFCF/东方财富Choice数据,dfcf_vendor_only_unverified_by_exchange
2014-12-29,6876.78463441,3297.26505575,10174.04969016,90.32164740,1.33090901,23.24441938,0.70996557,113.56606678,1.12883308,DFCF/东方财富Choice数据,dfcf_vendor_only_unverified_by_exchange
2014-12-30,6917.81993774,3292.54424765,10210.36418539,41.03530333,0.59672224,-4.72080810,-0.14317345,36.31449523,0.35693255,DFCF/东方财富Choice数据,dfcf_vendor_only_unverified_by_exchange
2014-12-31,6903.04859709,3270.68013659,10173.72873368,-14.77134065,-0.21352595,-21.86411106,-0.66404912,-36.63545171,-0.35880651,DFCF/东方财富Choice数据,dfcf_vendor_only_unverified_by_exchange
2015-01-05,7000.07355731,3295.75457077,10295.82812808,97.02496022,1.40553784,25.07443418,0.76664281,122.09939440,1.20014399,DFCF/东方财富Choice数据,dfcf_vendor_only_unverified_by_exchange
2015-01-06,7073.91292198,3303.37451354,10377.28743552,73.83936467,1.05483698,7.61994277,0.23120480,81.45930744,0.79118752,DFCF/东方财富Choice数据,dfcf_vendor_only_unverified_by_exchange
2015-01-07,7157.29306750,3335.70682580,10492.99989330,83.38014552,1.17869907,32.33231226,0.97876617,115.71245778,1.11505496,DFCF/东方财富Choice数据,dfcf_vendor_only_unverified_by_exchange
2015-01-08,7184.85280095,3345.37113612,10530.22393707,27.55973345,0.38505805,9.66431032,0.28972301,37.22404377,0.35475121,DFCF/东方财富Choice数据,dfcf_vendor_only_unverified_by_exchange
2015-01-09,7264.00724109,3340.96183516,10604.96907625,79.15444014,1.10168492,-4.40930096,-0.13180304,74.74513918,0.70981529,DFCF/东方财富Choice数据,dfcf_vendor_only_unverified_by_exchange
2015-01-12,7358.78164519,3360.71465357,10719.49629876,94.77440410,1.30471241,19.75281841,0.59123149,114.52722251,1.07993924,DFCF/东方财富Choice数据,dfcf_vendor_only_unverified_by_exchange
2015-01-13,7408.93116001,3372.25655535,10781.18771536,50.14951482,0.68149209,11.54190178,0.34343593,61.69141660,0.57550667,DFCF/东方财富Choice数据,dfcf_vendor_only_unverified_by_exchange
2015-01-14,7497.50725573,3412.01284890,10909.52010463,88.57609572,1.19553136,39.75629355,1.17892257,128.33238927,1.19033628,DFCF/东方财富Choice数据,dfcf_vendor_only_unverified_by_exchange
2015-01-15,7623.82827637,3437.92509454,11061.75337091,126.32102064,1.68484026,25.91224564,0.75944162,152.23326628,1.39541671,DFCF/东方财富Choice数据,dfcf_vendor_only_unverified_by_exchange
2015-01-16,7666.60200847,3447.02543733,11113.62744580,42.77373210,0.56105319,9.10034279,0.26470451,51.87407489,0.46894984,DFCF/东方财富Choice数据,dfcf_vendor_only_unverified_by_exchange
2015-01-19,7520.47988453,3408.06323416,10928.54311869,-146.12212394,-1.90595682,-38.96220317,-1.13031377,-185.08432711,-1.66538178,DFCF/东方财富Choice数据,dfcf_vendor_only_unverified_by_exchange
2015-01-20,7507.62421151,3401.26356514,10908.88777665,-12.85567302,-0.17094219,-6.79966902,-0.19951710,-19.65534204,-0.17985327,DFCF/东方财富Choice数据,dfcf_vendor_only_unverified_by_exchange
2015-01-21,7545.95954233,3410.25863121,10956.21817354,38.33533082,0.51061867,8.99506607,0.26446248,47.33039689,0.43387005,DFCF/东方财富Choice数据,dfcf_vendor_only_unverified_by_exchange
2015-01-22,7616.68956446,3442.39309794,11059.08266240,70.73002213,0.93732310,32.13446673,0.94228826,102.86448886,0.93886857,DFCF/东方财富Choice数据,dfcf_vendor_only_unverified_by_exchange
2015-01-23,7660.38511313,3459.78090123,11120.16601436,43.69554867,0.57368163,17.38780329,0.50510801,61.08335196,0.55233652,DFCF/东方财富Choice数据,dfcf_vendor_only_unverified_by_exchange
2015-01-26,7713.73532853,3487.77876608,11201.51409461,53.35021540,0.69644299,27.99786485,0.80923809,81.34808025,0.73153656,DFCF/东方财富Choice数据,dfcf_vendor_only_unverified_by_exchange
2015-01-27,7738.37742011,3507.54154067,11245.91896078,24.64209158,0.31945731,19.76277459,0.56662925,44.40486617,0.39641843,DFCF/东方财富Choice数据,dfcf_vendor_only_unverified_by_exchange
2015-01-28,7759.33490835,3518.51747816,11277.85238651,20.95748824,0.27082536,10.97593749,0.31292395,31.93342573,0.28395568,DFCF/东方财富Choice数据,dfcf_vendor_only_unverified_by_exchange
2015-01-29,7775.61647997,3527.32777953,11302.94425950,16.28157162,0.20983205,8.81030137,0.25039811,25.09187299,0.22248804,DFCF/东方财富Choice数据,dfcf_vendor_only_unverified_by_exchange
2015-01-30,7739.77698926,3519.55320963,11259.33019889,-35.83949071,-0.46092153,-7.77456990,-0.22040962,-43.61406061,-0.38586460,DFCF/东方财富Choice数据,dfcf_vendor_only_unverified_by_exchange
2015-02-02,7748.66786825,3525.61010716,11274.27797541,8.89087899,0.11487255,6.05689753,0.17209280,14.94777652,0.13275902,DFCF/东方财富Choice数据,dfcf_vendor_only_unverified_by_exchange
2015-02-03,7737.41930732,3529.58981329,11267.00912061,-11.24856093,-0.14516767,3.97970613,0.11287993,-7.26885480,-0.06447291,DFCF/东方财富Choice数据,dfcf_vendor_only_unverified_by_exchange
2015-02-04,7747.70652233,3547.05059515,11294.75711748,10.28721501,0.13295408,17.46078186,0.49469720,27.74799687,0.24627651,DFCF/东方财富Choice数据,dfcf_vendor_only_unverified_by_exchange
2015-02-05,7779.70437249,3573.90541396,11353.60978645,31.99785016,0.41299771,26.85481881,0.75710278,58.85266897,0.52106184,DFCF/东方财富Choice数据,dfcf_vendor_only_unverified_by_exchange
2015-02-06,7796.41865766,3585.19133183,11381.60998949,16.71428517,0.21484473,11.28591787,0.31578670,28.00020304,0.24661939,DFCF/东方财富Choice数据,dfcf_vendor_only_unverified_by_exchange
2015-02-09,7867.47284226,3610.64738115,11478.12022341,71.05418460,0.91136954,25.45604932,0.71003322,96.51023392,0.84794888,DFCF/东方财富Choice数据,dfcf_vendor_only_unverified_by_exchange
2015-02-10,7978.91845821,3662.37990662,11641.29836483,111.44561595,1.41653639,51.73252547,1.43277701,163.17814142,1.42164517,DFCF/东方财富Choice数据,dfcf_vendor_only_unverified_by_exchange
2015-02-11,8051.11175134,3688.45039520,11739.56214654,72.19329313,0.90480049,26.07048858,0.71184556,98.26378171,0.84409641,DFCF/东方财富Choice数据,dfcf_vendor_only_unverified_by_exchange
2015-02-12,8040.93283315,3688.26323472,11729.19606787,-10.17891819,-0.12642873,-0.18716048,-0.00507423,-10.36607867,-0.08830039,DFCF/东方财富Choice数据,dfcf_vendor_only_unverified_by_exchange
2015-02-13,7791.62373527,3600.03378069,11391.65751596,-249.30909788,-3.10049969,-88.22945403,-2.39216803,-337.53855191,-2.87776374,DFCF/东方财富Choice数据,dfcf_vendor_only_unverified_by_exchange
2015-02-16,7729.80408663,3596.94721711,11326.75130374,-61.81964864,-0.79341163,-3.08656358,-0.08573707,-64.90621222,-0.56976969,DFCF/东方财富Choice数据,dfcf_vendor_only_unverified_by_exchange
2015-02-17,7534.61212526,3523.16072724,11057.77285250,-195.19196137,-2.52518640,-73.78648987,-2.05136427,-268.97845124,-2.37471843,DFCF/东方财富Choice数据,dfcf_vendor_only_unverified_by_exchange
2015-02-25,7709.68145360,3646.32460913,11356.00606273,175.06932834,2.32353471,123.16388189,3.49583489,298.23321023,2.69704591,DFCF/东方财富Choice数据,dfcf_vendor_only_unverified_by_exchange
2015-02-26,7789.01920692,3686.51595358,11475.53516050,79.33775332,1.02906655,40.19134445,1.10224263,119.52909777,1.05256282,DFCF/东方财富Choice数据,dfcf_vendor_only_unverified_by_exchange
2015-02-27,7808.43947820,3715.32933772,11523.76881592,19.42027128,0.24932884,28.81338414,0.78158848,48.23365542,0.42031726,DFCF/东方财富Choice数据,dfcf_vendor_only_unverified_by_exchange
2015-03-02,7927.91389697,3796.82012989,11724.73402686,119.47441877,1.53006781,81.49079217,2.19336658,200.96521094,1.74391915,DFCF/东方财富Choice数据,dfcf_vendor_only_unverified_by_exchange
2015-03-03,8041.00125942,3876.98010985,11917.98136927,113.08736245,1.42644539,80.15997996,2.11123986,193.24734241,1.64820236,DFCF/东方财富Choice数据,dfcf_vendor_only_unverified_by_exchange
2015-03-04,8112.53368861,3934.46997427,12047.00366288,71.53242919,0.88959605,57.48986442,1.48285167,129.02229361,1.08258513,DFCF/东方财富Choice数据,dfcf_vendor_only_unverified_by_exchange
2015-03-05,8194.02239652,3997.95847200,12191.98086852,81.48870791,1.00447913,63.48849773,1.61364804,144.97720564,1.20342958,DFCF/东方财富Choice数据,dfcf_vendor_only_unverified_by_exchange
2015-03-06,8243.79989028,4023.34159659,12267.14148687,49.77749376,0.60748545,25.38312459,0.63490216,75.16061835,0.61647586,DFCF/东方财富Choice数据,dfcf_vendor_only_unverified_by_exchange
2015-03-09,8348.78753182,4067.95907407,12416.74660589,104.98764154,1.27353457,44.61747748,1.10896568,149.60511902,1.21955974,DFCF/东方财富Choice数据,dfcf_vendor_only_unverified_by_exchange
2015-03-10,8485.37789505,4139.63887171,12625.01676676,136.59036323,1.63605030,71.67979764,1.76205798,208.27016087,1.67733278,DFCF/东方财富Choice数据,dfcf_vendor_only_unverified_by_exchange
2015-03-11,8640.04113742,4220.17577470,12860.21691212,154.66324237,1.82270306,80.53690299,1.94550553,235.20014536,1.86296897,DFCF/东方财富Choice数据,dfcf_vendor_only_unverified_by_exchange
2015-03-12,8780.75844620,4301.30407909,13082.06252529,140.71730878,1.62866480,81.12830439,1.92239160,221.84561317,1.72505343,DFCF/东方财富Choice数据,dfcf_vendor_only_unverified_by_exchange
2015-03-13,8806.11781488,4315.86133514,13121.97915002,25.35936868,0.28880613,14.55725605,0.33843820,39.91662473,0.30512486,DFCF/东方财富Choice数据,dfcf_vendor_only_unverified_by_exchange
2015-03-16,8748.50559115,4300.37375813,13048.87934928,-57.61222373,-0.65422954,-15.48757701,-0.35885252,-73.09980074,-0.55707908,DFCF/东方财富Choice数据,dfcf_vendor_only_unverified_by_exchange
2015-03-17,8818.82625541,4326.20976886,13145.03602427,70.32066426,0.80380202,25.83601073,0.60078524,96.15667499,0.73689604,DFCF/东方财富Choice数据,dfcf_vendor_only_unverified_by_exchange
2015-03-18,8961.08504027,4390.79318940,13351.87822967,142.25878486,1.61312606,64.58342054,1.49284071,206.84220540,1.57353852,DFCF/东方财富Choice数据,dfcf_vendor_only_unverified_by_exchange
2015-03-19,9117.56727783,4451.56834921,13569.13562704,156.48223756,1.74624208,60.77515981,1.38414991,217.25739737,1.62716731,DFCF/东方财富Choice数据,dfcf_vendor_only_unverified_by_exchange
2015-03-20,9270.02173004,4499.76925205,13769.79098209,152.45445221,1.67209572,48.20090284,1.08278474,200.65535505,1.47876299,DFCF/东方财富Choice数据,dfcf_vendor_only_unverified_by_exchange
2015-03-23,9359.61490802,4564.68114455,13924.29605257,89.59317798,0.96648293,64.91189250,1.44256047,154.50507048,1.12205821,DFCF/东方财富Choice数据,dfcf_vendor_only_unverified_by_exchange
2015-03-24,9489.28112150,4651.49520648,14140.77632798,129.66621348,1.38537979,86.81406193,1.90186476,216.48027541,1.55469458,DFCF/东方财富Choice数据,dfcf_vendor_only_unverified_by_exchange
2015-03-25,9600.86790787,4755.61580264,14356.48371051,111.58678637,1.17592455,104.12059616,2.23843284,215.70738253,1.52542815,DFCF/东方财富Choice数据,dfcf_vendor_only_unverified_by_exchange
2015-03-26,9715.29344684,4800.92915137,14516.22259821,114.42553897,1.19182495,45.31334873,0.95283872,159.73888770,1.11266025,DFCF/东方财富Choice数据,dfcf_vendor_only_unverified_by_exchange
2015-03-27,9746.95451811,4840.87216047,14587.82667858,31.66107127,0.32588899,39.94300910,0.83198497,71.60408037,0.49326937,DFCF/东方财富Choice数据,dfcf_vendor_only_unverified_by_exchange
2015-03-30,9873.05162447,4891.66892146,14764.72054593,126.09710636,1.29370775,50.79676099,1.04933077,176.89386735,1.21261289,DFCF/东方财富Choice数据,dfcf_vendor_only_unverified_by_exchange
2015-03-31,9921.14591127,4937.65560657,14858.80151784,48.09428680,0.48712686,45.98668511,0.94010216,94.08097191,0.63720117,DFCF/东方财富Choice数据,dfcf_vendor_only_unverified_by_exchange
2015-04-01,10075.00876332,5024.53651639,15099.54527971,153.86285205,1.55085767,86.88090982,1.75955791,240.74376187,1.62020982,DFCF/东方财富Choice数据,dfcf_vendor_only_unverified_by_exchange
2015-04-02,10198.32320645,5099.88379711,15298.20700356,123.31444313,1.22396363,75.34728072,1.49958669,198.66172385,1.31568018,DFCF/东方财富Choice数据,dfcf_vendor_only_unverified_by_exchange
2015-04-03,10283.39497560,5166.76930961,15450.16428521,85.07176915,0.83417408,66.88551250,1.31151052,151.95728165,0.99330125,DFCF/东方财富Choice数据,dfcf_vendor_only_unverified_by_exchange
2015-04-07,10490.19510305,5272.20275303,15762.39785608,206.80012745,2.01101025,105.43344342,2.04060675,312.23357087,2.02090777,DFCF/东方财富Choice数据,dfcf_vendor_only_unverified_by_exchange
2015-04-08,10639.07515309,5341.27452357,15980.34967666,148.88005004,1.41923052,69.07177054,1.31011218,217.95182058,1.38273264,DFCF/东方财富Choice数据,dfcf_vendor_only_unverified_by_exchange
2015-04-09,10800.32082669,5422.69865845,16223.01948514,161.24567360,1.51559860,81.42413488,1.52443269,242.66980848,1.51855130,DFCF/东方财富Choice数据,dfcf_vendor_only_unverified_by_exchange
2015-04-10,10936.46777627,5494.25865491,16430.72643118,136.14694958,1.26058246,71.55999646,1.31963808,207.70694604,1.28032236,DFCF/东方财富Choice数据,dfcf_vendor_only_unverified_by_exchange
2015-04-13,11126.44681454,5592.73638521,16719.18319975,189.97903827,1.73711515,98.47773030,1.79237521,288.45676857,1.75559352,DFCF/东方财富Choice数据,dfcf_vendor_only_unverified_by_exchange
2015-04-14,11324.44514795,5669.88822226,16994.33337021,197.99833341,1.77952887,77.15183705,1.37950069,275.15017046,1.64571539,DFCF/东方财富Choice数据,dfcf_vendor_only_unverified_by_exchange
2015-04-15,11461.27306376,5753.75934708,17215.03241084,136.82791581,1.20825271,83.87112482,1.47923771,220.69904063,1.29866254,DFCF/东方财富Choice数据,dfcf_vendor_only_unverified_by_exchange
2015-04-16,11571.82044282,5803.13399643,17374.95443925,110.54737906,0.96452967,49.37464935,0.85812851,159.92202841,0.92896734,DFCF/东方财富Choice数据,dfcf_vendor_only_unverified_by_exchange
2015-04-17,11491.57713135,5759.80304237,17251.38017372,-80.24331147,-0.69343723,-43.33095406,-0.74668195,-123.57426553,-0.71122066,DFCF/东方财富Choice数据,dfcf_vendor_only_unverified_by_exchange
2015-04-20,11430.69525623,5738.35282051,17169.04807674,-60.88187512,-0.52979564,-21.45022186,-0.37241242,-82.33209698,-0.47724933,DFCF/东方财富Choice数据,dfcf_vendor_only_unverified_by_exchange
2015-04-21,11535.74815097,5765.47480301,17301.22295398,105.05289474,0.91904204,27.12198250,0.47264404,132.17487724,0.76984395,DFCF/东方财富Choice数据,dfcf_vendor_only_unverified_by_exchange
2015-04-22,11726.65362874,5790.14805811,17516.80168685,190.90547777,1.65490331,24.67325510,0.42794836,215.57873287,1.24603176,DFCF/东方财富Choice数据,dfcf_vendor_only_unverified_by_exchange
2015-04-23,11856.43651435,5839.54018000,17695.97669435,129.78288561,1.10673419,49.39212189,0.85303729,179.17500750,1.02287513,DFCF/东方财富Choice数据,dfcf_vendor_only_unverified_by_exchange
2015-04-24,11923.02971884,5881.16857679,17804.19829563,66.59320449,0.56166289,41.62839679,0.71287114,108.22160128,0.61156049,DFCF/东方财富Choice数据,dfcf_vendor_only_unverified_by_exchange
2015-04-27,12105.43730393,5953.46164786,18058.89895179,182.40758509,1.52987613,72.29307107,1.22922970,254.70065616,1.43056515,DFCF/东方财富Choice数据,dfcf_vendor_only_unverified_by_exchange
2015-04-28,12156.07398598,5978.96481649,18135.03880247,50.63668205,0.41829701,25.50316863,0.42837546,76.13985068,0.42161956,DFCF/东方财富Choice数据,dfcf_vendor_only_unverified_by_exchange
2015-04-29,12214.06603476,6040.40735304,18254.47338780,57.99204878,0.47706232,61.44253655,1.02764506,119.43458533,0.65858467,DFCF/东方财富Choice数据,dfcf_vendor_only_unverified_by_exchange
2015-04-30,12243.34129835,6066.82432092,18310.16561927,29.27526359,0.23968483,26.41696788,0.43733752,55.69223147,0.30508813,DFCF/东方财富Choice数据,dfcf_vendor_only_unverified_by_exchange
2015-05-04,12413.03319482,6159.89564964,18572.92884446,169.69189647,1.38599335,93.07132872,1.53410291,262.76322519,1.43506744,DFCF/东方财富Choice数据,dfcf_vendor_only_unverified_by_exchange
2015-05-05,12442.31572418,6232.84032637,18675.15605055,29.28252936,0.23590148,72.94467673,1.18418689,102.22720609,0.55040972,DFCF/东方财富Choice数据,dfcf_vendor_only_unverified_by_exchange
2015-05-06,12588.20234374,6310.54246062,18898.74480436,145.88661956,1.17250376,77.70213425,1.24665690,223.58875381,1.19725240,DFCF/东方财富Choice数据,dfcf_vendor_only_unverified_by_exchange
2015-05-07,12658.72162917,6341.09844230,18999.82007147,70.51928543,0.56020140,30.55598168,0.48420531,101.07526711,0.53482529,DFCF/东方财富Choice数据,dfcf_vendor_only_unverified_by_exchange
2015-05-08,12457.86699057,6299.20926522,18757.07625579,-200.85463860,-1.58668975,-41.88917708,-0.66059812,-242.74381568,-1.27761113,DFCF/东方财富Choice数据,dfcf_vendor_only_unverified_by_exchange
2015-05-11,12475.05935416,6348.00787585,18823.06723001,17.19236359,0.13800407,48.79861063,0.77467835,65.99097422,0.35181909,DFCF/东方财富Choice数据,dfcf_vendor_only_unverified_by_exchange
2015-05-12,12566.07720425,6385.56990053,18951.64710478,91.01785009,0.72959853,37.56202468,0.59171358,128.57987477,0.68309736,DFCF/东方财富Choice数据,dfcf_vendor_only_unverified_by_exchange
2015-05-13,12654.06189486,6486.41272851,19140.47462337,87.98469061,0.70017627,100.84282798,1.57922988,188.82751859,0.99636468,DFCF/东方财富Choice数据,dfcf_vendor_only_unverified_by_exchange
2015-05-14,12714.67867961,6549.28816141,19263.96684102,60.61678475,0.47903025,62.87543290,0.96934061,123.49221765,0.64518890,DFCF/东方财富Choice数据,dfcf_vendor_only_unverified_by_exchange
2015-05-15,12703.78616254,6585.59612843,19289.38229097,-10.89251707,-0.08566883,36.30796702,0.55438036,25.41544995,0.13193259,DFCF/东方财富Choice数据,dfcf_vendor_only_unverified_by_exchange
2015-05-18,12789.51775452,6688.94577990,19478.46353442,85.73159198,0.67485072,103.34965147,1.56932872,189.08124345,0.98023483,DFCF/东方财富Choice数据,dfcf_vendor_only_unverified_by_exchange
2015-05-19,12942.45193796,6826.34693915,19768.79887711,152.93418344,1.19577756,137.40115925,2.05415268,290.33534269,1.49054540,DFCF/东方财富Choice数据,dfcf_vendor_only_unverified_by_exchange
2015-05-20,13100.06880147,6957.32198743,20057.39078890,157.61686351,1.21782846,130.97504828,1.91866967,288.59191179,1.45983534,DFCF/东方财富Choice数据,dfcf_vendor_only_unverified_by_exchange
2015-05-21,13211.76723760,7036.03611405,20247.80335165,111.69843613,0.85265534,78.71412662,1.13138542,190.41256275,0.94933865,DFCF/东方财富Choice数据,dfcf_vendor_only_unverified_by_exchange
2015-05-22,13145.67656582,6994.21477055,20139.89133637,-66.09067178,-0.50024096,-41.82134350,-0.59438785,-107.91201528,-0.53295665,DFCF/东方财富Choice数据,dfcf_vendor_only_unverified_by_exchange
2015-05-25,13189.98299726,7047.70029656,20237.68329382,44.30643144,0.33704185,53.48552601,0.76471095,97.79195745,0.48556348,DFCF/东方财富Choice数据,dfcf_vendor_only_unverified_by_exchange
2015-05-26,13295.61906147,7131.50293302,20427.12199449,105.63606421,0.80088097,83.80263646,1.18907775,189.43870067,0.93606910,DFCF/东方财富Choice数据,dfcf_vendor_only_unverified_by_exchange
2015-05-27,13369.90097550,7183.18501558,20553.08599108,74.28191403,0.55869466,51.68208256,0.72470113,125.96399659,0.61665073,DFCF/东方财富Choice数据,dfcf_vendor_only_unverified_by_exchange
2015-05-28,13454.59596439,7220.38309273,20674.97905712,84.69498889,0.63347506,37.19807715,0.51784935,121.89306604,0.59306455,DFCF/东方财富Choice数据,dfcf_vendor_only_unverified_by_exchange
2015-05-29,13482.87000435,7236.71219259,20719.58219694,28.27403996,0.21014410,16.32909986,0.22615282,44.60313982,0.21573487,DFCF/东方财富Choice数据,dfcf_vendor_only_unverified_by_exchange
2015-06-01,13671.27995718,7330.07153665,21001.35149383,188.40995283,1.39740243,93.35934406,1.29007955,281.76929689,1.35991785,DFCF/东方财富Choice数据,dfcf_vendor_only_unverified_by_exchange
2015-06-02,13878.82217728,7422.14105246,21300.96322974,207.54222010,1.51808917,92.06951581,1.25605208,299.61173591,1.42663074,DFCF/东方财富Choice数据,dfcf_vendor_only_unverified_by_exchange
2015-06-03,14029.27079454,7470.86620524,21500.13699978,150.44861726,1.08401574,48.72515278,0.65648379,199.17377004,0.93504584,DFCF/东方财富Choice数据,dfcf_vendor_only_unverified_by_exchange
2015-06-04,14123.00874405,7522.90936643,21645.91811048,93.73794951,0.66815981,52.04316119,0.69661482,145.78111070,0.67804736,DFCF/东方财富Choice数据,dfcf_vendor_only_unverified_by_exchange
2015-06-05,14126.10800411,7481.57582936,21607.68383347,3.09926006,0.02194476,-41.33353707,-0.54943553,-38.23427701,-0.17663504,DFCF/东方财富Choice数据,dfcf_vendor_only_unverified_by_exchange
2015-06-08,14191.55431830,7464.42467724,21655.97899554,65.44631419,0.46330040,-17.15115212,-0.22924518,48.29516207,0.22350920,DFCF/东方财富Choice数据,dfcf_vendor_only_unverified_by_exchange
2015-06-09,14286.37577543,7484.77647040,21771.15224583,94.82145713,0.66815414,20.35179316,0.27265053,115.17325029,0.53183119,DFCF/东方财富Choice数据,dfcf_vendor_only_unverified_by_exchange
2015-06-10,14369.53511811,7549.30196763,21918.83708574,83.15934268,0.58208845,64.52549723,0.86208984,147.68483991,0.67835105,DFCF/东方财富Choice数据,dfcf_vendor_only_unverified_by_exchange
2015-06-11,14438.68735753,7619.79456459,22058.48192212,69.15223942,0.48124201,70.49259696,0.93376311,139.64483638,0.63709966,DFCF/东方财富Choice数据,dfcf_vendor_only_unverified_by_exchange
2015-06-12,14535.79989204,7671.22163366,22207.02152570,97.11253451,0.67258562,51.42706907,0.67491412,148.53960358,0.67338996,DFCF/东方财富Choice数据,dfcf_vendor_only_unverified_by_exchange
2015-06-15,14607.71548784,7711.59310316,22319.30859100,71.91559580,0.49474811,40.37146950,0.52627171,112.28706530,0.50563767,DFCF/东方财富Choice数据,dfcf_vendor_only_unverified_by_exchange
2015-06-16,14639.51216264,7754.94763565,22394.45979829,31.79667480,0.21767041,43.35453249,0.56219943,75.15120729,0.33670939,DFCF/东方财富Choice数据,dfcf_vendor_only_unverified_by_exchange
2015-06-17,14751.03559271,7799.39203269,22550.42762540,111.52343007,0.76179745,44.44439704,0.57311021,155.96782711,0.69645720,DFCF/东方财富Choice数据,dfcf_vendor_only_unverified_by_exchange
2015-06-18,14829.10960306,7837.24333715,22666.35294021,78.07401035,0.52927816,37.85130446,0.48531096,115.92531481,0.51407147,DFCF/东方财富Choice数据,dfcf_vendor_only_unverified_by_exchange
2015-06-19,14792.99517720,7817.85835539,22610.85353259,-36.11442586,-0.24353739,-19.38498176,-0.24734439,-55.49940762,-0.24485372,DFCF/东方财富Choice数据,dfcf_vendor_only_unverified_by_exchange
2015-06-23,14688.45650070,7779.39378393,22467.85028463,-104.53867650,-0.70667688,-38.46457146,-0.49200906,-143.00324796,-0.63245400,DFCF/东方财富Choice数据,dfcf_vendor_only_unverified_by_exchange
2015-06-24,14399.71876069,7666.27175015,22065.99051084,-288.73774001,-1.96574596,-113.12203378,-1.45412402,-401.85977379,-1.78859913,DFCF/东方财富Choice数据,dfcf_vendor_only_unverified_by_exchange
2015-06-25,14232.48786555,7585.93917931,21818.42704486,-167.23089514,-1.16134834,-80.33257084,-1.04787012,-247.56346598,-1.12192320,DFCF/东方财富Choice数据,dfcf_vendor_only_unverified_by_exchange
2015-06-26,13870.49624743,7387.07126516,21257.56751259,-361.99161812,-2.54341772,-198.86791415,-2.62153320,-560.85953227,-2.57057730,DFCF/东方财富Choice数据,dfcf_vendor_only_unverified_by_exchange
2015-06-29,13604.22100831,7236.44734435,20840.66835266,-266.27523912,-1.91972395,-150.62392081,-2.03902082,-416.89915993,-1.96117999,DFCF/东方财富Choice数据,dfcf_vendor_only_unverified_by_exchange
2015-06-30,13355.03814173,7091.62691967,20446.66506140,-249.18286658,-1.83165847,-144.82042468,-2.00126413,-394.00329126,-1.89055017,DFCF/东方财富Choice数据,dfcf_vendor_only_unverified_by_exchange
2015-07-01,13288.18572775,7017.49001117,20305.67573892,-66.85241398,-0.50057823,-74.13690850,-1.04541467,-140.98932248,-0.68954679,DFCF/东方财富Choice数据,dfcf_vendor_only_unverified_by_exchange
2015-07-02,12938.27661966,6858.37823740,19796.65485706,-349.90910809,-2.63323463,-159.11177377,-2.26736017,-509.02088186,-2.50679115,DFCF/东方财富Choice数据,dfcf_vendor_only_unverified_by_exchange
2015-07-03,12449.76682669,6617.71568517,19067.48251186,-488.50979297,-3.77569446,-240.66255223,-3.50903003,-729.17234520,-3.68331090,DFCF/东方财富Choice数据,dfcf_vendor_only_unverified_by_exchange
2015-07-06,11514.09843974,6190.37358022,17704.47201996,-935.66838695,-7.51554949,-427.34210495,-6.45754706,-1363.01049190,-7.14835055,DFCF/东方财富Choice数据,dfcf_vendor_only_unverified_by_exchange
2015-07-07,10530.97367290,5730.04327197,16261.01694487,-983.12476684,-8.53844330,-460.33030825,-7.43622824,-1443.45507509,-8.15305350,DFCF/东方财富Choice数据,dfcf_vendor_only_unverified_by_exchange
2015-07-08,9408.70474994,5152.12343591,14560.82818585,-1122.26892296,-10.65683913,-577.91983606,-10.08578485,-1700.18875902,-10.45561151,DFCF/东方财富Choice数据,dfcf_vendor_only_unverified_by_exchange
2015-07-09,9278.49404820,5101.59216727,14380.08621547,-130.21070174,-1.38393865,-50.53126864,-0.98078529,-180.74197038,-1.24128908,DFCF/东方财富Choice数据,dfcf_vendor_only_unverified_by_exchange
2015-07-10,9323.05971025,5059.45776955,14382.51747980,44.56566205,0.48031137,-42.13439772,-0.82590682,2.43126433,0.01690716,DFCF/东方财富Choice数据,dfcf_vendor_only_unverified_by_exchange
2015-07-13,9342.71207261,5027.05215185,14369.76422446,19.65236236,0.21079305,-32.40561770,-0.64049586,-12.75325534,-0.08867193,DFCF/东方财富Choice数据,dfcf_vendor_only_unverified_by_exchange
2015-07-14,9367.54623345,5021.65088913,14389.19712258,24.83416084,0.26581319,-5.40126272,-0.10744394,19.43289812,0.13523463,DFCF/东方财富Choice数据,dfcf_vendor_only_unverified_by_exchange
2015-07-15,9205.24732197,4993.70428784,14198.95160981,-162.29891148,-1.73256590,-27.94660129,-0.55652219,-190.24551277,-1.32214126,DFCF/东方财富Choice数据,dfcf_vendor_only_unverified_by_exchange
2015-07-16,9183.96130560,5002.71915831,14186.68046391,-21.28601637,-0.23123785,9.01487047,0.18052472,-12.27114590,-0.08642290,DFCF/东方财富Choice数据,dfcf_vendor_only_unverified_by_exchange
2015-07-17,9213.38704319,5042.55441761,14255.94146080,29.42573759,0.32040354,39.83525930,0.79627215,69.26099689,0.48821144,DFCF/东方财富Choice数据,dfcf_vendor_only_unverified_by_exchange
2015-07-20,9213.48386943,5024.82065141,14238.30452084,0.09682624,0.00105093,-17.73376620,-0.35168220,-17.63693996,-0.12371642,DFCF/东方财富Choice数据,dfcf_vendor_only_unverified_by_exchange
2015-07-21,9286.15710814,5040.55215370,14326.70926184,72.67323871,0.78877046,15.73150229,0.31307590,88.40474100,0.62089374,DFCF/东方财富Choice数据,dfcf_vendor_only_unverified_by_exchange
2015-07-22,9288.81478891,5075.35705730,14364.17184621,2.65768077,0.02861981,34.80490360,0.69049784,37.46258437,0.26148771,DFCF/东方财富Choice数据,dfcf_vendor_only_unverified_by_exchange
2015-07-23,9413.69680547,5140.57673710,14554.27354257,124.88201656,1.34443435,65.21967980,1.28502643,190.10169636,1.32344348,DFCF/东方财富Choice数据,dfcf_vendor_only_unverified_by_exchange
2015-07-24,9408.22832963,5135.99336968,14544.22169931,-5.46847584,-0.05809063,-4.58336742,-0.08916057,-10.05184326,-0.06906455,DFCF/东方财富Choice数据,dfcf_vendor_only_unverified_by_exchange
2015-07-27,9193.73759165,5075.51673784,14269.25432949,-214.49073798,-2.27982071,-60.47663184,-1.17750603,-274.96736982,-1.89056091,DFCF/东方财富Choice数据,dfcf_vendor_only_unverified_by_exchange
2015-07-28,8874.62793572,4918.38698549,13793.01492121,-319.10965593,-3.47094588,-157.12975235,-3.09583754,-476.23940828,-3.33752134,DFCF/东方财富Choice数据,dfcf_vendor_only_unverified_by_exchange
2015-07-29,8817.33008327,4874.38624110,13691.71632437,-57.29785245,-0.64563667,-44.00074439,-0.89461737,-101.29859684,-0.73441954,DFCF/东方财富Choice数据,dfcf_vendor_only_unverified_by_exchange
2015-07-30,8816.52186879,4862.49919886,13679.02106765,-0.80821448,-0.00916620,-11.88704224,-0.24386747,-12.69525672,-0.09272217,DFCF/东方财富Choice数据,dfcf_vendor_only_unverified_by_exchange
2015-07-31,8599.70601967,4754.46028932,13354.16630899,-216.81584912,-2.45919936,-108.03890954,-2.22188025,-324.85475866,-2.37483923,DFCF/东方财富Choice数据,dfcf_vendor_only_unverified_by_exchange
2015-08-03,8324.75432082,4613.34491176,12938.09923258,-274.95169885,-3.19722207,-141.11537756,-2.96806302,-416.06707641,-3.11563498,DFCF/东方财富Choice数据,dfcf_vendor_only_unverified_by_exchange
2015-08-04,8421.08030431,4672.69519933,13093.77550364,96.32598349,1.15710302,59.35028757,1.28649144,155.67627106,1.20323912,DFCF/东方财富Choice数据,dfcf_vendor_only_unverified_by_exchange
2015-08-05,8423.01741836,4668.10514866,13091.12256702,1.93711405,0.02300315,-4.59005067,-0.09823133,-2.65293662,-0.02026105,DFCF/东方财富Choice数据,dfcf_vendor_only_unverified_by_exchange
2015-08-06,8398.38718760,4655.55351702,13053.94070462,-24.63023076,-0.29241576,-12.55163164,-0.26888065,-37.18186240,-0.28402348,DFCF/东方财富Choice数据,dfcf_vendor_only_unverified_by_exchange
2015-08-07,8456.29259242,4686.03376994,13142.32636236,57.90540482,0.68948244,30.48025292,0.65470739,88.38565774,0.67708028,DFCF/东方财富Choice数据,dfcf_vendor_only_unverified_by_exchange
2015-08-10,8612.23721255,4759.81646428,13372.05367683,155.94462013,1.84412517,73.78269434,1.57452332,229.72731447,1.74799581,DFCF/东方财富Choice数据,dfcf_vendor_only_unverified_by_exchange
2015-08-11,8701.03319713,4810.40889023,13511.44208736,88.79598458,1.03104434,50.59242595,1.06290707,139.38841053,1.04238596,DFCF/东方财富Choice数据,dfcf_vendor_only_unverified_by_exchange
2015-08-12,8737.94479627,4818.86311617,13556.80791244,36.91159914,0.42422087,8.45422594,0.17574859,45.36582508,0.33575857,DFCF/东方财富Choice数据,dfcf_vendor_only_unverified_by_exchange
2015-08-13,8827.74372393,4866.95514736,13694.69887129,89.79892766,1.02768935,48.09203119,0.99799538,137.89095885,1.01713441,DFCF/东方财富Choice数据,dfcf_vendor_only_unverified_by_exchange
2015-08-14,8860.85989804,4887.66646815,13748.52636619,33.11617411,0.37513747,20.71132079,0.42554986,53.82749490,0.39305351,DFCF/东方财富Choice数据,dfcf_vendor_only_unverified_by_exchange
2015-08-17,8945.06794785,4947.23065282,13892.29860067,84.20804981,0.95033722,59.56418467,1.21866304,143.77223448,1.04572832,DFCF/东方财富Choice数据,dfcf_vendor_only_unverified_by_exchange
2015-08-18,8798.99884284,4888.23492890,13687.23377174,-146.06910501,-1.63295691,-58.99572392,-1.19249997,-205.06482893,-1.47610439,DFCF/东方财富Choice数据,dfcf_vendor_only_unverified_by_exchange
2015-08-19,8754.42817227,4864.40616365,13618.83433592,-44.57067057,-0.50654252,-23.82876525,-0.48747177,-68.39943582,-0.49973163,DFCF/东方财富Choice数据,dfcf_vendor_only_unverified_by_exchange
2015-08-20,8692.28227066,4845.84219079,13538.12446145,-62.14590161,-0.70987962,-18.56397286,-0.38162876,-80.70987447,-0.59263423,DFCF/东方财富Choice数据,dfcf_vendor_only_unverified_by_exchange
2015-08-21,8486.30862572,4750.23987344,13236.54849916,-205.97364494,-2.36961523,-95.60231735,-1.97287311,-301.57596229,-2.22760518,DFCF/东方财富Choice数据,dfcf_vendor_only_unverified_by_exchange
2015-08-24,7959.43105071,4495.43942965,12454.87048036,-526.87757501,-6.20856014,-254.80044379,-5.36394899,-781.67801880,-5.90545201,DFCF/东方财富Choice数据,dfcf_vendor_only_unverified_by_exchange
2015-08-25,7405.36035623,4196.53124847,11601.89160470,-554.07069448,-6.96118467,-298.90818118,-6.64914267,-852.97887566,-6.84855677,DFCF/东方财富Choice数据,dfcf_vendor_only_unverified_by_exchange
2015-08-26,7065.22058254,4013.01348852,11078.23407106,-340.13977369,-4.59315627,-183.51775995,-4.37308217,-523.65753364,-4.51355306,DFCF/东方财富Choice数据,dfcf_vendor_only_unverified_by_exchange
2015-08-27,6850.22556433,3895.23776632,10745.46333065,-214.99501821,-3.04300504,-117.77572220,-2.93484491,-332.77074041,-3.00382478,DFCF/东方财富Choice数据,dfcf_vendor_only_unverified_by_exchange
2015-08-28,6831.18490904,3891.19575750,10722.38066654,-19.04065529,-0.27795662,-4.04200882,-0.10376796,-23.08266411,-0.21481311,DFCF/东方财富Choice数据,dfcf_vendor_only_unverified_by_exchange
2015-08-31,6731.27713583,3828.32812309,10559.60525892,-99.90777321,-1.46252480,-62.86763441,-1.61563793,-162.77540762,-1.51809018,DFCF/东方财富Choice数据,dfcf_vendor_only_unverified_by_exchange
2015-09-01,6428.34471301,3693.85950822,10122.20422123,-302.93242282,-4.50037068,-134.46861487,-3.51246316,-437.40103769,-4.14221012,DFCF/东方财富Choice数据,dfcf_vendor_only_unverified_by_exchange
2015-09-02,6062.66170176,3528.87786561,9591.53956737,-365.68301125,-5.68860302,-164.98164261,-4.46637568,-530.66465386,-5.24258000,DFCF/东方财富Choice数据,dfcf_vendor_only_unverified_by_exchange
2015-09-07,6158.72695111,3595.44041278,9754.16736389,96.06524935,1.58453917,66.56254717,1.88622417,162.62779652,1.69553381,DFCF/东方财富Choice数据,dfcf_vendor_only_unverified_by_exchange
2015-09-08,6133.26503591,3596.32889283,9729.59392874,-25.46191520,-0.41342822,0.88848005,0.02471130,-24.57343515,-0.25192755,DFCF/东方财富Choice数据,dfcf_vendor_only_unverified_by_exchange
2015-09-09,6223.02002741,3649.74955542,9872.76958283,89.75499150,1.46341290,53.42066259,1.48542206,143.17565409,1.47154809,DFCF/东方财富Choice数据,dfcf_vendor_only_unverified_by_exchange
2015-09-10,6198.85682685,3643.09103755,9841.94786440,-24.16320056,-0.38828737,-6.65851787,-0.18243767,-30.82171843,-0.31218918,DFCF/东方财富Choice数据,dfcf_vendor_only_unverified_by_exchange
2015-09-11,6188.50315756,3629.93260509,9818.43576265,-10.35366929,-0.16702546,-13.15843246,-0.36118868,-23.51210175,-0.23889683,DFCF/东方财富Choice数据,dfcf_vendor_only_unverified_by_exchange
2015-09-14,5998.79253495,3535.18510882,9533.97764377,-189.71062261,-3.06553326,-94.74749627,-2.61017232,-284.45811888,-2.89718368,DFCF/东方财富Choice数据,dfcf_vendor_only_unverified_by_exchange
2015-09-15,5871.14144804,3456.06919457,9327.21064261,-127.65108691,-2.12794635,-79.11591425,-2.23795676,-206.76700116,-2.16873805,DFCF/东方财富Choice数据,dfcf_vendor_only_unverified_by_exchange
2015-09-16,5881.77192339,3470.00896835,9351.78089174,10.63047535,0.18106318,13.93977378,0.40334186,24.57024913,0.26342548,DFCF/东方财富Choice数据,dfcf_vendor_only_unverified_by_exchange
2015-09-17,5904.67294488,3478.68983179,9383.36277667,22.90102149,0.38935582,8.68086344,0.25016833,31.58188493,0.33770985,DFCF/东方财富Choice数据,dfcf_vendor_only_unverified_by_exchange
2015-09-18,5889.29671900,3472.84755690,9362.14427590,-15.37622588,-0.26040775,-5.84227489,-0.16794469,-21.21850077,-0.22612896,DFCF/东方财富Choice数据,dfcf_vendor_only_unverified_by_exchange
2015-09-21,5896.11425721,3482.83136964,9378.94562685,6.81753821,0.11576150,9.98381274,0.28748203,16.80135095,0.17946050,DFCF/东方财富Choice数据,dfcf_vendor_only_unverified_by_exchange
2015-09-22,5901.05583869,3483.73107279,9384.78691148,4.94158148,0.08381082,0.89970315,0.02583252,5.84128463,0.06228082,DFCF/东方财富Choice数据,dfcf_vendor_only_unverified_by_exchange
2015-09-23,5881.55766896,3488.62246310,9370.18013206,-19.49816973,-0.33041832,4.89139031,0.14040666,-14.60677942,-0.15564317,DFCF/东方财富Choice数据,dfcf_vendor_only_unverified_by_exchange
2015-09-24,5880.59276593,3491.52980691,9372.12257284,-0.96490303,-0.01640557,2.90734381,0.08333787,1.94244078,0.02073003,DFCF/东方财富Choice数据,dfcf_vendor_only_unverified_by_exchange
2015-09-25,5791.63991185,3455.38288563,9247.02279748,-88.95285408,-1.51265115,-36.14692128,-1.03527460,-125.09977536,-1.33480729,DFCF/东方财富Choice数据,dfcf_vendor_only_unverified_by_exchange
2015-09-28,5781.37194581,3476.71486613,9258.08681194,-10.26796604,-0.17728944,21.33198050,0.61735504,11.06401446,0.11964948,DFCF/东方财富Choice数据,dfcf_vendor_only_unverified_by_exchange
2015-09-29,5734.30370272,3448.64615171,9182.94985443,-47.06824309,-0.81413622,-28.06871442,-0.80733438,-75.13695751,-0.81158191,DFCF/东方财富Choice数据,dfcf_vendor_only_unverified_by_exchange
2015-09-30,5651.07689421,3389.43286646,9040.50976067,-83.22680851,-1.45138473,-59.21328525,-1.71700089,-142.44009376,-1.55113657,DFCF/东方财富Choice数据,dfcf_vendor_only_unverified_by_exchange
2015-10-08,5734.23934505,3461.11855937,9195.35790442,83.16245084,1.47162129,71.68569291,2.11497604,154.84814375,1.71282536,DFCF/东方财富Choice数据,dfcf_vendor_only_unverified_by_exchange
2015-10-09,5738.34927910,3470.51753251,9208.86681161,4.10993405,0.07167357,9.39897314,0.27155883,13.50890719,0.14691007,DFCF/东方财富Choice数据,dfcf_vendor_only_unverified_by_exchange
2015-10-12,5908.26463139,3541.87268018,9450.13731157,169.91535229,2.96104932,71.35514767,2.05603767,241.27049996,2.61998034,DFCF/东方财富Choice数据,dfcf_vendor_only_unverified_by_exchange
2015-10-13,5923.59492869,3570.98825623,9494.58318492,15.33029730,0.25947208,29.11557605,0.82203904,44.44587335,0.47031987,DFCF/东方财富Choice数据,dfcf_vendor_only_unverified_by_exchange
2015-10-14,5954.65800492,3593.91915344,9548.57715836,31.06307623,0.52439569,22.93089721,0.64214429,53.99397344,0.56868187,DFCF/东方财富Choice数据,dfcf_vendor_only_unverified_by_exchange
2015-10-15,6008.62476185,3652.24067914,9660.86544099,53.96675693,0.90629482,58.32152570,1.62278346,112.28828263,1.17596874,DFCF/东方财富Choice数据,dfcf_vendor_only_unverified_by_exchange
2015-10-16,6024.83217134,3673.28852147,9698.12069281,16.20740949,0.26973576,21.04784233,0.57629943,37.25525182,0.38563058,DFCF/东方财富Choice数据,dfcf_vendor_only_unverified_by_exchange
2015-10-19,6084.23367347,3737.65462867,9821.88830214,59.40150213,0.98594451,64.36610720,1.75227475,123.76760933,1.27620199,DFCF/东方财富Choice数据,dfcf_vendor_only_unverified_by_exchange
2015-10-20,6145.65648086,3785.28574870,9930.94222956,61.42280739,1.00954057,47.63112003,1.27435852,109.05392742,1.11031529,DFCF/东方财富Choice数据,dfcf_vendor_only_unverified_by_exchange
2015-10-21,6095.97972675,3754.89901292,9850.87873967,-49.67675411,-0.80832299,-30.38673578,-0.80275936,-80.06348989,-0.80620235,DFCF/东方财富Choice数据,dfcf_vendor_only_unverified_by_exchange
2015-10-22,6148.55939334,3834.48706603,9983.04645937,52.57966659,0.86253021,79.58805311,2.11957906,132.16771970,1.34168457,DFCF/东方财富Choice数据,dfcf_vendor_only_unverified_by_exchange
2015-10-23,6187.15633159,3889.16141368,10076.31774527,38.59693825,0.62773954,54.67434765,1.42585818,93.27128590,0.93429682,DFCF/东方财富Choice数据,dfcf_vendor_only_unverified_by_exchange
2015-10-26,6254.45402262,3955.52150573,10209.97552835,67.29769103,1.08769986,66.36009205,1.70628279,133.65778308,1.32645463,DFCF/东方财富Choice数据,dfcf_vendor_only_unverified_by_exchange
2015-10-27,6280.33239007,3996.09225675,10276.42464682,25.87836745,0.41375902,40.57075102,1.02567388,66.44911847,0.65082544,DFCF/东方财富Choice数据,dfcf_vendor_only_unverified_by_exchange
2015-10-28,6259.71542441,3993.96345382,10253.67887823,-20.61696566,-0.32827826,-2.12880293,-0.05327212,-22.74576859,-0.22133932,DFCF/东方财富Choice数据,dfcf_vendor_only_unverified_by_exchange
2015-10-29,6284.13061152,4037.37426794,10321.50487946,24.41518711,0.39003669,43.41081412,1.08691065,67.82600123,0.66147967,DFCF/东方财富Choice数据,dfcf_vendor_only_unverified_by_exchange
2015-10-30,6268.61304247,4033.45548720,10302.06852967,-15.51756905,-0.24693263,-3.91878074,-0.09706261,-19.43634979,-0.18830926,DFCF/东方财富Choice数据,dfcf_vendor_only_unverified_by_exchange
2015-11-02,6245.80223050,4031.44003168,10277.24226218,-22.81081197,-0.36388930,-2.01545552,-0.04996846,-24.82626749,-0.24098333,DFCF/东方财富Choice数据,dfcf_vendor_only_unverified_by_exchange
2015-11-03,6246.41794601,4043.15324117,10289.57118718,0.61571551,0.00985807,11.71320949,0.29054654,12.32892500,0.11996336,DFCF/东方财富Choice数据,dfcf_vendor_only_unverified_by_exchange
2015-11-04,6364.55607760,4130.02696228,10494.58303988,118.13813159,1.89129406,86.87372111,2.14866259,205.01185270,1.99242368,DFCF/东方财富Choice数据,dfcf_vendor_only_unverified_by_exchange
2015-11-05,6487.56449213,4187.30772360,10674.87221573,123.00841453,1.93271004,57.28076132,1.38693432,180.28917585,1.71792605,DFCF/东方财富Choice数据,dfcf_vendor_only_unverified_by_exchange
2015-11-06,6573.55073852,4234.87140458,10808.42214310,85.98624639,1.32540103,47.56368098,1.13590125,133.54992737,1.25106816,DFCF/东方财富Choice数据,dfcf_vendor_only_unverified_by_exchange
2015-11-09,6788.46032704,4351.88104397,11140.34137101,214.90958852,3.26930752,117.00963939,2.76300336,331.91922791,3.07093139,DFCF/东方财富Choice数据,dfcf_vendor_only_unverified_by_exchange
2015-11-10,6928.49446365,4422.88018676,11351.37465041,140.03413661,2.06282618,70.99914279,1.63145872,211.03327940,1.89431609,DFCF/东方财富Choice数据,dfcf_vendor_only_unverified_by_exchange
2015-11-11,6985.88480945,4513.24319084,11499.12800029,57.39034580,0.82832347,90.36300408,2.04308053,147.75334988,1.30163398,DFCF/东方财富Choice数据,dfcf_vendor_only_unverified_by_exchange
2015-11-12,7042.64669504,4590.02047278,11632.66716782,56.76188559,0.81252250,76.77728194,1.70115544,133.53916753,1.16129821,DFCF/东方财富Choice数据,dfcf_vendor_only_unverified_by_exchange
2015-11-13,7040.17531196,4601.87358032,11642.04889228,-2.47138308,-0.03509168,11.85310754,0.25823649,9.38172446,0.08064981,DFCF/东方财富Choice数据,dfcf_vendor_only_unverified_by_exchange
2015-11-16,7097.65973662,4671.76090609,11769.42064271,57.48442466,0.81651979,69.88732577,1.51867114,127.37175043,1.09406644,DFCF/东方财富Choice数据,dfcf_vendor_only_unverified_by_exchange
2015-11-17,7191.46385419,4753.81816828,11945.28202247,93.80411757,1.32162038,82.05726219,1.75645252,175.86137976,1.49422291,DFCF/东方财富Choice数据,dfcf_vendor_only_unverified_by_exchange
2015-11-18,7181.28393345,4773.49511755,11954.77905100,-10.17992074,-0.14155561,19.67694927,0.41391885,9.49702853,0.07950443,DFCF/东方财富Choice数据,dfcf_vendor_only_unverified_by_exchange
2015-11-19,7236.77944809,4856.44150604,12093.22095413,55.49551464,0.77277984,82.94638849,1.73764477,138.44190313,1.15804652,DFCF/东方财富Choice数据,dfcf_vendor_only_unverified_by_exchange
2015-11-20,7274.83864902,4914.40514083,12189.24378985,38.05920093,0.52591351,57.96363479,1.19354129,96.02283572,0.79402201,DFCF/东方财富Choice数据,dfcf_vendor_only_unverified_by_exchange
2015-11-23,7249.44067772,4901.47834279,12150.91902051,-25.39797130,-0.34912075,-12.92679804,-0.26303892,-38.32476934,-0.31441466,DFCF/东方财富Choice数据,dfcf_vendor_only_unverified_by_exchange
2015-11-24,7243.56454195,4928.29839713,12171.86293908,-5.87613577,-0.08105640,26.82005434,0.54718296,20.94391857,0.17236489,DFCF/东方财富Choice数据,dfcf_vendor_only_unverified_by_exchange
2015-11-25,7228.71325612,4963.04416380,12191.75741992,-14.85128583,-0.20502731,34.74576667,0.70502563,19.89448084,0.16344647,DFCF/东方财富Choice数据,dfcf_vendor_only_unverified_by_exchange
2015-11-26,7215.62735545,4957.78002956,12173.40738501,-13.08590067,-0.18102669,-5.26413424,-0.10606664,-18.35003491,-0.15051181,DFCF/东方财富Choice数据,dfcf_vendor_only_unverified_by_exchange
2015-11-27,7075.71655449,4867.36416738,11943.08072187,-139.91080096,-1.93899704,-90.41586218,-1.82371670,-230.32666314,-1.89204761,DFCF/东方财富Choice数据,dfcf_vendor_only_unverified_by_exchange
2015-11-30,7057.12846824,4875.43764636,11932.56611460,-18.58808625,-0.26270253,8.07347898,0.16586963,-10.51460727,-0.08803932,DFCF/东方财富Choice数据,dfcf_vendor_only_unverified_by_exchange
2015-12-01,7075.73181220,4876.67944960,11952.41126180,18.60334396,0.26361067,1.24180324,0.02547060,19.84514720,0.16631081,DFCF/东方财富Choice数据,dfcf_vendor_only_unverified_by_exchange
2015-12-02,7057.19889489,4850.85117143,11908.05006632,-18.53291731,-0.26192227,-25.82827817,-0.52962838,-44.36119548,-0.37114850,DFCF/东方财富Choice数据,dfcf_vendor_only_unverified_by_exchange
2015-12-03,7012.15140017,4837.30213419,11849.45353436,-45.04749472,-0.63831976,-13.54903724,-0.27931257,-58.59653196,-0.49207495,DFCF/东方财富Choice数据,dfcf_vendor_only_unverified_by_exchange
2015-12-04,6892.29679014,4749.77818244,11642.07497258,-119.85461003,-1.70924162,-87.52395175,-1.80935466,-207.37856178,-1.75011076,DFCF/东方财富Choice数据,dfcf_vendor_only_unverified_by_exchange
2015-12-07,6886.43130171,4746.30636414,11632.73766585,-5.86548843,-0.08510209,-3.47181830,-0.07309432,-9.33730673,-0.08020311,DFCF/东方财富Choice数据,dfcf_vendor_only_unverified_by_exchange
2015-12-08,6835.38869003,4720.48221063,11555.87090066,-51.04261168,-0.74120556,-25.82415351,-0.54408948,-76.86676519,-0.66077967,DFCF/东方财富Choice数据,dfcf_vendor_only_unverified_by_exchange
2015-12-09,6818.76332446,4722.49644756,11541.25977202,-16.62536557,-0.24322487,2.01423693,0.04267015,-14.61112864,-0.12643901,DFCF/东方财富Choice数据,dfcf_vendor_only_unverified_by_exchange
2015-12-10,6801.81466516,4718.63708372,11520.45174888,-16.94865930,-0.24855914,-3.85936384,-0.08172296,-20.80802314,-0.18029248,DFCF/东方财富Choice数据,dfcf_vendor_only_unverified_by_exchange
2015-12-11,6791.72485848,4720.08128192,11511.80614040,-10.08980668,-0.14833992,1.44419820,0.03060626,-8.64560848,-0.07504574,DFCF/东方财富Choice数据,dfcf_vendor_only_unverified_by_exchange
2015-12-14,6867.34828731,4785.58726084,11652.93554815,75.62342883,1.11346426,65.50597892,1.38781464,141.12940775,1.22595365,DFCF/东方财富Choice数据,dfcf_vendor_only_unverified_by_exchange
2015-12-15,6869.03667749,4817.13512936,11686.17180685,1.68839018,0.02458577,31.54786852,0.65922669,33.23625870,0.28521791,DFCF/东方财富Choice数据,dfcf_vendor_only_unverified_by_exchange
2015-12-16,6872.94173008,4843.82867758,11716.77040766,3.90505259,0.05685008,26.69354822,0.55413742,30.59860081,0.26183597,DFCF/东方财富Choice数据,dfcf_vendor_only_unverified_by_exchange
2015-12-17,6855.14996801,4851.13301374,11706.28298175,-17.79176207,-0.25886677,7.30433616,0.15079675,-10.48742591,-0.08950782,DFCF/东方财富Choice数据,dfcf_vendor_only_unverified_by_exchange
2015-12-18,6850.13347232,4860.32494977,11710.45842209,-5.01649569,-0.07317850,9.19193603,0.18948019,4.17544034,0.03566837,DFCF/东方财富Choice数据,dfcf_vendor_only_unverified_by_exchange
2015-12-21,6902.04973913,4904.68237765,11806.73211678,51.91626681,0.75788694,44.35742788,0.91264326,96.27369469,0.82211722,DFCF/东方财富Choice数据,dfcf_vendor_only_unverified_by_exchange
2015-12-22,6945.84343597,4958.90928603,11904.75272200,43.79369684,0.63450277,54.22690838,1.10561509,98.02060522,0.83020945,DFCF/东方财富Choice数据,dfcf_vendor_only_unverified_by_exchange
2015-12-23,7015.76990450,5008.68791669,12024.45782119,69.92646853,1.00673833,49.77863066,1.00382217,119.70509919,1.00552361,DFCF/东方财富Choice数据,dfcf_vendor_only_unverified_by_exchange
2015-12-24,7040.55938831,5040.24962717,12080.80901548,24.78948381,0.35333946,31.56171048,0.63013929,56.35119429,0.46863813,DFCF/东方财富Choice数据,dfcf_vendor_only_unverified_by_exchange
2015-12-25,7029.06554042,5047.72214499,12076.78768541,-11.49384789,-0.16325191,7.47251782,0.14825690,-4.02133007,-0.03328693,DFCF/东方财富Choice数据,dfcf_vendor_only_unverified_by_exchange
2015-12-28,6908.42371910,4956.35892706,11864.78264616,-120.64182132,-1.71632802,-91.36321793,-1.80998905,-212.00503925,-1.75547542,DFCF/东方财富Choice数据,dfcf_vendor_only_unverified_by_exchange
2015-12-29,6896.99599137,4970.70382702,11867.69981839,-11.42772773,-0.16541730,14.34489996,0.28942416,2.91717223,0.02458682,DFCF/东方财富Choice数据,dfcf_vendor_only_unverified_by_exchange
2015-12-30,6906.24418175,4977.04960328,11883.29378503,9.24819038,0.13409012,6.34577626,0.12766354,15.59396664,0.13139839,DFCF/东方财富Choice数据,dfcf_vendor_only_unverified_by_exchange
2015-12-31,6805.22261155,4907.84946519,11713.07207674,-101.02157020,-1.46275700,-69.20013809,-1.39038474,-170.22170829,-1.43244551,DFCF/东方财富Choice数据,dfcf_vendor_only_unverified_by_exchange
2016-01-04,6742.50015171,4845.75797895,11588.25813066,-62.72245984,-0.92168124,-62.09148624,-1.26514651,-124.81394608,-1.06559530,DFCF/东方财富Choice数据,dfcf_vendor_only_unverified_by_exchange
2016-01-05,6624.24991011,4750.37821454,11374.62812465,-118.25024160,-1.75380406,-95.37976441,-1.96831465,-213.63000601,-1.84350403,DFCF/东方财富Choice数据,dfcf_vendor_only_unverified_by_exchange
2016-01-06,6596.59894611,4719.11650743,11315.71545354,-27.65096400,-0.41742030,-31.26170711,-0.65808880,-58.91267111,-0.51793052,DFCF/东方财富Choice数据,dfcf_vendor_only_unverified_by_exchange
2016-01-07,6536.19923734,4664.43947090,11200.63870824,-60.39970877,-0.91561893,-54.67703653,-1.15862866,-115.07674530,-1.01696394,DFCF/东方财富Choice数据,dfcf_vendor_only_unverified_by_exchange
2016-01-08,6409.40954450,4556.63747282,10966.04701732,-126.78969284,-1.93980765,-107.80199808,-2.31114582,-234.59169092,-2.09444923,DFCF/东方财富Choice数据,dfcf_vendor_only_unverified_by_exchange
2016-01-11,6222.58836431,4398.19813926,10620.78650357,-186.82118019,-2.91479549,-158.43933356,-3.47711080,-345.26051375,-3.14845006,DFCF/东方财富Choice数据,dfcf_vendor_only_unverified_by_exchange
2016-01-12,6104.86743606,4322.50707788,10427.37451394,-117.72092825,-1.89183217,-75.69106138,-1.72095615,-193.41198963,-1.82107031,DFCF/东方财富Choice数据,dfcf_vendor_only_unverified_by_exchange
2016-01-13,6004.45497232,4235.30065764,10239.75562996,-100.41246374,-1.64479352,-87.20642024,-2.01749630,-187.61888398,-1.79929170,DFCF/东方财富Choice数据,dfcf_vendor_only_unverified_by_exchange
2016-01-14,5941.63365933,4200.59853764,10142.23219697,-62.82131299,-1.04624505,-34.70212000,-0.81935435,-97.52343299,-0.95240000,DFCF/东方财富Choice数据,dfcf_vendor_only_unverified_by_exchange
2016-01-15,5854.78803003,4120.17156874,9974.95959877,-86.84562930,-1.46164564,-80.42696890,-1.91465498,-167.27259820,-1.64926808,DFCF/东方财富Choice数据,dfcf_vendor_only_unverified_by_exchange
2016-01-18,5840.10365373,4129.08216832,9969.18582205,-14.68437630,-0.25080970,8.91059958,0.21626768,-5.77377672,-0.05788271,DFCF/东方财富Choice数据,dfcf_vendor_only_unverified_by_exchange
2016-01-19,5834.01330073,4119.26731181,9953.28061254,-6.09035300,-0.10428502,-9.81485651,-0.23770068,-15.90520951,-0.15954372,DFCF/东方财富Choice数据,dfcf_vendor_only_unverified_by_exchange
2016-01-20,5819.73101059,4095.86464227,9915.59565286,-14.28229014,-0.24481072,-23.40266954,-0.56812699,-37.68495968,-0.37861848,DFCF/东方财富Choice数据,dfcf_vendor_only_unverified_by_exchange
2016-01-21,5779.82711229,4052.70608058,9832.53319287,-39.90389830,-0.68566568,-43.15856169,-1.05371064,-83.06245999,-0.83769511,DFCF/东方财富Choice数据,dfcf_vendor_only_unverified_by_exchange
2016-01-22,5747.03509699,4043.18829793,9790.22339492,-32.79201530,-0.56735288,-9.51778265,-0.23485006,-42.30979795,-0.43030415,DFCF/东方财富Choice数据,dfcf_vendor_only_unverified_by_exchange
2016-01-25,5730.53955612,4022.03566211,9752.57521823,-16.49554087,-0.28702697,-21.15263582,-0.52316722,-37.64817669,-0.38454870,DFCF/东方财富Choice数据,dfcf_vendor_only_unverified_by_exchange
2016-01-26,5589.48682056,3920.46422005,9509.95104061,-141.05273556,-2.46142155,-101.57144206,-2.52537398,-242.62417762,-2.48779601,DFCF/东方财富Choice数据,dfcf_vendor_only_unverified_by_exchange
2016-01-27,5463.09759767,3833.90619246,9297.00379013,-126.38922289,-2.26119547,-86.55802759,-2.20785149,-212.94725048,-2.23920449,DFCF/东方财富Choice数据,dfcf_vendor_only_unverified_by_exchange
2016-01-28,5373.99576006,3759.98689752,9133.98265758,-89.10183761,-1.63097649,-73.91929494,-1.92804130,-163.02113255,-1.75348033,DFCF/东方财富Choice数据,dfcf_vendor_only_unverified_by_exchange
2016-01-29,5330.33638244,3740.74144236,9071.07782480,-43.65937762,-0.81241928,-19.24545516,-0.51184900,-62.90483278,-0.68869008,DFCF/东方财富Choice数据,dfcf_vendor_only_unverified_by_exchange
2016-02-01,5283.84301655,3692.46465622,8976.30767277,-46.49336589,-0.87224075,-48.27678614,-1.29056731,-94.77015203,-1.04475073,DFCF/东方财富Choice数据,dfcf_vendor_only_unverified_by_exchange
2016-02-02,5288.45887864,3692.58699665,8981.04587529,4.61586209,0.08735805,0.12234043,0.00331325,4.73820252,0.05278565,DFCF/东方财富Choice数据,dfcf_vendor_only_unverified_by_exchange
2016-02-03,5264.28042632,3663.39438448,8927.67481080,-24.17845232,-0.45719278,-29.19261217,-0.79057344,-53.37106449,-0.59426335,DFCF/东方财富Choice数据,dfcf_vendor_only_unverified_by_exchange
2016-02-04,5243.37017843,3640.55761650,8883.92779493,-20.91024789,-0.39720999,-22.83676798,-0.62337727,-43.74701587,-0.49001579,DFCF/东方财富Choice数据,dfcf_vendor_only_unverified_by_exchange
2016-02-05,5140.93133618,3558.41975713,8699.35109331,-102.43884225,-1.95368320,-82.13785937,-2.25618897,-184.57670162,-2.07764748,DFCF/东方财富Choice数据,dfcf_vendor_only_unverified_by_exchange
2016-02-15,5152.56205943,3579.97001779,8732.53207722,11.63072325,0.22623767,21.55026066,0.60561323,33.18098391,0.38141907,DFCF/东方财富Choice数据,dfcf_vendor_only_unverified_by_exchange
2016-02-16,5182.15198164,3607.65112587,8789.80310751,29.58992221,0.57427590,27.68110808,0.77322179,57.27103029,0.65583533,DFCF/东方财富Choice数据,dfcf_vendor_only_unverified_by_exchange
2016-02-17,5187.78341837,3615.81753584,8803.60095421,5.63143673,0.10866985,8.16640997,0.22636363,13.79784670,0.15697561,DFCF/东方财富Choice数据,dfcf_vendor_only_unverified_by_exchange
2016-02-18,5193.82998740,3633.38319105,8827.21317845,6.04656903,0.11655400,17.56565521,0.48580038,23.61222424,0.26821098,DFCF/东方财富Choice数据,dfcf_vendor_only_unverified_by_exchange
2016-02-19,5178.32856204,3639.28803190,8817.61659394,-15.50142536,-0.29845847,5.90484085,0.16251633,-9.59658451,-0.10871590,DFCF/东方财富Choice数据,dfcf_vendor_only_unverified_by_exchange
2016-02-22,5192.50340741,3658.96479440,8851.46820181,14.17484537,0.27373399,19.67676250,0.54067615,33.85160787,0.38390882,DFCF/东方财富Choice数据,dfcf_vendor_only_unverified_by_exchange
2016-02-23,5191.05100581,3657.62933506,8848.68034087,-1.45240160,-0.02797112,-1.33545934,-0.03649828,-2.78786094,-0.03149603,DFCF/东方财富Choice数据,dfcf_vendor_only_unverified_by_exchange
2016-02-24,5204.89250248,3665.48524791,8870.37775039,13.84149667,0.26664151,7.85591285,0.21478155,21.69740952,0.24520503,DFCF/东方财富Choice数据,dfcf_vendor_only_unverified_by_exchange
2016-02-25,5135.48523851,3598.70572258,8734.19096109,-69.40726397,-1.33350043,-66.77952533,-1.82184679,-136.18678930,-1.53529864,DFCF/东方财富Choice数据,dfcf_vendor_only_unverified_by_exchange
2016-02-26,5099.38422697,3576.25014971,8675.63437668,-36.10101154,-0.70297177,-22.45557287,-0.62399025,-58.55658441,-0.67042940,DFCF/东方财富Choice数据,dfcf_vendor_only_unverified_by_exchange
2016-02-29,5010.41987179,3498.30134491,8508.72121670,-88.96435518,-1.74460977,-77.94880480,-2.17962395,-166.91315998,-1.92393032,DFCF/东方财富Choice数据,dfcf_vendor_only_unverified_by_exchange
2016-03-01,4999.09493421,3484.07484917,8483.16978338,-11.32493758,-0.22602772,-14.22649574,-0.40666868,-25.55143332,-0.30029699,DFCF/东方财富Choice数据,dfcf_vendor_only_unverified_by_exchange
2016-03-02,5023.50546037,3500.26780836,8523.77326873,24.41052616,0.48829891,16.19295919,0.46477070,40.60348535,0.47863577,DFCF/东方财富Choice数据,dfcf_vendor_only_unverified_by_exchange
2016-03-03,5030.92878470,3511.66323022,8542.59201492,7.42332433,0.14777180,11.39542186,0.32555857,18.81874619,0.22077953,DFCF/东方财富Choice数据,dfcf_vendor_only_unverified_by_exchange
2016-03-04,4949.27660917,3462.75888727,8412.03549644,-81.65217553,-1.62300400,-48.90434295,-1.39262622,-130.55651848,-1.52830099,DFCF/东方财富Choice数据,dfcf_vendor_only_unverified_by_exchange
2016-03-07,4974.12906564,3483.22401889,8457.35308453,24.85245647,0.50214321,20.46513162,0.59100654,45.31758809,0.53872322,DFCF/东方财富Choice数据,dfcf_vendor_only_unverified_by_exchange
2016-03-08,4957.50615429,3480.89980926,8438.40596355,-16.62291135,-0.33418737,-2.32420963,-0.06672582,-18.94712098,-0.22403133,DFCF/东方财富Choice数据,dfcf_vendor_only_unverified_by_exchange
2016-03-09,4928.29696125,3465.10690799,8393.40386924,-29.20919304,-0.58919126,-15.79290127,-0.45370169,-45.00209431,-0.53330089,DFCF/东方财富Choice数据,dfcf_vendor_only_unverified_by_exchange
2016-03-10,4920.42339533,3447.11535606,8367.53875139,-7.87356592,-0.15976241,-17.99155193,-0.51922069,-25.86511785,-0.30816005,DFCF/东方财富Choice数据,dfcf_vendor_only_unverified_by_exchange
2016-03-11,4897.99692896,3436.58632343,8334.58325239,-22.42646637,-0.45578326,-10.52903263,-0.30544474,-32.95549900,-0.39384937,DFCF/东方财富Choice数据,dfcf_vendor_only_unverified_by_exchange
2016-03-14,4936.87362449,3469.37834506,8406.25196955,38.87669553,0.79372642,32.79202163,0.95420334,71.66871716,0.85989563,DFCF/东方财富Choice数据,dfcf_vendor_only_unverified_by_exchange
2016-03-15,4904.45133204,3448.17356623,8352.62489827,-32.42229245,-0.65673734,-21.20477883,-0.61119822,-53.62707128,-0.63794271,DFCF/东方财富Choice数据,dfcf_vendor_only_unverified_by_exchange
2016-03-16,4834.82073240,3433.03261117,8267.85334357,-69.63059964,-1.41974290,-15.14095506,-0.43910072,-84.77155470,-1.01490915,DFCF/东方财富Choice数据,dfcf_vendor_only_unverified_by_exchange
2016-03-17,4884.97078304,3488.91009503,8373.88087807,50.15005064,1.03726805,55.87748386,1.62764209,106.02753450,1.28240705,DFCF/东方财富Choice数据,dfcf_vendor_only_unverified_by_exchange
2016-03-18,4948.72388714,3503.10906516,8451.83295230,63.75310410,1.30508670,14.19897013,0.40697438,77.95207423,0.93089543,DFCF/东方财富Choice数据,dfcf_vendor_only_unverified_by_exchange
2016-03-21,5056.82813378,3575.79425537,8632.62238915,108.10424664,2.18448734,72.68519021,2.07487660,180.78943685,2.13905596,DFCF/东方财富Choice数据,dfcf_vendor_only_unverified_by_exchange
2016-03-22,5073.64047862,3606.48135772,8680.12183634,16.81234484,0.33246819,30.68710235,0.85818982,47.49944719,0.55023196,DFCF/东方财富Choice数据,dfcf_vendor_only_unverified_by_exchange
2016-03-23,5097.41838074,3636.09348818,8733.51186892,23.77790212,0.46865564,29.61213046,0.82108092,53.39003258,0.61508391,DFCF/东方财富Choice数据,dfcf_vendor_only_unverified_by_exchange
2016-03-24,5091.72156706,3637.16545508,8728.88702214,-5.69681368,-0.11175880,1.07196690,0.02948128,-4.62484678,-0.05295518,DFCF/东方财富Choice数据,dfcf_vendor_only_unverified_by_exchange
2016-03-25,5086.38683094,3650.99695805,8737.38378899,-5.33473612,-0.10477274,13.83150297,0.38028248,8.49676685,0.09734078,DFCF/东方财富Choice数据,dfcf_vendor_only_unverified_by_exchange
2016-03-28,5092.42174833,3656.10965603,8748.53140436,6.03491739,0.11864842,5.11269798,0.14003567,11.14761537,0.12758528,DFCF/东方财富Choice数据,dfcf_vendor_only_unverified_by_exchange
2016-03-29,5085.25327296,3649.85120846,8735.10448142,-7.16847537,-0.14076751,-6.25844757,-0.17117779,-13.42692294,-0.15347631,DFCF/东方财富Choice数据,dfcf_vendor_only_unverified_by_exchange
2016-03-30,5096.91637569,3681.48068413,8778.39705982,11.66310273,0.22935146,31.62947567,0.86659630,43.29257840,0.49561603,DFCF/东方财富Choice数据,dfcf_vendor_only_unverified_by_exchange
2016-03-31,5100.77307223,3685.48596100,8786.25903323,3.85669654,0.07566725,4.00527687,0.10879527,7.86197341,0.08956047,DFCF/东方财富Choice数据,dfcf_vendor_only_unverified_by_exchange
2016-04-01,5061.19519804,3657.14382586,8718.33902390,-39.57787419,-0.77591913,-28.34213514,-0.76902030,-67.92000933,-0.77302535,DFCF/东方财富Choice数据,dfcf_vendor_only_unverified_by_exchange
2016-04-05,5122.43331494,3720.17861270,8842.61192764,61.23811690,1.20995367,63.03478684,1.72360700,124.27290374,1.42541949,DFCF/东方财富Choice数据,dfcf_vendor_only_unverified_by_exchange
2016-04-06,5136.84986113,3735.65116504,8872.50102617,14.41654619,0.28143941,15.47255234,0.41590886,29.88909853,0.33801210,DFCF/东方财富Choice数据,dfcf_vendor_only_unverified_by_exchange
2016-04-07,5127.96499453,3738.34350901,8866.30850354,-8.88486660,-0.17296333,2.69234397,0.07207161,-6.19252263,-0.06979456,DFCF/东方财富Choice数据,dfcf_vendor_only_unverified_by_exchange
2016-04-08,5097.45451220,3725.18701480,8822.64152700,-30.51048233,-0.59498227,-13.15649421,-0.35193380,-43.66697654,-0.49250459,DFCF/东方财富Choice数据,dfcf_vendor_only_unverified_by_exchange
2016-04-11,5121.27578457,3753.49331104,8874.76909561,23.82127237,0.46731702,28.30629624,0.75986242,52.12756861,0.59083857,DFCF/东方财富Choice数据,dfcf_vendor_only_unverified_by_exchange
2016-04-12,5102.11622132,3736.03530094,8838.15152226,-19.15956325,-0.37411700,-17.45801010,-0.46511366,-36.61757335,-0.41260311,DFCF/东方财富Choice数据,dfcf_vendor_only_unverified_by_exchange
2016-04-13,5141.74217320,3781.12662549,8922.86879869,39.62595188,0.77665718,45.09132455,1.20692983,84.71727643,0.95854067,DFCF/东方财富Choice数据,dfcf_vendor_only_unverified_by_exchange
2016-04-14,5154.61028742,3796.79462135,8951.40490877,12.86811422,0.25026759,15.66799586,0.41437374,28.53611008,0.31980869,DFCF/东方财富Choice数据,dfcf_vendor_only_unverified_by_exchange
2016-04-15,5139.59169343,3775.18994981,8914.78164324,-15.01859399,-0.29136236,-21.60467154,-0.56902397,-36.62326553,-0.40913427,DFCF/东方财富Choice数据,dfcf_vendor_only_unverified_by_exchange
2016-04-18,5122.73796689,3777.14949618,8899.88746307,-16.85372654,-0.32791956,1.95954637,0.05190590,-14.89418017,-0.16707285,DFCF/东方财富Choice数据,dfcf_vendor_only_unverified_by_exchange
2016-04-19,5122.99527727,3785.02459243,8908.01986970,0.25731038,0.00502291,7.87509625,0.20849310,8.13240663,0.09137651,DFCF/东方财富Choice数据,dfcf_vendor_only_unverified_by_exchange
2016-04-20,5060.19596565,3716.93908395,8777.13504960,-62.79931162,-1.22583192,-68.08550848,-1.79881284,-130.88482010,-1.46929196,DFCF/东方财富Choice数据,dfcf_vendor_only_unverified_by_exchange
2016-04-21,5047.29309486,3692.54391138,8739.83700624,-12.90287079,-0.25498757,-24.39517257,-0.65632425,-37.29804336,-0.42494553,DFCF/东方财富Choice数据,dfcf_vendor_only_unverified_by_exchange
2016-04-22,5016.99887412,3681.07349131,8698.07236543,-30.29422074,-0.60020728,-11.47042007,-0.31063734,-41.76464081,-0.47786521,DFCF/东方财富Choice数据,dfcf_vendor_only_unverified_by_exchange
2016-04-25,5011.05836656,3671.02577538,8682.08414194,-5.94050756,-0.11840759,-10.04771593,-0.27295614,-15.98822349,-0.18381341,DFCF/东方财富Choice数据,dfcf_vendor_only_unverified_by_exchange
2016-04-26,5002.29477522,3670.02748117,8672.32225639,-8.76359134,-0.17488504,-0.99829421,-0.02719388,-9.76188555,-0.11243712,DFCF/东方财富Choice数据,dfcf_vendor_only_unverified_by_exchange
2016-04-27,4992.45448785,3657.76987603,8650.22436388,-9.84028737,-0.19671546,-12.25760514,-0.33399219,-22.09789251,-0.25480940,DFCF/东方财富Choice数据,dfcf_vendor_only_unverified_by_exchange
2016-04-28,4986.79671165,3657.13057297,8643.92728462,-5.65777620,-0.11332655,-0.63930306,-0.01747795,-6.29707926,-0.07279672,DFCF/东方财富Choice数据,dfcf_vendor_only_unverified_by_exchange
2016-04-29,4944.55780517,3625.80921065,8570.36701582,-42.23890648,-0.84701481,-31.32136232,-0.85644638,-73.56026880,-0.85100518,DFCF/东方财富Choice数据,dfcf_vendor_only_unverified_by_exchange
2016-05-03,4980.68800143,3676.01137663,8656.69937806,36.13019626,0.73070632,50.20216598,1.38457826,86.33236224,1.00733565,DFCF/东方财富Choice数据,dfcf_vendor_only_unverified_by_exchange
2016-05-04,4983.78241538,3683.13132399,8666.91373937,3.09441395,0.06212824,7.11994736,0.19368676,10.21436131,0.11799372,DFCF/东方财富Choice数据,dfcf_vendor_only_unverified_by_exchange
2016-05-05,4986.47195271,3706.76028861,8693.23224132,2.68953733,0.05396579,23.62896462,0.64154554,26.31850195,0.30366637,DFCF/东方财富Choice数据,dfcf_vendor_only_unverified_by_exchange
2016-05-06,4930.19015948,3649.25800070,8579.44816018,-56.28179323,-1.12868966,-57.50228791,-1.55128154,-113.78408114,-1.30888118,DFCF/东方财富Choice数据,dfcf_vendor_only_unverified_by_exchange
2016-05-09,4897.87952075,3623.28280543,8521.16232618,-32.31063873,-0.65536293,-25.97519527,-0.71179388,-58.28583400,-0.67936577,DFCF/东方财富Choice数据,dfcf_vendor_only_unverified_by_exchange
2016-05-10,4867.70066004,3593.71542888,8461.41608892,-30.17886071,-0.61616176,-29.56737655,-0.81603833,-59.74623726,-0.70115126,DFCF/东方财富Choice数据,dfcf_vendor_only_unverified_by_exchange
2016-05-11,4842.23329354,3569.80879054,8412.04208408,-25.46736650,-0.52319089,-23.90663834,-0.66523460,-49.37400484,-0.58351941,DFCF/东方财富Choice数据,dfcf_vendor_only_unverified_by_exchange
2016-05-12,4821.95898002,3558.42773920,8380.38671922,-20.27431352,-0.41869758,-11.38105134,-0.31881403,-31.65536486,-0.37631011,DFCF/东方财富Choice数据,dfcf_vendor_only_unverified_by_exchange
2016-05-13,4798.35870205,3530.56277657,8328.92147862,-23.60027797,-0.48943340,-27.86496263,-0.78306951,-51.46524060,-0.61411534,DFCF/东方财富Choice数据,dfcf_vendor_only_unverified_by_exchange
2016-05-16,4799.76560380,3543.64864187,8343.41424567,1.40690175,0.02932048,13.08586530,0.37064531,14.49276705,0.17400533,DFCF/东方财富Choice数据,dfcf_vendor_only_unverified_by_exchange
2016-05-17,4788.28511618,3541.50316174,8329.78827792,-11.48048762,-0.23918851,-2.14548013,-0.06054438,-13.62596775,-0.16331405,DFCF/东方财富Choice数据,dfcf_vendor_only_unverified_by_exchange
2016-05-18,4747.80510464,3512.33703386,8260.14213850,-40.48001154,-0.84539685,-29.16612788,-0.82355222,-69.64613942,-0.83610936,DFCF/东方财富Choice数据,dfcf_vendor_only_unverified_by_exchange
2016-05-19,4747.96983383,3519.28402260,8267.25385643,0.16472919,0.00346959,6.94698874,0.19778822,7.11171793,0.08609680,DFCF/东方财富Choice数据,dfcf_vendor_only_unverified_by_exchange
2016-05-20,4739.67145973,3506.29841800,8245.96987773,-8.29837410,-0.17477731,-12.98560460,-0.36898427,-21.28397870,-0.25744920,DFCF/东方财富Choice数据,dfcf_vendor_only_unverified_by_exchange
2016-05-23,4737.90185446,3508.18153717,8246.08339163,-1.76960527,-0.03733603,1.88311917,0.05370676,0.11351390,0.00137660,DFCF/东方财富Choice数据,dfcf_vendor_only_unverified_by_exchange
2016-05-24,4741.13760053,3506.18600314,8247.32360367,3.23574607,0.06829492,-1.99553403,-0.05688229,1.24021204,0.01504001,DFCF/东方财富Choice数据,dfcf_vendor_only_unverified_by_exchange
2016-05-25,4732.48745984,3500.74632838,8233.23378822,-8.65014069,-0.18244863,-5.43967476,-0.15514507,-14.08981545,-0.17084106,DFCF/东方财富Choice数据,dfcf_vendor_only_unverified_by_exchange
2016-05-26,4725.02816382,3508.32810924,8233.35627306,-7.45929602,-0.15761893,7.58178086,0.21657613,0.12248484,0.00148769,DFCF/东方财富Choice数据,dfcf_vendor_only_unverified_by_exchange
2016-05-27,4709.33246425,3492.99130719,8202.32377144,-15.69569957,-0.33218214,-15.33680205,-0.43715415,-31.03250162,-0.37691192,DFCF/东方财富Choice数据,dfcf_vendor_only_unverified_by_exchange
2016-05-30,4694.74286135,3491.60109854,8186.34395989,-14.58960290,-0.30980193,-1.39020865,-0.03979995,-15.97981155,-0.19482054,DFCF/东方财富Choice数据,dfcf_vendor_only_unverified_by_exchange
2016-05-31,4727.70517075,3542.11648655,8269.82165730,32.96230940,0.70211107,50.51538801,1.44676859,83.47769741,1.01971891,DFCF/东方财富Choice数据,dfcf_vendor_only_unverified_by_exchange
2016-06-01,4738.42939459,3560.55896526,8298.98835985,10.72422384,0.22683783,18.44247871,0.52066268,29.16670255,0.35268841,DFCF/东方财富Choice数据,dfcf_vendor_only_unverified_by_exchange
2016-06-02,4758.57307685,3594.44443330,8353.01751015,20.14368226,0.42511306,33.88546804,0.95168956,54.02915030,0.65103297,DFCF/东方财富Choice数据,dfcf_vendor_only_unverified_by_exchange
2016-06-03,4739.56396588,3597.86638997,8337.43035585,-19.00911097,-0.39947082,3.42195667,0.09520127,-15.58715430,-0.18660507,DFCF/东方财富Choice数据,dfcf_vendor_only_unverified_by_exchange
2016-06-06,4746.96463629,3620.17995255,8367.14458884,7.40067041,0.15614665,22.31356258,0.62018875,29.71423299,0.35639558,DFCF/东方财富Choice数据,dfcf_vendor_only_unverified_by_exchange
2016-06-07,4747.85801210,3634.91724618,8382.77525828,0.89337581,0.01881994,14.73729363,0.40708732,15.63066944,0.18681008,DFCF/东方财富Choice数据,dfcf_vendor_only_unverified_by_exchange
2016-06-08,4722.30941146,3623.90051538,8346.20992684,-25.54860064,-0.53810793,-11.01673080,-0.30308065,-36.56533144,-0.43619601,DFCF/东方财富Choice数据,dfcf_vendor_only_unverified_by_exchange
2016-06-13,4707.18833261,3602.60103394,8309.78936655,-15.12107885,-0.32020517,-21.29948144,-0.58775017,-36.42056029,-0.43637244,DFCF/东方财富Choice数据,dfcf_vendor_only_unverified_by_exchange
2016-06-14,4698.14782324,3589.24588425,8287.39370749,-9.04050937,-0.19205752,-13.35514969,-0.37070854,-22.39565906,-0.26950935,DFCF/东方财富Choice数据,dfcf_vendor_only_unverified_by_exchange
2016-06-15,4727.74017130,3639.64020846,8367.38037976,29.59234806,0.62987265,50.39432421,1.40403655,79.98667227,0.96516076,DFCF/东方财富Choice数据,dfcf_vendor_only_unverified_by_exchange
2016-06-16,4724.26696313,3638.33867811,8362.60564124,-3.47320817,-0.07346445,-1.30153035,-0.03575986,-4.77473852,-0.05706372,DFCF/东方财富Choice数据,dfcf_vendor_only_unverified_by_exchange
2016-06-17,4711.45006787,3629.38571805,8340.83578592,-12.81689526,-0.27129913,-8.95296006,-0.24607275,-21.76985532,-0.26032383,DFCF/东方财富Choice数据,dfcf_vendor_only_unverified_by_exchange
2016-06-20,4718.99642785,3640.67180644,8359.66823429,7.54635998,0.16017065,11.28608839,0.31096415,18.83244837,0.22578611,DFCF/东方财富Choice数据,dfcf_vendor_only_unverified_by_exchange
2016-06-21,4711.48810549,3633.77791331,8345.26601880,-7.50832236,-0.15910846,-6.89389313,-0.18935772,-14.40221549,-0.17228214,DFCF/东方财富Choice数据,dfcf_vendor_only_unverified_by_exchange
2016-06-22,4717.57473392,3656.41661042,8373.99134434,6.08662843,0.12918696,22.63869711,0.62300717,28.72532554,0.34421102,DFCF/东方财富Choice数据,dfcf_vendor_only_unverified_by_exchange
2016-06-23,4709.89946736,3659.01475695,8368.91422431,-7.67526656,-0.16269518,2.59814653,0.07105718,-5.07712003,-0.06062963,DFCF/东方财富Choice数据,dfcf_vendor_only_unverified_by_exchange
2016-06-24,4695.68272060,3654.62347523,8350.30619583,-14.21674676,-0.30184820,-4.39128172,-0.12001268,-18.60802848,-0.22234699,DFCF/东方财富Choice数据,dfcf_vendor_only_unverified_by_exchange
2016-06-27,4721.30992856,3701.85919257,8423.16912113,25.62720796,0.54576106,47.23571734,1.29249204,72.86292530,0.87257789,DFCF/东方财富Choice数据,dfcf_vendor_only_unverified_by_exchange
2016-06-28,4731.72010473,3727.38652588,8459.10663061,10.41017617,0.22049339,25.52733331,0.68958142,35.93750948,0.42665069,DFCF/东方财富Choice数据,dfcf_vendor_only_unverified_by_exchange
2016-06-29,4752.31804471,3746.05749887,8498.37554358,20.59793998,0.43531611,18.67097299,0.50091325,39.26891297,0.46422057,DFCF/东方财富Choice数据,dfcf_vendor_only_unverified_by_exchange
2016-06-30,4749.37137098,3759.55954387,8508.93091485,-2.94667373,-0.06200498,13.50204500,0.36043347,10.55537127,0.12420458,DFCF/东方财富Choice数据,dfcf_vendor_only_unverified_by_exchange
2016-07-01,4733.66707712,3750.07147360,8483.73855072,-15.70429386,-0.33066047,-9.48807027,-0.25237186,-25.19236413,-0.29606968,DFCF/东方财富Choice数据,dfcf_vendor_only_unverified_by_exchange
2016-07-04,4773.43099023,3795.80085363,8569.23184386,39.76391311,0.84002344,45.72938003,1.21942689,85.49329314,1.00773135,DFCF/东方财富Choice数据,dfcf_vendor_only_unverified_by_exchange
2016-07-05,4788.94481453,3813.31228915,8602.25710368,15.51382430,0.32500364,17.51143552,0.46133705,33.02525982,0.38539347,DFCF/东方财富Choice数据,dfcf_vendor_only_unverified_by_exchange
2016-07-06,4801.94633761,3831.73651219,8633.68284980,13.00152308,0.27149035,18.42422304,0.48315537,31.42574612,0.36531977,DFCF/东方财富Choice数据,dfcf_vendor_only_unverified_by_exchange
2016-07-07,4809.68164323,3860.13007959,8669.81172282,7.73530562,0.16108688,28.39356740,0.74101044,36.12887302,0.41846421,DFCF/东方财富Choice数据,dfcf_vendor_only_unverified_by_exchange
2016-07-08,4780.82382396,3851.52341160,8632.34723556,-28.85781927,-0.59999437,-8.60666799,-0.22296316,-37.46448726,-0.43212573,DFCF/东方财富Choice数据,dfcf_vendor_only_unverified_by_exchange
2016-07-11,4793.42990976,3858.39187853,8651.82178829,12.60608580,0.26368020,6.86846693,0.17833117,19.47455273,0.22559974,DFCF/东方财富Choice数据,dfcf_vendor_only_unverified_by_exchange
2016-07-12,4821.10757617,3879.42883864,8700.53641481,27.67766641,0.57740839,21.03696011,0.54522611,48.71462652,0.56305629,DFCF/东方财富Choice数据,dfcf_vendor_only_unverified_by_exchange
2016-07-13,4819.08335239,3903.31099588,8722.39434827,-2.02422378,-0.04198670,23.88215724,0.61561014,21.85793346,0.25122512,DFCF/东方财富Choice数据,dfcf_vendor_only_unverified_by_exchange
2016-07-14,4820.59531983,3917.10863704,8737.70395687,1.51196744,0.03137459,13.79764116,0.35348557,15.30960860,0.17552071,DFCF/东方财富Choice数据,dfcf_vendor_only_unverified_by_exchange
2016-07-15,4811.44294514,3909.62853536,8721.07148050,-9.15237469,-0.18985984,-7.48010168,-0.19095977,-16.63247637,-0.19035294,DFCF/东方财富Choice数据,dfcf_vendor_only_unverified_by_exchange
2016-07-18,4832.84066990,3930.71094199,8763.55161189,21.39772476,0.44472573,21.08240663,0.53924322,42.48013139,0.48709762,DFCF/东方财富Choice数据,dfcf_vendor_only_unverified_by_exchange
2016-07-19,4856.50291962,3955.51259363,8812.01551325,23.66224972,0.48961369,24.80165164,0.63097114,48.46390136,0.55301667,DFCF/东方财富Choice数据,dfcf_vendor_only_unverified_by_exchange
2016-07-20,4862.71452106,3959.25424976,8821.96877082,6.21160144,0.12790276,3.74165613,0.09459346,9.95325757,0.11295098,DFCF/东方财富Choice数据,dfcf_vendor_only_unverified_by_exchange
2016-07-21,4874.93320212,3954.69828323,8829.63148535,12.21868106,0.25127284,-4.55596653,-0.11507133,7.66271453,0.08685946,DFCF/东方财富Choice数据,dfcf_vendor_only_unverified_by_exchange
2016-07-22,4857.74399944,3945.00460181,8802.74860125,-17.18920268,-0.35260386,-9.69368142,-0.24511810,-26.88288410,-0.30446213,DFCF/东方财富Choice数据,dfcf_vendor_only_unverified_by_exchange
2016-07-25,4869.65174977,3953.50135255,8823.15310232,11.90775033,0.24512923,8.49675074,0.21538000,20.40450107,0.23179693,DFCF/东方财富Choice数据,dfcf_vendor_only_unverified_by_exchange
2016-07-26,4876.93941995,3964.57443656,8841.51385651,7.28767018,0.14965485,11.07308401,0.28008297,18.36075419,0.20809742,DFCF/东方财富Choice数据,dfcf_vendor_only_unverified_by_exchange
2016-07-27,4821.24688799,3904.75263964,8725.99952763,-55.69253196,-1.14195661,-59.82179692,-1.50890841,-115.51432888,-1.30649944,DFCF/东方财富Choice数据,dfcf_vendor_only_unverified_by_exchange
2016-07-28,4804.21749174,3883.43977890,8687.65727064,-17.02939625,-0.35321560,-21.31286074,-0.54581846,-38.34225699,-0.43940246,DFCF/东方财富Choice数据,dfcf_vendor_only_unverified_by_exchange
2016-07-29,4780.48309022,3856.80751071,8637.29060093,-23.73440152,-0.49403262,-26.63226819,-0.68579068,-50.36666971,-0.57974973,DFCF/东方财富Choice数据,dfcf_vendor_only_unverified_by_exchange
2016-08-01,4763.55670754,3837.62696120,8601.18366874,-16.92638268,-0.35407264,-19.18054951,-0.49731674,-36.10693219,-0.41803540,DFCF/东方财富Choice数据,dfcf_vendor_only_unverified_by_exchange
2016-08-02,4763.93053057,3828.92321734,8592.85374791,0.37382303,0.00784756,-8.70374386,-0.22680015,-8.32992083,-0.09684622,DFCF/东方财富Choice数据,dfcf_vendor_only_unverified_by_exchange
2016-08-03,4769.32091555,3823.54486220,8592.86577775,5.39038498,0.11314995,-5.37835514,-0.14046652,0.01202984,0.00014000,DFCF/东方财富Choice数据,dfcf_vendor_only_unverified_by_exchange
2016-08-04,4776.37950967,3833.25989005,8609.63939972,7.05859412,0.14799998,9.71502785,0.25408432,16.77362197,0.19520405,DFCF/东方财富Choice数据,dfcf_vendor_only_unverified_by_exchange
2016-08-05,4766.92801710,3812.75123721,8579.67925431,-9.45149257,-0.19787985,-20.50865284,-0.53501859,-29.96014541,-0.34798374,DFCF/东方财富Choice数据,dfcf_vendor_only_unverified_by_exchange
2016-08-08,4778.19998514,3832.80692414,8611.00690928,11.27196804,0.23646189,20.05568693,0.52601614,31.32765497,0.36513783,DFCF/东方财富Choice数据,dfcf_vendor_only_unverified_by_exchange
2016-08-09,4790.47204988,3850.33514768,8640.80719756,12.27206474,0.25683447,17.52822354,0.45732081,29.80028828,0.34607205,DFCF/东方财富Choice数据,dfcf_vendor_only_unverified_by_exchange
2016-08-10,4807.18943503,3868.89913526,8676.08857029,16.71738515,0.34897156,18.56398758,0.48213952,35.28137273,0.40831107,DFCF/东方财富Choice数据,dfcf_vendor_only_unverified_by_exchange
2016-08-11,4807.75762109,3873.28864009,8681.04626118,0.56818606,0.01181951,4.38950483,0.11345617,4.95769089,0.05714200,DFCF/东方财富Choice数据,dfcf_vendor_only_unverified_by_exchange
2016-08-12,4798.39424564,3857.38773943,8655.78198507,-9.36337545,-0.19475556,-15.90090066,-0.41052713,-25.26427611,-0.29102801,DFCF/东方财富Choice数据,dfcf_vendor_only_unverified_by_exchange
2016-08-15,4864.85232335,3900.60855175,8765.46087510,66.45807771,1.38500661,43.22081232,1.12046844,109.67889003,1.26711706,DFCF/东方财富Choice数据,dfcf_vendor_only_unverified_by_exchange
2016-08-16,4935.66088751,3929.43224763,8865.09313514,70.80856416,1.45551313,28.82369588,0.73895382,99.63226004,1.13664600,DFCF/东方财富Choice数据,dfcf_vendor_only_unverified_by_exchange
2016-08-17,4956.59051254,3941.69383388,8898.28434642,20.92962503,0.42404909,12.26158625,0.31204473,33.19121128,0.37440341,DFCF/东方财富Choice数据,dfcf_vendor_only_unverified_by_exchange
2016-08-18,4985.43748648,3956.80122388,8942.23871036,28.84697394,0.58199228,15.10739000,0.38327152,43.95436394,0.49396448,DFCF/东方财富Choice数据,dfcf_vendor_only_unverified_by_exchange
2016-08-19,4982.82428488,3957.62967481,8940.45395969,-2.61320160,-0.05241670,0.82845093,0.02093739,-1.78475067,-0.01995866,DFCF/东方财富Choice数据,dfcf_vendor_only_unverified_by_exchange
2016-08-22,4991.45177131,3964.86712819,8956.31889950,8.62748643,0.17314450,7.23745338,0.18287344,15.86493981,0.17745117,DFCF/东方财富Choice数据,dfcf_vendor_only_unverified_by_exchange
2016-08-23,4997.34417220,3964.47065441,8961.81482661,5.89240089,0.11804984,-0.39647378,-0.00999967,5.49592711,0.06136368,DFCF/东方财富Choice数据,dfcf_vendor_only_unverified_by_exchange
2016-08-24,5004.00801436,3971.06022692,8975.06824128,6.66384216,0.13334767,6.58957251,0.16621570,13.25341467,0.14788762,DFCF/东方财富Choice数据,dfcf_vendor_only_unverified_by_exchange
2016-08-25,5007.91792381,3969.00530333,8976.92322714,3.90990945,0.07813556,-2.05492359,-0.05174748,1.85498586,0.02066821,DFCF/东方财富Choice数据,dfcf_vendor_only_unverified_by_exchange
2016-08-26,4999.37745356,3956.49660961,8955.87406317,-8.54047025,-0.17053934,-12.50869372,-0.31515941,-21.04916397,-0.23448083,DFCF/东方财富Choice数据,dfcf_vendor_only_unverified_by_exchange
2016-08-29,5014.77435834,3963.30195592,8978.07631426,15.39690478,0.30797644,6.80534631,0.17200435,22.20225109,0.24790714,DFCF/东方财富Choice数据,dfcf_vendor_only_unverified_by_exchange
2016-08-30,5010.04637549,3967.76383866,8977.81021415,-4.72798285,-0.09428107,4.46188274,0.11257993,-0.26610011,-0.00296389,DFCF/东方财富Choice数据,dfcf_vendor_only_unverified_by_exchange
2016-08-31,5017.16007963,3979.99248893,8997.15256856,7.11370414,0.14198879,12.22865027,0.30820005,19.34235441,0.21544624,DFCF/东方财富Choice数据,dfcf_vendor_only_unverified_by_exchange
2016-09-01,5015.35695782,3975.70811304,8991.06507086,-1.80312181,-0.03593909,-4.28437589,-0.10764784,-6.08749770,-0.06766027,DFCF/东方财富Choice数据,dfcf_vendor_only_unverified_by_exchange
2016-09-02,4995.92197550,3959.74853401,8955.67050951,-19.43498232,-0.38750945,-15.95957903,-0.40142733,-35.39456135,-0.39366372,DFCF/东方财富Choice数据,dfcf_vendor_only_unverified_by_exchange
2016-09-05,5005.16748119,3956.05122665,8961.21870784,9.24550569,0.18506105,-3.69730736,-0.09337228,5.54819833,0.06195179,DFCF/东方财富Choice数据,dfcf_vendor_only_unverified_by_exchange
2016-09-06,5030.13816371,3993.71816383,9023.85632754,24.97068252,0.49889804,37.66693718,0.95213472,62.63761970,0.69898550,DFCF/东方财富Choice数据,dfcf_vendor_only_unverified_by_exchange
2016-09-07,5032.73563343,3991.49369472,9024.22932815,2.59746972,0.05163814,-2.22446911,-0.05569920,0.37300061,0.00413349,DFCF/东方财富Choice数据,dfcf_vendor_only_unverified_by_exchange
2016-09-08,5037.08906192,4001.49497276,9038.58403468,4.35342849,0.08650223,10.00127804,0.25056480,14.35470653,0.15906850,DFCF/东方财富Choice数据,dfcf_vendor_only_unverified_by_exchange
2016-09-09,5017.01136676,3987.10811034,9004.11947710,-20.07769516,-0.39859718,-14.38686242,-0.35953719,-34.46455758,-0.38130483,DFCF/东方财富Choice数据,dfcf_vendor_only_unverified_by_exchange
2016-09-12,4997.40145178,3973.96740923,8971.36886101,-19.60991498,-0.39086846,-13.14070111,-0.32957975,-32.75061609,-0.36372925,DFCF/东方财富Choice数据,dfcf_vendor_only_unverified_by_exchange
2016-09-13,4996.35099269,3963.91203565,8960.26302834,-1.05045909,-0.02102011,-10.05537358,-0.25303110,-11.10583267,-0.12379195,DFCF/东方财富Choice数据,dfcf_vendor_only_unverified_by_exchange
2016-09-14,4962.29314357,3934.14861047,8896.44175404,-34.05784912,-0.68165445,-29.76342518,-0.75085988,-63.82127430,-0.71227010,DFCF/东方财富Choice数据,dfcf_vendor_only_unverified_by_exchange
2016-09-19,4979.65398653,3940.70119476,8920.35518129,17.36084296,0.34985525,6.55258429,0.16655660,23.91342725,0.26879766,DFCF/东方财富Choice数据,dfcf_vendor_only_unverified_by_exchange
2016-09-20,4986.36196708,3942.36340314,8928.72537022,6.70798055,0.13470776,1.66220838,0.04218052,8.37018893,0.09383246,DFCF/东方财富Choice数据,dfcf_vendor_only_unverified_by_exchange
2016-09-21,4988.66810752,3948.29065691,8936.95876443,2.30614044,0.04624896,5.92725377,0.15034773,8.23339421,0.09221243,DFCF/东方财富Choice数据,dfcf_vendor_only_unverified_by_exchange
2016-09-22,4977.69188223,3944.17716166,8921.86904389,-10.97622529,-0.22002316,-4.11349525,-0.10418421,-15.08972054,-0.16884626,DFCF/东方财富Choice数据,dfcf_vendor_only_unverified_by_exchange
2016-09-23,4955.48458994,3924.78028148,8880.26487142,-22.20729229,-0.44613634,-19.39688018,-0.49178522,-41.60417247,-0.46631678,DFCF/东方财富Choice数据,dfcf_vendor_only_unverified_by_exchange
2016-09-26,4953.11007534,3919.15973566,8872.26981100,-2.37451460,-0.04791690,-5.62054582,-0.14320664,-7.99506042,-0.09003178,DFCF/东方财富Choice数据,dfcf_vendor_only_unverified_by_exchange
2016-09-27,4949.49863817,3915.22116061,8864.71979878,-3.61143717,-0.07291252,-3.93857505,-0.10049539,-7.55001222,-0.08509674,DFCF/东方财富Choice数据,dfcf_vendor_only_unverified_by_exchange
2016-09-28,4939.35142585,3910.37676977,8849.72819562,-10.14721232,-0.20501495,-4.84439084,-0.12373224,-14.99160316,-0.16911536,DFCF/东方财富Choice数据,dfcf_vendor_only_unverified_by_exchange
2016-09-29,4924.59294682,3899.09752333,8823.69047015,-14.75847903,-0.29879386,-11.27924644,-0.28844398,-26.03772547,-0.29422062,DFCF/东方财富Choice数据,dfcf_vendor_only_unverified_by_exchange
2016-09-30,4853.68046034,3832.97558357,8686.65604391,-70.91248648,-1.43996646,-66.12193976,-1.69582677,-137.03442624,-1.55302848,DFCF/东方财富Choice数据,dfcf_vendor_only_unverified_by_exchange
2016-10-10,4901.31918314,3882.79269192,8784.11187506,47.63872280,0.98149689,49.81710835,1.29969804,97.45583115,1.12190273,DFCF/东方财富Choice数据,dfcf_vendor_only_unverified_by_exchange
2016-10-11,4931.55823819,3897.40878122,8828.96701941,30.23905505,0.61695747,14.61608930,0.37643239,44.85514435,0.51063949,DFCF/东方财富Choice数据,dfcf_vendor_only_unverified_by_exchange
2016-10-12,4955.54017689,3918.64118459,8874.18136148,23.98193870,0.48629536,21.23240337,0.54478256,45.21434207,0.51211361,DFCF/东方财富Choice数据,dfcf_vendor_only_unverified_by_exchange
2016-10-13,4973.09822724,3930.92880883,8904.02703607,17.55805035,0.35431153,12.28762424,0.31356850,29.84567459,0.33632031,DFCF/东方财富Choice数据,dfcf_vendor_only_unverified_by_exchange
2016-10-14,4964.12883860,3932.64940936,8896.77824796,-8.96938864,-0.18035816,1.72060053,0.04377084,-7.24878811,-0.08141022,DFCF/东方财富Choice数据,dfcf_vendor_only_unverified_by_exchange
2016-10-17,4980.28728910,3937.65818993,8917.94547903,16.15845050,0.32550425,5.00878057,0.12736402,21.16723107,0.23792018,DFCF/东方财富Choice数据,dfcf_vendor_only_unverified_by_exchange
2016-10-18,5012.92033743,3961.77389390,8974.69423133,32.63304833,0.65524429,24.11570397,0.61243772,56.74875230,0.63634334,DFCF/东方财富Choice数据,dfcf_vendor_only_unverified_by_exchange
2016-10-19,5022.24582657,3969.05867316,8991.30449973,9.32548914,0.18602907,7.28477926,0.18387670,16.61026840,0.18507893,DFCF/东方财富Choice数据,dfcf_vendor_only_unverified_by_exchange
2016-10-20,5027.19680826,3979.27575749,9006.47256575,4.95098169,0.09858103,10.21708433,0.25741832,15.16806602,0.16869706,DFCF/东方财富Choice数据,dfcf_vendor_only_unverified_by_exchange
2016-10-21,5023.62504192,3959.53271652,8983.15775844,-3.57176634,-0.07104887,-19.74304097,-0.49614659,-23.31480731,-0.25886724,DFCF/东方财富Choice数据,dfcf_vendor_only_unverified_by_exchange
2016-10-24,5066.51209666,3979.94048784,9046.45258450,42.88705474,0.85370732,20.40777132,0.51540858,63.29482606,0.70459440,DFCF/东方财富Choice数据,dfcf_vendor_only_unverified_by_exchange
2016-10-25,5094.81313469,3989.31677232,9084.12990701,28.30103803,0.55859016,9.37628448,0.23558856,37.67732251,0.41648726,DFCF/东方财富Choice数据,dfcf_vendor_only_unverified_by_exchange
2016-10-26,5112.41718608,3993.19081067,9105.60799675,17.60405139,0.34552889,3.87403835,0.09711032,21.47808974,0.23643530,DFCF/东方财富Choice数据,dfcf_vendor_only_unverified_by_exchange
2016-10-27,5121.47647095,4001.60592773,9123.08239868,9.05928487,0.17720160,8.41511706,0.21073666,17.47440193,0.19190813,DFCF/东方财富Choice数据,dfcf_vendor_only_unverified_by_exchange
2016-10-28,5086.46408411,3971.74457103,9058.20865514,-35.01238684,-0.68363854,-29.86135670,-0.74623432,-64.87374354,-0.71109457,DFCF/东方财富Choice数据,dfcf_vendor_only_unverified_by_exchange
2016-10-31,5102.47896561,3974.52281214,9077.00177775,16.01488150,0.31485294,2.77824111,0.06995015,18.79312261,0.20747063,DFCF/东方财富Choice数据,dfcf_vendor_only_unverified_by_exchange
2016-11-01,5120.90091838,3986.46778493,9107.36870331,18.42195277,0.36103927,11.94497279,0.30053854,30.36692556,0.33454797,DFCF/东方财富Choice数据,dfcf_vendor_only_unverified_by_exchange
2016-11-02,5122.02186235,3979.38926858,9101.41113093,1.12094397,0.02188959,-7.07851635,-0.17756362,-5.95757238,-0.06541486,DFCF/东方财富Choice数据,dfcf_vendor_only_unverified_by_exchange
2016-11-03,5163.72674587,4005.58708029,9169.31382616,41.70488352,0.81422697,26.19781171,0.65833750,67.90269523,0.74606777,DFCF/东方财富Choice数据,dfcf_vendor_only_unverified_by_exchange
2016-11-04,5159.16361686,3991.95416354,9151.11778040,-4.56312901,-0.08836891,-13.63291675,-0.34034753,-18.19604576,-0.19844501,DFCF/东方财富Choice数据,dfcf_vendor_only_unverified_by_exchange
2016-11-07,5171.99830196,4005.18057984,9177.17888180,12.83468510,0.24877453,13.22641630,0.33132686,26.06110140,0.28478599,DFCF/东方财富Choice数据,dfcf_vendor_only_unverified_by_exchange
2016-11-08,5178.80324403,4011.88330399,9190.68654802,6.80494207,0.13157278,6.70272415,0.16735136,13.50766622,0.14718757,DFCF/东方财富Choice数据,dfcf_vendor_only_unverified_by_exchange
2016-11-09,5205.89849944,4022.13088135,9228.02938079,27.09525541,0.52319530,10.24757736,0.25543059,37.34283277,0.40631168,DFCF/东方财富Choice数据,dfcf_vendor_only_unverified_by_exchange
2016-11-10,5241.00406163,4044.51117866,9285.51524029,35.10556219,0.67434204,22.38029731,0.55642887,57.48585950,0.62294838,DFCF/东方财富Choice数据,dfcf_vendor_only_unverified_by_exchange
2016-11-11,5246.06038523,4039.81092732,9285.87131255,5.05632360,0.09647624,-4.70025134,-0.11621309,0.35607226,0.00383471,DFCF/东方财富Choice数据,dfcf_vendor_only_unverified_by_exchange
2016-11-14,5304.34954651,4063.57807606,9367.92762257,58.28916128,1.11110351,23.76714874,0.58832329,82.05631002,0.88366840,DFCF/东方财富Choice数据,dfcf_vendor_only_unverified_by_exchange
2016-11-15,5329.62827325,4085.74777587,9415.37604912,25.27872674,0.47656601,22.16969981,0.54557091,47.44842655,0.50649865,DFCF/东方财富Choice数据,dfcf_vendor_only_unverified_by_exchange
2016-11-16,5357.01347651,4097.65594730,9454.66942381,27.38520326,0.51382952,11.90817143,0.29145635,39.29337469,0.41733197,DFCF/东方财富Choice数据,dfcf_vendor_only_unverified_by_exchange
2016-11-17,5360.57751317,4098.74536216,9459.32287533,3.56403666,0.06653029,1.08941486,0.02658629,4.65345152,0.04921855,DFCF/东方财富Choice数据,dfcf_vendor_only_unverified_by_exchange
2016-11-18,5350.57333809,4088.48227402,9439.05561211,-10.00417508,-0.18662495,-10.26308814,-0.25039585,-20.26726322,-0.21425702,DFCF/东方财富Choice数据,dfcf_vendor_only_unverified_by_exchange
2016-11-21,5388.23020390,4112.10516959,9500.33537349,37.65686581,0.70379123,23.62289557,0.57779132,61.27976138,0.64921496,DFCF/东方财富Choice数据,dfcf_vendor_only_unverified_by_exchange
2016-11-22,5420.08130531,4144.04932883,9564.13063414,31.85110141,0.59112362,31.94415924,0.77683225,63.79526065,0.67150535,DFCF/东方财富Choice数据,dfcf_vendor_only_unverified_by_exchange
2016-11-23,5416.86542434,4144.42382028,9561.28924462,-3.21588097,-0.05933271,0.37449145,0.00903685,-2.84138952,-0.02970881,DFCF/东方财富Choice数据,dfcf_vendor_only_unverified_by_exchange
2016-11-24,5419.13908842,4147.18456434,9566.32365276,2.27366408,0.04197380,2.76074406,0.06661346,5.03440814,0.05265407,DFCF/东方财富Choice数据,dfcf_vendor_only_unverified_by_exchange
2016-11-25,5410.73208543,4147.63872691,9558.37081234,-8.40700299,-0.15513540,0.45416257,0.01095111,-7.95284042,-0.08313372,DFCF/东方财富Choice数据,dfcf_vendor_only_unverified_by_exchange
2016-11-28,5467.21796406,4170.33258657,9637.55055063,56.48587863,1.04396000,22.69385966,0.54715131,79.17973829,0.82838111,DFCF/东方财富Choice数据,dfcf_vendor_only_unverified_by_exchange
2016-11-29,5501.96731263,4166.10672433,9668.07403696,34.74934857,0.63559472,-4.22586224,-0.10133154,30.52348633,0.31671415,DFCF/东方财富Choice数据,dfcf_vendor_only_unverified_by_exchange
2016-11-30,5533.19387731,4188.66233722,9721.85621453,31.22656468,0.56755271,22.55561289,0.54140747,53.78217757,0.55628636,DFCF/东方财富Choice数据,dfcf_vendor_only_unverified_by_exchange
2016-12-01,5557.85149855,4137.99249921,9695.84399776,24.65762124,0.44563089,-50.66983801,-1.20969020,-26.01221677,-0.26756430,DFCF/东方财富Choice数据,dfcf_vendor_only_unverified_by_exchange
2016-12-02,5529.42591967,4121.78780476,9651.21372443,-28.42557888,-0.51144905,-16.20469445,-0.39160763,-44.63027333,-0.46030313,DFCF/东方财富Choice数据,dfcf_vendor_only_unverified_by_exchange
2016-12-05,5525.84304283,4110.35262002,9636.19566285,-3.58287684,-0.06479654,-11.43518474,-0.27743264,-15.01806158,-0.15560801,DFCF/东方财富Choice数据,dfcf_vendor_only_unverified_by_exchange
2016-12-06,5527.96495709,4108.74892524,9636.71388233,2.12191426,0.03839983,-1.60369478,-0.03901599,0.51821948,0.00537784,DFCF/东方财富Choice数据,dfcf_vendor_only_unverified_by_exchange
2016-12-07,5535.19950153,4116.90734368,9652.10684521,7.23454444,0.13087175,8.15841844,0.19856211,15.39296288,0.15973249,DFCF/东方财富Choice数据,dfcf_vendor_only_unverified_by_exchange
2016-12-08,5541.08985855,4108.14912650,9649.23898505,5.89035702,0.10641635,-8.75821718,-0.21273778,-2.86786016,-0.02971227,DFCF/东方财富Choice数据,dfcf_vendor_only_unverified_by_exchange
2016-12-09,5528.42108711,4089.79317619,9618.21426330,-12.66877144,-0.22863321,-18.35595031,-0.44681801,-31.02472175,-0.32152506,DFCF/东方财富Choice数据,dfcf_vendor_only_unverified_by_exchange
2016-12-12,5456.36500112,4045.26591160,9501.63091272,-72.05608599,-1.30337550,-44.52726459,-1.08874123,-116.58335058,-1.21211014,DFCF/东方财富Choice数据,dfcf_vendor_only_unverified_by_exchange
2016-12-13,5458.57484973,4029.88518796,9488.46003769,2.20984861,0.04050038,-15.38072364,-0.38021539,-13.17087503,-0.13861699,DFCF/东方财富Choice数据,dfcf_vendor_only_unverified_by_exchange
2016-12-14,5475.36309834,4017.36494191,9492.72804025,16.78824861,0.30755736,-12.52024605,-0.31068493,4.26800256,0.04498098,DFCF/东方财富Choice数据,dfcf_vendor_only_unverified_by_exchange
2016-12-15,5494.15404110,4027.24650672,9521.40054782,18.79094276,0.34319081,9.88156481,0.24597130,28.67250757,0.30204708,DFCF/东方财富Choice数据,dfcf_vendor_only_unverified_by_exchange
2016-12-16,5475.44828889,4010.27051146,9485.71880035,-18.70575221,-0.34046647,-16.97599526,-0.42152859,-35.68174747,-0.37475314,DFCF/东方财富Choice数据,dfcf_vendor_only_unverified_by_exchange
2016-12-19,5472.10251108,4004.77460646,9476.87711754,-3.34577781,-0.06110509,-5.49590500,-0.13704574,-8.84168281,-0.09321047,DFCF/东方财富Choice数据,dfcf_vendor_only_unverified_by_exchange
2016-12-20,5484.00035764,4005.22979991,9489.23015755,11.89784656,0.21742733,0.45519345,0.01136627,12.35304001,0.13034927,DFCF/东方财富Choice数据,dfcf_vendor_only_unverified_by_exchange
2016-12-21,5490.96724136,3997.71689847,9488.68413983,6.96688372,0.12704018,-7.51290144,-0.18757729,-0.54601772,-0.00575408,DFCF/东方财富Choice数据,dfcf_vendor_only_unverified_by_exchange
2016-12-22,5486.38718046,3991.36808751,9477.75526797,-4.58006090,-0.08341082,-6.34881096,-0.15881092,-10.92887186,-0.11517795,DFCF/东方财富Choice数据,dfcf_vendor_only_unverified_by_exchange
2016-12-23,5448.94505934,3974.49615771,9423.44121705,-37.44212112,-0.68245495,-16.87192980,-0.42271044,-54.31405092,-0.57306872,DFCF/东方财富Choice数据,dfcf_vendor_only_unverified_by_exchange
2016-12-26,5457.43760642,3980.26075858,9437.69836500,8.49254708,0.15585672,5.76460087,0.14503979,14.25714795,0.15129450,DFCF/东方财富Choice数据,dfcf_vendor_only_unverified_by_exchange
2016-12-27,5469.89121102,3974.45365428,9444.34486530,12.45360460,0.22819509,-5.80710430,-0.14589758,6.64650030,0.07042501,DFCF/东方财富Choice数据,dfcf_vendor_only_unverified_by_exchange
2016-12-28,5473.80152489,3975.11656554,9448.91809043,3.91031387,0.07148796,0.66291126,0.01667931,4.57322513,0.04842289,DFCF/东方财富Choice数据,dfcf_vendor_only_unverified_by_exchange
2016-12-29,5467.81977610,3973.25973437,9441.07951047,-5.98174879,-0.10927961,-1.85683117,-0.04671136,-7.83857996,-0.08295743,DFCF/东方财富Choice数据,dfcf_vendor_only_unverified_by_exchange
2016-12-30,5417.44074134,3940.25602787,9357.69676921,-50.37903476,-0.92137336,-33.00370650,-0.83064558,-83.38274126,-0.88319075,DFCF/东方财富Choice数据,dfcf_vendor_only_unverified_by_exchange
2017-01-03,5410.86585301,3947.45974498,9358.32559799,-6.57488833,-0.12136521,7.20371711,0.18282358,0.62882878,0.00671991,DFCF/东方财富Choice数据,dfcf_vendor_only_unverified_by_exchange
2017-01-04,5402.66946445,3943.27908532,9345.94854977,-8.19638856,-0.15148017,-4.18065966,-0.10590759,-12.37704822,-0.13225708,DFCF/东方财富Choice数据,dfcf_vendor_only_unverified_by_exchange
2017-01-05,5395.49321455,3933.50744378,9329.00065833,-7.17624990,-0.13282785,-9.77164154,-0.24780497,-16.94789144,-0.18133945,DFCF/东方财富Choice数据,dfcf_vendor_only_unverified_by_exchange
2017-01-06,5375.00878600,3919.52345803,9294.53224403,-20.48442855,-0.37965813,-13.98398575,-0.35550932,-34.46841430,-0.36947596,DFCF/东方财富Choice数据,dfcf_vendor_only_unverified_by_exchange
2017-01-09,5377.18895628,3917.50039175,9294.68934803,2.18017028,0.04056124,-2.02306628,-0.05161511,0.15710400,0.00169028,DFCF/东方财富Choice数据,dfcf_vendor_only_unverified_by_exchange
2017-01-10,5366.48846867,3911.75614544,9278.24461411,-10.70048761,-0.19899780,-5.74424631,-0.14663040,-16.44473392,-0.17692613,DFCF/东方财富Choice数据,dfcf_vendor_only_unverified_by_exchange
2017-01-11,5350.42445743,3905.42979631,9255.85425374,-16.06401124,-0.29933934,-6.32634913,-0.16172657,-22.39036037,-0.24132108,DFCF/东方财富Choice数据,dfcf_vendor_only_unverified_by_exchange
2017-01-12,5337.56166491,3897.94524910,9235.50691401,-12.86279252,-0.24040696,-7.48454721,-0.19164465,-20.34733973,-0.21983211,DFCF/东方财富Choice数据,dfcf_vendor_only_unverified_by_exchange
2017-01-13,5288.92909817,3876.31682716,9165.24592533,-48.63256674,-0.91113826,-21.62842194,-0.55486726,-70.26098868,-0.76077025,DFCF/东方财富Choice数据,dfcf_vendor_only_unverified_by_exchange
2017-01-16,5161.66619858,3827.11116602,8988.77736460,-127.26289959,-2.40621300,-49.20566114,-1.26939214,-176.46856073,-1.92540999,DFCF/东方财富Choice数据,dfcf_vendor_only_unverified_by_exchange
2017-01-17,5155.89498006,3817.69300899,8973.58798905,-5.77121852,-0.11180922,-9.41815703,-0.24609050,-15.18937555,-0.16898155,DFCF/东方财富Choice数据,dfcf_vendor_only_unverified_by_exchange
2017-01-18,5140.74153163,3800.29756794,8941.03909957,-15.15344843,-0.29390530,-17.39544105,-0.45565322,-32.54888948,-0.36271879,DFCF/东方财富Choice数据,dfcf_vendor_only_unverified_by_exchange
2017-01-19,5132.86356018,3789.43281451,8922.29637469,-7.87797145,-0.15324582,-10.86475343,-0.28589218,-18.74272488,-0.20962580,DFCF/东方财富Choice数据,dfcf_vendor_only_unverified_by_exchange
2017-01-20,5111.51354556,3775.84695992,8887.36050548,-21.35001462,-0.41594744,-13.58585459,-0.35851947,-34.93586921,-0.39155692,DFCF/东方财富Choice数据,dfcf_vendor_only_unverified_by_exchange
2017-01-23,5102.10195581,3759.24758504,8861.34954085,-9.41158975,-0.18412530,-16.59937488,-0.43961991,-26.01096463,-0.29267368,DFCF/东方财富Choice数据,dfcf_vendor_only_unverified_by_exchange
2017-01-24,5075.24064123,3742.04949990,8817.29014113,-26.86131458,-0.52647546,-17.19808514,-0.45748743,-44.05939972,-0.49720869,DFCF/东方财富Choice数据,dfcf_vendor_only_unverified_by_exchange
2017-01-25,5059.82240630,3722.31791023,8782.14031653,-15.41823493,-0.30379318,-19.73158967,-0.52729366,-35.14982460,-0.39864657,DFCF/东方财富Choice数据,dfcf_vendor_only_unverified_by_exchange
2017-01-26,4983.74008721,3666.36429032,8650.10437753,-76.08231909,-1.50365592,-55.95361991,-1.50319294,-132.03593900,-1.50345968,DFCF/东方财富Choice数据,dfcf_vendor_only_unverified_by_exchange
2017-02-03,5015.87053948,3681.21106596,8697.08160544,32.13045227,0.64470562,14.84677564,0.40494546,46.97722791,0.54308279,DFCF/东方财富Choice数据,dfcf_vendor_only_unverified_by_exchange
2017-02-06,5050.94124703,3693.18742539,8744.12867242,35.07070755,0.69919483,11.97635943,0.32533748,47.04706698,0.54095235,DFCF/东方财富Choice数据,dfcf_vendor_only_unverified_by_exchange
2017-02-07,5052.90510411,3694.40695400,8747.31205811,1.96385708,0.03888101,1.21952861,0.03302103,3.18338569,0.03640598,DFCF/东方财富Choice数据,dfcf_vendor_only_unverified_by_exchange
2017-02-08,5071.20995154,3703.69891496,8774.90886650,18.30484743,0.36226383,9.29196096,0.25151428,27.59680839,0.31548901,DFCF/东方财富Choice数据,dfcf_vendor_only_unverified_by_exchange
2017-02-09,5103.01910232,3710.30527616,8813.32437848,31.80915078,0.62724973,6.60636120,0.17837198,38.41551198,0.43778816,DFCF/东方财富Choice数据,dfcf_vendor_only_unverified_by_exchange
2017-02-10,5095.01164991,3700.23688362,8795.24853353,-8.00745241,-0.15691598,-10.06839254,-0.27136291,-18.07584495,-0.20509678,DFCF/东方财富Choice数据,dfcf_vendor_only_unverified_by_exchange
2017-02-13,5128.91126892,3717.73131543,8846.64258435,33.89961901,0.66534920,17.49443181,0.47279221,51.39405082,0.58433881,DFCF/东方财富Choice数据,dfcf_vendor_only_unverified_by_exchange
2017-02-14,5144.93589292,3719.39212452,8864.32801744,16.02462400,0.31243715,1.66080909,0.04467265,17.68543309,0.19991124,DFCF/东方财富Choice数据,dfcf_vendor_only_unverified_by_exchange
2017-02-15,5160.29816019,3722.47251703,8882.77067722,15.36226727,0.29859006,3.08039251,0.08281978,18.44265978,0.20805480,DFCF/东方财富Choice数据,dfcf_vendor_only_unverified_by_exchange
2017-02-16,5188.55552701,3728.98162092,8917.53714793,28.25736682,0.54759175,6.50910389,0.17485969,34.76647071,0.39139219,DFCF/东方财富Choice数据,dfcf_vendor_only_unverified_by_exchange
2017-02-17,5179.82129346,3721.30248824,8901.12378170,-8.73423355,-0.16833651,-7.67913268,-0.20593109,-16.41336623,-0.18405717,DFCF/东方财富Choice数据,dfcf_vendor_only_unverified_by_exchange
2017-02-20,5217.97169713,3731.38699066,8949.35868779,38.15040367,0.73651969,10.08450242,0.27099389,48.23490609,0.54189681,DFCF/东方财富Choice数据,dfcf_vendor_only_unverified_by_exchange
2017-02-21,5222.76159654,3737.45588179,8960.21747833,4.78989941,0.09179619,6.06889113,0.16264438,10.85879054,0.12133596,DFCF/东方财富Choice数据,dfcf_vendor_only_unverified_by_exchange
2017-02-22,5237.05409158,3745.76140560,8982.81549718,14.29249504,0.27365781,8.30552381,0.22222400,22.59801885,0.25220391,DFCF/东方财富Choice数据,dfcf_vendor_only_unverified_by_exchange
2017-02-23,5258.17689808,3756.37683876,9014.55373684,21.12280650,0.40333375,10.61543316,0.28339854,31.73823966,0.35332174,DFCF/东方财富Choice数据,dfcf_vendor_only_unverified_by_exchange
2017-02-24,5256.54220836,3757.60265714,9014.14486550,-1.63468972,-0.03108853,1.22581838,0.03263300,-0.40887134,-0.00453568,DFCF/东方财富Choice数据,dfcf_vendor_only_unverified_by_exchange
2017-02-27,5272.93793769,3768.29968769,9041.23762538,16.39572933,0.31191092,10.69703055,0.28467700,27.09275988,0.30055829,DFCF/东方财富Choice数据,dfcf_vendor_only_unverified_by_exchange
2017-02-28,5288.56868250,3774.88393036,9063.45261286,15.63074481,0.29643332,6.58424267,0.17472715,22.21498748,0.24570737,DFCF/东方财富Choice数据,dfcf_vendor_only_unverified_by_exchange
2017-03-01,5298.09697429,3772.80353048,9070.90050477,9.52829179,0.18016769,-2.08039988,-0.05511163,7.44789191,0.08217500,DFCF/东方财富Choice数据,dfcf_vendor_only_unverified_by_exchange
2017-03-02,5301.70254941,3780.53345097,9082.23600038,3.60557512,0.06805415,7.72992049,0.20488532,11.33549561,0.12496549,DFCF/东方财富Choice数据,dfcf_vendor_only_unverified_by_exchange
2017-03-03,5279.20521386,3776.74049528,9055.94570914,-22.49733555,-0.42434172,-3.79295569,-0.10032858,-26.29029124,-0.28946937,DFCF/东方财富Choice数据,dfcf_vendor_only_unverified_by_exchange
2017-03-06,5298.65824898,3789.72197886,9088.38022784,19.45303512,0.36848416,12.98148358,0.34372188,32.43451870,0.35815717,DFCF/东方财富Choice数据,dfcf_vendor_only_unverified_by_exchange
2017-03-07,5302.73177529,3791.23093211,9093.96270740,4.07352631,0.07687845,1.50895325,0.03981699,5.58247956,0.06142436,DFCF/东方财富Choice数据,dfcf_vendor_only_unverified_by_exchange
2017-03-08,5304.63329116,3789.53932164,9094.17261280,1.90151587,0.03585918,-1.69161047,-0.04461903,0.20990540,0.00230818,DFCF/东方财富Choice数据,dfcf_vendor_only_unverified_by_exchange
2017-03-09,5298.18259278,3789.49143181,9087.67402459,-6.45069838,-0.12160498,-0.04788983,-0.00126374,-6.49858821,-0.07145882,DFCF/东方财富Choice数据,dfcf_vendor_only_unverified_by_exchange
2017-03-10,5275.49728744,3778.49511065,9053.99239809,-22.68530534,-0.42817145,-10.99632116,-0.29017934,-33.68162650,-0.37062978,DFCF/东方财富Choice数据,dfcf_vendor_only_unverified_by_exchange
2017-03-13,5286.49018916,3790.13958858,9076.62977774,10.99290172,0.20837660,11.64447793,0.30817766,22.63737965,0.25002649,DFCF/东方财富Choice数据,dfcf_vendor_only_unverified_by_exchange
2017-03-14,5287.37903013,3799.09565928,9086.47468941,0.88884097,0.01681344,8.95607070,0.23629923,9.84491167,0.10846440,DFCF/东方财富Choice数据,dfcf_vendor_only_unverified_by_exchange
2017-03-15,5296.74658034,3799.50404113,9096.25062147,9.36755021,0.17716812,0.40838185,0.01074945,9.77593206,0.10758773,DFCF/东方财富Choice数据,dfcf_vendor_only_unverified_by_exchange
2017-03-16,5328.29101634,3837.64251100,9165.93352734,31.54443600,0.59554361,38.13846987,1.00377495,69.68290587,0.76606185,DFCF/东方财富Choice数据,dfcf_vendor_only_unverified_by_exchange
2017-03-17,5324.59710928,3828.98499518,9153.58210446,-3.69390706,-0.06932630,-8.65751582,-0.22559464,-12.35142288,-0.13475357,DFCF/东方财富Choice数据,dfcf_vendor_only_unverified_by_exchange
2017-03-20,5342.27970661,3841.32997560,9183.60968221,17.68259733,0.33209268,12.34498042,0.32240869,30.02757775,0.32804182,DFCF/东方财富Choice数据,dfcf_vendor_only_unverified_by_exchange
2017-03-21,5355.59713983,3842.84813049,9198.44527032,13.31743322,0.24928371,1.51815489,0.03952160,14.83558811,0.16154419,DFCF/东方财富Choice数据,dfcf_vendor_only_unverified_by_exchange
2017-03-22,5369.32700690,3845.41330120,9214.74030810,13.72986707,0.25636482,2.56517071,0.06675181,16.29503778,0.17714991,DFCF/东方财富Choice数据,dfcf_vendor_only_unverified_by_exchange
2017-03-23,5375.16709084,3846.32865898,9221.49574982,5.84008394,0.10876752,0.91535778,0.02380389,6.75544172,0.07331125,DFCF/东方财富Choice数据,dfcf_vendor_only_unverified_by_exchange
2017-03-24,5376.15245684,3839.93029461,9216.08275145,0.98536600,0.01833182,-6.39836437,-0.16634991,-5.41299837,-0.05869979,DFCF/东方财富Choice数据,dfcf_vendor_only_unverified_by_exchange
2017-03-27,5400.23946311,3859.00699955,9259.24646266,24.08700627,0.44803429,19.07670494,0.49679821,43.16371121,0.46835204,DFCF/东方财富Choice数据,dfcf_vendor_only_unverified_by_exchange
2017-03-28,5408.13227571,3861.83702432,9269.96930003,7.89281260,0.14615671,2.83002477,0.07333557,10.72283737,0.11580680,DFCF/东方财富Choice数据,dfcf_vendor_only_unverified_by_exchange
2017-03-29,5410.86656099,3855.63005382,9266.49661481,2.73428528,0.05055877,-6.20697050,-0.16072585,-3.47268522,-0.03746167,DFCF/东方财富Choice数据,dfcf_vendor_only_unverified_by_exchange
2017-03-30,5398.68684692,3856.88599780,9255.57284472,-12.17971407,-0.22509729,1.25594398,0.03257429,-10.92377009,-0.11788457,DFCF/东方财富Choice数据,dfcf_vendor_only_unverified_by_exchange
2017-03-31,5356.99641718,3823.25026657,9180.24668375,-41.69042974,-0.77223278,-33.63573123,-0.87209555,-75.32616097,-0.81384656,DFCF/东方财富Choice数据,dfcf_vendor_only_unverified_by_exchange
2017-04-05,5387.11252185,3844.42441952,9231.53694137,30.11610467,0.56218265,21.17415295,0.55382597,51.29025762,0.55870239,DFCF/东方财富Choice数据,dfcf_vendor_only_unverified_by_exchange
2017-04-06,5390.83167166,3849.61218858,9240.44386024,3.71914981,0.06903791,5.18776906,0.13494267,8.90691887,0.09648360,DFCF/东方财富Choice数据,dfcf_vendor_only_unverified_by_exchange
2017-04-07,5375.67404709,3839.33163652,9215.00568361,-15.15762457,-0.28117414,-10.28055206,-0.26705423,-25.43817663,-0.27529172,DFCF/东方财富Choice数据,dfcf_vendor_only_unverified_by_exchange
2017-04-10,5392.88405156,3862.65028300,9255.53433456,17.21000447,0.32014598,23.31864648,0.60736213,40.52865095,0.43981146,DFCF/东方财富Choice数据,dfcf_vendor_only_unverified_by_exchange
2017-04-11,5434.05620610,3873.48297907,9307.53918517,41.17215454,0.76345336,10.83269607,0.28044724,52.00485061,0.56187843,DFCF/东方财富Choice数据,dfcf_vendor_only_unverified_by_exchange
2017-04-12,5446.99793451,3877.13564400,9324.13357851,12.94172841,0.23815963,3.65266493,0.09429924,16.59439334,0.17828980,DFCF/东方财富Choice数据,dfcf_vendor_only_unverified_by_exchange
2017-04-13,5471.57833162,3885.24268944,9356.82102106,24.58039711,0.45126503,8.10704544,0.20909883,32.68744255,0.35056815,DFCF/东方财富Choice数据,dfcf_vendor_only_unverified_by_exchange
2017-04-14,5448.67962113,3877.06209942,9325.74172055,-22.89871049,-0.41850284,-8.18059002,-0.21055544,-31.07930051,-0.33215662,DFCF/东方财富Choice数据,dfcf_vendor_only_unverified_by_exchange
2017-04-17,5461.64795221,3881.09786933,9342.74582154,12.96833108,0.23800869,4.03576991,0.10409351,17.00410099,0.18233511,DFCF/东方财富Choice数据,dfcf_vendor_only_unverified_by_exchange
2017-04-18,5464.35281623,3862.36888106,9326.72169729,2.70486402,0.04952469,-18.72898827,-0.48256934,-16.02412425,-0.17151408,DFCF/东方财富Choice数据,dfcf_vendor_only_unverified_by_exchange
2017-04-19,5451.15793014,3844.86555012,9296.02348026,-13.19488609,-0.24147207,-17.50333094,-0.45317606,-30.69821703,-0.32914263,DFCF/东方财富Choice数据,dfcf_vendor_only_unverified_by_exchange
2017-04-20,5439.09595954,3827.16449362,9266.26045316,-12.06197060,-0.22127355,-17.70105650,-0.46038168,-29.76302710,-0.32016945,DFCF/东方财富Choice数据,dfcf_vendor_only_unverified_by_exchange
2017-04-21,5386.08445810,3799.43014518,9185.51460328,-53.01150144,-0.97463810,-27.73434844,-0.72467093,-80.74584988,-0.87139629,DFCF/东方财富Choice数据,dfcf_vendor_only_unverified_by_exchange
2017-04-24,5344.39269559,3783.16681804,9127.55951363,-41.69176251,-0.77406440,-16.26332714,-0.42804648,-57.95508965,-0.63094004,DFCF/东方财富Choice数据,dfcf_vendor_only_unverified_by_exchange
2017-04-25,5334.64968435,3772.54940535,9107.19908970,-9.74301124,-0.18230343,-10.61741269,-0.28064881,-20.36042393,-0.22306536,DFCF/东方财富Choice数据,dfcf_vendor_only_unverified_by_exchange
2017-04-26,5333.67272469,3764.23507353,9097.90779822,-0.97695966,-0.01831347,-8.31433182,-0.22039027,-9.29129148,-0.10202139,DFCF/东方财富Choice数据,dfcf_vendor_only_unverified_by_exchange
2017-04-27,5335.15685576,3764.95106174,9100.10791750,1.48413107,0.02782569,0.71598821,0.01902082,2.20011928,0.02418269,DFCF/东方财富Choice数据,dfcf_vendor_only_unverified_by_exchange
2017-04-28,5303.29667127,3743.49358837,9046.79025964,-31.86018449,-0.59717428,-21.45747337,-0.56992702,-53.31765786,-0.58590138,DFCF/东方财富Choice数据,dfcf_vendor_only_unverified_by_exchange
2017-05-02,5312.59620369,3750.41419004,9063.01039373,9.29953242,0.17535380,6.92060167,0.18487014,16.22013409,0.17929159,DFCF/东方财富Choice数据,dfcf_vendor_only_unverified_by_exchange
2017-05-03,5312.45801538,3758.20955568,9070.66757106,-0.13818831,-0.00260114,7.79536564,0.20785346,7.65717733,0.08448823,DFCF/东方财富Choice数据,dfcf_vendor_only_unverified_by_exchange
2017-05-04,5326.85207766,3759.95426997,9086.80634763,14.39406228,0.27094920,1.74471429,0.04642408,16.13877657,0.17792270,DFCF/东方财富Choice数据,dfcf_vendor_only_unverified_by_exchange
2017-05-05,5287.20181291,3742.33126915,9029.53308206,-39.65026475,-0.74434702,-17.62300082,-0.46870253,-57.27326557,-0.63029037,DFCF/东方财富Choice数据,dfcf_vendor_only_unverified_by_exchange
2017-05-08,5253.47761304,3726.86897686,8980.34658990,-33.72419987,-0.63784590,-15.46229229,-0.41317273,-49.18649216,-0.54472908,DFCF/东方财富Choice数据,dfcf_vendor_only_unverified_by_exchange
2017-05-09,5250.65572900,3712.71763184,8963.37336084,-2.82188404,-0.05371459,-14.15134502,-0.37971136,-16.97322906,-0.18900416,DFCF/东方财富Choice数据,dfcf_vendor_only_unverified_by_exchange
2017-05-10,5223.66049656,3683.55233386,8907.21283042,-26.99523244,-0.51413069,-29.16529798,-0.78555120,-56.16053042,-0.62655574,DFCF/东方财富Choice数据,dfcf_vendor_only_unverified_by_exchange
2017-05-11,5172.33414474,3654.35605315,8826.69019789,-51.32635182,-0.98257442,-29.19628071,-0.79261208,-80.52263253,-0.90401604,DFCF/东方财富Choice数据,dfcf_vendor_only_unverified_by_exchange
2017-05-12,5142.16422190,3630.71152724,8772.87574914,-30.16992284,-0.58329416,-23.64452591,-0.64702305,-53.81444875,-0.60967869,DFCF/东方财富Choice数据,dfcf_vendor_only_unverified_by_exchange
2017-05-15,5126.48970078,3623.18146586,8749.67116664,-15.67452112,-0.30482343,-7.53006138,-0.20739905,-23.20458250,-0.26450372,DFCF/东方财富Choice数据,dfcf_vendor_only_unverified_by_exchange
2017-05-16,5138.23056434,3639.37643142,8777.60699576,11.74086356,0.22902345,16.19496556,0.44698191,27.93582912,0.31927862,DFCF/东方财富Choice数据,dfcf_vendor_only_unverified_by_exchange
2017-05-17,5144.77174094,3641.49005213,8786.26179307,6.54117660,0.12730407,2.11362071,0.05807645,8.65479731,0.09860088,DFCF/东方财富Choice数据,dfcf_vendor_only_unverified_by_exchange
2017-05-18,5148.21195735,3648.75249577,8796.96445312,3.44021641,0.06686820,7.26244364,0.19943604,10.70266005,0.12181130,DFCF/东方财富Choice数据,dfcf_vendor_only_unverified_by_exchange
2017-05-19,5131.18335966,3637.94160195,8769.12496161,-17.02859769,-0.33076722,-10.81089382,-0.29629014,-27.83949151,-0.31646702,DFCF/东方财富Choice数据,dfcf_vendor_only_unverified_by_exchange
2017-05-22,5122.46774771,3639.10901509,8761.57676280,-8.71561195,-0.16985579,1.16741314,0.03208994,-7.54819881,-0.08607699,DFCF/东方财富Choice数据,dfcf_vendor_only_unverified_by_exchange
2017-05-23,5094.05303323,3618.94573320,8712.99876643,-28.41471448,-0.55470753,-20.16328189,-0.55407194,-48.57799637,-0.55444354,DFCF/东方财富Choice数据,dfcf_vendor_only_unverified_by_exchange
2017-05-24,5092.46104228,3612.85363996,8705.31468224,-1.59199095,-0.03125195,-6.09209324,-0.16833889,-7.68408419,-0.08819104,DFCF/东方财富Choice数据,dfcf_vendor_only_unverified_by_exchange
2017-05-25,5094.48789631,3607.90843377,8702.39633008,2.02685403,0.03980107,-4.94520619,-0.13687812,-2.91835216,-0.03352380,DFCF/东方财富Choice数据,dfcf_vendor_only_unverified_by_exchange
2017-05-26,5058.37079759,3581.56972671,8639.94052430,-36.11709872,-0.70894464,-26.33870706,-0.73002704,-62.45580578,-0.71768515,DFCF/东方财富Choice数据,dfcf_vendor_only_unverified_by_exchange
2017-05-31,5060.79239855,3587.35763010,8648.15002865,2.42160096,0.04787314,5.78790339,0.16160242,8.20950435,0.09501807,DFCF/东方财富Choice数据,dfcf_vendor_only_unverified_by_exchange
2017-06-01,5028.81436275,3568.99264340,8597.80700615,-31.97803580,-0.63187804,-18.36498670,-0.51193632,-50.34302250,-0.58212476,DFCF/东方财富Choice数据,dfcf_vendor_only_unverified_by_exchange
2017-06-02,5018.26004106,3561.76682853,8580.02686959,-10.55432169,-0.20987694,-7.22581487,-0.20246091,-17.78013656,-0.20679851,DFCF/东方财富Choice数据,dfcf_vendor_only_unverified_by_exchange
2017-06-05,5029.67461112,3561.84649448,8591.52110560,11.41457006,0.22746071,0.07966595,0.00223670,11.49423601,0.13396504,DFCF/东方财富Choice数据,dfcf_vendor_only_unverified_by_exchange
2017-06-06,5026.48994421,3554.72431426,8581.21425847,-3.18466691,-0.06331755,-7.12218022,-0.19995753,-10.30684713,-0.11996534,DFCF/东方财富Choice数据,dfcf_vendor_only_unverified_by_exchange
2017-06-07,5049.51018649,3567.64418655,8617.15437304,23.02024228,0.45797848,12.91987229,0.36345638,35.94011457,0.41882318,DFCF/东方财富Choice数据,dfcf_vendor_only_unverified_by_exchange
2017-06-08,5054.49167298,3568.92443200,8623.41610498,4.98148649,0.09865287,1.28024545,0.03588490,6.26173194,0.07266589,DFCF/东方财富Choice数据,dfcf_vendor_only_unverified_by_exchange
2017-06-09,5040.70812514,3565.37908061,8606.08720575,-13.78354784,-0.27269899,-3.54535139,-0.09933949,-17.32889923,-0.20095168,DFCF/东方财富Choice数据,dfcf_vendor_only_unverified_by_exchange
2017-06-12,5054.52993981,3570.74992223,8625.27986204,13.82181467,0.27420383,5.37084162,0.15063873,19.19265629,0.22301257,DFCF/东方财富Choice数据,dfcf_vendor_only_unverified_by_exchange
2017-06-13,5068.86152863,3583.87153884,8652.73306747,14.33158882,0.28353950,13.12161661,0.36747509,27.45320543,0.31828771,DFCF/东方财富Choice数据,dfcf_vendor_only_unverified_by_exchange
2017-06-14,5072.49153818,3583.38421711,8655.87575529,3.63000955,0.07161390,-0.48732173,-0.01359763,3.14268782,0.03632018,DFCF/东方财富Choice数据,dfcf_vendor_only_unverified_by_exchange
2017-06-15,5090.14686250,3598.86953330,8689.01639580,17.65532432,0.34806020,15.48531619,0.43214222,33.14064051,0.38286872,DFCF/东方财富Choice数据,dfcf_vendor_only_unverified_by_exchange
2017-06-16,5071.98520290,3584.13770932,8656.12291222,-18.16165960,-0.35680031,-14.73182398,-0.40934587,-32.89348358,-0.37856395,DFCF/东方财富Choice数据,dfcf_vendor_only_unverified_by_exchange
2017-06-19,5082.26930204,3592.44743124,8674.71673328,10.28409914,0.20276280,8.30972192,0.23184717,18.59382106,0.21480542,DFCF/东方财富Choice数据,dfcf_vendor_only_unverified_by_exchange
2017-06-20,5083.33054879,3591.66435223,8674.99490102,1.06124675,0.02088136,-0.78307901,-0.02179793,0.27816774,0.00320665,DFCF/东方财富Choice数据,dfcf_vendor_only_unverified_by_exchange
2017-06-21,5089.32378843,3598.77277809,8688.09656652,5.99323964,0.11789986,7.10842586,0.19791454,13.10166550,0.15102793,DFCF/东方财富Choice数据,dfcf_vendor_only_unverified_by_exchange
2017-06-22,5097.54526622,3593.93887211,8691.48413833,8.22147779,0.16154362,-4.83390598,-0.13432096,3.38757181,0.03899095,DFCF/东方财富Choice数据,dfcf_vendor_only_unverified_by_exchange
2017-06-23,5078.90577040,3589.04197615,8667.94774655,-18.63949582,-0.36565631,-4.89689596,-0.13625429,-23.53639178,-0.27079831,DFCF/东方财富Choice数据,dfcf_vendor_only_unverified_by_exchange
2017-06-26,5110.01191807,3609.15740900,8719.16932707,31.10614767,0.61245766,20.11543285,0.56046803,51.22158052,0.59093089,DFCF/东方财富Choice数据,dfcf_vendor_only_unverified_by_exchange
2017-06-27,5114.57728296,3626.54305822,8741.12034118,4.56536489,0.08934157,17.38564922,0.48170936,21.95101411,0.25175580,DFCF/东方财富Choice数据,dfcf_vendor_only_unverified_by_exchange
2017-06-28,5133.78917370,3636.89633943,8770.68551313,19.21189074,0.37563008,10.35328121,0.28548623,29.56517195,0.33823092,DFCF/东方财富Choice数据,dfcf_vendor_only_unverified_by_exchange
2017-06-29,5135.01965352,3646.47867791,8781.49833143,1.23047982,0.02396826,9.58233848,0.26347571,10.81281830,0.12328362,DFCF/东方财富Choice数据,dfcf_vendor_only_unverified_by_exchange
2017-06-30,5115.28278042,3640.78062665,8756.06340707,-19.73687310,-0.38435828,-5.69805126,-0.15626175,-25.43492436,-0.28964219,DFCF/东方财富Choice数据,dfcf_vendor_only_unverified_by_exchange
2017-07-03,5124.79572751,3650.28006156,8775.07578907,9.51294709,0.18597109,9.49943491,0.26091753,19.01238200,0.21713390,DFCF/东方财富Choice数据,dfcf_vendor_only_unverified_by_exchange
2017-07-04,5131.57610530,3657.61817146,8789.19427676,6.78037779,0.13230533,7.33810990,0.20102868,14.11848769,0.16089306,DFCF/东方财富Choice数据,dfcf_vendor_only_unverified_by_exchange
2017-07-05,5144.87818603,3664.12837230,8809.00655833,13.30208073,0.25922018,6.51020084,0.17799017,19.81228157,0.22541636,DFCF/东方财富Choice数据,dfcf_vendor_only_unverified_by_exchange
2017-07-06,5145.69648233,3665.88652210,8811.58300443,0.81829630,0.01590507,1.75814980,0.04798276,2.57644610,0.02924786,DFCF/东方财富Choice数据,dfcf_vendor_only_unverified_by_exchange
2017-07-07,5137.24680300,3662.52500650,8799.77180950,-8.44967933,-0.16420866,-3.36151560,-0.09169721,-11.81119493,-0.13404169,DFCF/东方财富Choice数据,dfcf_vendor_only_unverified_by_exchange
2017-07-10,5153.92194701,3673.82764848,8827.74959549,16.67514401,0.32459301,11.30264198,0.30860245,27.97778599,0.31793763,DFCF/东方财富Choice数据,dfcf_vendor_only_unverified_by_exchange
2017-07-11,5153.29239075,3675.02144444,8828.31383519,-0.62955626,-0.01221509,1.19379596,0.03249461,0.56423970,0.00639166,DFCF/东方财富Choice数据,dfcf_vendor_only_unverified_by_exchange
2017-07-12,5159.30473901,3683.15080053,8842.45553954,6.01234826,0.11667004,8.12935609,0.22120568,14.14170435,0.16018579,DFCF/东方财富Choice数据,dfcf_vendor_only_unverified_by_exchange
2017-07-13,5173.01034702,3673.24311851,8846.25346553,13.70560801,0.26564835,-9.90768202,-0.26900017,3.79792599,0.04295103,DFCF/东方财富Choice数据,dfcf_vendor_only_unverified_by_exchange
2017-07-14,5150.43617427,3655.20865611,8805.64483038,-22.57417275,-0.43638368,-18.03446240,-0.49096838,-40.60863515,-0.45904897,DFCF/东方财富Choice数据,dfcf_vendor_only_unverified_by_exchange
2017-07-17,5136.68732540,3619.02012088,8755.70744628,-13.74884887,-0.26694533,-36.18853523,-0.99005388,-49.93738410,-0.56710650,DFCF/东方财富Choice数据,dfcf_vendor_only_unverified_by_exchange
2017-07-18,5139.38473137,3617.96164951,8757.34638088,2.69740597,0.05251256,-1.05847137,-0.02924746,1.63893460,0.01871847,DFCF/东方财富Choice数据,dfcf_vendor_only_unverified_by_exchange
2017-07-19,5166.45095697,3614.59300476,8781.04396173,27.06622560,0.52664330,-3.36864475,-0.09310891,23.69758085,0.27060230,DFCF/东方财富Choice数据,dfcf_vendor_only_unverified_by_exchange
2017-07-20,5168.52513732,3624.28582625,8792.81096357,2.07418035,0.04014710,9.69282149,0.26815803,11.76700184,0.13400459,DFCF/东方财富Choice数据,dfcf_vendor_only_unverified_by_exchange
2017-07-21,5169.27360025,3613.62990936,8782.90350961,0.74846293,0.01448117,-10.65591689,-0.29401425,-9.90745396,-0.11267675,DFCF/东方财富Choice数据,dfcf_vendor_only_unverified_by_exchange
2017-07-24,5210.07125367,3631.72216586,8841.79341953,40.79765342,0.78923378,18.09225650,0.50066711,58.88990992,0.67050617,DFCF/东方财富Choice数据,dfcf_vendor_only_unverified_by_exchange
2017-07-25,5232.13040701,3645.48709254,8877.61749955,22.05915334,0.42339447,13.76492668,0.37901927,35.82408002,0.40516758,DFCF/东方财富Choice数据,dfcf_vendor_only_unverified_by_exchange
2017-07-26,5250.88165155,3652.84731210,8903.72896365,18.75124454,0.35838641,7.36021956,0.20189948,26.11146410,0.29412693,DFCF/东方财富Choice数据,dfcf_vendor_only_unverified_by_exchange
2017-07-27,5263.93111133,3673.67346077,8937.60457210,13.04945978,0.24851940,20.82614867,0.57013466,33.87560845,0.38046540,DFCF/东方财富Choice数据,dfcf_vendor_only_unverified_by_exchange
2017-07-28,5248.28764794,3660.18130074,8908.46894868,-15.64346339,-0.29718215,-13.49216003,-0.36726618,-29.13562342,-0.32598918,DFCF/东方财富Choice数据,dfcf_vendor_only_unverified_by_exchange
2017-07-31,5285.37955376,3676.85356105,8962.23311481,37.09190582,0.70674300,16.67226031,0.45550367,53.76416613,0.60351747,DFCF/东方财富Choice数据,dfcf_vendor_only_unverified_by_exchange
2017-08-01,5292.31018478,3683.31400540,8975.62419018,6.93063102,0.13112835,6.46044435,0.17570578,13.39107537,0.14941673,DFCF/东方财富Choice数据,dfcf_vendor_only_unverified_by_exchange
2017-08-02,5322.00383095,3690.72577727,9012.72960822,29.69364617,0.56107154,7.41177187,0.20122563,37.10541804,0.41340209,DFCF/东方财富Choice数据,dfcf_vendor_only_unverified_by_exchange
2017-08-03,5348.79944654,3705.47472541,9054.27417195,26.79561559,0.50348734,14.74894814,0.39962189,41.54456373,0.46095429,DFCF/东方财富Choice数据,dfcf_vendor_only_unverified_by_exchange
2017-08-04,5328.20207518,3692.86084881,9021.06292399,-20.59737136,-0.38508401,-12.61387660,-0.34041189,-33.21124796,-0.36680188,DFCF/东方财富Choice数据,dfcf_vendor_only_unverified_by_exchange
2017-08-07,5356.36198766,3697.22163849,9053.58362615,28.15991248,0.52850684,4.36078968,0.11808703,32.52070216,0.36049745,DFCF/东方财富Choice数据,dfcf_vendor_only_unverified_by_exchange
2017-08-08,5347.26199658,3697.34485996,9044.60685654,-9.09999108,-0.16989126,0.12322147,0.00333281,-8.97676961,-0.09915156,DFCF/东方财富Choice数据,dfcf_vendor_only_unverified_by_exchange
2017-08-09,5373.68647820,3709.25499024,9082.94146844,26.42448162,0.49416845,11.91013028,0.32212657,38.33461190,0.42383945,DFCF/东方财富Choice数据,dfcf_vendor_only_unverified_by_exchange
2017-08-10,5376.69007398,3709.85194677,9086.54202075,3.00359578,0.05589451,0.59695653,0.01609370,3.60055231,0.03964082,DFCF/东方财富Choice数据,dfcf_vendor_only_unverified_by_exchange
2017-08-11,5353.56477158,3695.12862164,9048.69339322,-23.12530240,-0.43010295,-14.72332513,-0.39687096,-37.84862753,-0.41653500,DFCF/东方财富Choice数据,dfcf_vendor_only_unverified_by_exchange
2017-08-14,5376.32596431,3722.46550889,9098.79147320,22.76119273,0.42515957,27.33688725,0.73980881,50.09807998,0.55364988,DFCF/东方财富Choice数据,dfcf_vendor_only_unverified_by_exchange
2017-08-15,5396.48893071,3727.45867964,9123.94761035,20.16296640,0.37503244,4.99317075,0.13413612,25.15613715,0.27647779,DFCF/东方财富Choice数据,dfcf_vendor_only_unverified_by_exchange
2017-08-16,5408.68472055,3740.44182317,9149.12654372,12.19578984,0.22599490,12.98314353,0.34831086,25.17893337,0.27596534,DFCF/东方财富Choice数据,dfcf_vendor_only_unverified_by_exchange
2017-08-17,5428.99045178,3749.62435644,9178.61480822,20.30573123,0.37542827,9.18253327,0.24549328,29.48826450,0.32230688,DFCF/东方财富Choice数据,dfcf_vendor_only_unverified_by_exchange
2017-08-18,5417.48509333,3743.18362951,9160.66872284,-11.50535845,-0.21192446,-6.44072693,-0.17176992,-17.94608538,-0.19552063,DFCF/东方财富Choice数据,dfcf_vendor_only_unverified_by_exchange
2017-08-21,5435.92415590,3760.35833416,9196.28249006,18.43906257,0.34036204,17.17470465,0.45882613,35.61376722,0.38876820,DFCF/东方财富Choice数据,dfcf_vendor_only_unverified_by_exchange
2017-08-22,5448.97323822,3767.68883360,9216.66207182,13.04908232,0.24005269,7.33049944,0.19494151,20.37958176,0.22160674,DFCF/东方财富Choice数据,dfcf_vendor_only_unverified_by_exchange
2017-08-23,5455.07089335,3769.97559064,9225.04648399,6.09765513,0.11190466,2.28675704,0.06069389,8.38441217,0.09097016,DFCF/东方财富Choice数据,dfcf_vendor_only_unverified_by_exchange
2017-08-24,5468.33583828,3769.51699030,9237.85282858,13.26494493,0.24316723,-0.45860034,-0.01216454,12.80634459,0.13882146,DFCF/东方财富Choice数据,dfcf_vendor_only_unverified_by_exchange
2017-08-25,5460.54164590,3766.52174003,9227.06338593,-7.79419238,-0.14253317,-2.99525027,-0.07945979,-10.78944265,-0.11679600,DFCF/东方财富Choice数据,dfcf_vendor_only_unverified_by_exchange
2017-08-28,5508.35572748,3783.70291462,9292.05864210,47.81408158,0.87562892,17.18117459,0.45615493,64.99525617,0.70439807,DFCF/东方财富Choice数据,dfcf_vendor_only_unverified_by_exchange
2017-08-29,5532.70011460,3798.34960685,9331.04972145,24.34438712,0.44195379,14.64669223,0.38709943,38.99107935,0.41961723,DFCF/东方财富Choice数据,dfcf_vendor_only_unverified_by_exchange
2017-08-30,5548.44843413,3802.83622180,9351.28465593,15.74831953,0.28464076,4.48661495,0.11812012,20.23493448,0.21685593,DFCF/东方财富Choice数据,dfcf_vendor_only_unverified_by_exchange
2017-08-31,5591.18232072,3825.64050515,9416.82282587,42.73388659,0.77019526,22.80428335,0.59966515,65.53816994,0.70084670,DFCF/东方财富Choice数据,dfcf_vendor_only_unverified_by_exchange
2017-09-01,5602.56965769,3827.16502942,9429.73468711,11.38733697,0.20366599,1.52452427,0.03985017,12.91186124,0.13711484,DFCF/东方财富Choice数据,dfcf_vendor_only_unverified_by_exchange
2017-09-04,5635.95774171,3852.47490012,9488.43264183,33.38808402,0.59594233,25.30987070,0.66132164,58.69795472,0.62247727,DFCF/东方财富Choice数据,dfcf_vendor_only_unverified_by_exchange
2017-09-05,5647.49751259,3871.40818040,9518.90569299,11.53977088,0.20475262,18.93328028,0.49145759,30.47305116,0.32116001,DFCF/东方财富Choice数据,dfcf_vendor_only_unverified_by_exchange
2017-09-06,5674.10040920,3894.64573621,9568.74614541,26.60289661,0.47105637,23.23755581,0.60023523,49.84045242,0.52359435,DFCF/东方财富Choice数据,dfcf_vendor_only_unverified_by_exchange
2017-09-07,5680.69058625,3920.78380649,9601.47439274,6.59017705,0.11614488,26.13807028,0.67112831,32.72824733,0.34203277,DFCF/东方财富Choice数据,dfcf_vendor_only_unverified_by_exchange
2017-09-08,5688.68703562,3920.77035132,9609.45738694,7.99644937,0.14076544,-0.01345517,-0.00034318,7.98299420,0.08314342,DFCF/东方财富Choice数据,dfcf_vendor_only_unverified_by_exchange
2017-09-11,5732.27491085,3958.80476733,9691.07967818,43.58787523,0.76622031,38.03441601,0.97007508,81.62229124,0.84939542,DFCF/东方财富Choice数据,dfcf_vendor_only_unverified_by_exchange
2017-09-12,5750.35344655,3986.01992160,9736.37336815,18.07853570,0.31538152,27.21515427,0.68745886,45.29368997,0.46737507,DFCF/东方财富Choice数据,dfcf_vendor_only_unverified_by_exchange
2017-09-13,5773.41861552,3996.82671588,9770.24533140,23.06516897,0.40110872,10.80679428,0.27111742,33.87196325,0.34789096,DFCF/东方财富Choice数据,dfcf_vendor_only_unverified_by_exchange
2017-09-14,5795.39655735,4004.55265667,9799.94921402,21.97794183,0.38067466,7.72594079,0.19330187,29.70388262,0.30402392,DFCF/东方财富Choice数据,dfcf_vendor_only_unverified_by_exchange
2017-09-15,5785.83374441,4002.80335840,9788.63710281,-9.56281294,-0.16500705,-1.74929827,-0.04368274,-11.31211121,-0.11543030,DFCF/东方财富Choice数据,dfcf_vendor_only_unverified_by_exchange
2017-09-18,5824.55107684,4019.81639457,9844.36747141,38.71733243,0.66917465,17.01303617,0.42502803,55.73036860,0.56933737,DFCF/东方财富Choice数据,dfcf_vendor_only_unverified_by_exchange
2017-09-19,5837.32774712,4036.07658477,9873.40433189,12.77667028,0.21935888,16.26019020,0.40450082,29.03686048,0.29495913,DFCF/东方财富Choice数据,dfcf_vendor_only_unverified_by_exchange
2017-09-20,5870.35104718,4060.34655275,9930.69759993,33.02330006,0.56572633,24.26996798,0.60132575,57.29326804,0.58027876,DFCF/东方财富Choice数据,dfcf_vendor_only_unverified_by_exchange
2017-09-21,5861.41235549,4042.68011840,9904.09247389,-8.93869169,-0.15226844,-17.66643435,-0.43509671,-26.60512604,-0.26790793,DFCF/东方财富Choice数据,dfcf_vendor_only_unverified_by_exchange
2017-09-22,5834.54267943,4036.55729725,9871.09997668,-26.86967606,-0.45841641,-6.12282115,-0.15145450,-32.99249721,-0.33311984,DFCF/东方财富Choice数据,dfcf_vendor_only_unverified_by_exchange
2017-09-25,5811.84044380,4033.60937684,9845.44982064,-22.70223563,-0.38910052,-2.94792041,-0.07303056,-25.65015604,-0.25985104,DFCF/东方财富Choice数据,dfcf_vendor_only_unverified_by_exchange
2017-09-26,5799.08899222,4037.29953087,9836.38852309,-12.75145158,-0.21940471,3.69015403,0.09148516,-9.06129755,-0.09203538,DFCF/东方财富Choice数据,dfcf_vendor_only_unverified_by_exchange
2017-09-27,5795.23451666,4033.49041270,9828.72492936,-3.85447556,-0.06646692,-3.80911817,-0.09434817,-7.66359373,-0.07791064,DFCF/东方财富Choice数据,dfcf_vendor_only_unverified_by_exchange
2017-09-28,5782.24273633,4023.29811220,9805.54084853,-12.99178033,-0.22418041,-10.19230050,-0.25269182,-23.18408083,-0.23588086,DFCF/东方财富Choice数据,dfcf_vendor_only_unverified_by_exchange
2017-09-29,5700.83581576,3956.17878935,9657.01460511,-81.40692057,-1.40787795,-67.11932285,-1.66826621,-148.52624342,-1.51471750,DFCF/东方财富Choice数据,dfcf_vendor_only_unverified_by_exchange
2017-10-09,5786.82092143,4028.44790525,9815.26882668,85.98510567,1.50828946,72.26911590,1.82674039,158.25422157,1.63874891,DFCF/东方财富Choice数据,dfcf_vendor_only_unverified_by_exchange
2017-10-10,5831.45677767,4050.80709764,9882.26387531,44.63585624,0.77133640,22.35919239,0.55503243,66.99504863,0.68255949,DFCF/东方财富Choice数据,dfcf_vendor_only_unverified_by_exchange
2017-10-11,5835.22843846,4065.24057405,9900.46901251,3.77166079,0.06467785,14.43347641,0.35631113,18.20513720,0.18422031,DFCF/东方财富Choice数据,dfcf_vendor_only_unverified_by_exchange
2017-10-12,5834.64735903,4067.59806457,9902.24542360,-0.58107943,-0.00995813,2.35749052,0.05799141,1.77641109,0.01794270,DFCF/东方财富Choice数据,dfcf_vendor_only_unverified_by_exchange
2017-10-13,5825.62628235,4070.30215382,9895.92843617,-9.02107668,-0.15461220,2.70408925,0.06647877,-6.31698743,-0.06379348,DFCF/东方财富Choice数据,dfcf_vendor_only_unverified_by_exchange
2017-10-16,5837.59038774,4070.25279896,9907.84318670,11.96410539,0.20537029,-0.04935486,-0.00121256,11.91475053,0.12040053,DFCF/东方财富Choice数据,dfcf_vendor_only_unverified_by_exchange
2017-10-17,5840.23686833,4064.33286184,9904.56973017,2.64648059,0.04533515,-5.91993712,-0.14544397,-3.27345653,-0.03303904,DFCF/东方财富Choice数据,dfcf_vendor_only_unverified_by_exchange
2017-10-18,5815.92266640,4052.14775637,9868.07042277,-24.31420193,-0.41632219,-12.18510547,-0.29980580,-36.49930740,-0.36850977,DFCF/东方财富Choice数据,dfcf_vendor_only_unverified_by_exchange
2017-10-19,5793.06498080,4044.67632240,9837.74130320,-22.85768560,-0.39301908,-7.47143397,-0.18438207,-30.32911957,-0.30734600,DFCF/东方财富Choice数据,dfcf_vendor_only_unverified_by_exchange
2017-10-20,5786.49055545,4034.90065193,9821.39120738,-6.57442535,-0.11348786,-9.77567047,-0.24169228,-16.35009582,-0.16619766,DFCF/东方财富Choice数据,dfcf_vendor_only_unverified_by_exchange
2017-10-23,5809.01689048,4048.56421571,9857.58110619,22.52633503,0.38929183,13.66356378,0.33863445,36.18989881,0.36848037,DFCF/东方财富Choice数据,dfcf_vendor_only_unverified_by_exchange
2017-10-24,5788.77370713,4036.14833155,9824.92203868,-20.24318335,-0.34847865,-12.41588416,-0.30667376,-32.65906751,-0.33130914,DFCF/东方财富Choice数据,dfcf_vendor_only_unverified_by_exchange
2017-10-25,5796.73158365,4050.34527999,9847.07686364,7.95787652,0.13747085,14.19694844,0.35174496,22.15482496,0.22549619,DFCF/东方财富Choice数据,dfcf_vendor_only_unverified_by_exchange
2017-10-26,5857.21846144,4063.20800469,9920.42646613,60.48687779,1.04346522,12.86272470,0.31757107,73.34960249,0.74488707,DFCF/东方财富Choice数据,dfcf_vendor_only_unverified_by_exchange
2017-10-27,5869.80537209,4053.32193918,9923.12731127,12.58691065,0.21489570,-9.88606551,-0.24330690,2.70084514,0.02722509,DFCF/东方财富Choice数据,dfcf_vendor_only_unverified_by_exchange
2017-10-30,5872.51583104,4051.73897730,9924.25480834,2.71045895,0.04617630,-1.58296188,-0.03905345,1.12749707,0.01136232,DFCF/东方财富Choice数据,dfcf_vendor_only_unverified_by_exchange
2017-10-31,5891.96036713,4055.14373968,9947.10410681,19.44453609,0.33111083,3.40476238,0.08403213,22.84929847,0.23023692,DFCF/东方财富Choice数据,dfcf_vendor_only_unverified_by_exchange
2017-11-01,5930.84233167,4070.04183282,10000.88416449,38.88196454,0.65991558,14.89809314,0.36738755,53.78005768,0.54066045,DFCF/东方财富Choice数据,dfcf_vendor_only_unverified_by_exchange
2017-11-02,5919.38582941,4076.84776639,9996.23359580,-11.45650226,-0.19316821,6.80593357,0.16722024,-4.65056869,-0.04650158,DFCF/东方财富Choice数据,dfcf_vendor_only_unverified_by_exchange
2017-11-03,5892.95810105,4060.06680419,9953.02490524,-26.42772836,-0.44646065,-16.78096220,-0.41161611,-43.20869056,-0.43224971,DFCF/东方财富Choice数据,dfcf_vendor_only_unverified_by_exchange
2017-11-06,5935.20002896,4083.27692385,10018.47695281,42.24192791,0.71682044,23.21011966,0.57166842,65.45204757,0.65760960,DFCF/东方财富Choice数据,dfcf_vendor_only_unverified_by_exchange
2017-11-07,5976.86940879,4095.48437167,10072.35378046,41.66937983,0.70207204,12.20744782,0.29896204,53.87682765,0.53777463,DFCF/东方财富Choice数据,dfcf_vendor_only_unverified_by_exchange
2017-11-08,5998.47626587,4128.51782687,10126.99409274,21.60685708,0.36150793,33.03345520,0.80658238,54.64031228,0.54247809,DFCF/东方财富Choice数据,dfcf_vendor_only_unverified_by_exchange
2017-11-09,6022.92882328,4139.55147463,10162.48029791,24.45255741,0.40764615,11.03364776,0.26725445,35.48620517,0.35041203,DFCF/东方财富Choice数据,dfcf_vendor_only_unverified_by_exchange
2017-11-10,6026.77946214,4153.97086399,10180.75032613,3.85063886,0.06393300,14.41938936,0.34833217,18.27002822,0.17977922,DFCF/东方财富Choice数据,dfcf_vendor_only_unverified_by_exchange
2017-11-13,6074.53853482,4194.63746114,10269.17599596,47.75907268,0.79244766,40.66659715,0.97898128,88.42566983,0.86855749,DFCF/东方财富Choice数据,dfcf_vendor_only_unverified_by_exchange
2017-11-14,6095.30393847,4216.53947429,10311.84341276,20.76540365,0.34184331,21.90201315,0.52214317,42.66741680,0.41549017,DFCF/东方财富Choice数据,dfcf_vendor_only_unverified_by_exchange
2017-11-15,6100.88191761,4224.66452766,10325.54644527,5.57797914,0.09151273,8.12505337,0.19269483,13.70303251,0.13288635,DFCF/东方财富Choice数据,dfcf_vendor_only_unverified_by_exchange
2017-11-16,6119.55170107,4230.58744215,10350.13914322,18.66978346,0.30601778,5.92291449,0.14019846,24.59269795,0.23817333,DFCF/东方财富Choice数据,dfcf_vendor_only_unverified_by_exchange
2017-11-17,6054.07313174,4172.28251977,10226.35565151,-65.47856933,-1.06998964,-58.30492238,-1.37817556,-123.78349171,-1.19595969,DFCF/东方财富Choice数据,dfcf_vendor_only_unverified_by_exchange
2017-11-20,6061.52968284,4177.76439867,10239.29408151,7.45655110,0.12316586,5.48187890,0.13138801,12.93843000,0.12652044,DFCF/东方财富Choice数据,dfcf_vendor_only_unverified_by_exchange
2017-11-21,6108.96888811,4202.94816687,10311.91705498,47.43920527,0.78262762,25.18376820,0.60280489,72.62297347,0.70925762,DFCF/东方财富Choice数据,dfcf_vendor_only_unverified_by_exchange
2017-11-22,6136.38975630,4204.09118957,10340.48094587,27.42086819,0.44886246,1.14302270,0.02719574,28.56389089,0.27699884,DFCF/东方财富Choice数据,dfcf_vendor_only_unverified_by_exchange
2017-11-23,6123.23609647,4192.56553556,10315.80163203,-13.15365983,-0.21435503,-11.52565401,-0.27415328,-24.67931384,-0.23866698,DFCF/东方财富Choice数据,dfcf_vendor_only_unverified_by_exchange
2017-11-24,6078.03783678,4172.00554483,10250.04338161,-45.19825969,-0.73814334,-20.55999073,-0.49039164,-65.75825042,-0.63745168,DFCF/东方财富Choice数据,dfcf_vendor_only_unverified_by_exchange
2017-11-27,6041.20318760,4168.98405299,10210.18724059,-36.83464918,-0.60602863,-3.02149184,-0.07242301,-39.85614102,-0.38883875,DFCF/东方财富Choice数据,dfcf_vendor_only_unverified_by_exchange
2017-11-28,6050.38393589,4179.57044852,10229.95438441,9.18074829,0.15196887,10.58639553,0.25393226,19.76714382,0.19360217,DFCF/东方财富Choice数据,dfcf_vendor_only_unverified_by_exchange
2017-11-29,6064.35086718,4183.61375388,10247.96462106,13.96693129,0.23084372,4.04330536,0.09673973,18.01023665,0.17605393,DFCF/东方财富Choice数据,dfcf_vendor_only_unverified_by_exchange
2017-11-30,6062.66729261,4176.18440810,10238.85170071,-1.68357457,-0.02776183,-7.42934578,-0.17758202,-9.11292035,-0.08892420,DFCF/东方财富Choice数据,dfcf_vendor_only_unverified_by_exchange
2017-12-01,6050.49876092,4169.24078336,10219.73954428,-12.16853169,-0.20071251,-6.94362474,-0.16626720,-19.11215643,-0.18666308,DFCF/东方财富Choice数据,dfcf_vendor_only_unverified_by_exchange
2017-12-04,6045.95733465,4163.79724435,10209.75457900,-4.54142627,-0.07505871,-5.44353901,-0.13056428,-9.98496528,-0.09770274,DFCF/东方财富Choice数据,dfcf_vendor_only_unverified_by_exchange
2017-12-05,5949.60743028,4126.42661927,10076.03404955,-96.34990437,-1.59362528,-37.37062508,-0.89751308,-133.72052945,-1.30973304,DFCF/东方财富Choice数据,dfcf_vendor_only_unverified_by_exchange
2017-12-06,5952.36819307,4131.17740938,10083.54560245,2.76076279,0.04640244,4.75079011,0.11513085,7.51155290,0.07454871,DFCF/东方财富Choice数据,dfcf_vendor_only_unverified_by_exchange
2017-12-07,5960.91122261,4130.22494985,10091.13617246,8.54302954,0.14352320,-0.95245953,-0.02305540,7.59057001,0.07527680,DFCF/东方财富Choice数据,dfcf_vendor_only_unverified_by_exchange
2017-12-08,5959.97613220,4132.06106402,10092.03719622,-0.93509041,-0.01568704,1.83611417,0.04445555,0.90102376,0.00892886,DFCF/东方财富Choice数据,dfcf_vendor_only_unverified_by_exchange
2017-12-11,5973.88285945,4135.24818501,10109.13104446,13.90672725,0.23333528,3.18712099,0.07713151,17.09384824,0.16937956,DFCF/东方财富Choice数据,dfcf_vendor_only_unverified_by_exchange
2017-12-12,5981.21141086,4141.89342865,10123.10483951,7.32855141,0.12267652,6.64524364,0.16069758,13.97379505,0.13822944,DFCF/东方财富Choice数据,dfcf_vendor_only_unverified_by_exchange
2017-12-13,5998.23623298,4154.26217652,10152.49840950,17.02482212,0.28463836,12.36874787,0.29862545,29.39356999,0.29036121,DFCF/东方财富Choice数据,dfcf_vendor_only_unverified_by_exchange
2017-12-14,6015.18600419,4160.50313153,10175.68913572,16.94977121,0.28257925,6.24095501,0.15023017,23.19072622,0.22842384,DFCF/东方财富Choice数据,dfcf_vendor_only_unverified_by_exchange
2017-12-15,5999.73160706,4144.81225205,10144.54385911,-15.45439713,-0.25692301,-15.69087948,-0.37713899,-31.14527661,-0.30607535,DFCF/东方财富Choice数据,dfcf_vendor_only_unverified_by_exchange
2017-12-18,6003.85416902,4149.67883643,10153.53300545,4.12256196,0.06871244,4.86658438,0.11741387,8.98914634,0.08861065,DFCF/东方财富Choice数据,dfcf_vendor_only_unverified_by_exchange
2017-12-19,6011.50771777,4155.69369452,10167.20141229,7.65354875,0.12747726,6.01485809,0.14494756,13.66840684,0.13461725,DFCF/东方财富Choice数据,dfcf_vendor_only_unverified_by_exchange
2017-12-20,6006.60765121,4151.91455625,10158.52220746,-4.90006656,-0.08151144,-3.77913827,-0.09093881,-8.67920483,-0.08536474,DFCF/东方财富Choice数据,dfcf_vendor_only_unverified_by_exchange
2017-12-21,6013.31057847,4157.39733710,10170.70791557,6.70292726,0.11159256,5.48278085,0.13205428,12.18570811,0.11995552,DFCF/东方财富Choice数据,dfcf_vendor_only_unverified_by_exchange
2017-12-22,6007.52458618,4154.30055174,10161.82513792,-5.78599229,-0.09621975,-3.09678536,-0.07448856,-8.88277765,-0.08733687,DFCF/东方财富Choice数据,dfcf_vendor_only_unverified_by_exchange
2017-12-25,6020.10826133,4166.86670698,10186.97496831,12.58367515,0.20946523,12.56615524,0.30248546,25.14983039,0.24749324,DFCF/东方财富Choice数据,dfcf_vendor_only_unverified_by_exchange
2017-12-26,6037.88870421,4178.53545964,10216.42416385,17.78044288,0.29535088,11.66875266,0.28003662,29.44919554,0.28908676,DFCF/东方财富Choice数据,dfcf_vendor_only_unverified_by_exchange
2017-12-27,6042.43378239,4192.03537304,10234.46915543,4.54507818,0.07527595,13.49991340,0.32307763,18.04499158,0.17662727,DFCF/东方财富Choice数据,dfcf_vendor_only_unverified_by_exchange
2017-12-28,6072.88414879,4195.92041418,10268.80456297,30.45036640,0.50394208,3.88504114,0.09267673,34.33540754,0.33548792,DFCF/东方财富Choice数据,dfcf_vendor_only_unverified_by_exchange
2017-12-29,6052.81700426,4164.75993105,10217.57693531,-20.06714453,-0.33043845,-31.16048313,-0.74263761,-51.22762766,-0.49886652,DFCF/东方财富Choice数据,dfcf_vendor_only_unverified_by_exchange
2018-01-02,6083.66051878,4167.86551136,10251.52603014,30.84351452,0.50957289,3.10558031,0.07456805,33.94909483,0.33226170,DFCF/东方财富Choice数据,dfcf_vendor_only_unverified_by_exchange
2018-01-03,6088.15534517,4180.38453643,10268.53988160,4.49482639,0.07388358,12.51902507,0.30037018,17.01385146,0.16596409,DFCF/东方财富Choice数据,dfcf_vendor_only_unverified_by_exchange
2018-01-04,6105.27948195,4183.93156625,10289.21104820,17.12413678,0.28126971,3.54702982,0.08484937,20.67116660,0.20130580,DFCF/东方财富Choice数据,dfcf_vendor_only_unverified_by_exchange
2018-01-05,6110.33498008,4177.80059574,10288.13557582,5.05549813,0.08280535,-6.13097051,-0.14653611,-1.07547238,-0.01045243,DFCF/东方财富Choice数据,dfcf_vendor_only_unverified_by_exchange
2018-01-08,6144.37310945,4197.57512895,10341.94823840,34.03812937,0.55705832,19.77453321,0.47332401,53.81266258,0.52305554,DFCF/东方财富Choice数据,dfcf_vendor_only_unverified_by_exchange
2018-01-09,6165.40107796,4213.31167175,10378.71274971,21.02796851,0.34223131,15.73654280,0.37489604,36.76451131,0.35548922,DFCF/东方财富Choice数据,dfcf_vendor_only_unverified_by_exchange
2018-01-10,6196.25092233,4228.87438096,10425.12530329,30.84984437,0.50037044,15.56270921,0.36937000,46.41255358,0.44718988,DFCF/东方财富Choice数据,dfcf_vendor_only_unverified_by_exchange
2018-01-11,6210.46744130,4245.30615308,10455.77359438,14.21651897,0.22943743,16.43177212,0.38856137,30.64829109,0.29398487,DFCF/东方财富Choice数据,dfcf_vendor_only_unverified_by_exchange
2018-01-12,6198.48249343,4237.11946855,10435.60196198,-11.98494787,-0.19297980,-8.18668453,-0.19284085,-20.17163240,-0.19292339,DFCF/东方财富Choice数据,dfcf_vendor_only_unverified_by_exchange
2018-01-15,6214.97637591,4236.88666962,10451.86304553,16.49388248,0.26609549,-0.23279893,-0.00549427,16.26108355,0.15582315,DFCF/东方财富Choice数据,dfcf_vendor_only_unverified_by_exchange
2018-01-16,6259.92542194,4247.95783333,10507.88325527,44.94904603,0.72323760,11.07116371,0.26130422,56.02020974,0.53598301,DFCF/东方财富Choice数据,dfcf_vendor_only_unverified_by_exchange
2018-01-17,6270.94987907,4253.52253011,10524.47240918,11.02445713,0.17611164,5.56469678,0.13099699,16.58915391,0.15787341,DFCF/东方财富Choice数据,dfcf_vendor_only_unverified_by_exchange
2018-01-18,6342.28438561,4256.49876189,10598.78314750,71.33450654,1.13753910,2.97623178,0.06997099,74.31073832,0.70607566,DFCF/东方财富Choice数据,dfcf_vendor_only_unverified_by_exchange
2018-01-19,6360.18905560,4250.38667651,10610.57573211,17.90466999,0.28230633,-6.11208538,-0.14359420,11.79258461,0.11126357,DFCF/东方财富Choice数据,dfcf_vendor_only_unverified_by_exchange
2018-01-22,6399.21300534,4263.37351348,10662.58651882,39.02394974,0.61356588,12.98683697,0.30554484,52.01078671,0.49017874,DFCF/东方财富Choice数据,dfcf_vendor_only_unverified_by_exchange
2018-01-23,6445.64213418,4268.41578991,10714.05792409,46.42912884,0.72554436,5.04227643,0.11826964,51.47140527,0.48272907,DFCF/东方财富Choice数据,dfcf_vendor_only_unverified_by_exchange
2018-01-24,6468.59187212,4289.78787026,10758.37974238,22.94973794,0.35605045,21.37208035,0.50070287,44.32181829,0.41367910,DFCF/东方财富Choice数据,dfcf_vendor_only_unverified_by_exchange
2018-01-25,6475.29134317,4288.34763488,10763.63897805,6.69947105,0.10356923,-1.44023538,-0.03357358,5.25923567,0.04888502,DFCF/东方财富Choice数据,dfcf_vendor_only_unverified_by_exchange
2018-01-26,6466.34615949,4276.40006021,10742.74621970,-8.94518368,-0.13814334,-11.94757467,-0.27860555,-20.89275835,-0.19410497,DFCF/东方财富Choice数据,dfcf_vendor_only_unverified_by_exchange
2018-01-29,6482.56047965,4297.33941151,10779.89989116,16.21432016,0.25074934,20.93935130,0.48964903,37.15367146,0.34584892,DFCF/东方财富Choice数据,dfcf_vendor_only_unverified_by_exchange
2018-01-30,6481.76166579,4302.24103947,10784.00270526,-0.79881386,-0.01232251,4.90162796,0.11406192,4.10281410,0.03805985,DFCF/东方财富Choice数据,dfcf_vendor_only_unverified_by_exchange
2018-01-31,6454.00680690,4288.72876720,10742.73557410,-27.75485889,-0.42819931,-13.51227227,-0.31407520,-41.26713116,-0.38266989,DFCF/东方财富Choice数据,dfcf_vendor_only_unverified_by_exchange
2018-02-01,6364.82319607,4252.72063589,10617.54383196,-89.18361083,-1.38183323,-36.00813131,-0.83959917,-125.19174214,-1.16536185,DFCF/东方财富Choice数据,dfcf_vendor_only_unverified_by_exchange
2018-02-02,6310.35437334,4217.22516810,10527.57954144,-54.46882273,-0.85577904,-35.49546779,-0.83465317,-89.96429052,-0.84731735,DFCF/东方财富Choice数据,dfcf_vendor_only_unverified_by_exchange
2018-02-05,6300.54975768,4207.12495129,10507.67470897,-9.80461566,-0.15537346,-10.10021681,-0.23949911,-19.90483247,-0.18907321,DFCF/东方财富Choice数据,dfcf_vendor_only_unverified_by_exchange
2018-02-06,6192.90275865,4152.30395334,10345.20671199,-107.64699903,-1.70853343,-54.82099795,-1.30305134,-162.46799698,-1.54618411,DFCF/东方财富Choice数据,dfcf_vendor_only_unverified_by_exchange
2018-02-07,6164.05478519,4127.43088709,10291.48567228,-28.84797346,-0.46582313,-24.87306625,-0.59901844,-53.72103971,-0.51928435,DFCF/东方财富Choice数据,dfcf_vendor_only_unverified_by_exchange
2018-02-08,6157.10148081,4102.23893273,10259.34041354,-6.95330438,-0.11280407,-25.19195436,-0.61035436,-32.14525874,-0.31234809,DFCF/东方财富Choice数据,dfcf_vendor_only_unverified_by_exchange
2018-02-09,6048.33557210,4030.99304754,10079.32861964,-108.76590871,-1.76651155,-71.24588519,-1.73675611,-180.01179390,-1.75461371,DFCF/东方财富Choice数据,dfcf_vendor_only_unverified_by_exchange
2018-02-12,6009.26938548,3995.16672512,10004.43611060,-39.06618662,-0.64589979,-35.82632242,-0.88877163,-74.89250904,-0.74303073,DFCF/东方财富Choice数据,dfcf_vendor_only_unverified_by_exchange
2018-02-13,5953.28087592,3960.06009472,9913.34097064,-55.98850956,-0.93170244,-35.10663040,-0.87872754,-91.09513996,-0.91054747,DFCF/东方财富Choice数据,dfcf_vendor_only_unverified_by_exchange
2018-02-14,5875.96708400,3901.76660654,9777.73369054,-77.31379192,-1.29867536,-58.29348818,-1.47203544,-135.60728010,-1.36792712,DFCF/东方财富Choice数据,dfcf_vendor_only_unverified_by_exchange
2018-02-22,5903.74192560,3921.33610438,9825.07802998,27.77484160,0.47268545,19.56949784,0.50155480,47.34433944,0.48420565,DFCF/东方财富Choice数据,dfcf_vendor_only_unverified_by_exchange
2018-02-23,5903.18411364,3923.47602366,9826.66013730,-0.55781196,-0.00944845,2.13991928,0.05457118,1.58210732,0.01610275,DFCF/东方财富Choice数据,dfcf_vendor_only_unverified_by_exchange
2018-02-26,5927.14977109,3950.07796231,9877.22773340,23.96565745,0.40597849,26.60193865,0.67801966,50.56759610,0.51459596,DFCF/东方财富Choice数据,dfcf_vendor_only_unverified_by_exchange
2018-02-27,5930.11785899,3957.70641779,9887.82427678,2.96808790,0.05007614,7.62845548,0.19312164,10.59654338,0.10728257,DFCF/东方财富Choice数据,dfcf_vendor_only_unverified_by_exchange
2018-02-28,5946.17162664,3956.79399247,9902.96561911,16.05376765,0.27071583,-0.91242532,-0.02305440,15.14134233,0.15313118,DFCF/东方财富Choice数据,dfcf_vendor_only_unverified_by_exchange
2018-03-01,5959.39917864,3975.05614155,9934.45532019,13.22755200,0.22245493,18.26214908,0.46153904,31.48970108,0.31798253,DFCF/东方财富Choice数据,dfcf_vendor_only_unverified_by_exchange
2018-03-02,5953.61568569,3973.75713409,9927.37281978,-5.78349295,-0.09704826,-1.29900746,-0.03267897,-7.08250041,-0.07129229,DFCF/东方财富Choice数据,dfcf_vendor_only_unverified_by_exchange
2018-03-05,5950.49930410,3973.97342785,9924.47273195,-3.11638159,-0.05234435,0.21629376,0.00544305,-2.90008783,-0.02921304,DFCF/东方财富Choice数据,dfcf_vendor_only_unverified_by_exchange
2018-03-06,5975.37104191,3979.02385383,9954.39489574,24.87173781,0.41797732,5.05042598,0.12708756,29.92216379,0.30149878,DFCF/东方财富Choice数据,dfcf_vendor_only_unverified_by_exchange
2018-03-07,5969.69079947,3975.29554679,9944.98634626,-5.68024244,-0.09506092,-3.72830704,-0.09369904,-9.40854948,-0.09451654,DFCF/东方财富Choice数据,dfcf_vendor_only_unverified_by_exchange
2018-03-08,5979.40210780,3975.81104062,9955.21314842,9.71130833,0.16267691,0.51549383,0.01296743,10.22680216,0.10283375,DFCF/东方财富Choice数据,dfcf_vendor_only_unverified_by_exchange
2018-03-09,5970.50145863,3977.83822833,9948.33968696,-8.90064917,-0.14885517,2.02718771,0.05098803,-6.87346146,-0.06904384,DFCF/东方财富Choice数据,dfcf_vendor_only_unverified_by_exchange
2018-03-12,6000.45856188,4001.50201173,10001.96057361,29.95710325,0.50175188,23.66378340,0.59489054,53.62088665,0.53899332,DFCF/东方财富Choice数据,dfcf_vendor_only_unverified_by_exchange
2018-03-13,5995.68767827,4010.32327058,10006.01094885,-4.77088361,-0.07950865,8.82125885,0.22044869,4.05037524,0.04049581,DFCF/东方财富Choice数据,dfcf_vendor_only_unverified_by_exchange
2018-03-14,6003.45441237,4022.19593506,10025.65034743,7.76673410,0.12953867,11.87266448,0.29605255,19.63939858,0.19627601,DFCF/东方财富Choice数据,dfcf_vendor_only_unverified_by_exchange
2018-03-15,6011.72365606,4025.35198326,10037.07563932,8.26924369,0.13774143,3.15604820,0.07846580,11.42529189,0.11396061,DFCF/东方财富Choice数据,dfcf_vendor_only_unverified_by_exchange
2018-03-16,6006.03525889,4006.94644568,10012.98170457,-5.68839717,-0.09462173,-18.40553758,-0.45724045,-24.09393475,-0.24004935,DFCF/东方财富Choice数据,dfcf_vendor_only_unverified_by_exchange
2018-03-19,6015.76470724,4011.28627955,10027.05098679,9.72944835,0.16199453,4.33983387,0.10830776,14.06928222,0.14051042,DFCF/东方财富Choice数据,dfcf_vendor_only_unverified_by_exchange
2018-03-20,6021.06366122,4011.16254520,10032.22620642,5.29895398,0.08808446,-0.12373435,-0.00308466,5.17521963,0.05161258,DFCF/东方财富Choice数据,dfcf_vendor_only_unverified_by_exchange
2018-03-21,6035.79457196,4017.21632428,10053.01089624,14.73091074,0.24465629,6.05377908,0.15092330,20.78468982,0.20717924,DFCF/东方财富Choice数据,dfcf_vendor_only_unverified_by_exchange
2018-03-22,6037.96655509,4023.21885871,10061.18541380,2.17198313,0.03598504,6.00253443,0.14942024,8.17451756,0.08131412,DFCF/东方财富Choice数据,dfcf_vendor_only_unverified_by_exchange
2018-03-23,5937.92703708,3958.24586161,9896.17289869,-100.03951801,-1.65684121,-64.97299710,-1.61495060,-165.01251511,-1.64009019,DFCF/东方财富Choice数据,dfcf_vendor_only_unverified_by_exchange
2018-03-26,5974.11337395,3965.74411318,9939.85748713,36.18633687,0.60941026,7.49825157,0.18943370,43.68458844,0.44142911,DFCF/东方财富Choice数据,dfcf_vendor_only_unverified_by_exchange
2018-03-27,5994.42144212,3967.47586650,9961.89730862,20.30806817,0.33993443,1.73175332,0.04366780,22.03982149,0.22173177,DFCF/东方财富Choice数据,dfcf_vendor_only_unverified_by_exchange
2018-03-28,5993.07494218,3965.04184064,9958.11678282,-1.34649994,-0.02246255,-2.43402586,-0.06134948,-3.78052580,-0.03794986,DFCF/东方财富Choice数据,dfcf_vendor_only_unverified_by_exchange
2018-03-29,6001.45215249,3976.99485376,9978.44700625,8.37721031,0.13978150,11.95301312,0.30145995,20.33022343,0.20415731,DFCF/东方财富Choice数据,dfcf_vendor_only_unverified_by_exchange
2018-03-30,5988.55912677,3969.07457138,9957.63369815,-12.89302572,-0.21483177,-7.92028238,-0.19915244,-20.81330810,-0.20858264,DFCF/东方财富Choice数据,dfcf_vendor_only_unverified_by_exchange
2018-04-02,6010.30714928,3978.27599652,9988.58314580,21.74802251,0.36315952,9.20142514,0.23182797,30.94944765,0.31081127,DFCF/东方财富Choice数据,dfcf_vendor_only_unverified_by_exchange
2018-04-03,6011.69419027,3975.91965582,9987.61384609,1.38704099,0.02307771,-2.35634070,-0.05923020,-0.96929971,-0.00970408,DFCF/东方财富Choice数据,dfcf_vendor_only_unverified_by_exchange
2018-04-04,5981.81552536,3946.31001181,9928.12553717,-29.87866491,-0.49700906,-29.60964401,-0.74472441,-59.48830892,-0.59562083,DFCF/东方财富Choice数据,dfcf_vendor_only_unverified_by_exchange
2018-04-09,5996.50337034,3962.34174010,9958.84511044,14.68784498,0.24554159,16.03172829,0.40624604,30.71957327,0.30941967,DFCF/东方财富Choice数据,dfcf_vendor_only_unverified_by_exchange
2018-04-10,5990.80845943,3955.73831621,9946.54677564,-5.69491091,-0.09497053,-6.60342389,-0.16665458,-12.29833480,-0.12349158,DFCF/东方财富Choice数据,dfcf_vendor_only_unverified_by_exchange
2018-04-11,5996.89679276,3956.60077231,9953.49756507,6.08833333,0.10162791,0.86245610,0.02180266,6.95078943,0.06988143,DFCF/东方财富Choice数据,dfcf_vendor_only_unverified_by_exchange
2018-04-12,6004.24988033,3952.64707895,9956.89695928,7.35308757,0.12261488,-3.95369336,-0.09992652,3.39939421,0.03415276,DFCF/东方财富Choice数据,dfcf_vendor_only_unverified_by_exchange
2018-04-13,5998.33935982,3943.96563851,9942.30499833,-5.91052051,-0.09843895,-8.68144044,-0.21963611,-14.59196095,-0.14655129,DFCF/东方财富Choice数据,dfcf_vendor_only_unverified_by_exchange
2018-04-16,6010.24882857,3946.90880801,9957.15763658,11.90946875,0.19854610,2.94316950,0.07462462,14.85263825,0.14938828,DFCF/东方财富Choice数据,dfcf_vendor_only_unverified_by_exchange
2018-04-17,6002.84382263,3930.95103488,9933.79485751,-7.40500594,-0.12320631,-15.95777313,-0.40431066,-23.36277907,-0.23463301,DFCF/东方财富Choice数据,dfcf_vendor_only_unverified_by_exchange
2018-04-18,6000.98082128,3930.77126067,9931.75208195,-1.86300135,-0.03103531,-0.17977421,-0.00457330,-2.04277556,-0.02056390,DFCF/东方财富Choice数据,dfcf_vendor_only_unverified_by_exchange
2018-04-19,5991.80521526,3920.08545233,9911.89066759,-9.17560602,-0.15290177,-10.68580834,-0.27185017,-19.86141436,-0.19997896,DFCF/东方财富Choice数据,dfcf_vendor_only_unverified_by_exchange
2018-04-20,5965.45372671,3894.92059494,9860.37432165,-26.35148855,-0.43979214,-25.16485739,-0.64194665,-51.51634594,-0.51974288,DFCF/东方财富Choice数据,dfcf_vendor_only_unverified_by_exchange
2018-04-23,5969.95595435,3902.52410146,9872.48005581,4.50222764,0.07547167,7.60350652,0.19521596,12.10573416,0.12277155,DFCF/东方财富Choice数据,dfcf_vendor_only_unverified_by_exchange
2018-04-24,5963.77635708,3892.19416799,9855.97052507,-6.17959727,-0.10351161,-10.32993347,-0.26469877,-16.50953074,-0.16722780,DFCF/东方财富Choice数据,dfcf_vendor_only_unverified_by_exchange
2018-04-25,5970.19402304,3899.33145256,9869.52547560,6.41766596,0.10761078,7.13728457,0.18337432,13.55495053,0.13753035,DFCF/东方财富Choice数据,dfcf_vendor_only_unverified_by_exchange
2018-04-26,5961.78122764,3899.06036059,9860.84158823,-8.41279540,-0.14091327,-0.27109197,-0.00695227,-8.68388737,-0.08798688,DFCF/东方财富Choice数据,dfcf_vendor_only_unverified_by_exchange
2018-04-27,5928.67415552,3860.35295367,9789.02710919,-33.10707212,-0.55532182,-38.70740692,-0.99273680,-71.81447904,-0.72827941,DFCF/东方财富Choice数据,dfcf_vendor_only_unverified_by_exchange
2018-05-02,5929.11559958,3852.50440211,9781.62000169,0.44144406,0.00744592,-7.84855156,-0.20331176,-7.40710750,-0.07566745,DFCF/东方财富Choice数据,dfcf_vendor_only_unverified_by_exchange
2018-05-03,5919.87078108,3850.55727310,9770.42805418,-9.24481850,-0.15592239,-1.94712901,-0.05054190,-11.19194751,-0.11441814,DFCF/东方财富Choice数据,dfcf_vendor_only_unverified_by_exchange
2018-05-04,5904.34735762,3843.16734743,9747.51470505,-15.52342346,-0.26222571,-7.38992567,-0.19191834,-22.91334913,-0.23451735,DFCF/东方财富Choice数据,dfcf_vendor_only_unverified_by_exchange
2018-05-07,5916.29638695,3853.92076671,9770.21715366,11.94902933,0.20237680,10.75341928,0.27980617,22.70244861,0.23290499,DFCF/东方财富Choice数据,dfcf_vendor_only_unverified_by_exchange
2018-05-08,5924.00524194,3858.00108159,9782.00632353,7.70885499,0.13029866,4.08031488,0.10587438,11.78916987,0.12066436,DFCF/东方财富Choice数据,dfcf_vendor_only_unverified_by_exchange
2018-05-09,5937.03956355,3870.96943269,9808.00899624,13.03432161,0.22002549,12.96835110,0.33614172,26.00267271,0.26582147,DFCF/东方财富Choice数据,dfcf_vendor_only_unverified_by_exchange
2018-05-10,5947.35071550,3881.51723147,9828.86794697,10.31115195,0.17367497,10.54779878,0.27248468,20.85895073,0.21267263,DFCF/东方财富Choice数据,dfcf_vendor_only_unverified_by_exchange
2018-05-11,5927.19427747,3865.92687615,9793.12115362,-20.15643803,-0.33891457,-15.59035532,-0.40165622,-35.74679335,-0.36369187,DFCF/东方财富Choice数据,dfcf_vendor_only_unverified_by_exchange
2018-05-14,5929.05263679,3871.80570209,9800.85833888,1.85835932,0.03135310,5.87882594,0.15206770,7.73718526,0.07900633,DFCF/东方财富Choice数据,dfcf_vendor_only_unverified_by_exchange
2018-05-15,5934.10196752,3876.64773420,9810.74970172,5.04933073,0.08516252,4.84203211,0.12505876,9.89136284,0.10092343,DFCF/东方财富Choice数据,dfcf_vendor_only_unverified_by_exchange
2018-05-16,5944.16330170,3872.51087952,9816.67418122,10.06133418,0.16955108,-4.13685468,-0.10671216,5.92447950,0.06038763,DFCF/东方财富Choice数据,dfcf_vendor_only_unverified_by_exchange
2018-05-17,5951.58136870,3885.10524113,9836.68660983,7.41806700,0.12479581,12.59436161,0.32522469,20.01242861,0.20386160,DFCF/东方财富Choice数据,dfcf_vendor_only_unverified_by_exchange
2018-05-18,5941.45598040,3875.73181030,9817.18779070,-10.12538830,-0.17012938,-9.37343083,-0.24126582,-19.49881913,-0.19822548,DFCF/东方财富Choice数据,dfcf_vendor_only_unverified_by_exchange
2018-05-21,5958.80340436,3891.24461810,9850.04802246,17.34742396,0.29197261,15.51280780,0.40025493,32.86023176,0.33472143,DFCF/东方财富Choice数据,dfcf_vendor_only_unverified_by_exchange
2018-05-22,5979.85960989,3909.96669756,9889.82630745,21.05620553,0.35336298,18.72207946,0.48113345,39.77828499,0.40383849,DFCF/东方财富Choice数据,dfcf_vendor_only_unverified_by_exchange
2018-05-23,5997.97085094,3912.00049182,9909.97134276,18.11124105,0.30287067,2.03379426,0.05201564,20.14503531,0.20369453,DFCF/东方财富Choice数据,dfcf_vendor_only_unverified_by_exchange
2018-05-24,6005.64172688,3921.66449777,9927.30622465,7.67087594,0.12789118,9.66400595,0.24703489,17.33488189,0.17492363,DFCF/东方财富Choice数据,dfcf_vendor_only_unverified_by_exchange
2018-05-25,5984.55827921,3907.93511781,9892.49339702,-21.08344767,-0.35106070,-13.72937996,-0.35009063,-34.81282763,-0.35067748,DFCF/东方财富Choice数据,dfcf_vendor_only_unverified_by_exchange
2018-05-28,5989.49037435,3908.60215607,9898.09253042,4.93209514,0.08241369,0.66703826,0.01706882,5.59913340,0.05659982,DFCF/东方财富Choice数据,dfcf_vendor_only_unverified_by_exchange
2018-05-29,5979.65012117,3904.83320293,9884.48332410,-9.84025318,-0.16429199,-3.76895314,-0.09642714,-13.60920632,-0.13749322,DFCF/东方财富Choice数据,dfcf_vendor_only_unverified_by_exchange
2018-05-30,5956.35486365,3883.26799695,9839.62286060,-23.29525752,-0.38957559,-21.56520598,-0.55226958,-44.86046350,-0.45384733,DFCF/东方财富Choice数据,dfcf_vendor_only_unverified_by_exchange
2018-05-31,5953.72987763,3876.72533422,9830.45521185,-2.62498602,-0.04407034,-6.54266273,-0.16848342,-9.16764875,-0.09317073,DFCF/东方财富Choice数据,dfcf_vendor_only_unverified_by_exchange
2018-06-01,5924.45445276,3861.41276730,9785.86722006,-29.27542487,-0.49171571,-15.31256692,-0.39498715,-44.58799179,-0.45356996,DFCF/东方财富Choice数据,dfcf_vendor_only_unverified_by_exchange
2018-06-04,5908.40188900,3851.91691580,9760.31880480,-16.05256376,-0.27095429,-9.49585150,-0.24591651,-25.54841526,-0.26107462,DFCF/东方财富Choice数据,dfcf_vendor_only_unverified_by_exchange
2018-06-05,5910.74705741,3850.47163116,9761.21868857,2.34516841,0.03969209,-1.44528464,-0.03752118,0.89988377,0.00921982,DFCF/东方财富Choice数据,dfcf_vendor_only_unverified_by_exchange
2018-06-06,5907.09945434,3847.82555889,9754.92501323,-3.64760307,-0.06171137,-2.64607227,-0.06872073,-6.29367534,-0.06447633,DFCF/东方财富Choice数据,dfcf_vendor_only_unverified_by_exchange
2018-06-07,5909.59804095,3845.21563441,9754.81367536,2.49858661,0.04229803,-2.60992448,-0.06782856,-0.11133787,-0.00114135,DFCF/东方财富Choice数据,dfcf_vendor_only_unverified_by_exchange
2018-06-08,5890.88015126,3831.54196980,9722.42212106,-18.71788969,-0.31673710,-13.67366461,-0.35560202,-32.39155430,-0.33205713,DFCF/东方财富Choice数据,dfcf_vendor_only_unverified_by_exchange
2018-06-11,5884.85005458,3821.34507238,9706.19512696,-6.03009668,-0.10236326,-10.19689742,-0.26613039,-16.22699410,-0.16690279,DFCF/东方财富Choice数据,dfcf_vendor_only_unverified_by_exchange
2018-06-12,5885.19533549,3817.86621694,9703.06155243,0.34528091,0.00586728,-3.47885544,-0.09103746,-3.13357453,-0.03228427,DFCF/东方财富Choice数据,dfcf_vendor_only_unverified_by_exchange
2018-06-13,5871.40793988,3805.99293886,9677.40087874,-13.78739561,-0.23427252,-11.87327808,-0.31099251,-25.66067369,-0.26445956,DFCF/东方财富Choice数据,dfcf_vendor_only_unverified_by_exchange
2018-06-14,5865.89031060,3807.23914117,9673.12945177,-5.51762928,-0.09397455,1.24620231,0.03274316,-4.27142697,-0.04413816,DFCF/东方财富Choice数据,dfcf_vendor_only_unverified_by_exchange
2018-06-15,5815.69561529,3774.73144163,9590.42705692,-50.19469531,-0.85570464,-32.50769954,-0.85383918,-82.70239485,-0.85497041,DFCF/东方财富Choice数据,dfcf_vendor_only_unverified_by_exchange
2018-06-19,5678.49953722,3696.83911401,9375.33865123,-137.19607807,-2.35906566,-77.89232762,-2.06351972,-215.08840569,-2.24274065,DFCF/东方财富Choice数据,dfcf_vendor_only_unverified_by_exchange
2018-06-20,5646.45936794,3671.32546902,9317.78483696,-32.04016928,-0.56423654,-25.51364499,-0.69014756,-57.55381427,-0.61388518,DFCF/东方财富Choice数据,dfcf_vendor_only_unverified_by_exchange
2018-06-21,5608.08688544,3634.63652347,9242.72340891,-38.37248250,-0.67958485,-36.68894555,-0.99933786,-75.06142805,-0.80557160,DFCF/东方财富Choice数据,dfcf_vendor_only_unverified_by_exchange
2018-06-22,5581.96136785,3612.69016745,9194.65153530,-26.12551759,-0.46585437,-21.94635602,-0.60381157,-48.07187361,-0.52010508,DFCF/东方财富Choice数据,dfcf_vendor_only_unverified_by_exchange
2018-06-25,5568.75334203,3604.99681722,9173.75015925,-13.20802582,-0.23661980,-7.69335023,-0.21295350,-20.90137605,-0.22732102,DFCF/东方财富Choice数据,dfcf_vendor_only_unverified_by_exchange
2018-06-26,5566.36105493,3612.42930948,9178.79036441,-2.39228710,-0.04295911,7.43249226,0.20617195,5.04020516,0.05494160,DFCF/东方财富Choice数据,dfcf_vendor_only_unverified_by_exchange
2018-06-27,5558.86983956,3605.45668731,9164.32652687,-7.49121537,-0.13458012,-6.97262217,-0.19301754,-14.46383754,-0.15757891,DFCF/东方财富Choice数据,dfcf_vendor_only_unverified_by_exchange
2018-06-28,5550.85668675,3593.74305766,9144.59974441,-8.01315281,-0.14415075,-11.71362965,-0.32488616,-19.72678246,-0.21525622,DFCF/东方财富Choice数据,dfcf_vendor_only_unverified_by_exchange
2018-06-29,5535.22416883,3593.86555553,9129.08972436,-15.63251792,-0.28162352,0.12249787,0.00340864,-15.51002005,-0.16960852,DFCF/东方财富Choice数据,dfcf_vendor_only_unverified_by_exchange
2018-07-02,5525.25463016,3585.29913990,9110.55377006,-9.96953867,-0.18011084,-8.56641563,-0.23836216,-18.53595430,-0.20304274,DFCF/东方财富Choice数据,dfcf_vendor_only_unverified_by_exchange
2018-07-03,5526.90105369,3599.18774092,9126.08879461,1.64642353,0.02979815,13.88860102,0.38737635,15.53502455,0.17051680,DFCF/东方财富Choice数据,dfcf_vendor_only_unverified_by_exchange
2018-07-04,5494.14701907,3578.54084222,9072.68786129,-32.75403462,-0.59262929,-20.64689870,-0.57365440,-53.40093332,-0.58514589,DFCF/东方财富Choice数据,dfcf_vendor_only_unverified_by_exchange
2018-07-05,5460.20776894,3563.54692433,9023.75469327,-33.93925013,-0.61773465,-14.99391789,-0.41899530,-48.93316802,-0.53934588,DFCF/东方财富Choice数据,dfcf_vendor_only_unverified_by_exchange
2018-07-06,5434.89414407,3553.18023238,8988.07437645,-25.31362487,-0.46360186,-10.36669195,-0.29090937,-35.68031682,-0.39540433,DFCF/东方财富Choice数据,dfcf_vendor_only_unverified_by_exchange
2018-07-09,5420.12974350,3549.47854017,8969.60828367,-14.76440057,-0.27165940,-3.70169221,-0.10417969,-18.46609278,-0.20545105,DFCF/东方财富Choice数据,dfcf_vendor_only_unverified_by_exchange
2018-07-10,5418.78346674,3544.01045823,8962.79392497,-1.34627676,-0.02483846,-5.46808194,-0.15405311,-6.81435870,-0.07597164,DFCF/东方财富Choice数据,dfcf_vendor_only_unverified_by_exchange
2018-07-11,5394.87029849,3525.26098680,8920.13128529,-23.91316825,-0.44130142,-18.74947143,-0.52904673,-42.66263968,-0.47599711,DFCF/东方财富Choice数据,dfcf_vendor_only_unverified_by_exchange
2018-07-12,5402.47707295,3539.14689707,8941.62397002,7.60677446,0.14100014,13.88591027,0.39389737,21.49268473,0.24094583,DFCF/东方财富Choice数据,dfcf_vendor_only_unverified_by_exchange
2018-07-13,5383.40528874,3522.58956166,8905.99485040,-19.07178421,-0.35301925,-16.55733541,-0.46783408,-35.62911962,-0.39846363,DFCF/东方财富Choice数据,dfcf_vendor_only_unverified_by_exchange
2018-07-16,5385.27240085,3524.26830767,8909.54070852,1.86711211,0.03468273,1.67874601,0.04765659,3.54585812,0.03981428,DFCF/东方财富Choice数据,dfcf_vendor_only_unverified_by_exchange
2018-07-17,5391.03125579,3527.76612546,8918.79738125,5.75885494,0.10693711,3.49781779,0.09924947,9.25667273,0.10389618,DFCF/东方财富Choice数据,dfcf_vendor_only_unverified_by_exchange
2018-07-18,5385.59054640,3525.48438733,8911.07493373,-5.44070939,-0.10092150,-2.28173813,-0.06467940,-7.72244752,-0.08658620,DFCF/东方财富Choice数据,dfcf_vendor_only_unverified_by_exchange
2018-07-19,5369.35848153,3522.72170045,8892.08018198,-16.23206487,-0.30139805,-2.76268688,-0.07836333,-18.99475175,-0.21315893,DFCF/东方财富Choice数据,dfcf_vendor_only_unverified_by_exchange
2018-07-20,5349.06513435,3515.07465893,8864.13979328,-20.29334718,-0.37794733,-7.64704152,-0.21707765,-27.94038870,-0.31421656,DFCF/东方财富Choice数据,dfcf_vendor_only_unverified_by_exchange
2018-07-23,5340.01675133,3507.93680085,8847.95355218,-9.04838302,-0.16915821,-7.13785808,-0.20306420,-16.18624110,-0.18260363,DFCF/东方财富Choice数据,dfcf_vendor_only_unverified_by_exchange
2018-07-24,5336.53883014,3509.54151650,8846.08034664,-3.47792119,-0.06512941,1.60471565,0.04574528,-1.87320554,-0.02117106,DFCF/东方财富Choice数据,dfcf_vendor_only_unverified_by_exchange
2018-07-25,5343.56990639,3513.45714698,8857.02705337,7.03107625,0.13175349,3.91563048,0.11157100,10.94670673,0.12374641,DFCF/东方财富Choice数据,dfcf_vendor_only_unverified_by_exchange
2018-07-26,5356.37045599,3521.52363874,8877.89409473,12.80054960,0.23955052,8.06649176,0.22958845,20.86704136,0.23559871,DFCF/东方财富Choice数据,dfcf_vendor_only_unverified_by_exchange
2018-07-27,5338.48926644,3512.40674761,8850.89601405,-17.88118955,-0.33383034,-9.11689113,-0.25889053,-26.99808068,-0.30410456,DFCF/东方财富Choice数据,dfcf_vendor_only_unverified_by_exchange
2018-07-30,5336.25257352,3513.02145183,8849.27402535,-2.23669292,-0.04189749,0.61470422,0.01750094,-1.62198870,-0.01832570,DFCF/东方财富Choice数据,dfcf_vendor_only_unverified_by_exchange
2018-07-31,5329.16979958,3514.46794599,8843.63774557,-7.08277394,-0.13272936,1.44649416,0.04117522,-5.63627978,-0.06369200,DFCF/东方财富Choice数据,dfcf_vendor_only_unverified_by_exchange
2018-08-01,5320.68228664,3506.69165939,8827.37394603,-8.48751294,-0.15926520,-7.77628660,-0.22126497,-16.26379954,-0.18390395,DFCF/东方财富Choice数据,dfcf_vendor_only_unverified_by_exchange
2018-08-02,5311.74597926,3495.05442181,8806.80040107,-8.93630738,-0.16795416,-11.63723758,-0.33185802,-20.57354496,-0.23306529,DFCF/东方财富Choice数据,dfcf_vendor_only_unverified_by_exchange
2018-08-03,5288.10410344,3476.59999331,8764.70409675,-23.64187582,-0.44508672,-18.45442850,-0.52801548,-42.09630432,-0.47799771,DFCF/东方财富Choice数据,dfcf_vendor_only_unverified_by_exchange
2018-08-06,5272.21789894,3464.76879295,8736.98669189,-15.88620450,-0.30041399,-11.83120036,-0.34030951,-27.71740486,-0.31623891,DFCF/东方财富Choice数据,dfcf_vendor_only_unverified_by_exchange
2018-08-07,5263.92695026,3452.38930972,8716.31625998,-8.29094868,-0.15725732,-12.37948323,-0.35729608,-20.67043191,-0.23658537,DFCF/东方财富Choice数据,dfcf_vendor_only_unverified_by_exchange
2018-08-08,5249.00753790,3439.42012636,8688.42766426,-14.91941236,-0.28342742,-12.96918336,-0.37565819,-27.88859572,-0.31995851,DFCF/东方财富Choice数据,dfcf_vendor_only_unverified_by_exchange
2018-08-09,5245.94839263,3448.92143580,8694.86982843,-3.05914527,-0.05828045,9.50130944,0.27624742,6.44216417,0.07414649,DFCF/东方财富Choice数据,dfcf_vendor_only_unverified_by_exchange
2018-08-10,5227.61979654,3434.46359033,8662.08338687,-18.32859609,-0.34938575,-14.45784547,-0.41919904,-32.78644156,-0.37707800,DFCF/东方财富Choice数据,dfcf_vendor_only_unverified_by_exchange
2018-08-13,5237.22819418,3436.95897392,8674.18716810,9.60839764,0.18380062,2.49538359,0.07265716,12.10378123,0.13973291,DFCF/东方财富Choice数据,dfcf_vendor_only_unverified_by_exchange
2018-08-14,5238.60576227,3441.45327341,8680.05903568,1.37756809,0.02630338,4.49429949,0.13076384,5.87186758,0.06769358,DFCF/东方财富Choice数据,dfcf_vendor_only_unverified_by_exchange
2018-08-15,5239.90050346,3436.60035659,8676.50086005,1.29474119,0.02471538,-4.85291682,-0.14101359,-3.55817563,-0.04099253,DFCF/东方财富Choice数据,dfcf_vendor_only_unverified_by_exchange
2018-08-16,5243.45738232,3432.09012854,8675.54751086,3.55687886,0.06788066,-4.51022805,-0.13124098,-0.95334919,-0.01098772,DFCF/东方财富Choice数据,dfcf_vendor_only_unverified_by_exchange
2018-08-17,5227.37305344,3412.56647225,8639.93952569,-16.08432888,-0.30675045,-19.52365629,-0.56885617,-35.60798517,-0.41044078,DFCF/东方财富Choice数据,dfcf_vendor_only_unverified_by_exchange
2018-08-20,5214.23369451,3407.36970102,8621.60339553,-13.13935893,-0.25135682,-5.19677123,-0.15228337,-18.33613016,-0.21222521,DFCF/东方财富Choice数据,dfcf_vendor_only_unverified_by_exchange
2018-08-21,5200.47585196,3391.89607038,8592.37192234,-13.75784255,-0.26385167,-15.47363064,-0.45412245,-29.23147319,-0.33904915,DFCF/东方财富Choice数据,dfcf_vendor_only_unverified_by_exchange
2018-08-22,5191.98247652,3382.93904134,8574.92151786,-8.49337544,-0.16331920,-8.95702904,-0.26407145,-17.45040448,-0.20309182,DFCF/东方财富Choice数据,dfcf_vendor_only_unverified_by_exchange
2018-08-23,5194.53159802,3382.18964797,8576.72124599,2.54912150,0.04909727,-0.74939337,-0.02215214,1.79972813,0.02098828,DFCF/东方财富Choice数据,dfcf_vendor_only_unverified_by_exchange
2018-08-24,5175.64307970,3374.06482191,8549.70790161,-18.88851832,-0.36362313,-8.12482606,-0.24022385,-27.01334438,-0.31496120,DFCF/东方财富Choice数据,dfcf_vendor_only_unverified_by_exchange
2018-08-27,5177.33060699,3373.56814934,8550.89875633,1.68752729,0.03260517,-0.49667257,-0.01472030,1.19085472,0.01392860,DFCF/东方财富Choice数据,dfcf_vendor_only_unverified_by_exchange
2018-08-28,5174.11048779,3372.12943401,8546.23992180,-3.22011920,-0.06219651,-1.43871533,-0.04264670,-4.65883453,-0.05448357,DFCF/东方财富Choice数据,dfcf_vendor_only_unverified_by_exchange
2018-08-29,5169.04203797,3379.13958861,8548.18162658,-5.06844982,-0.09795790,7.01015460,0.20788510,1.94170478,0.02271999,DFCF/东方财富Choice数据,dfcf_vendor_only_unverified_by_exchange
2018-08-30,5164.91992705,3376.44835354,8541.36828059,-4.12211092,-0.07974613,-2.69123507,-0.07964261,-6.81334599,-0.07970521,DFCF/东方财富Choice数据,dfcf_vendor_only_unverified_by_exchange
2018-08-31,5139.56376664,3363.23446411,8502.79823075,-25.35616041,-0.49093037,-13.21388943,-0.39135470,-38.57004984,-0.45156758,DFCF/东方财富Choice数据,dfcf_vendor_only_unverified_by_exchange
2018-09-03,5132.90990055,3364.22846571,8497.13836626,-6.65386609,-0.12946364,0.99400160,0.02955493,-5.65986449,-0.06656473,DFCF/东方财富Choice数据,dfcf_vendor_only_unverified_by_exchange
2018-09-04,5131.82458484,3366.56683663,8498.39142147,-1.08531571,-0.02114426,2.33837092,0.06950690,1.25305521,0.01474679,DFCF/东方财富Choice数据,dfcf_vendor_only_unverified_by_exchange
2018-09-05,5130.10193653,3361.40079839,8491.50273492,-1.72264831,-0.03356795,-5.16603824,-0.15345123,-6.88868655,-0.08105871,DFCF/东方财富Choice数据,dfcf_vendor_only_unverified_by_exchange
2018-09-06,5132.56982251,3360.53986044,8493.10968295,2.46788598,0.04810598,-0.86093795,-0.02561248,1.60694803,0.01892419,DFCF/东方财富Choice数据,dfcf_vendor_only_unverified_by_exchange
2018-09-07,5111.37883134,3348.65439257,8460.03322391,-21.19099117,-0.41287293,-11.88546787,-0.35367734,-33.07645904,-0.38945051,DFCF/东方财富Choice数据,dfcf_vendor_only_unverified_by_exchange
2018-09-10,5094.79248423,3337.71679189,8432.50927612,-16.58634711,-0.32449849,-10.93760068,-0.32662674,-27.52394779,-0.32534089,DFCF/东方财富Choice数据,dfcf_vendor_only_unverified_by_exchange
2018-09-11,5088.66481182,3332.42211142,8421.08692324,-6.12767241,-0.12027325,-5.29468047,-0.15863181,-11.42235288,-0.13545616,DFCF/东方财富Choice数据,dfcf_vendor_only_unverified_by_exchange
2018-09-12,5087.65532668,3335.34328544,8422.99861212,-1.00948514,-0.01983792,2.92117402,0.08765918,1.91168888,0.02270121,DFCF/东方财富Choice数据,dfcf_vendor_only_unverified_by_exchange
2018-09-13,5084.67827596,3335.29398711,8419.97226307,-2.97705072,-0.05851518,-0.04929833,-0.00147806,-3.02634905,-0.03592959,DFCF/东方财富Choice数据,dfcf_vendor_only_unverified_by_exchange
2018-09-14,5060.09498734,3318.04871189,8378.14369923,-24.58328862,-0.48347776,-17.24527522,-0.51705413,-41.82856384,-0.49677793,DFCF/东方财富Choice数据,dfcf_vendor_only_unverified_by_exchange
2018-09-17,5049.93237974,3309.18420397,8359.11658371,-10.16260760,-0.20083828,-8.86450792,-0.26716027,-19.02711552,-0.22710419,DFCF/东方财富Choice数据,dfcf_vendor_only_unverified_by_exchange
2018-09-18,5046.31339773,3311.55886431,8357.87226204,-3.61898201,-0.07166397,2.37466034,0.07175969,-1.24432167,-0.01488580,DFCF/东方财富Choice数据,dfcf_vendor_only_unverified_by_exchange
2018-09-19,5026.78815221,3301.75957449,8328.54772670,-19.52524552,-0.38692099,-9.79928982,-0.29591169,-29.32453534,-0.35086125,DFCF/东方财富Choice数据,dfcf_vendor_only_unverified_by_exchange
2018-09-20,5012.71444915,3293.06053875,8305.77498790,-14.07370306,-0.27997406,-8.69903574,-0.26346666,-22.77273880,-0.27342989,DFCF/东方财富Choice数据,dfcf_vendor_only_unverified_by_exchange
2018-09-21,4987.77152833,3275.76973833,8263.54126666,-24.94292082,-0.49759309,-17.29080042,-0.52506780,-42.23372124,-0.50848622,DFCF/东方财富Choice数据,dfcf_vendor_only_unverified_by_exchange
2018-09-25,4996.53250243,3278.27927346,8274.81177589,8.76097410,0.17564907,2.50953513,0.07660902,11.27050923,0.13638837,DFCF/东方财富Choice数据,dfcf_vendor_only_unverified_by_exchange
2018-09-26,4990.93628658,3266.83729117,8257.77357775,-5.59621585,-0.11200199,-11.44198229,-0.34902403,-17.03819814,-0.20590436,DFCF/东方财富Choice数据,dfcf_vendor_only_unverified_by_exchange
2018-09-27,4976.47547449,3256.07432496,8232.54979945,-14.46081209,-0.28974147,-10.76296621,-0.32946135,-25.22377830,-0.30545495,DFCF/东方财富Choice数据,dfcf_vendor_only_unverified_by_exchange
2018-09-28,4929.89890192,3221.52996593,8151.42886785,-46.57657257,-0.93593494,-34.54435903,-1.06092047,-81.12093160,-0.98536825,DFCF/东方财富Choice数据,dfcf_vendor_only_unverified_by_exchange
2018-10-08,4963.33847498,3236.24829020,8199.58676518,33.43957306,0.67830140,14.71832427,0.45687373,48.15789733,0.59079087,DFCF/东方财富Choice数据,dfcf_vendor_only_unverified_by_exchange
2018-10-09,4967.98379422,3231.83149799,8199.81529221,4.64531924,0.09359263,-4.41679221,-0.13647878,0.22852703,0.00278706,DFCF/东方财富Choice数据,dfcf_vendor_only_unverified_by_exchange
2018-10-10,4966.92130111,3230.31476681,8197.23606792,-1.06249311,-0.02138681,-1.51673118,-0.04693101,-2.57922429,-0.03145466,DFCF/东方财富Choice数据,dfcf_vendor_only_unverified_by_exchange
2018-10-11,4893.62003478,3162.85483705,8056.47487183,-73.30126633,-1.47578876,-67.45992976,-2.08833921,-140.76119609,-1.71717875,DFCF/东方财富Choice数据,dfcf_vendor_only_unverified_by_exchange
2018-10-12,4826.68130673,3104.01544859,7930.69675532,-66.93872805,-1.36787751,-58.83938846,-1.86032529,-125.77811651,-1.56120535,DFCF/东方财富Choice数据,dfcf_vendor_only_unverified_by_exchange
2018-10-15,4797.08528447,3083.75035203,7880.83563650,-29.59602226,-0.61317540,-20.26509656,-0.65286713,-49.86111882,-0.62871044,DFCF/东方财富Choice数据,dfcf_vendor_only_unverified_by_exchange
2018-10-16,4753.05265051,3042.69500257,7795.74765308,-44.03263396,-0.91790392,-41.05534946,-1.33134478,-85.08798342,-1.07968225,DFCF/东方财富Choice数据,dfcf_vendor_only_unverified_by_exchange
2018-10-17,4727.63724975,3022.71335645,7750.35060620,-25.41540076,-0.53471743,-19.98164612,-0.65670881,-45.39704688,-0.58233089,DFCF/东方财富Choice数据,dfcf_vendor_only_unverified_by_exchange
2018-10-18,4701.59311394,2997.91757199,7699.51068593,-26.04413581,-0.55089116,-24.79578446,-0.82031544,-50.83992027,-0.65596930,DFCF/东方财富Choice数据,dfcf_vendor_only_unverified_by_exchange
2018-10-19,4668.94473017,2979.63829324,7648.58302341,-32.64838377,-0.69441109,-18.27927875,-0.60973253,-50.92766252,-0.66144025,DFCF/东方财富Choice数据,dfcf_vendor_only_unverified_by_exchange
2018-10-22,4676.50052315,2978.93056359,7655.43108674,7.55579298,0.16183085,-0.70772965,-0.02375220,6.84806333,0.08953375,DFCF/东方财富Choice数据,dfcf_vendor_only_unverified_by_exchange
2018-10-23,4685.38487733,2980.66151033,7666.04638766,8.88435418,0.18997868,1.73094674,0.05810631,10.61530092,0.13866366,DFCF/东方财富Choice数据,dfcf_vendor_only_unverified_by_exchange
2018-10-24,4684.52250683,2982.15970097,7666.68220780,-0.86237050,-0.01840554,1.49819064,0.05026370,0.63582014,0.00829398,DFCF/东方财富Choice数据,dfcf_vendor_only_unverified_by_exchange
2018-10-25,4681.19435880,2977.17174068,7658.36609948,-3.32814803,-0.07104562,-4.98796029,-0.16726000,-8.31610832,-0.10847076,DFCF/东方财富Choice数据,dfcf_vendor_only_unverified_by_exchange
2018-10-26,4671.69473732,2970.52548857,7642.22022589,-9.49962148,-0.20293158,-6.64625211,-0.22324047,-16.14587359,-0.21082661,DFCF/东方财富Choice数据,dfcf_vendor_only_unverified_by_exchange
2018-10-29,4679.55868930,2971.20079424,7650.75948354,7.86395198,0.16833189,0.67530567,0.02273354,8.53925765,0.11173792,DFCF/东方财富Choice数据,dfcf_vendor_only_unverified_by_exchange
2018-10-30,4666.87049647,2962.13346620,7629.00396267,-12.68819283,-0.27114080,-9.06732804,-0.30517386,-21.75552087,-0.28435766,DFCF/东方财富Choice数据,dfcf_vendor_only_unverified_by_exchange
2018-10-31,4661.60156064,2959.53920166,7621.14076230,-5.26893583,-0.11290084,-2.59426454,-0.08758095,-7.86320037,-0.10306982,DFCF/东方财富Choice数据,dfcf_vendor_only_unverified_by_exchange
2018-11-01,4658.70071113,2958.89528898,7617.59600011,-2.90084951,-0.06222860,-0.64391268,-0.02175719,-3.54476219,-0.04651223,DFCF/东方财富Choice数据,dfcf_vendor_only_unverified_by_exchange
2018-11-02,4648.28736776,2943.47716183,7591.76452959,-10.41334337,-0.22352463,-15.41812715,-0.52107715,-25.83147052,-0.33910266,DFCF/东方财富Choice数据,dfcf_vendor_only_unverified_by_exchange
2018-11-05,4661.15042931,2949.21955460,7610.36998391,12.86306155,0.27672690,5.74239277,0.19508875,18.60545432,0.24507418,DFCF/东方财富Choice数据,dfcf_vendor_only_unverified_by_exchange
2018-11-06,4665.81343674,2955.18657469,7621.00001143,4.66300743,0.10003984,5.96702009,0.20232539,10.63002752,0.13967820,DFCF/东方财富Choice数据,dfcf_vendor_only_unverified_by_exchange
2018-11-07,4669.02793065,2954.20448230,7623.23241295,3.21449391,0.06889461,-0.98209239,-0.03323284,2.23240152,0.02929276,DFCF/东方财富Choice数据,dfcf_vendor_only_unverified_by_exchange
2018-11-08,4667.65910615,2949.09405030,7616.75315645,-1.36882450,-0.02931712,-5.11043200,-0.17298843,-6.47925650,-0.08499356,DFCF/东方财富Choice数据,dfcf_vendor_only_unverified_by_exchange
2018-11-09,4670.06411052,2943.86514892,7613.92925944,2.40500437,0.05152485,-5.22890138,-0.17730534,-2.82389701,-0.03707481,DFCF/东方财富Choice数据,dfcf_vendor_only_unverified_by_exchange
2018-11-12,4687.98812385,2951.01900718,7639.00713103,17.92401333,0.38380658,7.15385826,0.24300903,25.07787159,0.32936833,DFCF/东方财富Choice数据,dfcf_vendor_only_unverified_by_exchange
2018-11-13,4696.51112918,2953.88413241,7650.39526159,8.52300533,0.18180518,2.86512523,0.09708935,11.38813056,0.14907867,DFCF/东方财富Choice数据,dfcf_vendor_only_unverified_by_exchange
2018-11-14,4711.16952401,2959.28521910,7670.45474311,14.65839483,0.31211243,5.40108669,0.18284694,20.05948152,0.26220190,DFCF/东方财富Choice数据,dfcf_vendor_only_unverified_by_exchange
2018-11-15,4722.99226346,2967.52563125,7690.51789471,11.82273945,0.25095126,8.24041215,0.27845954,20.06315160,0.26156404,DFCF/东方财富Choice数据,dfcf_vendor_only_unverified_by_exchange
2018-11-16,4718.64498649,2960.69634259,7679.34132908,-4.34727697,-0.09204497,-6.82928866,-0.23013411,-11.17656563,-0.14532917,DFCF/东方财富Choice数据,dfcf_vendor_only_unverified_by_exchange
2018-11-19,4738.53869819,2970.81932403,7709.35802222,19.89371170,0.42159797,10.12298144,0.34191218,30.01669314,0.39087588,DFCF/东方财富Choice数据,dfcf_vendor_only_unverified_by_exchange
2018-11-20,4750.56211230,2982.94098047,7733.50309277,12.02341411,0.25373675,12.12165644,0.40802402,24.14507055,0.31319171,DFCF/东方财富Choice数据,dfcf_vendor_only_unverified_by_exchange
2018-11-21,4752.33531812,2984.73678506,7737.07210318,1.77320582,0.03732623,1.79580459,0.06020248,3.56901041,0.04614998,DFCF/东方财富Choice数据,dfcf_vendor_only_unverified_by_exchange
2018-11-22,4754.46195531,2984.70351310,7739.16546841,2.12663719,0.04474931,-0.03327196,-0.00111474,2.09336523,0.02705630,DFCF/东方财富Choice数据,dfcf_vendor_only_unverified_by_exchange
2018-11-23,4726.89959467,2961.16256113,7688.06215580,-27.56236064,-0.57971566,-23.54095197,-0.78871995,-51.10331261,-0.66032071,DFCF/东方财富Choice数据,dfcf_vendor_only_unverified_by_exchange
2018-11-26,4723.56414911,2954.21583275,7677.77998186,-3.33544556,-0.07056307,-6.94672838,-0.23459463,-10.28217394,-0.13374208,DFCF/东方财富Choice数据,dfcf_vendor_only_unverified_by_exchange
2018-11-27,4725.18416397,2951.52651935,7676.71068332,1.62001486,0.03429645,-2.68931340,-0.09103307,-1.06929854,-0.01392718,DFCF/东方财富Choice数据,dfcf_vendor_only_unverified_by_exchange
2018-11-28,4717.62479372,2953.86261975,7671.48741347,-7.55937025,-0.15998044,2.33610040,0.07914889,-5.22326985,-0.06804047,DFCF/东方财富Choice数据,dfcf_vendor_only_unverified_by_exchange
2018-11-29,4705.22757696,2942.30596925,7647.53354621,-12.39721676,-0.26278514,-11.55665050,-0.39123859,-23.95386726,-0.31224541,DFCF/东方财富Choice数据,dfcf_vendor_only_unverified_by_exchange
2018-11-30,4687.43399761,2933.62130705,7621.05530466,-17.79357935,-0.37816618,-8.68466220,-0.29516516,-26.47824155,-0.34623243,DFCF/东方财富Choice数据,dfcf_vendor_only_unverified_by_exchange
2018-12-03,4692.45598003,2937.52687448,7629.98285451,5.02198242,0.10713713,3.90556743,0.13313127,8.92754985,0.11714322,DFCF/东方财富Choice数据,dfcf_vendor_only_unverified_by_exchange
2018-12-04,4691.35276155,2939.54591786,7630.89867941,-1.10321848,-0.02351047,2.01904338,0.06873276,0.91582490,0.01200297,DFCF/东方财富Choice数据,dfcf_vendor_only_unverified_by_exchange
2018-12-05,4690.09226480,2942.19190187,7632.28416667,-1.26049675,-0.02686851,2.64598401,0.09001336,1.38548726,0.01815628,DFCF/东方财富Choice数据,dfcf_vendor_only_unverified_by_exchange
2018-12-06,4701.66691402,2944.80195527,7646.46886929,11.57464922,0.24678937,2.61005340,0.08871119,14.18470262,0.18585134,DFCF/东方财富Choice数据,dfcf_vendor_only_unverified_by_exchange
2018-12-07,4693.05526326,2938.54011634,7631.59537960,-8.61165076,-0.18316165,-6.26183893,-0.21264041,-14.87348969,-0.19451449,DFCF/东方财富Choice数据,dfcf_vendor_only_unverified_by_exchange
2018-12-10,4696.40781271,2943.04241263,7639.45022534,3.35254945,0.07143639,4.50229629,0.15321541,7.85484574,0.10292534,DFCF/东方财富Choice数据,dfcf_vendor_only_unverified_by_exchange
2018-12-11,4692.93601471,2941.69621287,7634.63222758,-3.47179800,-0.07392454,-1.34619976,-0.04574177,-4.81799776,-0.06306734,DFCF/东方财富Choice数据,dfcf_vendor_only_unverified_by_exchange
2018-12-12,4690.95178379,2935.91029455,7626.86207834,-1.98423092,-0.04228123,-5.78591832,-0.19668647,-7.77014924,-0.10177503,DFCF/东方财富Choice数据,dfcf_vendor_only_unverified_by_exchange
2018-12-13,4693.59024408,2934.11411712,7627.70436120,2.63846029,0.05624573,-1.79617743,-0.06117957,0.84228286,0.01104364,DFCF/东方财富Choice数据,dfcf_vendor_only_unverified_by_exchange
2018-12-14,4673.50549615,2915.52760397,7589.03310012,-20.08474793,-0.42791865,-18.58651315,-0.63346252,-38.67126108,-0.50698427,DFCF/东方财富Choice数据,dfcf_vendor_only_unverified_by_exchange
2018-12-17,4676.86247128,2921.90740522,7598.76987650,3.35697513,0.07182992,6.37980125,0.21882150,9.73677638,0.12830062,DFCF/东方财富Choice数据,dfcf_vendor_only_unverified_by_exchange
2018-12-18,4676.07913280,2923.51720051,7599.59633331,-0.78333848,-0.01674923,1.60979529,0.05509399,0.82645681,0.01087619,DFCF/东方财富Choice数据,dfcf_vendor_only_unverified_by_exchange
2018-12-19,4667.85517266,2914.00226605,7581.85743871,-8.22396014,-0.17587299,-9.51493446,-0.32546189,-17.73889460,-0.23341891,DFCF/东方财富Choice数据,dfcf_vendor_only_unverified_by_exchange
2018-12-20,4677.00056854,2918.46405825,7595.46462679,9.14539588,0.19592287,4.46179220,0.15311561,13.60718808,0.17947038,DFCF/东方财富Choice数据,dfcf_vendor_only_unverified_by_exchange
2018-12-21,4665.20920169,2911.32816054,7576.53736223,-11.79136685,-0.25211386,-7.13589771,-0.24450867,-18.92726456,-0.24919166,DFCF/东方财富Choice数据,dfcf_vendor_only_unverified_by_exchange
2018-12-24,4666.94612238,2911.23632160,7578.18244398,1.73692069,0.03723136,-0.09183894,-0.00315454,1.64508175,0.02171284,DFCF/东方财富Choice数据,dfcf_vendor_only_unverified_by_exchange
2018-12-25,4659.77437816,2905.79895839,7565.57333655,-7.17174422,-0.15367103,-5.43736321,-0.18677162,-12.60910743,-0.16638696,DFCF/东方财富Choice数据,dfcf_vendor_only_unverified_by_exchange
2018-12-26,4658.56293975,2901.33690306,7559.89984281,-1.21143841,-0.02599779,-4.46205533,-0.15355692,-5.67349374,-0.07499093,DFCF/东方财富Choice数据,dfcf_vendor_only_unverified_by_exchange
2018-12-27,4654.34791784,2897.43923510,7551.78715294,-4.21502191,-0.09047902,-3.89766796,-0.13434041,-8.11268987,-0.10731213,DFCF/东方财富Choice数据,dfcf_vendor_only_unverified_by_exchange
2018-12-28,4619.87376518,2869.93502566,7489.80879084,-34.47415266,-0.74068706,-27.50420944,-0.94925923,-61.97836210,-0.82071119,DFCF/东方财富Choice数据,dfcf_vendor_only_unverified_by_exchange
2019-01-02,4623.51753650,2874.00283127,7497.52036777,3.64377132,0.07887166,4.06780561,0.14173860,7.71157693,0.10296093,DFCF/东方财富Choice数据,dfcf_vendor_only_unverified_by_exchange
2019-01-03,4618.87281000,2870.83873637,7489.71154637,-4.64472650,-0.10045872,-3.16409490,-0.11009366,-7.80882140,-0.10415205,DFCF/东方财富Choice数据,dfcf_vendor_only_unverified_by_exchange
2019-01-04,4622.50410730,2879.14022183,7501.64432913,3.63129730,0.07861869,8.30148546,0.28916586,11.93278276,0.15932233,DFCF/东方财富Choice数据,dfcf_vendor_only_unverified_by_exchange
2019-01-07,4624.58355219,2885.04863751,7509.63218970,2.07944489,0.04498525,5.90841568,0.20521459,7.98786057,0.10648146,DFCF/东方财富Choice数据,dfcf_vendor_only_unverified_by_exchange
2019-01-08,4624.72442828,2879.23644127,7503.96086955,0.14087609,0.00304624,-5.81219624,-0.20145921,-5.67132015,-0.07552061,DFCF/东方财富Choice数据,dfcf_vendor_only_unverified_by_exchange
2019-01-09,4616.89424168,2876.36713826,7493.26137994,-7.83018660,-0.16931142,-2.86930301,-0.09965500,-10.69948961,-0.14258456,DFCF/东方财富Choice数据,dfcf_vendor_only_unverified_by_exchange
2019-01-10,4615.32461893,2874.68646697,7490.01108590,-1.56962275,-0.03399737,-1.68067129,-0.05843035,-3.25029404,-0.04337623,DFCF/东方财富Choice数据,dfcf_vendor_only_unverified_by_exchange
2019-01-11,4603.23775055,2869.21769945,7472.45545000,-12.08686838,-0.26188555,-5.46876752,-0.19023875,-17.55563590,-0.23438732,DFCF/东方财富Choice数据,dfcf_vendor_only_unverified_by_exchange
2019-01-14,4609.47518023,2868.30041570,7477.77559593,6.23742968,0.13550092,-0.91728375,-0.03196982,5.32014593,0.07119676,DFCF/东方财富Choice数据,dfcf_vendor_only_unverified_by_exchange
2019-01-15,4603.38181685,2867.50169686,7470.88351371,-6.09336338,-0.13219213,-0.79871884,-0.02784642,-6.89208222,-0.09216755,DFCF/东方财富Choice数据,dfcf_vendor_only_unverified_by_exchange
2019-01-16,4590.37993700,2856.40262749,7446.78256449,-13.00187985,-0.28244192,-11.09906937,-0.38706409,-24.10094922,-0.32259838,DFCF/东方财富Choice数据,dfcf_vendor_only_unverified_by_exchange
2019-01-17,4586.23130349,2848.57153530,7434.80283879,-4.14863351,-0.09037669,-7.83109219,-0.27415926,-11.97972570,-0.16087116,DFCF/东方财富Choice数据,dfcf_vendor_only_unverified_by_exchange
2019-01-18,4566.68089943,2835.45769472,7402.13859415,-19.55040406,-0.42628474,-13.11384058,-0.46036550,-32.66424464,-0.43934245,DFCF/东方财富Choice数据,dfcf_vendor_only_unverified_by_exchange
2019-01-21,4560.96234282,2838.60255264,7399.56489546,-5.71855661,-0.12522348,3.14485792,0.11091183,-2.57369869,-0.03476966,DFCF/东方财富Choice数据,dfcf_vendor_only_unverified_by_exchange
2019-01-22,4571.69620037,2842.94210368,7414.63830405,10.73385755,0.23534195,4.33955104,0.15287632,15.07340859,0.20370669,DFCF/东方财富Choice数据,dfcf_vendor_only_unverified_by_exchange
2019-01-23,4566.49149578,2843.72960570,7410.22110148,-5.20470459,-0.11384625,0.78750202,0.02770025,-4.41720257,-0.05957408,DFCF/东方财富Choice数据,dfcf_vendor_only_unverified_by_exchange
2019-01-24,4558.91899209,2844.76515806,7403.68415015,-7.57250369,-0.16582761,1.03555236,0.03641529,-6.53695133,-0.08821533,DFCF/东方财富Choice数据,dfcf_vendor_only_unverified_by_exchange
2019-01-25,4524.58688565,2826.43760361,7351.02448926,-34.33210644,-0.75307560,-18.32755445,-0.64425545,-52.65966089,-0.71126293,DFCF/东方财富Choice数据,dfcf_vendor_only_unverified_by_exchange
2019-01-28,4511.57215423,2818.42418649,7329.99634072,-13.01473142,-0.28764463,-8.01341712,-0.28351651,-21.02814854,-0.28605739,DFCF/东方财富Choice数据,dfcf_vendor_only_unverified_by_exchange
2019-01-29,4492.90368941,2810.87889234,7303.78258175,-18.66846482,-0.41379067,-7.54529415,-0.26771322,-26.21375897,-0.35762308,DFCF/东方财富Choice数据,dfcf_vendor_only_unverified_by_exchange
2019-01-30,4475.13860371,2795.26108201,7270.39968572,-17.76508570,-0.39540322,-15.61781033,-0.55562018,-33.38289603,-0.45706311,DFCF/东方财富Choice数据,dfcf_vendor_only_unverified_by_exchange
2019-01-31,4446.03342646,2773.47126683,7219.50469329,-29.10517725,-0.65037488,-21.78981518,-0.77952701,-50.89499243,-0.70003019,DFCF/东方财富Choice数据,dfcf_vendor_only_unverified_by_exchange
2019-02-01,4384.81618486,2724.39753468,7109.21371954,-61.21724160,-1.37689567,-49.07373215,-1.76939753,-110.29097375,-1.52768062,DFCF/东方财富Choice数据,dfcf_vendor_only_unverified_by_exchange
2019-02-11,4417.23272260,2742.61632995,7159.84905255,32.41653774,0.73929069,18.21879527,0.66872749,50.63533301,0.71224941,DFCF/东方财富Choice数据,dfcf_vendor_only_unverified_by_exchange
2019-02-12,4431.98997474,2761.13184093,7193.12181567,14.75725214,0.33408365,18.51551098,0.67510394,33.27276312,0.46471319,DFCF/东方财富Choice数据,dfcf_vendor_only_unverified_by_exchange
2019-02-13,4458.77866753,2784.40246090,7243.18112843,26.78869279,0.60443938,23.27061997,0.84279279,50.05931276,0.69593306,DFCF/东方财富Choice数据,dfcf_vendor_only_unverified_by_exchange
2019-02-14,4474.72501005,2806.20505962,7280.93006967,15.94634252,0.35763925,21.80259872,0.78302613,37.74894124,0.52116523,DFCF/东方财富Choice数据,dfcf_vendor_only_unverified_by_exchange
2019-02-15,4494.51785567,2829.22294681,7323.74080248,19.79284562,0.44232541,23.01788719,0.82024965,42.81073281,0.58798440,DFCF/东方财富Choice数据,dfcf_vendor_only_unverified_by_exchange
2019-02-18,4519.06400957,2855.80936193,7374.87337150,24.54615390,0.54613542,26.58641512,0.93970732,51.13256902,0.69817557,DFCF/东方财富Choice数据,dfcf_vendor_only_unverified_by_exchange
2019-02-19,4551.92743990,2882.92873671,7434.85617661,32.86343033,0.72721763,27.11937478,0.94962133,59.98280511,0.81334014,DFCF/东方财富Choice数据,dfcf_vendor_only_unverified_by_exchange
2019-02-20,4571.84818881,2908.34428069,7480.19246950,19.92074891,0.43763327,25.41554398,0.88158766,45.33629289,0.60978036,DFCF/东方财富Choice数据,dfcf_vendor_only_unverified_by_exchange
2019-02-21,4592.34809159,2925.35668437,7517.70477596,20.49990278,0.44839421,17.01240368,0.58495151,37.51230646,0.50148852,DFCF/东方财富Choice数据,dfcf_vendor_only_unverified_by_exchange
2019-02-22,4619.54859629,2952.48672010,7572.03531639,27.20050470,0.59230059,27.13003573,0.92740950,54.33054043,0.72270117,DFCF/东方财富Choice数据,dfcf_vendor_only_unverified_by_exchange
2019-02-25,4727.04160094,3024.64059546,7751.68219640,107.49300465,2.32691577,72.15387536,2.44383404,179.64688001,2.37250452,DFCF/东方财富Choice数据,dfcf_vendor_only_unverified_by_exchange
2019-02-26,4781.55076613,3067.59160668,7849.14237281,54.50916519,1.15313487,42.95101122,1.42003686,97.46017641,1.25727776,DFCF/东方财富Choice数据,dfcf_vendor_only_unverified_by_exchange
2019-02-27,4845.49266902,3102.33238928,7947.82505830,63.94190289,1.33726287,34.74078260,1.13251003,98.68268549,1.25724163,DFCF/东方财富Choice数据,dfcf_vendor_only_unverified_by_exchange
2019-02-28,4845.55495642,3119.47080011,7965.02575653,0.06228740,0.00128547,17.13841083,0.55243632,17.20069823,0.21642019,DFCF/东方财富Choice数据,dfcf_vendor_only_unverified_by_exchange
2019-03-01,4845.50188993,3116.65859282,7962.16048275,-0.05306649,-0.00109516,-2.81220729,-0.09015014,-2.86527378,-0.03597319,DFCF/东方财富Choice数据,dfcf_vendor_only_unverified_by_exchange
2019-03-04,4917.19613594,3152.82021611,8070.01635205,71.69424601,1.47960413,36.16162329,1.16026899,107.85586930,1.35460557,DFCF/东方财富Choice数据,dfcf_vendor_only_unverified_by_exchange
2019-03-05,4996.10506952,3206.85837087,8202.96344039,78.90893358,1.60475465,54.03815476,1.71396245,132.94708834,1.64742031,DFCF/东方财富Choice数据,dfcf_vendor_only_unverified_by_exchange
2019-03-06,5094.14858080,3238.63405611,8332.78263691,98.04351128,1.96239891,31.77568524,0.99086650,129.81919652,1.58258899,DFCF/东方财富Choice数据,dfcf_vendor_only_unverified_by_exchange
2019-03-07,5193.97678384,3300.97254371,8494.94932755,99.82820304,1.95966414,62.33848760,1.92483888,162.16669064,1.94612889,DFCF/东方财富Choice数据,dfcf_vendor_only_unverified_by_exchange
2019-03-08,5199.73258458,3349.96559517,8549.69817975,5.75580074,0.11081684,48.99305146,1.48420051,54.74885220,0.64448710,DFCF/东方财富Choice数据,dfcf_vendor_only_unverified_by_exchange
2019-03-11,5285.39041036,3398.47088841,8683.86129877,85.65782578,1.64735060,48.50529324,1.44793407,134.16311902,1.56921468,DFCF/东方财富Choice数据,dfcf_vendor_only_unverified_by_exchange
2019-03-12,5341.77143108,3430.65136252,8772.42279360,56.38102072,1.06673332,32.18047411,0.94691039,88.56149483,1.01984004,DFCF/东方财富Choice数据,dfcf_vendor_only_unverified_by_exchange
2019-03-13,5371.18191110,3440.47178671,8811.65369781,29.41048002,0.55057541,9.82042419,0.28625538,39.23090421,0.44720718,DFCF/东方财富Choice数据,dfcf_vendor_only_unverified_by_exchange
2019-03-14,5358.68334393,3441.29980635,8799.98315028,-12.49856717,-0.23269678,0.82801964,0.02406704,-11.67054753,-0.13244446,DFCF/东方财富Choice数据,dfcf_vendor_only_unverified_by_exchange
2019-03-15,5349.27567528,3423.92046479,8773.19614007,-9.40766865,-0.17555933,-17.37934156,-0.50502259,-26.78701021,-0.30439843,DFCF/东方财富Choice数据,dfcf_vendor_only_unverified_by_exchange
2019-03-18,5389.36145587,3445.82544834,8835.18690421,40.08578059,0.74936838,21.90498355,0.63976321,61.99076414,0.70659271,DFCF/东方财富Choice数据,dfcf_vendor_only_unverified_by_exchange
2019-03-19,5421.61873286,3469.81965553,8891.43838839,32.25727699,0.59853616,23.99420719,0.69632683,56.25148418,0.63667566,DFCF/东方财富Choice数据,dfcf_vendor_only_unverified_by_exchange
2019-03-20,5442.27583847,3487.08169413,8929.35753260,20.65710561,0.38101362,17.26203860,0.49749095,37.91914421,0.42646805,DFCF/东方财富Choice数据,dfcf_vendor_only_unverified_by_exchange
2019-03-21,5494.23715029,3528.62727120,9022.86442149,51.96131182,0.95477174,41.54557707,1.19141393,93.50688889,1.04718496,DFCF/东方财富Choice数据,dfcf_vendor_only_unverified_by_exchange
2019-03-22,5491.60945947,3525.28666842,9016.89612789,-2.62769082,-0.04782631,-3.34060278,-0.09467146,-5.96829360,-0.06614633,DFCF/东方财富Choice数据,dfcf_vendor_only_unverified_by_exchange
2019-03-25,5542.17910683,3552.91358260,9095.09268943,50.56964736,0.92085294,27.62691418,0.78367851,78.19656154,0.86722261,DFCF/东方财富Choice数据,dfcf_vendor_only_unverified_by_exchange
2019-03-26,5540.43266609,3543.00660071,9083.43926680,-1.74644074,-0.03151181,-9.90698189,-0.27884106,-11.65342263,-0.12812868,DFCF/东方财富Choice数据,dfcf_vendor_only_unverified_by_exchange
2019-03-27,5559.08994882,3546.61526846,9105.70521728,18.65728273,0.33674776,3.60866775,0.10185326,22.26595048,0.24512687,DFCF/东方财富Choice数据,dfcf_vendor_only_unverified_by_exchange
2019-03-28,5554.38962621,3559.68425407,9114.07388028,-4.70032261,-0.08455202,13.06898561,0.36849178,8.36866300,0.09190571,DFCF/东方财富Choice数据,dfcf_vendor_only_unverified_by_exchange
2019-03-29,5559.19750875,3573.17635742,9132.37386617,4.80788254,0.08656005,13.49210335,0.37902528,18.29998589,0.20078821,DFCF/东方财富Choice数据,dfcf_vendor_only_unverified_by_exchange
2019-04-01,5612.44963862,3601.37892252,9213.82856114,53.25212987,0.95791038,28.20256510,0.78928556,81.45469497,0.89193342,DFCF/东方财富Choice数据,dfcf_vendor_only_unverified_by_exchange
2019-04-02,5661.21855650,3632.43953801,9293.65809451,48.76891788,0.86894175,31.06061549,0.86246452,79.82953337,0.86641001,DFCF/东方财富Choice数据,dfcf_vendor_only_unverified_by_exchange
2019-04-03,5695.52117271,3657.26718211,9352.78835482,34.30261621,0.60592284,24.82764410,0.68349779,59.13026031,0.63624312,DFCF/东方财富Choice数据,dfcf_vendor_only_unverified_by_exchange
2019-04-04,5700.01321985,3669.22931199,9369.24253184,4.49204714,0.07886982,11.96212988,0.32707837,16.45417702,0.17592804,DFCF/东方财富Choice数据,dfcf_vendor_only_unverified_by_exchange
2019-04-08,5798.24640228,3712.50928128,9510.75568356,98.23318243,1.72338517,43.27996929,1.17953842,141.51315172,1.51040120,DFCF/东方财富Choice数据,dfcf_vendor_only_unverified_by_exchange
2019-04-09,5825.91393394,3729.36136552,9555.27529946,27.66753166,0.47717068,16.85208424,0.45392706,44.51961590,0.46809757,DFCF/东方财富Choice数据,dfcf_vendor_only_unverified_by_exchange
2019-04-10,5840.52810698,3761.62825148,9602.15635846,14.61417304,0.25084773,32.26688596,0.86521210,46.88105900,0.49063012,DFCF/东方财富Choice数据,dfcf_vendor_only_unverified_by_exchange
2019-04-11,5832.08143243,3766.95369064,9599.03512307,-8.44667455,-0.14462176,5.32543916,0.14157271,-3.12123539,-0.03250557,DFCF/东方财富Choice数据,dfcf_vendor_only_unverified_by_exchange
2019-04-12,5811.64513945,3759.40236699,9571.04750644,-20.43629298,-0.35041165,-7.55132365,-0.20046234,-27.98761663,-0.29156698,DFCF/东方财富Choice数据,dfcf_vendor_only_unverified_by_exchange
2019-04-15,5832.99208979,3757.72795834,9590.72004813,21.34695034,0.36731338,-1.67440865,-0.04453922,19.67254169,0.20554220,DFCF/东方财富Choice数据,dfcf_vendor_only_unverified_by_exchange
2019-04-16,5874.20822124,3790.28810727,9664.49632851,41.21613145,0.70660359,32.56014893,0.86648500,73.77628038,0.76924652,DFCF/东方财富Choice数据,dfcf_vendor_only_unverified_by_exchange
2019-04-17,5899.11050836,3818.47220025,9717.58270861,24.90228712,0.42392585,28.18409298,0.74358709,53.08638010,0.54929278,DFCF/东方财富Choice数据,dfcf_vendor_only_unverified_by_exchange
2019-04-18,5911.75252232,3829.55667828,9741.30920060,12.64201396,0.21430373,11.08447803,0.29028568,23.72649199,0.24416043,DFCF/东方财富Choice数据,dfcf_vendor_only_unverified_by_exchange
2019-04-19,5911.96274296,3843.66095661,9755.62369957,0.21022064,0.00355598,14.10427833,0.36830055,14.31449897,0.14694636,DFCF/东方财富Choice数据,dfcf_vendor_only_unverified_by_exchange
2019-04-22,5948.31558594,3852.49880539,9800.81439133,36.35284298,0.61490311,8.83784878,0.22993310,45.19069176,0.46322709,DFCF/东方财富Choice数据,dfcf_vendor_only_unverified_by_exchange
2019-04-23,5934.01459965,3850.76163896,9784.77623861,-14.30098629,-0.24042077,-1.73716643,-0.04509194,-16.03815272,-0.16364102,DFCF/东方财富Choice数据,dfcf_vendor_only_unverified_by_exchange
2019-04-24,5953.88886472,3868.69885210,9822.58771682,19.87426507,0.33492107,17.93721314,0.46580949,37.81147821,0.38643171,DFCF/东方财富Choice数据,dfcf_vendor_only_unverified_by_exchange
2019-04-25,5919.47751543,3849.67775370,9769.15526913,-34.41134929,-0.57796425,-19.02109840,-0.49166656,-53.43244769,-0.54397527,DFCF/东方财富Choice数据,dfcf_vendor_only_unverified_by_exchange
2019-04-26,5899.23831402,3839.35142078,9738.58973480,-20.23920141,-0.34190858,-10.32633292,-0.26823889,-30.56553433,-0.31287797,DFCF/东方财富Choice数据,dfcf_vendor_only_unverified_by_exchange
2019-04-29,5853.02832156,3796.13325622,9649.16157778,-46.20999246,-0.78332134,-43.21816456,-1.12566316,-89.42815702,-0.91828652,DFCF/东方财富Choice数据,dfcf_vendor_only_unverified_by_exchange
2019-04-30,5778.65182474,3746.32107526,9524.97290000,-74.37649682,-1.27073530,-49.81218096,-1.31218210,-124.18867778,-1.28704113,DFCF/东方财富Choice数据,dfcf_vendor_only_unverified_by_exchange
2019-05-06,5731.85674230,3687.71658154,9419.57332384,-46.79508244,-0.80979239,-58.60449372,-1.56432117,-105.39957616,-1.10656038,DFCF/东方财富Choice数据,dfcf_vendor_only_unverified_by_exchange
2019-05-07,5708.66704572,3664.03359147,9372.70063719,-23.18969658,-0.40457565,-23.68299007,-0.64221286,-46.87268665,-0.49760945,DFCF/东方财富Choice数据,dfcf_vendor_only_unverified_by_exchange
2019-05-08,5710.57518334,3651.98719236,9362.56237570,1.90813762,0.03342527,-12.04639911,-0.32877425,-10.13826149,-0.10816799,DFCF/东方财富Choice数据,dfcf_vendor_only_unverified_by_exchange
2019-05-09,5704.55002203,3642.26885373,9346.81887576,-6.02516131,-0.10550883,-9.71833863,-0.26611097,-15.74349994,-0.16815375,DFCF/东方财富Choice数据,dfcf_vendor_only_unverified_by_exchange
2019-05-10,5695.52302327,3646.84794964,9342.37097291,-9.02699876,-0.15824208,4.57909591,0.12572097,-4.44790285,-0.04758734,DFCF/东方财富Choice数据,dfcf_vendor_only_unverified_by_exchange
2019-05-13,5676.89658746,3633.39460343,9310.29119089,-18.62643581,-0.32703644,-13.45334621,-0.36890340,-32.07978202,-0.34337945,DFCF/东方财富Choice数据,dfcf_vendor_only_unverified_by_exchange
2019-05-14,5669.64503072,3630.60602867,9300.25105939,-7.25155674,-0.12773805,-2.78857476,-0.07674847,-10.04013150,-0.10783907,DFCF/东方财富Choice数据,dfcf_vendor_only_unverified_by_exchange
2019-05-15,5666.00704440,3635.90265732,9301.90970172,-3.63798632,-0.06416603,5.29662865,0.14588828,1.65864233,0.01783438,DFCF/东方财富Choice数据,dfcf_vendor_only_unverified_by_exchange
2019-05-16,5670.49805145,3628.95673868,9299.45479013,4.49100705,0.07926229,-6.94591864,-0.19103698,-2.45491159,-0.02639148,DFCF/东方财富Choice数据,dfcf_vendor_only_unverified_by_exchange
2019-05-17,5636.65781997,3608.13864308,9244.79646305,-33.84023148,-0.59677706,-20.81809560,-0.57366613,-54.65832708,-0.58775840,DFCF/东方财富Choice数据,dfcf_vendor_only_unverified_by_exchange
2019-05-20,5632.58751070,3609.72879455,9242.31630525,-4.07030927,-0.07221140,1.59015147,0.04407124,-2.48015780,-0.02682761,DFCF/东方财富Choice数据,dfcf_vendor_only_unverified_by_exchange
2019-05-21,5638.99124599,3613.46881483,9252.46006082,6.40373529,0.11369083,3.74002028,0.10360945,10.14375557,0.10975339,DFCF/东方财富Choice数据,dfcf_vendor_only_unverified_by_exchange
2019-05-22,5623.87964684,3610.88089486,9234.76054170,-15.11159915,-0.26798409,-2.58791997,-0.07161872,-17.69951912,-0.19129528,DFCF/东方财富Choice数据,dfcf_vendor_only_unverified_by_exchange
2019-05-23,5605.27552182,3601.29754389,9206.57306571,-18.60412502,-0.33080589,-9.58335097,-0.26540202,-28.18747599,-0.30523234,DFCF/东方财富Choice数据,dfcf_vendor_only_unverified_by_exchange
2019-05-24,5577.50049494,3586.33383751,9163.83433245,-27.77502688,-0.49551582,-14.96370638,-0.41550875,-42.73873326,-0.46421978,DFCF/东方财富Choice数据,dfcf_vendor_only_unverified_by_exchange
2019-05-27,5597.92435668,3611.21555656,9209.13991324,20.42386174,0.36618306,24.88171905,0.69379261,45.30558079,0.49439546,DFCF/东方财富Choice数据,dfcf_vendor_only_unverified_by_exchange
2019-05-28,5584.74984580,3603.01489675,9187.76474255,-13.17451088,-0.23534635,-8.20065981,-0.22708863,-21.37517069,-0.23210822,DFCF/东方财富Choice数据,dfcf_vendor_only_unverified_by_exchange
2019-05-29,5588.01967110,3603.05154905,9191.07122015,3.26982530,0.05854918,0.03665230,0.00101727,3.30647760,0.03598783,DFCF/东方财富Choice数据,dfcf_vendor_only_unverified_by_exchange
2019-05-30,5576.74222555,3607.91288683,9184.65511238,-11.27744555,-0.20181471,4.86133778,0.13492279,-6.41610777,-0.06980805,DFCF/东方财富Choice数据,dfcf_vendor_only_unverified_by_exchange
2019-05-31,5554.40566101,3593.71827792,9148.12393893,-22.33656454,-0.40053070,-14.19460891,-0.39342992,-36.53117345,-0.39774137,DFCF/东方财富Choice数据,dfcf_vendor_only_unverified_by_exchange
2019-06-03,5540.95723600,3590.71041023,9131.66764623,-13.44842501,-0.24212176,-3.00786769,-0.08369793,-16.45629270,-0.17988708,DFCF/东方财富Choice数据,dfcf_vendor_only_unverified_by_exchange
2019-06-04,5518.45445249,3576.85869570,9095.31314819,-22.50278351,-0.40611726,-13.85171453,-0.38576529,-36.35449804,-0.39811456,DFCF/东方财富Choice数据,dfcf_vendor_only_unverified_by_exchange
2019-06-05,5501.65203687,3571.74114748,9073.39318435,-16.80241562,-0.30447684,-5.11754822,-0.14307382,-21.91996384,-0.24100285,DFCF/东方财富Choice数据,dfcf_vendor_only_unverified_by_exchange
2019-06-06,5466.61467639,3551.34652791,9017.96120430,-35.03736048,-0.63685163,-20.39461957,-0.57099937,-55.43198005,-0.61092889,DFCF/东方财富Choice数据,dfcf_vendor_only_unverified_by_exchange
2019-06-10,5458.07399551,3554.76355525,9012.83755076,-8.54068088,-0.15623345,3.41702734,0.09621780,-5.12365354,-0.05681610,DFCF/东方财富Choice数据,dfcf_vendor_only_unverified_by_exchange
2019-06-11,5460.76092112,3569.01104639,9029.77196751,2.68692561,0.04922846,14.24749114,0.40079997,16.93441675,0.18789218,DFCF/东方财富Choice数据,dfcf_vendor_only_unverified_by_exchange
2019-06-12,5470.92700496,3576.62441819,9047.55142315,10.16608384,0.18616607,7.61337180,0.21331881,17.77945564,0.19689817,DFCF/东方财富Choice数据,dfcf_vendor_only_unverified_by_exchange
2019-06-13,5475.06113249,3589.11878075,9064.17991324,4.13412753,0.07556539,12.49436256,0.34933393,16.62849009,0.18378995,DFCF/东方财富Choice数据,dfcf_vendor_only_unverified_by_exchange
2019-06-14,5453.65849561,3565.05090576,9018.70940137,-21.40263688,-0.39091138,-24.06787499,-0.67057895,-45.47051187,-0.50165059,DFCF/东方财富Choice数据,dfcf_vendor_only_unverified_by_exchange
2019-06-17,5449.06059569,3570.02158161,9019.08217730,-4.59789992,-0.08430854,4.97067585,0.13942791,0.37277593,0.00413336,DFCF/东方财富Choice数据,dfcf_vendor_only_unverified_by_exchange
2019-06-18,5436.89979601,3569.16629780,9006.06609381,-12.16079968,-0.22317241,-0.85528381,-0.02395738,-13.01608349,-0.14431716,DFCF/东方财富Choice数据,dfcf_vendor_only_unverified_by_exchange
2019-06-19,5431.94212320,3565.86292104,8997.80504424,-4.95767281,-0.09118566,-3.30337676,-0.09255318,-8.26104957,-0.09172761,DFCF/东方财富Choice数据,dfcf_vendor_only_unverified_by_exchange
2019-06-20,5454.74733422,3565.45954196,9020.20687618,22.80521102,0.41983531,-0.40337908,-0.01131224,22.40183194,0.24896996,DFCF/东方财富Choice数据,dfcf_vendor_only_unverified_by_exchange
2019-06-21,5448.09211659,3562.92984699,9011.02196358,-6.65521763,-0.12200781,-2.52969497,-0.07095004,-9.18491260,-0.10182596,DFCF/东方财富Choice数据,dfcf_vendor_only_unverified_by_exchange
2019-06-24,5469.22849389,3581.95149278,9051.17998667,21.13637730,0.38795925,19.02164579,0.53387652,40.15802309,0.44565448,DFCF/东方财富Choice数据,dfcf_vendor_only_unverified_by_exchange
2019-06-25,5482.67174410,3584.02751925,9066.69926335,13.44325021,0.24579793,2.07602647,0.05795797,15.51927668,0.17146136,DFCF/东方财富Choice数据,dfcf_vendor_only_unverified_by_exchange
2019-06-26,5477.99690532,3584.43080126,9062.42770658,-4.67483878,-0.08526571,0.40328201,0.01125220,-4.27155677,-0.04711259,DFCF/东方财富Choice数据,dfcf_vendor_only_unverified_by_exchange
2019-06-27,5476.17686319,3589.37809305,9065.55495624,-1.82004213,-0.03322459,4.94729179,0.13802169,3.12724966,0.03450786,DFCF/东方财富Choice数据,dfcf_vendor_only_unverified_by_exchange
2019-06-28,5454.03611820,3565.59063573,9019.62675393,-22.14074499,-0.40431026,-23.78745732,-0.66271807,-45.92820231,-0.50662317,DFCF/东方财富Choice数据,dfcf_vendor_only_unverified_by_exchange
2019-07-01,5481.15136533,3587.95387054,9069.10523587,27.11524713,0.49715929,22.36323481,0.62719580,49.47848194,0.54856463,DFCF/东方财富Choice数据,dfcf_vendor_only_unverified_by_exchange
2019-07-02,5493.29550799,3590.13686566,9083.43237365,12.14414266,0.22156189,2.18299512,0.06084234,14.32713778,0.15797741,DFCF/东方财富Choice数据,dfcf_vendor_only_unverified_by_exchange
2019-07-03,5504.88925077,3607.18702346,9112.07627423,11.59374278,0.21105260,17.05015780,0.47491665,28.64390058,0.31534226,DFCF/东方财富Choice数据,dfcf_vendor_only_unverified_by_exchange
2019-07-04,5506.07512075,3607.26831339,9113.34343414,1.18586998,0.02154212,0.08128993,0.00225355,1.26715991,0.01390638,DFCF/东方财富Choice数据,dfcf_vendor_only_unverified_by_exchange
2019-07-05,5497.58208389,3595.27623893,9092.85832282,-8.49303686,-0.15424847,-11.99207446,-0.33244199,-20.48511132,-0.22478151,DFCF/东方财富Choice数据,dfcf_vendor_only_unverified_by_exchange
2019-07-08,5492.80291963,3592.25996451,9085.06288414,-4.77916426,-0.08693211,-3.01627442,-0.08389548,-7.79543868,-0.08573144,DFCF/东方财富Choice数据,dfcf_vendor_only_unverified_by_exchange
2019-07-09,5487.42383856,3587.47995718,9074.90379574,-5.37908107,-0.09792962,-4.78000733,-0.13306407,-10.15908840,-0.11182188,DFCF/东方财富Choice数据,dfcf_vendor_only_unverified_by_exchange
2019-07-10,5485.02478946,3583.16393429,9068.18872375,-2.39904910,-0.04371904,-4.31602289,-0.12030793,-6.71507199,-0.07399607,DFCF/东方财富Choice数据,dfcf_vendor_only_unverified_by_exchange
2019-07-11,5467.36009397,3578.30126396,9045.66135793,-17.66469549,-0.32205316,-4.86267033,-0.13570884,-22.52736582,-0.24842189,DFCF/东方财富Choice数据,dfcf_vendor_only_unverified_by_exchange
2019-07-12,5452.92920109,3570.33297572,9023.26217681,-14.43089288,-0.26394627,-7.96828824,-0.22268355,-22.39918112,-0.24762348,DFCF/东方财富Choice数据,dfcf_vendor_only_unverified_by_exchange
2019-07-15,5468.29583252,3578.53337644,9046.82920896,15.36663143,0.28180508,8.20040072,0.22968168,23.56703215,0.26118084,DFCF/东方财富Choice数据,dfcf_vendor_only_unverified_by_exchange
2019-07-16,5464.19207751,3579.90795306,9044.10003057,-4.10375501,-0.07504632,1.37457662,0.03841173,-2.72917839,-0.03016724,DFCF/东方财富Choice数据,dfcf_vendor_only_unverified_by_exchange
2019-07-17,5467.70795139,3585.85803290,9053.56598429,3.51587388,0.06434389,5.95007984,0.16620762,9.46595372,0.10466441,DFCF/东方财富Choice数据,dfcf_vendor_only_unverified_by_exchange
2019-07-18,5458.91094423,3576.63051878,9035.54146301,-8.79700716,-0.16089022,-9.22751412,-0.25733072,-18.02452128,-0.19908753,DFCF/东方财富Choice数据,dfcf_vendor_only_unverified_by_exchange
2019-07-19,5441.17046863,3572.56049991,9013.73096854,-17.74047560,-0.32498196,-4.07001887,-0.11379478,-21.81049447,-0.24138558,DFCF/东方财富Choice数据,dfcf_vendor_only_unverified_by_exchange
2019-07-22,5423.17389721,3559.46907182,8982.64296903,-17.99657142,-0.33074816,-13.09142809,-0.36644385,-31.08799951,-0.34489602,DFCF/东方财富Choice数据,dfcf_vendor_only_unverified_by_exchange
2019-07-23,5408.85652598,3558.57346597,8967.42999195,-14.31737123,-0.26400354,-0.89560585,-0.02516122,-15.21297708,-0.16935970,DFCF/东方财富Choice数据,dfcf_vendor_only_unverified_by_exchange
2019-07-24,5408.38721429,3566.19060908,8974.57782337,-0.46931169,-0.00867673,7.61714311,0.21405047,7.14783142,0.07970881,DFCF/东方财富Choice数据,dfcf_vendor_only_unverified_by_exchange
2019-07-25,5406.17344435,3573.11612714,8979.28957149,-2.21376994,-0.04093216,6.92551806,0.19419932,4.71174812,0.05250106,DFCF/东方财富Choice数据,dfcf_vendor_only_unverified_by_exchange
2019-07-26,5397.52245878,3562.67460520,8960.19706398,-8.65098557,-0.16002050,-10.44152194,-0.29222453,-19.09250751,-0.21262826,DFCF/东方财富Choice数据,dfcf_vendor_only_unverified_by_exchange
2019-07-29,5411.03076216,3573.58658391,8984.61734607,13.50830338,0.25026859,10.91197871,0.30628615,24.42028209,0.27254180,DFCF/东方财富Choice数据,dfcf_vendor_only_unverified_by_exchange
2019-07-30,5411.92071940,3567.71810015,8979.63881955,0.88995724,0.01644709,-5.86848376,-0.16421832,-4.97852652,-0.05541167,DFCF/东方财富Choice数据,dfcf_vendor_only_unverified_by_exchange
2019-07-31,5407.46046599,3567.37867568,8974.83914167,-4.46025341,-0.08241535,-0.33942447,-0.00951377,-4.79967788,-0.05345068,DFCF/东方财富Choice数据,dfcf_vendor_only_unverified_by_exchange
2019-08-01,5406.82032669,3573.87050400,8980.69083069,-0.64013930,-0.01183808,6.49182832,0.18197755,5.85168902,0.06520105,DFCF/东方财富Choice数据,dfcf_vendor_only_unverified_by_exchange
2019-08-02,5389.26998030,3556.99879798,8946.26877828,-17.55034639,-0.32459644,-16.87170602,-0.47208498,-34.42205241,-0.38328958,DFCF/东方财富Choice数据,dfcf_vendor_only_unverified_by_exchange
2019-08-05,5390.88661040,3559.36327645,8950.24988685,1.61663010,0.02999720,2.36447847,0.06647397,3.98110857,0.04450021,DFCF/东方财富Choice数据,dfcf_vendor_only_unverified_by_exchange
2019-08-06,5364.49029000,3538.14360650,8902.63389650,-26.39632040,-0.48964711,-21.21966995,-0.59616477,-47.61599035,-0.53200738,DFCF/东方财富Choice数据,dfcf_vendor_only_unverified_by_exchange
2019-08-07,5343.35401053,3521.97279477,8865.32680530,-21.13627947,-0.39400350,-16.17081173,-0.45704227,-37.30709120,-0.41905678,DFCF/东方财富Choice数据,dfcf_vendor_only_unverified_by_exchange
2019-08-08,5334.81575844,3511.67279642,8846.48855486,-8.53825209,-0.15979200,-10.29999835,-0.29244969,-18.83825044,-0.21249358,DFCF/东方财富Choice数据,dfcf_vendor_only_unverified_by_exchange
2019-08-09,5312.40738575,3495.88256931,8808.28995506,-22.40837269,-0.42004024,-15.79022711,-0.44964973,-38.19859980,-0.43179392,DFCF/东方财富Choice数据,dfcf_vendor_only_unverified_by_exchange
2019-08-12,5315.67416332,3502.32526230,8817.99942562,3.26677757,0.06149336,6.44269299,0.18429375,9.70947056,0.11023105,DFCF/东方财富Choice数据,dfcf_vendor_only_unverified_by_exchange
2019-08-13,5318.55170860,3504.25952718,8822.81123578,2.87754528,0.05413321,1.93426488,0.05522802,4.81181016,0.05456805,DFCF/东方财富Choice数据,dfcf_vendor_only_unverified_by_exchange
2019-08-14,5320.93964720,3510.66785715,8831.60750435,2.38793860,0.04489829,6.40832997,0.18287258,8.79626857,0.09969916,DFCF/东方财富Choice数据,dfcf_vendor_only_unverified_by_exchange
2019-08-15,5312.87578318,3509.68614745,8822.56193063,-8.06386402,-0.15154962,-0.98170970,-0.02796362,-9.04557372,-0.10242273,DFCF/东方财富Choice数据,dfcf_vendor_only_unverified_by_exchange
2019-08-16,5309.38203843,3513.03432525,8822.41636368,-3.49374475,-0.06575996,3.34817780,0.09539821,-0.14556695,-0.00164994,DFCF/东方财富Choice数据,dfcf_vendor_only_unverified_by_exchange
2019-08-19,5347.98962347,3582.47751126,8930.46713473,38.60758504,0.72715779,69.44318601,1.97672950,108.05077105,1.22472990,DFCF/东方财富Choice数据,dfcf_vendor_only_unverified_by_exchange
2019-08-20,5350.69125138,3624.62964777,8975.32089915,2.70162791,0.05051670,42.15213651,1.17661971,44.85376442,0.50225552,DFCF/东方财富Choice数据,dfcf_vendor_only_unverified_by_exchange
2019-08-21,5356.53416579,3649.59969283,9006.13385862,5.84291441,0.10919924,24.97004506,0.68889921,30.81295947,0.34330761,DFCF/东方财富Choice数据,dfcf_vendor_only_unverified_by_exchange
2019-08-22,5361.49988643,3678.13387949,9039.63376592,4.96572064,0.09270399,28.53418666,0.78184429,33.49990730,0.37196768,DFCF/东方财富Choice数据,dfcf_vendor_only_unverified_by_exchange
2019-08-23,5349.54183704,3680.85031657,9030.39215361,-11.95804939,-0.22303552,2.71643708,0.07385368,-9.24161231,-0.10223437,DFCF/东方财富Choice数据,dfcf_vendor_only_unverified_by_exchange
2019-08-26,5365.44973668,3704.79574514,9070.24548182,15.90789964,0.29736938,23.94542857,0.65054068,39.85332821,0.44132445,DFCF/东方财富Choice数据,dfcf_vendor_only_unverified_by_exchange
2019-08-27,5362.84871635,3724.94892897,9087.79764532,-2.60102033,-0.04847721,20.15318383,0.54397557,17.55216350,0.19351365,DFCF/东方财富Choice数据,dfcf_vendor_only_unverified_by_exchange
2019-08-28,5371.03608725,3743.88810778,9114.92419503,8.18737090,0.15266832,18.93917881,0.50844130,27.12654971,0.29849421,DFCF/东方财富Choice数据,dfcf_vendor_only_unverified_by_exchange
2019-08-29,5387.87831176,3757.86880769,9145.74711945,16.84222451,0.31357496,13.98069991,0.37342729,30.82292442,0.33815887,DFCF/东方财富Choice数据,dfcf_vendor_only_unverified_by_exchange
2019-08-30,5385.41616594,3749.36628224,9134.78244818,-2.46214582,-0.04569787,-8.50252545,-0.22625924,-10.96467127,-0.11988820,DFCF/东方财富Choice数据,dfcf_vendor_only_unverified_by_exchange
2019-09-02,5402.59932065,3779.08602471,9181.68534536,17.18315471,0.31906828,29.71974247,0.79266042,46.90289718,0.51345390,DFCF/东方财富Choice数据,dfcf_vendor_only_unverified_by_exchange
2019-09-03,5403.21825192,3805.70505326,9208.92330518,0.61893127,0.01145618,26.61902855,0.70437742,27.23795982,0.29665534,DFCF/东方财富Choice数据,dfcf_vendor_only_unverified_by_exchange
2019-09-04,5409.78840534,3832.73405173,9242.52245707,6.57015342,0.12159704,27.02899847,0.71022315,33.59915189,0.36485429,DFCF/东方财富Choice数据,dfcf_vendor_only_unverified_by_exchange
2019-09-05,5420.59512654,3888.28064471,9308.87577125,10.80672120,0.19976236,55.54659298,1.44926813,66.35331418,0.71791348,DFCF/东方财富Choice数据,dfcf_vendor_only_unverified_by_exchange
2019-09-06,5413.15600123,3904.61445139,9317.77045262,-7.43912531,-0.13723817,16.33380668,0.42007787,8.89468137,0.09555054,DFCF/东方财富Choice数据,dfcf_vendor_only_unverified_by_exchange
2019-09-09,5458.31543383,3969.48751726,9427.80295109,45.15943260,0.83425330,64.87306587,1.66144613,110.03249847,1.18088870,DFCF/东方财富Choice数据,dfcf_vendor_only_unverified_by_exchange
2019-09-10,5472.66110610,4007.71177254,9480.37287864,14.34567227,0.26282234,38.22425528,0.96295190,52.56992755,0.55760529,DFCF/东方财富Choice数据,dfcf_vendor_only_unverified_by_exchange
2019-09-11,5481.31519774,4028.86439495,9510.17959269,8.65409164,0.15813315,21.15262241,0.52779800,29.80671405,0.31440445,DFCF/东方财富Choice数据,dfcf_vendor_only_unverified_by_exchange
2019-09-12,5459.74771941,4008.81904352,9468.56676293,-21.56747833,-0.39347269,-20.04535143,-0.49754346,-41.61282976,-0.43756092,DFCF/东方财富Choice数据,dfcf_vendor_only_unverified_by_exchange
2019-09-16,5490.29500599,4056.43241552,9546.72742151,30.54728658,0.55949997,47.61337200,1.18771567,78.16065858,0.82547507,DFCF/东方财富Choice数据,dfcf_vendor_only_unverified_by_exchange
2019-09-17,5500.22693898,4062.23171693,9562.45865591,9.93193299,0.18089981,5.79930141,0.14296556,15.73123440,0.16478143,DFCF/东方财富Choice数据,dfcf_vendor_only_unverified_by_exchange
2019-09-18,5502.56286908,4071.84772957,9574.41059865,2.33593010,0.04246970,9.61601264,0.23671748,11.95194274,0.12498818,DFCF/东方财富Choice数据,dfcf_vendor_only_unverified_by_exchange
2019-09-19,5513.74200309,4088.47406584,9602.21606893,11.17913401,0.20316231,16.62633627,0.40832412,27.80547028,0.29041443,DFCF/东方财富Choice数据,dfcf_vendor_only_unverified_by_exchange
2019-09-20,5500.48535904,4076.81840327,9577.30376231,-13.25664405,-0.24042917,-11.65566257,-0.28508589,-24.91230662,-0.25944330,DFCF/东方财富Choice数据,dfcf_vendor_only_unverified_by_exchange
2019-09-23,5508.26508305,4096.39846913,9604.66355218,7.77972401,0.14143705,19.58006586,0.48027810,27.35978987,0.28567320,DFCF/东方财富Choice数据,dfcf_vendor_only_unverified_by_exchange
2019-09-24,5501.71649766,4102.74224508,9604.45874274,-6.54858539,-0.11888653,6.34377595,0.15486228,-0.20480944,-0.00213240,DFCF/东方财富Choice数据,dfcf_vendor_only_unverified_by_exchange
2019-09-25,5482.62512825,4090.03683267,9572.66196092,-19.09136941,-0.34700751,-12.70541241,-0.30968098,-31.79678182,-0.33106271,DFCF/东方财富Choice数据,dfcf_vendor_only_unverified_by_exchange
2019-09-26,5458.78128202,4062.77754948,9521.55883150,-23.84384623,-0.43489835,-27.25928319,-0.66648014,-51.10312942,-0.53384450,DFCF/东方财富Choice数据,dfcf_vendor_only_unverified_by_exchange
2019-09-27,5435.47417610,4038.59761930,9474.07179540,-23.30710592,-0.42696537,-24.17993018,-0.59515762,-47.48703610,-0.49873174,DFCF/东方财富Choice数据,dfcf_vendor_only_unverified_by_exchange
2019-09-30,5387.91089316,3984.87589825,9372.78679141,-47.56328294,-0.87505306,-53.72172105,-1.33020732,-101.28500399,-1.06907575,DFCF/东方财富Choice数据,dfcf_vendor_only_unverified_by_exchange
2019-10-08,5411.73606913,4014.56699550,9426.30306463,23.82517597,0.44219692,29.69109725,0.74509465,53.51627322,0.57097504,DFCF/东方财富Choice数据,dfcf_vendor_only_unverified_by_exchange
2019-10-09,5419.90984143,4021.71463288,9441.62447431,8.17377230,0.15103790,7.14763738,0.17804255,15.32140968,0.16253890,DFCF/东方财富Choice数据,dfcf_vendor_only_unverified_by_exchange
2019-10-10,5424.11429535,4043.82398945,9467.93828480,4.20445392,0.07757424,22.10935657,0.54974951,26.31381049,0.27870003,DFCF/东方财富Choice数据,dfcf_vendor_only_unverified_by_exchange
2019-10-11,5410.53440557,4033.76831930,9444.30272487,-13.57988978,-0.25036142,-10.05567015,-0.24866735,-23.63555993,-0.24963787,DFCF/东方财富Choice数据,dfcf_vendor_only_unverified_by_exchange
2019-10-14,5441.65541216,4065.87714483,9507.53255699,31.12100659,0.57519284,32.10882553,0.79600074,63.22983212,0.66950239,DFCF/东方财富Choice数据,dfcf_vendor_only_unverified_by_exchange
2019-10-15,5436.77569235,4057.53881912,9494.31451147,-4.87971981,-0.08967344,-8.33832571,-0.20508061,-13.21804552,-0.13902709,DFCF/东方财富Choice数据,dfcf_vendor_only_unverified_by_exchange
2019-10-16,5437.90595150,4064.67490313,9502.58085463,1.13025915,0.02078914,7.13608401,0.17587223,8.26634316,0.08706625,DFCF/东方财富Choice数据,dfcf_vendor_only_unverified_by_exchange
2019-10-17,5430.67159580,4072.82704170,9503.49863750,-7.23435570,-0.13303569,8.15213857,0.20056065,0.91778287,0.00965825,DFCF/东方财富Choice数据,dfcf_vendor_only_unverified_by_exchange
2019-10-18,5413.97950787,4057.39597749,9471.37548536,-16.69208793,-0.30736692,-15.43106421,-0.37887846,-32.12315214,-0.33801396,DFCF/东方财富Choice数据,dfcf_vendor_only_unverified_by_exchange
2019-10-21,5417.19877028,4057.19191340,9474.39068368,3.21926241,0.05946204,-0.20406409,-0.00502943,3.01519832,0.03183485,DFCF/东方财富Choice数据,dfcf_vendor_only_unverified_by_exchange
2019-10-22,5424.55008256,4060.94556370,9485.49564626,7.35131228,0.13570320,3.75365030,0.09251843,11.10496258,0.11721031,DFCF/东方财富Choice数据,dfcf_vendor_only_unverified_by_exchange
2019-10-23,5425.90711121,4066.43011432,9492.33722553,1.35702865,0.02501643,5.48455062,0.13505600,6.84157927,0.07212675,DFCF/东方财富Choice数据,dfcf_vendor_only_unverified_by_exchange
2019-10-24,5435.86678053,4069.51152943,9505.37830996,9.95966932,0.18355768,3.08141511,0.07577691,13.04108443,0.13738539,DFCF/东方财富Choice数据,dfcf_vendor_only_unverified_by_exchange
2019-10-25,5433.51773604,4074.49968800,9508.01742404,-2.34904449,-0.04321380,4.98815857,0.12257389,2.63911408,0.02776443,DFCF/东方财富Choice数据,dfcf_vendor_only_unverified_by_exchange
2019-10-28,5453.52851087,4108.63642460,9562.16493547,20.01077483,0.36828397,34.13673660,0.83781419,54.14751143,0.56949319,DFCF/东方财富Choice数据,dfcf_vendor_only_unverified_by_exchange
2019-10-29,5447.86863040,4107.25191166,9555.12054206,-5.65988047,-0.10378382,-1.38451294,-0.03369763,-7.04439341,-0.07366944,DFCF/东方财富Choice数据,dfcf_vendor_only_unverified_by_exchange
2019-10-30,5444.49761544,4109.50506501,9554.00268045,-3.37101496,-0.06187768,2.25315335,0.05485793,-1.11786161,-0.01169908,DFCF/东方财富Choice数据,dfcf_vendor_only_unverified_by_exchange
2019-10-31,5430.40299737,4102.07768519,9532.48068256,-14.09461807,-0.25887821,-7.42737982,-0.18073660,-21.52199789,-0.22526682,DFCF/东方财富Choice数据,dfcf_vendor_only_unverified_by_exchange
2019-11-01,5426.75980074,4105.24564516,9532.00544590,-3.64319663,-0.06708888,3.16795997,0.07722818,-0.47523666,-0.00498545,DFCF/东方财富Choice数据,dfcf_vendor_only_unverified_by_exchange
2019-11-04,5430.20295419,4121.08509099,9551.28804518,3.44315345,0.06344768,15.83944583,0.38583430,19.28259928,0.20229320,DFCF/东方财富Choice数据,dfcf_vendor_only_unverified_by_exchange
2019-11-05,5440.29029680,4126.77807001,9567.06836681,10.08734261,0.18576364,5.69297902,0.13814272,15.78032163,0.16521669,DFCF/东方财富Choice数据,dfcf_vendor_only_unverified_by_exchange
2019-11-06,5439.99526706,4128.42411930,9568.41938636,-0.29502974,-0.00542305,1.64604929,0.03988703,1.35101955,0.01412156,DFCF/东方财富Choice数据,dfcf_vendor_only_unverified_by_exchange
2019-11-07,5441.88094794,4138.97357151,9580.85451945,1.88568088,0.03466328,10.54945221,0.25553218,12.43513309,0.12996016,DFCF/东方财富Choice数据,dfcf_vendor_only_unverified_by_exchange
2019-11-08,5432.55280042,4129.50627056,9562.05907098,-9.32814752,-0.17141403,-9.46730095,-0.22873548,-18.79544847,-0.19617716,DFCF/东方财富Choice数据,dfcf_vendor_only_unverified_by_exchange
2019-11-11,5417.55441181,4127.81118287,9545.36559468,-14.99838861,-0.27608362,-1.69508769,-0.04104819,-16.69347630,-0.17458035,DFCF/东方财富Choice数据,dfcf_vendor_only_unverified_by_exchange
2019-11-12,5413.60163467,4125.91879167,9539.52042634,-3.95277714,-0.07296239,-1.89239120,-0.04584491,-5.84516834,-0.06123567,DFCF/东方财富Choice数据,dfcf_vendor_only_unverified_by_exchange
2019-11-13,5420.48023809,4129.48152696,9549.96176505,6.87860342,0.12706150,3.56273529,0.08635011,10.44133871,0.10945350,DFCF/东方财富Choice数据,dfcf_vendor_only_unverified_by_exchange
2019-11-14,5427.25646617,4142.03569085,9569.29215702,6.77622808,0.12501158,12.55416389,0.30401308,19.33039197,0.20241329,DFCF/东方财富Choice数据,dfcf_vendor_only_unverified_by_exchange
2019-11-15,5411.12917831,4124.14846741,9535.27764572,-16.12728786,-0.29715360,-17.88722344,-0.43184619,-34.01451130,-0.35545483,DFCF/东方财富Choice数据,dfcf_vendor_only_unverified_by_exchange
2019-11-18,5415.33326643,4130.96715916,9546.30042559,4.20408812,0.07769336,6.81869175,0.16533575,11.02277987,0.11559999,DFCF/东方财富Choice数据,dfcf_vendor_only_unverified_by_exchange
2019-11-19,5427.21380946,4150.96926919,9578.18307865,11.88054303,0.21938711,20.00211003,0.48419920,31.88265306,0.33397915,DFCF/东方财富Choice数据,dfcf_vendor_only_unverified_by_exchange
2019-11-20,5430.39825777,4154.46588621,9584.86414398,3.18444831,0.05867556,3.49661702,0.08423616,6.68106533,0.06975295,DFCF/东方财富Choice数据,dfcf_vendor_only_unverified_by_exchange
2019-11-21,5440.24320788,4152.10737209,9592.35057997,9.84495011,0.18129334,-2.35851412,-0.05677057,7.48643599,0.07810686,DFCF/东方财富Choice数据,dfcf_vendor_only_unverified_by_exchange
2019-11-22,5425.58701610,4128.75109050,9554.33810660,-14.65619178,-0.26940325,-23.35628159,-0.56251632,-38.01247337,-0.39627903,DFCF/东方财富Choice数据,dfcf_vendor_only_unverified_by_exchange
2019-11-25,5429.94841271,4121.04777216,9550.99618487,4.36139661,0.08038571,-7.70331834,-0.18657745,-3.34192173,-0.03497806,DFCF/东方财富Choice数据,dfcf_vendor_only_unverified_by_exchange
2019-11-26,5410.48628299,4109.31748373,9519.80376672,-19.46212972,-0.35842200,-11.73028843,-0.28464335,-31.19241815,-0.32658811,DFCF/东方财富Choice数据,dfcf_vendor_only_unverified_by_exchange
2019-11-27,5415.40132118,4122.30710350,9537.70842468,4.91503819,0.09084282,12.98961977,0.31610164,17.90465796,0.18807802,DFCF/东方财富Choice数据,dfcf_vendor_only_unverified_by_exchange
2019-11-28,5405.57833985,4119.37360700,9524.95194685,-9.82298133,-0.18138972,-2.93349650,-0.07116152,-12.75647783,-0.13374783,DFCF/东方财富Choice数据,dfcf_vendor_only_unverified_by_exchange
2019-11-29,5405.89918492,4114.07975807,9519.97894299,0.32084507,0.00593544,-5.29384893,-0.12851102,-4.97300386,-0.05221028,DFCF/东方财富Choice数据,dfcf_vendor_only_unverified_by_exchange
2019-12-02,5407.93588479,4125.74912988,9533.68501467,2.03669987,0.03767551,11.66937181,0.28364476,13.70607168,0.14397166,DFCF/东方财富Choice数据,dfcf_vendor_only_unverified_by_exchange
2019-12-03,5418.20549640,4137.65616078,9555.86165718,10.26961161,0.18989892,11.90703090,0.28860288,22.17664251,0.23261354,DFCF/东方财富Choice数据,dfcf_vendor_only_unverified_by_exchange
2019-12-04,5424.74281717,4139.20492779,9563.94774496,6.53732077,0.12065472,1.54876701,0.03743102,8.08608778,0.08461914,DFCF/东方财富Choice数据,dfcf_vendor_only_unverified_by_exchange
2019-12-05,5429.48225200,4158.95903818,9588.44129018,4.73943483,0.08736700,19.75411039,0.47724408,24.49354522,0.25610288,DFCF/东方财富Choice数据,dfcf_vendor_only_unverified_by_exchange
2019-12-06,5429.00227729,4162.05988264,9591.06215993,-0.47997471,-0.00884016,3.10084446,0.07455819,2.62086975,0.02733364,DFCF/东方财富Choice数据,dfcf_vendor_only_unverified_by_exchange
2019-12-09,5438.60276636,4188.19330256,9626.79606892,9.60048907,0.17683708,26.13341992,0.62789630,35.73390899,0.37257510,DFCF/东方财富Choice数据,dfcf_vendor_only_unverified_by_exchange
2019-12-10,5443.24601840,4206.31739120,9649.56340960,4.64325204,0.08537583,18.12408864,0.43274241,22.76734068,0.23649967,DFCF/东方财富Choice数据,dfcf_vendor_only_unverified_by_exchange
2019-12-11,5448.26951629,4219.16690559,9667.43642188,5.02349789,0.09228864,12.84951439,0.30548133,17.87301228,0.18522094,DFCF/东方财富Choice数据,dfcf_vendor_only_unverified_by_exchange
2019-12-12,5447.62356034,4234.57288662,9682.19644696,-0.64595595,-0.01185617,15.40598103,0.36514273,14.76002508,0.15267776,DFCF/东方财富Choice数据,dfcf_vendor_only_unverified_by_exchange
2019-12-13,5444.31163367,4234.22868505,9678.54031872,-3.31192667,-0.06079581,-0.34420157,-0.00812837,-3.65612824,-0.03776135,DFCF/东方财富Choice数据,dfcf_vendor_only_unverified_by_exchange
2019-12-16,5482.88053609,4288.51154451,9771.39208060,38.56890242,0.70842569,54.28285946,1.28200113,92.85176188,0.95935708,DFCF/东方财富Choice数据,dfcf_vendor_only_unverified_by_exchange
2019-12-17,5515.16610507,4339.66722200,9854.83332707,32.28556898,0.58884320,51.15567749,1.19285391,83.44124647,0.85393407,DFCF/东方财富Choice数据,dfcf_vendor_only_unverified_by_exchange
2019-12-18,5544.66188124,4385.11398249,9929.77586373,29.49577617,0.53481211,45.44676049,1.04724068,74.94253666,0.76046478,DFCF/东方财富Choice数据,dfcf_vendor_only_unverified_by_exchange
2019-12-19,5563.09366942,4405.71799372,9968.81166314,18.43178818,0.33242402,20.60401123,0.46986262,39.03579941,0.39311864,DFCF/东方财富Choice数据,dfcf_vendor_only_unverified_by_exchange
2019-12-20,5550.35446253,4395.95152383,9946.30598636,-12.73920689,-0.22899501,-9.76646989,-0.22167715,-22.50567678,-0.22576088,DFCF/东方财富Choice数据,dfcf_vendor_only_unverified_by_exchange
2019-12-23,5560.03821374,4406.97737336,9967.01558710,9.68375121,0.17447086,11.02584953,0.25081827,20.70960074,0.20821399,DFCF/东方财富Choice数据,dfcf_vendor_only_unverified_by_exchange
2019-12-24,5544.00951209,4421.90815204,9965.91766413,-16.02870165,-0.28828402,14.93077868,0.33879862,-1.09792297,-0.01101556,DFCF/东方财富Choice数据,dfcf_vendor_only_unverified_by_exchange
2019-12-25,5550.15167639,4433.11618799,9983.26786438,6.14216430,0.11078921,11.20803595,0.25346605,17.35020025,0.17409536,DFCF/东方财富Choice数据,dfcf_vendor_only_unverified_by_exchange
2019-12-26,5559.95394376,4452.84559052,10012.79953428,9.80226737,0.17661260,19.72940253,0.44504592,29.53166990,0.29581166,DFCF/东方财富Choice数据,dfcf_vendor_only_unverified_by_exchange
2019-12-27,5551.11529883,4446.24972938,9997.36502821,-8.83864493,-0.15896975,-6.59586114,-0.14812688,-15.43450607,-0.15414776,DFCF/东方财富Choice数据,dfcf_vendor_only_unverified_by_exchange
2019-12-30,5589.17674707,4465.58443201,10054.76117908,38.06144824,0.68565407,19.33470263,0.43485418,57.39615087,0.57411279,DFCF/东方财富Choice数据,dfcf_vendor_only_unverified_by_exchange
2019-12-31,5590.55426838,4464.49044436,10055.04471274,1.37752131,0.02464623,-1.09398765,-0.02449820,0.28353366,0.00281989,DFCF/东方财富Choice数据,dfcf_vendor_only_unverified_by_exchange
2020-01-02,5613.96722311,4492.69066938,10106.65789249,23.41295473,0.41879487,28.20022502,0.63165607,51.61317975,0.51330632,DFCF/东方财富Choice数据,dfcf_vendor_only_unverified_by_exchange
2020-01-03,5627.10881010,4495.11452527,10122.22333537,13.14158699,0.23408735,2.42385589,0.05395110,15.56544288,0.15401177,DFCF/东方财富Choice数据,dfcf_vendor_only_unverified_by_exchange
2020-01-06,5677.60802437,4549.72078011,10227.32880448,50.49921427,0.89742736,54.60625484,1.21479118,105.10546911,1.03836347,DFCF/东方财富Choice数据,dfcf_vendor_only_unverified_by_exchange
2020-01-07,5687.93261762,4583.05921627,10270.99183389,10.32459325,0.18184759,33.33843616,0.73275785,43.66302941,0.42692506,DFCF/东方财富Choice数据,dfcf_vendor_only_unverified_by_exchange
2020-01-08,5707.40658657,4594.28001826,10301.68660483,19.47396895,0.34237341,11.22080199,0.24483214,30.69477094,0.29884914,DFCF/东方财富Choice数据,dfcf_vendor_only_unverified_by_exchange
2020-01-09,5718.19012961,4614.64019174,10332.83032135,10.78354304,0.18893946,20.36017348,0.44316353,31.14371652,0.30231668,DFCF/东方财富Choice数据,dfcf_vendor_only_unverified_by_exchange
2020-01-10,5707.39934602,4613.20615077,10320.60549679,-10.79078359,-0.18870977,-1.43404097,-0.03107590,-12.22482456,-0.11831051,DFCF/东方财富Choice数据,dfcf_vendor_only_unverified_by_exchange
2020-01-13,5730.21434835,4646.49372976,10376.70807811,22.81500233,0.39974428,33.28757899,0.72157146,56.10258132,0.54359777,DFCF/东方财富Choice数据,dfcf_vendor_only_unverified_by_exchange
2020-01-14,5749.45207770,4652.94877392,10402.40085162,19.23772935,0.33572443,6.45504416,0.13892291,25.69277351,0.24760043,DFCF/东方财富Choice数据,dfcf_vendor_only_unverified_by_exchange
2020-01-15,5759.29132790,4671.66892513,10430.96025303,9.83925020,0.17113370,18.72015121,0.40232876,28.55940141,0.27454625,DFCF/东方财富Choice数据,dfcf_vendor_only_unverified_by_exchange
2020-01-16,5765.58354303,4673.69711068,10439.28065371,6.29221513,0.10925329,2.02818555,0.04341458,8.32040068,0.07976639,DFCF/东方财富Choice数据,dfcf_vendor_only_unverified_by_exchange
2020-01-17,5754.91812969,4656.60483299,10411.52296268,-10.66541334,-0.18498411,-17.09227769,-0.36571214,-27.75769103,-0.26589659,DFCF/东方财富Choice数据,dfcf_vendor_only_unverified_by_exchange
2020-01-20,5763.03022728,4687.33216157,10450.36238885,8.11209759,0.14095939,30.72732858,0.65986550,38.83942617,0.37304270,DFCF/东方财富Choice数据,dfcf_vendor_only_unverified_by_exchange
2020-01-21,5763.01105902,4681.37678163,10444.38784065,-0.01916826,-0.00033261,-5.95537994,-0.12705265,-5.97454820,-0.05717073,DFCF/东方财富Choice数据,dfcf_vendor_only_unverified_by_exchange
2020-01-22,5763.30861708,4679.52487538,10442.83349246,0.29755806,0.00516324,-1.85190625,-0.03955901,-1.55434819,-0.01488214,DFCF/东方财富Choice数据,dfcf_vendor_only_unverified_by_exchange
2020-01-23,5683.73798279,4585.62909605,10269.36707884,-79.57063429,-1.38064157,-93.89577933,-2.00652378,-173.46641362,-1.66110485,DFCF/东方财富Choice数据,dfcf_vendor_only_unverified_by_exchange
2020-02-03,5619.75455459,4535.79966199,10155.55421658,-63.98342820,-1.12572797,-49.82943406,-1.08664336,-113.81286226,-1.10827533,DFCF/东方财富Choice数据,dfcf_vendor_only_unverified_by_exchange
2020-02-04,5599.52837462,4541.13085118,10140.65922580,-20.22617997,-0.35991216,5.33118919,0.11753582,-14.89499078,-0.14666842,DFCF/东方财富Choice数据,dfcf_vendor_only_unverified_by_exchange
2020-02-05,5592.32297605,4557.38595644,10149.70893249,-7.20539857,-0.12867867,16.25510526,0.35795280,9.04970669,0.08924180,DFCF/东方财富Choice数据,dfcf_vendor_only_unverified_by_exchange
2020-02-06,5620.22699504,4618.53530526,10238.76230030,27.90401899,0.49897009,61.14934882,1.34176366,89.05336781,0.87739824,DFCF/东方财富Choice数据,dfcf_vendor_only_unverified_by_exchange
2020-02-07,5619.20858486,4654.18494599,10273.39353085,-1.01841018,-0.01812045,35.64964073,0.77188196,34.63123055,0.33823649,DFCF/东方财富Choice数据,dfcf_vendor_only_unverified_by_exchange
2020-02-10,5638.95597858,4686.27200989,10325.22798847,19.74739372,0.35142660,32.08706390,0.68942391,51.83445762,0.50455049,DFCF/东方财富Choice数据,dfcf_vendor_only_unverified_by_exchange
2020-02-11,5624.60299122,4681.63946953,10306.24246075,-14.35298736,-0.25453271,-4.63254036,-0.09885342,-18.98552772,-0.18387514,DFCF/东方财富Choice数据,dfcf_vendor_only_unverified_by_exchange
2020-02-12,5647.05327037,4725.52264437,10372.57591474,22.45027915,0.39914425,43.88317484,0.93734631,66.33345399,0.64362404,DFCF/东方财富Choice数据,dfcf_vendor_only_unverified_by_exchange
2020-02-13,5652.69286069,4744.96041178,10397.65327247,5.63959032,0.09986784,19.43776741,0.41133582,25.07735773,0.24176596,DFCF/东方财富Choice数据,dfcf_vendor_only_unverified_by_exchange
2020-02-14,5648.42574521,4741.07708344,10389.50282865,-4.26711548,-0.07548819,-3.88332834,-0.08184111,-8.15044382,-0.07838734,DFCF/东方财富Choice数据,dfcf_vendor_only_unverified_by_exchange
2020-02-17,5689.27550285,4818.92175459,10508.19725744,40.84975764,0.72320607,77.84467115,1.64191954,118.69442879,1.14244570,DFCF/东方财富Choice数据,dfcf_vendor_only_unverified_by_exchange
2020-02-18,5736.02028083,4884.63233092,10620.65261175,46.74477798,0.82162971,65.71057633,1.36359500,112.45535431,1.07016790,DFCF/东方财富Choice数据,dfcf_vendor_only_unverified_by_exchange
2020-02-19,5740.72376028,4905.31410786,10646.03786814,4.70347945,0.08199900,20.68177694,0.42340499,25.38525639,0.23901786,DFCF/东方财富Choice数据,dfcf_vendor_only_unverified_by_exchange
2020-02-20,5777.70431812,4978.27789601,10755.98221413,36.98055784,0.64417936,72.96378815,1.48744375,109.94434599,1.03272548,DFCF/东方财富Choice数据,dfcf_vendor_only_unverified_by_exchange
2020-02-21,5799.70674213,5028.66856721,10828.37530934,22.00242401,0.38081603,50.39067120,1.01221089,72.39309521,0.67304960,DFCF/东方财富Choice数据,dfcf_vendor_only_unverified_by_exchange
2020-02-24,5864.15776616,5099.51142593,10963.66919209,64.45102403,1.11128074,70.84285872,1.40877964,135.29388275,1.24943843,DFCF/东方财富Choice数据,dfcf_vendor_only_unverified_by_exchange
2020-02-25,5901.15848980,5176.56953744,11077.72802724,37.00072364,0.63096399,77.05811151,1.51108812,114.05883515,1.04033452,DFCF/东方财富Choice数据,dfcf_vendor_only_unverified_by_exchange
2020-02-26,5911.18726025,5198.18162483,11109.36888508,10.02877045,0.16994579,21.61208739,0.41749825,31.64085784,0.28562588,DFCF/东方财富Choice数据,dfcf_vendor_only_unverified_by_exchange
2020-02-27,5899.14863168,5193.58961780,11092.73824948,-12.03862857,-0.20365839,-4.59200703,-0.08833872,-16.63063560,-0.14969919,DFCF/东方财富Choice数据,dfcf_vendor_only_unverified_by_exchange
2020-02-28,5822.09646574,5056.93031962,10879.02678536,-77.05216594,-1.30615739,-136.65929818,-2.63130721,-213.71146412,-1.92658890,DFCF/东方财富Choice数据,dfcf_vendor_only_unverified_by_exchange
2020-03-02,5848.92862349,5113.91678858,10962.84541207,26.83215775,0.46086763,56.98646896,1.12689844,83.81862671,0.77046071,DFCF/东方财富Choice数据,dfcf_vendor_only_unverified_by_exchange
2020-03-03,5877.08596032,5143.31095365,11020.39691397,28.15733683,0.48141016,29.39416507,0.57478771,57.55150190,0.52496865,DFCF/东方财富Choice数据,dfcf_vendor_only_unverified_by_exchange
2020-03-04,5892.23256850,5159.24722274,11051.47979124,15.14660818,0.25772310,15.93626909,0.30984456,31.08287727,0.28204862,DFCF/东方财富Choice数据,dfcf_vendor_only_unverified_by_exchange
2020-03-05,5946.28864283,5204.34179954,11150.63044237,54.05607433,0.91741244,45.09457680,0.87405342,99.15065113,0.89717081,DFCF/东方财富Choice数据,dfcf_vendor_only_unverified_by_exchange
2020-03-06,5904.60217993,5203.57505604,11108.17723597,-41.68646290,-0.70105011,-0.76674350,-0.01473277,-42.45320640,-0.38072472,DFCF/东方财富Choice数据,dfcf_vendor_only_unverified_by_exchange
2020-03-09,5911.81177560,5167.07449205,11078.88626765,7.20959567,0.12210129,-36.50056399,-0.70145167,-29.29096832,-0.26368834,DFCF/东方财富Choice数据,dfcf_vendor_only_unverified_by_exchange
2020-03-10,5913.94308733,5218.69297309,11132.63606042,2.13131173,0.03605175,51.61848104,0.99898852,53.74979277,0.48515520,DFCF/东方财富Choice数据,dfcf_vendor_only_unverified_by_exchange
2020-03-11,5907.56731201,5205.78882586,11113.35613787,-6.37577532,-0.10780921,-12.90414723,-0.24726780,-19.27992255,-0.17318380,DFCF/东方财富Choice数据,dfcf_vendor_only_unverified_by_exchange
2020-03-12,5890.62499522,5188.64427401,11079.26926923,-16.94231679,-0.28679008,-17.14455185,-0.32933629,-34.08686864,-0.30671984,DFCF/东方财富Choice数据,dfcf_vendor_only_unverified_by_exchange
2020-03-13,5858.66095442,5135.89788166,10994.55883608,-31.96404080,-0.54262563,-52.74639235,-1.01657369,-84.71043315,-0.76458502,DFCF/东方财富Choice数据,dfcf_vendor_only_unverified_by_exchange
2020-03-16,5789.48250524,5031.96219177,10821.44469701,-69.17844918,-1.18078943,-103.93568989,-2.02371021,-173.11413907,-1.57454375,DFCF/东方财富Choice数据,dfcf_vendor_only_unverified_by_exchange
2020-03-17,5793.00265730,5044.54718178,10837.54983908,3.52015206,0.06080253,12.58499001,0.25010104,16.10514207,0.14882617,DFCF/东方财富Choice数据,dfcf_vendor_only_unverified_by_exchange
2020-03-18,5754.53741797,4991.59404542,10746.13146339,-38.46523933,-0.66399485,-52.95313636,-1.04971040,-91.41837569,-0.84353361,DFCF/东方财富Choice数据,dfcf_vendor_only_unverified_by_exchange
2020-03-19,5767.95028671,5021.24537713,10789.19566384,13.41286874,0.23308335,29.65133171,0.59402530,43.06420045,0.40074143,DFCF/东方财富Choice数据,dfcf_vendor_only_unverified_by_exchange
2020-03-20,5734.55088179,4996.49197859,10731.04286038,-33.39940492,-0.57905154,-24.75339854,-0.49297329,-58.15280346,-0.53899109,DFCF/东方财富Choice数据,dfcf_vendor_only_unverified_by_exchange
2020-03-23,5696.97127931,4935.30178433,10632.27306364,-37.57960248,-0.65531902,-61.19019426,-1.22466311,-98.76979674,-0.92041191,DFCF/东方财富Choice数据,dfcf_vendor_only_unverified_by_exchange
2020-03-24,5685.32351819,4937.67735485,10623.00087304,-11.64776112,-0.20445532,2.37557052,0.04813425,-9.27219060,-0.08720798,DFCF/东方财富Choice数据,dfcf_vendor_only_unverified_by_exchange
2020-03-25,5692.39231247,4944.46164320,10636.85395567,7.06879428,0.12433407,6.78428835,0.13739837,13.85308263,0.13040649,DFCF/东方财富Choice数据,dfcf_vendor_only_unverified_by_exchange
2020-03-26,5677.75129391,4917.25407412,10595.00536803,-14.64101856,-0.25720326,-27.20756908,-0.55026353,-41.84858764,-0.39343012,DFCF/东方财富Choice数据,dfcf_vendor_only_unverified_by_exchange
2020-03-27,5654.77732570,4882.62702166,10537.40434736,-22.97396821,-0.40463146,-34.62705246,-0.70419490,-57.60102067,-0.54366202,DFCF/东方财富Choice数据,dfcf_vendor_only_unverified_by_exchange
2020-03-30,5640.31495104,4860.53632524,10500.85127628,-14.46237466,-0.25575498,-22.09069642,-0.45243465,-36.55307108,-0.34688876,DFCF/东方财富Choice数据,dfcf_vendor_only_unverified_by_exchange
2020-03-31,5627.13019950,4847.31326081,10474.44346031,-13.18475154,-0.23375914,-13.22306443,-0.27204949,-26.40781597,-0.25148262,DFCF/东方财富Choice数据,dfcf_vendor_only_unverified_by_exchange
2020-04-01,5593.05882671,4836.89592766,10429.95475437,-34.07137279,-0.60548400,-10.41733315,-0.21490943,-44.48870594,-0.42473575,DFCF/东方财富Choice数据,dfcf_vendor_only_unverified_by_exchange
2020-04-02,5585.26402294,4858.07275024,10443.33677318,-7.79480377,-0.13936567,21.17682258,0.43781845,13.38201881,0.12830371,DFCF/东方财富Choice数据,dfcf_vendor_only_unverified_by_exchange
2020-04-03,5546.42771517,4828.45549547,10374.88321064,-38.83630777,-0.69533522,-29.61725477,-0.60965029,-68.45356254,-0.65547597,DFCF/东方财富Choice数据,dfcf_vendor_only_unverified_by_exchange
2020-04-07,5560.05279122,4869.65856254,10429.71135376,13.62507605,0.24565498,41.20306707,0.85333845,54.82814312,0.52846998,DFCF/东方财富Choice数据,dfcf_vendor_only_unverified_by_exchange
2020-04-08,5550.44653995,4875.96365070,10426.41019065,-9.60625127,-0.17277266,6.30508816,0.12947701,-3.30116311,-0.03165153,DFCF/东方财富Choice数据,dfcf_vendor_only_unverified_by_exchange
2020-04-09,5551.31422688,4893.41197175,10444.72619863,0.86768693,0.01563274,17.44832105,0.35784354,18.31600798,0.17566936,DFCF/东方财富Choice数据,dfcf_vendor_only_unverified_by_exchange
2020-04-10,5521.22826513,4857.84700457,10379.07526970,-30.08596175,-0.54196107,-35.56496718,-0.72679283,-65.65092893,-0.62855577,DFCF/东方财富Choice数据,dfcf_vendor_only_unverified_by_exchange
2020-04-13,5514.02967203,4860.14529600,10374.17496803,-7.19859310,-0.13038028,2.29829143,0.04731091,-4.90030167,-0.04721328,DFCF/东方财富Choice数据,dfcf_vendor_only_unverified_by_exchange
2020-04-14,5514.53038319,4863.26194621,10377.79232940,0.50071116,0.00908068,3.11665021,0.06412669,3.61736137,0.03486891,DFCF/东方财富Choice数据,dfcf_vendor_only_unverified_by_exchange
2020-04-15,5514.00055359,4864.54643662,10378.54699021,-0.52982960,-0.00960788,1.28449041,0.02641212,0.75466081,0.00727188,DFCF/东方财富Choice数据,dfcf_vendor_only_unverified_by_exchange
2020-04-16,5527.24896743,4872.60215594,10399.85112337,13.24841384,0.24026863,8.05571932,0.16560063,21.30413316,0.20527086,DFCF/东方财富Choice数据,dfcf_vendor_only_unverified_by_exchange
2020-04-17,5511.48283066,4865.55441093,10377.03724159,-15.76613677,-0.28524383,-7.04774501,-0.14464027,-22.81388178,-0.21936739,DFCF/东方财富Choice数据,dfcf_vendor_only_unverified_by_exchange
2020-04-20,5520.92865833,4893.70494211,10414.63360044,9.44582767,0.17138451,28.15053118,0.57856780,37.59635885,0.36230340,DFCF/东方财富Choice数据,dfcf_vendor_only_unverified_by_exchange
2020-04-21,5520.24405126,4904.63061808,10424.87466934,-0.68460707,-0.01240022,10.92567597,0.22325980,10.24106890,0.09833345,DFCF/东方财富Choice数据,dfcf_vendor_only_unverified_by_exchange
2020-04-22,5529.74194763,4925.25158643,10454.99353406,9.49789637,0.17205573,20.62096835,0.42043876,30.11886472,0.28891345,DFCF/东方财富Choice数据,dfcf_vendor_only_unverified_by_exchange
2020-04-23,5529.95180646,4923.61574758,10453.56755404,0.20985883,0.00379509,-1.63583885,-0.03321331,-1.42598002,-0.01363922,DFCF/东方财富Choice数据,dfcf_vendor_only_unverified_by_exchange
2020-04-24,5500.33499023,4888.02471958,10388.35970981,-29.61681623,-0.53557096,-35.59102800,-0.72286364,-65.20784423,-0.62378555,DFCF/东方财富Choice数据,dfcf_vendor_only_unverified_by_exchange
2020-04-27,5491.90163750,4877.22592361,10369.12756111,-8.43335273,-0.15332435,-10.79879597,-0.22092351,-19.23214870,-0.18513172,DFCF/东方财富Choice数据,dfcf_vendor_only_unverified_by_exchange
2020-04-28,5467.19357234,4859.24833967,10326.44191201,-24.70806516,-0.44989999,-17.97758394,-0.36860265,-42.68564910,-0.41166095,DFCF/东方财富Choice数据,dfcf_vendor_only_unverified_by_exchange
2020-04-29,5436.84772162,4848.57810876,10285.42583038,-30.34585072,-0.55505353,-10.67023091,-0.21958604,-41.01608163,-0.39719472,DFCF/东方财富Choice数据,dfcf_vendor_only_unverified_by_exchange
2020-04-30,5400.87048500,4815.40744235,10216.27792735,-35.97723662,-0.66172971,-33.17066641,-0.68413184,-69.14790303,-0.67229013,DFCF/东方财富Choice数据,dfcf_vendor_only_unverified_by_exchange
2020-05-06,5464.27698550,4870.79301937,10335.07000487,63.40650050,1.17400520,55.38557702,1.15017426,118.79207752,1.16277257,DFCF/东方财富Choice数据,dfcf_vendor_only_unverified_by_exchange
2020-05-07,5489.83059716,4904.74771739,10394.57831455,25.55361166,0.46764854,33.95469802,0.69710821,59.50830968,0.57579010,DFCF/东方财富Choice数据,dfcf_vendor_only_unverified_by_exchange
2020-05-08,5500.55155563,4908.99643352,10409.54798915,10.72095847,0.19528760,4.24871613,0.08662456,14.96967460,0.14401426,DFCF/东方财富Choice数据,dfcf_vendor_only_unverified_by_exchange
2020-05-11,5531.37209402,4939.83394094,10471.20603496,30.82053839,0.56031724,30.83750742,0.62818354,61.65804581,0.59232203,DFCF/东方财富Choice数据,dfcf_vendor_only_unverified_by_exchange
2020-05-12,5544.21178255,4956.45801847,10500.66980102,12.83968853,0.23212484,16.62407753,0.33653110,29.46376606,0.28137892,DFCF/东方财富Choice数据,dfcf_vendor_only_unverified_by_exchange
2020-05-13,5548.29513206,4983.20149184,10531.49662390,4.08334951,0.07365068,26.74347337,0.53956824,30.82682288,0.29357006,DFCF/东方财富Choice数据,dfcf_vendor_only_unverified_by_exchange
2020-05-14,5556.69875057,4992.04013772,10548.73888829,8.40361851,0.15146308,8.83864588,0.17736882,17.24226439,0.16372093,DFCF/东方财富Choice数据,dfcf_vendor_only_unverified_by_exchange
2020-05-15,5550.66959688,4992.45047244,10543.12006932,-6.02915369,-0.10850244,0.41033472,0.00821978,-5.61881897,-0.05326531,DFCF/东方财富Choice数据,dfcf_vendor_only_unverified_by_exchange
2020-05-18,5565.68601275,4987.31569414,10553.00170689,15.01641587,0.27053341,-5.13477830,-0.10285086,9.88163757,0.09372593,DFCF/东方财富Choice数据,dfcf_vendor_only_unverified_by_exchange
2020-05-19,5585.16802310,5003.83075950,10588.99878260,19.48201035,0.35003790,16.51506536,0.33114137,35.99707571,0.34110746,DFCF/东方财富Choice数据,dfcf_vendor_only_unverified_by_exchange
2020-05-20,5580.71029282,5007.86117246,10588.57146528,-4.45773028,-0.07981372,4.03041296,0.08054655,-0.42731732,-0.00403548,DFCF/东方财富Choice数据,dfcf_vendor_only_unverified_by_exchange
2020-05-21,5576.11667024,5006.00623772,10582.12290796,-4.59362258,-0.08231251,-1.85493474,-0.03704046,-6.44855732,-0.06090111,DFCF/东方财富Choice数据,dfcf_vendor_only_unverified_by_exchange
2020-05-22,5563.39825469,4969.45531530,10532.85356999,-12.71841555,-0.22808733,-36.55092242,-0.73014137,-49.26933797,-0.46559030,DFCF/东方财富Choice数据,dfcf_vendor_only_unverified_by_exchange
2020-05-25,5564.76814207,4970.29445261,10535.06259468,1.36988738,0.02462321,0.83913731,0.01688590,2.20902469,0.02097271,DFCF/东方财富Choice数据,dfcf_vendor_only_unverified_by_exchange
2020-05-26,5574.99732122,4984.52065685,10559.51797807,10.22917915,0.18382040,14.22620424,0.28622458,24.45538339,0.23213325,DFCF/东方财富Choice数据,dfcf_vendor_only_unverified_by_exchange
2020-05-27,5575.52127210,4979.35837869,10554.87965079,0.52395088,0.00939823,-5.16227816,-0.10356619,-4.63832728,-0.04392556,DFCF/东方财富Choice数据,dfcf_vendor_only_unverified_by_exchange
2020-05-28,5566.79561665,4979.69304295,10546.48865960,-8.72565545,-0.15649937,0.33466426,0.00672103,-8.39099119,-0.07949869,DFCF/东方财富Choice数据,dfcf_vendor_only_unverified_by_exchange
2020-05-29,5550.18097562,4968.94771442,10519.12869004,-16.61464103,-0.29845969,-10.74532853,-0.21578295,-27.35996956,-0.25942255,DFCF/东方财富Choice数据,dfcf_vendor_only_unverified_by_exchange
2020-06-01,5595.77690993,5024.33278675,10620.10969668,45.59593431,0.82152158,55.38507233,1.11462377,100.98100664,0.95997501,DFCF/东方财富Choice数据,dfcf_vendor_only_unverified_by_exchange
2020-06-02,5600.49208115,5060.94244983,10661.43453098,4.71517122,0.08426303,36.60966308,0.72864726,41.32483430,0.38911871,DFCF/东方财富Choice数据,dfcf_vendor_only_unverified_by_exchange
2020-06-03,5603.53938047,5085.54825273,10689.08763320,3.04729932,0.05441128,24.60580290,0.48619013,27.65310222,0.25937506,DFCF/东方财富Choice数据,dfcf_vendor_only_unverified_by_exchange
2020-06-04,5621.54767159,5086.89247326,10708.44014485,18.00829112,0.32137351,1.34422053,0.02643217,19.35251165,0.18104924,DFCF/东方财富Choice数据,dfcf_vendor_only_unverified_by_exchange
2020-06-05,5626.93813584,5071.27778925,10698.21592509,5.39046425,0.09588933,-15.61468401,-0.30695919,-10.22421976,-0.09547814,DFCF/东方财富Choice数据,dfcf_vendor_only_unverified_by_exchange
2020-06-08,5646.23246283,5097.12072766,10743.35319049,19.29432699,0.34289211,25.84293841,0.50959422,45.13726540,0.42191395,DFCF/东方财富Choice数据,dfcf_vendor_only_unverified_by_exchange
2020-06-09,5653.24951356,5107.23661638,10760.48612994,7.01705073,0.12427846,10.11588872,0.19846280,17.13293945,0.15947479,DFCF/东方财富Choice数据,dfcf_vendor_only_unverified_by_exchange
2020-06-10,5661.39309135,5119.51472719,10780.90781854,8.14357779,0.14405127,12.27811081,0.24040615,20.42168860,0.18978407,DFCF/东方财富Choice数据,dfcf_vendor_only_unverified_by_exchange
2020-06-11,5676.97168308,5132.92991878,10809.90160186,15.57859173,0.27517241,13.41519159,0.26204030,28.99378332,0.26893638,DFCF/东方财富Choice数据,dfcf_vendor_only_unverified_by_exchange
2020-06-12,5677.84675205,5129.72867352,10807.57542557,0.87506897,0.01541436,-3.20124526,-0.06236682,-2.32617629,-0.02151894,DFCF/东方财富Choice数据,dfcf_vendor_only_unverified_by_exchange
2020-06-15,5692.18261248,5158.38671509,10850.56932757,14.33586043,0.25248763,28.65804157,0.55866584,42.99390200,0.39781265,DFCF/东方财富Choice数据,dfcf_vendor_only_unverified_by_exchange
2020-06-16,5717.08480538,5204.99482100,10922.07962638,24.90219290,0.43748057,46.60810591,0.90354036,71.51029881,0.65904651,DFCF/东方财富Choice数据,dfcf_vendor_only_unverified_by_exchange
2020-06-17,5726.29011059,5231.33118792,10957.62129851,9.20530521,0.16101397,26.33636692,0.50598258,35.54167213,0.32541122,DFCF/东方财富Choice数据,dfcf_vendor_only_unverified_by_exchange
2020-06-18,5747.02654882,5260.23373065,11007.26027947,20.73643823,0.36212692,28.90254273,0.55248926,49.63898096,0.45300873,DFCF/东方财富Choice数据,dfcf_vendor_only_unverified_by_exchange
2020-06-19,5745.84041996,5261.17482984,11007.01524980,-1.18612886,-0.02063900,0.94109919,0.01789082,-0.24502967,-0.00222607,DFCF/东方财富Choice数据,dfcf_vendor_only_unverified_by_exchange
2020-06-22,5799.97002944,5314.54808684,11114.51811628,54.12960948,0.94206601,53.37325700,1.01447412,107.50286648,0.97667591,DFCF/东方财富Choice数据,dfcf_vendor_only_unverified_by_exchange
2020-06-23,5823.62137952,5332.29003786,11155.91141738,23.65135008,0.40778401,17.74195102,0.33383744,41.39330110,0.37242551,DFCF/东方财富Choice数据,dfcf_vendor_only_unverified_by_exchange
2020-06-24,5789.86495858,5315.35032601,11105.21528459,-33.75642094,-0.57964656,-16.93971185,-0.31768174,-50.69613279,-0.45443291,DFCF/东方财富Choice数据,dfcf_vendor_only_unverified_by_exchange
2020-06-29,5831.49719849,5360.59356129,11192.09075978,41.63223991,0.71905373,45.24323528,0.85118068,86.87547519,0.78229438,DFCF/东方财富Choice数据,dfcf_vendor_only_unverified_by_exchange
2020-06-30,5885.41166170,5428.33003150,11313.74169320,53.91446321,0.92453895,67.73647021,1.26360019,121.65093342,1.08693662,DFCF/东方财富Choice数据,dfcf_vendor_only_unverified_by_exchange
2020-07-01,5934.99380417,5486.61831099,11421.61211516,49.58214247,0.84245836,58.28827949,1.07377921,107.87042196,0.95344604,DFCF/东方财富Choice数据,dfcf_vendor_only_unverified_by_exchange
2020-07-02,5993.89899784,5556.21038406,11550.10938190,58.90519367,0.99250641,69.59207307,1.26839647,128.49726674,1.12503616,DFCF/东方财富Choice数据,dfcf_vendor_only_unverified_by_exchange
2020-07-03,6061.87612076,5605.77408273,11667.65020349,67.97712292,1.13410525,49.56369867,0.89204143,117.54082159,1.01765981,DFCF/东方财富Choice数据,dfcf_vendor_only_unverified_by_exchange
2020-07-06,6275.56881275,5760.33236515,12035.90117790,213.69269199,3.52519068,154.55828242,2.75712649,368.25097441,3.15617085,DFCF/东方财富Choice数据,dfcf_vendor_only_unverified_by_exchange
2020-07-07,6404.90679043,5895.02546680,12299.93225723,129.33797768,2.06097617,134.69310165,2.33828698,264.03107933,2.19369597,DFCF/东方财富Choice数据,dfcf_vendor_only_unverified_by_exchange
2020-07-08,6577.55813850,6029.42715092,12606.98528942,172.65134807,2.69561063,134.40168412,2.27991694,307.05303219,2.49637986,DFCF/东方财富Choice数据,dfcf_vendor_only_unverified_by_exchange
2020-07-09,6698.14955947,6148.60931788,12846.75887735,120.59142097,1.83337674,119.18216696,1.97667480,239.77358793,1.90191059,DFCF/东方财富Choice数据,dfcf_vendor_only_unverified_by_exchange
2020-07-10,6787.35135575,6226.47059040,13013.82194615,89.20179628,1.33173790,77.86127252,1.26632330,167.06306880,1.30042971,DFCF/东方财富Choice数据,dfcf_vendor_only_unverified_by_exchange
2020-07-13,6939.69954893,6379.46656633,13319.16611526,152.34819318,2.24458976,152.99597593,2.45718620,305.34416911,2.34630665,DFCF/东方财富Choice数据,dfcf_vendor_only_unverified_by_exchange
2020-07-14,7003.04768072,6447.12749316,13450.17517388,63.34813179,0.91283681,67.66092683,1.06060477,131.00905862,0.98361307,DFCF/东方财富Choice数据,dfcf_vendor_only_unverified_by_exchange
2020-07-15,7030.88755528,6434.03252536,13464.92008064,27.83987456,0.39753941,-13.09496780,-0.20311321,14.74490676,0.10962613,DFCF/东方财富Choice数据,dfcf_vendor_only_unverified_by_exchange
2020-07-16,7015.64857416,6403.74907827,13419.39765243,-15.23898112,-0.21674335,-30.28344709,-0.47067600,-45.52242821,-0.33808168,DFCF/东方财富Choice数据,dfcf_vendor_only_unverified_by_exchange
2020-07-17,6968.44708851,6379.94464363,13348.39173214,-47.20148565,-0.67280288,-23.80443464,-0.37172654,-71.00592029,-0.52912897,DFCF/东方财富Choice数据,dfcf_vendor_only_unverified_by_exchange
2020-07-20,7010.56904736,6435.12781679,13445.69686415,42.12195885,0.60446694,55.18317316,0.86494752,97.30513201,0.72896521,DFCF/东方财富Choice数据,dfcf_vendor_only_unverified_by_exchange
2020-07-21,7014.17603825,6435.11611820,13449.29215645,3.60699089,0.05145076,-0.01169859,-0.00018179,3.59529230,0.02673935,DFCF/东方财富Choice数据,dfcf_vendor_only_unverified_by_exchange
2020-07-22,7040.25960797,6463.70158065,13503.96118862,26.08356972,0.37186933,28.58546245,0.44421052,54.66903217,0.40648260,DFCF/东方财富Choice数据,dfcf_vendor_only_unverified_by_exchange
2020-07-23,7080.63785728,6500.39205257,13581.02990985,40.37824931,0.57353353,36.69047192,0.56763870,77.06872123,0.57071196,DFCF/东方财富Choice数据,dfcf_vendor_only_unverified_by_exchange
2020-07-24,7007.15314451,6404.62332153,13411.77646604,-73.48471277,-1.03782617,-95.76873104,-1.47327623,-169.25344381,-1.24624896,DFCF/东方财富Choice数据,dfcf_vendor_only_unverified_by_exchange
2020-07-27,7032.59741449,6417.31534189,13449.91275638,25.44426998,0.36311851,12.69202036,0.19816966,38.13629034,0.28434928,DFCF/东方财富Choice数据,dfcf_vendor_only_unverified_by_exchange
2020-07-28,7038.51065382,6420.59645946,13459.10711328,5.91323933,0.08408329,3.28111757,0.05112913,9.19435690,0.06835997,DFCF/东方财富Choice数据,dfcf_vendor_only_unverified_by_exchange
2020-07-29,7095.81445856,6487.84931244,13583.66377100,57.30380474,0.81414674,67.25285298,1.04745491,124.55665772,0.92544518,DFCF/东方财富Choice数据,dfcf_vendor_only_unverified_by_exchange
2020-07-30,7125.90778640,6527.20275862,13653.11054502,30.09332784,0.42409970,39.35344618,0.60657152,69.44677402,0.51125216,DFCF/东方财富Choice数据,dfcf_vendor_only_unverified_by_exchange
2020-07-31,7151.21775818,6568.89297429,13720.11073247,25.30997178,0.35518242,41.69021567,0.63871489,67.00018745,0.49073204,DFCF/东方财富Choice数据,dfcf_vendor_only_unverified_by_exchange
2020-08-03,7251.37948042,6689.74796262,13941.12744304,100.16172224,1.40062470,120.85498833,1.83980754,221.01671057,1.61089597,DFCF/东方财富Choice数据,dfcf_vendor_only_unverified_by_exchange
2020-08-04,7256.83475209,6722.71196893,13979.54672102,5.45527167,0.07523081,32.96400631,0.49275408,38.41927798,0.27558229,DFCF/东方财富Choice数据,dfcf_vendor_only_unverified_by_exchange
2020-08-05,7326.90221755,6760.65148980,14087.55370735,70.06746546,0.96553756,37.93952087,0.56434845,108.00698633,0.77260721,DFCF/东方财富Choice数据,dfcf_vendor_only_unverified_by_exchange
2020-08-06,7346.08599055,6780.57641392,14126.66240447,19.18377300,0.26182652,19.92492412,0.29471899,39.10869712,0.27761170,DFCF/东方财富Choice数据,dfcf_vendor_only_unverified_by_exchange
2020-08-07,7294.97666990,6741.24936134,14036.22603124,-51.10932065,-0.69573540,-39.32705258,-0.57999571,-90.43637323,-0.64018217,DFCF/东方财富Choice数据,dfcf_vendor_only_unverified_by_exchange
2020-08-10,7326.24432487,6757.41994018,14083.66426505,31.26765497,0.42861899,16.17057884,0.23987510,47.43823381,0.33797000,DFCF/东方财富Choice数据,dfcf_vendor_only_unverified_by_exchange
2020-08-11,7296.71717222,6731.92012136,14028.63729358,-29.52715265,-0.40303260,-25.49981882,-0.37736028,-55.02697147,-0.39071488,DFCF/东方财富Choice数据,dfcf_vendor_only_unverified_by_exchange
2020-08-12,7265.84281714,6725.05816033,13990.90097747,-30.87435508,-0.42312665,-6.86196103,-0.10193171,-37.73631611,-0.26899488,DFCF/东方财富Choice数据,dfcf_vendor_only_unverified_by_exchange
2020-08-13,7265.45298137,6740.50997434,14005.96295571,-0.38983577,-0.00536532,15.45181401,0.22976476,15.06197824,0.10765553,DFCF/东方财富Choice数据,dfcf_vendor_only_unverified_by_exchange
2020-08-14,7230.80350545,6706.76882404,13937.57232949,-34.64947592,-0.47690730,-33.74115030,-0.50057266,-68.39062622,-0.48829650,DFCF/东方财富Choice数据,dfcf_vendor_only_unverified_by_exchange
2020-08-17,7320.81513102,6779.45205026,14100.26718128,90.01162557,1.24483573,72.68322622,1.08372941,162.69485179,1.16731126,DFCF/东方财富Choice数据,dfcf_vendor_only_unverified_by_exchange
2020-08-18,7371.39287741,6801.16693732,14172.55981473,50.57774639,0.69087589,21.71488706,0.32030446,72.29263345,0.51270400,DFCF/东方财富Choice数据,dfcf_vendor_only_unverified_by_exchange
2020-08-19,7381.02277544,6789.89984692,14170.92262236,9.62989803,0.13063878,-11.26709040,-0.16566408,-1.63719237,-0.01155185,DFCF/东方财富Choice数据,dfcf_vendor_only_unverified_by_exchange
2020-08-20,7368.08467432,6788.62660833,14156.71128265,-12.93810112,-0.17528873,-1.27323859,-0.01875195,-14.21133971,-0.10028521,DFCF/东方财富Choice数据,dfcf_vendor_only_unverified_by_exchange
2020-08-21,7352.21001471,6786.73981817,14138.94983288,-15.87465961,-0.21545164,-1.88679016,-0.02779340,-17.76144977,-0.12546311,DFCF/东方财富Choice数据,dfcf_vendor_only_unverified_by_exchange
2020-08-24,7362.31596569,6839.01753867,14201.33350436,10.10595098,0.13745460,52.27772050,0.77029210,62.38367148,0.44121856,DFCF/东方财富Choice数据,dfcf_vendor_only_unverified_by_exchange
2020-08-25,7346.10783208,6843.88647596,14189.99430804,-16.20813361,-0.22014993,4.86893729,0.07119352,-11.33919632,-0.07984600,DFCF/东方财富Choice数据,dfcf_vendor_only_unverified_by_exchange
2020-08-26,7315.26000698,6811.37716945,14126.63717643,-30.84782510,-0.41992067,-32.50930651,-0.47501236,-63.35713161,-0.44649159,DFCF/东方财富Choice数据,dfcf_vendor_only_unverified_by_exchange
2020-08-27,7315.88258795,6830.07804871,14145.96063666,0.62258097,0.00851072,18.70087926,0.27455357,19.32346023,0.13678740,DFCF/东方财富Choice数据,dfcf_vendor_only_unverified_by_exchange
2020-08-28,7327.83678329,6830.39482606,14158.23160935,11.95419534,0.16340059,0.31677735,0.00463798,12.27097269,0.08674542,DFCF/东方财富Choice数据,dfcf_vendor_only_unverified_by_exchange
2020-08-31,7374.96841386,6881.34069128,14256.30910514,47.13163057,0.64318614,50.94586522,0.74586999,98.07749579,0.69272419,DFCF/东方财富Choice数据,dfcf_vendor_only_unverified_by_exchange
2020-09-01,7385.62557286,6897.56117253,14283.18674539,10.65715900,0.14450447,16.22048125,0.23571688,26.87764025,0.18853155,DFCF/东方财富Choice数据,dfcf_vendor_only_unverified_by_exchange
2020-09-02,7413.83469957,6949.26851237,14363.10321194,28.20912671,0.38194634,51.70733984,0.74964670,79.91646655,0.55951426,DFCF/东方财富Choice数据,dfcf_vendor_only_unverified_by_exchange
2020-09-03,7406.58070283,6954.97726725,14361.55797008,-7.25399674,-0.09784406,5.70875488,0.08214900,-1.54524186,-0.01075841,DFCF/东方财富Choice数据,dfcf_vendor_only_unverified_by_exchange
2020-09-04,7388.86120757,6944.14118970,14333.00239727,-17.71949526,-0.23923989,-10.83607755,-0.15580321,-28.55557281,-0.19883339,DFCF/东方财富Choice数据,dfcf_vendor_only_unverified_by_exchange
2020-09-07,7372.69953161,6941.50550323,14314.20503484,-16.16167596,-0.21873027,-2.63568647,-0.03795554,-18.79736243,-0.13114742,DFCF/东方财富Choice数据,dfcf_vendor_only_unverified_by_exchange
2020-09-08,7360.96993567,6935.54923949,14296.51917516,-11.72959594,-0.15909499,-5.95626374,-0.08580651,-17.68585968,-0.12355461,DFCF/东方财富Choice数据,dfcf_vendor_only_unverified_by_exchange
2020-09-09,7336.91061340,6917.46965787,14254.38027127,-24.05932227,-0.32684989,-18.07958162,-0.26067988,-42.13890389,-0.29474940,DFCF/东方财富Choice数据,dfcf_vendor_only_unverified_by_exchange
2020-09-10,7291.23226445,6853.32802653,14144.56029098,-45.67834895,-0.62258287,-64.14163134,-0.92724124,-109.81998029,-0.77042971,DFCF/东方财富Choice数据,dfcf_vendor_only_unverified_by_exchange
2020-09-11,7281.11760910,6832.00397189,14113.12158099,-10.11465535,-0.13872354,-21.32405464,-0.31114890,-31.43870999,-0.22226714,DFCF/东方财富Choice数据,dfcf_vendor_only_unverified_by_exchange
2020-09-14,7290.61180106,6841.46842788,14132.08022894,9.49419196,0.13039471,9.46445599,0.13853118,18.95864795,0.13433348,DFCF/东方财富Choice数据,dfcf_vendor_only_unverified_by_exchange
2020-09-15,7291.17519444,6849.68907070,14140.86426514,0.56339338,0.00772766,8.22064282,0.12015904,8.78403620,0.06215671,DFCF/东方财富Choice数据,dfcf_vendor_only_unverified_by_exchange
2020-09-16,7284.39717981,6848.28575441,14132.68293422,-6.77801463,-0.09296190,-1.40331629,-0.02048730,-8.18133092,-0.05785595,DFCF/东方财富Choice数据,dfcf_vendor_only_unverified_by_exchange
2020-09-17,7300.29382106,6855.30004918,14155.59387024,15.89664125,0.21822864,7.01429477,0.10242410,22.91093602,0.16211314,DFCF/东方财富Choice数据,dfcf_vendor_only_unverified_by_exchange
2020-09-18,7312.66023818,6855.14370490,14167.80394308,12.36641712,0.16939616,-0.15634428,-0.00228063,12.21007284,0.08625617,DFCF/东方财富Choice数据,dfcf_vendor_only_unverified_by_exchange
2020-09-21,7307.26552552,6872.89513103,14180.16065655,-5.39471266,-0.07377223,17.75142613,0.25895046,12.35671347,0.08721686,DFCF/东方财富Choice数据,dfcf_vendor_only_unverified_by_exchange
2020-09-22,7312.47489707,6862.46868950,14174.94358657,5.20937155,0.07129030,-10.42644153,-0.15170378,-5.21706998,-0.03679133,DFCF/东方财富Choice数据,dfcf_vendor_only_unverified_by_exchange
2020-09-23,7323.05245167,6876.46538248,14199.51783415,10.57755460,0.14465082,13.99669298,0.20396003,24.57424758,0.17336399,DFCF/东方财富Choice数据,dfcf_vendor_only_unverified_by_exchange
2020-09-24,7328.58922643,6858.03465309,14186.62387952,5.53677476,0.07560747,-18.43072939,-0.26802621,-12.89395463,-0.09080558,DFCF/东方财富Choice数据,dfcf_vendor_only_unverified_by_exchange
2020-09-25,7308.01783480,6833.98924091,14142.00707571,-20.57139163,-0.28070057,-24.04541218,-0.35061666,-44.61680381,-0.31449910,DFCF/东方财富Choice数据,dfcf_vendor_only_unverified_by_exchange
2020-09-28,7283.25003590,6807.81334136,14091.06337726,-24.76779890,-0.33891268,-26.17589955,-0.38302518,-50.94369845,-0.36022962,DFCF/东方财富Choice数据,dfcf_vendor_only_unverified_by_exchange
2020-09-29,7269.28420180,6784.02913347,14053.31333527,-13.96583410,-0.19175278,-23.78420789,-0.34936633,-37.75004199,-0.26790059,DFCF/东方财富Choice数据,dfcf_vendor_only_unverified_by_exchange
2020-09-30,7187.73947637,6699.72711261,13887.46658898,-81.54472543,-1.12177105,-84.30202086,-1.24265417,-165.84674629,-1.18012559,DFCF/东方财富Choice数据,dfcf_vendor_only_unverified_by_exchange
2020-10-09,7226.23954673,6768.59712164,13994.83666837,38.50007036,0.53563531,68.87000903,1.02795245,107.37007939,0.77314375,DFCF/东方财富Choice数据,dfcf_vendor_only_unverified_by_exchange
2020-10-12,7264.18414800,6849.56746643,14113.75161443,37.94460127,0.52509471,80.97034479,1.19626480,118.91494606,0.84970585,DFCF/东方财富Choice数据,dfcf_vendor_only_unverified_by_exchange
2020-10-13,7294.74250695,6905.96200678,14200.70451373,30.55835895,0.42067159,56.39454035,0.82332995,86.95289930,0.61608637,DFCF/东方财富Choice数据,dfcf_vendor_only_unverified_by_exchange
2020-10-14,7319.54188699,6948.70454055,14268.24642754,24.79938004,0.33996238,42.74253377,0.61892223,67.54191381,0.47562368,DFCF/东方财富Choice数据,dfcf_vendor_only_unverified_by_exchange
2020-10-15,7314.54593803,6964.74179773,14279.28773576,-4.99594896,-0.06825494,16.03725718,0.23079492,11.04130822,0.07738378,DFCF/东方财富Choice数据,dfcf_vendor_only_unverified_by_exchange
2020-10-16,7301.57187663,6936.89802135,14238.46989798,-12.97406140,-0.17737344,-27.84377638,-0.39978189,-40.81783778,-0.28585346,DFCF/东方财富Choice数据,dfcf_vendor_only_unverified_by_exchange
2020-10-19,7317.51610228,6939.51721665,14257.03331893,15.94422565,0.21836703,2.61919530,0.03775744,18.56342095,0.13037511,DFCF/东方财富Choice数据,dfcf_vendor_only_unverified_by_exchange
2020-10-20,7321.94798565,6962.14064289,14284.08862854,4.43188337,0.06056541,22.62342624,0.32600865,27.05530961,0.18976816,DFCF/东方财富Choice数据,dfcf_vendor_only_unverified_by_exchange
2020-10-21,7325.58183793,6949.46694388,14275.04878181,3.63385228,0.04962958,-12.67369901,-0.18203739,-9.03984673,-0.06328613,DFCF/东方财富Choice数据,dfcf_vendor_only_unverified_by_exchange
2020-10-22,7332.09692892,6960.54899713,14292.64592605,6.51509099,0.08893616,11.08205325,0.15946623,17.59714424,0.12327204,DFCF/东方财富Choice数据,dfcf_vendor_only_unverified_by_exchange
2020-10-23,7288.85246959,6907.01610861,14195.86857820,-43.24445933,-0.58979661,-53.53288852,-0.76909003,-96.77734785,-0.67711289,DFCF/东方财富Choice数据,dfcf_vendor_only_unverified_by_exchange
2020-10-26,7280.64512071,6890.43472133,14171.07984204,-8.20734888,-0.11260139,-16.58138728,-0.24006586,-24.78873616,-0.17461937,DFCF/东方财富Choice数据,dfcf_vendor_only_unverified_by_exchange
2020-10-27,7284.01575575,6888.09152882,14172.10728457,3.37063504,0.04629583,-2.34319251,-0.03400645,1.02744253,0.00725028,DFCF/东方财富Choice数据,dfcf_vendor_only_unverified_by_exchange
2020-10-28,7292.33081780,6907.10827462,14199.43909242,8.31506205,0.11415492,19.01674580,0.27608149,27.33180785,0.19285634,DFCF/东方财富Choice数据,dfcf_vendor_only_unverified_by_exchange
2020-10-29,7302.05468600,6922.45847496,14224.51316096,9.72386820,0.13334376,15.35020034,0.22223773,25.07406854,0.17658492,DFCF/东方财富Choice数据,dfcf_vendor_only_unverified_by_exchange
2020-10-30,7265.79583483,6882.96695403,14148.76278886,-36.25885117,-0.49655683,-39.49152093,-0.57048404,-75.75037210,-0.53253402,DFCF/东方财富Choice数据,dfcf_vendor_only_unverified_by_exchange
2020-11-02,7267.61818581,6895.95647096,14163.57465677,1.82235098,0.02508123,12.98951693,0.18871973,14.81186791,0.10468667,DFCF/东方财富Choice数据,dfcf_vendor_only_unverified_by_exchange
2020-11-03,7282.62128568,6911.26873940,14193.89002508,15.00309987,0.20643765,15.31226844,0.22204706,30.31536831,0.21403755,DFCF/东方财富Choice数据,dfcf_vendor_only_unverified_by_exchange
2020-11-04,7296.38305309,6933.89974204,14230.28279513,13.76176741,0.18896723,22.63100264,0.32745077,36.39277005,0.25639744,DFCF/东方财富Choice数据,dfcf_vendor_only_unverified_by_exchange
2020-11-05,7313.06759721,6971.61765020,14284.68524741,16.68454412,0.22866870,37.71790816,0.54396385,54.40245228,0.38230057,DFCF/东方财富Choice数据,dfcf_vendor_only_unverified_by_exchange
2020-11-06,7303.07648470,6982.21800445,14285.29448915,-9.99111251,-0.13661999,10.60035425,0.15205014,0.60924174,0.00426500,DFCF/东方财富Choice数据,dfcf_vendor_only_unverified_by_exchange
2020-11-09,7365.47030957,7028.01052356,14393.48083313,62.39382487,0.85434988,45.79251911,0.65584488,108.18634398,0.75732666,DFCF/东方财富Choice数据,dfcf_vendor_only_unverified_by_exchange
2020-11-10,7363.48759208,7053.76822285,14417.25581493,-1.98271749,-0.02691909,25.75769929,0.36650058,23.77498180,0.16517882,DFCF/东方财富Choice数据,dfcf_vendor_only_unverified_by_exchange
2020-11-11,7351.94222361,7048.42520720,14400.36743081,-11.54536847,-0.15679212,-5.34301565,-0.07574697,-16.88838412,-0.11714007,DFCF/东方财富Choice数据,dfcf_vendor_only_unverified_by_exchange
2020-11-12,7351.55468482,7044.78613337,14396.34081819,-0.38753879,-0.00527124,-3.63907383,-0.05162960,-4.02661262,-0.02796187,DFCF/东方财富Choice数据,dfcf_vendor_only_unverified_by_exchange
2020-11-13,7357.96686341,7031.32461055,14389.29147396,6.41217859,0.08722208,-13.46152282,-0.19108490,-7.04934423,-0.04896622,DFCF/东方财富Choice数据,dfcf_vendor_only_unverified_by_exchange
2020-11-16,7381.05266238,7062.56901243,14443.62167481,23.08579897,0.31375242,31.24440188,0.44436011,54.33020085,0.37757384,DFCF/东方财富Choice数据,dfcf_vendor_only_unverified_by_exchange
2020-11-17,7381.90820752,7077.06471023,14458.97291775,0.85554514,0.01159110,14.49569780,0.20524681,15.35124294,0.10628389,DFCF/东方财富Choice数据,dfcf_vendor_only_unverified_by_exchange
2020-11-18,7387.24749306,7087.24734965,14474.49484271,5.33928554,0.07232934,10.18263942,0.14388224,15.52192496,0.10735150,DFCF/东方财富Choice数据,dfcf_vendor_only_unverified_by_exchange
2020-11-19,7379.23991149,7084.57984264,14463.81975413,-8.00758157,-0.10839736,-2.66750701,-0.03763812,-10.67508858,-0.07375103,DFCF/东方财富Choice数据,dfcf_vendor_only_unverified_by_exchange
2020-11-20,7378.65462670,7073.70962701,14452.36425371,-0.58528479,-0.00793151,-10.87021563,-0.15343487,-11.45550042,-0.07920107,DFCF/东方财富Choice数据,dfcf_vendor_only_unverified_by_exchange
2020-11-23,7426.75022714,7115.07371763,14541.82394477,48.09560044,0.65182073,41.36409062,0.58475811,89.45969106,0.61899693,DFCF/东方财富Choice数据,dfcf_vendor_only_unverified_by_exchange
2020-11-24,7450.84788566,7136.31712961,14587.16501527,24.09765852,0.32447110,21.24341198,0.29856911,45.34107050,0.31179769,DFCF/东方财富Choice数据,dfcf_vendor_only_unverified_by_exchange
2020-11-25,7461.80978294,7143.07072921,14604.88051215,10.96189728,0.14712282,6.75359960,0.09463704,17.71549688,0.12144578,DFCF/东方财富Choice数据,dfcf_vendor_only_unverified_by_exchange
2020-11-26,7449.73294987,7123.89046564,14573.62341551,-12.07683307,-0.16184858,-19.18026357,-0.26851566,-31.25709664,-0.21401816,DFCF/东方财富Choice数据,dfcf_vendor_only_unverified_by_exchange
2020-11-27,7434.89604691,7089.65956697,14524.55561388,-14.83690296,-0.19916020,-34.23089867,-0.48050849,-49.06780163,-0.33668910,DFCF/东方财富Choice数据,dfcf_vendor_only_unverified_by_exchange
2020-11-30,7470.61399190,7101.21138629,14571.82537819,35.71794499,0.48040947,11.55181932,0.16293898,47.26976431,0.32544723,DFCF/东方财富Choice数据,dfcf_vendor_only_unverified_by_exchange
2020-12-01,7496.57391509,7133.32830156,14629.90221665,25.95992319,0.34749384,32.11691527,0.45227375,58.07683846,0.39855569,DFCF/东方财富Choice数据,dfcf_vendor_only_unverified_by_exchange
2020-12-02,7528.28422299,7165.31188860,14693.59611159,31.71030790,0.42299734,31.98358704,0.44836836,63.69389494,0.43536788,DFCF/东方财富Choice数据,dfcf_vendor_only_unverified_by_exchange
2020-12-03,7539.85375607,7161.56044557,14701.41420164,11.56953308,0.15368088,-3.75144303,-0.05235561,7.81809005,0.05320747,DFCF/东方财富Choice数据,dfcf_vendor_only_unverified_by_exchange
2020-12-04,7542.58913777,7148.36508565,14690.95422342,2.73538170,0.03627898,-13.19535992,-0.18425258,-10.45997822,-0.07114947,DFCF/东方财富Choice数据,dfcf_vendor_only_unverified_by_exchange
2020-12-07,7568.51607868,7171.55416516,14740.07024384,25.92694091,0.34374060,23.18907951,0.32439697,49.11602042,0.33432832,DFCF/东方财富Choice数据,dfcf_vendor_only_unverified_by_exchange
2020-12-08,7579.76387724,7160.92283435,14740.68671159,11.24779856,0.14861300,-10.63133081,-0.14824305,0.61646775,0.00418226,DFCF/东方财富Choice数据,dfcf_vendor_only_unverified_by_exchange
2020-12-09,7545.19180325,7146.46807337,14691.65987662,-34.57207399,-0.45611017,-14.45476098,-0.20185612,-49.02683497,-0.33259533,DFCF/东方财富Choice数据,dfcf_vendor_only_unverified_by_exchange
2020-12-10,7556.49047599,7129.51835175,14686.00882774,11.29867274,0.14974666,-16.94972162,-0.23717620,-5.65104888,-0.03846433,DFCF/东方财富Choice数据,dfcf_vendor_only_unverified_by_exchange
2020-12-11,7536.13864795,7102.79304157,14638.93168952,-20.35182804,-0.26932910,-26.72531018,-0.37485436,-47.07713822,-0.32055774,DFCF/东方财富Choice数据,dfcf_vendor_only_unverified_by_exchange
2020-12-14,7557.09036504,7110.41522053,14667.50558557,20.95171709,0.27801661,7.62217896,0.10731242,28.57389605,0.19519113,DFCF/东方财富Choice数据,dfcf_vendor_only_unverified_by_exchange
2020-12-15,7563.68148234,7105.76618800,14669.44767034,6.59111730,0.08721766,-4.64903253,-0.06538342,1.94208477,0.01324073,DFCF/东方财富Choice数据,dfcf_vendor_only_unverified_by_exchange
2020-12-16,7572.50182818,7102.50730119,14675.00912937,8.82034584,0.11661445,-3.25888681,-0.04586257,5.56145903,0.03791185,DFCF/东方财富Choice数据,dfcf_vendor_only_unverified_by_exchange
2020-12-17,7585.68721435,7116.85550135,14702.54271570,13.18538617,0.17412193,14.34820016,0.20201599,27.53358633,0.18762228,DFCF/东方财富Choice数据,dfcf_vendor_only_unverified_by_exchange
2020-12-18,7591.71142789,7124.63513570,14716.34656359,6.02421354,0.07941553,7.77963435,0.10931280,13.80384789,0.09388749,DFCF/东方财富Choice数据,dfcf_vendor_only_unverified_by_exchange
2020-12-21,7636.64230810,7140.13040399,14776.77271209,44.93088021,0.59184126,15.49526829,0.21748859,60.42614850,0.41060564,DFCF/东方财富Choice数据,dfcf_vendor_only_unverified_by_exchange
2020-12-22,7643.20464544,7142.12025709,14785.32490253,6.56233734,0.08593223,1.98985310,0.02786858,8.55219044,0.05787590,DFCF/东方财富Choice数据,dfcf_vendor_only_unverified_by_exchange
2020-12-23,7662.90955690,7161.31250103,14824.22205793,19.70491146,0.25780955,19.19224394,0.26871914,38.89715540,0.26307948,DFCF/东方财富Choice数据,dfcf_vendor_only_unverified_by_exchange
2020-12-24,7657.92112747,7167.54192788,14825.46305535,-4.98842943,-0.06509837,6.22942685,0.08698722,1.24099742,0.00837142,DFCF/东方财富Choice数据,dfcf_vendor_only_unverified_by_exchange
2020-12-25,7673.03833177,7155.61719470,14828.65552647,15.11720430,0.19740611,-11.92473318,-0.16637131,3.19247112,0.02153370,DFCF/东方财富Choice数据,dfcf_vendor_only_unverified_by_exchange
2020-12-28,7692.27904714,7165.79737800,14858.07642514,19.24071537,0.25075745,10.18018330,0.14226842,29.42089867,0.19840571,DFCF/东方财富Choice数据,dfcf_vendor_only_unverified_by_exchange
2020-12-29,7665.65014922,7129.62259437,14795.27274359,-26.62889792,-0.34617696,-36.17478363,-0.50482566,-62.80368155,-0.42269053,DFCF/东方财富Choice数据,dfcf_vendor_only_unverified_by_exchange
2020-12-30,7687.13795726,7143.58964649,14830.72760375,21.48780804,0.28031292,13.96705212,0.19590170,35.45486016,0.23963641,DFCF/东方财富Choice数据,dfcf_vendor_only_unverified_by_exchange
2020-12-31,7683.66961044,7136.57084317,14820.24045361,-3.46834682,-0.04511883,-7.01880332,-0.09825317,-10.48715014,-0.07071231,DFCF/东方财富Choice数据,dfcf_vendor_only_unverified_by_exchange
2021-01-04,7804.90219310,7252.30617497,15057.20836807,121.23258266,1.57779536,115.73533180,1.62172189,236.96791446,1.59894784,DFCF/东方财富Choice数据,dfcf_vendor_only_unverified_by_exchange
2021-01-05,7864.85232814,7290.80330000,15155.65562814,59.95013504,0.76810873,38.49712503,0.53082598,98.44726007,0.65382146,DFCF/东方财富Choice数据,dfcf_vendor_only_unverified_by_exchange
2021-01-06,7897.02817707,7315.78013837,15212.80831544,32.17584893,0.40910938,24.97683837,0.34258006,57.15268730,0.37710468,DFCF/东方财富Choice数据,dfcf_vendor_only_unverified_by_exchange
2021-01-07,7925.07228848,7349.99507403,15275.06736251,28.04411141,0.35512234,34.21493566,0.46768677,62.25904707,0.40925413,DFCF/东方财富Choice数据,dfcf_vendor_only_unverified_by_exchange
2021-01-08,7927.70084113,7336.09485354,15263.79569467,2.62855265,0.03316755,-13.90022049,-0.18911877,-11.27166784,-0.07379128,DFCF/东方财富Choice数据,dfcf_vendor_only_unverified_by_exchange
2021-01-11,7933.78564093,7354.77490340,15288.56054433,6.08479980,0.07675365,18.68004986,0.25463207,24.76484966,0.16224568,DFCF/东方财富Choice数据,dfcf_vendor_only_unverified_by_exchange
2021-01-12,7993.90393893,7376.95483313,15370.85877206,60.11829800,0.75775047,22.17992973,0.30157184,82.29822773,0.53829939,DFCF/东方财富Choice数据,dfcf_vendor_only_unverified_by_exchange
2021-01-13,8024.44845154,7377.76974350,15402.21819504,30.54451261,0.38209757,0.81491037,0.01104670,31.35942298,0.20401868,DFCF/东方财富Choice数据,dfcf_vendor_only_unverified_by_exchange
2021-01-14,8027.48756831,7359.29655977,15386.78412808,3.03911677,0.03787322,-18.47318373,-0.25038981,-15.43406696,-0.10020678,DFCF/东方财富Choice数据,dfcf_vendor_only_unverified_by_exchange
2021-01-15,8016.16826104,7349.29008848,15365.45834952,-11.31930727,-0.14100685,-10.00647129,-0.13597049,-21.32577856,-0.13859802,DFCF/东方财富Choice数据,dfcf_vendor_only_unverified_by_exchange
2021-01-18,8050.75741296,7394.33967067,15445.09708363,34.58915192,0.43149234,45.04958219,0.61297869,79.63873411,0.51829716,DFCF/东方财富Choice数据,dfcf_vendor_only_unverified_by_exchange
2021-01-19,8078.54268016,7402.00970784,15480.55238800,27.78526720,0.34512613,7.67003717,0.10372849,35.45530437,0.22955702,DFCF/东方财富Choice数据,dfcf_vendor_only_unverified_by_exchange
2021-01-20,8112.52474957,7416.50468720,15529.02943677,33.98206941,0.42064603,14.49497936,0.19582492,48.47704877,0.31314806,DFCF/东方财富Choice数据,dfcf_vendor_only_unverified_by_exchange
2021-01-21,8159.92756519,7449.92419155,15609.85175674,47.40281562,0.58431644,33.41950435,0.45060990,80.82231997,0.52045957,DFCF/东方财富Choice数据,dfcf_vendor_only_unverified_by_exchange
2021-01-22,8154.03994518,7449.44215899,15603.48210417,-5.88762001,-0.07215285,-0.48203256,-0.00647030,-6.36965257,-0.04080534,DFCF/东方财富Choice数据,dfcf_vendor_only_unverified_by_exchange
2021-01-25,8193.91832231,7471.34684681,15665.26516912,39.87837713,0.48906281,21.90468782,0.29404467,61.78306495,0.39595691,DFCF/东方财富Choice数据,dfcf_vendor_only_unverified_by_exchange
2021-01-26,8160.84569630,7442.18276303,15603.02845933,-33.07262601,-0.40362406,-29.16408378,-0.39034574,-62.23670979,-0.39729113,DFCF/东方财富Choice数据,dfcf_vendor_only_unverified_by_exchange
2021-01-27,8162.37694539,7433.74056365,15596.11750904,1.53124909,0.01876336,-8.44219938,-0.11343714,-6.91095029,-0.04429236,DFCF/东方财富Choice数据,dfcf_vendor_only_unverified_by_exchange
2021-01-28,8145.68038845,7406.41820773,15552.09859618,-16.69655694,-0.20455508,-27.32235592,-0.36754519,-44.01891286,-0.28224276,DFCF/东方财富Choice数据,dfcf_vendor_only_unverified_by_exchange
2021-01-29,8085.30764245,7317.09803628,15402.40567873,-60.37274600,-0.74116272,-89.32017145,-1.20598336,-149.69291745,-0.96252552,DFCF/东方财富Choice数据,dfcf_vendor_only_unverified_by_exchange
2021-02-01,8079.00109492,7305.73090614,15384.73200106,-6.30654753,-0.07800009,-11.36713014,-0.15535025,-17.67367767,-0.11474622,DFCF/东方财富Choice数据,dfcf_vendor_only_unverified_by_exchange
2021-02-02,8074.18158794,7308.38246791,15382.56405585,-4.81950698,-0.05965474,2.65156177,0.03629427,-2.16794521,-0.01409154,DFCF/东方财富Choice数据,dfcf_vendor_only_unverified_by_exchange
2021-02-03,8071.89978760,7298.54968834,15370.44947594,-2.28180034,-0.02826045,-9.83277957,-0.13454112,-12.11457991,-0.07875527,DFCF/东方财富Choice数据,dfcf_vendor_only_unverified_by_exchange
2021-02-04,8029.02827539,7251.48806001,15280.51633540,-42.87151221,-0.53112047,-47.06162833,-0.64480795,-89.93314054,-0.58510417,DFCF/东方财富Choice数据,dfcf_vendor_only_unverified_by_exchange
2021-02-05,7985.37947597,7192.06770111,15177.44717708,-43.64879942,-0.54363739,-59.42035890,-0.81942297,-103.06915832,-0.67451358,DFCF/东方财富Choice数据,dfcf_vendor_only_unverified_by_exchange
2021-02-08,7963.55371775,7181.67803097,15145.23174872,-21.82575822,-0.27332149,-10.38967014,-0.14446013,-32.21542836,-0.21225854,DFCF/东方财富Choice数据,dfcf_vendor_only_unverified_by_exchange
2021-02-09,7969.72031083,7197.86498523,15167.58529606,6.16659308,0.07743519,16.18695426,0.22539237,22.35354734,0.14759462,DFCF/东方财富Choice数据,dfcf_vendor_only_unverified_by_exchange
2021-02-10,7875.16930548,7112.50104283,14987.67034831,-94.55100535,-1.18637796,-85.36394240,-1.18596198,-179.91494775,-1.18618056,DFCF/东方财富Choice数据,dfcf_vendor_only_unverified_by_exchange
2021-02-18,7986.74299752,7230.60203387,15217.34503139,111.57369204,1.41677833,118.10099104,1.66047063,229.67468308,1.53242417,DFCF/东方财富Choice数据,dfcf_vendor_only_unverified_by_exchange
2021-02-19,8024.37603320,7253.02161895,15277.39765215,37.63303568,0.47119377,22.41958508,0.31006526,60.05262076,0.39463271,DFCF/东方财富Choice数据,dfcf_vendor_only_unverified_by_exchange
2021-02-22,8103.60452570,7300.88719947,15404.49172517,79.22849250,0.98734770,47.86558052,0.65993986,127.09407302,0.83190918,DFCF/东方财富Choice数据,dfcf_vendor_only_unverified_by_exchange
2021-02-23,8084.09083165,7302.93360656,15387.02443821,-19.51369405,-0.24080265,2.04640709,0.02802957,-17.46728696,-0.11339087,DFCF/东方财富Choice数据,dfcf_vendor_only_unverified_by_exchange
2021-02-24,8090.20164487,7304.25199473,15394.45363960,6.11081322,0.07559061,1.31838817,0.01805286,7.42920139,0.04828225,DFCF/东方财富Choice数据,dfcf_vendor_only_unverified_by_exchange
2021-02-25,8091.29415626,7284.85833261,15376.15248887,1.09251139,0.01350413,-19.39366212,-0.26551195,-18.30115073,-0.11888146,DFCF/东方财富Choice数据,dfcf_vendor_only_unverified_by_exchange
2021-02-26,8063.06694237,7240.73307447,15303.80001684,-28.22721389,-0.34885907,-44.12525814,-0.60571196,-72.35247203,-0.47054991,DFCF/东方财富Choice数据,dfcf_vendor_only_unverified_by_exchange
2021-03-01,8101.17759809,7240.15863440,15341.33623249,38.11065572,0.47265707,-0.57444007,-0.00793345,37.53621565,0.24527382,DFCF/东方财富Choice数据,dfcf_vendor_only_unverified_by_exchange
2021-03-02,8118.73629757,7243.26599204,15362.00228961,17.55869948,0.21674256,3.10735764,0.04291836,20.66605712,0.13470833,DFCF/东方财富Choice数据,dfcf_vendor_only_unverified_by_exchange
2021-03-03,8121.00512664,7240.41299251,15361.41811915,2.26882907,0.02794559,-2.85299953,-0.03938830,-0.58417046,-0.00380270,DFCF/东方财富Choice数据,dfcf_vendor_only_unverified_by_exchange
2021-03-04,8090.64212364,7235.87101122,15326.51313486,-30.36300300,-0.37388233,-4.54198129,-0.06273097,-34.90498429,-0.22722501,DFCF/东方财富Choice数据,dfcf_vendor_only_unverified_by_exchange
2021-03-05,8062.21304478,7200.34633718,15262.55938196,-28.42907886,-0.35138223,-35.52467404,-0.49095228,-63.95375290,-0.41727530,DFCF/东方财富Choice数据,dfcf_vendor_only_unverified_by_exchange
2021-03-08,8066.17415006,7183.18389497,15249.35804503,3.96110528,0.04913174,-17.16244221,-0.23835579,-13.20133693,-0.08649491,DFCF/东方财富Choice数据,dfcf_vendor_only_unverified_by_exchange
2021-03-09,8022.76032864,7144.61719161,15167.37752025,-43.41382142,-0.53822073,-38.56670336,-0.53690263,-81.98052478,-0.53759984,DFCF/东方财富Choice数据,dfcf_vendor_only_unverified_by_exchange
2021-03-10,7991.46556678,7108.92372973,15100.38929651,-31.29476186,-0.39007474,-35.69346188,-0.49958537,-66.98822374,-0.44165990,DFCF/东方财富Choice数据,dfcf_vendor_only_unverified_by_exchange
2021-03-11,8003.21367759,7121.72612213,15124.93979972,11.74811081,0.14700821,12.80239240,0.18008904,24.55050321,0.16258192,DFCF/东方财富Choice数据,dfcf_vendor_only_unverified_by_exchange
2021-03-12,7982.67706264,7095.51845458,15078.19551722,-20.53661495,-0.25660461,-26.20766755,-0.36799600,-46.74428250,-0.30905434,DFCF/东方财富Choice数据,dfcf_vendor_only_unverified_by_exchange
2021-03-15,8005.32718804,7110.78279606,15116.10998410,22.65012540,0.28374097,15.26434148,0.21512651,37.91446688,0.25145228,DFCF/东方财富Choice数据,dfcf_vendor_only_unverified_by_exchange
2021-03-16,7987.52178835,7111.03769306,15098.55948141,-17.80539969,-0.22241939,0.25489700,0.00358465,-17.55050269,-0.11610462,DFCF/东方财富Choice数据,dfcf_vendor_only_unverified_by_exchange
2021-03-17,7995.59077424,7112.72971476,15108.32048900,8.06898589,0.10101989,1.69202170,0.02379430,9.76100759,0.06464860,DFCF/东方财富Choice数据,dfcf_vendor_only_unverified_by_exchange
2021-03-18,7979.38882384,7113.78072912,15093.16955296,-16.20195040,-0.20263606,1.05101436,0.01477653,-15.15093604,-0.10028207,DFCF/东方财富Choice数据,dfcf_vendor_only_unverified_by_exchange
2021-03-19,7971.13296291,7104.09521516,15075.22817807,-8.25586093,-0.10346483,-9.68551396,-0.13615143,-17.94137489,-0.11887082,DFCF/东方财富Choice数据,dfcf_vendor_only_unverified_by_exchange
2021-03-22,7990.80919527,7136.57564410,15127.38483937,19.67623236,0.24684361,32.48042894,0.45720712,52.15666130,0.34597593,DFCF/东方财富Choice数据,dfcf_vendor_only_unverified_by_exchange
2021-03-23,7978.29780590,7135.19113746,15113.48894336,-12.51138937,-0.15657225,-1.38450664,-0.01940015,-13.89589601,-0.09185921,DFCF/东方财富Choice数据,dfcf_vendor_only_unverified_by_exchange
2021-03-24,7971.66421861,7146.41358099,15118.07779960,-6.63358729,-0.08314540,11.22244353,0.15728301,4.58885624,0.03036265,DFCF/东方财富Choice数据,dfcf_vendor_only_unverified_by_exchange
2021-03-25,7948.74768272,7130.14400337,15078.89168609,-22.91653589,-0.28747493,-16.26957762,-0.22766073,-39.18611351,-0.25920037,DFCF/东方财富Choice数据,dfcf_vendor_only_unverified_by_exchange
2021-03-26,7941.26530855,7114.45323866,15055.71854721,-7.48237417,-0.09413274,-15.69076471,-0.22006238,-23.17313888,-0.15367932,DFCF/东方财富Choice数据,dfcf_vendor_only_unverified_by_exchange
2021-03-29,7950.15266755,7122.79222166,15072.94488921,8.88735900,0.11191364,8.33898300,0.11721186,17.22634200,0.11441727,DFCF/东方财富Choice数据,dfcf_vendor_only_unverified_by_exchange
2021-03-30,7957.73068523,7117.71350968,15075.44419491,7.57801768,0.09531915,-5.07871198,-0.07130226,2.49930570,0.01658140,DFCF/东方财富Choice数据,dfcf_vendor_only_unverified_by_exchange
2021-03-31,7970.53733339,7126.67827791,15097.21561130,12.80664816,0.16093342,8.96476823,0.12595011,21.77141639,0.14441642,DFCF/东方财富Choice数据,dfcf_vendor_only_unverified_by_exchange
2021-04-01,7959.49098021,7113.05254291,15072.54352312,-11.04635318,-0.13858982,-13.62573500,-0.19119335,-24.67208818,-0.16342145,DFCF/东方财富Choice数据,dfcf_vendor_only_unverified_by_exchange
2021-04-02,7941.50731478,7099.28762734,15040.79494212,-17.98366543,-0.22593989,-13.76491557,-0.19351629,-31.74858100,-0.21063851,DFCF/东方财富Choice数据,dfcf_vendor_only_unverified_by_exchange
2021-04-06,7969.54365915,7138.92681545,15108.47047460,28.03634437,0.35303555,39.63918811,0.55835445,67.67553248,0.44994651,DFCF/东方财富Choice数据,dfcf_vendor_only_unverified_by_exchange
2021-04-07,7999.96518343,7164.65396128,15164.61914471,30.42152428,0.38172229,25.72714583,0.36037834,56.14867011,0.37163702,DFCF/东方财富Choice数据,dfcf_vendor_only_unverified_by_exchange
2021-04-08,8003.40627444,7167.29202582,15170.69830026,3.44109101,0.04301382,2.63806454,0.03682054,6.07915555,0.04008776,DFCF/东方财富Choice数据,dfcf_vendor_only_unverified_by_exchange
2021-04-09,7998.47556152,7150.00419011,15148.47975163,-4.93071292,-0.06160768,-17.28783571,-0.24120457,-22.21854863,-0.14645699,DFCF/东方财富Choice数据,dfcf_vendor_only_unverified_by_exchange
2021-04-12,7991.61820983,7147.98462448,15139.60283431,-6.85735169,-0.08573323,-2.01956563,-0.02824566,-8.87691732,-0.05859939,DFCF/东方财富Choice数据,dfcf_vendor_only_unverified_by_exchange
2021-04-13,7960.09150413,7126.33548787,15086.42699200,-31.52670570,-0.39449715,-21.64913661,-0.30287050,-53.17584231,-0.35123671,DFCF/东方财富Choice数据,dfcf_vendor_only_unverified_by_exchange
2021-04-14,7967.69159448,7131.42717250,15099.11876698,7.60009035,0.09547742,5.09168463,0.07144885,12.69177498,0.08412711,DFCF/东方财富Choice数据,dfcf_vendor_only_unverified_by_exchange
2021-04-15,7968.17584862,7139.84728689,15108.02313551,0.48425414,0.00607772,8.42011439,0.11807054,8.90436853,0.05897277,DFCF/东方财富Choice数据,dfcf_vendor_only_unverified_by_exchange
2021-04-16,7960.60470679,7125.08759894,15085.69230573,-7.57114183,-0.09501725,-14.75968795,-0.20672274,-22.33082978,-0.14780775,DFCF/东方财富Choice数据,dfcf_vendor_only_unverified_by_exchange
2021-04-19,7981.63983816,7151.94512646,15133.58496462,21.03513137,0.26424037,26.85752752,0.37694312,47.89265889,0.31747074,DFCF/东方财富Choice数据,dfcf_vendor_only_unverified_by_exchange
2021-04-20,7993.79211818,7163.95927274,15157.75139092,12.15228002,0.15225292,12.01414628,0.16798432,24.16642630,0.15968739,DFCF/东方财富Choice数据,dfcf_vendor_only_unverified_by_exchange
2021-04-21,8002.09654159,7168.07482492,15170.17136651,8.30442341,0.10388591,4.11555218,0.05744801,12.41997559,0.08193811,DFCF/东方财富Choice数据,dfcf_vendor_only_unverified_by_exchange
2021-04-22,8013.62797628,7186.88853708,15200.51651336,11.53143469,0.14410517,18.81371216,0.26246534,30.34514685,0.20003167,DFCF/东方财富Choice数据,dfcf_vendor_only_unverified_by_exchange
2021-04-23,7989.15127810,7170.74220454,15159.89348264,-24.47669818,-0.30543841,-16.14633254,-0.22466374,-40.62303072,-0.26724770,DFCF/东方财富Choice数据,dfcf_vendor_only_unverified_by_exchange
2021-04-26,8006.06899865,7184.82922572,15190.89822437,16.91772055,0.21175867,14.08702118,0.19645137,31.00474173,0.20451820,DFCF/东方财富Choice数据,dfcf_vendor_only_unverified_by_exchange
2021-04-27,7997.84841520,7168.56595767,15166.41437287,-8.22058345,-0.10267940,-16.26326805,-0.22635567,-24.48385150,-0.16117448,DFCF/东方财富Choice数据,dfcf_vendor_only_unverified_by_exchange
2021-04-28,8010.48423429,7170.94067503,15181.42490932,12.63581909,0.15799023,2.37471736,0.03312681,15.01053645,0.09897222,DFCF/东方财富Choice数据,dfcf_vendor_only_unverified_by_exchange
2021-04-29,7995.93299537,7159.59416666,15155.52716203,-14.55123892,-0.18165243,-11.34650837,-0.15822901,-25.89774729,-0.17058838,DFCF/东方财富Choice数据,dfcf_vendor_only_unverified_by_exchange
2021-04-30,7933.51750738,7092.03424877,15025.55175615,-62.41548799,-0.78059043,-67.55991789,-0.94362776,-129.97540588,-0.85761059,DFCF/东方财富Choice数据,dfcf_vendor_only_unverified_by_exchange
2021-05-06,7977.16392311,7134.22184182,15111.38576493,43.64641573,0.55015213,42.18759305,0.59485885,85.83400878,0.57125362,DFCF/东方财富Choice数据,dfcf_vendor_only_unverified_by_exchange
2021-05-07,7979.91832859,7116.80188097,15096.72020956,2.75440548,0.03452863,-17.41996085,-0.24417464,-14.66555537,-0.09704971,DFCF/东方财富Choice数据,dfcf_vendor_only_unverified_by_exchange
2021-05-10,8015.40647009,7134.18825039,15149.59472048,35.48814150,0.44471810,17.38636942,0.24430032,52.87451092,0.35023840,DFCF/东方财富Choice数据,dfcf_vendor_only_unverified_by_exchange
2021-05-11,8024.69810548,7142.39915401,15167.09725949,9.29163539,0.11592220,8.21090362,0.11509233,17.50253901,0.11553140,DFCF/东方财富Choice数据,dfcf_vendor_only_unverified_by_exchange
2021-05-12,8042.77321885,7160.47859666,15203.25181551,18.07511337,0.22524353,18.07944265,0.25312843,36.15455602,0.23837492,DFCF/东方财富Choice数据,dfcf_vendor_only_unverified_by_exchange
2021-05-13,8052.29017067,7168.61778833,15220.90795900,9.51695182,0.11832923,8.13919167,0.11366826,17.65614349,0.11613399,DFCF/东方财富Choice数据,dfcf_vendor_only_unverified_by_exchange
2021-05-14,8048.00999074,7178.67782709,15226.68781783,-4.28017993,-0.05315481,10.06003876,0.14033443,5.77985883,0.03797315,DFCF/东方财富Choice数据,dfcf_vendor_only_unverified_by_exchange
2021-05-17,8070.65819160,7202.56213362,15273.22032522,22.64820086,0.28141368,23.88430653,0.33271178,46.53250739,0.30559835,DFCF/东方财富Choice数据,dfcf_vendor_only_unverified_by_exchange
2021-05-18,8085.87241994,7241.69780109,15327.57022103,15.21422834,0.18851286,39.13566747,0.54335758,54.34989581,0.35585093,DFCF/东方财富Choice数据,dfcf_vendor_only_unverified_by_exchange
2021-05-19,8104.81964331,7281.97985841,15386.79950172,18.94722337,0.23432503,40.28205732,0.55625156,59.22928069,0.38642316,DFCF/东方财富Choice数据,dfcf_vendor_only_unverified_by_exchange
2021-05-20,8114.62296683,7283.41934394,15398.04231077,9.80332352,0.12095671,1.43948553,0.01976778,11.24280905,0.07306789,DFCF/东方财富Choice数据,dfcf_vendor_only_unverified_by_exchange
2021-05-21,8106.70237086,7284.79390204,15391.49627290,-7.92059597,-0.09760892,1.37455810,0.01887243,-6.54603787,-0.04251214,DFCF/东方财富Choice数据,dfcf_vendor_only_unverified_by_exchange
2021-05-24,8136.74545450,7312.28841985,15449.03387435,30.04308364,0.37059562,27.49451781,0.37742341,57.53760145,0.37382721,DFCF/东方财富Choice数据,dfcf_vendor_only_unverified_by_exchange
2021-05-25,8142.61003267,7300.19062495,15442.80065762,5.86457817,0.07207523,-12.09779490,-0.16544472,-6.23321673,-0.04034697,DFCF/东方财富Choice数据,dfcf_vendor_only_unverified_by_exchange
2021-05-26,8164.90842964,7332.59833905,15497.50676869,22.29839697,0.27384827,32.40771410,0.44392970,54.70611107,0.35424993,DFCF/东方财富Choice数据,dfcf_vendor_only_unverified_by_exchange
2021-05-27,8207.29295439,7357.86584327,15565.15879766,42.38452475,0.51910594,25.26750422,0.34459141,67.65202897,0.43653492,DFCF/东方财富Choice数据,dfcf_vendor_only_unverified_by_exchange
2021-05-28,8219.72013714,7374.60262427,15594.32276141,12.42718275,0.15141634,16.73678100,0.22746787,29.16396375,0.18736695,DFCF/东方财富Choice数据,dfcf_vendor_only_unverified_by_exchange
2021-05-31,8279.53586295,7416.34495694,15695.88081989,59.81572581,0.72771000,41.74233267,0.56602823,101.55805848,0.65125020,DFCF/东方财富Choice数据,dfcf_vendor_only_unverified_by_exchange
2021-06-01,8324.69753416,7450.65417707,15775.35171123,45.16167121,0.54546139,34.30922013,0.46261629,79.47089134,0.50631686,DFCF/东方财富Choice数据,dfcf_vendor_only_unverified_by_exchange
2021-06-02,8338.82640084,7450.49032118,15789.31672202,14.12886668,0.16972228,-0.16385589,-0.00219921,13.96501079,0.08852424,DFCF/东方财富Choice数据,dfcf_vendor_only_unverified_by_exchange
2021-06-03,8347.74042167,7452.34849259,15800.08891426,8.91402083,0.10689779,1.85817141,0.02494026,10.77219224,0.06822456,DFCF/东方财富Choice数据,dfcf_vendor_only_unverified_by_exchange
2021-06-04,8333.01157301,7441.29888455,15774.31045756,-14.72884866,-0.17644114,-11.04960804,-0.14827015,-25.77845670,-0.16315387,DFCF/东方财富Choice数据,dfcf_vendor_only_unverified_by_exchange
2021-06-07,8376.59288066,7474.43504783,15851.02792849,43.58130765,0.52299589,33.13616328,0.44530080,76.71747093,0.48634437,DFCF/东方财富Choice数据,dfcf_vendor_only_unverified_by_exchange
2021-06-08,8381.14869374,7476.20102745,15857.34972119,4.55581308,0.05438742,1.76597962,0.02362693,6.32179270,0.03988254,DFCF/东方财富Choice数据,dfcf_vendor_only_unverified_by_exchange
2021-06-09,8385.89270926,7479.41720764,15865.30991690,4.74401552,0.05660340,3.21618019,0.04301891,7.96019571,0.05019878,DFCF/东方财富Choice数据,dfcf_vendor_only_unverified_by_exchange
2021-06-10,8401.53205978,7509.35037586,15910.88243564,15.63935052,0.18649595,29.93316822,0.40020723,45.57251874,0.28724632,DFCF/东方财富Choice数据,dfcf_vendor_only_unverified_by_exchange
2021-06-11,8374.08440042,7497.71859021,15871.80299063,-27.44765936,-0.32669826,-11.63178565,-0.15489736,-39.07944501,-0.24561457,DFCF/东方财富Choice数据,dfcf_vendor_only_unverified_by_exchange
2021-06-15,8410.56218056,7533.51178770,15944.07396826,36.47778014,0.43560321,35.79319749,0.47738785,72.27097763,0.45534195,DFCF/东方财富Choice数据,dfcf_vendor_only_unverified_by_exchange
2021-06-16,8398.98644373,7494.42944673,15893.41589046,-11.57573683,-0.13763333,-39.08234097,-0.51877985,-50.65807780,-0.31772355,DFCF/东方财富Choice数据,dfcf_vendor_only_unverified_by_exchange
2021-06-17,8427.80416135,7494.91817688,15922.72233823,28.81771762,0.34310947,0.48873015,0.00652125,29.30644777,0.18439364,DFCF/东方财富Choice数据,dfcf_vendor_only_unverified_by_exchange
2021-06-18,8450.59995477,7498.86390347,15949.46385824,22.79579342,0.27048319,3.94572659,0.05264536,26.74152001,0.16794565,DFCF/东方财富Choice数据,dfcf_vendor_only_unverified_by_exchange
2021-06-21,8481.31601893,7538.40659683,16019.72261576,30.71606416,0.36347791,39.54269336,0.52731579,70.25875752,0.44050858,DFCF/东方财富Choice数据,dfcf_vendor_only_unverified_by_exchange
2021-06-22,8512.73356925,7568.74474305,16081.47831230,31.41755032,0.37043249,30.33814622,0.40244773,61.75569654,0.38549791,DFCF/东方财富Choice数据,dfcf_vendor_only_unverified_by_exchange
2021-06-23,8518.13694053,7598.71390113,16116.85084166,5.40337128,0.06347399,29.96915808,0.39595942,35.37252936,0.21995819,DFCF/东方财富Choice数据,dfcf_vendor_only_unverified_by_exchange
2021-06-24,8527.82054553,7601.30427954,16129.12482507,9.68360500,0.11368219,2.59037841,0.03408970,12.27398341,0.07615621,DFCF/东方财富Choice数据,dfcf_vendor_only_unverified_by_exchange
2021-06-25,8526.21255199,7592.18317688,16118.39572887,-1.60799354,-0.01885586,-9.12110266,-0.11999392,-10.72909620,-0.06652001,DFCF/东方财富Choice数据,dfcf_vendor_only_unverified_by_exchange
2021-06-28,8581.17612067,7627.05887109,16208.23499176,54.96356868,0.64464225,34.87569421,0.45936318,89.83926289,0.55737100,DFCF/东方财富Choice数据,dfcf_vendor_only_unverified_by_exchange
2021-06-29,8607.23220494,7639.97924599,16247.21145093,26.05608427,0.30364234,12.92037490,0.16940180,38.97645917,0.24047319,DFCF/东方财富Choice数据,dfcf_vendor_only_unverified_by_exchange
2021-06-30,8628.22810436,7653.33090778,16281.55901214,20.99589942,0.24393323,13.35166179,0.17476045,34.34756121,0.21140589,DFCF/东方财富Choice数据,dfcf_vendor_only_unverified_by_exchange
2021-07-01,8571.76520953,7609.45538369,16181.22059322,-56.46289483,-0.65439734,-43.87552409,-0.57328665,-100.33841892,-0.61627034,DFCF/东方财富Choice数据,dfcf_vendor_only_unverified_by_exchange
2021-07-02,8563.83116685,7596.66135866,16160.49252551,-7.93404268,-0.09256020,-12.79402503,-0.16813326,-20.72806771,-0.12809953,DFCF/东方财富Choice数据,dfcf_vendor_only_unverified_by_exchange
2021-07-05,8597.28229295,7626.43204845,16223.71434140,33.45112610,0.39060936,29.77068979,0.39189176,63.22181589,0.39121218,DFCF/东方财富Choice数据,dfcf_vendor_only_unverified_by_exchange
2021-07-06,8596.43243967,7625.93454673,16222.36698640,-0.84985328,-0.00988514,-0.49750172,-0.00652339,-1.34735500,-0.00830485,DFCF/东方财富Choice数据,dfcf_vendor_only_unverified_by_exchange
2021-07-07,8637.53184065,7653.89786685,16291.42970750,41.09940098,0.47809834,27.96332012,0.36668712,69.06272110,0.42572530,DFCF/东方财富Choice数据,dfcf_vendor_only_unverified_by_exchange
2021-07-08,8667.22341986,7669.48802636,16336.71144622,29.69157921,0.34375074,15.59015951,0.20368915,45.28173872,0.27794822,DFCF/东方财富Choice数据,dfcf_vendor_only_unverified_by_exchange
2021-07-09,8668.11908074,7687.55982129,16355.67890203,0.89566088,0.01033388,18.07179493,0.23563235,18.96745581,0.11610327,DFCF/东方财富Choice数据,dfcf_vendor_only_unverified_by_exchange
2021-07-12,8720.53294616,7724.99806361,16445.53100977,52.41386542,0.60467404,37.43824232,0.48699774,89.85210774,0.54936336,DFCF/东方财富Choice数据,dfcf_vendor_only_unverified_by_exchange
2021-07-13,8741.28252202,7756.93954012,16498.22206214,20.74957586,0.23793931,31.94147651,0.41348200,52.69105237,0.32039739,DFCF/东方财富Choice数据,dfcf_vendor_only_unverified_by_exchange
2021-07-14,8728.99264566,7776.11132540,16505.10397106,-12.28987636,-0.14059580,19.17178528,0.24715656,6.88190892,0.04171303,DFCF/东方财富Choice数据,dfcf_vendor_only_unverified_by_exchange
2021-07-15,8723.44914304,7777.69239414,16501.14153718,-5.54350262,-0.06350679,1.58106874,0.02033238,-3.96243388,-0.02400732,DFCF/东方财富Choice数据,dfcf_vendor_only_unverified_by_exchange
2021-07-16,8712.47201089,7757.16778071,16469.63979160,-10.97713215,-0.12583477,-20.52461343,-0.26389078,-31.50174558,-0.19090646,DFCF/东方财富Choice数据,dfcf_vendor_only_unverified_by_exchange
2021-07-19,8722.04634809,7764.08434235,16486.13069044,9.57433720,0.10989232,6.91656164,0.08916349,16.49089884,0.10012908,DFCF/东方财富Choice数据,dfcf_vendor_only_unverified_by_exchange
2021-07-20,8725.74217435,7781.26755443,16507.00972878,3.69582626,0.04237338,17.18321208,0.22131666,20.87903834,0.12664608,DFCF/东方财富Choice数据,dfcf_vendor_only_unverified_by_exchange
2021-07-21,8762.63677708,7827.67734688,16590.31412396,36.89460273,0.42282481,46.40979245,0.59642972,83.30439518,0.50466073,DFCF/东方财富Choice数据,dfcf_vendor_only_unverified_by_exchange
2021-07-22,8811.45142633,7852.32484281,16663.77626914,48.81464925,0.55707717,24.64749593,0.31487624,73.46214518,0.44280141,DFCF/东方财富Choice数据,dfcf_vendor_only_unverified_by_exchange
2021-07-23,8813.96553942,7836.29926653,16650.26480595,2.51411309,0.02853234,-16.02557628,-0.20408703,-13.51146319,-0.08108284,DFCF/东方财富Choice数据,dfcf_vendor_only_unverified_by_exchange
2021-07-26,8840.72314143,7838.64465243,16679.36779386,26.75760201,0.30358188,2.34538590,0.02992976,29.10298791,0.17478994,DFCF/东方财富Choice数据,dfcf_vendor_only_unverified_by_exchange
2021-07-27,8819.74200598,7780.63914870,16600.38115468,-20.98113545,-0.23732375,-58.00550373,-0.73999405,-78.98663918,-0.47355895,DFCF/东方财富Choice数据,dfcf_vendor_only_unverified_by_exchange
2021-07-28,8750.17626385,7693.80128422,16443.97754807,-69.56574213,-0.78875031,-86.83786448,-1.11607624,-156.40360661,-0.94216877,DFCF/东方财富Choice数据,dfcf_vendor_only_unverified_by_exchange
2021-07-29,8779.35876728,7704.07460200,16483.43336928,29.18250343,0.33350761,10.27331778,0.13352720,39.45582121,0.23994086,DFCF/东方财富Choice数据,dfcf_vendor_only_unverified_by_exchange
2021-07-30,8756.92505732,7718.45872269,16475.38378001,-22.43370996,-0.25552789,14.38412069,0.18670796,-8.04958927,-0.04883442,DFCF/东方财富Choice数据,dfcf_vendor_only_unverified_by_exchange
2021-08-02,8804.43503451,7784.49714474,16588.93217925,47.50997719,0.54254178,66.03842205,0.85559079,113.54839924,0.68920033,DFCF/东方财富Choice数据,dfcf_vendor_only_unverified_by_exchange
2021-08-03,8792.17994964,7784.31951507,16576.49946471,-12.25508487,-0.13919218,-0.17762967,-0.00228184,-12.43271454,-0.07494584,DFCF/东方财富Choice数据,dfcf_vendor_only_unverified_by_exchange
2021-08-04,8819.72881172,7838.93033271,16658.65914443,27.54886208,0.31333369,54.61081764,0.70154902,82.15967972,0.49563950,DFCF/东方财富Choice数据,dfcf_vendor_only_unverified_by_exchange
2021-08-05,8828.04292001,7873.53559180,16701.57851181,8.31410829,0.09426716,34.60525909,0.44145384,42.91936738,0.25763999,DFCF/东方财富Choice数据,dfcf_vendor_only_unverified_by_exchange
2021-08-06,8841.72429529,7865.14670610,16706.87100139,13.68137528,0.15497631,-8.38888570,-0.10654535,5.29248958,0.03168856,DFCF/东方财富Choice数据,dfcf_vendor_only_unverified_by_exchange
2021-08-09,8870.76996399,7899.05581275,16769.82577674,29.04566870,0.32850684,33.90910665,0.43113127,62.95477535,0.37681967,DFCF/东方财富Choice数据,dfcf_vendor_only_unverified_by_exchange
2021-08-10,8871.79157175,7913.66684984,16785.45842159,1.02160776,0.01151656,14.61103709,0.18497194,15.63264485,0.09321889,DFCF/东方财富Choice数据,dfcf_vendor_only_unverified_by_exchange
2021-08-11,8893.99169595,7963.28823811,16857.27993406,22.20012420,0.25023271,49.62138827,0.62703408,71.82151247,0.42787936,DFCF/东方财富Choice数据,dfcf_vendor_only_unverified_by_exchange
2021-08-12,8933.09284237,7992.79624120,16925.88908357,39.10114642,0.43963552,29.50800309,0.37055048,68.60914951,0.40700012,DFCF/东方财富Choice数据,dfcf_vendor_only_unverified_by_exchange
2021-08-13,8911.83785513,7986.15815454,16897.99600967,-21.25498724,-0.23793537,-6.63808666,-0.08305087,-27.89307390,-0.16479532,DFCF/东方财富Choice数据,dfcf_vendor_only_unverified_by_exchange
2021-08-16,8908.15556382,8004.46362009,16912.61918391,-3.68229131,-0.04131910,18.30546555,0.22921491,14.62317424,0.08653792,DFCF/东方财富Choice数据,dfcf_vendor_only_unverified_by_exchange
2021-08-17,8859.23828822,7967.10529406,16826.34358228,-48.91727560,-0.54912911,-37.35832603,-0.46671867,-86.27560163,-0.51012561,DFCF/东方财富Choice数据,dfcf_vendor_only_unverified_by_exchange
2021-08-18,8875.00266893,7964.05756895,16839.06023788,15.76438071,0.17794285,-3.04772511,-0.03825386,12.71665560,0.07557587,DFCF/东方财富Choice数据,dfcf_vendor_only_unverified_by_exchange
2021-08-19,8846.83739098,7973.81391329,16820.65130427,-28.16527795,-0.31735515,9.75634434,0.12250469,-18.40893361,-0.10932281,DFCF/东方财富Choice数据,dfcf_vendor_only_unverified_by_exchange
2021-08-20,8823.09838568,7971.57826588,16794.67665156,-23.73900530,-0.26833324,-2.23564741,-0.02803737,-25.97465271,-0.15442121,DFCF/东方财富Choice数据,dfcf_vendor_only_unverified_by_exchange
2021-08-23,8904.17780550,8028.79979384,16932.97759934,81.07941982,0.91894498,57.22152796,0.71781931,138.30094778,0.82348086,DFCF/东方财富Choice数据,dfcf_vendor_only_unverified_by_exchange
2021-08-24,8934.29651301,8047.26132067,16981.55783368,30.11870751,0.33825366,18.46152683,0.22994130,48.58023434,0.28689717,DFCF/东方财富Choice数据,dfcf_vendor_only_unverified_by_exchange
2021-08-25,8953.34183375,8067.61332063,17020.95515438,19.04532074,0.21317091,20.35199996,0.25290592,39.39732070,0.23200063,DFCF/东方财富Choice数据,dfcf_vendor_only_unverified_by_exchange
2021-08-26,8984.06898219,8074.35249105,17058.42147324,30.72714844,0.34319195,6.73917042,0.08353363,37.46631886,0.22011878,DFCF/东方财富Choice数据,dfcf_vendor_only_unverified_by_exchange
2021-08-27,8949.12847257,8065.03004995,17014.15852252,-34.94050962,-0.38891631,-9.32244110,-0.11545745,-44.26295072,-0.25947859,DFCF/东方财富Choice数据,dfcf_vendor_only_unverified_by_exchange
2021-08-30,8990.89666980,8094.00566990,17084.90233970,41.76819723,0.46672922,28.97561995,0.35927479,70.74381718,0.41579381,DFCF/东方财富Choice数据,dfcf_vendor_only_unverified_by_exchange
2021-08-31,8993.85982475,8072.90503266,17066.76485741,2.96315495,0.03295728,-21.10063724,-0.26069462,-18.13748229,-0.10616088,DFCF/东方财富Choice数据,dfcf_vendor_only_unverified_by_exchange
2021-09-01,9013.44977545,8066.66364182,17080.11341727,19.58995070,0.21781472,-6.24139084,-0.07731282,13.34855986,0.07821377,DFCF/东方财富Choice数据,dfcf_vendor_only_unverified_by_exchange
2021-09-02,9026.56833418,8080.04766005,17106.61599423,13.11855873,0.14554426,13.38401823,0.16591764,26.50257696,0.15516628,DFCF/东方财富Choice数据,dfcf_vendor_only_unverified_by_exchange
2021-09-03,9006.76269106,8036.28016839,17043.04285945,-19.80564312,-0.21941498,-43.76749166,-0.54167368,-63.57313478,-0.37162893,DFCF/东方财富Choice数据,dfcf_vendor_only_unverified_by_exchange
2021-09-06,9060.99410796,8069.21449557,17130.20860353,54.23141690,0.60211886,32.93432718,0.40982054,87.16574408,0.51144473,DFCF/东方财富Choice数据,dfcf_vendor_only_unverified_by_exchange
2021-09-07,9100.90394094,8100.06867397,17200.97261491,39.90983298,0.44045755,30.85417840,0.38236904,70.76401138,0.41309486,DFCF/东方财富Choice数据,dfcf_vendor_only_unverified_by_exchange
2021-09-08,9163.46887959,8144.99285865,17308.46173824,62.56493865,0.68745851,44.92418468,0.55461486,107.48912333,0.62490143,DFCF/东方财富Choice数据,dfcf_vendor_only_unverified_by_exchange
2021-09-09,9227.85428017,8168.60213729,17396.45641746,64.38540058,0.70263130,23.60927864,0.28986248,87.99467922,0.50839110,DFCF/东方财富Choice数据,dfcf_vendor_only_unverified_by_exchange
2021-09-10,9235.83113669,8179.23388291,17415.06501960,7.97685652,0.08644324,10.63174562,0.13015379,18.60860214,0.10696777,DFCF/东方财富Choice数据,dfcf_vendor_only_unverified_by_exchange
2021-09-13,9307.64129760,8219.74054376,17527.38184136,71.81016091,0.77751704,40.50666085,0.49523784,112.31682176,0.64494058,DFCF/东方财富Choice数据,dfcf_vendor_only_unverified_by_exchange
2021-09-14,9318.87499426,8222.87386843,17541.74886269,11.23369666,0.12069327,3.13332467,0.03811951,14.36702133,0.08196901,DFCF/东方财富Choice数据,dfcf_vendor_only_unverified_by_exchange
2021-09-15,9339.56191047,8244.23028406,17583.79219453,20.68691621,0.22198942,21.35641563,0.25971961,42.04333184,0.23967583,DFCF/东方财富Choice数据,dfcf_vendor_only_unverified_by_exchange
2021-09-16,9284.50655117,8194.13477862,17478.64132979,-55.05535930,-0.58948546,-50.09550544,-0.60764321,-105.15086474,-0.59799879,DFCF/东方财富Choice数据,dfcf_vendor_only_unverified_by_exchange
2021-09-17,9182.29550357,8113.17363674,17295.46914031,-102.21104760,-1.10087754,-80.96114188,-0.98803771,-183.17218948,-1.04797728,DFCF/东方财富Choice数据,dfcf_vendor_only_unverified_by_exchange
2021-09-22,9225.35888976,8140.10108359,17365.45997335,43.06338619,0.46898280,26.92744685,0.33189783,69.99083304,0.40467727,DFCF/东方财富Choice数据,dfcf_vendor_only_unverified_by_exchange
2021-09-23,9267.21903101,8147.04207911,17414.26111012,41.86014125,0.45375082,6.94099552,0.08526916,48.80113677,0.28102415,DFCF/东方财富Choice数据,dfcf_vendor_only_unverified_by_exchange
2021-09-24,9212.79018246,8106.99596032,17319.78614278,-54.42884855,-0.58732667,-40.04611879,-0.49154182,-94.47496734,-0.54251493,DFCF/东方财富Choice数据,dfcf_vendor_only_unverified_by_exchange
2021-09-27,9143.64873491,8050.46257315,17194.11130806,-69.14144755,-0.75049411,-56.53338717,-0.69734076,-125.67483472,-0.72561424,DFCF/东方财富Choice数据,dfcf_vendor_only_unverified_by_exchange
2021-09-28,9129.97702505,8031.43222704,17161.40925209,-13.67170986,-0.14952138,-19.03034611,-0.23638823,-32.70205597,-0.19019335,DFCF/东方财富Choice数据,dfcf_vendor_only_unverified_by_exchange
2021-09-29,9069.96167002,7984.52126660,17054.48293662,-60.01535503,-0.65734399,-46.91096044,-0.58409209,-106.92631547,-0.62306256,DFCF/东方财富Choice数据,dfcf_vendor_only_unverified_by_exchange
2021-09-30,8962.54829811,7890.86368159,16853.41197970,-107.41337191,-1.18427592,-93.65758501,-1.17298936,-201.07095692,-1.17899181,DFCF/东方财富Choice数据,dfcf_vendor_only_unverified_by_exchange
2021-10-08,9013.86226189,7947.39793852,16961.26020041,51.31396378,0.57253765,56.53425693,0.71645208,107.84822071,0.63991921,DFCF/东方财富Choice数据,dfcf_vendor_only_unverified_by_exchange
2021-10-11,9026.22940053,7969.44355452,16995.67295505,12.36713864,0.13720133,22.04561600,0.27739414,34.41275464,0.20289032,DFCF/东方财富Choice数据,dfcf_vendor_only_unverified_by_exchange
2021-10-12,9007.41231360,7948.54832274,16955.96063634,-18.81708693,-0.20847118,-20.89523178,-0.26219185,-39.71231871,-0.23366135,DFCF/东方财富Choice数据,dfcf_vendor_only_unverified_by_exchange
2021-10-13,8988.70170634,7938.58223005,16927.28393639,-18.71060726,-0.20772456,-9.96609269,-0.12538255,-28.67669995,-0.16912460,DFCF/东方财富Choice数据,dfcf_vendor_only_unverified_by_exchange
2021-10-14,8987.38267985,7956.72835092,16944.11103077,-1.31902649,-0.01467427,18.14612087,0.22858138,16.82709438,0.09940812,DFCF/东方财富Choice数据,dfcf_vendor_only_unverified_by_exchange
2021-10-15,8958.14114221,7934.62041373,16892.76155594,-29.24153764,-0.32536211,-22.10793719,-0.27785210,-51.34947483,-0.30305204,DFCF/东方财富Choice数据,dfcf_vendor_only_unverified_by_exchange
2021-10-18,9011.00271885,7954.89016786,16965.89288671,52.86157664,0.59009538,20.26975413,0.25545966,73.13133077,0.43291519,DFCF/东方财富Choice数据,dfcf_vendor_only_unverified_by_exchange
2021-10-19,9027.16530777,7970.84517214,16998.01047991,16.16258892,0.17936504,15.95500428,0.20056850,32.11759320,0.18930683,DFCF/东方财富Choice数据,dfcf_vendor_only_unverified_by_exchange
2021-10-20,9057.82630328,7989.01843916,17046.84474244,30.66099551,0.33965253,18.17326702,0.22799674,48.83426253,0.28729399,DFCF/东方财富Choice数据,dfcf_vendor_only_unverified_by_exchange
2021-10-21,9061.55333844,7985.91031203,17047.46365047,3.72703516,0.04114713,-3.10812713,-0.03890499,0.61890803,0.00363063,DFCF/东方财富Choice数据,dfcf_vendor_only_unverified_by_exchange
2021-10-22,9031.52283548,7955.36548877,16986.88832425,-30.03050296,-0.33140569,-30.54482326,-0.38248393,-60.57532622,-0.35533336,DFCF/东方财富Choice数据,dfcf_vendor_only_unverified_by_exchange
2021-10-25,9059.11108778,7996.01563614,17055.12672392,27.58825230,0.30546623,40.65014737,0.51097775,68.23839967,0.40171218,DFCF/东方财富Choice数据,dfcf_vendor_only_unverified_by_exchange
2021-10-26,9086.01388757,7998.28210850,17084.29599607,26.90279979,0.29696953,2.26647236,0.02834502,29.16927215,0.17102935,DFCF/东方财富Choice数据,dfcf_vendor_only_unverified_by_exchange
2021-10-27,9106.63397709,7989.57348459,17096.20746168,20.62008952,0.22694319,-8.70862391,-0.10888118,11.91146561,0.06972172,DFCF/东方财富Choice数据,dfcf_vendor_only_unverified_by_exchange
2021-10-28,9068.12813649,7937.25305138,17005.38118787,-38.50584060,-0.42283286,-52.32043321,-0.65485890,-90.82627381,-0.53126563,DFCF/东方财富Choice数据,dfcf_vendor_only_unverified_by_exchange
2021-10-29,9038.63548830,7929.55630199,16968.19179029,-29.49264819,-0.32523414,-7.69674939,-0.09696994,-37.18939758,-0.21869194,DFCF/东方财富Choice数据,dfcf_vendor_only_unverified_by_exchange
2021-11-01,9049.08107430,7963.39232843,17012.47340273,10.44558600,0.11556596,33.83602644,0.42670769,44.28161244,0.26096836,DFCF/东方财富Choice数据,dfcf_vendor_only_unverified_by_exchange
2021-11-02,9022.16238930,7935.24242164,16957.40481094,-26.91868500,-0.29747424,-28.14990679,-0.35349140,-55.06859179,-0.32369539,DFCF/东方财富Choice数据,dfcf_vendor_only_unverified_by_exchange
2021-11-03,9000.87292307,7927.03598809,16927.90891116,-21.28946623,-0.23596856,-8.20643355,-0.10341755,-29.49589978,-0.17394112,DFCF/东方财富Choice数据,dfcf_vendor_only_unverified_by_exchange
2021-11-04,9024.39884671,7947.83974698,16972.23859369,23.52592364,0.26137380,20.80375889,0.26244058,44.32968253,0.26187335,DFCF/东方财富Choice数据,dfcf_vendor_only_unverified_by_exchange
2021-11-05,8957.95759951,7915.10891734,16873.06651685,-66.44124720,-0.73624015,-32.73082964,-0.41182045,-99.17207684,-0.58431937,DFCF/东方财富Choice数据,dfcf_vendor_only_unverified_by_exchange
2021-11-08,8968.75925401,7958.85426919,16927.61352320,10.80165450,0.12058167,43.74535185,0.55268162,54.54700635,0.32327856,DFCF/东方财富Choice数据,dfcf_vendor_only_unverified_by_exchange
2021-11-09,8987.07817919,7972.28197479,16959.36015398,18.31892518,0.20425261,13.42770560,0.16871405,31.74663078,0.18754345,DFCF/东方财富Choice数据,dfcf_vendor_only_unverified_by_exchange
2021-11-10,8993.31842771,7986.51652796,16979.83495567,6.24024852,0.06943579,14.23455317,0.17855055,20.47480169,0.12072862,DFCF/东方财富Choice数据,dfcf_vendor_only_unverified_by_exchange
2021-11-11,8996.51946243,7994.82914102,16991.34860345,3.20103472,0.03559348,8.31261306,0.10408309,11.51364778,0.06780777,DFCF/东方财富Choice数据,dfcf_vendor_only_unverified_by_exchange
2021-11-12,8969.86190333,8010.35714826,16980.21905159,-26.65755910,-0.29630969,15.52800724,0.19422563,-11.12955186,-0.06550129,DFCF/东方财富Choice数据,dfcf_vendor_only_unverified_by_exchange
2021-11-15,8970.01566079,8030.41991025,17000.43557104,0.15375746,0.00171416,20.06276199,0.25046027,20.21651945,0.11905924,DFCF/东方财富Choice数据,dfcf_vendor_only_unverified_by_exchange
2021-11-16,8952.03793301,8014.50805365,16966.54598666,-17.97772778,-0.20042025,-15.91185660,-0.19814476,-33.88958438,-0.19934539,DFCF/东方财富Choice数据,dfcf_vendor_only_unverified_by_exchange
2021-11-17,8967.10208816,8039.36951024,17006.47159840,15.06415515,0.16827627,24.86145659,0.31020565,39.92561174,0.23531962,DFCF/东方财富Choice数据,dfcf_vendor_only_unverified_by_exchange
2021-11-18,8978.10789912,8041.88009179,17019.98799091,11.00581096,0.12273543,2.51058155,0.03122859,13.51639251,0.07947794,DFCF/东方财富Choice数据,dfcf_vendor_only_unverified_by_exchange
2021-11-19,8969.57362621,8033.86032693,17003.43395314,-8.53427291,-0.09505648,-8.01976486,-0.09972500,-16.55403777,-0.09726234,DFCF/东方财富Choice数据,dfcf_vendor_only_unverified_by_exchange
2021-11-22,9023.71955149,8088.02306359,17111.74261508,54.14592528,0.60366220,54.16273666,0.67418071,108.30866194,0.63698111,DFCF/东方财富Choice数据,dfcf_vendor_only_unverified_by_exchange
2021-11-23,9041.16936824,8107.44067317,17148.61004141,17.44981675,0.19337721,19.41760958,0.24007856,36.86742633,0.21545103,DFCF/东方财富Choice数据,dfcf_vendor_only_unverified_by_exchange
2021-11-24,9045.74071421,8141.05050029,17186.79121450,4.57134597,0.05056145,33.60982712,0.41455533,38.18117309,0.22264879,DFCF/东方财富Choice数据,dfcf_vendor_only_unverified_by_exchange
2021-11-25,9056.79295346,8156.11344343,17212.90639689,11.05223925,0.12218169,15.06294314,0.18502456,26.11518239,0.15194915,DFCF/东方财富Choice数据,dfcf_vendor_only_unverified_by_exchange
2021-11-26,9044.36858616,8133.60903497,17177.97762113,-12.42436730,-0.13718286,-22.50440846,-0.27592074,-34.92877576,-0.20292201,DFCF/东方财富Choice数据,dfcf_vendor_only_unverified_by_exchange
2021-11-29,9068.73810702,8136.50957266,17205.24767968,24.36952086,0.26944414,2.90053769,0.03566114,27.27005855,0.15875011,DFCF/东方财富Choice数据,dfcf_vendor_only_unverified_by_exchange
2021-11-30,9084.83085484,8154.70208244,17239.53293728,16.09274782,0.17745300,18.19250978,0.22359108,34.28525760,0.19927210,DFCF/东方财富Choice数据,dfcf_vendor_only_unverified_by_exchange
2021-12-01,9103.08466514,8166.44320751,17269.52787265,18.25381030,0.20092625,11.74112507,0.14397982,29.99493537,0.17398926,DFCF/东方财富Choice数据,dfcf_vendor_only_unverified_by_exchange
2021-12-02,9084.89878210,8164.88828537,17249.78706747,-18.18588304,-0.19977715,-1.55492214,-0.01904038,-19.74080518,-0.11431005,DFCF/东方财富Choice数据,dfcf_vendor_only_unverified_by_exchange
2021-12-03,9074.43980718,8156.75732224,17231.19712942,-10.45897492,-0.11512484,-8.13096313,-0.09958450,-18.58993805,-0.10776909,DFCF/东方财富Choice数据,dfcf_vendor_only_unverified_by_exchange
2021-12-06,9074.63353414,8151.00935357,17225.64288771,0.19372696,0.00213486,-5.74796867,-0.07046880,-5.55424171,-0.03223364,DFCF/东方财富Choice数据,dfcf_vendor_only_unverified_by_exchange
2021-12-07,9061.17771051,8134.85711884,17196.03482935,-13.45582363,-0.14827953,-16.15223473,-0.19816239,-29.60805836,-0.17188362,DFCF/东方财富Choice数据,dfcf_vendor_only_unverified_by_exchange
2021-12-08,9078.81320453,8143.52730424,17222.34050877,17.63549402,0.19462695,8.67018540,0.10658067,26.30567942,0.15297526,DFCF/东方财富Choice数据,dfcf_vendor_only_unverified_by_exchange
2021-12-09,9088.80092802,8136.59665319,17225.39758121,9.98772349,0.11001133,-6.93065105,-0.08510625,3.05707244,0.01775062,DFCF/东方财富Choice数据,dfcf_vendor_only_unverified_by_exchange
2021-12-10,9100.33221248,8139.46500207,17239.79721455,11.53128446,0.12687355,2.86834888,0.03525244,14.39963334,0.08359536,DFCF/东方财富Choice数据,dfcf_vendor_only_unverified_by_exchange
2021-12-13,9139.50078858,8150.26727065,17289.76805923,39.16857610,0.43040820,10.80226858,0.13271472,49.97084468,0.28985750,DFCF/东方财富Choice数据,dfcf_vendor_only_unverified_by_exchange
2021-12-14,9153.38431382,8156.25633695,17309.64065077,13.88352524,0.15190682,5.98906630,0.07348307,19.87259154,0.11493845,DFCF/东方财富Choice数据,dfcf_vendor_only_unverified_by_exchange
2021-12-15,9172.86307636,8155.48835405,17328.35143041,19.47876254,0.21280394,-0.76798290,-0.00941587,18.71077964,0.10809456,DFCF/东方财富Choice数据,dfcf_vendor_only_unverified_by_exchange
2021-12-16,9165.42583380,8163.02223238,17328.44806618,-7.43724256,-0.08107875,7.53387833,0.09237802,0.09663577,0.00055767,DFCF/东方财富Choice数据,dfcf_vendor_only_unverified_by_exchange
2021-12-17,9123.80095462,8137.07252493,17260.87347955,-41.62487918,-0.45415107,-25.94970745,-0.31789338,-67.57458663,-0.38996329,DFCF/东方财富Choice数据,dfcf_vendor_only_unverified_by_exchange
2021-12-20,9112.83958963,8124.96330792,17237.80289755,-10.96136499,-0.12014033,-12.10921701,-0.14881540,-23.07058200,-0.13365825,DFCF/东方财富Choice数据,dfcf_vendor_only_unverified_by_exchange
2021-12-21,9102.11617764,8118.21189816,17220.32807580,-10.72341199,-0.11767366,-6.75140976,-0.08309465,-17.47482175,-0.10137499,DFCF/东方财富Choice数据,dfcf_vendor_only_unverified_by_exchange
2021-12-22,9107.05749396,8125.62646780,17232.68396176,4.94131632,0.05428755,7.41456964,0.09133255,12.35588596,0.07175175,DFCF/东方财富Choice数据,dfcf_vendor_only_unverified_by_exchange
2021-12-23,9109.55003301,8129.77622691,17239.32625992,2.49253905,0.02736931,4.14975911,0.05107002,6.64229816,0.03854477,DFCF/东方财富Choice数据,dfcf_vendor_only_unverified_by_exchange
2021-12-24,9057.42911873,8092.42132223,17149.85044096,-52.12091428,-0.57215685,-37.35490468,-0.45948257,-89.47581896,-0.51902155,DFCF/东方财富Choice数据,dfcf_vendor_only_unverified_by_exchange
2021-12-27,9079.36630520,8105.22383672,17184.59014192,21.93718647,0.24220103,12.80251449,0.15820376,34.73970096,0.20256562,DFCF/东方财富Choice数据,dfcf_vendor_only_unverified_by_exchange
2021-12-28,9096.65874508,8115.74889034,17212.40763542,17.29243988,0.19045867,10.52505362,0.12985519,27.81749350,0.16187464,DFCF/东方财富Choice数据,dfcf_vendor_only_unverified_by_exchange
2021-12-29,9086.22510506,8125.25186910,17211.47697416,-10.43364002,-0.11469750,9.50297876,0.11709306,-0.93066126,-0.00540692,DFCF/东方财富Choice数据,dfcf_vendor_only_unverified_by_exchange
2021-12-30,9085.62701859,8128.00502650,17213.63204509,-0.59808647,-0.00658234,2.75315740,0.03388396,2.15507093,0.01252113,DFCF/东方财富Choice数据,dfcf_vendor_only_unverified_by_exchange
2021-12-31,9030.74844982,8089.76134174,17120.50979156,-54.87856877,-0.60401521,-38.24368476,-0.47051748,-93.12225353,-0.54097969,DFCF/东方财富Choice数据,dfcf_vendor_only_unverified_by_exchange
2022-01-04,9060.57651977,8129.70787875,17190.28439852,29.82806995,0.33029455,39.94653701,0.49379129,69.77460696,0.40754982,DFCF/东方财富Choice数据,dfcf_vendor_only_unverified_by_exchange
2022-01-05,9041.67215798,8121.54757945,17163.21973743,-18.90436179,-0.20864414,-8.16029930,-0.10037629,-27.06466109,-0.15744161,DFCF/东方财富Choice数据,dfcf_vendor_only_unverified_by_exchange
2022-01-06,9040.82746979,8137.66691068,17178.49438047,-0.84468819,-0.00934217,16.11933123,0.19847610,15.27464304,0.08899637,DFCF/东方财富Choice数据,dfcf_vendor_only_unverified_by_exchange
2022-01-07,8958.13442330,8068.88273850,17027.01716180,-82.69304649,-0.91466237,-68.78417218,-0.84525667,-151.47721867,-0.88178402,DFCF/东方财富Choice数据,dfcf_vendor_only_unverified_by_exchange
2022-01-10,8968.73723408,8076.63576548,17045.37299956,10.60281078,0.11835959,7.75302698,0.09608551,18.35583776,0.10780419,DFCF/东方财富Choice数据,dfcf_vendor_only_unverified_by_exchange
2022-01-11,8967.37126432,8068.66742672,17036.03869104,-1.36596976,-0.01523035,-7.96833876,-0.09865913,-9.33430852,-0.05476154,DFCF/东方财富Choice数据,dfcf_vendor_only_unverified_by_exchange
2022-01-12,8984.05575020,8073.85955517,17057.91530537,16.68448588,0.18605771,5.19212845,0.06434927,21.87661433,0.12841374,DFCF/东方财富Choice数据,dfcf_vendor_only_unverified_by_exchange
2022-01-13,8972.15444391,8080.31003026,17052.46447417,-11.90130629,-0.13247142,6.45047509,0.07989333,-5.45083120,-0.03195485,DFCF/东方财富Choice数据,dfcf_vendor_only_unverified_by_exchange
2022-01-14,8955.39506386,8053.86702004,17009.26208390,-16.75938005,-0.18679326,-26.44301022,-0.32725242,-43.20239027,-0.25334983,DFCF/东方财富Choice数据,dfcf_vendor_only_unverified_by_exchange
2022-01-17,8967.35334253,8085.98834359,17053.34168612,11.95827867,0.13353156,32.12132355,0.39883106,44.07960222,0.25915059,DFCF/东方财富Choice数据,dfcf_vendor_only_unverified_by_exchange
2022-01-18,8951.90092705,8068.27639701,17020.17732406,-15.45241548,-0.17231857,-17.71194658,-0.21904492,-33.16436206,-0.19447427,DFCF/东方财富Choice数据,dfcf_vendor_only_unverified_by_exchange
2022-01-19,8920.08945432,8067.60712605,16987.69658037,-31.81147273,-0.35535997,-0.66927096,-0.00829509,-32.48074369,-0.19083669,DFCF/东方财富Choice数据,dfcf_vendor_only_unverified_by_exchange
2022-01-20,8866.86826861,8017.86415773,16884.73242634,-53.22118571,-0.59664408,-49.74296832,-0.61657648,-102.96415403,-0.60611015,DFCF/东方财富Choice数据,dfcf_vendor_only_unverified_by_exchange
2022-01-21,8813.53735363,7951.48628403,16765.02363766,-53.33091498,-0.60146281,-66.37787370,-0.82787476,-119.70878868,-0.70897652,DFCF/东方财富Choice数据,dfcf_vendor_only_unverified_by_exchange
2022-01-24,8794.33636370,7945.66460854,16740.00097224,-19.20098993,-0.21785793,-5.82167549,-0.07321493,-25.02266542,-0.14925518,DFCF/东方财富Choice数据,dfcf_vendor_only_unverified_by_exchange
2022-01-25,8757.61757447,7890.93034954,16648.54792401,-36.71878923,-0.41752769,-54.73425900,-0.68885690,-91.45304823,-0.54631447,DFCF/东方财富Choice数据,dfcf_vendor_only_unverified_by_exchange
2022-01-26,8726.93075234,7848.65179078,16575.58254312,-30.68682213,-0.35040149,-42.27855876,-0.53578674,-72.96538089,-0.43826874,DFCF/东方财富Choice数据,dfcf_vendor_only_unverified_by_exchange
2022-01-27,8682.50393955,7801.54059779,16484.04453734,-44.42681279,-0.50907718,-47.11119299,-0.60024568,-91.53800578,-0.55224609,DFCF/东方财富Choice数据,dfcf_vendor_only_unverified_by_exchange
2022-01-28,8547.40314467,7655.44431852,16202.84746319,-135.10079488,-1.55601190,-146.09627927,-1.87265935,-281.19707415,-1.70587427,DFCF/东方财富Choice数据,dfcf_vendor_only_unverified_by_exchange
2022-02-07,8559.01800819,7678.89837723,16237.91638542,11.61486352,0.13588763,23.45405871,0.30637097,35.06892223,0.21643679,DFCF/东方财富Choice数据,dfcf_vendor_only_unverified_by_exchange
2022-02-08,8544.84927188,7679.91506876,16224.76434064,-14.16873631,-0.16554161,1.01669153,0.01324007,-13.15204478,-0.08099589,DFCF/东方财富Choice数据,dfcf_vendor_only_unverified_by_exchange
2022-02-09,8548.50368933,7702.61585017,16251.11953950,3.65441745,0.04276749,22.70078141,0.29558636,26.35519886,0.16243810,DFCF/东方财富Choice数据,dfcf_vendor_only_unverified_by_exchange
2022-02-10,8535.70690387,7705.87356687,16241.58047074,-12.79678546,-0.14969620,3.25771670,0.04229364,-9.53906876,-0.05869792,DFCF/东方财富Choice数据,dfcf_vendor_only_unverified_by_exchange
2022-02-11,8497.88559074,7681.61542397,16179.50101471,-37.82131313,-0.44309527,-24.25814290,-0.31480069,-62.07945603,-0.38222546,DFCF/东方财富Choice数据,dfcf_vendor_only_unverified_by_exchange
2022-02-14,8525.06500811,7684.60557245,16209.67058056,27.17941737,0.31983741,2.99014848,0.03892604,30.16956585,0.18646784,DFCF/东方财富Choice数据,dfcf_vendor_only_unverified_by_exchange
2022-02-15,8536.14767892,7681.00594516,16217.15362408,11.08267081,0.13000101,-3.59962729,-0.04684206,7.48304352,0.04616407,DFCF/东方财富Choice数据,dfcf_vendor_only_unverified_by_exchange
2022-02-16,8534.61937896,7698.04778706,16232.66716602,-1.52829996,-0.01790386,17.04184190,0.22186992,15.51354194,0.09566131,DFCF/东方财富Choice数据,dfcf_vendor_only_unverified_by_exchange
2022-02-17,8534.70424387,7701.77948304,16236.48372691,0.08486491,0.00099436,3.73169598,0.04847587,3.81656089,0.02351161,DFCF/东方财富Choice数据,dfcf_vendor_only_unverified_by_exchange
2022-02-18,8512.55690984,7686.24345923,16198.80036907,-22.14733403,-0.25949738,-15.53602381,-0.20171993,-37.68335784,-0.23209063,DFCF/东方财富Choice数据,dfcf_vendor_only_unverified_by_exchange
2022-02-21,8544.04344357,7724.13928736,16268.18273093,31.48653373,0.36988339,37.89582813,0.49303445,69.38236186,0.42831790,DFCF/东方财富Choice数据,dfcf_vendor_only_unverified_by_exchange
2022-02-22,8561.49573287,7735.28603176,16296.78176463,17.45228930,0.20426265,11.14674440,0.14431050,28.59903370,0.17579735,DFCF/东方财富Choice数据,dfcf_vendor_only_unverified_by_exchange
2022-02-23,8591.58753274,7770.63531637,16362.22284911,30.09179987,0.35147830,35.34928461,0.45698743,65.44108448,0.40155833,DFCF/东方财富Choice数据,dfcf_vendor_only_unverified_by_exchange
2022-02-24,8591.70791373,7723.12254562,16314.83045935,0.12038099,0.00140115,-47.51277075,-0.61143998,-47.39238976,-0.28964518,DFCF/东方财富Choice数据,dfcf_vendor_only_unverified_by_exchange
2022-02-25,8578.90092841,7716.50350486,16295.40443327,-12.80698532,-0.14906216,-6.61904076,-0.08570420,-19.42602608,-0.11906974,DFCF/东方财富Choice数据,dfcf_vendor_only_unverified_by_exchange
2022-02-28,8580.10482942,7731.05102050,16311.15584992,1.20390101,0.01403328,14.54751564,0.18852471,15.75141665,0.09666171,DFCF/东方财富Choice数据,dfcf_vendor_only_unverified_by_exchange
2022-03-01,8583.04931586,7743.43798312,16326.48729898,2.94448644,0.03431760,12.38696262,0.16022353,15.33144906,0.09399364,DFCF/东方财富Choice数据,dfcf_vendor_only_unverified_by_exchange
2022-03-02,8590.52842301,7755.79889878,16346.32732179,7.47910715,0.08713811,12.36091566,0.15963085,19.84002281,0.12152046,DFCF/东方财富Choice数据,dfcf_vendor_only_unverified_by_exchange
2022-03-03,8583.43094456,7751.06276897,16334.49371353,-7.09747845,-0.08261981,-4.73612981,-0.06106566,-11.83360826,-0.07239307,DFCF/东方财富Choice数据,dfcf_vendor_only_unverified_by_exchange
2022-03-04,8562.18564496,7718.95014896,16281.13579392,-21.24529960,-0.24751524,-32.11262001,-0.41429957,-53.35791961,-0.32665793,DFCF/东方财富Choice数据,dfcf_vendor_only_unverified_by_exchange
2022-03-07,8592.49648231,7721.04643856,16313.54292087,30.31083735,0.35400818,2.09628960,0.02715770,32.40712695,0.19904709,DFCF/东方财富Choice数据,dfcf_vendor_only_unverified_by_exchange
2022-03-08,8597.65307764,7696.44536078,16294.09843842,5.15659533,0.06001277,-24.60107778,-0.31862362,-19.44448245,-0.11919227,DFCF/东方财富Choice数据,dfcf_vendor_only_unverified_by_exchange
2022-03-09,8568.88363483,7646.99525570,16215.87889053,-28.76944281,-0.33461972,-49.45010508,-0.64250576,-78.21954789,-0.48004833,DFCF/东方财富Choice数据,dfcf_vendor_only_unverified_by_exchange
2022-03-10,8557.56680056,7637.30356886,16194.87036942,-11.31683427,-0.13206895,-9.69168684,-0.12673850,-21.00852111,-0.12955524,DFCF/东方财富Choice数据,dfcf_vendor_only_unverified_by_exchange
2022-03-11,8533.09031318,7600.63406023,16133.72437341,-24.47648738,-0.28602158,-36.66950863,-0.48013685,-61.14599601,-0.37756397,DFCF/东方财富Choice数据,dfcf_vendor_only_unverified_by_exchange
2022-03-14,8545.17735470,7602.52318608,16147.70054078,12.08704152,0.14164905,1.88912585,0.02485485,13.97616737,0.08662704,DFCF/东方财富Choice数据,dfcf_vendor_only_unverified_by_exchange
2022-03-15,8486.23434249,7537.42176064,16023.65610313,-58.94301221,-0.68978103,-65.10142544,-0.85631341,-124.04443765,-0.76818639,DFCF/东方财富Choice数据,dfcf_vendor_only_unverified_by_exchange
2022-03-16,8461.94275056,7518.33200488,15980.27475544,-24.29159193,-0.28624701,-19.08975576,-0.25326639,-43.38134769,-0.27073314,DFCF/东方财富Choice数据,dfcf_vendor_only_unverified_by_exchange
2022-03-17,8436.97373088,7501.26526351,15938.23899439,-24.96901968,-0.29507432,-17.06674137,-0.22700170,-42.03576105,-0.26304780,DFCF/东方财富Choice数据,dfcf_vendor_only_unverified_by_exchange
2022-03-18,8375.39032759,7492.00067685,15867.39100444,-61.58340329,-0.72992290,-9.26458666,-0.12350699,-70.84798995,-0.44451580,DFCF/东方财富Choice数据,dfcf_vendor_only_unverified_by_exchange
2022-03-21,8403.83540777,7510.84574602,15914.68115379,28.44508018,0.33962692,18.84506917,0.25153587,47.29014935,0.29803355,DFCF/东方财富Choice数据,dfcf_vendor_only_unverified_by_exchange
2022-03-22,8400.92127566,7516.08052314,15917.00179880,-2.91413211,-0.03467622,5.23477712,0.06969624,2.32064501,0.01458179,DFCF/东方财富Choice数据,dfcf_vendor_only_unverified_by_exchange
2022-03-23,8403.33260621,7514.06921449,15917.40182070,2.41133055,0.02870317,-2.01130865,-0.02676007,0.40002190,0.00251317,DFCF/东方财富Choice数据,dfcf_vendor_only_unverified_by_exchange
2022-03-24,8396.18088604,7516.59957993,15912.78046597,-7.15172017,-0.08510576,2.53036544,0.03367504,-4.62135473,-0.02903335,DFCF/东方财富Choice数据,dfcf_vendor_only_unverified_by_exchange
2022-03-25,8374.09442628,7497.94716045,15872.04158673,-22.08645976,-0.26305364,-18.65241948,-0.24814970,-40.73887924,-0.25601358,DFCF/东方财富Choice数据,dfcf_vendor_only_unverified_by_exchange
2022-03-28,8368.38011083,7491.10913652,15859.48924735,-5.71431545,-0.06823801,-6.83802393,-0.09119861,-12.55233938,-0.07908459,DFCF/东方财富Choice数据,dfcf_vendor_only_unverified_by_exchange
2022-03-29,8358.96947038,7479.37145247,15838.34092285,-9.41064045,-0.11245474,-11.73768405,-0.15668820,-21.14832450,-0.13334808,DFCF/东方财富Choice数据,dfcf_vendor_only_unverified_by_exchange
2022-03-30,8379.63805834,7484.64057682,15864.27863516,20.66858796,0.24726239,5.26912435,0.07044876,25.93771231,0.16376534,DFCF/东方财富Choice数据,dfcf_vendor_only_unverified_by_exchange
2022-03-31,8348.78658068,7458.12699607,15806.91357675,-30.85147766,-0.36817196,-26.51358075,-0.35423987,-57.36505841,-0.36159891,DFCF/东方财富Choice数据,dfcf_vendor_only_unverified_by_exchange
2022-04-01,8297.94726178,7402.19626390,15700.14352568,-50.83931890,-0.60894261,-55.93073217,-0.74993001,-106.77005107,-0.67546426,DFCF/东方财富Choice数据,dfcf_vendor_only_unverified_by_exchange
2022-04-06,8335.03942754,7428.01894302,15763.05837056,37.09216576,0.44700412,25.82267912,0.34885159,62.91484488,0.40072783,DFCF/东方财富Choice数据,dfcf_vendor_only_unverified_by_exchange
2022-04-07,8317.06002323,7406.95565605,15724.01567928,-17.97940431,-0.21570869,-21.06328697,-0.28356534,-39.04269128,-0.24768475,DFCF/东方财富Choice数据,dfcf_vendor_only_unverified_by_exchange
2022-04-08,8288.36634090,7377.02357870,15665.38991960,-28.69368233,-0.34499790,-29.93207735,-0.40410769,-58.62575968,-0.37284216,DFCF/东方财富Choice数据,dfcf_vendor_only_unverified_by_exchange
2022-04-11,8258.57374580,7330.20374502,15588.77749082,-29.79259510,-0.35945075,-46.81983368,-0.63467106,-76.61242878,-0.48905536,DFCF/东方财富Choice数据,dfcf_vendor_only_unverified_by_exchange
2022-04-12,8249.19866194,7316.46500886,15565.66367080,-9.37508386,-0.11351941,-13.73873616,-0.18742639,-23.11382002,-0.14827218,DFCF/东方财富Choice数据,dfcf_vendor_only_unverified_by_exchange
2022-04-13,8231.45306933,7282.99589928,15514.44896861,-17.74559261,-0.21511899,-33.46910958,-0.45744919,-51.21470219,-0.32902357,DFCF/东方财富Choice数据,dfcf_vendor_only_unverified_by_exchange
2022-04-14,8222.08340708,7280.06353599,15502.14694307,-9.36966225,-0.11382756,-2.93236329,-0.04026315,-12.30202554,-0.07929399,DFCF/东方财富Choice数据,dfcf_vendor_only_unverified_by_exchange
2022-04-15,8183.88672866,7230.18216333,15414.06889199,-38.19667842,-0.46456204,-49.88137266,-0.68517771,-88.07805108,-0.56816679,DFCF/东方财富Choice数据,dfcf_vendor_only_unverified_by_exchange
2022-04-18,8184.59315143,7225.60771525,15410.20086668,0.70642277,0.00863187,-4.57444808,-0.06326878,-3.86802531,-0.02509412,DFCF/东方财富Choice数据,dfcf_vendor_only_unverified_by_exchange
2022-04-19,8183.41922489,7217.31110196,15400.73032685,-1.17392654,-0.01434313,-8.29661329,-0.11482236,-9.47053983,-0.06145630,DFCF/东方财富Choice数据,dfcf_vendor_only_unverified_by_exchange
2022-04-20,8187.24649829,7209.79435887,15397.04085716,3.82727340,0.04676863,-7.51674309,-0.10414880,-3.68946969,-0.02395646,DFCF/东方财富Choice数据,dfcf_vendor_only_unverified_by_exchange
2022-04-21,8142.45491550,7153.83078729,15296.28570279,-44.79158279,-0.54708971,-55.96357158,-0.77621592,-100.75515437,-0.65437999,DFCF/东方财富Choice数据,dfcf_vendor_only_unverified_by_exchange
2022-04-22,8080.88418338,7089.08721045,15169.97139383,-61.57073212,-0.75616915,-64.74357684,-0.90501968,-126.31430896,-0.82578419,DFCF/东方财富Choice数据,dfcf_vendor_only_unverified_by_exchange
2022-04-25,7987.77756593,6946.67635735,14934.45392328,-93.10661745,-1.15218354,-142.41085310,-2.00887433,-235.51747055,-1.55252416,DFCF/东方财富Choice数据,dfcf_vendor_only_unverified_by_exchange
2022-04-26,7853.42465926,6801.07515895,14654.49981821,-134.35290667,-1.68198107,-145.60119840,-2.09598362,-279.95410507,-1.87455200,DFCF/东方财富Choice数据,dfcf_vendor_only_unverified_by_exchange
2022-04-27,7794.34455889,6745.66975588,14540.01431477,-59.08010037,-0.75228455,-55.40540307,-0.81465653,-114.48550344,-0.78123105,DFCF/东方财富Choice数据,dfcf_vendor_only_unverified_by_exchange
2022-04-28,7743.83614466,6700.73206307,14444.56820773,-50.50841423,-0.64801362,-44.93769281,-0.66617096,-95.44610704,-0.65643750,DFCF/东方财富Choice数据,dfcf_vendor_only_unverified_by_exchange
2022-04-29,7683.84978166,6653.81895790,14337.66873956,-59.98636300,-0.77463368,-46.91310517,-0.70011910,-106.89946817,-0.74006690,DFCF/东方财富Choice数据,dfcf_vendor_only_unverified_by_exchange
2022-05-05,7703.58757845,6693.96568503,14397.55326348,19.73779679,0.25687380,40.14672713,0.60336368,59.88452392,0.41767267,DFCF/东方财富Choice数据,dfcf_vendor_only_unverified_by_exchange
2022-05-06,7706.36270872,6681.43109469,14387.79380341,2.77513027,0.03602387,-12.53459034,-0.18725209,-9.75946007,-0.06778555,DFCF/东方财富Choice数据,dfcf_vendor_only_unverified_by_exchange
2022-05-09,7725.94360832,6682.75740546,14408.70101378,19.58089960,0.25408744,1.32631077,0.01985070,20.90721037,0.14531214,DFCF/东方财富Choice数据,dfcf_vendor_only_unverified_by_exchange
2022-05-10,7730.26055278,6693.17626842,14423.43682120,4.31694446,0.05587595,10.41886296,0.15590665,14.73580742,0.10227020,DFCF/东方财富Choice数据,dfcf_vendor_only_unverified_by_exchange
2022-05-11,7752.40016082,6713.51076768,14465.91092850,22.13960804,0.28640183,20.33449926,0.30380941,42.47410730,0.29447980,DFCF/东方财富Choice数据,dfcf_vendor_only_unverified_by_exchange
2022-05-12,7756.06280676,6702.87171557,14458.93452233,3.66264594,0.04724532,-10.63905211,-0.15847226,-6.97640617,-0.04822653,DFCF/东方财富Choice数据,dfcf_vendor_only_unverified_by_exchange
2022-05-13,7741.54774214,6695.67355401,14437.22129615,-14.51506462,-0.18714475,-7.19816156,-0.10738922,-21.71322618,-0.15017169,DFCF/东方财富Choice数据,dfcf_vendor_only_unverified_by_exchange
2022-05-16,7757.27439591,6697.39153335,14454.66592926,15.72665377,0.20314612,1.71797934,0.02565805,17.44463311,0.12083096,DFCF/东方财富Choice数据,dfcf_vendor_only_unverified_by_exchange
2022-05-17,7752.07185635,6697.84905103,14449.92090738,-5.20253956,-0.06706659,0.45751768,0.00683128,-4.74502188,-0.03282692,DFCF/东方财富Choice数据,dfcf_vendor_only_unverified_by_exchange
2022-05-18,7768.47783482,6695.79450557,14464.27234039,16.40597847,0.21163347,-2.05454546,-0.03067471,14.35143301,0.09931842,DFCF/东方财富Choice数据,dfcf_vendor_only_unverified_by_exchange
2022-05-19,7772.72455643,6694.66432823,14467.38888466,4.24672161,0.05466607,-1.13017734,-0.01687891,3.11654427,0.02154650,DFCF/东方财富Choice数据,dfcf_vendor_only_unverified_by_exchange
2022-05-20,7753.82706063,6683.25834979,14437.08541042,-18.89749580,-0.24312576,-11.40597844,-0.17037416,-30.30347424,-0.20946056,DFCF/东方财富Choice数据,dfcf_vendor_only_unverified_by_exchange
2022-05-23,7782.51389141,6712.37371415,14494.88760556,28.68683078,0.36996996,29.11536436,0.43564625,57.80219514,0.40037302,DFCF/东方财富Choice数据,dfcf_vendor_only_unverified_by_exchange
2022-05-24,7762.97399896,6709.43995296,14472.41395192,-19.53989245,-0.25107430,-2.93376119,-0.04370676,-22.47365364,-0.15504538,DFCF/东方财富Choice数据,dfcf_vendor_only_unverified_by_exchange
2022-05-25,7769.48782318,6718.51504563,14488.00286881,6.51382422,0.08390888,9.07509267,0.13525857,15.58891689,0.10771470,DFCF/东方财富Choice数据,dfcf_vendor_only_unverified_by_exchange
2022-05-26,7768.61193425,6718.45817955,14487.07011380,-0.87588893,-0.01127344,-0.05686608,-0.00084641,-0.93275501,-0.00643812,DFCF/东方财富Choice数据,dfcf_vendor_only_unverified_by_exchange
2022-05-27,7739.04370625,6698.90049709,14437.94420334,-29.56822800,-0.38061147,-19.55768246,-0.29110373,-49.12591046,-0.33910177,DFCF/东方财富Choice数据,dfcf_vendor_only_unverified_by_exchange
2022-05-30,7752.87251445,6697.18199511,14450.05450956,13.82880820,0.17868885,-1.71850198,-0.02565349,12.11030622,0.08387833,DFCF/东方财富Choice数据,dfcf_vendor_only_unverified_by_exchange
2022-05-31,7753.91474256,6691.72979464,14445.64453720,1.04222811,0.01344312,-5.45220047,-0.08141037,-4.40997236,-0.03051872,DFCF/东方财富Choice数据,dfcf_vendor_only_unverified_by_exchange
2022-06-01,7758.88801375,6683.82535706,14442.71337081,4.97327119,0.06413884,-7.90443758,-0.11812249,-2.93116639,-0.02029100,DFCF/东方财富Choice数据,dfcf_vendor_only_unverified_by_exchange
2022-06-02,7740.52689799,6666.52053739,14407.04743538,-18.36111576,-0.23664623,-17.30481967,-0.25890592,-35.66593543,-0.24694761,DFCF/东方财富Choice数据,dfcf_vendor_only_unverified_by_exchange
2022-06-06,7797.44766199,6701.46750684,14498.91516883,56.92076400,0.73536033,34.94696945,0.52421603,91.86773345,0.63765830,DFCF/东方财富Choice数据,dfcf_vendor_only_unverified_by_exchange
2022-06-07,7820.87338586,6712.67518216,14533.54856802,23.42572387,0.30042810,11.20767532,0.16724210,34.63339919,0.23886890,DFCF/东方财富Choice数据,dfcf_vendor_only_unverified_by_exchange
2022-06-08,7828.00121321,6734.40117129,14562.40238450,7.12782735,0.09113851,21.72598913,0.32365620,28.85381648,0.19853249,DFCF/东方财富Choice数据,dfcf_vendor_only_unverified_by_exchange
2022-06-09,7833.08464450,6747.80517193,14580.88981643,5.08343129,0.06493907,13.40400064,0.19903775,18.48743193,0.12695317,DFCF/东方财富Choice数据,dfcf_vendor_only_unverified_by_exchange
2022-06-10,7822.56232225,6747.42673014,14569.98905239,-10.52232225,-0.13433178,-0.37844179,-0.00560837,-10.90076404,-0.07476062,DFCF/东方财富Choice数据,dfcf_vendor_only_unverified_by_exchange
2022-06-13,7883.58540702,6781.70045565,14665.28586267,61.02308477,0.78009075,34.27372551,0.50795254,95.29681028,0.65406233,DFCF/东方财富Choice数据,dfcf_vendor_only_unverified_by_exchange
2022-06-14,7906.07292252,6798.79414902,14704.86707154,22.48751550,0.28524478,17.09369337,0.25205615,39.58120887,0.26989729,DFCF/东方财富Choice数据,dfcf_vendor_only_unverified_by_exchange
2022-06-15,7936.09922510,6818.14025381,14754.23947891,30.02630258,0.37978783,19.34610479,0.28455200,49.37240737,0.33575555,DFCF/东方财富Choice数据,dfcf_vendor_only_unverified_by_exchange
2022-06-16,7957.56728177,6832.74377058,14790.31105235,21.46805667,0.27051144,14.60351677,0.21418622,36.07157344,0.24448277,DFCF/东方财富Choice数据,dfcf_vendor_only_unverified_by_exchange
2022-06-17,7939.40350029,6829.98612429,14769.38962458,-18.16378148,-0.22825797,-2.75764629,-0.04035928,-20.92142777,-0.14145360,DFCF/东方财富Choice数据,dfcf_vendor_only_unverified_by_exchange
2022-06-20,7984.01593884,6847.44048833,14831.45642717,44.61243855,0.56191172,17.45436404,0.25555490,62.06680259,0.42023946,DFCF/东方财富Choice数据,dfcf_vendor_only_unverified_by_exchange
2022-06-21,7967.91144096,6841.36905174,14809.28049270,-16.10449788,-0.20170924,-6.07143659,-0.08866724,-22.17593447,-0.14951960,DFCF/东方财富Choice数据,dfcf_vendor_only_unverified_by_exchange
2022-06-22,7990.32181409,6860.21319129,14850.53500538,22.41037313,0.28125781,18.84413955,0.27544399,41.25451268,0.27857203,DFCF/东方财富Choice数据,dfcf_vendor_only_unverified_by_exchange
2022-06-23,7994.70136679,6885.54238400,14880.24375079,4.37955270,0.05481072,25.32919271,0.36921874,29.70874541,0.20005168,DFCF/东方财富Choice数据,dfcf_vendor_only_unverified_by_exchange
2022-06-24,7991.01774063,6877.47828569,14868.49602632,-3.68362616,-0.04607584,-8.06409831,-0.11711638,-11.74772447,-0.07894847,DFCF/东方财富Choice数据,dfcf_vendor_only_unverified_by_exchange
2022-06-27,8041.52526967,6919.61333211,14961.13860178,50.50752904,0.63205377,42.13504642,0.61265255,92.64257546,0.62307967,DFCF/东方财富Choice数据,dfcf_vendor_only_unverified_by_exchange
2022-06-28,8080.27652202,6966.41784715,15046.69436917,38.75125235,0.48188933,46.80451504,0.67640362,85.55576739,0.57185332,DFCF/东方财富Choice数据,dfcf_vendor_only_unverified_by_exchange
2022-06-29,8079.30379714,6973.15608036,15052.45987750,-0.97272488,-0.01203826,6.73823321,0.09672451,5.76550833,0.03831744,DFCF/东方财富Choice数据,dfcf_vendor_only_unverified_by_exchange
2022-06-30,8101.73314834,6995.96039868,15097.69354702,22.42935120,0.27761490,22.80431832,0.32703009,45.23366952,0.30050683,DFCF/东方财富Choice数据,dfcf_vendor_only_unverified_by_exchange
2022-07-01,8078.93323016,6993.05781047,15071.99104063,-22.79991818,-0.28142026,-2.90258821,-0.04148949,-25.70250639,-0.17024128,DFCF/东方财富Choice数据,dfcf_vendor_only_unverified_by_exchange
2022-07-04,8114.94011440,7038.73869520,15153.67880960,36.00688424,0.44568860,45.68088473,0.65323190,81.68776897,0.54198393,DFCF/东方财富Choice数据,dfcf_vendor_only_unverified_by_exchange
2022-07-05,8134.43887342,7052.87551426,15187.31438768,19.49875902,0.24028223,14.13681906,0.20084307,33.63557808,0.22196312,DFCF/东方财富Choice数据,dfcf_vendor_only_unverified_by_exchange
2022-07-06,8156.49145513,7075.25526871,15231.74672384,22.05258171,0.27110145,22.37975445,0.31731390,44.43233616,0.29256217,DFCF/东方财富Choice数据,dfcf_vendor_only_unverified_by_exchange
2022-07-07,8167.39788005,7109.50674268,15276.90462273,10.90642492,0.13371466,34.25147397,0.48410231,45.15789889,0.29647223,DFCF/东方财富Choice数据,dfcf_vendor_only_unverified_by_exchange
2022-07-08,8153.01810057,7081.22193131,15234.24003188,-14.37977948,-0.17606317,-28.28481137,-0.39784492,-42.66459085,-0.27927510,DFCF/东方财富Choice数据,dfcf_vendor_only_unverified_by_exchange
2022-07-11,8158.19236317,7086.78810184,15244.98046501,5.17426260,0.06346438,5.56617053,0.07860466,10.74043313,0.07050193,DFCF/东方财富Choice数据,dfcf_vendor_only_unverified_by_exchange
2022-07-12,8144.27103321,7078.71835534,15222.98938855,-13.92132996,-0.17064234,-8.06974650,-0.11387029,-21.99107646,-0.14425126,DFCF/东方财富Choice数据,dfcf_vendor_only_unverified_by_exchange
2022-07-13,8148.64156128,7097.70949646,15246.35105774,4.37052807,0.05366383,18.99114112,0.26828502,23.36166919,0.15346309,DFCF/东方财富Choice数据,dfcf_vendor_only_unverified_by_exchange
2022-07-14,8164.57913392,7099.67622123,15264.25535515,15.93757264,0.19558564,1.96672477,0.02770929,17.90429741,0.11743333,DFCF/东方财富Choice数据,dfcf_vendor_only_unverified_by_exchange
2022-07-15,8149.71261389,7062.45156192,15212.16417581,-14.86652003,-0.18208556,-37.22465931,-0.52431489,-52.09117934,-0.34126250,DFCF/东方财富Choice数据,dfcf_vendor_only_unverified_by_exchange
2022-07-18,8166.93870032,7096.72771634,15263.66641666,17.22608643,0.21137048,34.27615442,0.48532941,51.50224085,0.33855959,DFCF/东方财富Choice数据,dfcf_vendor_only_unverified_by_exchange
2022-07-19,8183.68021163,7109.16802717,15292.84823880,16.74151131,0.20499127,12.44031083,0.17529644,29.18182214,0.19118488,DFCF/东方财富Choice数据,dfcf_vendor_only_unverified_by_exchange
2022-07-20,8192.91476832,7118.03701561,15310.95178393,9.23455669,0.11284112,8.86898844,0.12475424,18.10354513,0.11837916,DFCF/东方财富Choice数据,dfcf_vendor_only_unverified_by_exchange
2022-07-21,8201.20344143,7104.93625822,15306.13969965,8.28867311,0.10116879,-13.10075739,-0.18405014,-4.81208428,-0.03142903,DFCF/东方财富Choice数据,dfcf_vendor_only_unverified_by_exchange
2022-07-22,8191.25924113,7084.25382686,15275.51306799,-9.94420030,-0.12125294,-20.68243136,-0.29109946,-30.62663166,-0.20009377,DFCF/东方财富Choice数据,dfcf_vendor_only_unverified_by_exchange
2022-07-25,8188.77487640,7081.57376120,15270.34863760,-2.48436473,-0.03032946,-2.68006566,-0.03783130,-5.16443039,-0.03380856,DFCF/东方财富Choice数据,dfcf_vendor_only_unverified_by_exchange
2022-07-26,8182.71843241,7087.71653846,15270.43497087,-6.05644399,-0.07396032,6.14277726,0.08674311,0.08633327,0.00056537,DFCF/东方财富Choice数据,dfcf_vendor_only_unverified_by_exchange
2022-07-27,8198.46008863,7111.30625483,15309.76634346,15.74165622,0.19237685,23.58971637,0.33282534,39.33137259,0.25756550,DFCF/东方财富Choice数据,dfcf_vendor_only_unverified_by_exchange
2022-07-28,8200.81385003,7111.83230640,15312.64615643,2.35376140,0.02870980,0.52605157,0.00739740,2.87981297,0.01881030,DFCF/东方财富Choice数据,dfcf_vendor_only_unverified_by_exchange
2022-07-29,8180.61069544,7096.73092316,15277.34161860,-20.20315459,-0.24635548,-15.10138324,-0.21234167,-35.30453783,-0.23055805,DFCF/东方财富Choice数据,dfcf_vendor_only_unverified_by_exchange
2022-08-01,8189.92456447,7115.34323665,15305.26780112,9.31386903,0.11385298,18.61231349,0.26226602,27.92618252,0.18279478,DFCF/东方财富Choice数据,dfcf_vendor_only_unverified_by_exchange
2022-08-02,8134.62510618,7050.09965473,15184.72476091,-55.29945829,-0.67521328,-65.24358192,-0.91694216,-120.54304021,-0.78759184,DFCF/东方财富Choice数据,dfcf_vendor_only_unverified_by_exchange
2022-08-03,8122.91833769,7031.09236772,15154.01070541,-11.70676849,-0.14391282,-19.00728701,-0.26960310,-30.71405550,-0.20226943,DFCF/东方财富Choice数据,dfcf_vendor_only_unverified_by_exchange
2022-08-04,8137.05139650,7040.45618488,15177.50758138,14.13305881,0.17398992,9.36381716,0.13317727,23.49687597,0.15505384,DFCF/东方财富Choice数据,dfcf_vendor_only_unverified_by_exchange
2022-08-05,8130.49843823,7015.41639723,15145.91483546,-6.55295827,-0.08053234,-25.03978765,-0.35565576,-31.59274592,-0.20815503,DFCF/东方财富Choice数据,dfcf_vendor_only_unverified_by_exchange
2022-08-08,8146.40869080,7039.91324965,15186.32194045,15.91025257,0.19568607,24.49685242,0.34918601,40.40710499,0.26678550,DFCF/东方财富Choice数据,dfcf_vendor_only_unverified_by_exchange
2022-08-09,8169.62196621,7062.25734236,15231.87930857,23.21327541,0.28495103,22.34409271,0.31739159,45.55736812,0.29998948,DFCF/东方财富Choice数据,dfcf_vendor_only_unverified_by_exchange
2022-08-10,8183.75102481,7079.73259293,15263.48361774,14.12905860,0.17294630,17.47525057,0.24744568,31.60430917,0.20748792,DFCF/东方财富Choice数据,dfcf_vendor_only_unverified_by_exchange
2022-08-11,8181.75734041,7096.54426145,15278.30160186,-1.99368440,-0.02436150,16.81166852,0.23746191,14.81798412,0.09708127,DFCF/东方财富Choice数据,dfcf_vendor_only_unverified_by_exchange
2022-08-12,8157.76022678,7065.42599256,15223.18621934,-23.99711363,-0.29330024,-31.11826889,-0.43849891,-55.11538252,-0.36074286,DFCF/东方财富Choice数据,dfcf_vendor_only_unverified_by_exchange
2022-08-15,8179.51632910,7098.25370466,15277.77003376,21.75610232,0.26669210,32.82771210,0.46462467,54.58381442,0.35855710,DFCF/东方财富Choice数据,dfcf_vendor_only_unverified_by_exchange
2022-08-16,8192.54198291,7112.29540824,15304.83739115,13.02565381,0.15924724,14.04170358,0.19781913,27.06735739,0.17716825,DFCF/东方财富Choice数据,dfcf_vendor_only_unverified_by_exchange
2022-08-17,8200.26080300,7130.60478830,15330.86559130,7.71882009,0.09421764,18.30938006,0.25743278,26.02820015,0.17006519,DFCF/东方财富Choice数据,dfcf_vendor_only_unverified_by_exchange
2022-08-18,8215.05494211,7147.68507352,15362.74001563,14.79413911,0.18041059,17.08028522,0.23953487,31.87442433,0.20791014,DFCF/东方财富Choice数据,dfcf_vendor_only_unverified_by_exchange
2022-08-19,8187.96898343,7119.67099604,15307.63997947,-27.08595868,-0.32971123,-28.01407748,-0.39193217,-55.10003616,-0.35866021,DFCF/东方财富Choice数据,dfcf_vendor_only_unverified_by_exchange
2022-08-22,8197.64989605,7122.22481807,15319.87471412,9.68091262,0.11823338,2.55382203,0.03586994,12.23473465,0.07992568,DFCF/东方财富Choice数据,dfcf_vendor_only_unverified_by_exchange
2022-08-23,8212.73324019,7136.25871730,15348.99195749,15.08334414,0.18399595,14.03389923,0.19704376,29.11724337,0.19006189,DFCF/东方财富Choice数据,dfcf_vendor_only_unverified_by_exchange
2022-08-24,8185.20354358,7108.39314940,15293.59669298,-27.52969661,-0.33520749,-27.86556790,-0.39047867,-55.39526451,-0.36090490,DFCF/东方财富Choice数据,dfcf_vendor_only_unverified_by_exchange
2022-08-25,8169.65812332,7093.21083945,15262.86896277,-15.54542026,-0.18992100,-15.18230995,-0.21358287,-30.72773021,-0.20091893,DFCF/东方财富Choice数据,dfcf_vendor_only_unverified_by_exchange
2022-08-26,8137.29709479,7072.17678714,15209.47388193,-32.36102853,-0.39611240,-21.03405231,-0.29653781,-53.39508084,-0.34983646,DFCF/东方财富Choice数据,dfcf_vendor_only_unverified_by_exchange
2022-08-29,8141.51763169,7077.18646258,15218.70409427,4.22053690,0.05186657,5.00967544,0.07083640,9.23021234,0.06068726,DFCF/东方财富Choice数据,dfcf_vendor_only_unverified_by_exchange
2022-08-30,8129.92456940,7079.41584435,15209.34041375,-11.59306229,-0.14239436,2.22938177,0.03150096,-9.36368052,-0.06152745,DFCF/东方财富Choice数据,dfcf_vendor_only_unverified_by_exchange
2022-08-31,8077.29362103,7029.16954479,15106.46316582,-52.63094837,-0.64737314,-50.24629956,-0.70975206,-102.87724793,-0.67640835,DFCF/东方财富Choice数据,dfcf_vendor_only_unverified_by_exchange
2022-09-01,8059.56223789,7007.61462139,15067.17685928,-17.73138314,-0.21952134,-21.55492340,-0.30664964,-39.28630654,-0.26006290,DFCF/东方财富Choice数据,dfcf_vendor_only_unverified_by_exchange
2022-09-02,8045.47309813,6988.95548473,15034.42858286,-14.08913976,-0.17481272,-18.65913666,-0.26626945,-32.74827642,-0.21734846,DFCF/东方财富Choice数据,dfcf_vendor_only_unverified_by_exchange
2022-09-05,8047.17543345,6996.61690385,15043.79233730,1.70233532,0.02115892,7.66141912,0.10962180,9.36375444,0.06228208,DFCF/东方财富Choice数据,dfcf_vendor_only_unverified_by_exchange
2022-09-06,8035.13344268,7010.18659663,15045.32003931,-12.04199077,-0.14964245,13.56969278,0.19394649,1.52770201,0.01015503,DFCF/东方财富Choice数据,dfcf_vendor_only_unverified_by_exchange
2022-09-07,8042.03104743,7024.15250378,15066.18355121,6.89760475,0.08584306,13.96590715,0.19922304,20.86351190,0.13867111,DFCF/东方财富Choice数据,dfcf_vendor_only_unverified_by_exchange
2022-09-08,8029.36935915,7022.48082362,15051.85018277,-12.66168828,-0.15744391,-1.67168016,-0.02379903,-14.33336844,-0.09513603,DFCF/东方财富Choice数据,dfcf_vendor_only_unverified_by_exchange
2022-09-09,7976.65884010,6994.44592305,14971.10476315,-52.71051905,-0.65647147,-28.03490057,-0.39921648,-80.74541962,-0.53644847,DFCF/东方财富Choice数据,dfcf_vendor_only_unverified_by_exchange
2022-09-13,7996.41281579,6996.86475733,14993.27757312,19.75397569,0.24764724,2.41883428,0.03458221,22.17280997,0.14810403,DFCF/东方财富Choice数据,dfcf_vendor_only_unverified_by_exchange
2022-09-14,7992.81463122,6996.99583942,14989.81047064,-3.59818457,-0.04499748,0.13108209,0.00187344,-3.46710248,-0.02312438,DFCF/东方财富Choice数据,dfcf_vendor_only_unverified_by_exchange
2022-09-15,7965.44742207,6968.64426683,14934.09168890,-27.36720915,-0.34239765,-28.35157259,-0.40519636,-55.71878174,-0.37171105,DFCF/东方财富Choice数据,dfcf_vendor_only_unverified_by_exchange
2022-09-16,7936.41670445,6942.01872414,14878.43542859,-29.03071762,-0.36445809,-26.62554269,-0.38207636,-55.65626031,-0.37267925,DFCF/东方财富Choice数据,dfcf_vendor_only_unverified_by_exchange
2022-09-19,7917.58426442,6932.13296066,14849.71722508,-18.83244003,-0.23729147,-9.88576348,-0.14240474,-28.71820351,-0.19301897,DFCF/东方财富Choice数据,dfcf_vendor_only_unverified_by_exchange
2022-09-20,7923.17272001,6934.38141116,14857.55413117,5.58845559,0.07058284,2.24845050,0.03243519,7.83690609,0.05277478,DFCF/东方财富Choice数据,dfcf_vendor_only_unverified_by_exchange
2022-09-21,7923.73742514,6940.00240413,14863.73982927,0.56470513,0.00712726,5.62099297,0.08105976,6.18569810,0.04163335,DFCF/东方财富Choice数据,dfcf_vendor_only_unverified_by_exchange
2022-09-22,7913.71965565,6930.99824621,14844.71790186,-10.01776949,-0.12642733,-9.00415792,-0.12974286,-19.02192741,-0.12797538,DFCF/东方财富Choice数据,dfcf_vendor_only_unverified_by_exchange
2022-09-23,7872.47836470,6898.17733608,14770.65570078,-41.24129095,-0.52113662,-32.82091013,-0.47353800,-74.06220108,-0.49891282,DFCF/东方财富Choice数据,dfcf_vendor_only_unverified_by_exchange
2022-09-26,7857.74425677,6868.32871001,14726.07296678,-14.73410793,-0.18715971,-29.84862607,-0.43270308,-44.58273400,-0.30183314,DFCF/东方财富Choice数据,dfcf_vendor_only_unverified_by_exchange
2022-09-27,7852.40104940,6859.55888551,14711.95993491,-5.34320737,-0.06799925,-8.76982450,-0.12768499,-14.11303187,-0.09583704,DFCF/东方财富Choice数据,dfcf_vendor_only_unverified_by_exchange
2022-09-28,7811.13221616,6828.83716133,14639.96937749,-41.26883324,-0.52555687,-30.72172418,-0.44786734,-71.99055742,-0.48933356,DFCF/东方财富Choice数据,dfcf_vendor_only_unverified_by_exchange
2022-09-29,7788.30915826,6810.41969209,14598.72885035,-22.82305790,-0.29218630,-18.41746924,-0.26970140,-41.24052714,-0.28169818,DFCF/东方财富Choice数据,dfcf_vendor_only_unverified_by_exchange
2022-09-30,7706.23751931,6729.39209502,14435.62961433,-82.07163895,-1.05377993,-81.02759707,-1.18975923,-163.09923602,-1.11721533,DFCF/东方财富Choice数据,dfcf_vendor_only_unverified_by_exchange
2022-10-10,7712.03514053,6730.45406860,14442.48920913,5.79762122,0.07523284,1.06197358,0.01578112,6.85959480,0.04751850,DFCF/东方财富Choice数据,dfcf_vendor_only_unverified_by_exchange
2022-10-11,7707.35102720,6726.94594435,14434.29697155,-4.68411333,-0.06073771,-3.50812425,-0.05212314,-8.19223758,-0.05672317,DFCF/东方财富Choice数据,dfcf_vendor_only_unverified_by_exchange
2022-10-12,7713.70482389,6734.24751221,14447.95233610,6.35379669,0.08243814,7.30156786,0.10854209,13.65536455,0.09460360,DFCF/东方财富Choice数据,dfcf_vendor_only_unverified_by_exchange
2022-10-13,7723.76809092,6733.77883480,14457.54692572,10.06326703,0.13045958,-0.46867741,-0.00695961,9.59458962,0.06640795,DFCF/东方财富Choice数据,dfcf_vendor_only_unverified_by_exchange
2022-10-14,7720.23311463,6719.20971956,14439.44283419,-3.53497629,-0.04576751,-14.56911524,-0.21635868,-18.10409153,-0.12522243,DFCF/东方财富Choice数据,dfcf_vendor_only_unverified_by_exchange
2022-10-17,7733.63951153,6729.67441580,14463.31392733,13.40639690,0.17365275,10.46469624,0.15574296,23.87109314,0.16531866,DFCF/东方财富Choice数据,dfcf_vendor_only_unverified_by_exchange
2022-10-18,7739.92838909,6744.53903449,14484.46742358,6.28887756,0.08131847,14.86461869,0.22088169,21.15349625,0.14625622,DFCF/东方财富Choice数据,dfcf_vendor_only_unverified_by_exchange
2022-10-19,7753.06396795,6750.23685575,14503.30082370,13.13557886,0.16971189,5.69782126,0.08448051,18.83340012,0.13002480,DFCF/东方财富Choice数据,dfcf_vendor_only_unverified_by_exchange
2022-10-20,7762.69929247,6746.49331450,14509.19260697,9.63532452,0.12427763,-3.74354125,-0.05545792,5.89178327,0.04062374,DFCF/东方财富Choice数据,dfcf_vendor_only_unverified_by_exchange
2022-10-21,7736.92767359,6730.25114253,14467.17881612,-25.77161888,-0.33199301,-16.24217197,-0.24074984,-42.01379085,-0.28956670,DFCF/东方财富Choice数据,dfcf_vendor_only_unverified_by_exchange
2022-10-24,7748.21459548,6748.34414249,14496.55873797,11.28692189,0.14588377,18.09299996,0.26883098,29.37992185,0.20307983,DFCF/东方财富Choice数据,dfcf_vendor_only_unverified_by_exchange
2022-10-25,7739.69828275,6755.64676848,14495.34505123,-8.51631273,-0.10991323,7.30262599,0.10821360,-1.21368674,-0.00837224,DFCF/东方财富Choice数据,dfcf_vendor_only_unverified_by_exchange
2022-10-26,7758.33466675,6776.83756065,14535.17222740,18.63638400,0.24078954,21.19079217,0.31367525,39.82717617,0.27475839,DFCF/东方财富Choice数据,dfcf_vendor_only_unverified_by_exchange
2022-10-27,7747.96204610,6777.71714161,14525.67918771,-10.37262065,-0.13369648,0.87958096,0.01297922,-9.49303969,-0.06531082,DFCF/东方财富Choice数据,dfcf_vendor_only_unverified_by_exchange
2022-10-28,7685.99549673,6725.88696090,14411.88245763,-61.96654937,-0.79977869,-51.83018071,-0.76471443,-113.79673008,-0.78341762,DFCF/东方财富Choice数据,dfcf_vendor_only_unverified_by_exchange
2022-10-31,7687.36970587,6740.80070874,14428.17041461,1.37420914,0.01787939,14.91374784,0.22173652,16.28795698,0.11301755,DFCF/东方财富Choice数据,dfcf_vendor_only_unverified_by_exchange
2022-11-01,7696.67966856,6767.68524196,14464.36491052,9.30996269,0.12110726,26.88453322,0.39883293,36.19449591,0.25085991,DFCF/东方财富Choice数据,dfcf_vendor_only_unverified_by_exchange
2022-11-02,7702.84229577,6774.10677546,14476.94907123,6.16262721,0.08006865,6.42153350,0.09488523,12.58416071,0.08700113,DFCF/东方财富Choice数据,dfcf_vendor_only_unverified_by_exchange
2022-11-03,7726.23348328,6795.21945599,14521.45293927,23.39118751,0.30366956,21.11268053,0.31166737,44.50386804,0.30741193,DFCF/东方财富Choice数据,dfcf_vendor_only_unverified_by_exchange
2022-11-04,7724.62692744,6806.77036774,14531.39729518,-1.60655584,-0.02079352,11.55091175,0.16998585,9.94435591,0.06848045,DFCF/东方财富Choice数据,dfcf_vendor_only_unverified_by_exchange
2022-11-07,7759.00520228,6829.29153999,14588.29674227,34.37827484,0.44504770,22.52117225,0.33086429,56.89944709,0.39156212,DFCF/东方财富Choice数据,dfcf_vendor_only_unverified_by_exchange
2022-11-08,7772.24082043,6859.94784872,14632.18866915,13.23561815,0.17058396,30.65630873,0.44889442,43.89192688,0.30087081,DFCF/东方财富Choice数据,dfcf_vendor_only_unverified_by_exchange
2022-11-09,7778.24824498,6879.24029596,14657.48854094,6.00742455,0.07729334,19.29244724,0.28123315,25.29987179,0.17290559,DFCF/东方财富Choice数据,dfcf_vendor_only_unverified_by_exchange
2022-11-10,7775.50981686,6887.68627403,14663.19609089,-2.73842812,-0.03520623,8.44597807,0.12277487,5.70754995,0.03893948,DFCF/东方财富Choice数据,dfcf_vendor_only_unverified_by_exchange
2022-11-11,7735.52787965,6863.44594035,14598.97382000,-39.98193721,-0.51420342,-24.24033368,-0.35193725,-64.22227089,-0.43798276,DFCF/东方财富Choice数据,dfcf_vendor_only_unverified_by_exchange
2022-11-14,7739.20229118,6865.25067439,14604.45296557,3.67441153,0.04750046,1.80473404,0.02629487,5.47914557,0.03753103,DFCF/东方财富Choice数据,dfcf_vendor_only_unverified_by_exchange
2022-11-15,7757.06762626,6879.92827137,14636.99589763,17.86533508,0.23084207,14.67759698,0.21379550,32.54293206,0.22282883,DFCF/东方财富Choice数据,dfcf_vendor_only_unverified_by_exchange
2022-11-16,7758.39406247,6897.25487719,14655.64893966,1.32643621,0.01709971,17.32660582,0.25184283,18.65304203,0.12743764,DFCF/东方财富Choice数据,dfcf_vendor_only_unverified_by_exchange
2022-11-17,7772.88642064,6910.88464806,14683.77106870,14.49235817,0.18679585,13.62977087,0.19761153,28.12212904,0.19188594,DFCF/东方财富Choice数据,dfcf_vendor_only_unverified_by_exchange
2022-11-18,7746.07255920,6904.56305971,14650.63561891,-26.81386144,-0.34496659,-6.32158835,-0.09147293,-33.13544979,-0.22566035,DFCF/东方财富Choice数据,dfcf_vendor_only_unverified_by_exchange
2022-11-21,7770.77218098,6940.78041435,14711.55259533,24.69962178,0.31886639,36.21735464,0.52454231,60.91697642,0.41579750,DFCF/东方财富Choice数据,dfcf_vendor_only_unverified_by_exchange
2022-11-22,7768.34636854,6943.41543191,14711.76180045,-2.42581244,-0.03121713,2.63501756,0.03796428,0.20920512,0.00142205,DFCF/东方财富Choice数据,dfcf_vendor_only_unverified_by_exchange
2022-11-23,7770.02601688,6946.30785173,14716.33386861,1.67964834,0.02162170,2.89241982,0.04165702,4.57206816,0.03107764,DFCF/东方财富Choice数据,dfcf_vendor_only_unverified_by_exchange
2022-11-24,7761.61135356,6954.68216232,14716.29351588,-8.41466332,-0.10829646,8.37431059,0.12055772,-0.04035273,-0.00027420,DFCF/东方财富Choice数据,dfcf_vendor_only_unverified_by_exchange
2022-11-25,7725.44316046,6920.05867419,14645.50183465,-36.16819310,-0.46598820,-34.62348813,-0.49784429,-70.79168123,-0.48104287,DFCF/东方财富Choice数据,dfcf_vendor_only_unverified_by_exchange
2022-11-28,7728.68801219,6913.58719612,14642.27520831,3.24485173,0.04200214,-6.47147807,-0.09351768,-3.22662634,-0.02203152,DFCF/东方财富Choice数据,dfcf_vendor_only_unverified_by_exchange
2022-11-29,7738.18172180,6922.79102273,14660.97274453,9.49370961,0.12283727,9.20382661,0.13312664,18.69753622,0.12769557,DFCF/东方财富Choice数据,dfcf_vendor_only_unverified_by_exchange
2022-11-30,7714.24149549,6929.33019278,14643.57168827,-23.94022631,-0.30937793,6.53917005,0.09445858,-17.40105626,-0.11868964,DFCF/东方财富Choice数据,dfcf_vendor_only_unverified_by_exchange
2022-12-01,7730.06882074,6925.56298475,14655.63180549,15.82732525,0.20517021,-3.76720803,-0.05436612,12.06011722,0.08235776,DFCF/东方财富Choice数据,dfcf_vendor_only_unverified_by_exchange
2022-12-02,7721.84356386,6916.44353929,14638.28710315,-8.22525688,-0.10640600,-9.11944546,-0.13167804,-17.34470234,-0.11834838,DFCF/东方财富Choice数据,dfcf_vendor_only_unverified_by_exchange
2022-12-05,7760.39754984,6947.05933228,14707.45688212,38.55398598,0.49928473,30.61579299,0.44265225,69.16977897,0.47252645,DFCF/东方财富Choice数据,dfcf_vendor_only_unverified_by_exchange
2022-12-06,7761.03539100,6954.67627044,14715.71166144,0.63784116,0.00821918,7.61693816,0.10964262,8.25477932,0.05612649,DFCF/东方财富Choice数据,dfcf_vendor_only_unverified_by_exchange
2022-12-07,7771.82938303,6970.72658155,14742.55596458,10.79399203,0.13907928,16.05031111,0.23078445,26.84430314,0.18241933,DFCF/东方财富Choice数据,dfcf_vendor_only_unverified_by_exchange
2022-12-08,7771.98575304,6970.02810042,14742.01385346,0.15637001,0.00201201,-0.69848113,-0.01002021,-0.54211112,-0.00367719,DFCF/东方财富Choice数据,dfcf_vendor_only_unverified_by_exchange
2022-12-09,7761.38478545,6954.29804571,14715.68283116,-10.60096759,-0.13639973,-15.73005471,-0.22568137,-26.33102230,-0.17861211,DFCF/东方财富Choice数据,dfcf_vendor_only_unverified_by_exchange
2022-12-12,7794.77957495,6973.76857446,14768.54814941,33.39478950,0.43026844,19.47052875,0.27997835,52.86531825,0.35924475,DFCF/东方财富Choice数据,dfcf_vendor_only_unverified_by_exchange
2022-12-13,7787.06150308,6982.36057609,14769.42207917,-7.71807187,-0.09901591,8.59200163,0.12320457,0.87392976,0.00591751,DFCF/东方财富Choice数据,dfcf_vendor_only_unverified_by_exchange
2022-12-14,7770.87007843,6975.89378133,14746.76385976,-16.19142465,-0.20792727,-6.46679476,-0.09261617,-22.65821941,-0.15341304,DFCF/东方财富Choice数据,dfcf_vendor_only_unverified_by_exchange
2022-12-15,7777.54941694,6994.21838538,14771.76780232,6.67933851,0.08595355,18.32460405,0.26268468,25.00394256,0.16955545,DFCF/东方财富Choice数据,dfcf_vendor_only_unverified_by_exchange
2022-12-16,7747.32973259,6970.70194380,14718.03167639,-30.21968435,-0.38855021,-23.51644158,-0.33622687,-53.73612593,-0.36377586,DFCF/东方财富Choice数据,dfcf_vendor_only_unverified_by_exchange
2022-12-19,7732.95688119,6964.38796405,14697.34484524,-14.37285140,-0.18552007,-6.31397975,-0.09057882,-20.68683115,-0.14055433,DFCF/东方财富Choice数据,dfcf_vendor_only_unverified_by_exchange
2022-12-20,7737.41005498,6962.43000344,14699.84005842,4.45317379,0.05758695,-1.95796061,-0.02811389,2.49521318,0.01697731,DFCF/东方财富Choice数据,dfcf_vendor_only_unverified_by_exchange
2022-12-21,7721.31190941,6941.07679547,14662.38870488,-16.09814557,-0.20805600,-21.35320797,-0.30669189,-37.45135354,-0.25477388,DFCF/东方财富Choice数据,dfcf_vendor_only_unverified_by_exchange
2022-12-22,7703.08253069,6914.36667456,14617.44920525,-18.22937872,-0.23609173,-26.71012091,-0.38481235,-44.93949963,-0.30649508,DFCF/东方财富Choice数据,dfcf_vendor_only_unverified_by_exchange
2022-12-23,7678.08102655,6883.82369371,14561.90472026,-25.00150414,-0.32456493,-30.54298085,-0.44173215,-55.54448499,-0.37998754,DFCF/东方财富Choice数据,dfcf_vendor_only_unverified_by_exchange
2022-12-26,7692.83179666,6890.38520496,14583.21700162,14.75077011,0.19211532,6.56151125,0.09531783,21.31228136,0.14635641,DFCF/东方财富Choice数据,dfcf_vendor_only_unverified_by_exchange
2022-12-27,7683.00105500,6880.02668765,14563.02774265,-9.83074166,-0.12779093,-10.35851731,-0.15033292,-20.18925897,-0.13844174,DFCF/东方财富Choice数据,dfcf_vendor_only_unverified_by_exchange
2022-12-28,7664.72799612,6865.11853898,14529.84653510,-18.27305888,-0.23783752,-14.90814867,-0.21668737,-33.18120755,-0.22784553,DFCF/东方财富Choice数据,dfcf_vendor_only_unverified_by_exchange
2022-12-29,7667.60403679,6856.87053457,14524.47457136,2.87604067,0.03752306,-8.24800441,-0.12014366,-5.37196374,-0.03697192,DFCF/东方财富Choice数据,dfcf_vendor_only_unverified_by_exchange
2022-12-30,7625.14201807,6819.96455771,14445.10657578,-42.46201872,-0.55378471,-36.90597686,-0.53823354,-79.36799558,-0.54644314,DFCF/东方财富Choice数据,dfcf_vendor_only_unverified_by_exchange
2023-01-03,7643.50187189,6851.52948273,14495.03135462,18.35985382,0.24078048,31.56492502,0.46283122,49.92477884,0.34561724,DFCF/东方财富Choice数据,dfcf_vendor_only_unverified_by_exchange
2023-01-04,7644.18863386,6861.14819129,14505.33682515,0.68676197,0.00898491,9.61870856,0.14038776,10.30547053,0.07109657,DFCF/东方财富Choice数据,dfcf_vendor_only_unverified_by_exchange
2023-01-05,7647.79384596,6874.27244379,14522.06628975,3.60521210,0.04716278,13.12425250,0.19128362,16.72946460,0.11533317,DFCF/东方财富Choice数据,dfcf_vendor_only_unverified_by_exchange
2023-01-06,7633.44296620,6858.04652576,14491.48949196,-14.35087976,-0.18764731,-16.22591803,-0.23603833,-30.57679779,-0.21055404,DFCF/东方财富Choice数据,dfcf_vendor_only_unverified_by_exchange
2023-01-09,7648.24244326,6866.29994365,14514.54238691,14.79947706,0.19387683,8.25341789,0.12034648,23.05289495,0.15907885,DFCF/东方财富Choice数据,dfcf_vendor_only_unverified_by_exchange
2023-01-10,7649.94925871,6862.11176277,14512.06102148,1.70681545,0.02231644,-4.18818088,-0.06099618,-2.48136543,-0.01709572,DFCF/东方财富Choice数据,dfcf_vendor_only_unverified_by_exchange
2023-01-11,7637.70671980,6859.25563518,14496.96235498,-12.24253891,-0.16003425,-2.85612759,-0.04162170,-15.09866650,-0.10404219,DFCF/东方财富Choice数据,dfcf_vendor_only_unverified_by_exchange
2023-01-12,7623.79933298,6852.34644425,14476.14577723,-13.90738682,-0.18208852,-6.90919093,-0.10072800,-20.81657775,-0.14359269,DFCF/东方财富Choice数据,dfcf_vendor_only_unverified_by_exchange
2023-01-13,7598.45686031,6832.18996269,14430.64682300,-25.34247267,-0.33241264,-20.15648156,-0.29415444,-45.49895423,-0.31430296,DFCF/东方财富Choice数据,dfcf_vendor_only_unverified_by_exchange
2023-01-16,7603.16664530,6830.21898062,14433.38562592,4.70978499,0.06198344,-1.97098207,-0.02884847,2.73880292,0.01897907,DFCF/东方财富Choice数据,dfcf_vendor_only_unverified_by_exchange
2023-01-17,7588.25329203,6831.11994346,14419.37323549,-14.91335327,-0.19614661,0.90096284,0.01319083,-14.01239043,-0.09708318,DFCF/东方财富Choice数据,dfcf_vendor_only_unverified_by_exchange
2023-01-18,7566.22347867,6820.58644884,14386.80992751,-22.02981336,-0.29031468,-10.53349462,-0.15419865,-32.56330798,-0.22583026,DFCF/东方财富Choice数据,dfcf_vendor_only_unverified_by_exchange
2023-01-19,7557.26974240,6806.29834992,14363.56809232,-8.95373627,-0.11833825,-14.28809892,-0.20948490,-23.24183519,-0.16154961,DFCF/东方财富Choice数据,dfcf_vendor_only_unverified_by_exchange
2023-01-20,7479.19975441,6708.52775377,14187.72750818,-78.06998799,-1.03304488,-97.77059615,-1.43647238,-175.84058414,-1.22421242,DFCF/东方财富Choice数据,dfcf_vendor_only_unverified_by_exchange
2023-01-30,7583.24039887,6808.68413474,14391.92453361,104.04064446,1.39106653,100.15638097,1.49297111,204.19702543,1.43925111,DFCF/东方财富Choice数据,dfcf_vendor_only_unverified_by_exchange
2023-01-31,7615.54614916,6835.09810545,14450.64425461,32.30575029,0.42601511,26.41397071,0.38794531,58.71972100,0.40800465,DFCF/东方财富Choice数据,dfcf_vendor_only_unverified_by_exchange
2023-02-01,7655.93071927,6875.18496675,14531.11568602,40.38457011,0.53029119,40.08686130,0.58648553,80.47143141,0.55687089,DFCF/东方财富Choice数据,dfcf_vendor_only_unverified_by_exchange
2023-02-02,7678.38008722,6898.59438002,14576.97446724,22.44936795,0.29322846,23.40941327,0.34049140,45.85878122,0.31559023,DFCF/东方财富Choice数据,dfcf_vendor_only_unverified_by_exchange
2023-02-03,7687.24731038,6893.79941228,14581.04672266,8.86722316,0.11548299,-4.79496774,-0.06950645,4.07225542,0.02793622,DFCF/东方财富Choice数据,dfcf_vendor_only_unverified_by_exchange
2023-02-06,7712.65612492,6928.77280191,14641.42892683,25.40881454,0.33053203,34.97338963,0.50731661,60.38220417,0.41411433,DFCF/东方财富Choice数据,dfcf_vendor_only_unverified_by_exchange
2023-02-07,7730.91617246,6963.74883301,14694.66500547,18.26004754,0.23675433,34.97603110,0.50479402,53.23607864,0.36359893,DFCF/东方财富Choice数据,dfcf_vendor_only_unverified_by_exchange
2023-02-08,7736.92157939,6972.51586621,14709.43744560,6.00540693,0.07768040,8.76703320,0.12589531,14.77244013,0.10052927,DFCF/东方财富Choice数据,dfcf_vendor_only_unverified_by_exchange
2023-02-09,7737.89184027,6990.19155829,14728.08339856,0.97026088,0.01254066,17.67569208,0.25350523,18.64595296,0.12676184,DFCF/东方财富Choice数据,dfcf_vendor_only_unverified_by_exchange
2023-02-10,7721.76553297,6984.55516595,14706.32069892,-16.12630730,-0.20840699,-5.63639234,-0.08063287,-21.76269964,-0.14776328,DFCF/东方财富Choice数据,dfcf_vendor_only_unverified_by_exchange
2023-02-13,7751.15514066,7017.89561356,14769.05075422,29.38960769,0.38060736,33.34044761,0.47734533,62.73005530,0.42655166,DFCF/东方财富Choice数据,dfcf_vendor_only_unverified_by_exchange
2023-02-14,7767.91296318,7038.17994595,14806.09290913,16.75782252,0.21619774,20.28433239,0.28903725,37.04215491,0.25080931,DFCF/东方财富Choice数据,dfcf_vendor_only_unverified_by_exchange
2023-02-15,7788.14595507,7049.84760529,14837.99356036,20.23299189,0.26046883,11.66765934,0.16577666,31.90065123,0.21545624,DFCF/东方财富Choice数据,dfcf_vendor_only_unverified_by_exchange
2023-02-16,7776.14732387,7034.51348857,14810.66081244,-11.99863120,-0.15406274,-15.33411672,-0.21750990,-27.33274792,-0.18420784,DFCF/东方财富Choice数据,dfcf_vendor_only_unverified_by_exchange
2023-02-17,7753.79729131,7013.50289524,14767.30018655,-22.35003256,-0.28741781,-21.01059333,-0.29867870,-43.36062589,-0.29276632,DFCF/东方财富Choice数据,dfcf_vendor_only_unverified_by_exchange
2023-02-20,7776.18595903,7045.00860943,14821.19456846,22.38866772,0.28874456,31.50571419,0.44921510,53.89438191,0.36495758,DFCF/东方财富Choice数据,dfcf_vendor_only_unverified_by_exchange
2023-02-21,7789.91977830,7054.79197777,14844.71175607,13.73381927,0.17661382,9.78336834,0.13886950,23.51718761,0.15867269,DFCF/东方财富Choice数据,dfcf_vendor_only_unverified_by_exchange
2023-02-22,7809.00121090,7067.63653492,14876.63774582,19.08143260,0.24495031,12.84455715,0.18206855,31.92598975,0.21506642,DFCF/东方财富Choice数据,dfcf_vendor_only_unverified_by_exchange
2023-02-23,7810.42560533,7071.52208573,14881.94769106,1.42439443,0.01824042,3.88555081,0.05497666,5.30994524,0.03569318,DFCF/东方财富Choice数据,dfcf_vendor_only_unverified_by_exchange
2023-02-24,7806.66428046,7058.69458930,14865.35886976,-3.76132487,-0.04815775,-12.82749643,-0.18139654,-16.58882130,-0.11146942,DFCF/东方财富Choice数据,dfcf_vendor_only_unverified_by_exchange
2023-02-27,7805.03115387,7068.47053781,14873.50169168,-1.63312659,-0.02091965,9.77594851,0.13849513,8.14282192,0.05477716,DFCF/东方财富Choice数据,dfcf_vendor_only_unverified_by_exchange
2023-02-28,7809.00136995,7071.08855801,14880.08992796,3.97021608,0.05086740,2.61802020,0.03703800,6.58823628,0.04429513,DFCF/东方财富Choice数据,dfcf_vendor_only_unverified_by_exchange
2023-03-01,7818.22473154,7092.30779963,14910.53253117,9.22336159,0.11811192,21.21924162,0.30008451,30.44260321,0.20458615,DFCF/东方财富Choice数据,dfcf_vendor_only_unverified_by_exchange
2023-03-02,7811.78829117,7100.50522138,14912.29351255,-6.43644037,-0.08232611,8.19742175,0.11558187,1.76098138,0.01181032,DFCF/东方财富Choice数据,dfcf_vendor_only_unverified_by_exchange
2023-03-03,7807.29766109,7075.29871254,14882.59637363,-4.49063008,-0.05748530,-25.20650884,-0.35499599,-29.69713892,-0.19914535,DFCF/东方财富Choice数据,dfcf_vendor_only_unverified_by_exchange
2023-03-06,7833.17669963,7106.18202914,14939.35872877,25.87903854,0.33147242,30.88331660,0.43649488,56.76235514,0.38140089,DFCF/东方财富Choice数据,dfcf_vendor_only_unverified_by_exchange
2023-03-07,7829.36967560,7089.36417178,14918.73384738,-3.80702403,-0.04860128,-16.81785736,-0.23666516,-20.62488139,-0.13805734,DFCF/东方财富Choice数据,dfcf_vendor_only_unverified_by_exchange
2023-03-08,7840.81753629,7094.46886833,14935.28640462,11.44786069,0.14621689,5.10469655,0.07200500,16.55255724,0.11095149,DFCF/东方财富Choice数据,dfcf_vendor_only_unverified_by_exchange
2023-03-09,7857.59082363,7099.39558028,14956.98640391,16.77328734,0.21392268,4.92671195,0.06944441,21.69999929,0.14529349,DFCF/东方财富Choice数据,dfcf_vendor_only_unverified_by_exchange
2023-03-10,7831.97568414,7071.50862627,14903.48431041,-25.61513949,-0.32599228,-27.88695401,-0.39280744,-53.50209350,-0.35770637,DFCF/东方财富Choice数据,dfcf_vendor_only_unverified_by_exchange
2023-03-13,7837.99930630,7083.60962175,14921.60892805,6.02362216,0.07691063,12.10099548,0.17112325,18.12461764,0.12161329,DFCF/东方财富Choice数据,dfcf_vendor_only_unverified_by_exchange
2023-03-14,7860.46973151,7081.66805269,14942.13778420,22.47042521,0.28668573,-1.94156906,-0.02740932,20.52885615,0.13757803,DFCF/东方财富Choice数据,dfcf_vendor_only_unverified_by_exchange
2023-03-15,7867.34165922,7077.23093748,14944.57259670,6.87192771,0.08742388,-4.43711521,-0.06265636,2.43481250,0.01629494,DFCF/东方财富Choice数据,dfcf_vendor_only_unverified_by_exchange
2023-03-16,7871.62950283,7069.44014104,14941.06964387,4.28784361,0.05450181,-7.79079644,-0.11008255,-3.50295283,-0.02343963,DFCF/东方财富Choice数据,dfcf_vendor_only_unverified_by_exchange
2023-03-17,7863.83574652,7065.06300701,14928.89875353,-7.79375631,-0.09901071,-4.37713403,-0.06191628,-12.17089034,-0.08145930,DFCF/东方财富Choice数据,dfcf_vendor_only_unverified_by_exchange
2023-03-20,7876.92438328,7079.15901064,14956.08339392,13.08863676,0.16644087,14.09600363,0.19951703,27.18464039,0.18209408,DFCF/东方财富Choice数据,dfcf_vendor_only_unverified_by_exchange
2023-03-21,7885.20782368,7089.89591647,14975.10374015,8.28344040,0.10516085,10.73690583,0.15166923,19.02034623,0.12717465,DFCF/东方财富Choice数据,dfcf_vendor_only_unverified_by_exchange
2023-03-22,7896.55461766,7115.04458406,15011.59920172,11.34679398,0.14389975,25.14866759,0.35471138,36.49546157,0.24370757,DFCF/东方财富Choice数据,dfcf_vendor_only_unverified_by_exchange
2023-03-23,7917.99900643,7131.73017267,15049.72917910,21.44438877,0.27156640,16.68558861,0.23451137,38.12997738,0.25400343,DFCF/东方财富Choice数据,dfcf_vendor_only_unverified_by_exchange
2023-03-24,7928.41223125,7143.50268656,15071.91491781,10.41322482,0.13151334,11.77251389,0.16507234,22.18573871,0.14741620,DFCF/东方财富Choice数据,dfcf_vendor_only_unverified_by_exchange
2023-03-27,7967.68269592,7185.52427866,15153.20697458,39.27046467,0.49531310,42.02159210,0.58824913,81.29205677,0.53936117,DFCF/东方财富Choice数据,dfcf_vendor_only_unverified_by_exchange
2023-03-28,7972.52237740,7196.34156242,15168.86393982,4.83968148,0.06074139,10.81728376,0.15054272,15.65696524,0.10332443,DFCF/东方财富Choice数据,dfcf_vendor_only_unverified_by_exchange
2023-03-29,7968.88526748,7187.86451238,15156.74977986,-3.63710992,-0.04562057,-8.47705004,-0.11779666,-12.11415996,-0.07986201,DFCF/东方财富Choice数据,dfcf_vendor_only_unverified_by_exchange
2023-03-30,7972.43830185,7193.40300928,15165.84131113,3.55303437,0.04458634,5.53849690,0.07705344,9.09153127,0.05998338,DFCF/东方财富Choice数据,dfcf_vendor_only_unverified_by_exchange
2023-03-31,7950.34645806,7178.37812990,15128.72458796,-22.09184379,-0.27710273,-15.02487938,-0.20887026,-37.11672317,-0.24473897,DFCF/东方财富Choice数据,dfcf_vendor_only_unverified_by_exchange
2023-04-03,7986.16296684,7241.93991606,15228.10288290,35.81650878,0.45050249,63.56178616,0.88546166,99.37829494,0.65688482,DFCF/东方财富Choice数据,dfcf_vendor_only_unverified_by_exchange
2023-04-04,7989.04170550,7253.88022429,15242.92192979,2.87873866,0.03604658,11.94030823,0.16487721,14.81904689,0.09731381,DFCF/东方财富Choice数据,dfcf_vendor_only_unverified_by_exchange
2023-04-06,8036.74047378,7287.28518531,15324.02565909,47.69876828,0.59705244,33.40496102,0.46051162,81.10372930,0.53207469,DFCF/东方财富Choice数据,dfcf_vendor_only_unverified_by_exchange
2023-04-07,8022.80042944,7279.99002406,15302.79045350,-13.94004434,-0.17345396,-7.29516125,-0.10010808,-21.23520559,-0.13857459,DFCF/东方财富Choice数据,dfcf_vendor_only_unverified_by_exchange
2023-04-10,8019.81114346,7299.92747837,15319.73862183,-2.98928598,-0.03725988,19.93745431,0.27386651,16.94816833,0.11075214,DFCF/东方财富Choice数据,dfcf_vendor_only_unverified_by_exchange
2023-04-11,8016.92525018,7315.47607396,15332.40132414,-2.88589328,-0.03598455,15.54859559,0.21299658,12.66270231,0.08265613,DFCF/东方财富Choice数据,dfcf_vendor_only_unverified_by_exchange
2023-04-12,8048.89674276,7344.41982139,15393.31656415,31.97149258,0.39879993,28.94374743,0.39565091,60.91524001,0.39729745,DFCF/东方财富Choice数据,dfcf_vendor_only_unverified_by_exchange
2023-04-13,8038.02923593,7354.65785828,15392.68709421,-10.86750683,-0.13501859,10.23803689,0.13939885,-0.62946994,-0.00408924,DFCF/东方财富Choice数据,dfcf_vendor_only_unverified_by_exchange
2023-04-14,8027.68804602,7353.96110991,15381.64915593,-10.34118991,-0.12865330,-0.69674837,-0.00947357,-11.03793828,-0.07170898,DFCF/东方财富Choice数据,dfcf_vendor_only_unverified_by_exchange
2023-04-17,8046.82524065,7371.99849249,15418.82373314,19.13719463,0.23838986,18.03738258,0.24527438,37.17457721,0.24168135,DFCF/东方财富Choice数据,dfcf_vendor_only_unverified_by_exchange
2023-04-18,8049.08546312,7380.03847669,15429.12393981,2.26022247,0.02808838,8.03998420,0.10906112,10.30020667,0.06680280,DFCF/东方财富Choice数据,dfcf_vendor_only_unverified_by_exchange
2023-04-19,8053.11386298,7399.76656610,15452.88042908,4.02839986,0.05004792,19.72808941,0.26731689,23.75648927,0.15397173,DFCF/东方财富Choice数据,dfcf_vendor_only_unverified_by_exchange
2023-04-20,8078.39232663,7406.88054697,15485.27287360,25.27846365,0.31389676,7.11398087,0.09613791,32.39244452,0.20962075,DFCF/东方财富Choice数据,dfcf_vendor_only_unverified_by_exchange
2023-04-21,8044.42630750,7371.13056679,15415.55687429,-33.96601913,-0.42045518,-35.74998018,-0.48265906,-69.71599931,-0.45020840,DFCF/东方财富Choice数据,dfcf_vendor_only_unverified_by_exchange
2023-04-24,8050.78300023,7392.89078145,15443.67378168,6.35669273,0.07901984,21.76021466,0.29520864,28.11690739,0.18239307,DFCF/东方财富Choice数据,dfcf_vendor_only_unverified_by_exchange
2023-04-25,8014.83664728,7353.47392127,15368.31056855,-35.94635295,-0.44649512,-39.41686018,-0.53317249,-75.36321313,-0.48798760,DFCF/东方财富Choice数据,dfcf_vendor_only_unverified_by_exchange
2023-04-26,7988.37650589,7331.38948836,15319.76599425,-26.46014139,-0.33013950,-22.08443291,-0.30032653,-48.54457430,-0.31587450,DFCF/东方财富Choice数据,dfcf_vendor_only_unverified_by_exchange
2023-04-27,7966.76029935,7273.25052622,15240.01082557,-21.61620654,-0.27059574,-58.13896214,-0.79301423,-79.75516868,-0.52060305,DFCF/东方财富Choice数据,dfcf_vendor_only_unverified_by_exchange
2023-04-28,7912.18147988,7225.37882998,15137.56030986,-54.57881947,-0.68508173,-47.87169624,-0.65818847,-102.45051571,-0.67224700,DFCF/东方财富Choice数据,dfcf_vendor_only_unverified_by_exchange
2023-05-04,7958.39338310,7285.31846648,15243.71184958,46.21190322,0.58406020,59.93963650,0.82957085,106.15153972,0.70124602,DFCF/东方财富Choice数据,dfcf_vendor_only_unverified_by_exchange
2023-05-05,7938.79016645,7266.67228390,15205.46245035,-19.60321665,-0.24632128,-18.64618258,-0.25594190,-38.24939923,-0.25091920,DFCF/东方财富Choice数据,dfcf_vendor_only_unverified_by_exchange
2023-05-08,7983.72769570,7278.47268804,15262.20038374,44.93752925,0.56605009,11.80040414,0.16239076,56.73793339,0.37314178,DFCF/东方财富Choice数据,dfcf_vendor_only_unverified_by_exchange
2023-05-09,8001.69991423,7274.97526555,15276.67517978,17.97221853,0.22511062,-3.49742249,-0.04805160,14.47479604,0.09484082,DFCF/东方财富Choice数据,dfcf_vendor_only_unverified_by_exchange
2023-05-10,8015.98265500,7265.27871526,15281.26137026,14.28274077,0.17849633,-9.69655029,-0.13328637,4.58619048,0.03002087,DFCF/东方财富Choice数据,dfcf_vendor_only_unverified_by_exchange
2023-05-11,8012.09857357,7260.22105222,15272.31962579,-3.88408143,-0.04845421,-5.05766304,-0.06961416,-8.94174447,-0.05851444,DFCF/东方财富Choice数据,dfcf_vendor_only_unverified_by_exchange
2023-05-12,7982.67472951,7229.85347750,15212.52820701,-29.42384406,-0.36724266,-30.36757472,-0.41827342,-59.79141878,-0.39150188,DFCF/东方财富Choice数据,dfcf_vendor_only_unverified_by_exchange
2023-05-15,7997.75256756,7235.97187148,15233.72443904,15.07783805,0.18888203,6.11839398,0.08462680,21.19623203,0.13933405,DFCF/东方财富Choice数据,dfcf_vendor_only_unverified_by_exchange
2023-05-16,7984.41709558,7234.95276390,15219.36985948,-13.33547198,-0.16674024,-1.01910758,-0.01408391,-14.35457956,-0.09422896,DFCF/东方财富Choice数据,dfcf_vendor_only_unverified_by_exchange
2023-05-17,7991.04757554,7238.80653509,15229.85411063,6.63047996,0.08304276,3.85377119,0.05326602,10.48425115,0.06888755,DFCF/东方财富Choice数据,dfcf_vendor_only_unverified_by_exchange
2023-05-18,8003.33234607,7261.46468185,15264.79702792,12.28477053,0.15373167,22.65814676,0.31300943,34.94291729,0.22943698,DFCF/东方财富Choice数据,dfcf_vendor_only_unverified_by_exchange
2023-05-19,7989.90859126,7231.75051476,15221.65910602,-13.42375481,-0.16772707,-29.71416709,-0.40920349,-43.13792190,-0.28259742,DFCF/东方财富Choice数据,dfcf_vendor_only_unverified_by_exchange
2023-05-22,7979.39206150,7233.79036881,15213.18243031,-10.51652976,-0.13162265,2.03985405,0.02820692,-8.47667571,-0.05568825,DFCF/东方财富Choice数据,dfcf_vendor_only_unverified_by_exchange
2023-05-23,7976.17811068,7214.55770387,15190.73581455,-3.21395082,-0.04027814,-19.23266494,-0.26587258,-22.44661576,-0.14754714,DFCF/东方财富Choice数据,dfcf_vendor_only_unverified_by_exchange
2023-05-24,7985.21240902,7214.49108904,15199.70349806,9.03429834,0.11326601,-0.06661483,-0.00092334,8.96768351,0.05903390,DFCF/东方财富Choice数据,dfcf_vendor_only_unverified_by_exchange
2023-05-25,7987.81795051,7202.35640636,15190.17435687,2.60554149,0.03262958,-12.13468268,-0.16819873,-9.52914119,-0.06269294,DFCF/东方财富Choice数据,dfcf_vendor_only_unverified_by_exchange
2023-05-26,7965.63903105,7196.73420517,15162.37323622,-22.17891946,-0.27765930,-5.62220119,-0.07806058,-27.80112065,-0.18302042,DFCF/东方财富Choice数据,dfcf_vendor_only_unverified_by_exchange
2023-05-29,7963.22875039,7213.53526898,15176.76401937,-2.41028066,-0.03025847,16.80106381,0.23345400,14.39078315,0.09491115,DFCF/东方财富Choice数据,dfcf_vendor_only_unverified_by_exchange
2023-05-30,7960.22808390,7211.34476551,15171.57284941,-3.00066649,-0.03768153,-2.19050347,-0.03036657,-5.19116996,-0.03420472,DFCF/东方财富Choice数据,dfcf_vendor_only_unverified_by_exchange
2023-05-31,7960.16352690,7226.70503180,15186.86855870,-0.06455700,-0.00081099,15.36026629,0.21300141,15.29570929,0.10081822,DFCF/东方财富Choice数据,dfcf_vendor_only_unverified_by_exchange
2023-06-01,7966.18537929,7228.04729095,15194.23267024,6.02185239,0.07564986,1.34225915,0.01857360,7.36411154,0.04848999,DFCF/东方财富Choice数据,dfcf_vendor_only_unverified_by_exchange
2023-06-02,7937.63018085,7207.39273933,15145.02292018,-28.55519844,-0.35845511,-20.65455162,-0.28575562,-49.20975006,-0.32387124,DFCF/东方财富Choice数据,dfcf_vendor_only_unverified_by_exchange
2023-06-05,7948.00775064,7221.08641379,15169.09416443,10.37756979,0.13073889,13.69367446,0.18999484,24.07124425,0.15893832,DFCF/东方财富Choice数据,dfcf_vendor_only_unverified_by_exchange
2023-06-06,7935.31616301,7197.25313276,15132.56929577,-12.69158763,-0.15968263,-23.83328103,-0.33005118,-36.52486866,-0.24078477,DFCF/东方财富Choice数据,dfcf_vendor_only_unverified_by_exchange
2023-06-07,7928.64051105,7206.10121875,15134.74172980,-6.67565196,-0.08412585,8.84808599,0.12293698,2.17243403,0.01435602,DFCF/东方财富Choice数据,dfcf_vendor_only_unverified_by_exchange
2023-06-08,7916.51918244,7195.43805175,15111.95723419,-12.12132861,-0.15288029,-10.66316700,-0.14797415,-22.78449561,-0.15054433,DFCF/东方财富Choice数据,dfcf_vendor_only_unverified_by_exchange
2023-06-09,7896.38708164,7191.53392314,15087.92100478,-20.13210080,-0.25430496,-3.90412861,-0.05425839,-24.03622941,-0.15905438,DFCF/东方财富Choice数据,dfcf_vendor_only_unverified_by_exchange
2023-06-12,7914.73411003,7205.19734393,15119.93145396,18.34702839,0.23234713,13.66342079,0.18999314,32.01044918,0.21215944,DFCF/东方财富Choice数据,dfcf_vendor_only_unverified_by_exchange
2023-06-13,7908.65774379,7208.04159773,15116.69934152,-6.07636624,-0.07677284,2.84425380,0.03947503,-3.23211244,-0.02137650,DFCF/东方财富Choice数据,dfcf_vendor_only_unverified_by_exchange
2023-06-14,7906.76904593,7198.82032215,15105.58936808,-1.88869786,-0.02388140,-9.22127558,-0.12793039,-11.10997344,-0.07349470,DFCF/东方财富Choice数据,dfcf_vendor_only_unverified_by_exchange
2023-06-15,7903.27545076,7194.90138679,15098.17683755,-3.49359517,-0.04418486,-3.91893536,-0.05443858,-7.41253053,-0.04907144,DFCF/东方财富Choice数据,dfcf_vendor_only_unverified_by_exchange
2023-06-16,7885.91168297,7184.87505529,15070.78673826,-17.36376779,-0.21970344,-10.02633150,-0.13935329,-27.39009929,-0.18141329,DFCF/东方财富Choice数据,dfcf_vendor_only_unverified_by_exchange
2023-06-19,7899.71120399,7233.05654050,15132.76774449,13.79952102,0.17498955,48.18148521,0.67059601,61.98100623,0.41126590,DFCF/东方财富Choice数据,dfcf_vendor_only_unverified_by_exchange
2023-06-20,7910.93597800,7251.76358350,15162.69956150,11.22477401,0.14209094,18.70704300,0.25863261,29.93181701,0.19779473,DFCF/东方财富Choice数据,dfcf_vendor_only_unverified_by_exchange
2023-06-21,7870.37186941,7201.19926873,15071.57113814,-40.56410859,-0.51275991,-50.56431477,-0.69726921,-91.12842336,-0.60100395,DFCF/东方财富Choice数据,dfcf_vendor_only_unverified_by_exchange
2023-06-26,7877.12188223,7176.11334570,15053.23522793,6.75001282,0.08576485,-25.08592303,-0.34835757,-18.33591021,-0.12165892,DFCF/东方财富Choice数据,dfcf_vendor_only_unverified_by_exchange
2023-06-27,7871.20957421,7174.04152499,15045.25109920,-5.91230802,-0.07505670,-2.07182071,-0.02887107,-7.98412873,-0.05303929,DFCF/东方财富Choice数据,dfcf_vendor_only_unverified_by_exchange
2023-06-28,7862.31800629,7137.74468854,15000.06269483,-8.89156792,-0.11296317,-36.29683645,-0.50594684,-45.18840437,-0.30034995,DFCF/东方财富Choice数据,dfcf_vendor_only_unverified_by_exchange
2023-06-29,7864.10667420,7144.35431768,15008.46099188,1.78866791,0.02274988,6.60962914,0.09260109,8.39829705,0.05598841,DFCF/东方财富Choice数据,dfcf_vendor_only_unverified_by_exchange
2023-06-30,7832.26088823,7120.63972484,14952.90061307,-31.84578597,-0.40495109,-23.71459284,-0.33193472,-55.56037881,-0.37019371,DFCF/东方财富Choice数据,dfcf_vendor_only_unverified_by_exchange
2023-07-03,7839.98849919,7142.47629350,14982.46479269,7.72761096,0.09866386,21.83656866,0.30666583,29.56417962,0.19771535,DFCF/东方财富Choice数据,dfcf_vendor_only_unverified_by_exchange
2023-07-04,7839.71478800,7165.93273025,15005.64751825,-0.27371119,-0.00349122,23.45643675,0.32840762,23.18272556,0.15473239,DFCF/东方财富Choice数据,dfcf_vendor_only_unverified_by_exchange
2023-07-05,7842.78132120,7172.19732659,15014.97864779,3.06653320,0.03911537,6.26459634,0.08742193,9.33112954,0.06218412,DFCF/东方财富Choice数据,dfcf_vendor_only_unverified_by_exchange
2023-07-06,7842.61635891,7180.57823032,15023.19458923,-0.16496229,-0.00210336,8.38090373,0.11685267,8.21594144,0.05471830,DFCF/东方财富Choice数据,dfcf_vendor_only_unverified_by_exchange
2023-07-07,7825.02584946,7156.05245064,14981.07830010,-17.59050945,-0.22429389,-24.52577968,-0.34155717,-42.11628913,-0.28034177,DFCF/东方财富Choice数据,dfcf_vendor_only_unverified_by_exchange
2023-07-10,7832.01237762,7155.70934016,14987.72171778,6.98652816,0.08928441,-0.34311048,-0.00479469,6.64341768,0.04434539,DFCF/东方财富Choice数据,dfcf_vendor_only_unverified_by_exchange
2023-07-11,7825.71583256,7165.54630481,14991.26213737,-6.29654506,-0.08039498,9.83696465,0.13747015,3.54041959,0.02362213,DFCF/东方财富Choice数据,dfcf_vendor_only_unverified_by_exchange
2023-07-12,7810.51055987,7152.63072955,14963.14128942,-15.20527269,-0.19429881,-12.91557526,-0.18024551,-28.12084795,-0.18758159,DFCF/东方财富Choice数据,dfcf_vendor_only_unverified_by_exchange
2023-07-13,7794.55604465,7151.21854287,14945.77458752,-15.95451522,-0.20426981,-1.41218668,-0.01974360,-17.36670190,-0.11606321,DFCF/东方财富Choice数据,dfcf_vendor_only_unverified_by_exchange
2023-07-14,7781.36066520,7150.12998843,14931.49065363,-13.19537945,-0.16928969,-1.08855444,-0.01522194,-14.28393389,-0.09557172,DFCF/东方财富Choice数据,dfcf_vendor_only_unverified_by_exchange
2023-07-17,7790.20474911,7163.45731951,14953.66206862,8.84408391,0.11365729,13.32733108,0.18639285,22.17141499,0.14848762,DFCF/东方财富Choice数据,dfcf_vendor_only_unverified_by_exchange
2023-07-18,7789.81466192,7164.98368837,14954.79835029,-0.39008719,-0.00500741,1.52636886,0.02130771,1.13628167,0.00759868,DFCF/东方财富Choice数据,dfcf_vendor_only_unverified_by_exchange
2023-07-19,7794.59367022,7161.97856139,14956.57223161,4.77900830,0.06134945,-3.00512698,-0.04194185,1.77388132,0.01186162,DFCF/东方财富Choice数据,dfcf_vendor_only_unverified_by_exchange
2023-07-20,7773.41748149,7132.33415490,14905.75163639,-21.17618873,-0.27167790,-29.64440649,-0.41391364,-50.82059522,-0.33978772,DFCF/东方财富Choice数据,dfcf_vendor_only_unverified_by_exchange
2023-07-21,7753.60683356,7100.09221432,14853.69904788,-19.81064793,-0.25485120,-32.24194058,-0.45205314,-52.05258851,-0.34921143,DFCF/东方财富Choice数据,dfcf_vendor_only_unverified_by_exchange
2023-07-24,7741.75758666,7111.27000308,14853.02758974,-11.84924690,-0.15282239,11.17778876,0.15743160,-0.67145814,-0.00452048,DFCF/东方财富Choice数据,dfcf_vendor_only_unverified_by_exchange
2023-07-25,7734.96328990,7113.99965740,14848.96294730,-6.79429676,-0.08776168,2.72965432,0.03838491,-4.06464244,-0.02736575,DFCF/东方财富Choice数据,dfcf_vendor_only_unverified_by_exchange
2023-07-26,7730.33707971,7105.19823127,14835.53531098,-4.62621019,-0.05980908,-8.80142613,-0.12371980,-13.42763632,-0.09042811,DFCF/东方财富Choice数据,dfcf_vendor_only_unverified_by_exchange
2023-07-27,7728.15264336,7093.28722150,14821.43986486,-2.18443635,-0.02825797,-11.91100977,-0.16763797,-14.09544612,-0.09501138,DFCF/东方财富Choice数据,dfcf_vendor_only_unverified_by_exchange
2023-07-28,7717.38791954,7072.85685052,14790.24477006,-10.76472382,-0.13929233,-20.43037098,-0.28802402,-31.19509480,-0.21047277,DFCF/东方财富Choice数据,dfcf_vendor_only_unverified_by_exchange
2023-07-31,7763.35930356,7097.35205790,14860.71136146,45.97138402,0.59568580,24.49520738,0.34632692,70.46659140,0.47643966,DFCF/东方财富Choice数据,dfcf_vendor_only_unverified_by_exchange
2023-08-01,7770.08041989,7108.90752663,14878.98794652,6.72111633,0.08657485,11.55546873,0.16281380,18.27658506,0.12298594,DFCF/东方财富Choice数据,dfcf_vendor_only_unverified_by_exchange
2023-08-02,7792.71737175,7116.10833141,14908.82570316,22.63695186,0.29133485,7.20080478,0.10129271,29.83775664,0.20053620,DFCF/东方财富Choice数据,dfcf_vendor_only_unverified_by_exchange
2023-08-03,7806.71615824,7118.95084210,14925.66700034,13.99878649,0.17963935,2.84251069,0.03994474,16.84129718,0.11296193,DFCF/东方财富Choice数据,dfcf_vendor_only_unverified_by_exchange
2023-08-04,7813.47963660,7117.46159668,14930.94123328,6.76347836,0.08663666,-1.48924542,-0.02091945,5.27423294,0.03533666,DFCF/东方财富Choice数据,dfcf_vendor_only_unverified_by_exchange
2023-08-07,7839.81992071,7145.85068563,14985.67060634,26.34028411,0.33711336,28.38908895,0.39886536,54.72937306,0.36655005,DFCF/东方财富Choice数据,dfcf_vendor_only_unverified_by_exchange
2023-08-08,7845.34538648,7139.78741257,14985.13279905,5.52546577,0.07047950,-6.06327306,-0.08485026,-0.53780729,-0.00358881,DFCF/东方财富Choice数据,dfcf_vendor_only_unverified_by_exchange
2023-08-09,7838.43970802,7125.21203470,14963.65174272,-6.90567846,-0.08802262,-14.57537787,-0.20414302,-21.48105633,-0.14334912,DFCF/东方财富Choice数据,dfcf_vendor_only_unverified_by_exchange
2023-08-10,7839.45120737,7118.02585304,14957.47706041,1.01149935,0.01290435,-7.18618166,-0.10085569,-6.17468231,-0.04126454,DFCF/东方财富Choice数据,dfcf_vendor_only_unverified_by_exchange
2023-08-11,7810.24673066,7093.75008377,14903.99681443,-29.20447671,-0.37253216,-24.27576927,-0.34104638,-53.48024598,-0.35754857,DFCF/东方财富Choice数据,dfcf_vendor_only_unverified_by_exchange
2023-08-14,7814.10434854,7089.67173477,14903.77608331,3.85761788,0.04939175,-4.07834900,-0.05749214,-0.22073112,-0.00148102,DFCF/东方财富Choice数据,dfcf_vendor_only_unverified_by_exchange
2023-08-15,7811.00855178,7090.11354093,14901.12209271,-3.09579676,-0.03961806,0.44180616,0.00623169,-2.65399060,-0.01780750,DFCF/东方财富Choice数据,dfcf_vendor_only_unverified_by_exchange
2023-08-16,7806.83965240,7069.39843370,14876.23808610,-4.16889938,-0.05337210,-20.71510723,-0.29216891,-24.88400661,-0.16699418,DFCF/东方财富Choice数据,dfcf_vendor_only_unverified_by_exchange
2023-08-17,7813.41249849,7073.66172195,14887.07422044,6.57284609,0.08419343,4.26328825,0.06030624,10.83613434,0.07284190,DFCF/东方财富Choice数据,dfcf_vendor_only_unverified_by_exchange
2023-08-18,7794.88941864,7045.17784037,14840.06725901,-18.52307985,-0.23706773,-28.48388158,-0.40267520,-47.00696143,-0.31575688,DFCF/东方财富Choice数据,dfcf_vendor_only_unverified_by_exchange
2023-08-21,7807.02810581,7031.21708226,14838.24518807,12.13868717,0.15572623,-13.96075811,-0.19816048,-1.82207094,-0.01227805,DFCF/东方财富Choice数据,dfcf_vendor_only_unverified_by_exchange
2023-08-22,7808.59067794,7031.12671004,14839.71738798,1.56257213,0.02001494,-0.09037222,-0.00128530,1.47219991,0.00992166,DFCF/东方财富Choice数据,dfcf_vendor_only_unverified_by_exchange
2023-08-23,7793.74566390,7018.57428264,14812.31994654,-14.84501404,-0.19011131,-12.55242740,-0.17852654,-27.39744144,-0.18462239,DFCF/东方财富Choice数据,dfcf_vendor_only_unverified_by_exchange
2023-08-24,7787.32166498,7002.42093452,14789.74259950,-6.42399892,-0.08242505,-16.15334812,-0.23015142,-22.57734704,-0.15242276,DFCF/东方财富Choice数据,dfcf_vendor_only_unverified_by_exchange
2023-08-25,7742.47931274,6950.01808125,14692.49739399,-44.84235224,-0.57583793,-52.40285327,-0.74835337,-97.24520551,-0.65751790,DFCF/东方财富Choice数据,dfcf_vendor_only_unverified_by_exchange
2023-08-28,7772.30010240,6981.81398107,14754.11408347,29.82078966,0.38515814,31.79589982,0.45749377,61.61668948,0.41937519,DFCF/东方财富Choice数据,dfcf_vendor_only_unverified_by_exchange
2023-08-29,7799.67475132,6985.10667990,14784.78143122,27.37464892,0.35220782,3.29269883,0.04716108,30.66734775,0.20785625,DFCF/东方财富Choice数据,dfcf_vendor_only_unverified_by_exchange
2023-08-30,7802.09182682,6991.03339912,14793.12522594,2.41707550,0.03098944,5.92671922,0.08484794,8.34379472,0.05643502,DFCF/东方财富Choice数据,dfcf_vendor_only_unverified_by_exchange
2023-08-31,7792.33172137,6978.80411767,14771.13583904,-9.76010545,-0.12509601,-12.22928145,-0.17492809,-21.98938690,-0.14864599,DFCF/东方财富Choice数据,dfcf_vendor_only_unverified_by_exchange
2023-09-01,7767.63712757,6955.18210217,14722.81922974,-24.69459380,-0.31690891,-23.62201550,-0.33848228,-48.31660930,-0.32710152,DFCF/东方财富Choice数据,dfcf_vendor_only_unverified_by_exchange
2023-09-04,7791.05502412,6969.98933163,14761.04435575,23.41789655,0.30148031,14.80722946,0.21289492,38.22512601,0.25963184,DFCF/东方财富Choice数据,dfcf_vendor_only_unverified_by_exchange
2023-09-05,7803.37204683,6975.92259936,14779.29464619,12.31702271,0.15809185,5.93326773,0.08512592,18.25029044,0.12363821,DFCF/东方财富Choice数据,dfcf_vendor_only_unverified_by_exchange
2023-09-06,7817.18041569,6980.90336627,14798.08378196,13.80836886,0.17695387,4.98076691,0.07139940,18.78913577,0.12713148,DFCF/东方财富Choice数据,dfcf_vendor_only_unverified_by_exchange
2023-09-07,7808.91295406,6970.50460118,14779.41755524,-8.26746163,-0.10576015,-10.39876509,-0.14896016,-18.66622672,-0.12613949,DFCF/东方财富Choice数据,dfcf_vendor_only_unverified_by_exchange
2023-09-08,7790.01626762,6947.19594189,14737.21220951,-18.89668644,-0.24198869,-23.30865929,-0.33438984,-42.20534573,-0.28556840,DFCF/东方财富Choice数据,dfcf_vendor_only_unverified_by_exchange
2023-09-11,7909.74243568,7082.80122949,14992.54366517,119.72616806,1.53691807,135.60528760,1.95194275,255.33145566,1.73256279,DFCF/东方财富Choice数据,dfcf_vendor_only_unverified_by_exchange
2023-09-12,7947.65813108,7130.20259441,15077.86072549,37.91569540,0.47935436,47.40136492,0.66924601,85.31706032,0.56906328,DFCF/东方财富Choice数据,dfcf_vendor_only_unverified_by_exchange
2023-09-13,7978.51219031,7148.39332389,15126.90551420,30.85405923,0.38821573,18.19072948,0.25512220,49.04478871,0.32527684,DFCF/东方财富Choice数据,dfcf_vendor_only_unverified_by_exchange
2023-09-14,7982.44489927,7163.79499018,15146.23988945,3.93270896,0.04929126,15.40166629,0.21545634,19.33437525,0.12781448,DFCF/东方财富Choice数据,dfcf_vendor_only_unverified_by_exchange
2023-09-15,7994.08861556,7167.32923592,15161.41785148,11.64371629,0.14586654,3.53424574,0.04933483,15.17796203,0.10020944,DFCF/东方财富Choice数据,dfcf_vendor_only_unverified_by_exchange
2023-09-18,8017.62703001,7177.47450038,15195.10153039,23.53841445,0.29444775,10.14526446,0.14154874,33.68367891,0.22216708,DFCF/东方财富Choice数据,dfcf_vendor_only_unverified_by_exchange
2023-09-19,8015.88926746,7179.69890644,15195.58817390,-1.73776255,-0.02167428,2.22440606,0.03099149,0.48664351,0.00320263,DFCF/东方财富Choice数据,dfcf_vendor_only_unverified_by_exchange
2023-09-20,8016.52657829,7179.95818769,15196.48476598,0.63731083,0.00795059,0.25928125,0.00361131,0.89659208,0.00590034,DFCF/东方财富Choice数据,dfcf_vendor_only_unverified_by_exchange
2023-09-21,8021.21565764,7184.01221230,15205.22786994,4.68907935,0.05849266,4.05402461,0.05646307,8.74310396,0.05753373,DFCF/东方财富Choice数据,dfcf_vendor_only_unverified_by_exchange
2023-09-22,8016.02446146,7192.86501398,15208.88947544,-5.19119618,-0.06471832,8.85280168,0.12322921,3.66160550,0.02408123,DFCF/东方财富Choice数据,dfcf_vendor_only_unverified_by_exchange
2023-09-25,8029.75697974,7214.79140010,15244.54837984,13.73251828,0.17131333,21.92638612,0.30483522,35.65890440,0.23446093,DFCF/东方财富Choice数据,dfcf_vendor_only_unverified_by_exchange
2023-09-26,8029.38147537,7213.61929012,15243.00076549,-0.37550437,-0.00467641,-1.17210998,-0.01624593,-1.54761435,-0.01015192,DFCF/东方财富Choice数据,dfcf_vendor_only_unverified_by_exchange
2023-09-27,8037.46732205,7225.25761628,15262.72493833,8.08584668,0.10070323,11.63832616,0.16133824,19.72417284,0.12939823,DFCF/东方财富Choice数据,dfcf_vendor_only_unverified_by_exchange
2023-09-28,7955.95784222,7138.36495924,15094.32280146,-81.50947983,-1.01411896,-86.89265704,-1.20262365,-168.40213687,-1.10335564,DFCF/东方财富Choice数据,dfcf_vendor_only_unverified_by_exchange
2023-10-09,8016.90693064,7196.61924007,15213.52617071,60.94908842,0.76608109,58.25428083,0.81607316,119.20336925,0.78972320,DFCF/东方财富Choice数据,dfcf_vendor_only_unverified_by_exchange
2023-10-10,8047.14607611,7230.05140414,15277.19748025,30.23914547,0.37719217,33.43216407,0.46455374,63.67130954,0.41851776,DFCF/东方财富Choice数据,dfcf_vendor_only_unverified_by_exchange
2023-10-11,8058.80232519,7268.97275450,15327.77507969,11.65624908,0.14484948,38.92135036,0.53832744,50.57759944,0.33106595,DFCF/东方财富Choice数据,dfcf_vendor_only_unverified_by_exchange
2023-10-12,8071.84297945,7297.16576150,15369.00874095,13.04065426,0.16181876,28.19300700,0.38785407,41.23366126,0.26901270,DFCF/东方财富Choice数据,dfcf_vendor_only_unverified_by_exchange
2023-10-13,8065.92107132,7288.56361421,15354.48468553,-5.92190813,-0.07336501,-8.60214729,-0.11788340,-14.52405542,-0.09450223,DFCF/东方财富Choice数据,dfcf_vendor_only_unverified_by_exchange
2023-10-16,8086.50956659,7310.80629500,15397.31586159,20.58849527,0.25525287,22.24268079,0.30517235,42.83117606,0.27894896,DFCF/东方财富Choice数据,dfcf_vendor_only_unverified_by_exchange
2023-10-17,8084.25392961,7318.78032337,15403.03425298,-2.25563698,-0.02789383,7.97402837,0.10907180,5.71839139,0.03713888,DFCF/东方财富Choice数据,dfcf_vendor_only_unverified_by_exchange
2023-10-18,8086.95220942,7305.69780992,15392.65001934,2.69827981,0.03337698,-13.08251345,-0.17875265,-10.38423364,-0.06741681,DFCF/东方财富Choice数据,dfcf_vendor_only_unverified_by_exchange
2023-10-19,8113.76046151,7283.12366549,15396.88412700,26.80825209,0.33150007,-22.57414443,-0.30899368,4.23410766,0.02750733,DFCF/东方财富Choice数据,dfcf_vendor_only_unverified_by_exchange
2023-10-20,8115.13004395,7252.42930937,15367.55935332,1.36958244,0.01687975,-30.69435612,-0.42144494,-29.32477368,-0.19045914,DFCF/东方财富Choice数据,dfcf_vendor_only_unverified_by_exchange
2023-10-23,8123.95870791,7238.55217177,15362.51087968,8.82866396,0.10879264,-13.87713760,-0.19134468,-5.04847364,-0.03285150,DFCF/东方财富Choice数据,dfcf_vendor_only_unverified_by_exchange
2023-10-24,8128.82427571,7252.06100617,15380.88528188,4.86556780,0.05989159,13.50883440,0.18662343,18.37440220,0.11960546,DFCF/东方财富Choice数据,dfcf_vendor_only_unverified_by_exchange
2023-10-25,8129.61564203,7261.28958322,15390.90522525,0.79136632,0.00973531,9.22857705,0.12725454,10.01994337,0.06514543,DFCF/东方财富Choice数据,dfcf_vendor_only_unverified_by_exchange
2023-10-26,8125.05287117,7266.55626385,15391.60913502,-4.56277086,-0.05612530,5.26668063,0.07253093,0.70390977,0.00457354,DFCF/东方财富Choice数据,dfcf_vendor_only_unverified_by_exchange
2023-10-27,8102.32952483,7265.03223406,15367.36175889,-22.72334634,-0.27967014,-1.52402979,-0.02097321,-24.24737613,-0.15753633,DFCF/东方财富Choice数据,dfcf_vendor_only_unverified_by_exchange
2023-10-30,8148.89500260,7315.57051714,15464.46551974,46.56547777,0.57471716,50.53828308,0.69563742,97.10376085,0.63188309,DFCF/东方财富Choice数据,dfcf_vendor_only_unverified_by_exchange
2023-10-31,8155.27162949,7336.17770571,15491.44933520,6.37662689,0.07825143,20.60718857,0.28168943,26.98381546,0.17448916,DFCF/东方财富Choice数据,dfcf_vendor_only_unverified_by_exchange
2023-11-01,8178.13626569,7348.09206509,15526.22833078,22.86463620,0.28036634,11.91435938,0.16240554,34.77899558,0.22450447,DFCF/东方财富Choice数据,dfcf_vendor_only_unverified_by_exchange
2023-11-02,8159.65385343,7343.98315532,15503.63700875,-18.48241226,-0.22599785,-4.10890977,-0.05591805,-22.59132203,-0.14550425,DFCF/东方财富Choice数据,dfcf_vendor_only_unverified_by_exchange
2023-11-03,8131.65051421,7333.64743018,15465.29794439,-28.00333922,-0.34319273,-10.33572514,-0.14073732,-38.33906436,-0.24729078,DFCF/东方财富Choice数据,dfcf_vendor_only_unverified_by_exchange
2023-11-06,8193.27277875,7366.70247948,15559.97525823,61.62226454,0.75780759,33.05504930,0.45073137,94.67731384,0.61219198,DFCF/东方财富Choice数据,dfcf_vendor_only_unverified_by_exchange
2023-11-07,8215.26092866,7401.52768819,15616.78861685,21.98814991,0.26836834,34.82520871,0.47273809,56.81335862,0.36512499,DFCF/东方财富Choice数据,dfcf_vendor_only_unverified_by_exchange
2023-11-08,8246.32593494,7443.30207533,15689.62801027,31.06500628,0.37813779,41.77438714,0.56440223,72.83939342,0.46641723,DFCF/东方财富Choice数据,dfcf_vendor_only_unverified_by_exchange
2023-11-09,8250.47825135,7451.68170506,15702.15995641,4.15231641,0.05035353,8.37962973,0.11257947,12.53194614,0.07987408,DFCF/东方财富Choice数据,dfcf_vendor_only_unverified_by_exchange
2023-11-10,8254.22662790,7442.15143353,15696.37806143,3.74837655,0.04543223,-9.53027153,-0.12789424,-5.78189498,-0.03682229,DFCF/东方财富Choice数据,dfcf_vendor_only_unverified_by_exchange
2023-11-13,8279.91882641,7473.51236096,15753.43118737,25.69219851,0.31126112,31.36092743,0.42139599,57.05312594,0.36347956,DFCF/东方财富Choice数据,dfcf_vendor_only_unverified_by_exchange
2023-11-14,8303.72804413,7503.92869113,15807.65673526,23.80921772,0.28755376,30.41633017,0.40698842,54.22554789,0.34421420,DFCF/东方财富Choice数据,dfcf_vendor_only_unverified_by_exchange
2023-11-15,8323.57807380,7528.23899351,15851.81706731,19.85002967,0.23904961,24.31030238,0.32396766,44.16033205,0.27936039,DFCF/东方财富Choice数据,dfcf_vendor_only_unverified_by_exchange
2023-11-16,8320.22057391,7540.21382623,15860.43440014,-3.35749989,-0.04033722,11.97483272,0.15906552,8.61733283,0.05436180,DFCF/东方财富Choice数据,dfcf_vendor_only_unverified_by_exchange
2023-11-17,8319.75601530,7537.80745362,15857.56346892,-0.46455861,-0.00558349,-2.40637261,-0.03191385,-2.87093122,-0.01810121,DFCF/东方财富Choice数据,dfcf_vendor_only_unverified_by_exchange
2023-11-20,8352.68167806,7586.08242510,15938.76410316,32.92566276,0.39575274,48.27497148,0.64043784,81.20063424,0.51206249,DFCF/东方财富Choice数据,dfcf_vendor_only_unverified_by_exchange
2023-11-21,8343.31560086,7599.18710632,15942.50270718,-9.36607720,-0.11213258,13.10468122,0.17274636,3.73860402,0.02345605,DFCF/东方财富Choice数据,dfcf_vendor_only_unverified_by_exchange
2023-11-22,8347.46932505,7602.27901124,15949.74833629,4.15372419,0.04978505,3.09190492,0.04068731,7.24562911,0.04544850,DFCF/东方财富Choice数据,dfcf_vendor_only_unverified_by_exchange
2023-11-23,8349.56462548,7608.90116232,15958.46578780,2.09530043,0.02510103,6.62215108,0.08710745,8.71745151,0.05465573,DFCF/东方财富Choice数据,dfcf_vendor_only_unverified_by_exchange
2023-11-24,8327.18672134,7580.91292012,15908.09964146,-22.37790414,-0.26801283,-27.98824220,-0.36783553,-50.36614634,-0.31560770,DFCF/东方财富Choice数据,dfcf_vendor_only_unverified_by_exchange
2023-11-27,8334.04572997,7586.42761293,15920.47334290,6.85900863,0.08236886,5.51469281,0.07274444,12.37370144,0.07778240,DFCF/东方财富Choice数据,dfcf_vendor_only_unverified_by_exchange
2023-11-28,8332.94508080,7591.36057019,15924.30565099,-1.10064917,-0.01320666,4.93295726,0.06502345,3.83230809,0.02407157,DFCF/东方财富Choice数据,dfcf_vendor_only_unverified_by_exchange
2023-11-29,8336.55196071,7607.41420658,15943.96616729,3.60687991,0.04328458,16.05363639,0.21147245,19.66051630,0.12346231,DFCF/东方财富Choice数据,dfcf_vendor_only_unverified_by_exchange
2023-11-30,8328.85252348,7586.99013370,15915.84265718,-7.69943723,-0.09235758,-20.42407288,-0.26847589,-28.12351011,-0.17638968,DFCF/东方财富Choice数据,dfcf_vendor_only_unverified_by_exchange
2023-12-01,8329.24455327,7585.24255300,15914.48710627,0.39202979,0.00470689,-1.74758070,-0.02303391,-1.35555091,-0.00851699,DFCF/东方财富Choice数据,dfcf_vendor_only_unverified_by_exchange
2023-12-04,8341.06455014,7590.95067584,15932.01522598,11.81999687,0.14190959,5.70812284,0.07525300,17.52811971,0.11013939,DFCF/东方财富Choice数据,dfcf_vendor_only_unverified_by_exchange
2023-12-05,8342.15113904,7585.95928014,15928.11041918,1.08658890,0.01302698,-4.99139570,-0.06575455,-3.90480680,-0.02450918,DFCF/东方财富Choice数据,dfcf_vendor_only_unverified_by_exchange
2023-12-06,8347.14468180,7585.46124246,15932.60592426,4.99354276,0.05985917,-0.49803768,-0.00656526,4.49550508,0.02822372,DFCF/东方财富Choice数据,dfcf_vendor_only_unverified_by_exchange
2023-12-07,8360.82635421,7585.44274555,15946.26909976,13.68167241,0.16390841,-0.01849691,-0.00024385,13.66317550,0.08575606,DFCF/东方财富Choice数据,dfcf_vendor_only_unverified_by_exchange
2023-12-08,8345.23805754,7565.44736642,15910.68542396,-15.58829667,-0.18644445,-19.99537913,-0.26360200,-35.58367580,-0.22314734,DFCF/东方财富Choice数据,dfcf_vendor_only_unverified_by_exchange
2023-12-11,8356.00321392,7588.53095397,15944.53416789,10.76515638,0.12899759,23.08358755,0.30511861,33.84874393,0.21274221,DFCF/东方财富Choice数据,dfcf_vendor_only_unverified_by_exchange
2023-12-12,8363.75013527,7605.90400211,15969.65413738,7.74692135,0.09271085,17.37304814,0.22893823,25.11996949,0.15754596,DFCF/东方财富Choice数据,dfcf_vendor_only_unverified_by_exchange
2023-12-13,8377.09803552,7612.09071435,15989.18874987,13.34790025,0.15959229,6.18671224,0.08134092,19.53461249,0.12232333,DFCF/东方财富Choice数据,dfcf_vendor_only_unverified_by_exchange
2023-12-14,8372.15537839,7595.07151755,15967.22689594,-4.94265713,-0.05900202,-17.01919680,-0.22358111,-21.96185393,-0.13735440,DFCF/东方财富Choice数据,dfcf_vendor_only_unverified_by_exchange
2023-12-15,8374.63560463,7578.11960478,15952.75520941,2.48022624,0.02962470,-16.95191277,-0.22319622,-14.47168653,-0.09063369,DFCF/东方财富Choice数据,dfcf_vendor_only_unverified_by_exchange
2023-12-18,8363.99914567,7568.12473655,15932.12388222,-10.63645896,-0.12700802,-9.99486823,-0.13189114,-20.63132719,-0.12932767,DFCF/东方财富Choice数据,dfcf_vendor_only_unverified_by_exchange
2023-12-19,8369.72616963,7573.30788057,15943.03405020,5.72702396,0.06847232,5.18314402,0.06848650,10.91016798,0.06847906,DFCF/东方财富Choice数据,dfcf_vendor_only_unverified_by_exchange
2023-12-20,8345.94703843,7554.57573153,15900.52276996,-23.77913120,-0.28410883,-18.73214904,-0.24734435,-42.51128024,-0.26664486,DFCF/东方财富Choice数据,dfcf_vendor_only_unverified_by_exchange
2023-12-21,8349.32767439,7565.63374905,15914.96142344,3.38063596,0.04050632,11.05801752,0.14637510,14.43865348,0.09080616,DFCF/东方财富Choice数据,dfcf_vendor_only_unverified_by_exchange
2023-12-22,8318.97728706,7516.88156782,15835.85885488,-30.35038733,-0.36350696,-48.75218123,-0.64438992,-79.10256856,-0.49703274,DFCF/东方财富Choice数据,dfcf_vendor_only_unverified_by_exchange
2023-12-25,8315.37266706,7520.33575796,15835.70842502,-3.60462000,-0.04333009,3.45419014,0.04595244,-0.15042986,-0.00094993,DFCF/东方财富Choice数据,dfcf_vendor_only_unverified_by_exchange
2023-12-26,8301.56676857,7511.05921103,15812.62597960,-13.80589849,-0.16602862,-9.27654693,-0.12335283,-23.08244542,-0.14576200,DFCF/东方财富Choice数据,dfcf_vendor_only_unverified_by_exchange
2023-12-27,8306.39021091,7516.14312409,15822.53333500,4.82344234,0.05810280,5.08391306,0.06768570,9.90735540,0.06265471,DFCF/东方财富Choice数据,dfcf_vendor_only_unverified_by_exchange
2023-12-28,8326.11883792,7527.37281461,15853.49165253,19.72862701,0.23751144,11.22969052,0.14940762,30.95831753,0.19565968,DFCF/东方财富Choice数据,dfcf_vendor_only_unverified_by_exchange
2023-12-29,8284.81994098,7496.72328340,15781.54322438,-41.29889694,-0.49601618,-30.64953121,-0.40717435,-71.94842815,-0.45383332,DFCF/东方财富Choice数据,dfcf_vendor_only_unverified_by_exchange
2024-01-02,8311.42083711,7526.46053754,15837.88137465,26.60089613,0.32107995,29.73725414,0.39667003,56.33815027,0.35698759,DFCF/东方财富Choice数据,dfcf_vendor_only_unverified_by_exchange
2024-01-03,8309.94385460,7536.97862273,15846.92247733,-1.47698251,-0.01777052,10.51808519,0.13974809,9.04110268,0.05708530,DFCF/东方财富Choice数据,dfcf_vendor_only_unverified_by_exchange
2024-01-04,8321.28138742,7547.85883636,15869.14022378,11.33753282,0.13643333,10.88021363,0.14435776,22.21774645,0.14020228,DFCF/东方财富Choice数据,dfcf_vendor_only_unverified_by_exchange
2024-01-05,8287.09528427,7498.11422159,15785.20950586,-34.18610315,-0.41082739,-49.74461477,-0.65905598,-83.93071792,-0.52889266,DFCF/东方财富Choice数据,dfcf_vendor_only_unverified_by_exchange
2024-01-08,8289.72334142,7499.56642221,15789.28976363,2.62805715,0.03171265,1.45220062,0.01936754,4.08025777,0.02584861,DFCF/东方财富Choice数据,dfcf_vendor_only_unverified_by_exchange
2024-01-09,8268.97619326,7486.71548009,15755.69167335,-20.74714816,-0.25027552,-12.85094212,-0.17135580,-33.59809028,-0.21279038,DFCF/东方财富Choice数据,dfcf_vendor_only_unverified_by_exchange
2024-01-10,8258.73985989,7470.24214530,15728.98200519,-10.23633337,-0.12379203,-16.47333479,-0.22003420,-26.70966816,-0.16952393,DFCF/东方财富Choice数据,dfcf_vendor_only_unverified_by_exchange
2024-01-11,8266.38502547,7470.29332363,15736.67834910,7.64516558,0.09257061,0.05117833,0.00068510,7.69634391,0.04893097,DFCF/东方财富Choice数据,dfcf_vendor_only_unverified_by_exchange
2024-01-12,8237.48027298,7448.64324375,15686.12351673,-28.90475249,-0.34966618,-21.65007988,-0.28981566,-50.55483237,-0.32125479,DFCF/东方财富Choice数据,dfcf_vendor_only_unverified_by_exchange
2024-01-15,8240.41494146,7455.58613765,15696.00107911,2.93466848,0.03562580,6.94289390,0.09321018,9.87756238,0.06297007,DFCF/东方财富Choice数据,dfcf_vendor_only_unverified_by_exchange
2024-01-16,8221.91705187,7448.80103813,15670.71809000,-18.49788959,-0.22447765,-6.78509952,-0.09100692,-25.28298911,-0.16107918,DFCF/东方财富Choice数据,dfcf_vendor_only_unverified_by_exchange
2024-01-17,8228.93295095,7436.51874408,15665.45169503,7.01589908,0.08533167,-12.28229405,-0.16488954,-5.26639497,-0.03360660,DFCF/东方财富Choice数据,dfcf_vendor_only_unverified_by_exchange
2024-01-18,8190.22418564,7407.88473112,15598.10891676,-38.70876531,-0.47039836,-28.63401296,-0.38504593,-67.34277827,-0.42988086,DFCF/东方财富Choice数据,dfcf_vendor_only_unverified_by_exchange
2024-01-19,8157.17641554,7367.72528307,15524.90169861,-33.04777010,-0.40350263,-40.15944805,-0.54211762,-73.20721815,-0.46933393,DFCF/东方财富Choice数据,dfcf_vendor_only_unverified_by_exchange
2024-01-22,8092.96563322,7281.16821877,15374.13385199,-64.21078232,-0.78716922,-86.55706430,-1.17481395,-150.76784662,-0.97113560,DFCF/东方财富Choice数据,dfcf_vendor_only_unverified_by_exchange
2024-01-23,8070.32444057,7263.18355668,15333.50799725,-22.64119265,-0.27976386,-17.98466209,-0.24700243,-40.62585474,-0.26424809,DFCF/东方财富Choice数据,dfcf_vendor_only_unverified_by_exchange
2024-01-24,8059.44834168,7251.87570871,15311.32405039,-10.87609889,-0.13476656,-11.30784797,-0.15568721,-22.18394686,-0.14467627,DFCF/东方财富Choice数据,dfcf_vendor_only_unverified_by_exchange
2024-01-25,8076.17147167,7275.94864318,15352.12011485,16.72312999,0.20749720,24.07293447,0.33195459,40.79606446,0.26644374,DFCF/东方财富Choice数据,dfcf_vendor_only_unverified_by_exchange
2024-01-26,8046.55756758,7255.51390016,15302.07146774,-29.61390409,-0.36668246,-20.43474302,-0.28085332,-50.04864711,-0.32600479,DFCF/东方财富Choice数据,dfcf_vendor_only_unverified_by_exchange
2024-01-29,8041.26169828,7225.96689772,15267.22859600,-5.29586930,-0.06581534,-29.54700244,-0.40723514,-34.84287174,-0.22770036,DFCF/东方财富Choice数据,dfcf_vendor_only_unverified_by_exchange
2024-01-30,8002.44506696,7185.32084033,15187.76590729,-38.81663132,-0.48271817,-40.64605739,-0.56249991,-79.46268871,-0.52047880,DFCF/东方财富Choice数据,dfcf_vendor_only_unverified_by_exchange
2024-01-31,7924.90224505,7069.33304541,14994.23529046,-77.54282191,-0.96898912,-115.98779492,-1.61423265,-193.53061683,-1.27425336,DFCF/东方财富Choice数据,dfcf_vendor_only_unverified_by_exchange
2024-02-01,7868.37967330,7011.22412100,14879.60379430,-56.52257175,-0.71322737,-58.10892441,-0.82198595,-114.63149616,-0.76450378,DFCF/东方财富Choice数据,dfcf_vendor_only_unverified_by_exchange
2024-02-02,7736.47722879,6852.13467900,14588.61190779,-131.90244451,-1.67636095,-159.08944200,-2.26906799,-290.99188651,-1.95564271,DFCF/东方财富Choice数据,dfcf_vendor_only_unverified_by_exchange
2024-02-05,7552.17822166,6642.02589822,14194.20411988,-184.29900713,-2.38220836,-210.10878078,-3.06632591,-394.40778791,-2.70353198,DFCF/东方财富Choice数据,dfcf_vendor_only_unverified_by_exchange
2024-02-06,7483.33302910,6559.49953605,14042.83256515,-68.84519256,-0.91159385,-82.52636217,-1.24248781,-151.37155473,-1.06643214,DFCF/东方财富Choice数据,dfcf_vendor_only_unverified_by_exchange
2024-02-07,7420.19354720,6491.20667020,13911.40021740,-63.13948190,-0.84373476,-68.29286585,-1.04112921,-131.43234775,-0.93593901,DFCF/东方财富Choice数据,dfcf_vendor_only_unverified_by_exchange
2024-02-08,7328.14563056,6413.61437498,13741.76000554,-92.04791664,-1.24050560,-77.59229522,-1.19534470,-169.64021186,-1.21943305,DFCF/东方财富Choice数据,dfcf_vendor_only_unverified_by_exchange
2024-02-19,7402.27803446,6493.73073387,13896.00876833,74.13240390,1.01161205,80.11635889,1.24916084,154.24876279,1.12248186,DFCF/东方财富Choice数据,dfcf_vendor_only_unverified_by_exchange
2024-02-20,7427.93395834,6528.54167005,13956.47562839,25.65592388,0.34659498,34.81093618,0.53606991,60.46686006,0.43513833,DFCF/东方财富Choice数据,dfcf_vendor_only_unverified_by_exchange
2024-02-21,7453.00060748,6558.23449424,14011.23510172,25.06664914,0.33746462,29.69282419,0.45481557,54.75947333,0.39235889,DFCF/东方财富Choice数据,dfcf_vendor_only_unverified_by_exchange
2024-02-22,7477.23231736,6591.76816521,14069.00048257,24.23170988,0.32512690,33.53367097,0.51132162,57.76538085,0.41227901,DFCF/东方财富Choice数据,dfcf_vendor_only_unverified_by_exchange
2024-02-23,7494.92807896,6621.12892200,14116.05700096,17.69576160,0.23666192,29.36075679,0.44541549,47.05651839,0.33446952,DFCF/东方财富Choice数据,dfcf_vendor_only_unverified_by_exchange
2024-02-26,7542.28891893,6660.74140513,14203.03032406,47.36083997,0.63190520,39.61248313,0.59827385,86.97332310,0.61613043,DFCF/东方财富Choice数据,dfcf_vendor_only_unverified_by_exchange
2024-02-27,7596.79567384,6716.88310764,14313.67878148,54.50675491,0.72268187,56.14170251,0.84287468,110.64845742,0.77904824,DFCF/东方财富Choice数据,dfcf_vendor_only_unverified_by_exchange
2024-02-28,7613.94539302,6730.89988677,14344.84527979,17.14971918,0.22574938,14.01677913,0.20867981,31.16649831,0.21773926,DFCF/东方财富Choice数据,dfcf_vendor_only_unverified_by_exchange
2024-02-29,7635.88251469,6761.48824442,14397.37075911,21.93712167,0.28811766,30.58835765,0.45444678,52.52547932,0.36616275,DFCF/东方财富Choice数据,dfcf_vendor_only_unverified_by_exchange
2024-03-01,7639.98784017,6779.14154101,14419.12938118,4.10532548,0.05376360,17.65329659,0.26108596,21.75862207,0.15112914,DFCF/东方财富Choice数据,dfcf_vendor_only_unverified_by_exchange
2024-03-04,7678.75774743,6837.55421239,14516.31195982,38.76990726,0.50746033,58.41267138,0.86165293,97.18257864,0.67398368,DFCF/东方财富Choice数据,dfcf_vendor_only_unverified_by_exchange
2024-03-05,7655.43467209,6815.36169254,14470.79636463,-23.32307534,-0.30373501,-22.19251985,-0.32456810,-45.51559519,-0.31354793,DFCF/东方财富Choice数据,dfcf_vendor_only_unverified_by_exchange
2024-03-06,7678.31575541,6844.95586410,14523.27161951,22.88108332,0.29888679,29.59417156,0.43422745,52.47525488,0.36262866,DFCF/东方财富Choice数据,dfcf_vendor_only_unverified_by_exchange
2024-03-07,7672.38154523,6832.43637358,14504.81791881,-5.93421018,-0.07728531,-12.51949052,-0.18290097,-18.45370070,-0.12706297,DFCF/东方财富Choice数据,dfcf_vendor_only_unverified_by_exchange
2024-03-08,7670.76407729,6846.85527926,14517.61935655,-1.61746794,-0.02108169,14.41890568,0.21103608,12.80143774,0.08825645,DFCF/东方财富Choice数据,dfcf_vendor_only_unverified_by_exchange
2024-03-11,7717.35920375,6879.75052270,14597.10972645,46.59512646,0.60743788,32.89524344,0.48044310,79.49036990,0.54754411,DFCF/东方财富Choice数据,dfcf_vendor_only_unverified_by_exchange
2024-03-12,7756.28762488,6913.85494214,14670.14256702,38.92842113,0.50442671,34.10441944,0.49572175,73.03284057,0.50032398,DFCF/东方财富Choice数据,dfcf_vendor_only_unverified_by_exchange
2024-03-13,7793.91222769,6946.29131894,14740.20354663,37.62460281,0.48508519,32.43637680,0.46915038,70.06097961,0.47757532,DFCF/东方财富Choice数据,dfcf_vendor_only_unverified_by_exchange
2024-03-14,7800.46280509,6950.81060275,14751.27340784,6.55057740,0.08404736,4.51928381,0.06506038,11.06986121,0.07509979,DFCF/东方财富Choice数据,dfcf_vendor_only_unverified_by_exchange
2024-03-15,7785.95728857,6967.48756675,14753.44485532,-14.50551652,-0.18595713,16.67696400,0.23992833,2.17144748,0.01472041,DFCF/东方财富Choice数据,dfcf_vendor_only_unverified_by_exchange
2024-03-18,7852.38788824,7037.06520144,14889.45308968,66.43059967,0.85321043,69.57763469,0.99860436,136.00823436,0.92187442,DFCF/东方财富Choice数据,dfcf_vendor_only_unverified_by_exchange
2024-03-19,7881.23561308,7044.83158177,14926.06719485,28.84772484,0.36737519,7.76638033,0.11036391,36.61410517,0.24590631,DFCF/东方财富Choice数据,dfcf_vendor_only_unverified_by_exchange
2024-03-20,7915.79255249,7079.14087362,14994.93342611,34.55693941,0.43847109,34.30929185,0.48701366,68.86623126,0.46138229,DFCF/东方财富Choice数据,dfcf_vendor_only_unverified_by_exchange
2024-03-21,7945.58886114,7105.11058373,15050.69944487,29.79630865,0.37641599,25.96971011,0.36684833,55.76601876,0.37189908,DFCF/东方财富Choice数据,dfcf_vendor_only_unverified_by_exchange
2024-03-22,7923.67700490,7106.28149848,15029.95850338,-21.91185624,-0.27577385,1.17091475,0.01647989,-20.74094149,-0.13780716,DFCF/东方财富Choice数据,dfcf_vendor_only_unverified_by_exchange
2024-03-25,7919.01990178,7103.79913346,15022.81903524,-4.65710312,-0.05877452,-2.48236502,-0.03493198,-7.13946814,-0.04750158,DFCF/东方财富Choice数据,dfcf_vendor_only_unverified_by_exchange
2024-03-26,7916.48382622,7096.40802438,15012.89185060,-2.53607556,-0.03202512,-7.39110908,-0.10404445,-9.92718464,-0.06608070,DFCF/东方财富Choice数据,dfcf_vendor_only_unverified_by_exchange
2024-03-27,7900.56026671,7072.71235459,14973.27262130,-15.92355951,-0.20114434,-23.69566979,-0.33391076,-39.61922930,-0.26390138,DFCF/东方财富Choice数据,dfcf_vendor_only_unverified_by_exchange
2024-03-28,7914.83877673,7094.50891854,15009.34769527,14.27851002,0.18072782,21.79656395,0.30817829,36.07507397,0.24092979,DFCF/东方财富Choice数据,dfcf_vendor_only_unverified_by_exchange
2024-03-29,7886.04704752,7066.64719909,14952.69424661,-28.79172921,-0.36376899,-27.86171945,-0.39272231,-56.65344866,-0.37745444,DFCF/东方财富Choice数据,dfcf_vendor_only_unverified_by_exchange
2024-04-01,7919.41850462,7106.71242136,15026.13092598,33.37145710,0.42317091,40.06522227,0.56696225,73.43667937,0.49112674,DFCF/东方财富Choice数据,dfcf_vendor_only_unverified_by_exchange
2024-04-02,7926.50902165,7114.15997180,15040.66899345,7.09051703,0.08953330,7.44755044,0.10479600,14.53806747,0.09675190,DFCF/东方财富Choice数据,dfcf_vendor_only_unverified_by_exchange
2024-04-03,7894.44473453,7080.14114517,14974.58587970,-32.06428712,-0.40451966,-34.01882663,-0.47818473,-66.08311375,-0.43936286,DFCF/东方财富Choice数据,dfcf_vendor_only_unverified_by_exchange
2024-04-08,7922.57829262,7101.87526453,15024.45355715,28.13355809,0.35637159,21.73411936,0.30697297,49.86767745,0.33301540,DFCF/东方财富Choice数据,dfcf_vendor_only_unverified_by_exchange
2024-04-09,7925.37585653,7105.77553454,15031.15139107,2.79756391,0.03531128,3.90027001,0.05491888,6.69783392,0.04457955,DFCF/东方财富Choice数据,dfcf_vendor_only_unverified_by_exchange
2024-04-10,7910.62513076,7088.53659064,14999.16172140,-14.75072577,-0.18612020,-17.23894390,-0.24260468,-31.98966967,-0.21282248,DFCF/东方财富Choice数据,dfcf_vendor_only_unverified_by_exchange
2024-04-11,7906.06930947,7077.67230631,14983.74161578,-4.55582129,-0.05759117,-10.86428433,-0.15326555,-15.42010562,-0.10280645,DFCF/东方财富Choice数据,dfcf_vendor_only_unverified_by_exchange
2024-04-12,7895.17214620,7051.38461116,14946.55675736,-10.89716327,-0.13783288,-26.28769515,-0.37141724,-37.18485842,-0.24816804,DFCF/东方财富Choice数据,dfcf_vendor_only_unverified_by_exchange
2024-04-15,7888.82659697,7031.82846082,14920.65505779,-6.34554923,-0.08037253,-19.55615034,-0.27733773,-25.90169957,-0.17329543,DFCF/东方财富Choice数据,dfcf_vendor_only_unverified_by_exchange
2024-04-16,7862.32639980,6984.38516225,14846.71156205,-26.50019717,-0.33592064,-47.44329857,-0.67469363,-73.94349574,-0.49557808,DFCF/东方财富Choice数据,dfcf_vendor_only_unverified_by_exchange
2024-04-17,7888.06155953,7006.08327952,14894.14483905,25.73515973,0.32732245,21.69811727,0.31066610,47.43327700,0.31948676,DFCF/东方财富Choice数据,dfcf_vendor_only_unverified_by_exchange
2024-04-18,7900.46778078,7016.69324184,14917.16102262,12.40622125,0.15727845,10.60996232,0.15143928,23.01618357,0.15453176,DFCF/东方财富Choice数据,dfcf_vendor_only_unverified_by_exchange
2024-04-19,7879.30724525,6992.49586167,14871.80310692,-21.16053553,-0.26783902,-24.19738017,-0.34485447,-45.35791570,-0.30406534,DFCF/东方财富Choice数据,dfcf_vendor_only_unverified_by_exchange
2024-04-22,7879.29072445,6998.14568359,14877.43640804,-0.01652080,-0.00020967,5.64982192,0.08079836,5.63330112,0.03787907,DFCF/东方财富Choice数据,dfcf_vendor_only_unverified_by_exchange
2024-04-23,7862.54233863,6984.89331606,14847.43565469,-16.74838582,-0.21256210,-13.25236753,-0.18936970,-30.00075335,-0.20165271,DFCF/东方财富Choice数据,dfcf_vendor_only_unverified_by_exchange
2024-04-24,7853.21617854,6994.36263178,14847.57881032,-9.32616009,-0.11861507,9.46931572,0.13556851,0.14315563,0.00096418,DFCF/东方财富Choice数据,dfcf_vendor_only_unverified_by_exchange
2024-04-25,7845.58673597,6996.34158618,14841.92832215,-7.62944257,-0.09715055,1.97895440,0.02829356,-5.65048817,-0.03805663,DFCF/东方财富Choice数据,dfcf_vendor_only_unverified_by_exchange
2024-04-26,7838.66647546,6969.15786172,14807.82433718,-6.92026051,-0.08820577,-27.18372446,-0.38854198,-34.10398497,-0.22978136,DFCF/东方财富Choice数据,dfcf_vendor_only_unverified_by_exchange
2024-04-29,7873.27315790,6991.04989271,14864.32305061,34.60668244,0.44148686,21.89203099,0.31412735,56.49871343,0.38154635,DFCF/东方财富Choice数据,dfcf_vendor_only_unverified_by_exchange
2024-04-30,7794.61836084,6933.93612181,14728.55448265,-78.65479706,-0.99901014,-57.11377090,-0.81695556,-135.76856796,-0.91338548,DFCF/东方财富Choice数据,dfcf_vendor_only_unverified_by_exchange
2024-05-06,7877.90499055,7001.06576869,14878.97075924,83.28662971,1.06851453,67.12964688,0.96813189,150.41627659,1.02125621,DFCF/东方财富Choice数据,dfcf_vendor_only_unverified_by_exchange
2024-05-07,7893.11964241,7015.34621233,14908.46585474,15.21465186,0.19313068,14.28044364,0.20397528,29.49509550,0.19823344,DFCF/东方财富Choice数据,dfcf_vendor_only_unverified_by_exchange
2024-05-08,7909.72569690,7036.93317259,14946.65886949,16.60605449,0.21038645,21.58696026,0.30771055,38.19301475,0.25618340,DFCF/东方财富Choice数据,dfcf_vendor_only_unverified_by_exchange
2024-05-09,7912.98030035,7037.85981729,14950.84011764,3.25460345,0.04114686,0.92664470,0.01316830,4.18124815,0.02797447,DFCF/东方财富Choice数据,dfcf_vendor_only_unverified_by_exchange
2024-05-10,7908.29373066,7026.83070342,14935.12443408,-4.68656969,-0.05922635,-11.02911387,-0.15671119,-15.71568356,-0.10511572,DFCF/东方财富Choice数据,dfcf_vendor_only_unverified_by_exchange
2024-05-13,7923.63204543,7030.41534087,14954.04738630,15.33831477,0.19395226,3.58463745,0.05101357,18.92295222,0.12670100,DFCF/东方财富Choice数据,dfcf_vendor_only_unverified_by_exchange
2024-05-14,7939.05998906,7030.58730594,14969.64729500,15.42794363,0.19470798,0.17196507,0.00244602,15.59990870,0.10431897,DFCF/东方财富Choice数据,dfcf_vendor_only_unverified_by_exchange
2024-05-15,7933.16171463,7020.07646511,14953.23817974,-5.89827443,-0.07429437,-10.51084083,-0.14950160,-16.40911526,-0.10961591,DFCF/东方财富Choice数据,dfcf_vendor_only_unverified_by_exchange
2024-05-16,7945.31737028,7034.31525510,14979.63262538,12.15565565,0.15322586,14.23878999,0.20282956,26.39444564,0.17651324,DFCF/东方财富Choice数据,dfcf_vendor_only_unverified_by_exchange
2024-05-17,7911.76970437,7022.57863013,14934.34833450,-33.54766591,-0.42223192,-11.73662497,-0.16684815,-45.28429088,-0.30230575,DFCF/东方财富Choice数据,dfcf_vendor_only_unverified_by_exchange
2024-05-20,7918.45812829,7044.15976230,14962.61789059,6.68842392,0.08453765,21.58113217,0.30731065,28.26955609,0.18929220,DFCF/东方财富Choice数据,dfcf_vendor_only_unverified_by_exchange
2024-05-21,7927.46660438,7049.37838148,14976.84498586,9.00847609,0.11376553,5.21861918,0.07408434,14.22709527,0.09508427,DFCF/东方财富Choice数据,dfcf_vendor_only_unverified_by_exchange
2024-05-22,7931.48030302,7066.40490607,14997.88520909,4.01369864,0.05063028,17.02652459,0.24153228,21.04022323,0.14048502,DFCF/东方财富Choice数据,dfcf_vendor_only_unverified_by_exchange
2024-05-23,7921.60302563,7053.90599028,14975.50901591,-9.87727739,-0.12453258,-12.49891579,-0.17687800,-22.37619318,-0.14919566,DFCF/东方财富Choice数据,dfcf_vendor_only_unverified_by_exchange
2024-05-24,7890.56561769,7018.91265194,14909.47826963,-31.03740794,-0.39180716,-34.99333834,-0.49608456,-66.03074628,-0.44092489,DFCF/东方财富Choice数据,dfcf_vendor_only_unverified_by_exchange
2024-05-27,7887.11455730,7022.47360911,14909.58816641,-3.45106039,-0.04373654,3.56095717,0.05073374,0.10989678,0.00073709,DFCF/东方财富Choice数据,dfcf_vendor_only_unverified_by_exchange
2024-05-28,7888.22130899,7023.59805001,14911.81935900,1.10675169,0.01403240,1.12444090,0.01601203,2.23119259,0.01496482,DFCF/东方财富Choice数据,dfcf_vendor_only_unverified_by_exchange
2024-05-29,7884.33019337,7021.54320155,14905.87339492,-3.89111562,-0.04932818,-2.05484846,-0.02925635,-5.94596408,-0.03987417,DFCF/东方财富Choice数据,dfcf_vendor_only_unverified_by_exchange
2024-05-30,7886.13622634,7010.37543922,14896.51166556,1.80603297,0.02290661,-11.16776233,-0.15904997,-9.36172936,-0.06280564,DFCF/东方财富Choice数据,dfcf_vendor_only_unverified_by_exchange
2024-05-31,7869.48396207,7002.40170268,14871.88566475,-16.65226427,-0.21115872,-7.97373654,-0.11374193,-24.62600081,-0.16531388,DFCF/东方财富Choice数据,dfcf_vendor_only_unverified_by_exchange
2024-06-03,7863.77890389,6994.67898037,14858.45788426,-5.70505818,-0.07249596,-7.72272231,-0.11028676,-13.42778049,-0.09028970,DFCF/东方财富Choice数据,dfcf_vendor_only_unverified_by_exchange
2024-06-04,7841.68558915,6981.10330307,14822.78889222,-22.09331474,-0.28095035,-13.57567730,-0.19408578,-35.66899204,-0.24005851,DFCF/东方财富Choice数据,dfcf_vendor_only_unverified_by_exchange
2024-06-05,7839.52108368,6972.38154798,14811.90263166,-2.16450547,-0.02760255,-8.72175509,-0.12493376,-10.88626056,-0.07344273,DFCF/东方财富Choice数据,dfcf_vendor_only_unverified_by_exchange
2024-06-06,7820.07095818,6930.41874629,14750.48970447,-19.45012550,-0.24810349,-41.96280169,-0.60184316,-61.41292719,-0.41461876,DFCF/东方财富Choice数据,dfcf_vendor_only_unverified_by_exchange
2024-06-07,7783.01107436,6903.45675697,14686.46783133,-37.05988382,-0.47390726,-26.96198932,-0.38903839,-64.02187314,-0.43403219,DFCF/东方财富Choice数据,dfcf_vendor_only_unverified_by_exchange
2024-06-11,7819.44510323,6913.68473524,14733.12983847,36.43402887,0.46812254,10.22797827,0.14815735,46.66200714,0.31772110,DFCF/东方财富Choice数据,dfcf_vendor_only_unverified_by_exchange
2024-06-12,7823.14849008,6927.36180825,14750.51029833,3.70338685,0.04736125,13.67707301,0.19782610,17.38045986,0.11796855,DFCF/东方财富Choice数据,dfcf_vendor_only_unverified_by_exchange
2024-06-13,7829.07000391,6929.38126061,14758.45126452,5.92151383,0.07569221,2.01945236,0.02915182,7.94096619,0.05383520,DFCF/东方财富Choice数据,dfcf_vendor_only_unverified_by_exchange
2024-06-14,7809.64504299,6907.87472217,14717.51976516,-19.42496092,-0.24811326,-21.50653844,-0.31036737,-40.93149936,-0.27734278,DFCF/东方财富Choice数据,dfcf_vendor_only_unverified_by_exchange
2024-06-17,7829.64014854,6918.96578332,14748.60593186,19.99510555,0.25603091,11.09106115,0.16055678,31.08616670,0.21121879,DFCF/东方财富Choice数据,dfcf_vendor_only_unverified_by_exchange
2024-06-18,7842.95044737,6935.75472477,14778.70517214,13.31029883,0.16999886,16.78894145,0.24265103,30.09924028,0.20408193,DFCF/东方财富Choice数据,dfcf_vendor_only_unverified_by_exchange
2024-06-19,7834.35205481,6943.53227932,14777.88433413,-8.59839256,-0.10963212,7.77755455,0.11213710,-0.82083801,-0.00555419,DFCF/东方财富Choice数据,dfcf_vendor_only_unverified_by_exchange
2024-06-20,7816.83922089,6932.51710067,14749.35632156,-17.51283392,-0.22353902,-11.01517865,-0.15863941,-28.52801257,-0.19304531,DFCF/东方财富Choice数据,dfcf_vendor_only_unverified_by_exchange
2024-06-21,7788.54571234,6909.57548097,14698.12119331,-28.29350855,-0.36195587,-22.94161970,-0.33092770,-51.23512825,-0.34737196,DFCF/东方财富Choice数据,dfcf_vendor_only_unverified_by_exchange
2024-06-24,7762.85059177,6878.66770172,14641.51829349,-25.69512057,-0.32990909,-30.90777925,-0.44731806,-56.60289982,-0.38510296,DFCF/东方财富Choice数据,dfcf_vendor_only_unverified_by_exchange
2024-06-25,7726.34470591,6852.25463572,14578.59934163,-36.50588586,-0.47026392,-26.41306600,-0.38398520,-62.91895186,-0.42972969,DFCF/东方财富Choice数据,dfcf_vendor_only_unverified_by_exchange
2024-06-26,7720.54530413,6858.28578191,14578.83108604,-5.79940178,-0.07506010,6.03114619,0.08801696,0.23174441,0.00158962,DFCF/东方财富Choice数据,dfcf_vendor_only_unverified_by_exchange
2024-06-27,7702.57844269,6842.36286343,14544.94130612,-17.96686144,-0.23271493,-15.92291848,-0.23217053,-33.88977992,-0.23245883,DFCF/东方财富Choice数据,dfcf_vendor_only_unverified_by_exchange
2024-06-28,7664.97289908,6817.83168835,14482.80458743,-37.60554361,-0.48822020,-24.53117508,-0.35851906,-62.13671869,-0.42720502,DFCF/东方财富Choice数据,dfcf_vendor_only_unverified_by_exchange
2024-07-01,7656.58553562,6823.99585181,14480.58138743,-8.38736346,-0.10942457,6.16416346,0.09041237,-2.22320000,-0.01535062,DFCF/东方财富Choice数据,dfcf_vendor_only_unverified_by_exchange
2024-07-02,7658.41762398,6830.64601744,14489.06364142,1.83208836,0.02392827,6.65016563,0.09745266,8.48225399,0.05857675,DFCF/东方财富Choice数据,dfcf_vendor_only_unverified_by_exchange
2024-07-03,7657.37695477,6821.92939651,14479.30635128,-1.04066921,-0.01358857,-8.71662093,-0.12761049,-9.75729014,-0.06734245,DFCF/东方财富Choice数据,dfcf_vendor_only_unverified_by_exchange
2024-07-04,7621.10030420,6792.59836965,14413.69867385,-36.27665057,-0.47374774,-29.33102686,-0.42995207,-65.60767743,-0.45311340,DFCF/东方财富Choice数据,dfcf_vendor_only_unverified_by_exchange
2024-07-05,7594.23798637,6770.18298811,14364.42097448,-26.86231783,-0.35247296,-22.41538154,-0.32999716,-49.27769937,-0.34188102,DFCF/东方财富Choice数据,dfcf_vendor_only_unverified_by_exchange
2024-07-08,7567.55681180,6749.86436594,14317.42117774,-26.68117457,-0.35133445,-20.31862217,-0.30011925,-46.99979674,-0.32719590,DFCF/东方财富Choice数据,dfcf_vendor_only_unverified_by_exchange
2024-07-09,7560.91803578,6752.36487262,14313.28290840,-6.63877602,-0.08772681,2.50050668,0.03704529,-4.13826934,-0.02890373,DFCF/东方财富Choice数据,dfcf_vendor_only_unverified_by_exchange
2024-07-10,7547.28176771,6744.99181963,14292.27358734,-13.63626807,-0.18035202,-7.37305299,-0.10919216,-21.00932106,-0.14678199,DFCF/东方财富Choice数据,dfcf_vendor_only_unverified_by_exchange
2024-07-11,7548.26838907,6772.77483376,14321.04322283,0.98662136,0.01307254,27.78301413,0.41190582,28.76963549,0.20129502,DFCF/东方财富Choice数据,dfcf_vendor_only_unverified_by_exchange
2024-07-12,7519.29369568,6754.46370307,14273.75739875,-28.97469339,-0.38385881,-18.31113069,-0.27036379,-47.28582408,-0.33018421,DFCF/东方财富Choice数据,dfcf_vendor_only_unverified_by_exchange
2024-07-15,7503.96440884,6750.74485766,14254.70926650,-15.32928684,-0.20386605,-3.71884541,-0.05505760,-19.04813225,-0.13344862,DFCF/东方财富Choice数据,dfcf_vendor_only_unverified_by_exchange
2024-07-16,7490.61682416,6760.31463314,14250.93145730,-13.34758468,-0.17787377,9.56977548,0.14175881,-3.77780920,-0.02650218,DFCF/东方财富Choice数据,dfcf_vendor_only_unverified_by_exchange
2024-07-17,7466.42183806,6733.80411946,14200.22595752,-24.19498610,-0.32300392,-26.51051368,-0.39214911,-50.70549978,-0.35580481,DFCF/东方财富Choice数据,dfcf_vendor_only_unverified_by_exchange
2024-07-18,7441.35145022,6711.64398645,14152.99543667,-25.07038784,-0.33577513,-22.16013301,-0.32908788,-47.23052085,-0.33260401,DFCF/东方财富Choice数据,dfcf_vendor_only_unverified_by_exchange
2024-07-19,7406.02433300,6691.52771500,14097.55204800,-35.32711722,-0.47474061,-20.11627145,-0.29972197,-55.44338867,-0.39174314,DFCF/东方财富Choice数据,dfcf_vendor_only_unverified_by_exchange
2024-07-22,7427.13939268,6707.41976743,14134.55916011,21.11505968,0.28510654,15.89205243,0.23749513,37.00711211,0.26250736,DFCF/东方财富Choice数据,dfcf_vendor_only_unverified_by_exchange
2024-07-23,7415.44599301,6692.58331996,14108.02931297,-11.69339967,-0.15744150,-14.83644747,-0.22119456,-26.52984714,-0.18769490,DFCF/东方财富Choice数据,dfcf_vendor_only_unverified_by_exchange
2024-07-24,7399.84379926,6683.08471964,14082.92851890,-15.60219375,-0.21040129,-9.49860032,-0.14192726,-25.10079407,-0.17791850,DFCF/东方财富Choice数据,dfcf_vendor_only_unverified_by_exchange
2024-07-25,7400.78516108,6680.37336897,14081.15853005,0.94136182,0.01272137,-2.71135067,-0.04057035,-1.76998885,-0.01256833,DFCF/东方财富Choice数据,dfcf_vendor_only_unverified_by_exchange
2024-07-26,7387.14451618,6662.10927577,14049.25379195,-13.64064490,-0.18431348,-18.26409320,-0.27339929,-31.90473810,-0.22657751,DFCF/东方财富Choice数据,dfcf_vendor_only_unverified_by_exchange
2024-07-29,7393.62322064,6676.11536997,14069.73859061,6.47870446,0.08770242,14.00609420,0.21023513,20.48479866,0.14580702,DFCF/东方财富Choice数据,dfcf_vendor_only_unverified_by_exchange
2024-07-30,7397.75335240,6676.46192697,14074.21527937,4.13013176,0.05586073,0.34655700,0.00519100,4.47668876,0.03181785,DFCF/东方财富Choice数据,dfcf_vendor_only_unverified_by_exchange
2024-07-31,7418.96882387,6707.73718588,14126.70600975,21.21547147,0.28678263,31.27525891,0.46844061,52.49073038,0.37295671,DFCF/东方财富Choice数据,dfcf_vendor_only_unverified_by_exchange
2024-08-01,7427.93992998,6721.46998502,14149.40991500,8.97110611,0.12092120,13.73279914,0.20473073,22.70390525,0.16071620,DFCF/东方财富Choice数据,dfcf_vendor_only_unverified_by_exchange
2024-08-02,7413.59830054,6694.27644526,14107.87474580,-14.34162944,-0.19307681,-27.19353976,-0.40457727,-41.53516920,-0.29354701,DFCF/东方财富Choice数据,dfcf_vendor_only_unverified_by_exchange
2024-08-05,7398.18172372,6654.94381021,14053.12553393,-15.41657682,-0.20794999,-39.33263505,-0.58755618,-54.74921187,-0.38807555,DFCF/东方财富Choice数据,dfcf_vendor_only_unverified_by_exchange
2024-08-06,7407.75446219,6662.16910813,14069.92357032,9.57273847,0.12939312,7.22529792,0.10857038,16.79803639,0.11953239,DFCF/东方财富Choice数据,dfcf_vendor_only_unverified_by_exchange
2024-08-07,7405.38204386,6661.90243047,14067.28447433,-2.37241833,-0.03202615,-0.26667766,-0.00400287,-2.63909599,-0.01875700,DFCF/东方财富Choice数据,dfcf_vendor_only_unverified_by_exchange
2024-08-08,7403.11931631,6649.54173124,14052.66104755,-2.26272755,-0.03055518,-12.36069923,-0.18554308,-14.62342678,-0.10395344,DFCF/东方财富Choice数据,dfcf_vendor_only_unverified_by_exchange
2024-08-09,7398.20558982,6636.34000563,14034.54559545,-4.91372649,-0.06637373,-13.20172561,-0.19853587,-18.11545210,-0.12891119,DFCF/东方财富Choice数据,dfcf_vendor_only_unverified_by_exchange
2024-08-12,7392.94913283,6628.89974081,14021.84887364,-5.25645699,-0.07105043,-7.44026482,-0.11211398,-12.69672181,-0.09046764,DFCF/东方财富Choice数据,dfcf_vendor_only_unverified_by_exchange
2024-08-13,7396.09113886,6635.00500297,14031.09614183,3.14200603,0.04250004,6.10526216,0.09210069,9.24726819,0.06594899,DFCF/东方财富Choice数据,dfcf_vendor_only_unverified_by_exchange
2024-08-14,7397.25384912,6642.01068460,14039.26453372,1.16271026,0.01572060,7.00568163,0.10558668,8.16839189,0.05821635,DFCF/东方财富Choice数据,dfcf_vendor_only_unverified_by_exchange
2024-08-15,7382.35739847,6636.22996514,14018.58736361,-14.89645065,-0.20137812,-5.78071946,-0.08703267,-20.67717011,-0.14728101,DFCF/东方财富Choice数据,dfcf_vendor_only_unverified_by_exchange
2024-08-16,7361.17355213,6627.60614527,13988.77969740,-21.18384634,-0.28695233,-8.62381987,-0.12995059,-29.80766621,-0.21262960,DFCF/东方财富Choice数据,dfcf_vendor_only_unverified_by_exchange
2024-08-19,7358.45825682,6632.07943153,13990.53768835,-2.71529531,-0.03688672,4.47328626,0.06749475,1.75799095,0.01256715,DFCF/东方财富Choice数据,dfcf_vendor_only_unverified_by_exchange
2024-08-20,7357.49560342,6615.47985360,13972.97545702,-0.96265340,-0.01308227,-16.59957793,-0.25029221,-17.56223133,-0.12552935,DFCF/东方财富Choice数据,dfcf_vendor_only_unverified_by_exchange
2024-08-21,7351.99955823,6603.01016126,13955.00971949,-5.49604519,-0.07469995,-12.46969234,-0.18849264,-17.96573753,-0.12857489,DFCF/东方财富Choice数据,dfcf_vendor_only_unverified_by_exchange
2024-08-22,7320.35606499,6576.50968714,13896.86575213,-31.64349324,-0.43040663,-26.50047412,-0.40133929,-58.14396736,-0.41665301,DFCF/东方财富Choice数据,dfcf_vendor_only_unverified_by_exchange
2024-08-23,7291.97010072,6549.80942610,13841.77952682,-28.38596427,-0.38776754,-26.70026104,-0.40599440,-55.08622531,-0.39639316,DFCF/东方财富Choice数据,dfcf_vendor_only_unverified_by_exchange
2024-08-26,7291.08878020,6548.58328747,13839.67206767,-0.88132052,-0.01208618,-1.22613863,-0.01872022,-2.10745915,-0.01522535,DFCF/东方财富Choice数据,dfcf_vendor_only_unverified_by_exchange
2024-08-27,7273.02602430,6530.53087510,13803.55689940,-18.06275590,-0.24773743,-18.05241237,-0.27566897,-36.11516827,-0.26095393,DFCF/东方财富Choice数据,dfcf_vendor_only_unverified_by_exchange
2024-08-28,7264.05581174,6523.25799368,13787.31380542,-8.97021256,-0.12333536,-7.27288142,-0.11136738,-16.24309398,-0.11767325,DFCF/东方财富Choice数据,dfcf_vendor_only_unverified_by_exchange
2024-08-29,7270.09320287,6524.55307911,13794.64628198,6.03739113,0.08311323,1.29508543,0.01985335,7.33247656,0.05318278,DFCF/东方财富Choice数据,dfcf_vendor_only_unverified_by_exchange
2024-08-30,7273.92495681,6530.33178610,13804.25674291,3.83175394,0.05270571,5.77870699,0.08856863,9.61046093,0.06966805,DFCF/东方财富Choice数据,dfcf_vendor_only_unverified_by_exchange
2024-09-02,7284.68088480,6534.04777917,13818.72866397,10.75592799,0.14786966,3.71599307,0.05690359,14.47192106,0.10483666,DFCF/东方财富Choice数据,dfcf_vendor_only_unverified_by_exchange
2024-09-03,7284.46866207,6529.74655653,13814.21521860,-0.21222273,-0.00291327,-4.30122264,-0.06582784,-4.51344537,-0.03266180,DFCF/东方财富Choice数据,dfcf_vendor_only_unverified_by_exchange
2024-09-04,7280.28796228,6520.55979489,13800.84775717,-4.18069979,-0.05739197,-9.18676164,-0.14069094,-13.36746143,-0.09676599,DFCF/东方财富Choice数据,dfcf_vendor_only_unverified_by_exchange
2024-09-05,7275.92617080,6520.66070468,13796.58687548,-4.36179148,-0.05991235,0.10090979,0.00154756,-4.26088169,-0.03087406,DFCF/东方财富Choice数据,dfcf_vendor_only_unverified_by_exchange
2024-09-06,7253.91397412,6490.02836031,13743.94233443,-22.01219668,-0.30253463,-30.63234437,-0.46977363,-52.64454105,-0.38157656,DFCF/东方财富Choice数据,dfcf_vendor_only_unverified_by_exchange
2024-09-09,7257.50772848,6491.29254737,13748.80027585,3.59375436,0.04954228,1.26418706,0.01947891,4.85794142,0.03534606,DFCF/东方财富Choice数据,dfcf_vendor_only_unverified_by_exchange
2024-09-10,7258.04249926,6491.72122701,13749.76372627,0.53477078,0.00736852,0.42867964,0.00660392,0.96345042,0.00700752,DFCF/东方财富Choice数据,dfcf_vendor_only_unverified_by_exchange
2024-09-11,7247.19503933,6484.29876266,13731.49380199,-10.84745993,-0.14945435,-7.42246435,-0.11433739,-18.26992428,-0.13287446,DFCF/东方财富Choice数据,dfcf_vendor_only_unverified_by_exchange
2024-09-12,7238.60499312,6481.19223998,13719.79723310,-8.59004621,-0.11852925,-3.10652268,-0.04790838,-11.69656889,-0.08518060,DFCF/东方财富Choice数据,dfcf_vendor_only_unverified_by_exchange
2024-09-13,7197.76282455,6435.61664984,13633.37947439,-40.84216857,-0.56422707,-45.57559014,-0.70319763,-86.41775871,-0.62987635,DFCF/东方财富Choice数据,dfcf_vendor_only_unverified_by_exchange
2024-09-18,7191.86405254,6429.40045671,13621.26450925,-5.89877201,-0.08195285,-6.21619313,-0.09659048,-12.11496514,-0.08886252,DFCF/东方财富Choice数据,dfcf_vendor_only_unverified_by_exchange
2024-09-19,7202.98592968,6437.72230016,13640.70822984,11.12187714,0.15464526,8.32184345,0.12943421,19.44372059,0.14274534,DFCF/东方财富Choice数据,dfcf_vendor_only_unverified_by_exchange
2024-09-20,7181.16339596,6423.60439030,13604.76778626,-21.82253372,-0.30296510,-14.11790986,-0.21929976,-35.94044358,-0.26347931,DFCF/东方财富Choice数据,dfcf_vendor_only_unverified_by_exchange
2024-09-23,7177.61015028,6422.71764997,13600.32780025,-3.55324568,-0.04948008,-0.88674033,-0.01380440,-4.43998601,-0.03263551,DFCF/东方财富Choice数据,dfcf_vendor_only_unverified_by_exchange
2024-09-24,7172.64509182,6444.51030626,13617.15539808,-4.96505846,-0.06917426,21.79265629,0.33930584,16.82759783,0.12372935,DFCF/东方财富Choice数据,dfcf_vendor_only_unverified_by_exchange
2024-09-25,7159.52976997,6456.04653136,13615.57630133,-13.11532185,-0.18285196,11.53622510,0.17900856,-1.57909675,-0.01159638,DFCF/东方财富Choice数据,dfcf_vendor_only_unverified_by_exchange
2024-09-26,7168.40036786,6483.73756655,13652.13793441,8.87059789,0.12389917,27.69103519,0.42891629,36.56163308,0.26852799,DFCF/东方财富Choice数据,dfcf_vendor_only_unverified_by_exchange
2024-09-27,7226.22172263,6610.81502819,13837.03675082,57.82135477,0.80661447,127.07746164,1.95994147,184.89881641,1.35435796,DFCF/东方财富Choice数据,dfcf_vendor_only_unverified_by_exchange
2024-09-30,7502.55842337,6792.45976167,14295.01818504,276.33670074,3.82408278,181.64473348,2.74769045,457.98143422,3.30982307,DFCF/东方财富Choice数据,dfcf_vendor_only_unverified_by_exchange
2024-10-08,8059.24955389,7306.23979938,15365.48935327,556.69113052,7.42001727,513.78003771,7.56397617,1070.47116823,7.48842117,DFCF/东方财富Choice数据,dfcf_vendor_only_unverified_by_exchange
2024-10-09,8249.11948198,7514.78058104,15763.90006302,189.86992809,2.35592566,208.54078166,2.85428329,398.41070975,2.59289308,DFCF/东方财富Choice数据,dfcf_vendor_only_unverified_by_exchange
2024-10-10,8268.12806408,7510.17917041,15778.30723449,19.00858210,0.23043165,-4.60141063,-0.06123147,14.40717147,0.09139345,DFCF/东方财富Choice数据,dfcf_vendor_only_unverified_by_exchange
2024-10-11,8233.86486778,7466.34523469,15700.21010247,-34.26319630,-0.41440089,-43.83393572,-0.58366032,-78.09713202,-0.49496521,DFCF/东方财富Choice数据,dfcf_vendor_only_unverified_by_exchange
2024-10-14,8265.63737960,7498.56206243,15764.19944203,31.77251182,0.38587604,32.21682774,0.43149395,63.98933956,0.40756996,DFCF/东方财富Choice数据,dfcf_vendor_only_unverified_by_exchange
2024-10-15,8278.42917705,7506.93150046,15785.36067751,12.79179745,0.15475875,8.36943803,0.11161391,21.16123548,0.13423603,DFCF/东方财富Choice数据,dfcf_vendor_only_unverified_by_exchange
2024-10-16,8269.12817605,7533.15138328,15802.27955933,-9.30100100,-0.11235224,26.21988282,0.34927564,16.91888182,0.10718084,DFCF/东方财富Choice数据,dfcf_vendor_only_unverified_by_exchange
2024-10-17,8284.89901354,7553.04513183,15837.94414537,15.77083749,0.19071947,19.89374855,0.26408269,35.66458604,0.22569267,DFCF/东方财富Choice数据,dfcf_vendor_only_unverified_by_exchange
2024-10-18,8362.46672541,7634.78289863,15997.24962404,77.56771187,0.93625416,81.73776680,1.08218295,159.30547867,1.00584695,DFCF/东方财富Choice数据,dfcf_vendor_only_unverified_by_exchange
2024-10-21,8469.48646793,7757.04375041,16226.53021834,107.01974252,1.27976285,122.26085178,1.60136645,229.28059430,1.43325009,DFCF/东方财富Choice数据,dfcf_vendor_only_unverified_by_exchange
2024-10-22,8514.96247240,7796.23489247,16311.19736487,45.47600447,0.53693934,39.19114206,0.50523296,84.66714653,0.52178220,DFCF/东方财富Choice数据,dfcf_vendor_only_unverified_by_exchange
2024-10-23,8548.01769061,7845.81457685,16393.83226746,33.05521821,0.38820157,49.57968438,0.63594395,82.63490259,0.50661457,DFCF/东方财富Choice数据,dfcf_vendor_only_unverified_by_exchange
2024-10-24,8583.14485171,7884.76279265,16467.90764436,35.12716110,0.41093927,38.94821580,0.49642029,74.07537690,0.45184906,DFCF/东方财富Choice数据,dfcf_vendor_only_unverified_by_exchange
2024-10-25,8599.77091153,7918.03837304,16517.80928457,16.62605982,0.19370592,33.27558039,0.42202386,49.90164021,0.30302356,DFCF/东方财富Choice数据,dfcf_vendor_only_unverified_by_exchange
2024-10-28,8668.25658131,8010.87744697,16679.13402828,68.48566978,0.79636621,92.83907393,1.17250093,161.32474371,0.97667155,DFCF/东方财富Choice数据,dfcf_vendor_only_unverified_by_exchange
2024-10-29,8676.71497826,8063.96465253,16740.67963079,8.45839695,0.09757899,53.08720556,0.66268902,61.54560251,0.36899759,DFCF/东方财富Choice数据,dfcf_vendor_only_unverified_by_exchange
2024-10-30,8718.59506573,8134.71929362,16853.31435935,41.88008747,0.48267216,70.75464109,0.87741755,112.63472856,0.67282052,DFCF/东方财富Choice数据,dfcf_vendor_only_unverified_by_exchange
2024-10-31,8766.30728168,8193.56525809,16959.87253977,47.71221595,0.54724661,58.84596447,0.72339269,106.55818042,0.63226840,DFCF/东方财富Choice数据,dfcf_vendor_only_unverified_by_exchange
2024-11-01,8734.97765288,8148.89985956,16883.87751244,-31.32962880,-0.35738684,-44.66539853,-0.54512776,-75.99502733,-0.44808726,DFCF/东方财富Choice数据,dfcf_vendor_only_unverified_by_exchange
2024-11-04,8795.59251402,8242.29510097,17037.88761499,60.61486114,0.69393264,93.39524141,1.14610859,154.01010255,0.91217259,DFCF/东方财富Choice数据,dfcf_vendor_only_unverified_by_exchange
2024-11-05,8906.84772868,8356.62087907,17263.46860775,111.25521466,1.26489733,114.32577810,1.38706242,225.58099276,1.32399625,DFCF/东方财富Choice数据,dfcf_vendor_only_unverified_by_exchange
2024-11-06,9023.41939873,8464.82113909,17488.24053782,116.57167005,1.30878705,108.20026002,1.29478484,224.77193007,1.30200909,DFCF/东方财富Choice数据,dfcf_vendor_only_unverified_by_exchange
2024-11-07,9158.49059176,8571.05724300,17729.54783476,135.07119303,1.49689588,106.23610391,1.25503070,241.30729694,1.37982604,DFCF/东方财富Choice数据,dfcf_vendor_only_unverified_by_exchange
2024-11-08,9242.30512864,8665.95180228,17908.25693092,83.81453688,0.91515666,94.89455928,1.10715116,178.70909616,1.00797323,DFCF/东方财富Choice数据,dfcf_vendor_only_unverified_by_exchange
2024-11-11,9421.14058709,8851.59056134,18272.73114843,178.83545845,1.93496596,185.63875906,2.14216238,364.47421751,2.03523000,DFCF/东方财富Choice数据,dfcf_vendor_only_unverified_by_exchange
2024-11-12,9448.27518751,8866.88077907,18315.15596658,27.13460042,0.28801821,15.29021773,0.17273978,42.42481815,0.23217557,DFCF/东方财富Choice数据,dfcf_vendor_only_unverified_by_exchange
2024-11-13,9482.25611563,8908.91803748,18391.17415311,33.98092812,0.35965218,42.03725841,0.47409297,76.01818653,0.41505618,DFCF/东方财富Choice数据,dfcf_vendor_only_unverified_by_exchange
2024-11-14,9454.13470996,8864.54407713,18318.67878709,-28.12140567,-0.29656872,-44.37396035,-0.49808473,-72.49536602,-0.39418563,DFCF/东方财富Choice数据,dfcf_vendor_only_unverified_by_exchange
2024-11-15,9421.60415500,8803.76393694,18225.36809194,-32.53055496,-0.34408813,-60.78014019,-0.68565444,-93.31069515,-0.50937459,DFCF/东方财富Choice数据,dfcf_vendor_only_unverified_by_exchange
2024-11-18,9419.31413907,8773.11016320,18192.42430227,-2.29001593,-0.02430601,-30.65377374,-0.34818941,-32.94378967,-0.18075788,DFCF/东方财富Choice数据,dfcf_vendor_only_unverified_by_exchange
2024-11-19,9436.41325522,8785.49223383,18221.90548905,17.09911615,0.18153250,12.38207063,0.14113661,29.48118678,0.16205200,DFCF/东方财富Choice数据,dfcf_vendor_only_unverified_by_exchange
2024-11-20,9454.36591119,8819.25830764,18273.62421883,17.95265597,0.19024873,33.76607381,0.38433901,51.71872978,0.28382723,DFCF/东方财富Choice数据,dfcf_vendor_only_unverified_by_exchange
2024-11-21,9468.33680677,8836.85032855,18305.18713532,13.97089558,0.14777189,17.59202091,0.19947279,31.56291649,0.17272390,DFCF/东方财富Choice数据,dfcf_vendor_only_unverified_by_exchange
2024-11-22,9421.38257073,8761.86388617,18183.24645690,-46.95423604,-0.49590796,-74.98644238,-0.84856526,-121.94067842,-0.66615368,DFCF/东方财富Choice数据,dfcf_vendor_only_unverified_by_exchange
2024-11-25,9429.39649367,8800.53112708,18229.92762075,8.01392294,0.08506101,38.66724091,0.44131296,46.68116385,0.25672623,DFCF/东方财富Choice数据,dfcf_vendor_only_unverified_by_exchange
2024-11-26,9410.65222693,8766.02781746,18176.68004439,-18.74426674,-0.19878543,-34.50330962,-0.39205940,-53.24757636,-0.29208880,DFCF/东方财富Choice数据,dfcf_vendor_only_unverified_by_exchange
2024-11-27,9420.57449350,8788.22286827,18208.79736177,9.92226657,0.10543654,22.19505081,0.25319394,32.11731738,0.17669518,DFCF/东方财富Choice数据,dfcf_vendor_only_unverified_by_exchange
2024-11-28,9432.53754490,8812.96756486,18245.50510976,11.96305140,0.12698855,24.74469659,0.28156656,36.70774799,0.20159348,DFCF/东方财富Choice数据,dfcf_vendor_only_unverified_by_exchange
2024-11-29,9458.97197131,8841.05029189,18300.02226320,26.43442641,0.28024724,28.08272703,0.31865234,54.51715344,0.29879772,DFCF/东方财富Choice数据,dfcf_vendor_only_unverified_by_exchange
2024-12-02,9494.14897920,8918.67390783,18412.82288703,35.17700789,0.37189039,77.62361594,0.87799089,112.80062383,0.61639610,DFCF/东方财富Choice数据,dfcf_vendor_only_unverified_by_exchange
2024-12-03,9496.11483673,8948.27951933,18444.39435606,1.96585753,0.02070599,29.60561150,0.33195082,31.57146903,0.17146458,DFCF/东方财富Choice数据,dfcf_vendor_only_unverified_by_exchange
2024-12-04,9497.64176036,8938.41004505,18436.05180541,1.52692363,0.01607946,-9.86947428,-0.11029466,-8.34255065,-0.04523082,DFCF/东方财富Choice数据,dfcf_vendor_only_unverified_by_exchange
2024-12-05,9521.35960524,8985.84859300,18507.20819824,23.71784488,0.24972352,47.43854795,0.53072692,71.15639283,0.38596329,DFCF/东方财富Choice数据,dfcf_vendor_only_unverified_by_exchange
2024-12-06,9512.30708261,8979.80853705,18492.11561966,-9.05252263,-0.09507595,-6.04005595,-0.06721742,-15.09257858,-0.08154973,DFCF/东方财富Choice数据,dfcf_vendor_only_unverified_by_exchange
2024-12-09,9514.53513614,9012.46807828,18527.00321442,2.22805353,0.02342285,32.65954123,0.36369975,34.88759476,0.18866200,DFCF/东方财富Choice数据,dfcf_vendor_only_unverified_by_exchange
2024-12-10,9566.48446126,9097.57228346,18664.05674472,51.94932512,0.54599961,85.10420518,0.94429411,137.05353030,0.73975013,DFCF/东方财富Choice数据,dfcf_vendor_only_unverified_by_exchange
2024-12-11,9591.66669434,9126.01608586,18717.68278020,25.18223308,0.26323393,28.44380240,0.31265267,53.62603548,0.28732251,DFCF/东方财富Choice数据,dfcf_vendor_only_unverified_by_exchange
2024-12-12,9617.58282389,9168.65168950,18786.23451339,25.91612955,0.27019423,42.63560364,0.46718747,68.55173319,0.36624049,DFCF/东方财富Choice数据,dfcf_vendor_only_unverified_by_exchange
2024-12-13,9572.99883806,9127.33090122,18700.32973928,-44.58398583,-0.46356747,-41.32078828,-0.45067464,-85.90477411,-0.45727511,DFCF/东方财富Choice数据,dfcf_vendor_only_unverified_by_exchange
2024-12-16,9568.68983361,9134.71639000,18703.40622361,-4.30900445,-0.04501206,7.38548878,0.08091619,3.07648433,0.01645150,DFCF/东方财富Choice数据,dfcf_vendor_only_unverified_by_exchange
2024-12-17,9549.81038230,9094.78249319,18644.59287549,-18.87945131,-0.19730445,-39.93389681,-0.43716625,-58.81334812,-0.31445261,DFCF/东方财富Choice数据,dfcf_vendor_only_unverified_by_exchange
2024-12-18,9553.44734903,9104.60922725,18658.05657628,3.63696673,0.03808418,9.82673406,0.10804804,13.46370079,0.07221236,DFCF/东方财富Choice数据,dfcf_vendor_only_unverified_by_exchange
2024-12-19,9565.04384519,9100.44202143,18665.48586662,11.59649616,0.12138546,-4.16720582,-0.04577029,7.42929034,0.03981814,DFCF/东方财富Choice数据,dfcf_vendor_only_unverified_by_exchange
2024-12-20,9596.99763814,9114.15682960,18711.15446774,31.95379295,0.33406844,13.71480817,0.15070486,45.66860112,0.24466870,DFCF/东方财富Choice数据,dfcf_vendor_only_unverified_by_exchange
2024-12-23,9561.44920489,9089.79348057,18651.24268546,-35.54843325,-0.37041202,-24.36334903,-0.26731325,-59.91178228,-0.32019287,DFCF/东方财富Choice数据,dfcf_vendor_only_unverified_by_exchange
2024-12-24,9568.00015587,9096.73375609,18664.73391196,6.55095098,0.06851421,6.94027552,0.07635240,13.49122650,0.07233420,DFCF/东方财富Choice数据,dfcf_vendor_only_unverified_by_exchange
2024-12-25,9556.99365165,9097.74353033,18654.73718198,-11.00650422,-0.11503453,1.00977424,0.01110040,-9.99672998,-0.05355946,DFCF/东方财富Choice数据,dfcf_vendor_only_unverified_by_exchange
2024-12-26,9568.43753174,9097.79977483,18666.23730657,11.44388009,0.11974351,0.05624450,0.00061822,11.50012459,0.06164721,DFCF/东方财富Choice数据,dfcf_vendor_only_unverified_by_exchange
2024-12-27,9552.23986645,9073.30668800,18625.54655445,-16.19766529,-0.16928224,-24.49308683,-0.26921989,-40.69075212,-0.21799119,DFCF/东方财富Choice数据,dfcf_vendor_only_unverified_by_exchange
2024-12-30,9564.51973149,9093.39534720,18657.91507869,12.27986504,0.12855482,20.08865920,0.22140395,32.36852424,0.17378563,DFCF/东方财富Choice数据,dfcf_vendor_only_unverified_by_exchange
2024-12-31,9495.04401354,9007.91441227,18502.95842581,-69.47571795,-0.72639003,-85.48093493,-0.94003320,-154.95665288,-0.83051430,DFCF/东方财富Choice数据,dfcf_vendor_only_unverified_by_exchange
2025-01-02,9480.28697338,8952.59667977,18432.88365315,-14.75704016,-0.15541834,-55.31773250,-0.61410144,-70.07477266,-0.37872199,DFCF/东方财富Choice数据,dfcf_vendor_only_unverified_by_exchange
2025-01-03,9403.49502202,8852.77404972,18256.26907174,-76.79195136,-0.81001716,-99.82263005,-1.11501315,-176.61458141,-0.95814949,DFCF/东方财富Choice数据,dfcf_vendor_only_unverified_by_exchange
2025-01-06,9369.40484542,8806.57972461,18175.98457003,-34.09017660,-0.36252666,-46.19432511,-0.52180621,-80.28450171,-0.43976401,DFCF/东方财富Choice数据,dfcf_vendor_only_unverified_by_exchange
2025-01-07,9366.19486694,8812.31344093,18178.50830787,-3.20997848,-0.03426022,5.73371632,0.06510719,2.52373784,0.01388501,DFCF/东方财富Choice数据,dfcf_vendor_only_unverified_by_exchange
2025-01-08,9347.98277212,8786.61817018,18134.60094230,-18.21209482,-0.19444497,-25.69527075,-0.29158371,-43.90736557,-0.24153448,DFCF/东方财富Choice数据,dfcf_vendor_only_unverified_by_exchange
2025-01-09,9346.99072676,8782.78402803,18129.77475479,-0.99204536,-0.01061240,-3.83414215,-0.04363615,-4.82618751,-0.02661314,DFCF/东方财富Choice数据,dfcf_vendor_only_unverified_by_exchange
2025-01-10,9318.47072917,8723.53588738,18042.00661655,-28.51999759,-0.30512492,-59.24814065,-0.67459407,-87.76813824,-0.48411047,DFCF/东方财富Choice数据,dfcf_vendor_only_unverified_by_exchange
2025-01-13,9314.98491977,8718.46770369,18033.45262346,-3.48580940,-0.03740753,-5.06818369,-0.05809781,-8.55399309,-0.04741154,DFCF/东方财富Choice数据,dfcf_vendor_only_unverified_by_exchange
2025-01-14,9349.83756674,8797.85955364,18147.69712038,34.85264697,0.37415677,79.39184995,0.91061701,114.24449692,0.63351428,DFCF/东方财富Choice数据,dfcf_vendor_only_unverified_by_exchange
2025-01-15,9352.43523067,8812.45241471,18164.88764538,2.59766393,0.02778298,14.59286107,0.16586831,17.19052500,0.09472566,DFCF/东方财富Choice数据,dfcf_vendor_only_unverified_by_exchange
2025-01-16,9355.72524508,8821.08386185,18176.80910693,3.29001441,0.03517816,8.63144714,0.09794603,11.92146155,0.06562915,DFCF/东方财富Choice数据,dfcf_vendor_only_unverified_by_exchange
2025-01-17,9319.49689547,8790.11707399,18109.61396946,-36.22834961,-0.38723187,-30.96678786,-0.35105423,-67.19513747,-0.36967510,DFCF/东方财富Choice数据,dfcf_vendor_only_unverified_by_exchange
2025-01-20,9315.50947430,8803.18780178,18118.69727608,-3.98742117,-0.04278580,13.07072779,0.14869799,9.08330662,0.05015737,DFCF/东方财富Choice数据,dfcf_vendor_only_unverified_by_exchange
2025-01-21,9318.33618165,8813.76828412,18132.10446577,2.82670735,0.03034410,10.58048234,0.12018922,13.40718969,0.07399643,DFCF/东方财富Choice数据,dfcf_vendor_only_unverified_by_exchange
2025-01-22,9326.12094200,8788.14041972,18114.26136172,7.78476035,0.08354239,-25.62786440,-0.29077080,-17.84310405,-0.09840614,DFCF/东方财富Choice数据,dfcf_vendor_only_unverified_by_exchange
2025-01-23,9294.53719597,8768.06477751,18062.60197348,-31.58374603,-0.33865898,-20.07564221,-0.22844016,-51.65938824,-0.28518628,DFCF/东方财富Choice数据,dfcf_vendor_only_unverified_by_exchange
2025-01-24,9231.70752645,8719.20230667,17950.90983312,-62.82966952,-0.67598492,-48.86247084,-0.55727771,-111.69214036,-0.61836130,DFCF/东方财富Choice数据,dfcf_vendor_only_unverified_by_exchange
2025-01-27,9068.36932381,8541.11725002,17609.48657383,-163.33820264,-1.76931735,-178.08505665,-2.04244666,-341.42325929,-1.90198303,DFCF/东方财富Choice数据,dfcf_vendor_only_unverified_by_exchange
2025-02-05,9173.92767343,8633.53272384,17807.46039727,105.55834962,1.16402791,92.41547382,1.08200685,197.97382344,1.12424529,DFCF/东方财富Choice数据,dfcf_vendor_only_unverified_by_exchange
2025-02-06,9236.56820579,8716.93200998,17953.50021577,62.64053236,0.68281040,83.39928614,0.96599259,146.03981850,0.82010469,DFCF/东方财富Choice数据,dfcf_vendor_only_unverified_by_exchange
2025-02-07,9280.35285866,8781.90423408,18062.25709274,43.78465287,0.47403594,64.97222410,0.74535655,108.75687697,0.60576977,DFCF/东方财富Choice数据,dfcf_vendor_only_unverified_by_exchange
2025-02-10,9365.41604647,8887.41244299,18252.82848946,85.06318781,0.91659433,105.50820891,1.20142746,190.57139672,1.05508075,DFCF/东方财富Choice数据,dfcf_vendor_only_unverified_by_exchange
2025-02-11,9391.46823237,8920.61787291,18312.08610528,26.05218590,0.27817436,33.20542992,0.37362315,59.25761582,0.32464895,DFCF/东方财富Choice数据,dfcf_vendor_only_unverified_by_exchange
2025-02-12,9411.42844137,8971.81033285,18383.23877422,19.96020900,0.21253555,51.19245994,0.57386675,71.15266894,0.38855578,DFCF/东方财富Choice数据,dfcf_vendor_only_unverified_by_exchange
2025-02-13,9405.85522678,8968.70643678,18374.56166356,-5.57321459,-0.05921752,-3.10389607,-0.03459610,-8.67711066,-0.04720121,DFCF/东方财富Choice数据,dfcf_vendor_only_unverified_by_exchange
2025-02-14,9413.52939939,8966.91318624,18380.44258563,7.67417261,0.08158931,-1.79325054,-0.01999453,5.88092207,0.03200578,DFCF/东方财富Choice数据,dfcf_vendor_only_unverified_by_exchange
2025-02-17,9491.58718589,9050.15767143,18541.74485732,78.05778650,0.82920851,83.24448519,0.92835164,161.30227169,0.87757556,DFCF/东方财富Choice数据,dfcf_vendor_only_unverified_by_exchange
2025-02-18,9454.24585208,9018.54420517,18472.79005725,-37.34133381,-0.39341506,-31.61346626,-0.34931398,-68.95480007,-0.37188949,DFCF/东方财富Choice数据,dfcf_vendor_only_unverified_by_exchange
2025-02-19,9503.98196565,9068.58057966,18572.56254531,49.73611357,0.52607172,50.03637449,0.55481654,99.77248806,0.54010514,DFCF/东方财富Choice数据,dfcf_vendor_only_unverified_by_exchange
2025-02-20,9533.02647173,9106.49625103,18639.52272276,29.04450608,0.30560355,37.91567137,0.41809929,66.96017745,0.36053279,DFCF/东方财富Choice数据,dfcf_vendor_only_unverified_by_exchange
2025-02-21,9567.06096115,9133.23986104,18700.30082219,34.03448942,0.35701663,26.74361001,0.29367618,60.77809943,0.32607111,DFCF/东方财富Choice数据,dfcf_vendor_only_unverified_by_exchange
2025-02-24,9608.17195447,9210.25749877,18818.42945324,41.11099332,0.42971393,77.01763773,0.84326744,118.12863105,0.63169375,DFCF/东方财富Choice数据,dfcf_vendor_only_unverified_by_exchange
2025-02-25,9638.79747065,9246.28492439,18885.08239504,30.62551618,0.31874446,36.02742562,0.39116632,66.65294180,0.35418972,DFCF/东方财富Choice数据,dfcf_vendor_only_unverified_by_exchange
2025-02-26,9682.81688463,9302.42067080,18985.23755543,44.01941398,0.45668989,56.13574641,0.60711677,100.15516039,0.53034008,DFCF/东方财富Choice数据,dfcf_vendor_only_unverified_by_exchange
2025-02-27,9679.08224325,9324.33003779,19003.41228104,-3.73464138,-0.03856978,21.90936699,0.23552329,18.17472561,0.09573083,DFCF/东方财富Choice数据,dfcf_vendor_only_unverified_by_exchange
2025-02-28,9609.07206926,9217.35951612,18826.43158538,-70.01017399,-0.72331418,-106.97052167,-1.14721938,-176.98069566,-0.93131009,DFCF/东方财富Choice数据,dfcf_vendor_only_unverified_by_exchange
2025-03-03,9597.10302382,9220.17044841,18817.27347223,-11.96904544,-0.12455985,2.81093229,0.03049607,-9.15811315,-0.04864498,DFCF/东方财富Choice数据,dfcf_vendor_only_unverified_by_exchange
2025-03-04,9591.04687354,9244.28815298,18835.33502652,-6.05615028,-0.06310394,24.11770457,0.26157547,18.06155429,0.09598391,DFCF/东方财富Choice数据,dfcf_vendor_only_unverified_by_exchange
2025-03-05,9594.07691107,9273.11849395,18867.19540502,3.03003753,0.03159235,28.83034097,0.31187194,31.86037850,0.16915217,DFCF/东方财富Choice数据,dfcf_vendor_only_unverified_by_exchange
2025-03-06,9653.26732669,9382.91066458,19036.17799127,59.19041562,0.61694748,109.79217063,1.18398326,168.98258625,0.89564232,DFCF/东方财富Choice数据,dfcf_vendor_only_unverified_by_exchange
2025-03-07,9616.83902616,9324.47715416,18941.31618032,-36.42830053,-0.37736757,-58.43351042,-0.62276529,-94.86181095,-0.49832383,DFCF/东方财富Choice数据,dfcf_vendor_only_unverified_by_exchange
2025-03-10,9659.80054878,9376.55230101,19036.35284979,42.96152262,0.44673226,52.07514685,0.55847793,95.03666947,0.50174269,DFCF/东方财富Choice数据,dfcf_vendor_only_unverified_by_exchange
2025-03-11,9657.95797513,9394.41644086,19052.37441599,-1.84257365,-0.01907466,17.86413985,0.19051928,16.02156620,0.08416300,DFCF/东方财富Choice数据,dfcf_vendor_only_unverified_by_exchange
2025-03-12,9709.25278485,9459.22959832,19168.48238317,51.29480972,0.53111444,64.81315746,0.68991148,116.10796718,0.60941468,DFCF/东方财富Choice数据,dfcf_vendor_only_unverified_by_exchange
2025-03-13,9681.66630947,9425.31829263,19106.98460210,-27.58647538,-0.28412563,-33.91130569,-0.35849966,-61.49778107,-0.32082760,DFCF/东方财富Choice数据,dfcf_vendor_only_unverified_by_exchange
2025-03-14,9677.61631056,9441.01521081,19118.63152137,-4.04999891,-0.04183163,15.69691818,0.16653993,11.64691927,0.06095634,DFCF/东方财富Choice数据,dfcf_vendor_only_unverified_by_exchange
2025-03-17,9713.14793092,9525.48775662,19238.63568754,35.53162036,0.36715260,84.47254581,0.89474007,120.00416617,0.62768178,DFCF/东方财富Choice数据,dfcf_vendor_only_unverified_by_exchange
2025-03-18,9748.37417875,9572.03594763,19320.41012638,35.22624783,0.36266562,46.54819101,0.48866989,81.77443884,0.42505321,DFCF/东方财富Choice数据,dfcf_vendor_only_unverified_by_exchange
2025-03-19,9749.98389156,9572.76596765,19322.74985921,1.60971281,0.01651263,0.73002002,0.00762659,2.33973283,0.01211016,DFCF/东方财富Choice数据,dfcf_vendor_only_unverified_by_exchange
2025-03-20,9769.25908288,9575.46286983,19344.72195271,19.27519132,0.19769460,2.69690218,0.02817265,21.97209350,0.11371101,DFCF/东方财富Choice数据,dfcf_vendor_only_unverified_by_exchange
2025-03-21,9716.55569946,9488.58800539,19205.14370485,-52.70338342,-0.53948189,-86.87486444,-0.90726543,-139.57824786,-0.72153142,DFCF/东方财富Choice数据,dfcf_vendor_only_unverified_by_exchange
2025-03-24,9697.86080222,9451.36119972,19149.22200194,-18.69489724,-0.19240251,-37.22680567,-0.39233241,-55.92170291,-0.29118086,DFCF/东方财富Choice数据,dfcf_vendor_only_unverified_by_exchange
2025-03-25,9689.43026169,9432.93889558,19122.36915727,-8.43054053,-0.08693196,-18.42230414,-0.19491694,-26.85284467,-0.14022943,DFCF/东方财富Choice数据,dfcf_vendor_only_unverified_by_exchange
2025-03-26,9694.73222868,9434.20994775,19128.94217643,5.30196699,0.05471908,1.27105217,0.01347461,6.57301916,0.03437346,DFCF/东方财富Choice数据,dfcf_vendor_only_unverified_by_exchange
2025-03-27,9684.17545674,9412.26045122,19096.43590796,-10.55677194,-0.10889184,-21.94949653,-0.23265855,-32.50626847,-0.16993239,DFCF/东方财富Choice数据,dfcf_vendor_only_unverified_by_exchange
2025-03-28,9672.13232779,9385.94602728,19058.07835507,-12.04312895,-0.12435885,-26.31442394,-0.27957603,-38.35755289,-0.20086237,DFCF/东方财富Choice数据,dfcf_vendor_only_unverified_by_exchange
2025-03-31,9670.26910148,9350.53700961,19020.80611109,-1.86322631,-0.01926386,-35.40901767,-0.37725571,-37.27224398,-0.19557189,DFCF/东方财富Choice数据,dfcf_vendor_only_unverified_by_exchange
2025-04-01,9649.15147379,9323.99031312,18973.14178691,-21.11762769,-0.21837684,-26.54669649,-0.28390558,-47.66432418,-0.25059045,DFCF/东方财富Choice数据,dfcf_vendor_only_unverified_by_exchange
2025-04-02,9633.73933304,9319.32282904,18953.06216208,-15.41214075,-0.15972535,-4.66748408,-0.05005887,-20.07962483,-0.10583184,DFCF/东方财富Choice数据,dfcf_vendor_only_unverified_by_exchange
2025-04-03,9588.06215111,9277.29617671,18865.35832782,-45.67718193,-0.47413762,-42.02665233,-0.45096251,-87.70383426,-0.46274229,DFCF/东方财富Choice数据,dfcf_vendor_only_unverified_by_exchange
2025-04-07,9396.58581632,8991.72891464,18388.31473096,-191.47633479,-1.99702851,-285.56726207,-3.07813027,-477.04359686,-2.52867498,DFCF/东方财富Choice数据,dfcf_vendor_only_unverified_by_exchange
2025-04-08,9213.56014088,8789.46276207,18003.02290295,-183.02567544,-1.94778911,-202.26615257,-2.24946898,-385.29182801,-2.09530799,DFCF/东方财富Choice数据,dfcf_vendor_only_unverified_by_exchange
2025-04-09,9193.76233259,8750.91824068,17944.68057327,-19.79780829,-0.21487686,-38.54452139,-0.43853103,-58.34232968,-0.32406963,DFCF/东方财富Choice数据,dfcf_vendor_only_unverified_by_exchange
2025-04-10,9207.19496266,8763.37391176,17970.56887442,13.43263007,0.14610591,12.45567108,0.14233559,25.88830115,0.14426727,DFCF/东方财富Choice数据,dfcf_vendor_only_unverified_by_exchange
2025-04-11,9182.21823420,8748.60732976,17930.82556396,-24.97672846,-0.27127403,-14.76658200,-0.16850339,-39.74331046,-0.22115778,DFCF/东方财富Choice数据,dfcf_vendor_only_unverified_by_exchange
2025-04-14,9227.53835196,8791.14105339,18018.67940535,45.32011776,0.49356394,42.53372363,0.48617708,87.85384139,0.48995982,DFCF/东方财富Choice数据,dfcf_vendor_only_unverified_by_exchange
2025-04-15,9223.46969118,8799.31802411,18022.78771529,-4.06866078,-0.04409259,8.17697072,0.09301376,4.10830994,0.02280028,DFCF/东方财富Choice数据,dfcf_vendor_only_unverified_by_exchange
2025-04-16,9191.59004275,8780.06455145,17971.65459420,-31.87964843,-0.34563618,-19.25347266,-0.21880642,-51.13312109,-0.28371372,DFCF/东方财富Choice数据,dfcf_vendor_only_unverified_by_exchange
2025-04-17,9169.79946296,8767.21032710,17937.00979006,-21.79057979,-0.23707084,-12.85422435,-0.14640239,-34.64480414,-0.19277471,DFCF/东方财富Choice数据,dfcf_vendor_only_unverified_by_exchange
2025-04-18,9136.44906996,8737.93563164,17874.38470160,-33.35039300,-0.36369817,-29.27469546,-0.33391118,-62.62508846,-0.34913895,DFCF/东方财富Choice数据,dfcf_vendor_only_unverified_by_exchange
2025-04-21,9167.57890120,8763.21389242,17930.79279362,31.12983124,0.34072133,25.27826078,0.28929328,56.40809202,0.31558061,DFCF/东方财富Choice数据,dfcf_vendor_only_unverified_by_exchange
2025-04-22,9145.50232887,8779.03268809,17924.53501696,-22.07657233,-0.24081137,15.81879567,0.18051363,-6.25777666,-0.03489961,DFCF/东方财富Choice数据,dfcf_vendor_only_unverified_by_exchange
2025-04-23,9148.25452131,8796.74917303,17945.00369434,2.75219244,0.03009340,17.71648494,0.20180452,20.46867738,0.11419363,DFCF/东方财富Choice数据,dfcf_vendor_only_unverified_by_exchange
2025-04-24,9132.55772009,8783.04578320,17915.60350329,-15.69680122,-0.17158247,-13.70338983,-0.15577789,-29.40019105,-0.16383497,DFCF/东方财富Choice数据,dfcf_vendor_only_unverified_by_exchange
2025-04-25,9099.51876584,8762.63257057,17862.15133641,-33.03895425,-0.36177110,-20.41321263,-0.23241610,-53.45216688,-0.29835538,DFCF/东方财富Choice数据,dfcf_vendor_only_unverified_by_exchange
2025-04-28,9106.21691549,8768.39715520,17874.61407069,6.69814965,0.07360993,5.76458463,0.06578599,12.46273428,0.06977174,DFCF/东方财富Choice数据,dfcf_vendor_only_unverified_by_exchange
2025-04-29,9104.76190696,8756.44286412,17861.20477108,-1.45500853,-0.01597819,-11.95429108,-0.13633382,-13.40929961,-0.07501868,DFCF/东方财富Choice数据,dfcf_vendor_only_unverified_by_exchange
2025-04-30,9022.97294171,8683.57751845,17706.55046016,-81.78896525,-0.89830976,-72.86534567,-0.83213408,-154.65431092,-0.86586718,DFCF/东方财富Choice数据,dfcf_vendor_only_unverified_by_exchange
2025-05-06,9082.36842318,8767.13127710,17849.49970028,59.39548147,0.65826953,83.55375865,0.96220433,142.94924012,0.80732405,DFCF/东方财富Choice数据,dfcf_vendor_only_unverified_by_exchange
2025-05-07,9111.75339517,8809.29314869,17921.04654386,29.38497199,0.32353865,42.16187159,0.48090841,71.54684358,0.40083389,DFCF/东方财富Choice数据,dfcf_vendor_only_unverified_by_exchange
2025-05-08,9111.57862069,8807.38314623,17918.96176692,-0.17477448,-0.00191812,-1.91000246,-0.02168168,-2.08477694,-0.01163312,DFCF/东方财富Choice数据,dfcf_vendor_only_unverified_by_exchange
2025-05-09,9092.17878305,8780.56099621,17872.73977926,-19.39983764,-0.21291412,-26.82215002,-0.30454165,-46.22198766,-0.25795014,DFCF/东方财富Choice数据,dfcf_vendor_only_unverified_by_exchange
2025-05-12,9097.91926143,8819.79306695,17917.71232838,5.74047838,0.06313644,39.23207074,0.44680597,44.97254912,0.25162650,DFCF/东方财富Choice数据,dfcf_vendor_only_unverified_by_exchange
2025-05-13,9096.32087491,8833.93473577,17930.25561068,-1.59838652,-0.01756870,14.14166882,0.16034014,12.54328230,0.07000493,DFCF/东方财富Choice数据,dfcf_vendor_only_unverified_by_exchange
2025-05-14,9095.05314379,8846.83687844,17941.89002223,-1.26773112,-0.01393675,12.90214267,0.14605205,11.63441155,0.06488704,DFCF/东方财富Choice数据,dfcf_vendor_only_unverified_by_exchange
2025-05-15,9083.49137943,8829.77081042,17913.26218985,-11.56176436,-0.12712146,-17.06606802,-0.19290587,-28.62783238,-0.15955862,DFCF/东方财富Choice数据,dfcf_vendor_only_unverified_by_exchange
2025-05-16,9074.27084606,8820.54525694,17894.81610300,-9.22053337,-0.10150869,-9.22555348,-0.10448237,-18.44608685,-0.10297447,DFCF/东方财富Choice数据,dfcf_vendor_only_unverified_by_exchange
2025-05-19,9096.57468124,8833.67155463,17930.24623587,22.30383518,0.24579204,13.12629769,0.14881504,35.43013287,0.19799104,DFCF/东方财富Choice数据,dfcf_vendor_only_unverified_by_exchange
2025-05-20,9096.02494527,8856.10904227,17952.13398754,-0.54973597,-0.00604333,22.43748764,0.25399957,21.88775167,0.12207167,DFCF/东方财富Choice数据,dfcf_vendor_only_unverified_by_exchange
2025-05-21,9086.72788726,8847.44555438,17934.17344164,-9.29705801,-0.10221012,-8.66348789,-0.09782499,-17.96054590,-0.10004686,DFCF/东方财富Choice数据,dfcf_vendor_only_unverified_by_exchange
2025-05-22,9075.35824938,8837.72025433,17913.07850371,-11.36963788,-0.12512357,-9.72530005,-0.10992212,-21.09493793,-0.11762426,DFCF/东方财富Choice数据,dfcf_vendor_only_unverified_by_exchange
2025-05-23,9054.71558442,8784.06384455,17838.77942897,-20.64266496,-0.22745840,-53.65640978,-0.60712953,-74.29907474,-0.41477558,DFCF/东方财富Choice数据,dfcf_vendor_only_unverified_by_exchange
2025-05-26,9079.63207363,8806.00246125,17885.63453488,24.91648921,0.27517694,21.93861670,0.24975475,46.85510591,0.26265870,DFCF/东方财富Choice数据,dfcf_vendor_only_unverified_by_exchange
2025-05-27,9102.28044137,8826.93489766,17929.21533903,22.64836774,0.24944147,20.93243641,0.23770646,43.58080415,0.24366373,DFCF/东方财富Choice数据,dfcf_vendor_only_unverified_by_exchange
2025-05-28,9099.86392086,8832.30797386,17932.17189472,-2.41652051,-0.02654852,5.37307620,0.06087137,2.95655569,0.01649016,DFCF/东方财富Choice数据,dfcf_vendor_only_unverified_by_exchange
2025-05-29,9083.82726705,8836.43034051,17920.25760756,-16.03665381,-0.17622960,4.12236665,0.04667372,-11.91428716,-0.06644085,DFCF/东方财富Choice数据,dfcf_vendor_only_unverified_by_exchange
2025-05-30,9050.65691813,8787.75418277,17838.41110090,-33.17034892,-0.36515830,-48.67615774,-0.55085771,-81.84650666,-0.45672617,DFCF/东方财富Choice数据,dfcf_vendor_only_unverified_by_exchange
2025-06-03,9065.39733658,8807.55982293,17872.95715951,14.74041845,0.16286573,19.80564016,0.22537772,34.54605861,0.19366107,DFCF/东方财富Choice数据,dfcf_vendor_only_unverified_by_exchange
2025-06-04,9075.51168910,8820.06626182,17895.57795092,10.11435252,0.11157098,12.50643889,0.14199664,22.62079141,0.12656435,DFCF/东方财富Choice数据,dfcf_vendor_only_unverified_by_exchange
2025-06-05,9094.98147688,8845.63195330,17940.61343018,19.46978778,0.21453102,25.56569148,0.28985827,45.03547926,0.25165703,DFCF/东方财富Choice数据,dfcf_vendor_only_unverified_by_exchange
2025-06-06,9072.72972139,8837.30118683,17910.03090822,-22.25175549,-0.24465971,-8.33076647,-0.09417944,-30.58252196,-0.17046531,DFCF/东方财富Choice数据,dfcf_vendor_only_unverified_by_exchange
2025-06-09,9114.10866748,8868.72512043,17982.83378791,41.37894609,0.45608045,31.42393360,0.35558292,72.80287969,0.40649221,DFCF/东方财富Choice数据,dfcf_vendor_only_unverified_by_exchange
2025-06-10,9123.41653816,8869.01530213,17992.43184029,9.30787068,0.10212596,0.29018170,0.00327197,9.59805238,0.05337341,DFCF/东方财富Choice数据,dfcf_vendor_only_unverified_by_exchange
2025-06-11,9133.54209893,8877.29408039,18010.83617932,10.12556077,0.11098431,8.27877826,0.09334495,18.40433903,0.10228934,DFCF/东方财富Choice数据,dfcf_vendor_only_unverified_by_exchange
2025-06-12,9151.67037266,8882.90800437,18034.57837703,18.12827373,0.19848021,5.61392398,0.06323913,23.74219771,0.13182174,DFCF/东方财富Choice数据,dfcf_vendor_only_unverified_by_exchange
2025-06-13,9129.55300781,8860.27798974,17989.83099755,-22.11736485,-0.24167572,-22.63001463,-0.25475908,-44.74737948,-0.24811991,DFCF/东方财富Choice数据,dfcf_vendor_only_unverified_by_exchange
2025-06-16,9162.89694734,8881.90590524,18044.80285258,33.34393953,0.36523080,21.62791550,0.24409974,54.97185503,0.30557183,DFCF/东方财富Choice数据,dfcf_vendor_only_unverified_by_exchange
2025-06-17,9199.89046739,8898.74196834,18098.63243573,36.99352005,0.40373170,16.83606310,0.18955462,53.82958315,0.29831073,DFCF/东方财富Choice数据,dfcf_vendor_only_unverified_by_exchange
2025-06-18,9200.11904287,8911.76609709,18111.88513996,0.22857548,0.00248455,13.02412875,0.14635921,13.25270423,0.07322489,DFCF/东方财富Choice数据,dfcf_vendor_only_unverified_by_exchange
2025-06-19,9152.55863687,8885.16100254,18037.71963941,-47.56040600,-0.51695425,-26.60509455,-0.29853897,-74.16550055,-0.40948526,DFCF/东方财富Choice数据,dfcf_vendor_only_unverified_by_exchange
2025-06-20,9110.53174880,8845.29552659,17955.82727539,-42.02688807,-0.45918185,-39.86547595,-0.44867477,-81.89236402,-0.45400619,DFCF/东方财富Choice数据,dfcf_vendor_only_unverified_by_exchange
2025-06-23,9130.51422559,8866.53659155,17997.05081714,19.98247679,0.21933381,21.24106496,0.24013969,41.22354175,0.22958308,DFCF/东方财富Choice数据,dfcf_vendor_only_unverified_by_exchange
2025-06-24,9146.22047518,8902.11049660,18048.33097178,15.70624959,0.17201933,35.57390505,0.40121534,51.28015464,0.28493643,DFCF/东方财富Choice数据,dfcf_vendor_only_unverified_by_exchange
2025-06-25,9168.09346278,8948.29020777,18116.38367055,21.87298760,0.23914783,46.17971117,0.51875015,68.05269877,0.37705813,DFCF/东方财富Choice数据,dfcf_vendor_only_unverified_by_exchange
2025-06-26,9202.44377739,9005.42579395,18207.86957134,34.35031461,0.37467239,57.13558618,0.63850842,91.48590079,0.50498986,DFCF/东方财富Choice数据,dfcf_vendor_only_unverified_by_exchange
2025-06-27,9216.06906801,9000.79196137,18216.86102938,13.62529062,0.14806166,-4.63383258,-0.05145601,8.99145804,0.04938226,DFCF/东方财富Choice数据,dfcf_vendor_only_unverified_by_exchange
2025-06-30,9254.18708645,9069.16685330,18323.35393975,38.11801844,0.41360387,68.37489193,0.75965418,106.49291037,0.58458430,DFCF/东方财富Choice数据,dfcf_vendor_only_unverified_by_exchange
2025-07-01,9268.95132373,9091.38039215,18360.33171588,14.76423728,0.15954116,22.21353885,0.24493472,36.97777613,0.20180681,DFCF/东方财富Choice数据,dfcf_vendor_only_unverified_by_exchange
2025-07-02,9280.80643653,9090.04971033,18370.85614686,11.85511280,0.12790134,-1.33068182,-0.01463674,10.52443098,0.05732157,DFCF/东方财富Choice数据,dfcf_vendor_only_unverified_by_exchange
2025-07-03,9288.87433388,9115.80254700,18404.67688088,8.06789735,0.08693099,25.75283667,0.28330799,33.82073402,0.18409993,DFCF/东方财富Choice数据,dfcf_vendor_only_unverified_by_exchange
2025-07-04,9257.02841567,9084.79427856,18341.82269423,-31.84591821,-0.34283937,-31.00826844,-0.34015950,-62.85418665,-0.34151204,DFCF/东方财富Choice数据,dfcf_vendor_only_unverified_by_exchange
2025-07-07,9288.27818949,9116.67461773,18404.95280722,31.24977382,0.33757889,31.88033917,0.35091977,63.13011299,0.34418669,DFCF/东方财富Choice数据,dfcf_vendor_only_unverified_by_exchange
2025-07-08,9310.76466397,9148.98150576,18459.74616973,22.48647448,0.24209519,32.30688803,0.35437141,54.79336251,0.29770988,DFCF/东方财富Choice数据,dfcf_vendor_only_unverified_by_exchange
2025-07-09,9329.60493605,9168.56976222,18498.17469827,18.84027208,0.20234935,19.58825646,0.21410314,38.42852854,0.20817474,DFCF/东方财富Choice数据,dfcf_vendor_only_unverified_by_exchange
2025-07-10,9356.91412605,9188.24699044,18545.16111649,27.30919000,0.29271540,19.67722822,0.21461611,46.98641822,0.25400570,DFCF/东方财富Choice数据,dfcf_vendor_only_unverified_by_exchange
2025-07-11,9377.52116945,9189.30968750,18566.83085695,20.60704340,0.22023333,1.06269706,0.01156583,21.66974046,0.11684849,DFCF/东方财富Choice数据,dfcf_vendor_only_unverified_by_exchange
2025-07-14,9428.37358485,9235.74876040,18664.12234525,50.85241540,0.54227993,46.43907290,0.50535975,97.29148830,0.52400697,DFCF/东方财富Choice数据,dfcf_vendor_only_unverified_by_exchange
2025-07-15,9455.28632364,9258.28291723,18713.56924087,26.91273879,0.28544413,22.53415683,0.24398841,49.44689562,0.26493019,DFCF/东方财富Choice数据,dfcf_vendor_only_unverified_by_exchange
2025-07-16,9500.76970726,9280.88733717,18781.65704443,45.48338362,0.48103656,22.60441994,0.24415348,68.08780356,0.36384189,DFCF/东方财富Choice数据,dfcf_vendor_only_unverified_by_exchange
2025-07-17,9528.72205457,9323.21724737,18851.93930194,27.95234731,0.29421140,42.32991020,0.45609766,70.28225751,0.37420690,DFCF/东方财富Choice数据,dfcf_vendor_only_unverified_by_exchange
2025-07-18,9521.91948293,9310.52422793,18832.44371086,-6.80257164,-0.07139018,-12.69301944,-0.13614420,-19.49559108,-0.10341425,DFCF/东方财富Choice数据,dfcf_vendor_only_unverified_by_exchange
2025-07-21,9596.08797230,9388.75976337,18984.84773567,74.16848937,0.77892372,78.23553544,0.84029141,152.40402481,0.80926314,DFCF/东方财富Choice数据,dfcf_vendor_only_unverified_by_exchange
2025-07-22,9695.71695398,9438.68541601,19134.40236999,99.62898168,1.03822497,49.92565264,0.53175983,149.55463432,0.78775788,DFCF/东方财富Choice数据,dfcf_vendor_only_unverified_by_exchange
2025-07-23,9706.92921044,9453.94597041,19160.87518085,11.21225646,0.11564133,15.26055440,0.16168093,26.47281086,0.13835191,DFCF/东方财富Choice数据,dfcf_vendor_only_unverified_by_exchange
2025-07-24,9730.54656825,9490.57508072,19221.12164897,23.61735781,0.24330411,36.62911031,0.38744785,60.24646812,0.31442441,DFCF/东方财富Choice数据,dfcf_vendor_only_unverified_by_exchange
2025-07-25,9781.89855705,9494.44309063,19276.34164768,51.35198880,0.52774002,3.86800991,0.04075633,55.21999871,0.28728812,DFCF/东方财富Choice数据,dfcf_vendor_only_unverified_by_exchange
2025-07-28,9898.96449187,9569.19105007,19468.15554194,117.06593482,1.19676088,74.74795944,0.78728114,191.81389426,0.99507416,DFCF/东方财富Choice数据,dfcf_vendor_only_unverified_by_exchange
2025-07-29,10008.35545965,9612.51790706,19620.87336671,109.39096778,1.10507486,43.32685699,0.45277450,152.71782477,0.78444938,DFCF/东方财富Choice数据,dfcf_vendor_only_unverified_by_exchange
2025-07-30,10012.28435294,9630.26295418,19642.54730712,3.92889329,0.03925613,17.74504712,0.18460353,21.67394041,0.11046369,DFCF/东方财富Choice数据,dfcf_vendor_only_unverified_by_exchange
2025-07-31,10009.62510610,9637.35700741,19646.98211351,-2.65924684,-0.02655984,7.09405323,0.07366417,4.43480639,0.02257755,DFCF/东方财富Choice数据,dfcf_vendor_only_unverified_by_exchange
2025-08-01,9986.72967968,9613.66934795,19600.39902763,-22.89542642,-0.22873411,-23.68765946,-0.24579000,-46.58308588,-0.23710046,DFCF/东方财富Choice数据,dfcf_vendor_only_unverified_by_exchange
2025-08-04,10050.89414853,9662.71337651,19713.60752504,64.16446885,0.64249730,49.04402856,0.51014890,113.20849741,0.57758262,DFCF/东方财富Choice数据,dfcf_vendor_only_unverified_by_exchange
2025-08-05,10094.44473177,9706.45340530,19800.89813707,43.55058324,0.43330059,43.74002879,0.45266818,87.29061203,0.44279370,DFCF/东方财富Choice数据,dfcf_vendor_only_unverified_by_exchange
2025-08-06,10132.09625471,9757.48158627,19889.57784098,37.65152294,0.37299251,51.02818097,0.52571396,88.67970391,0.44785698,DFCF/东方财富Choice数据,dfcf_vendor_only_unverified_by_exchange
2025-08-07,10138.01673272,9786.87253262,19924.88926534,5.92047801,0.05843290,29.39094635,0.30121447,35.31142436,0.17753732,DFCF/东方财富Choice数据,dfcf_vendor_only_unverified_by_exchange
2025-08-08,10127.20239760,9762.33125276,19889.53365036,-10.81433512,-0.10667111,-24.54127986,-0.25075712,-35.35561498,-0.17744447,DFCF/东方财富Choice数据,dfcf_vendor_only_unverified_by_exchange
2025-08-11,10217.92143441,9838.97895225,20056.90038666,90.71903681,0.89579563,76.64769949,0.78513725,167.36673630,0.84148145,DFCF/东方财富Choice数据,dfcf_vendor_only_unverified_by_exchange
2025-08-12,10255.70739113,9882.10811163,20137.81550276,37.78595672,0.36980081,43.12915938,0.43834995,80.91511610,0.40342782,DFCF/东方财富Choice数据,dfcf_vendor_only_unverified_by_exchange
2025-08-13,10290.63342369,9963.80108320,20254.43450689,34.92603256,0.34055216,81.69297157,0.82667555,116.61900413,0.57910454,DFCF/东方财富Choice数据,dfcf_vendor_only_unverified_by_exchange
2025-08-14,10339.02792626,10004.03501842,20343.06294468,48.39450257,0.47027720,40.23393522,0.40380107,88.62843779,0.43757547,DFCF/东方财富Choice数据,dfcf_vendor_only_unverified_by_exchange
2025-08-15,10377.56675565,10041.40457234,20418.97132799,38.53882939,0.37275099,37.36955392,0.37354481,75.90838331,0.37314137,DFCF/东方财富Choice数据,dfcf_vendor_only_unverified_by_exchange
2025-08-18,10571.81453687,10239.31329352,20811.12783039,194.24778122,1.87180469,197.90872118,1.97092667,392.15650240,1.92054975,DFCF/东方财富Choice数据,dfcf_vendor_only_unverified_by_exchange
2025-08-19,10737.93365520,10363.01961768,21100.95327288,166.11911833,1.57133970,123.70632416,1.20815059,289.82544249,1.39264650,DFCF/东方财富Choice数据,dfcf_vendor_only_unverified_by_exchange
2025-08-20,10816.43142709,10437.73808880,21254.16951589,78.49777189,0.73103238,74.71847112,0.72101061,153.21624301,0.72611053,DFCF/东方财富Choice数据,dfcf_vendor_only_unverified_by_exchange
2025-08-21,10785.33040383,10459.12846412,21244.45886795,-31.10102326,-0.28753497,21.39037532,0.20493305,-9.71064794,-0.04568820,DFCF/东方财富Choice数据,dfcf_vendor_only_unverified_by_exchange
2025-08-22,10844.22264740,10483.66428877,21327.88693617,58.89224357,0.54604024,24.53582465,0.23458766,83.42806822,0.39270508,DFCF/东方财富Choice数据,dfcf_vendor_only_unverified_by_exchange
2025-08-25,11011.91689087,10644.02743957,21655.94433044,167.69424347,1.54639248,160.36315080,1.52964790,328.05739427,1.53816173,DFCF/东方财富Choice数据,dfcf_vendor_only_unverified_by_exchange
2025-08-26,11118.18503020,10729.62265008,21847.80768028,106.26813933,0.96502853,85.59521051,0.80416187,191.86334984,0.88596160,DFCF/东方财富Choice数据,dfcf_vendor_only_unverified_by_exchange
2025-08-27,11233.66079378,10815.15537553,22048.81616931,115.47576358,1.03862063,85.53272545,0.79716434,201.00848903,0.92003963,DFCF/东方财富Choice数据,dfcf_vendor_only_unverified_by_exchange
2025-08-28,11325.70872138,10884.86218109,22210.57090247,92.04792760,0.81939387,69.70680556,0.64452893,161.75473316,0.73362094,DFCF/东方财富Choice数据,dfcf_vendor_only_unverified_by_exchange
2025-08-29,11409.26430398,10971.74084089,22381.00514487,83.55558260,0.73775147,86.87865980,0.79816040,170.43424240,0.76735642,DFCF/东方财富Choice数据,dfcf_vendor_only_unverified_by_exchange
2025-09-01,11605.69079901,11129.27076663,22734.96156564,196.42649503,1.72164032,157.52992574,1.43577877,353.95642077,1.58150368,DFCF/东方财富Choice数据,dfcf_vendor_only_unverified_by_exchange
2025-09-02,11581.03408143,11069.32028669,22650.35436812,-24.65671758,-0.21245368,-59.95047994,-0.53867393,-84.60719752,-0.37214577,DFCF/东方财富Choice数据,dfcf_vendor_only_unverified_by_exchange
2025-09-03,11574.33653512,11091.29858843,22665.63512355,-6.69754631,-0.05783202,21.97830174,0.19855150,15.28075543,0.06746365,DFCF/东方财富Choice数据,dfcf_vendor_only_unverified_by_exchange
2025-09-04,11528.73400598,11039.73787664,22568.47188262,-45.60252914,-0.39399692,-51.56071179,-0.46487534,-97.16324093,-0.42868087,DFCF/东方财富Choice数据,dfcf_vendor_only_unverified_by_exchange
2025-09-05,11556.50042274,11081.45619779,22637.95662053,27.76641676,0.24084532,41.71832115,0.37789232,69.48473791,0.30788411,DFCF/东方财富Choice数据,dfcf_vendor_only_unverified_by_exchange
2025-09-08,11662.59101553,11236.20902486,22898.80004039,106.09059279,0.91801660,154.75282707,1.39650263,260.84341986,1.15223924,DFCF/东方财富Choice数据,dfcf_vendor_only_unverified_by_exchange
2025-09-09,11710.38610850,11247.58045579,22957.96656429,47.79509297,0.40981539,11.37143093,0.10120345,59.16652390,0.25838264,DFCF/东方财富Choice数据,dfcf_vendor_only_unverified_by_exchange
2025-09-10,11733.48380718,11282.26257663,23015.74638381,23.09769868,0.19724114,34.68212084,0.30835184,57.77981952,0.25167656,DFCF/东方财富Choice数据,dfcf_vendor_only_unverified_by_exchange
2025-09-11,11764.41846643,11394.74307484,23159.16154127,30.93465925,0.26364428,112.48049821,0.99696756,143.41515746,0.62311756,DFCF/东方财富Choice数据,dfcf_vendor_only_unverified_by_exchange
2025-09-12,11839.85455849,11431.12251645,23270.97707494,75.43609206,0.64122245,36.37944161,0.31926513,111.81553367,0.48281339,DFCF/东方财富Choice数据,dfcf_vendor_only_unverified_by_exchange
2025-09-15,11936.51838103,11517.75828724,23454.27666827,96.66382254,0.81642745,86.63577079,0.75789382,183.29959333,0.78767468,DFCF/东方财富Choice数据,dfcf_vendor_only_unverified_by_exchange
2025-09-16,12058.55997868,11621.11678866,23679.67676734,122.04159765,1.02242206,103.35850142,0.89738384,225.40009907,0.96101919,DFCF/东方财富Choice数据,dfcf_vendor_only_unverified_by_exchange
2025-09-17,12097.26836235,11708.86231176,23806.13067411,38.70838367,0.32100337,87.74552310,0.75505242,126.45390677,0.53401872,DFCF/东方财富Choice数据,dfcf_vendor_only_unverified_by_exchange
2025-09-18,12092.24986941,11687.60821555,23779.85808496,-5.01849294,-0.04148451,-21.25409621,-0.18152145,-26.27258915,-0.11036060,DFCF/东方财富Choice数据,dfcf_vendor_only_unverified_by_exchange
2025-09-19,12076.39982663,11662.08694207,23738.48676870,-15.85004278,-0.13107604,-25.52127348,-0.21836182,-41.37131626,-0.17397630,DFCF/东方财富Choice数据,dfcf_vendor_only_unverified_by_exchange
2025-09-22,12183.37102598,11746.96727720,23930.33830318,106.97119935,0.88578716,84.88033513,0.72783144,191.85153448,0.80818772,DFCF/东方财富Choice数据,dfcf_vendor_only_unverified_by_exchange
2025-09-23,12165.73602443,11756.77355700,23922.50958143,-17.63500155,-0.14474649,9.80627980,0.08347925,-7.82872175,-0.03271463,DFCF/东方财富Choice数据,dfcf_vendor_only_unverified_by_exchange
2025-09-24,12235.47870961,11828.24219536,24063.72090497,69.74268518,0.57327140,71.46863836,0.60789330,141.21132354,0.59028641,DFCF/东方财富Choice数据,dfcf_vendor_only_unverified_by_exchange
2025-09-25,12301.43924167,11895.07289110,24196.51213277,65.96053206,0.53909237,66.83069574,0.56500953,132.79122780,0.55183165,DFCF/东方财富Choice数据,dfcf_vendor_only_unverified_by_exchange
2025-09-26,12188.54850267,11815.43513690,24003.98363957,-112.89073900,-0.91770350,-79.63775420,-0.66950203,-192.52849320,-0.79568697,DFCF/东方财富Choice数据,dfcf_vendor_only_unverified_by_exchange
2025-09-29,12233.95169661,11814.31789919,24048.26959580,45.40319394,0.37250698,-1.11723771,-0.00945575,44.28595623,0.18449419,DFCF/东方财富Choice数据,dfcf_vendor_only_unverified_by_exchange
2025-09-30,12086.17882705,11623.54235598,23709.72118303,-147.77286956,-1.20789156,-190.77554321,-1.61478254,-338.54841277,-1.40778700,DFCF/东方财富Choice数据,dfcf_vendor_only_unverified_by_exchange
2025-10-09,12332.49540315,11884.31792913,24216.81333228,246.31657610,2.03800208,260.77557315,2.24351205,507.09214925,2.13875206,DFCF/东方财富Choice数据,dfcf_vendor_only_unverified_by_exchange
2025-10-10,12306.84574757,11875.01076325,24181.85651082,-25.64965558,-0.20798431,-9.30716588,-0.07831468,-34.95682146,-0.14434939,DFCF/东方财富Choice数据,dfcf_vendor_only_unverified_by_exchange
2025-10-13,12336.42293902,11867.46276578,24203.88570480,29.57719145,0.24033121,-7.54799747,-0.06356203,22.02919398,0.09109803,DFCF/东方财富Choice数据,dfcf_vendor_only_unverified_by_exchange
2025-10-14,12346.22701292,11880.52227849,24226.74929141,9.80407390,0.07947258,13.05951271,0.11004469,22.86358661,0.09446246,DFCF/东方财富Choice数据,dfcf_vendor_only_unverified_by_exchange
2025-10-15,12363.65992629,11886.08012887,24249.74005516,17.43291337,0.14120033,5.55785038,0.04678120,22.99076375,0.09489826,DFCF/东方财富Choice数据,dfcf_vendor_only_unverified_by_exchange
2025-10-16,12377.80502057,11947.94824359,24325.75326416,14.14509428,0.11440863,61.86811472,0.52050898,76.01320900,0.31345989,DFCF/东方财富Choice数据,dfcf_vendor_only_unverified_by_exchange
2025-10-17,12240.47953848,11813.34070444,24053.82024292,-137.32548209,-1.10944939,-134.60753915,-1.12661636,-271.93302124,-1.11788119,DFCF/东方财富Choice数据,dfcf_vendor_only_unverified_by_exchange
2025-10-20,12220.28591866,11837.38100596,24057.66692462,-20.19361982,-0.16497409,24.04030152,0.20350130,3.84668170,0.01599198,DFCF/东方财富Choice数据,dfcf_vendor_only_unverified_by_exchange
2025-10-21,12285.25092925,11911.48722318,24196.73815243,64.96501059,0.53161613,74.10621722,0.62603558,139.07122781,0.57807446,DFCF/东方财富Choice数据,dfcf_vendor_only_unverified_by_exchange
2025-10-22,12330.14133480,11949.53689422,24279.67822902,44.89040555,0.36540080,38.04967104,0.31943678,82.94007659,0.34277379,DFCF/东方财富Choice数据,dfcf_vendor_only_unverified_by_exchange
2025-10-23,12320.14143922,11943.63047745,24263.77191667,-9.99989558,-0.08110122,-5.90641677,-0.04942800,-15.90631235,-0.06551286,DFCF/东方财富Choice数据,dfcf_vendor_only_unverified_by_exchange
2025-10-24,12350.00302822,11972.96945735,24322.97248557,29.86158900,0.24238024,29.33897990,0.24564541,59.20056890,0.24398749,DFCF/东方财富Choice数据,dfcf_vendor_only_unverified_by_exchange
2025-10-27,12465.06855788,12101.60994856,24566.67850644,115.06552966,0.93170447,128.64049121,1.07442428,243.70602087,1.00195821,DFCF/东方财富Choice数据,dfcf_vendor_only_unverified_by_exchange
2025-10-28,12524.96637936,12168.67140055,24693.63777991,59.89782148,0.48052541,67.06145199,0.55415314,126.95927347,0.51679462,DFCF/东方财富Choice数据,dfcf_vendor_only_unverified_by_exchange
2025-10-29,12574.13401254,12232.49001559,24806.62402813,49.16763318,0.39255701,63.81861504,0.52445015,112.98624822,0.45755206,DFCF/东方财富Choice数据,dfcf_vendor_only_unverified_by_exchange
2025-10-30,12535.78067034,12196.92195482,24732.70262516,-38.35334220,-0.30501776,-35.56806077,-0.29076714,-73.92140297,-0.29799058,DFCF/东方财富Choice数据,dfcf_vendor_only_unverified_by_exchange
2025-10-31,12499.24363716,12110.64759281,24609.89122997,-36.53703318,-0.29146197,-86.27436201,-0.70734536,-122.81139519,-0.49655469,DFCF/东方财富Choice数据,dfcf_vendor_only_unverified_by_exchange
2025-11-03,12552.84930321,12137.38229598,24690.23159919,53.60566605,0.42887128,26.73470317,0.22075370,80.34036922,0.32645560,DFCF/东方财富Choice数据,dfcf_vendor_only_unverified_by_exchange
2025-11-04,12545.95845948,12111.17002540,24657.12848488,-6.89084373,-0.05489466,-26.21227058,-0.21596313,-33.10311431,-0.13407373,DFCF/东方财富Choice数据,dfcf_vendor_only_unverified_by_exchange
2025-11-05,12548.87414434,12106.82368081,24655.69782515,2.91568486,0.02324003,-4.34634459,-0.03588707,-1.43065973,-0.00580222,DFCF/东方财富Choice数据,dfcf_vendor_only_unverified_by_exchange
2025-11-06,12611.72891066,12114.19187596,24725.92078662,62.85476632,0.50087973,7.36819515,0.06085985,70.22296147,0.28481433,DFCF/东方财富Choice数据,dfcf_vendor_only_unverified_by_exchange
2025-11-07,12567.49257881,12108.24546918,24675.73804799,-44.23633185,-0.35075549,-5.94640678,-0.04908629,-50.18273863,-0.20295600,DFCF/东方财富Choice数据,dfcf_vendor_only_unverified_by_exchange
2025-11-10,12599.99647179,12152.44201697,24752.43848876,32.50389298,0.25863467,44.19654779,0.36501199,76.70044077,0.31083342,DFCF/东方财富Choice数据,dfcf_vendor_only_unverified_by_exchange
2025-11-11,12631.97439228,12160.68092642,24792.65531870,31.97792049,0.25379309,8.23890945,0.06779633,40.21682994,0.16247623,DFCF/东方财富Choice数据,dfcf_vendor_only_unverified_by_exchange
2025-11-12,12608.74320120,12153.67332209,24762.41652329,-23.23119108,-0.18390784,-7.00760433,-0.05762510,-30.23879541,-0.12196675,DFCF/东方财富Choice数据,dfcf_vendor_only_unverified_by_exchange
2025-11-13,12586.07971942,12216.53445053,24802.61416995,-22.66348178,-0.17974418,62.86112844,0.51721917,40.19764666,0.16233329,DFCF/东方财富Choice数据,dfcf_vendor_only_unverified_by_exchange
2025-11-14,12531.80360926,12136.81637418,24668.61998344,-54.27611016,-0.43123921,-79.71807635,-0.65254248,-133.99418651,-0.54024219,DFCF/东方财富Choice数据,dfcf_vendor_only_unverified_by_exchange
2025-11-17,12570.15227419,12174.25072562,24744.40299981,38.34866493,0.30601074,37.43435144,0.30843633,75.78301637,0.30720412,DFCF/东方财富Choice数据,dfcf_vendor_only_unverified_by_exchange
2025-11-18,12603.13161359,12167.10805190,24770.23966549,32.97933940,0.26236229,-7.14267372,-0.05867034,25.83666568,0.10441418,DFCF/东方财富Choice数据,dfcf_vendor_only_unverified_by_exchange
2025-11-19,12570.08488721,12154.46141353,24724.54630074,-33.04672638,-0.26221044,-12.64663837,-0.10394120,-45.69336475,-0.18446880,DFCF/东方财富Choice数据,dfcf_vendor_only_unverified_by_exchange
2025-11-20,12519.06950837,12147.12298825,24666.19249662,-51.01537884,-0.40584753,-7.33842528,-0.06037639,-58.35380412,-0.23601567,DFCF/东方财富Choice数据,dfcf_vendor_only_unverified_by_exchange
2025-11-21,12396.81215625,11978.78430815,24375.59646440,-122.25735212,-0.97656900,-168.33868010,-1.38583169,-290.59603222,-1.17811467,DFCF/东方财富Choice数据,dfcf_vendor_only_unverified_by_exchange
2025-11-24,12390.32782361,11957.22629558,24347.55411919,-6.48433264,-0.05230645,-21.55801257,-0.17996828,-28.04234521,-0.11504270,DFCF/东方财富Choice数据,dfcf_vendor_only_unverified_by_exchange
2025-11-25,12403.98370695,11983.96341342,24387.94712037,13.65588334,0.11021406,26.73711784,0.22360635,40.39300118,0.16590168,DFCF/东方财富Choice数据,dfcf_vendor_only_unverified_by_exchange
2025-11-26,12428.23709564,12019.62946894,24447.86656458,24.25338869,0.19552903,35.66605552,0.29761486,59.91944421,0.24569286,DFCF/东方财富Choice数据,dfcf_vendor_only_unverified_by_exchange
2025-11-27,12433.17159526,12042.10419803,24475.27579329,4.93449962,0.03970394,22.47472909,0.18698354,27.40922871,0.11211297,DFCF/东方财富Choice数据,dfcf_vendor_only_unverified_by_exchange
2025-11-28,12433.34608699,12056.38530345,24489.73139044,0.17449173,0.00140344,14.28110542,0.11859311,14.45559715,0.05906204,DFCF/东方财富Choice数据,dfcf_vendor_only_unverified_by_exchange
2025-12-01,12486.16676210,12105.22941893,24591.39618103,52.82067511,0.42483073,48.84411548,0.40513068,101.66479059,0.41513232,DFCF/东方财富Choice数据,dfcf_vendor_only_unverified_by_exchange
2025-12-02,12487.27375910,12126.22841092,24613.50217002,1.10699700,0.00886579,20.99899199,0.17347042,22.10598899,0.08989318,DFCF/东方财富Choice数据,dfcf_vendor_only_unverified_by_exchange
2025-12-03,12469.89558940,12106.75549821,24576.65108761,-17.37816970,-0.13916704,-19.47291271,-0.16058507,-36.85108241,-0.14971897,DFCF/东方财富Choice数据,dfcf_vendor_only_unverified_by_exchange
2025-12-04,12476.16304027,12113.57257707,24589.73561734,6.26745087,0.05026065,6.81707886,0.05630806,13.08452973,0.05323968,DFCF/东方财富Choice数据,dfcf_vendor_only_unverified_by_exchange
2025-12-05,12463.00715403,12103.09869247,24566.10584650,-13.15588624,-0.10544818,-10.47388460,-0.08646404,-23.62977084,-0.09609608,DFCF/东方财富Choice数据,dfcf_vendor_only_unverified_by_exchange
2025-12-08,12544.66290886,12207.14201038,24751.80491924,81.65575483,0.65518501,104.04331791,0.85964199,185.69907274,0.75591579,DFCF/东方财富Choice数据,dfcf_vendor_only_unverified_by_exchange
2025-12-09,12585.50150923,12268.09723093,24853.59874016,40.83860037,0.32554562,60.95522055,0.49934064,101.79382092,0.41125817,DFCF/东方财富Choice数据,dfcf_vendor_only_unverified_by_exchange
2025-12-10,12586.75029684,12301.56406328,24888.31436012,1.24878761,0.00992243,33.46683235,0.27279562,34.71561996,0.13968046,DFCF/东方财富Choice数据,dfcf_vendor_only_unverified_by_exchange
2025-12-11,12570.22621848,12254.14043748,24824.36665596,-16.52407836,-0.13128153,-47.42362580,-0.38550891,-63.94770416,-0.25693867,DFCF/东方财富Choice数据,dfcf_vendor_only_unverified_by_exchange
2025-12-12,12523.69646071,12236.47189083,24760.16835154,-46.52975777,-0.37015848,-17.66854665,-0.14418430,-64.19830442,-0.25861004,DFCF/东方财富Choice数据,dfcf_vendor_only_unverified_by_exchange
2025-12-15,12554.99323207,12253.56270258,24808.55593465,31.29677136,0.24990043,17.09081175,0.13967107,48.38758311,0.19542510,DFCF/东方财富Choice数据,dfcf_vendor_only_unverified_by_exchange
2025-12-16,12610.42135620,12193.15393334,24803.57528954,55.42812413,0.44148271,-60.40876924,-0.49298943,-4.98064511,-0.02007632,DFCF/东方财富Choice数据,dfcf_vendor_only_unverified_by_exchange
2025-12-17,12597.74699017,12183.79420179,24781.54119196,-12.67436603,-0.10050708,-9.35973155,-0.07676219,-22.03409758,-0.08883436,DFCF/东方财富Choice数据,dfcf_vendor_only_unverified_by_exchange
2025-12-18,12554.33608103,12194.07561181,24748.41169284,-43.41090914,-0.34459264,10.28141002,0.08438595,-33.12949912,-0.13368619,DFCF/东方财富Choice数据,dfcf_vendor_only_unverified_by_exchange
2025-12-19,12576.16065098,12217.63403396,24793.79468494,21.82456995,0.17384089,23.55842215,0.19319564,45.38299210,0.18337739,DFCF/东方财富Choice数据,dfcf_vendor_only_unverified_by_exchange
2025-12-22,12634.36859867,12284.76388245,24919.13248112,58.20794769,0.46284354,67.12984849,0.54945048,125.33779618,0.50552083,DFCF/东方财富Choice数据,dfcf_vendor_only_unverified_by_exchange
2025-12-23,12712.01780307,12355.06600712,25067.08381019,77.64920440,0.61458714,70.30212467,0.57227087,147.95132907,0.59372584,DFCF/东方财富Choice数据,dfcf_vendor_only_unverified_by_exchange
2025-12-24,12755.96245962,12411.67573303,25167.63819265,43.94465655,0.34569379,56.60972591,0.45819040,100.55438246,0.40114113,DFCF/东方财富Choice数据,dfcf_vendor_only_unverified_by_exchange
2025-12-25,12733.52376369,12471.95555205,25205.47931574,-22.43869593,-0.17590751,60.27981902,0.48567027,37.84112309,0.15035627,DFCF/东方财富Choice数据,dfcf_vendor_only_unverified_by_exchange
2025-12-26,12710.86234902,12473.97227179,25184.83462081,-22.66141467,-0.17796656,2.01671974,0.01617004,-20.64469493,-0.08190558,DFCF/东方财富Choice数据,dfcf_vendor_only_unverified_by_exchange
2025-12-29,12739.65468535,12528.64626544,25268.30095079,28.79233633,0.22651757,54.67399365,0.43830460,83.46632998,0.33141504,DFCF/东方财富Choice数据,dfcf_vendor_only_unverified_by_exchange
2025-12-30,12782.85296119,12522.48802278,25305.34098397,43.19827584,0.33908514,-6.15824266,-0.04915330,37.04003318,0.14658696,DFCF/东方财富Choice数据,dfcf_vendor_only_unverified_by_exchange
2025-12-31,12687.96062622,12473.92285485,25161.88348107,-94.89233497,-0.74234082,-48.56516793,-0.38782363,-143.45750290,-0.56690603,DFCF/东方财富Choice数据,dfcf_vendor_only_unverified_by_exchange
2026-01-05,12770.35784652,12582.47807263,25352.83591915,82.39722030,0.64941264,108.55521778,0.87025725,190.95243808,0.75889565,DFCF/东方财富Choice数据,dfcf_vendor_only_unverified_by_exchange
2026-01-06,12858.98834239,12681.21323838,25540.20158077,88.63049587,0.69403299,98.73516575,0.78470366,187.36566162,0.73903236,DFCF/东方财富Choice数据,dfcf_vendor_only_unverified_by_exchange
2026-01-07,12982.14640818,12807.70645851,25789.85286669,123.15806579,0.95775859,126.49322013,0.99748516,249.65128592,0.97748362,DFCF/东方财富Choice数据,dfcf_vendor_only_unverified_by_exchange
2026-01-08,13060.06162278,12887.61290985,25947.67453263,77.91521460,0.60017205,79.90645134,0.62389353,157.82166594,0.61195256,DFCF/东方财富Choice数据,dfcf_vendor_only_unverified_by_exchange
2026-01-09,13093.33101994,12921.53846748,26014.86948742,33.26939716,0.25474150,33.92555763,0.26324159,67.19495479,0.25896330,DFCF/东方财富Choice数据,dfcf_vendor_only_unverified_by_exchange
2026-01-12,13279.19906814,13191.52302340,26470.72209154,185.86804820,1.41956274,269.98455592,2.08941495,455.85260412,1.75227711,DFCF/东方财富Choice数据,dfcf_vendor_only_unverified_by_exchange
2026-01-13,13312.69993389,13250.10231710,26562.80225099,33.50086575,0.25228077,58.57929370,0.44406771,92.08015945,0.34785662,DFCF/东方财富Choice数据,dfcf_vendor_only_unverified_by_exchange
2026-01-14,13395.30229868,13318.12728339,26713.42958207,82.60236479,0.62047793,68.02496629,0.51339201,150.62733108,0.56706115,DFCF/东方财富Choice数据,dfcf_vendor_only_unverified_by_exchange
2026-01-15,13487.08301293,13433.93917315,26921.02218608,91.78071425,0.68517091,115.81188976,0.86958089,207.59260401,0.77710952,DFCF/东方财富Choice数据,dfcf_vendor_only_unverified_by_exchange
2026-01-16,13617.65598205,13436.86483448,27054.52081653,130.57296912,0.96813350,2.92566133,0.02177813,133.49863045,0.49588990,DFCF/东方财富Choice数据,dfcf_vendor_only_unverified_by_exchange
2026-01-19,13606.63928801,13361.56587174,26968.20515975,-11.01669404,-0.08090008,-75.29896274,-0.56039086,-86.31565678,-0.31904338,DFCF/东方财富Choice数据,dfcf_vendor_only_unverified_by_exchange
2026-01-20,13527.75686018,13302.68304154,26830.43990172,-78.88242783,-0.57973484,-58.88283020,-0.44068810,-137.76525803,-0.51084326,DFCF/东方财富Choice数据,dfcf_vendor_only_unverified_by_exchange
2026-01-21,13628.61930351,13316.61149970,26945.23080321,100.86244333,0.74559622,13.92845816,0.10470413,114.79090149,0.42783831,DFCF/东方财富Choice数据,dfcf_vendor_only_unverified_by_exchange
2026-01-22,13651.43170716,13334.14055085,26985.57225801,22.81240365,0.16738602,17.52905115,0.13163297,40.34145480,0.14971649,DFCF/东方财富Choice数据,dfcf_vendor_only_unverified_by_exchange
2026-01-23,13654.16506544,13317.31563883,26971.48070427,2.73335828,0.02002250,-16.82491202,-0.12617920,-14.09155374,-0.05221884,DFCF/东方财富Choice数据,dfcf_vendor_only_unverified_by_exchange
2026-01-26,13667.98503378,13323.04329890,26991.02833268,13.81996834,0.10121431,5.72766007,0.04300912,19.54762841,0.07247518,DFCF/东方财富Choice数据,dfcf_vendor_only_unverified_by_exchange
2026-01-27,13655.40768782,13314.08230527,26969.48999309,-12.57734596,-0.09202048,-8.96099363,-0.06725936,-21.53833959,-0.07979814,DFCF/东方财富Choice数据,dfcf_vendor_only_unverified_by_exchange
2026-01-28,13790.75454676,13372.24205190,27162.99659866,135.34685894,0.99115941,58.15974663,0.43682880,193.50660557,0.71750191,DFCF/东方财富Choice数据,dfcf_vendor_only_unverified_by_exchange
2026-01-29,13764.13497488,13368.79159661,27132.92657149,-26.61957188,-0.19302477,-3.45045529,-0.02580312,-30.07002717,-0.11070217,DFCF/东方财富Choice数据,dfcf_vendor_only_unverified_by_exchange
2026-01-30,13629.22122502,13269.53822592,26898.75945094,-134.91374986,-0.98018328,-99.25337069,-0.74242590,-234.16712055,-0.86303672,DFCF/东方财富Choice数据,dfcf_vendor_only_unverified_by_exchange
2026-02-02,13617.51136143,13221.94969545,26839.46105688,-11.70986359,-0.08591733,-47.58853047,-0.35862989,-59.29839406,-0.22045029,DFCF/东方财富Choice数据,dfcf_vendor_only_unverified_by_exchange
2026-02-03,13573.88113443,13236.63870759,26810.51984202,-43.63022700,-0.32039795,14.68901214,0.11109566,-28.94121486,-0.10783083,DFCF/东方财富Choice数据,dfcf_vendor_only_unverified_by_exchange
2026-02-04,13484.31797776,13187.19212278,26671.51010054,-89.56315667,-0.65981981,-49.44658481,-0.37355847,-139.00974148,-0.51848954,DFCF/东方财富Choice数据,dfcf_vendor_only_unverified_by_exchange
2026-02-05,13434.76557854,13119.17466230,26553.94024084,-49.55239922,-0.36748169,-68.01746048,-0.51578425,-117.56985970,-0.44080691,DFCF/东方财富Choice数据,dfcf_vendor_only_unverified_by_exchange
2026-02-06,13358.57650715,13025.26179806,26383.83830521,-76.18907139,-0.56710384,-93.91286424,-0.71584430,-170.10193563,-0.64059019,DFCF/东方财富Choice数据,dfcf_vendor_only_unverified_by_exchange
2026-02-09,13362.56730195,13025.25108800,26387.81838995,3.99079480,0.02987440,-0.01071006,-0.00008223,3.98008474,0.01508531,DFCF/东方财富Choice数据,dfcf_vendor_only_unverified_by_exchange
2026-02-10,13347.39401256,13003.09740689,26350.49141945,-15.17328939,-0.11355071,-22.15368111,-0.17008256,-37.32697050,-0.14145531,DFCF/东方财富Choice数据,dfcf_vendor_only_unverified_by_exchange
2026-02-11,13259.46405377,12932.32985925,26191.79391302,-87.92995879,-0.65877997,-70.76754764,-0.54423608,-158.69750643,-0.60225634,DFCF/东方财富Choice数据,dfcf_vendor_only_unverified_by_exchange
2026-02-12,13304.47990665,12901.49117492,26205.97108157,45.01585288,0.33949979,-30.83868433,-0.23846194,14.17716855,0.05412828,DFCF/东方财富Choice数据,dfcf_vendor_only_unverified_by_exchange
2026-02-13,13006.67234815,12633.45050286,25640.12285101,-297.80755850,-2.23840060,-268.04067206,-2.07759451,-565.84823056,-2.15923397,DFCF/东方财富Choice数据,dfcf_vendor_only_unverified_by_exchange
2026-02-24,13168.86917013,12808.63472709,25977.50389722,162.19682198,1.24702781,175.18422423,1.38666965,337.38104621,1.31583241,DFCF/东方财富Choice数据,dfcf_vendor_only_unverified_by_exchange
2026-02-25,13308.32293401,12905.51592243,26213.83885644,139.45376388,1.05896537,96.88119534,0.75637410,236.33495922,0.90976778,DFCF/东方财富Choice数据,dfcf_vendor_only_unverified_by_exchange
2026-02-26,13399.56696186,13014.39968030,26413.96664216,91.24402785,0.68561627,108.88375787,0.84369938,200.12778572,0.76344326,DFCF/东方财富Choice数据,dfcf_vendor_only_unverified_by_exchange
2026-02-27,13408.72565672,13023.82657238,26432.55222910,9.15869486,0.06835068,9.42689208,0.07243432,18.58558694,0.07036273,DFCF/东方财富Choice数据,dfcf_vendor_only_unverified_by_exchange
2026-03-02,13436.87049267,13041.46172548,26478.33221815,28.14483595,0.20989941,17.63515310,0.13540685,45.77998905,0.17319549,DFCF/东方财富Choice数据,dfcf_vendor_only_unverified_by_exchange
2026-03-03,13338.64385539,12914.91253262,26253.55638801,-98.22663728,-0.73102317,-126.54919286,-0.97036050,-224.77583014,-0.84890479,DFCF/东方财富Choice数据,dfcf_vendor_only_unverified_by_exchange
2026-03-04,13315.97450973,12855.10208754,26171.07659727,-22.66934566,-0.16995240,-59.81044508,-0.46311150,-82.47979074,-0.31416616,DFCF/东方财富Choice数据,dfcf_vendor_only_unverified_by_exchange
2026-03-05,13344.00290251,12910.35649351,26254.35939602,28.02839278,0.21048698,55.25440597,0.42982472,83.28279875,0.31822458,DFCF/东方财富Choice数据,dfcf_vendor_only_unverified_by_exchange
2026-03-06,13312.27236116,12880.81848961,26193.09085077,-31.73054135,-0.23778878,-29.53800390,-0.22879309,-61.26854525,-0.23336523,DFCF/东方财富Choice数据,dfcf_vendor_only_unverified_by_exchange
2026-03-09,13332.76798688,12857.72083950,26190.48882638,20.49562572,0.15396038,-23.09765011,-0.17931819,-2.60202439,-0.00993401,DFCF/东方财富Choice数据,dfcf_vendor_only_unverified_by_exchange
2026-03-10,13367.11949377,12920.65126847,26287.77076224,34.35150689,0.25764723,62.93042897,0.48943689,97.28193586,0.37143994,DFCF/东方财富Choice数据,dfcf_vendor_only_unverified_by_exchange
2026-03-11,13359.79974200,12982.19570532,26341.99544732,-7.31975177,-0.05475938,61.54443685,0.47632612,54.22468508,0.20627342,DFCF/东方财富Choice数据,dfcf_vendor_only_unverified_by_exchange
2026-03-12,13394.24529438,12980.16790961,26374.41320399,34.44555238,0.25782986,-2.02779571,-0.01561982,32.41775667,0.12306492,DFCF/东方财富Choice数据,dfcf_vendor_only_unverified_by_exchange
2026-03-13,13351.65438835,12896.67849330,26248.33288165,-42.59090603,-0.31797914,-83.48941631,-0.64320752,-126.08032234,-0.47804029,DFCF/东方财富Choice数据,dfcf_vendor_only_unverified_by_exchange
2026-03-16,13402.47410984,12943.06591458,26345.54002442,50.81972149,0.38062490,46.38742128,0.35968503,97.20714277,0.37033644,DFCF/东方财富Choice数据,dfcf_vendor_only_unverified_by_exchange
2026-03-17,13363.56085559,12891.94165266,26255.50250825,-38.91325425,-0.29034381,-51.12426192,-0.39499344,-90.03751617,-0.34175620,DFCF/东方财富Choice数据,dfcf_vendor_only_unverified_by_exchange
2026-03-18,13378.49683232,12902.74654540,26281.24337772,14.93597673,0.11176644,10.80489274,0.08381121,25.74086947,0.09803990,DFCF/东方财富Choice数据,dfcf_vendor_only_unverified_by_exchange
2026-03-19,13368.09203768,12870.26111343,26238.35315111,-10.40479464,-0.07777252,-32.48543197,-0.25177145,-42.89022661,-0.16319710,DFCF/东方财富Choice数据,dfcf_vendor_only_unverified_by_exchange
2026-03-20,13287.20086554,12778.49761279,26065.69847833,-80.89117214,-0.60510634,-91.76350064,-0.71298865,-172.65467278,-0.65802405,DFCF/东方财富Choice数据,dfcf_vendor_only_unverified_by_exchange
2026-03-23,13237.94188127,12713.76716864,25951.70904991,-49.25898427,-0.37072507,-64.73044415,-0.50655755,-113.98942842,-0.43731584,DFCF/东方财富Choice数据,dfcf_vendor_only_unverified_by_exchange
2026-03-24,13218.96000206,12664.00184013,25882.96184219,-18.98187921,-0.14338996,-49.76532851,-0.39142866,-68.74720772,-0.26490436,DFCF/东方财富Choice数据,dfcf_vendor_only_unverified_by_exchange
2026-03-25,13217.58624861,12697.10067619,25914.68692480,-1.37375345,-0.01039230,33.09883606,0.26136159,31.72508261,0.12257130,DFCF/东方财富Choice数据,dfcf_vendor_only_unverified_by_exchange
2026-03-26,13213.69177440,12692.35807593,25906.04985033,-3.89447421,-0.02946434,-4.74260026,-0.03735184,-8.63707447,-0.03332888,DFCF/东方财富Choice数据,dfcf_vendor_only_unverified_by_exchange
2026-03-27,13156.93648745,12669.99766737,25826.93415482,-56.75528695,-0.42951877,-22.36040856,-0.17617222,-79.11569551,-0.30539467,DFCF/东方财富Choice数据,dfcf_vendor_only_unverified_by_exchange
2026-03-30,13194.68230266,12710.26912023,25904.95142289,37.74581521,0.28688909,40.27145286,0.31784894,78.01726807,0.30207716,DFCF/东方财富Choice数据,dfcf_vendor_only_unverified_by_exchange
2026-03-31,13166.14258911,12657.23771944,25823.38030855,-28.53971355,-0.21629709,-53.03140079,-0.41723271,-81.57111434,-0.31488619,DFCF/东方财富Choice数据,dfcf_vendor_only_unverified_by_exchange
2026-04-01,13164.47409207,12665.97500700,25830.44909907,-1.66849704,-0.01267263,8.73728756,0.06902997,7.06879052,0.02737361,DFCF/东方财富Choice数据,dfcf_vendor_only_unverified_by_exchange
2026-04-02,13111.04175276,12609.51353577,25720.55528853,-53.43233931,-0.40588282,-56.46147123,-0.44577280,-109.89381054,-0.42544290,DFCF/东方财富Choice数据,dfcf_vendor_only_unverified_by_exchange
2026-04-03,13028.37239635,12518.84568609,25547.21808244,-82.66935641,-0.63053233,-90.66784968,-0.71904320,-173.33720609,-0.67392482,DFCF/东方财富Choice数据,dfcf_vendor_only_unverified_by_exchange
2026-04-07,13034.37424328,12550.84794645,25585.22218973,6.00184693,0.04606751,32.00226036,0.25563268,38.00410729,0.14876026,DFCF/东方财富Choice数据,dfcf_vendor_only_unverified_by_exchange
2026-04-08,13100.46005809,12646.06437039,25746.52442848,66.08581481,0.50701179,95.21642394,0.75864535,161.30223875,0.63045080,DFCF/东方财富Choice数据,dfcf_vendor_only_unverified_by_exchange
2026-04-09,13129.93564374,12690.79105889,25820.72670263,29.47558565,0.22499657,44.72668850,0.35368070,74.20227415,0.28820307,DFCF/东方财富Choice数据,dfcf_vendor_only_unverified_by_exchange
2026-04-10,13156.60195826,12717.43602304,25874.03798130,26.66631452,0.20309555,26.64496415,0.20995511,53.31127867,0.20646700,DFCF/东方财富Choice数据,dfcf_vendor_only_unverified_by_exchange
2026-04-13,13235.53612731,12798.63408949,26034.17021680,78.93416905,0.59995863,81.19806645,0.63847828,160.13223550,0.61889155,DFCF/东方财富Choice数据,dfcf_vendor_only_unverified_by_exchange
2026-04-14,13312.46622231,12885.15797056,26197.62419287,76.93009500,0.58123898,86.52388107,0.67603996,163.45397607,0.62784400,DFCF/东方财富Choice数据,dfcf_vendor_only_unverified_by_exchange
2026-04-15,13359.74887351,12939.69707634,26299.44594985,47.28265120,0.35517575,54.53910578,0.42327076,101.82175698,0.38866790,DFCF/东方财富Choice数据,dfcf_vendor_only_unverified_by_exchange
2026-04-16,13408.06749213,12998.72387926,26406.79137139,48.31861862,0.36167311,59.02680292,0.45616835,107.34542154,0.40816609,DFCF/东方财富Choice数据,dfcf_vendor_only_unverified_by_exchange
2026-04-17,13414.25419759,13014.22203696,26428.47623455,6.18670546,0.04614166,15.49815770,0.11922830,21.68486316,0.08211851,DFCF/东方财富Choice数据,dfcf_vendor_only_unverified_by_exchange
2026-04-20,13556.30173016,13162.74369682,26719.04542698,142.04753257,1.05892978,148.52165986,1.14122580,290.56919243,1.09945496,DFCF/东方财富Choice数据,dfcf_vendor_only_unverified_by_exchange
2026-04-21,13589.06781144,13194.00216926,26783.06998070,32.76608128,0.24170369,31.25847244,0.23747688,64.02455372,0.23962141,DFCF/东方财富Choice数据,dfcf_vendor_only_unverified_by_exchange
2026-04-22,13665.74275528,13253.94570504,26919.68846032,76.67494384,0.56423991,59.94353578,0.45432413,136.61847962,0.51009268,DFCF/东方财富Choice数据,dfcf_vendor_only_unverified_by_exchange
2026-04-23,13676.12094993,13281.56272129,26957.68367122,10.37819465,0.07594314,27.61701625,0.20836826,37.99521090,0.14114283,DFCF/东方财富Choice数据,dfcf_vendor_only_unverified_by_exchange
2026-04-24,13645.39928838,13199.90466672,26845.30395510,-30.72166155,-0.22463725,-81.65805457,-0.61482264,-112.37971612,-0.41687453,DFCF/东方财富Choice数据,dfcf_vendor_only_unverified_by_exchange
2026-04-27,13738.66597092,13262.05744465,27000.72341557,93.26668254,0.68350277,62.15277793,0.47085778,155.41946047,0.57894469,DFCF/东方财富Choice数据,dfcf_vendor_only_unverified_by_exchange
2026-04-28,13734.40361754,13267.88399917,27002.28761671,-4.26235338,-0.03102451,5.82655452,0.04393402,1.56420114,0.00579318,DFCF/东方财富Choice数据,dfcf_vendor_only_unverified_by_exchange
2026-04-29,13784.54050849,13254.38246058,27038.92296907,50.13689095,0.36504600,-13.50153859,-0.10176105,36.63535236,0.13567499,DFCF/东方财富Choice数据,dfcf_vendor_only_unverified_by_exchange
2026-04-30,13709.28661457,13162.21635957,26871.50297414,-75.25389392,-0.54592965,-92.16610101,-0.69536322,-167.41999493,-0.61918145,DFCF/东方财富Choice数据,dfcf_vendor_only_unverified_by_exchange
2026-05-06,13935.27726696,13347.05384236,27282.33110932,225.99065239,1.64844940,184.83748279,1.40430364,410.82813518,1.52886177,DFCF/东方财富Choice数据,dfcf_vendor_only_unverified_by_exchange
2026-05-07,14091.89855541,13485.33166455,27577.23021996,156.62128845,1.12391943,138.27782219,1.03601756,294.89911064,1.08091610,DFCF/东方财富Choice数据,dfcf_vendor_only_unverified_by_exchange
2026-05-08,14166.87834289,13568.40645986,27735.28480275,74.97978748,0.53207726,83.07479531,0.61603821,158.05458279,0.57313436,DFCF/东方财富Choice数据,dfcf_vendor_only_unverified_by_exchange
2026-05-11,14325.51019603,13715.29559806,28040.80579409,158.63185314,1.11973753,146.88913820,1.08258209,305.52099134,1.10156068,DFCF/东方财富Choice数据,dfcf_vendor_only_unverified_by_exchange
2026-05-12,14407.56886236,13802.04458724,28209.61344960,82.05866633,0.57281497,86.74898918,0.63249814,168.80765551,0.60200715,DFCF/东方财富Choice数据,dfcf_vendor_only_unverified_by_exchange
2026-05-13,14523.54118052,13915.32028880,28438.86146932,115.97231816,0.80494023,113.27570156,0.82071682,229.24801972,0.81265920,DFCF/东方财富Choice数据,dfcf_vendor_only_unverified_by_exchange
2026-05-14,14562.19229613,13968.11494791,28530.30724404,38.65111561,0.26612735,52.79465911,0.37939953,91.44577472,0.32155216,DFCF/东方财富Choice数据,dfcf_vendor_only_unverified_by_exchange
2026-05-15,14523.19161694,13949.49499996,28472.68661690,-39.00067919,-0.26782148,-18.61994795,-0.13330323,-57.62062714,-0.20196287,DFCF/东方财富Choice数据,dfcf_vendor_only_unverified_by_exchange
2026-05-18,14622.77198387,14005.61008899,28628.38207286,99.58036693,0.68566448,56.11508903,0.40227327,155.69545596,0.54682390,DFCF/东方财富Choice数据,dfcf_vendor_only_unverified_by_exchange
2026-05-19,14652.78698973,14027.77074258,28680.55773231,30.01500586,0.20526208,22.16065359,0.15822698,52.17565945,0.18225151,DFCF/东方财富Choice数据,dfcf_vendor_only_unverified_by_exchange
2026-05-20,14703.02212115,14043.31209051,28746.33421166,50.23513142,0.34283670,15.54134793,0.11078986,65.77647935,0.22934170,DFCF/东方财富Choice数据,dfcf_vendor_only_unverified_by_exchange
2026-05-21,14675.27516709,13987.53868402,28662.81385111,-27.74695406,-0.18871599,-55.77340649,-0.39715280,-83.52036055,-0.29054265,DFCF/东方财富Choice数据,dfcf_vendor_only_unverified_by_exchange
2026-05-22,14688.01309416,14004.71377288,28692.72686704,12.73792707,0.08679856,17.17508886,0.12278850,29.91301593,0.10436176,DFCF/东方财富Choice数据,dfcf_vendor_only_unverified_by_exchange
2026-05-25,14808.57012649,14136.83122606,28945.40135255,120.55703233,0.82078516,132.11745318,0.94337846,252.67448551,0.88062207,DFCF/东方财富Choice数据,dfcf_vendor_only_unverified_by_exchange
2026-05-26,14846.78273574,14172.03136742,29018.81410316,38.21260925,0.25804388,35.20014136,0.24899598,73.41275061,0.25362492,DFCF/东方财富Choice数据,dfcf_vendor_only_unverified_by_exchange
2026-05-27,14860.05873872,14199.47283387,29059.53157259,13.27600298,0.08942007,27.44146645,0.19363114,40.71746943,0.14031404,DFCF/东方财富Choice数据,dfcf_vendor_only_unverified_by_exchange
2026-05-28,14895.52701297,14220.17843640,29115.70544937,35.46827425,0.23868192,20.70560253,0.14581952,56.17387678,0.19330620,DFCF/东方财富Choice数据,dfcf_vendor_only_unverified_by_exchange
2026-05-29,14722.46436880,14099.07237344,28821.53674224,-173.06264417,-1.16184304,-121.10606296,-0.85164939,-294.16870713,-1.01034374,DFCF/东方财富Choice数据,dfcf_vendor_only_unverified_by_exchange
2026-06-01,14681.89116504,14063.03187855,28744.92304359,-40.57320376,-0.27558704,-36.04049489,-0.25562316,-76.61369865,-0.26582101,DFCF/东方财富Choice数据,dfcf_vendor_only_unverified_by_exchange
2026-06-02,14690.24532904,14068.06427824,28758.30960728,8.35416400,0.05690114,5.03239969,0.03578460,13.38656369,0.04657018,DFCF/东方财富Choice数据,dfcf_vendor_only_unverified_by_exchange
2026-06-03,14742.44276164,14100.81618665,28843.25894829,52.19743260,0.35532036,32.75190841,0.23281034,84.94934101,0.29539059,DFCF/东方财富Choice数据,dfcf_vendor_only_unverified_by_exchange
2026-06-04,14767.43330571,14141.48813231,28908.92143802,24.99054407,0.16951427,40.67194566,0.28843682,65.66248973,0.22765281,DFCF/东方财富Choice数据,dfcf_vendor_only_unverified_by_exchange
2026-06-05,14654.46567832,14114.03036466,28768.49604298,-112.96762739,-0.76497808,-27.45776765,-0.19416463,-140.42539504,-0.48575107,DFCF/东方财富Choice数据,dfcf_vendor_only_unverified_by_exchange
2026-06-08,14537.03702150,13997.89016399,28534.92718549,-117.42865682,-0.80131654,-116.14020067,-0.82287056,-233.56885749,-0.81189109,DFCF/东方财富Choice数据,dfcf_vendor_only_unverified_by_exchange
2026-06-09,14522.22353096,14049.07719228,28571.30072324,-14.81349054,-0.10190172,51.18702829,0.36567674,36.37353775,0.12747023,DFCF/东方财富Choice数据,dfcf_vendor_only_unverified_by_exchange
2026-06-10,14478.57826630,14011.81758206,28490.39584836,-43.64526466,-0.30054120,-37.25961022,-0.26521037,-80.90487488,-0.28316833,DFCF/东方财富Choice数据,dfcf_vendor_only_unverified_by_exchange
2026-06-11,14482.46655510,13955.69733635,28438.16389145,3.88828880,0.02685546,-56.12024571,-0.40052081,-52.23195691,-0.18333180,DFCF/东方财富Choice数据,dfcf_vendor_only_unverified_by_exchange
2026-06-12,14488.95770788,13945.18150156,28434.13920944,6.49115278,0.04482077,-10.51583479,-0.07535155,-4.02468201,-0.01415240,DFCF/东方财富Choice数据,dfcf_vendor_only_unverified_by_exchange
2026-06-15,14617.67264864,14057.07071728,28674.74336592,128.71494076,0.88836577,111.88921572,0.80235037,240.60415648,0.84618055,DFCF/东方财富Choice数据,dfcf_vendor_only_unverified_by_exchange
2026-06-16,14736.88751456,14201.50378638,28938.39130094,119.21486592,0.81555299,144.43306910,1.02747629,263.64793502,0.91944305,DFCF/东方财富Choice数据,dfcf_vendor_only_unverified_by_exchange
2026-06-17,14882.11916696,14336.39152915,29218.51069611,145.23165240,0.98549746,134.88774277,0.94981310,280.11939517,0.96798537,DFCF/东方财富Choice数据,dfcf_vendor_only_unverified_by_exchange
2026-06-18,14951.85799372,14394.73632238,29346.59431610,69.73882676,0.46860817,58.34479323,0.40696986,128.08361999,0.43836464,DFCF/东方财富Choice数据,dfcf_vendor_only_unverified_by_exchange
2026-06-22,15055.58433764,14581.19053806,29636.77487570,103.72634392,0.69373548,186.45421568,1.29529442,290.18055960,0.98880489,DFCF/东方财富Choice数据,dfcf_vendor_only_unverified_by_exchange
2026-06-23,15045.65483004,14652.43410288,29698.08893292,-9.92950760,-0.06595232,71.24356482,0.48859909,61.31405722,0.20688505,DFCF/东方财富Choice数据,dfcf_vendor_only_unverified_by_exchange
2026-06-24,15102.74044181,14731.85089045,29834.59133226,57.08561177,0.37941593,79.41678757,0.54200406,136.50239934,0.45963361,DFCF/东方财富Choice数据,dfcf_vendor_only_unverified_by_exchange
2026-06-25,15211.14083765,14798.28583218,30009.42666983,108.40039584,0.71775315,66.43494173,0.45096127,174.83533757,0.58601553,DFCF/东方财富Choice数据,dfcf_vendor_only_unverified_by_exchange
2026-06-26,15130.64112108,14672.81982412,29803.46094520,-80.49971657,-0.52921551,-125.46600806,-0.84784150,-205.96572463,-0.68633675,DFCF/东方财富Choice数据,dfcf_vendor_only_unverified_by_exchange
2026-06-29,15052.21517345,14664.50632820,29716.72150165,-78.42594763,-0.51832534,-8.31349592,-0.05665916,-86.73944355,-0.29103816,DFCF/东方财富Choice数据,dfcf_vendor_only_unverified_by_exchange
2026-06-30,15169.08428874,14708.79583030,29877.88011904,116.86911529,0.77642469,44.28950210,0.30201836,161.15861739,0.54231628,DFCF/东方财富Choice数据,dfcf_vendor_only_unverified_by_exchange
2026-07-01,15196.87927976,14778.94856591,29975.82784567,27.79499102,0.18323447,70.15273561,0.47694411,97.94772663,0.32782689,DFCF/东方财富Choice数据,dfcf_vendor_only_unverified_by_exchange
2026-07-02,15149.64123028,14761.73966736,29911.38089764,-47.23804948,-0.31084046,-17.20889855,-0.11644197,-64.44694803,-0.21499639,DFCF/东方财富Choice数据,dfcf_vendor_only_unverified_by_exchange
2026-07-03,15017.64189120,14697.07101933,29714.71291053,-131.99933908,-0.87130340,-64.66864803,-0.43808284,-196.66798711,-0.65750220,DFCF/东方财富Choice数据,dfcf_vendor_only_unverified_by_exchange
2026-07-06,14941.16860023,14668.58773239,29609.75633262,-76.47329097,-0.50922303,-28.48328694,-0.19380247,-104.95657791,-0.35321417,DFCF/东方财富Choice数据,dfcf_vendor_only_unverified_by_exchange
2026-07-07,14882.27749145,14597.10376963,29479.38126108,-58.89110878,-0.39415330,-71.48396276,-0.48732682,-130.37507154,-0.44031119,DFCF/东方财富Choice数据,dfcf_vendor_only_unverified_by_exchange
2026-07-08,14804.49027515,14485.77145252,29290.26172767,-77.78721630,-0.52268355,-111.33231711,-0.76270142,-189.11953341,-0.64153156,DFCF/东方财富Choice数据,dfcf_vendor_only_unverified_by_exchange
2026-07-09,14792.46671872,14458.61458951,29251.08130823,-12.02355643,-0.08121561,-27.15686301,-0.18747267,-39.18041944,-0.13376603,DFCF/东方财富Choice数据,dfcf_vendor_only_unverified_by_exchange
2026-07-10,14712.71507002,14424.97952431,29137.69459433,-79.75164870,-0.53913691,-33.63506520,-0.23262993,-113.38671390,-0.38763256,DFCF/东方财富Choice数据,dfcf_vendor_only_unverified_by_exchange
2026-07-13,14575.17049177,14227.19443349,28802.36492526,-137.54457825,-0.93486877,-197.78509082,-1.37112909,-335.32966907,-1.15084489,DFCF/东方财富Choice数据,dfcf_vendor_only_unverified_by_exchange
2026-07-14,14520.14185914,14172.64751118,28692.78937032,-55.02863263,-0.37755052,-54.54692231,-0.38339901,-109.57555494,-0.38043944,DFCF/东方财富Choice数据,dfcf_vendor_only_unverified_by_exchange
2026-07-15,14447.82928188,14128.29773105,28576.12701293,-72.31257726,-0.49801564,-44.34978013,-0.31292516,-116.66235739,-0.40659120,DFCF/东方财富Choice数据,dfcf_vendor_only_unverified_by_exchange
2026-07-16,14308.21453142,13982.04186432,28290.25639574,-139.61475046,-0.96633721,-146.25586673,-1.03519808,-285.87061719,-1.00038265,DFCF/东方财富Choice数据,dfcf_vendor_only_unverified_by_exchange
2026-07-17,13928.32663141,13563.12219325,27491.44882466,-379.88790001,-2.65503358,-418.91967107,-2.99612657,-798.80757108,-2.82361376,DFCF/东方财富Choice数据,dfcf_vendor_only_unverified_by_exchange
2026-07-20,13627.46855721,13267.13219503,26894.60075224,-300.85807420,-2.16004465,-295.98999822,-2.18231462,-596.84807242,-2.17103171,DFCF/东方财富Choice数据,dfcf_vendor_only_unverified_by_exchange
2026-07-21,13635.97390293,13259.24685239,26895.22075532,8.50534572,0.06241325,-7.88534264,-0.05943517,0.62000308,0.00230531,DFCF/东方财富Choice数据,dfcf_vendor_only_unverified_by_exchange
2026-07-22,13632.30592667,13270.37003842,26902.67596509,-3.66797626,-0.02689926,11.12318603,0.08389003,7.45520977,0.02771946,DFCF/东方财富Choice数据,dfcf_vendor_only_unverified_by_exchange
2026-07-23,13586.42831879,13218.04252718,26804.47084597,-45.87760788,-0.33653593,-52.32751124,-0.39431840,-98.20511912,-0.36503848,DFCF/东方财富Choice数据,dfcf_vendor_only_unverified_by_exchange
2026-07-24,13506.44344774,13076.07084847,26582.51429621,-79.98487105,-0.58871154,-141.97167871,-1.07407491,-221.95654976,-0.82805794,DFCF/东方财富Choice数据,dfcf_vendor_only_unverified_by_exchange
2026-07-27,13643.14690178,13039.62925138,26682.77615316,136.70345404,1.01213509,-36.44159709,-0.27868920,100.26185695,0.37717221,DFCF/东方财富Choice数据,dfcf_vendor_only_unverified_by_exchange
2026-07-28,13490.11533515,12895.06723111,26385.18256626,-153.03156663,-1.12167352,-144.56202027,-1.10863597,-297.59358690,-1.11530219,DFCF/东方财富Choice数据,dfcf_vendor_only_unverified_by_exchange
2026-07-29,13366.95445485,12762.74133767,26129.69579252,-123.16088030,-0.91297129,-132.32589344,-1.02617451,-255.48677374,-0.96829640,DFCF/东方财富Choice数据,dfcf_vendor_only_unverified_by_exchange
2026-07-30,13222.12164988,12540.98880597,25763.11045585,-144.83280497,-1.08351387,-221.75253170,-1.73749922,-366.58533667,-1.40294529,DFCF/东方财富Choice数据,dfcf_vendor_only_unverified_by_exchange
2026-07-31,13273.98268667,12535.70818615,25809.69087282,51.86103679,0.39222931,-5.28061982,-0.04210689,46.58041697,0.18080277,DFCF/东方财富Choice数据,dfcf_vendor_only_unverified_by_exchange
2026-08-03,13232.58064454,12489.16275525,25721.74339979,-41.40204213,-0.31190369,-46.54543090,-0.37130276,-87.94747303,-0.34075369,DFCF/东方财富Choice数据,dfcf_vendor_only_unverified_by_exchange
2026-08-04,13294.06737362,12547.38782997,25841.45520359,61.48672908,0.46466166,58.22507472,0.46620479,119.71180380,0.46541092,DFCF/东方财富Choice数据,dfcf_vendor_only_unverified_by_exchange
2026-08-05,13353.88902023,12608.71875492,25962.60777515,59.82164661,0.44998754,61.33092495,0.48879437,121.15257156,0.46883030,DFCF/东方财富Choice数据,dfcf_vendor_only_unverified_by_exchange
2026-08-06,13402.76883602,12669.93136806,26072.70020408,48.87981579,0.36603431,61.21261314,0.48547846,110.09242893,0.42404226,DFCF/东方财富Choice数据,dfcf_vendor_only_unverified_by_exchange
2026-08-07,13446.17540893,12696.44182916,26142.61723809,43.40657291,0.32386273,26.51046110,0.20923918,69.91703401,0.26816185,DFCF/东方财富Choice数据,dfcf_vendor_only_unverified_by_exchange
2026-08-10,13500.88413944,12782.04135590,26282.92549534,54.70873051,0.40687206,85.59952674,0.67420091,140.30825725,0.53670318,DFCF/东方财富Choice数据,dfcf_vendor_only_unverified_by_exchange
2026-08-11,13504.23724690,12791.68202060,26295.91926750,3.35310746,0.02483621,9.64066470,0.07542351,12.99377216,0.04943807,DFCF/东方财富Choice数据,dfcf_vendor_only_unverified_by_exchange
