date,sh_margin_y,source,fetched_at_utc
2011-08-03,199.47338610,https://datacenter-web.eastmoney.com/api/data/v1/get,2026-08-03T09:11:06+00:00
2011-08-04,199.16978654,https://datacenter-web.eastmoney.com/api/data/v1/get,2026-08-03T09:11:06+00:00
2011-08-05,199.03220315,https://datacenter-web.eastmoney.com/api/data/v1/get,2026-08-03T09:11:06+00:00
2011-08-08,199.65951464,https://datacenter-web.eastmoney.com/api/data/v1/get,2026-08-03T09:11:06+00:00
2011-08-09,199.58893276,https://datacenter-web.eastmoney.com/api/data/v1/get,2026-08-03T09:11:06+00:00
2011-08-10,198.91797252,https://datacenter-web.eastmoney.com/api/data/v1/get,2026-08-03T09:11:06+00:00
2011-08-11,198.53845619,https://datacenter-web.eastmoney.com/api/data/v1/get,2026-08-03T09:11:06+00:00
2011-08-12,197.80555772,https://datacenter-web.eastmoney.com/api/data/v1/get,2026-08-03T09:11:06+00:00
2011-08-15,199.00155759,https://datacenter-web.eastmoney.com/api/data/v1/get,2026-08-03T09:11:06+00:00
2011-08-16,199.38522613,https://datacenter-web.eastmoney.com/api/data/v1/get,2026-08-03T09:11:06+00:00
2011-08-17,200.20240955,https://datacenter-web.eastmoney.com/api/data/v1/get,2026-08-03T09:11:06+00:00
2011-08-18,201.25765773,https://datacenter-web.eastmoney.com/api/data/v1/get,2026-08-03T09:11:06+00:00
2011-08-19,200.74117205,https://datacenter-web.eastmoney.com/api/data/v1/get,2026-08-03T09:11:06+00:00
2011-08-22,201.04631668,https://datacenter-web.eastmoney.com/api/data/v1/get,2026-08-03T09:11:06+00:00
2011-08-23,201.61763673,https://datacenter-web.eastmoney.com/api/data/v1/get,2026-08-03T09:11:06+00:00
2011-08-24,201.48223867,https://datacenter-web.eastmoney.com/api/data/v1/get,2026-08-03T09:11:06+00:00
2011-08-25,199.09811437,https://datacenter-web.eastmoney.com/api/data/v1/get,2026-08-03T09:11:06+00:00
2011-08-26,201.09341830,https://datacenter-web.eastmoney.com/api/data/v1/get,2026-08-03T09:11:06+00:00
2011-08-29,204.96342307,https://datacenter-web.eastmoney.com/api/data/v1/get,2026-08-03T09:11:06+00:00
2011-08-30,207.49898186,https://datacenter-web.eastmoney.com/api/data/v1/get,2026-08-03T09:11:06+00:00
2011-08-31,208.93312611,https://datacenter-web.eastmoney.com/api/data/v1/get,2026-08-03T09:11:06+00:00
2011-09-01,208.98889032,https://datacenter-web.eastmoney.com/api/data/v1/get,2026-08-03T09:11:06+00:00
2011-09-02,209.01163881,https://datacenter-web.eastmoney.com/api/data/v1/get,2026-08-03T09:11:06+00:00
2011-09-05,210.03486998,https://datacenter-web.eastmoney.com/api/data/v1/get,2026-08-03T09:11:06+00:00
2011-09-06,210.68944086,https://datacenter-web.eastmoney.com/api/data/v1/get,2026-08-03T09:11:06+00:00
2011-09-07,210.42304936,https://datacenter-web.eastmoney.com/api/data/v1/get,2026-08-03T09:11:06+00:00
2011-09-08,211.14896834,https://datacenter-web.eastmoney.com/api/data/v1/get,2026-08-03T09:11:06+00:00
2011-09-09,210.41870266,https://datacenter-web.eastmoney.com/api/data/v1/get,2026-08-03T09:11:06+00:00
2011-09-13,211.22136936,https://datacenter-web.eastmoney.com/api/data/v1/get,2026-08-03T09:11:06+00:00
2011-09-14,210.50929175,https://datacenter-web.eastmoney.com/api/data/v1/get,2026-08-03T09:11:06+00:00
2011-09-15,209.96390466,https://datacenter-web.eastmoney.com/api/data/v1/get,2026-08-03T09:11:06+00:00
2011-09-16,210.20934154,https://datacenter-web.eastmoney.com/api/data/v1/get,2026-08-03T09:11:06+00:00
2011-09-19,211.03835093,https://datacenter-web.eastmoney.com/api/data/v1/get,2026-08-03T09:11:06+00:00
2011-09-20,211.81592617,https://datacenter-web.eastmoney.com/api/data/v1/get,2026-08-03T09:11:06+00:00
2011-09-21,210.80852830,https://datacenter-web.eastmoney.com/api/data/v1/get,2026-08-03T09:11:06+00:00
2011-09-22,214.03223921,https://datacenter-web.eastmoney.com/api/data/v1/get,2026-08-03T09:11:06+00:00
2011-09-23,213.59329274,https://datacenter-web.eastmoney.com/api/data/v1/get,2026-08-03T09:11:06+00:00
2011-09-26,213.04984798,https://datacenter-web.eastmoney.com/api/data/v1/get,2026-08-03T09:11:06+00:00
2011-09-27,214.42994144,https://datacenter-web.eastmoney.com/api/data/v1/get,2026-08-03T09:11:06+00:00
2011-09-28,212.85200989,https://datacenter-web.eastmoney.com/api/data/v1/get,2026-08-03T09:11:06+00:00
2011-09-29,211.37792643,https://datacenter-web.eastmoney.com/api/data/v1/get,2026-08-03T09:11:06+00:00
2011-09-30,206.78257223,https://datacenter-web.eastmoney.com/api/data/v1/get,2026-08-03T09:11:06+00:00
2011-10-10,205.00158665,https://datacenter-web.eastmoney.com/api/data/v1/get,2026-08-03T09:11:06+00:00
2011-10-11,203.24309699,https://datacenter-web.eastmoney.com/api/data/v1/get,2026-08-03T09:11:06+00:00
2011-10-12,204.30753257,https://datacenter-web.eastmoney.com/api/data/v1/get,2026-08-03T09:11:06+00:00
2011-10-13,205.43903238,https://datacenter-web.eastmoney.com/api/data/v1/get,2026-08-03T09:11:06+00:00
2011-10-14,204.00802814,https://datacenter-web.eastmoney.com/api/data/v1/get,2026-08-03T09:11:06+00:00
2011-10-17,203.00361995,https://datacenter-web.eastmoney.com/api/data/v1/get,2026-08-03T09:11:06+00:00
2011-10-18,202.46908676,https://datacenter-web.eastmoney.com/api/data/v1/get,2026-08-03T09:11:06+00:00
2011-10-19,202.42841224,https://datacenter-web.eastmoney.com/api/data/v1/get,2026-08-03T09:11:06+00:00
2011-10-20,202.74135425,https://datacenter-web.eastmoney.com/api/data/v1/get,2026-08-03T09:11:06+00:00
2011-10-21,200.77609862,https://datacenter-web.eastmoney.com/api/data/v1/get,2026-08-03T09:11:06+00:00
2011-10-24,198.13181984,https://datacenter-web.eastmoney.com/api/data/v1/get,2026-08-03T09:11:06+00:00
2011-10-25,198.57163052,https://datacenter-web.eastmoney.com/api/data/v1/get,2026-08-03T09:11:06+00:00
2011-10-26,197.86668727,https://datacenter-web.eastmoney.com/api/data/v1/get,2026-08-03T09:11:06+00:00
2011-10-27,199.30731684,https://datacenter-web.eastmoney.com/api/data/v1/get,2026-08-03T09:11:06+00:00
2011-10-28,197.49284408,https://datacenter-web.eastmoney.com/api/data/v1/get,2026-08-03T09:11:06+00:00
2011-10-31,199.01349449,https://datacenter-web.eastmoney.com/api/data/v1/get,2026-08-03T09:11:06+00:00
2011-11-01,200.08002941,https://datacenter-web.eastmoney.com/api/data/v1/get,2026-08-03T09:11:06+00:00
2011-11-02,200.94724795,https://datacenter-web.eastmoney.com/api/data/v1/get,2026-08-03T09:11:06+00:00
2011-11-03,203.65235328,https://datacenter-web.eastmoney.com/api/data/v1/get,2026-08-03T09:11:06+00:00
2011-11-04,204.25574366,https://datacenter-web.eastmoney.com/api/data/v1/get,2026-08-03T09:11:06+00:00
2011-11-07,206.93207005,https://datacenter-web.eastmoney.com/api/data/v1/get,2026-08-03T09:11:06+00:00
2011-11-08,209.04972932,https://datacenter-web.eastmoney.com/api/data/v1/get,2026-08-03T09:11:06+00:00
2011-11-09,211.37377041,https://datacenter-web.eastmoney.com/api/data/v1/get,2026-08-03T09:11:06+00:00
2011-11-10,213.82370001,https://datacenter-web.eastmoney.com/api/data/v1/get,2026-08-03T09:11:06+00:00
2011-11-11,213.45143945,https://datacenter-web.eastmoney.com/api/data/v1/get,2026-08-03T09:11:06+00:00
2011-11-14,214.72109836,https://datacenter-web.eastmoney.com/api/data/v1/get,2026-08-03T09:11:06+00:00
2011-11-15,216.42895602,https://datacenter-web.eastmoney.com/api/data/v1/get,2026-08-03T09:11:06+00:00
2011-11-16,220.79287311,https://datacenter-web.eastmoney.com/api/data/v1/get,2026-08-03T09:11:06+00:00
2011-11-17,221.10549167,https://datacenter-web.eastmoney.com/api/data/v1/get,2026-08-03T09:11:06+00:00
2011-11-18,221.28264632,https://datacenter-web.eastmoney.com/api/data/v1/get,2026-08-03T09:11:06+00:00
2011-11-21,222.61866663,https://datacenter-web.eastmoney.com/api/data/v1/get,2026-08-03T09:11:06+00:00
2011-11-22,223.40596474,https://datacenter-web.eastmoney.com/api/data/v1/get,2026-08-03T09:11:06+00:00
2011-11-23,223.81342035,https://datacenter-web.eastmoney.com/api/data/v1/get,2026-08-03T09:11:06+00:00
2011-11-24,224.21973306,https://datacenter-web.eastmoney.com/api/data/v1/get,2026-08-03T09:11:06+00:00
2011-11-25,224.00850427,https://datacenter-web.eastmoney.com/api/data/v1/get,2026-08-03T09:11:06+00:00
2011-11-28,224.94897616,https://datacenter-web.eastmoney.com/api/data/v1/get,2026-08-03T09:11:06+00:00
2011-11-29,225.18644243,https://datacenter-web.eastmoney.com/api/data/v1/get,2026-08-03T09:11:06+00:00
2011-11-30,224.66452028,https://datacenter-web.eastmoney.com/api/data/v1/get,2026-08-03T09:11:06+00:00
2011-12-01,222.99466764,https://datacenter-web.eastmoney.com/api/data/v1/get,2026-08-03T09:11:06+00:00
2011-12-02,222.67766625,https://datacenter-web.eastmoney.com/api/data/v1/get,2026-08-03T09:11:06+00:00
2011-12-05,223.79650562,https://datacenter-web.eastmoney.com/api/data/v1/get,2026-08-03T09:11:06+00:00
2011-12-06,224.13359472,https://datacenter-web.eastmoney.com/api/data/v1/get,2026-08-03T09:11:06+00:00
2011-12-07,224.49261088,https://datacenter-web.eastmoney.com/api/data/v1/get,2026-08-03T09:11:06+00:00
2011-12-08,225.28992922,https://datacenter-web.eastmoney.com/api/data/v1/get,2026-08-03T09:11:06+00:00
2011-12-09,225.07138358,https://datacenter-web.eastmoney.com/api/data/v1/get,2026-08-03T09:11:06+00:00
2011-12-12,225.25065787,https://datacenter-web.eastmoney.com/api/data/v1/get,2026-08-03T09:11:06+00:00
2011-12-13,226.43584951,https://datacenter-web.eastmoney.com/api/data/v1/get,2026-08-03T09:11:06+00:00
2011-12-14,227.10676753,https://datacenter-web.eastmoney.com/api/data/v1/get,2026-08-03T09:11:06+00:00
2011-12-15,228.29426940,https://datacenter-web.eastmoney.com/api/data/v1/get,2026-08-03T09:11:06+00:00
2011-12-16,229.60970432,https://datacenter-web.eastmoney.com/api/data/v1/get,2026-08-03T09:11:06+00:00
2011-12-19,231.60945470,https://datacenter-web.eastmoney.com/api/data/v1/get,2026-08-03T09:11:06+00:00
2011-12-20,232.15304975,https://datacenter-web.eastmoney.com/api/data/v1/get,2026-08-03T09:11:06+00:00
2011-12-21,232.13182571,https://datacenter-web.eastmoney.com/api/data/v1/get,2026-08-03T09:11:06+00:00
2011-12-22,231.56209497,https://datacenter-web.eastmoney.com/api/data/v1/get,2026-08-03T09:11:06+00:00
2011-12-23,230.22628028,https://datacenter-web.eastmoney.com/api/data/v1/get,2026-08-03T09:11:06+00:00
2011-12-26,230.97117469,https://datacenter-web.eastmoney.com/api/data/v1/get,2026-08-03T09:11:06+00:00
2011-12-27,231.25457645,https://datacenter-web.eastmoney.com/api/data/v1/get,2026-08-03T09:11:06+00:00
2011-12-28,232.27075749,https://datacenter-web.eastmoney.com/api/data/v1/get,2026-08-03T09:11:06+00:00
2011-12-29,232.61484479,https://datacenter-web.eastmoney.com/api/data/v1/get,2026-08-03T09:11:06+00:00
2011-12-30,231.63493473,https://datacenter-web.eastmoney.com/api/data/v1/get,2026-08-03T09:11:06+00:00
2012-01-04,230.86161879,https://datacenter-web.eastmoney.com/api/data/v1/get,2026-08-03T09:11:06+00:00
2012-01-05,228.71007499,https://datacenter-web.eastmoney.com/api/data/v1/get,2026-08-03T09:11:06+00:00
2012-01-06,229.74795499,https://datacenter-web.eastmoney.com/api/data/v1/get,2026-08-03T09:11:06+00:00
2012-01-09,228.53440665,https://datacenter-web.eastmoney.com/api/data/v1/get,2026-08-03T09:11:06+00:00
2012-01-10,227.73950655,https://datacenter-web.eastmoney.com/api/data/v1/get,2026-08-03T09:11:06+00:00
2012-01-11,228.69720240,https://datacenter-web.eastmoney.com/api/data/v1/get,2026-08-03T09:11:06+00:00
2012-01-12,227.81226572,https://datacenter-web.eastmoney.com/api/data/v1/get,2026-08-03T09:11:06+00:00
2012-01-13,226.74391245,https://datacenter-web.eastmoney.com/api/data/v1/get,2026-08-03T09:11:06+00:00
2012-01-16,226.38911372,https://datacenter-web.eastmoney.com/api/data/v1/get,2026-08-03T09:11:06+00:00
2012-01-17,225.82606058,https://datacenter-web.eastmoney.com/api/data/v1/get,2026-08-03T09:11:06+00:00
2012-01-18,225.64638461,https://datacenter-web.eastmoney.com/api/data/v1/get,2026-08-03T09:11:06+00:00
2012-01-19,221.61798417,https://datacenter-web.eastmoney.com/api/data/v1/get,2026-08-03T09:11:06+00:00
2012-01-20,210.88647331,https://datacenter-web.eastmoney.com/api/data/v1/get,2026-08-03T09:11:06+00:00
2012-01-30,216.53344631,https://datacenter-web.eastmoney.com/api/data/v1/get,2026-08-03T09:11:06+00:00
2012-01-31,220.14346641,https://datacenter-web.eastmoney.com/api/data/v1/get,2026-08-03T09:11:06+00:00
2012-02-01,223.66485298,https://datacenter-web.eastmoney.com/api/data/v1/get,2026-08-03T09:11:06+00:00
2012-02-02,223.96236472,https://datacenter-web.eastmoney.com/api/data/v1/get,2026-08-03T09:11:06+00:00
2012-02-03,225.15446802,https://datacenter-web.eastmoney.com/api/data/v1/get,2026-08-03T09:11:06+00:00
2012-02-06,227.84517940,https://datacenter-web.eastmoney.com/api/data/v1/get,2026-08-03T09:11:06+00:00
2012-02-07,233.13248252,https://datacenter-web.eastmoney.com/api/data/v1/get,2026-08-03T09:11:06+00:00
2012-02-08,233.04347745,https://datacenter-web.eastmoney.com/api/data/v1/get,2026-08-03T09:11:06+00:00
2012-02-09,233.64280534,https://datacenter-web.eastmoney.com/api/data/v1/get,2026-08-03T09:11:06+00:00
2012-02-10,231.86699954,https://datacenter-web.eastmoney.com/api/data/v1/get,2026-08-03T09:11:06+00:00
2012-02-13,236.08213305,https://datacenter-web.eastmoney.com/api/data/v1/get,2026-08-03T09:11:06+00:00
2012-02-14,238.60965648,https://datacenter-web.eastmoney.com/api/data/v1/get,2026-08-03T09:11:06+00:00
2012-02-15,241.79753364,https://datacenter-web.eastmoney.com/api/data/v1/get,2026-08-03T09:11:06+00:00
2012-02-16,244.91754154,https://datacenter-web.eastmoney.com/api/data/v1/get,2026-08-03T09:11:06+00:00
2012-02-17,244.78237341,https://datacenter-web.eastmoney.com/api/data/v1/get,2026-08-03T09:11:06+00:00
2012-02-20,247.72829932,https://datacenter-web.eastmoney.com/api/data/v1/get,2026-08-03T09:11:06+00:00
2012-02-21,249.69797018,https://datacenter-web.eastmoney.com/api/data/v1/get,2026-08-03T09:11:06+00:00
2012-02-22,252.23728541,https://datacenter-web.eastmoney.com/api/data/v1/get,2026-08-03T09:11:06+00:00
2012-02-23,255.09973452,https://datacenter-web.eastmoney.com/api/data/v1/get,2026-08-03T09:11:06+00:00
2012-02-24,256.07219924,https://datacenter-web.eastmoney.com/api/data/v1/get,2026-08-03T09:11:06+00:00
2012-02-27,259.53096751,https://datacenter-web.eastmoney.com/api/data/v1/get,2026-08-03T09:11:06+00:00
2012-02-28,261.73607268,https://datacenter-web.eastmoney.com/api/data/v1/get,2026-08-03T09:11:06+00:00
2012-02-29,264.21186475,https://datacenter-web.eastmoney.com/api/data/v1/get,2026-08-03T09:11:06+00:00
2012-03-01,266.93098407,https://datacenter-web.eastmoney.com/api/data/v1/get,2026-08-03T09:11:06+00:00
2012-03-02,270.48735068,https://datacenter-web.eastmoney.com/api/data/v1/get,2026-08-03T09:11:06+00:00
2012-03-05,275.45673775,https://datacenter-web.eastmoney.com/api/data/v1/get,2026-08-03T09:11:06+00:00
2012-03-06,279.25437822,https://datacenter-web.eastmoney.com/api/data/v1/get,2026-08-03T09:11:06+00:00
2012-03-07,283.22835473,https://datacenter-web.eastmoney.com/api/data/v1/get,2026-08-03T09:11:06+00:00
2012-03-08,285.53279578,https://datacenter-web.eastmoney.com/api/data/v1/get,2026-08-03T09:11:06+00:00
2012-03-09,286.98907823,https://datacenter-web.eastmoney.com/api/data/v1/get,2026-08-03T09:11:06+00:00
2012-03-12,293.13541336,https://datacenter-web.eastmoney.com/api/data/v1/get,2026-08-03T09:11:06+00:00
2012-03-13,295.06123404,https://datacenter-web.eastmoney.com/api/data/v1/get,2026-08-03T09:11:06+00:00
2012-03-14,299.62495014,https://datacenter-web.eastmoney.com/api/data/v1/get,2026-08-03T09:11:06+00:00
2012-03-15,300.30622336,https://datacenter-web.eastmoney.com/api/data/v1/get,2026-08-03T09:11:06+00:00
2012-03-16,300.40251162,https://datacenter-web.eastmoney.com/api/data/v1/get,2026-08-03T09:11:06+00:00
2012-03-19,305.89579776,https://datacenter-web.eastmoney.com/api/data/v1/get,2026-08-03T09:11:06+00:00
2012-03-20,308.81415456,https://datacenter-web.eastmoney.com/api/data/v1/get,2026-08-03T09:11:06+00:00
2012-03-21,311.84318827,https://datacenter-web.eastmoney.com/api/data/v1/get,2026-08-03T09:11:06+00:00
2012-03-22,312.58610141,https://datacenter-web.eastmoney.com/api/data/v1/get,2026-08-03T09:11:06+00:00
2012-03-23,313.24525878,https://datacenter-web.eastmoney.com/api/data/v1/get,2026-08-03T09:11:06+00:00
2012-03-26,313.10255462,https://datacenter-web.eastmoney.com/api/data/v1/get,2026-08-03T09:11:06+00:00
2012-03-27,316.52995174,https://datacenter-web.eastmoney.com/api/data/v1/get,2026-08-03T09:11:06+00:00
2012-03-28,317.25359177,https://datacenter-web.eastmoney.com/api/data/v1/get,2026-08-03T09:11:06+00:00
2012-03-29,314.66692094,https://datacenter-web.eastmoney.com/api/data/v1/get,2026-08-03T09:11:06+00:00
2012-03-30,308.55059829,https://datacenter-web.eastmoney.com/api/data/v1/get,2026-08-03T09:11:06+00:00
2012-04-05,310.36889547,https://datacenter-web.eastmoney.com/api/data/v1/get,2026-08-03T09:11:06+00:00
2012-04-06,312.03189503,https://datacenter-web.eastmoney.com/api/data/v1/get,2026-08-03T09:11:06+00:00
2012-04-09,313.12683905,https://datacenter-web.eastmoney.com/api/data/v1/get,2026-08-03T09:11:06+00:00
2012-04-10,313.15108010,https://datacenter-web.eastmoney.com/api/data/v1/get,2026-08-03T09:11:06+00:00
2012-04-11,316.50530805,https://datacenter-web.eastmoney.com/api/data/v1/get,2026-08-03T09:11:06+00:00
2012-04-12,316.58371384,https://datacenter-web.eastmoney.com/api/data/v1/get,2026-08-03T09:11:06+00:00
2012-04-13,313.21457781,https://datacenter-web.eastmoney.com/api/data/v1/get,2026-08-03T09:11:06+00:00
2012-04-16,315.51930384,https://datacenter-web.eastmoney.com/api/data/v1/get,2026-08-03T09:11:06+00:00
2012-04-17,317.01763328,https://datacenter-web.eastmoney.com/api/data/v1/get,2026-08-03T09:11:06+00:00
2012-04-18,317.13063485,https://datacenter-web.eastmoney.com/api/data/v1/get,2026-08-03T09:11:06+00:00
2012-04-19,317.63708953,https://datacenter-web.eastmoney.com/api/data/v1/get,2026-08-03T09:11:06+00:00
2012-04-20,316.97962487,https://datacenter-web.eastmoney.com/api/data/v1/get,2026-08-03T09:11:06+00:00
2012-04-23,319.19290664,https://datacenter-web.eastmoney.com/api/data/v1/get,2026-08-03T09:11:06+00:00
2012-04-24,318.86526859,https://datacenter-web.eastmoney.com/api/data/v1/get,2026-08-03T09:11:06+00:00
2012-04-25,320.22808570,https://datacenter-web.eastmoney.com/api/data/v1/get,2026-08-03T09:11:06+00:00
2012-04-26,322.07563433,https://datacenter-web.eastmoney.com/api/data/v1/get,2026-08-03T09:11:06+00:00
2012-04-27,319.96092316,https://datacenter-web.eastmoney.com/api/data/v1/get,2026-08-03T09:11:06+00:00
2012-05-02,323.74252299,https://datacenter-web.eastmoney.com/api/data/v1/get,2026-08-03T09:11:06+00:00
2012-05-03,329.14444024,https://datacenter-web.eastmoney.com/api/data/v1/get,2026-08-03T09:11:06+00:00
2012-05-04,329.29079712,https://datacenter-web.eastmoney.com/api/data/v1/get,2026-08-03T09:11:06+00:00
2012-05-07,334.67500884,https://datacenter-web.eastmoney.com/api/data/v1/get,2026-08-03T09:11:06+00:00
2012-05-08,338.93622504,https://datacenter-web.eastmoney.com/api/data/v1/get,2026-08-03T09:11:06+00:00
2012-05-09,344.51948648,https://datacenter-web.eastmoney.com/api/data/v1/get,2026-08-03T09:11:06+00:00
2012-05-10,350.40860645,https://datacenter-web.eastmoney.com/api/data/v1/get,2026-08-03T09:11:06+00:00
2012-05-11,351.15705765,https://datacenter-web.eastmoney.com/api/data/v1/get,2026-08-03T09:11:06+00:00
2012-05-14,356.28803242,https://datacenter-web.eastmoney.com/api/data/v1/get,2026-08-03T09:11:06+00:00
2012-05-15,361.52562663,https://datacenter-web.eastmoney.com/api/data/v1/get,2026-08-03T09:11:06+00:00
2012-05-16,367.79217694,https://datacenter-web.eastmoney.com/api/data/v1/get,2026-08-03T09:11:06+00:00
2012-05-17,367.87680964,https://datacenter-web.eastmoney.com/api/data/v1/get,2026-08-03T09:11:06+00:00
2012-05-18,368.21357488,https://datacenter-web.eastmoney.com/api/data/v1/get,2026-08-03T09:11:06+00:00
2012-05-21,371.26490787,https://datacenter-web.eastmoney.com/api/data/v1/get,2026-08-03T09:11:06+00:00
2012-05-22,370.79833553,https://datacenter-web.eastmoney.com/api/data/v1/get,2026-08-03T09:11:06+00:00
2012-05-23,370.72055664,https://datacenter-web.eastmoney.com/api/data/v1/get,2026-08-03T09:11:06+00:00
2012-05-24,375.28312047,https://datacenter-web.eastmoney.com/api/data/v1/get,2026-08-03T09:11:06+00:00
2012-05-25,375.35963602,https://datacenter-web.eastmoney.com/api/data/v1/get,2026-08-03T09:11:06+00:00
2012-05-28,375.98761062,https://datacenter-web.eastmoney.com/api/data/v1/get,2026-08-03T09:11:06+00:00
2012-05-29,376.76358273,https://datacenter-web.eastmoney.com/api/data/v1/get,2026-08-03T09:11:06+00:00
2012-05-30,379.85520066,https://datacenter-web.eastmoney.com/api/data/v1/get,2026-08-03T09:11:06+00:00
2012-05-31,383.63704389,https://datacenter-web.eastmoney.com/api/data/v1/get,2026-08-03T09:11:06+00:00
2012-06-01,383.93016442,https://datacenter-web.eastmoney.com/api/data/v1/get,2026-08-03T09:11:06+00:00
2012-06-04,392.01386102,https://datacenter-web.eastmoney.com/api/data/v1/get,2026-08-03T09:11:06+00:00
2012-06-05,393.41792121,https://datacenter-web.eastmoney.com/api/data/v1/get,2026-08-03T09:11:06+00:00
2012-06-06,395.85278444,https://datacenter-web.eastmoney.com/api/data/v1/get,2026-08-03T09:11:06+00:00
2012-06-07,398.24344326,https://datacenter-web.eastmoney.com/api/data/v1/get,2026-08-03T09:11:06+00:00
2012-06-08,397.19820736,https://datacenter-web.eastmoney.com/api/data/v1/get,2026-08-03T09:11:06+00:00
2012-06-11,399.15091233,https://datacenter-web.eastmoney.com/api/data/v1/get,2026-08-03T09:11:06+00:00
2012-06-12,401.18853209,https://datacenter-web.eastmoney.com/api/data/v1/get,2026-08-03T09:11:06+00:00
2012-06-13,403.66154559,https://datacenter-web.eastmoney.com/api/data/v1/get,2026-08-03T09:11:06+00:00
2012-06-14,404.63725268,https://datacenter-web.eastmoney.com/api/data/v1/get,2026-08-03T09:11:06+00:00
2012-06-15,404.24538156,https://datacenter-web.eastmoney.com/api/data/v1/get,2026-08-03T09:11:06+00:00
2012-06-18,407.74082626,https://datacenter-web.eastmoney.com/api/data/v1/get,2026-08-03T09:11:06+00:00
2012-06-19,409.59301472,https://datacenter-web.eastmoney.com/api/data/v1/get,2026-08-03T09:11:06+00:00
2012-06-20,409.71366211,https://datacenter-web.eastmoney.com/api/data/v1/get,2026-08-03T09:11:06+00:00
2012-06-21,412.16039765,https://datacenter-web.eastmoney.com/api/data/v1/get,2026-08-03T09:11:06+00:00
2012-06-25,413.28073117,https://datacenter-web.eastmoney.com/api/data/v1/get,2026-08-03T09:11:06+00:00
2012-06-26,413.66843299,https://datacenter-web.eastmoney.com/api/data/v1/get,2026-08-03T09:11:06+00:00
2012-06-27,414.52187393,https://datacenter-web.eastmoney.com/api/data/v1/get,2026-08-03T09:11:06+00:00
2012-06-28,415.54211158,https://datacenter-web.eastmoney.com/api/data/v1/get,2026-08-03T09:11:06+00:00
2012-06-29,413.52503305,https://datacenter-web.eastmoney.com/api/data/v1/get,2026-08-03T09:11:06+00:00
2012-07-02,416.51551679,https://datacenter-web.eastmoney.com/api/data/v1/get,2026-08-03T09:11:06+00:00
2012-07-03,417.75297474,https://datacenter-web.eastmoney.com/api/data/v1/get,2026-08-03T09:11:06+00:00
2012-07-04,419.79741991,https://datacenter-web.eastmoney.com/api/data/v1/get,2026-08-03T09:11:06+00:00
2012-07-05,419.80089686,https://datacenter-web.eastmoney.com/api/data/v1/get,2026-08-03T09:11:06+00:00
2012-07-06,420.71500783,https://datacenter-web.eastmoney.com/api/data/v1/get,2026-08-03T09:11:06+00:00
2012-07-09,424.33217425,https://datacenter-web.eastmoney.com/api/data/v1/get,2026-08-03T09:11:06+00:00
2012-07-10,426.77890401,https://datacenter-web.eastmoney.com/api/data/v1/get,2026-08-03T09:11:06+00:00
2012-07-11,427.63477754,https://datacenter-web.eastmoney.com/api/data/v1/get,2026-08-03T09:11:06+00:00
2012-07-12,429.58440250,https://datacenter-web.eastmoney.com/api/data/v1/get,2026-08-03T09:11:06+00:00
2012-07-13,429.95301769,https://datacenter-web.eastmoney.com/api/data/v1/get,2026-08-03T09:11:06+00:00
2012-07-16,429.54857532,https://datacenter-web.eastmoney.com/api/data/v1/get,2026-08-03T09:11:06+00:00
2012-07-17,428.50583006,https://datacenter-web.eastmoney.com/api/data/v1/get,2026-08-03T09:11:06+00:00
2012-07-18,430.01260903,https://datacenter-web.eastmoney.com/api/data/v1/get,2026-08-03T09:11:06+00:00
2012-07-19,431.33376716,https://datacenter-web.eastmoney.com/api/data/v1/get,2026-08-03T09:11:06+00:00
2012-07-20,432.93277130,https://datacenter-web.eastmoney.com/api/data/v1/get,2026-08-03T09:11:06+00:00
2012-07-23,435.20903617,https://datacenter-web.eastmoney.com/api/data/v1/get,2026-08-03T09:11:06+00:00
2012-07-24,436.73831708,https://datacenter-web.eastmoney.com/api/data/v1/get,2026-08-03T09:11:06+00:00
2012-07-25,436.28637939,https://datacenter-web.eastmoney.com/api/data/v1/get,2026-08-03T09:11:06+00:00
2012-07-26,436.05874770,https://datacenter-web.eastmoney.com/api/data/v1/get,2026-08-03T09:11:06+00:00
2012-07-27,435.46606535,https://datacenter-web.eastmoney.com/api/data/v1/get,2026-08-03T09:11:06+00:00
2012-07-30,436.00788260,https://datacenter-web.eastmoney.com/api/data/v1/get,2026-08-03T09:11:06+00:00
2012-07-31,433.97313276,https://datacenter-web.eastmoney.com/api/data/v1/get,2026-08-03T09:11:06+00:00
2012-08-01,434.73512880,https://datacenter-web.eastmoney.com/api/data/v1/get,2026-08-03T09:11:06+00:00
2012-08-02,435.60657150,https://datacenter-web.eastmoney.com/api/data/v1/get,2026-08-03T09:11:06+00:00
2012-08-03,436.44324473,https://datacenter-web.eastmoney.com/api/data/v1/get,2026-08-03T09:11:06+00:00
2012-08-06,439.83961626,https://datacenter-web.eastmoney.com/api/data/v1/get,2026-08-03T09:11:06+00:00
2012-08-07,443.81161170,https://datacenter-web.eastmoney.com/api/data/v1/get,2026-08-03T09:11:06+00:00
2012-08-08,443.82355250,https://datacenter-web.eastmoney.com/api/data/v1/get,2026-08-03T09:11:06+00:00
2012-08-09,446.55608409,https://datacenter-web.eastmoney.com/api/data/v1/get,2026-08-03T09:11:06+00:00
2012-08-10,444.48470277,https://datacenter-web.eastmoney.com/api/data/v1/get,2026-08-03T09:11:06+00:00
2012-08-13,448.05453973,https://datacenter-web.eastmoney.com/api/data/v1/get,2026-08-03T09:11:06+00:00
2012-08-14,450.90974216,https://datacenter-web.eastmoney.com/api/data/v1/get,2026-08-03T09:11:06+00:00
2012-08-15,453.70226843,https://datacenter-web.eastmoney.com/api/data/v1/get,2026-08-03T09:11:06+00:00
2012-08-16,455.07584487,https://datacenter-web.eastmoney.com/api/data/v1/get,2026-08-03T09:11:06+00:00
2012-08-17,455.27705227,https://datacenter-web.eastmoney.com/api/data/v1/get,2026-08-03T09:11:06+00:00
2012-08-20,456.88473487,https://datacenter-web.eastmoney.com/api/data/v1/get,2026-08-03T09:11:06+00:00
2012-08-21,458.66054150,https://datacenter-web.eastmoney.com/api/data/v1/get,2026-08-03T09:11:06+00:00
2012-08-22,460.48682213,https://datacenter-web.eastmoney.com/api/data/v1/get,2026-08-03T09:11:06+00:00
2012-08-23,461.97832033,https://datacenter-web.eastmoney.com/api/data/v1/get,2026-08-03T09:11:06+00:00
2012-08-24,459.79785983,https://datacenter-web.eastmoney.com/api/data/v1/get,2026-08-03T09:11:06+00:00
2012-08-27,457.33961176,https://datacenter-web.eastmoney.com/api/data/v1/get,2026-08-03T09:11:06+00:00
2012-08-28,458.22985926,https://datacenter-web.eastmoney.com/api/data/v1/get,2026-08-03T09:11:06+00:00
2012-08-29,457.64570771,https://datacenter-web.eastmoney.com/api/data/v1/get,2026-08-03T09:11:06+00:00
2012-08-30,456.65093836,https://datacenter-web.eastmoney.com/api/data/v1/get,2026-08-03T09:11:06+00:00
2012-08-31,456.71816226,https://datacenter-web.eastmoney.com/api/data/v1/get,2026-08-03T09:11:06+00:00
2012-09-03,459.54941545,https://datacenter-web.eastmoney.com/api/data/v1/get,2026-08-03T09:11:06+00:00
2012-09-04,461.65761015,https://datacenter-web.eastmoney.com/api/data/v1/get,2026-08-03T09:11:06+00:00
2012-09-05,464.34490498,https://datacenter-web.eastmoney.com/api/data/v1/get,2026-08-03T09:11:06+00:00
2012-09-06,467.34326953,https://datacenter-web.eastmoney.com/api/data/v1/get,2026-08-03T09:11:06+00:00
2012-09-07,465.51429029,https://datacenter-web.eastmoney.com/api/data/v1/get,2026-08-03T09:11:06+00:00
2012-09-10,471.26249677,https://datacenter-web.eastmoney.com/api/data/v1/get,2026-08-03T09:11:06+00:00
2012-09-11,478.97803829,https://datacenter-web.eastmoney.com/api/data/v1/get,2026-08-03T09:11:06+00:00
2012-09-12,484.62868314,https://datacenter-web.eastmoney.com/api/data/v1/get,2026-08-03T09:11:06+00:00
2012-09-13,487.98184410,https://datacenter-web.eastmoney.com/api/data/v1/get,2026-08-03T09:11:06+00:00
2012-09-14,486.70194775,https://datacenter-web.eastmoney.com/api/data/v1/get,2026-08-03T09:11:06+00:00
2012-09-17,490.40117321,https://datacenter-web.eastmoney.com/api/data/v1/get,2026-08-03T09:11:06+00:00
2012-09-18,492.56955701,https://datacenter-web.eastmoney.com/api/data/v1/get,2026-08-03T09:11:06+00:00
2012-09-19,495.33570717,https://datacenter-web.eastmoney.com/api/data/v1/get,2026-08-03T09:11:06+00:00
2012-09-20,497.93080866,https://datacenter-web.eastmoney.com/api/data/v1/get,2026-08-03T09:11:06+00:00
2012-09-21,497.51841324,https://datacenter-web.eastmoney.com/api/data/v1/get,2026-08-03T09:11:06+00:00
2012-09-24,499.22439548,https://datacenter-web.eastmoney.com/api/data/v1/get,2026-08-03T09:11:06+00:00
2012-09-25,496.68053926,https://datacenter-web.eastmoney.com/api/data/v1/get,2026-08-03T09:11:06+00:00
2012-09-26,495.60420336,https://datacenter-web.eastmoney.com/api/data/v1/get,2026-08-03T09:11:06+00:00
2012-09-27,489.07506409,https://datacenter-web.eastmoney.com/api/data/v1/get,2026-08-03T09:11:06+00:00
2012-09-28,475.92602099,https://datacenter-web.eastmoney.com/api/data/v1/get,2026-08-03T09:11:06+00:00
2012-10-08,482.64741771,https://datacenter-web.eastmoney.com/api/data/v1/get,2026-08-03T09:11:06+00:00
2012-10-09,483.96852337,https://datacenter-web.eastmoney.com/api/data/v1/get,2026-08-03T09:11:06+00:00
2012-10-10,489.19543554,https://datacenter-web.eastmoney.com/api/data/v1/get,2026-08-03T09:11:06+00:00
2012-10-11,494.40483610,https://datacenter-web.eastmoney.com/api/data/v1/get,2026-08-03T09:11:06+00:00
2012-10-12,494.48638952,https://datacenter-web.eastmoney.com/api/data/v1/get,2026-08-03T09:11:06+00:00
2012-10-15,496.63180778,https://datacenter-web.eastmoney.com/api/data/v1/get,2026-08-03T09:11:06+00:00
2012-10-16,497.63747191,https://datacenter-web.eastmoney.com/api/data/v1/get,2026-08-03T09:11:06+00:00
2012-10-17,500.73315146,https://datacenter-web.eastmoney.com/api/data/v1/get,2026-08-03T09:11:06+00:00
2012-10-18,498.98366599,https://datacenter-web.eastmoney.com/api/data/v1/get,2026-08-03T09:11:06+00:00
2012-10-19,496.90327417,https://datacenter-web.eastmoney.com/api/data/v1/get,2026-08-03T09:11:06+00:00
2012-10-22,498.78708176,https://datacenter-web.eastmoney.com/api/data/v1/get,2026-08-03T09:11:06+00:00
2012-10-23,502.68571335,https://datacenter-web.eastmoney.com/api/data/v1/get,2026-08-03T09:11:06+00:00
2012-10-24,505.53991724,https://datacenter-web.eastmoney.com/api/data/v1/get,2026-08-03T09:11:06+00:00
2012-10-25,509.25458666,https://datacenter-web.eastmoney.com/api/data/v1/get,2026-08-03T09:11:06+00:00
2012-10-26,513.10726506,https://datacenter-web.eastmoney.com/api/data/v1/get,2026-08-03T09:11:06+00:00
2012-10-29,516.89038799,https://datacenter-web.eastmoney.com/api/data/v1/get,2026-08-03T09:11:06+00:00
2012-10-30,515.01871483,https://datacenter-web.eastmoney.com/api/data/v1/get,2026-08-03T09:11:06+00:00
2012-10-31,515.59113178,https://datacenter-web.eastmoney.com/api/data/v1/get,2026-08-03T09:11:06+00:00
2012-11-01,512.37157202,https://datacenter-web.eastmoney.com/api/data/v1/get,2026-08-03T09:11:06+00:00
2012-11-02,511.30702397,https://datacenter-web.eastmoney.com/api/data/v1/get,2026-08-03T09:11:06+00:00
2012-11-05,513.62279911,https://datacenter-web.eastmoney.com/api/data/v1/get,2026-08-03T09:11:06+00:00
2012-11-06,516.83392819,https://datacenter-web.eastmoney.com/api/data/v1/get,2026-08-03T09:11:06+00:00
2012-11-07,518.42199361,https://datacenter-web.eastmoney.com/api/data/v1/get,2026-08-03T09:11:06+00:00
2012-11-08,517.02911891,https://datacenter-web.eastmoney.com/api/data/v1/get,2026-08-03T09:11:06+00:00
2012-11-09,514.96481543,https://datacenter-web.eastmoney.com/api/data/v1/get,2026-08-03T09:11:06+00:00
2012-11-12,515.37026715,https://datacenter-web.eastmoney.com/api/data/v1/get,2026-08-03T09:11:06+00:00
2012-11-13,516.21569073,https://datacenter-web.eastmoney.com/api/data/v1/get,2026-08-03T09:11:06+00:00
2012-11-14,517.42932659,https://datacenter-web.eastmoney.com/api/data/v1/get,2026-08-03T09:11:06+00:00
2012-11-15,518.34437830,https://datacenter-web.eastmoney.com/api/data/v1/get,2026-08-03T09:11:06+00:00
2012-11-16,518.42436713,https://datacenter-web.eastmoney.com/api/data/v1/get,2026-08-03T09:11:06+00:00
2012-11-19,521.36377757,https://datacenter-web.eastmoney.com/api/data/v1/get,2026-08-03T09:11:06+00:00
2012-11-20,522.32906651,https://datacenter-web.eastmoney.com/api/data/v1/get,2026-08-03T09:11:06+00:00
2012-11-21,523.38359165,https://datacenter-web.eastmoney.com/api/data/v1/get,2026-08-03T09:11:06+00:00
2012-11-22,523.26315202,https://datacenter-web.eastmoney.com/api/data/v1/get,2026-08-03T09:11:06+00:00
2012-11-23,521.63842479,https://datacenter-web.eastmoney.com/api/data/v1/get,2026-08-03T09:11:06+00:00
2012-11-26,522.24867623,https://datacenter-web.eastmoney.com/api/data/v1/get,2026-08-03T09:11:06+00:00
2012-11-27,520.59352556,https://datacenter-web.eastmoney.com/api/data/v1/get,2026-08-03T09:11:06+00:00
2012-11-28,518.39015969,https://datacenter-web.eastmoney.com/api/data/v1/get,2026-08-03T09:11:06+00:00
2012-11-29,515.90830813,https://datacenter-web.eastmoney.com/api/data/v1/get,2026-08-03T09:11:06+00:00
2012-11-30,513.80781508,https://datacenter-web.eastmoney.com/api/data/v1/get,2026-08-03T09:11:06+00:00
2012-12-03,509.79389957,https://datacenter-web.eastmoney.com/api/data/v1/get,2026-08-03T09:11:06+00:00
2012-12-04,507.19310027,https://datacenter-web.eastmoney.com/api/data/v1/get,2026-08-03T09:11:06+00:00
2012-12-05,508.24143024,https://datacenter-web.eastmoney.com/api/data/v1/get,2026-08-03T09:11:06+00:00
2012-12-06,512.39355809,https://datacenter-web.eastmoney.com/api/data/v1/get,2026-08-03T09:11:06+00:00
2012-12-07,511.53092419,https://datacenter-web.eastmoney.com/api/data/v1/get,2026-08-03T09:11:06+00:00
2012-12-10,513.06934372,https://datacenter-web.eastmoney.com/api/data/v1/get,2026-08-03T09:11:06+00:00
2012-12-11,518.68905998,https://datacenter-web.eastmoney.com/api/data/v1/get,2026-08-03T09:11:06+00:00
2012-12-12,523.77520737,https://datacenter-web.eastmoney.com/api/data/v1/get,2026-08-03T09:11:06+00:00
2012-12-13,526.69288553,https://datacenter-web.eastmoney.com/api/data/v1/get,2026-08-03T09:11:06+00:00
2012-12-14,527.91881649,https://datacenter-web.eastmoney.com/api/data/v1/get,2026-08-03T09:11:06+00:00
2012-12-17,535.71995017,https://datacenter-web.eastmoney.com/api/data/v1/get,2026-08-03T09:11:06+00:00
2012-12-18,544.08074635,https://datacenter-web.eastmoney.com/api/data/v1/get,2026-08-03T09:11:06+00:00
2012-12-19,549.31071842,https://datacenter-web.eastmoney.com/api/data/v1/get,2026-08-03T09:11:06+00:00
2012-12-20,556.89600270,https://datacenter-web.eastmoney.com/api/data/v1/get,2026-08-03T09:11:06+00:00
2012-12-21,564.47787112,https://datacenter-web.eastmoney.com/api/data/v1/get,2026-08-03T09:11:06+00:00
2012-12-24,571.28889679,https://datacenter-web.eastmoney.com/api/data/v1/get,2026-08-03T09:11:06+00:00
2012-12-25,575.44359600,https://datacenter-web.eastmoney.com/api/data/v1/get,2026-08-03T09:11:06+00:00
2012-12-26,583.54981334,https://datacenter-web.eastmoney.com/api/data/v1/get,2026-08-03T09:11:06+00:00
2012-12-27,591.52544022,https://datacenter-web.eastmoney.com/api/data/v1/get,2026-08-03T09:11:06+00:00
2012-12-28,592.94670143,https://datacenter-web.eastmoney.com/api/data/v1/get,2026-08-03T09:11:06+00:00
2012-12-31,590.14161465,https://datacenter-web.eastmoney.com/api/data/v1/get,2026-08-03T09:11:06+00:00
2013-01-04,607.85480318,https://datacenter-web.eastmoney.com/api/data/v1/get,2026-08-03T09:11:06+00:00
2013-01-07,622.35629990,https://datacenter-web.eastmoney.com/api/data/v1/get,2026-08-03T09:11:06+00:00
2013-01-08,633.04834290,https://datacenter-web.eastmoney.com/api/data/v1/get,2026-08-03T09:11:06+00:00
2013-01-09,641.95114532,https://datacenter-web.eastmoney.com/api/data/v1/get,2026-08-03T09:11:06+00:00
2013-01-10,652.88113087,https://datacenter-web.eastmoney.com/api/data/v1/get,2026-08-03T09:11:06+00:00
2013-01-11,657.61864960,https://datacenter-web.eastmoney.com/api/data/v1/get,2026-08-03T09:11:06+00:00
2013-01-14,669.93937995,https://datacenter-web.eastmoney.com/api/data/v1/get,2026-08-03T09:11:06+00:00
2013-01-15,680.86057649,https://datacenter-web.eastmoney.com/api/data/v1/get,2026-08-03T09:11:06+00:00
2013-01-16,692.57047349,https://datacenter-web.eastmoney.com/api/data/v1/get,2026-08-03T09:11:06+00:00
2013-01-17,705.77250953,https://datacenter-web.eastmoney.com/api/data/v1/get,2026-08-03T09:11:06+00:00
2013-01-18,703.67079826,https://datacenter-web.eastmoney.com/api/data/v1/get,2026-08-03T09:11:06+00:00
2013-01-21,718.76409211,https://datacenter-web.eastmoney.com/api/data/v1/get,2026-08-03T09:11:06+00:00
2013-01-22,733.00956177,https://datacenter-web.eastmoney.com/api/data/v1/get,2026-08-03T09:11:06+00:00
2013-01-23,743.67360145,https://datacenter-web.eastmoney.com/api/data/v1/get,2026-08-03T09:11:06+00:00
2013-01-24,748.26755422,https://datacenter-web.eastmoney.com/api/data/v1/get,2026-08-03T09:11:06+00:00
2013-01-25,746.56422784,https://datacenter-web.eastmoney.com/api/data/v1/get,2026-08-03T09:11:06+00:00
2013-01-28,758.24006707,https://datacenter-web.eastmoney.com/api/data/v1/get,2026-08-03T09:11:06+00:00
2013-01-29,773.70649389,https://datacenter-web.eastmoney.com/api/data/v1/get,2026-08-03T09:11:06+00:00
2013-01-30,791.09519537,https://datacenter-web.eastmoney.com/api/data/v1/get,2026-08-03T09:11:06+00:00
2013-01-31,800.12584798,https://datacenter-web.eastmoney.com/api/data/v1/get,2026-08-03T09:11:06+00:00
2013-02-01,799.74275475,https://datacenter-web.eastmoney.com/api/data/v1/get,2026-08-03T09:11:06+00:00
2013-02-04,823.05911782,https://datacenter-web.eastmoney.com/api/data/v1/get,2026-08-03T09:11:06+00:00
2013-02-05,838.42570892,https://datacenter-web.eastmoney.com/api/data/v1/get,2026-08-03T09:11:06+00:00
2013-02-06,852.66773477,https://datacenter-web.eastmoney.com/api/data/v1/get,2026-08-03T09:11:06+00:00
2013-02-07,866.63004886,https://datacenter-web.eastmoney.com/api/data/v1/get,2026-08-03T09:11:06+00:00
2013-02-08,849.32368202,https://datacenter-web.eastmoney.com/api/data/v1/get,2026-08-03T09:11:06+00:00
2013-02-18,879.26525532,https://datacenter-web.eastmoney.com/api/data/v1/get,2026-08-03T09:11:06+00:00
2013-02-19,898.76334442,https://datacenter-web.eastmoney.com/api/data/v1/get,2026-08-03T09:11:06+00:00
2013-02-20,903.33744696,https://datacenter-web.eastmoney.com/api/data/v1/get,2026-08-03T09:11:06+00:00
2013-02-21,914.68231688,https://datacenter-web.eastmoney.com/api/data/v1/get,2026-08-03T09:11:06+00:00
2013-02-22,915.92282645,https://datacenter-web.eastmoney.com/api/data/v1/get,2026-08-03T09:11:06+00:00
2013-02-25,924.21928218,https://datacenter-web.eastmoney.com/api/data/v1/get,2026-08-03T09:11:06+00:00
2013-02-26,940.33826662,https://datacenter-web.eastmoney.com/api/data/v1/get,2026-08-03T09:11:06+00:00
2013-02-27,947.62628748,https://datacenter-web.eastmoney.com/api/data/v1/get,2026-08-03T09:11:06+00:00
2013-02-28,948.14148222,https://datacenter-web.eastmoney.com/api/data/v1/get,2026-08-03T09:11:06+00:00
2013-03-01,956.06134303,https://datacenter-web.eastmoney.com/api/data/v1/get,2026-08-03T09:11:06+00:00
2013-03-04,974.26076304,https://datacenter-web.eastmoney.com/api/data/v1/get,2026-08-03T09:11:06+00:00
2013-03-05,985.34885455,https://datacenter-web.eastmoney.com/api/data/v1/get,2026-08-03T09:11:06+00:00
2013-03-06,999.45597555,https://datacenter-web.eastmoney.com/api/data/v1/get,2026-08-03T09:11:06+00:00
2013-03-07,1014.88438654,https://datacenter-web.eastmoney.com/api/data/v1/get,2026-08-03T09:11:06+00:00
2013-03-08,1019.01925034,https://datacenter-web.eastmoney.com/api/data/v1/get,2026-08-03T09:11:06+00:00
2013-03-11,1028.21772759,https://datacenter-web.eastmoney.com/api/data/v1/get,2026-08-03T09:11:06+00:00
2013-03-12,1027.11768682,https://datacenter-web.eastmoney.com/api/data/v1/get,2026-08-03T09:11:06+00:00
2013-03-13,1041.08557626,https://datacenter-web.eastmoney.com/api/data/v1/get,2026-08-03T09:11:06+00:00
2013-03-14,1048.74569425,https://datacenter-web.eastmoney.com/api/data/v1/get,2026-08-03T09:11:06+00:00
2013-03-15,1056.26987105,https://datacenter-web.eastmoney.com/api/data/v1/get,2026-08-03T09:11:06+00:00
2013-03-18,1062.38513278,https://datacenter-web.eastmoney.com/api/data/v1/get,2026-08-03T09:11:06+00:00
2013-03-19,1067.55434421,https://datacenter-web.eastmoney.com/api/data/v1/get,2026-08-03T09:11:06+00:00
2013-03-20,1071.96193138,https://datacenter-web.eastmoney.com/api/data/v1/get,2026-08-03T09:11:06+00:00
2013-03-21,1080.19003348,https://datacenter-web.eastmoney.com/api/data/v1/get,2026-08-03T09:11:06+00:00
2013-03-22,1085.91092977,https://datacenter-web.eastmoney.com/api/data/v1/get,2026-08-03T09:11:06+00:00
2013-03-25,1098.77567428,https://datacenter-web.eastmoney.com/api/data/v1/get,2026-08-03T09:11:06+00:00
2013-03-26,1110.35476296,https://datacenter-web.eastmoney.com/api/data/v1/get,2026-08-03T09:11:06+00:00
2013-03-27,1121.37310840,https://datacenter-web.eastmoney.com/api/data/v1/get,2026-08-03T09:11:06+00:00
2013-03-28,1131.87084739,https://datacenter-web.eastmoney.com/api/data/v1/get,2026-08-03T09:11:06+00:00
2013-03-29,1128.88053998,https://datacenter-web.eastmoney.com/api/data/v1/get,2026-08-03T09:11:06+00:00
2013-04-01,1136.35641259,https://datacenter-web.eastmoney.com/api/data/v1/get,2026-08-03T09:11:06+00:00
2013-04-02,1141.24843819,https://datacenter-web.eastmoney.com/api/data/v1/get,2026-08-03T09:11:06+00:00
2013-04-03,1139.47874189,https://datacenter-web.eastmoney.com/api/data/v1/get,2026-08-03T09:11:06+00:00
2013-04-08,1150.54289211,https://datacenter-web.eastmoney.com/api/data/v1/get,2026-08-03T09:11:06+00:00
2013-04-09,1156.26276701,https://datacenter-web.eastmoney.com/api/data/v1/get,2026-08-03T09:11:06+00:00
2013-04-10,1157.76352843,https://datacenter-web.eastmoney.com/api/data/v1/get,2026-08-03T09:11:06+00:00
2013-04-11,1161.03113411,https://datacenter-web.eastmoney.com/api/data/v1/get,2026-08-03T09:11:06+00:00
2013-04-12,1159.50047834,https://datacenter-web.eastmoney.com/api/data/v1/get,2026-08-03T09:11:06+00:00
2013-04-15,1160.37778763,https://datacenter-web.eastmoney.com/api/data/v1/get,2026-08-03T09:11:06+00:00
2013-04-16,1162.63244718,https://datacenter-web.eastmoney.com/api/data/v1/get,2026-08-03T09:11:06+00:00
2013-04-17,1171.44800742,https://datacenter-web.eastmoney.com/api/data/v1/get,2026-08-03T09:11:06+00:00
2013-04-18,1176.71674605,https://datacenter-web.eastmoney.com/api/data/v1/get,2026-08-03T09:11:06+00:00
2013-04-19,1176.98737075,https://datacenter-web.eastmoney.com/api/data/v1/get,2026-08-03T09:11:06+00:00
2013-04-22,1193.91719252,https://datacenter-web.eastmoney.com/api/data/v1/get,2026-08-03T09:11:06+00:00
2013-04-23,1207.68319189,https://datacenter-web.eastmoney.com/api/data/v1/get,2026-08-03T09:11:06+00:00
2013-04-24,1215.52670270,https://datacenter-web.eastmoney.com/api/data/v1/get,2026-08-03T09:11:06+00:00
2013-04-25,1220.09589488,https://datacenter-web.eastmoney.com/api/data/v1/get,2026-08-03T09:11:06+00:00
2013-04-26,1211.66321228,https://datacenter-web.eastmoney.com/api/data/v1/get,2026-08-03T09:11:06+00:00
2013-05-02,1221.97863473,https://datacenter-web.eastmoney.com/api/data/v1/get,2026-08-03T09:11:06+00:00
2013-05-03,1218.87004198,https://datacenter-web.eastmoney.com/api/data/v1/get,2026-08-03T09:11:06+00:00
2013-05-06,1233.61128607,https://datacenter-web.eastmoney.com/api/data/v1/get,2026-08-03T09:11:06+00:00
2013-05-07,1242.70338683,https://datacenter-web.eastmoney.com/api/data/v1/get,2026-08-03T09:11:06+00:00
2013-05-08,1248.88103709,https://datacenter-web.eastmoney.com/api/data/v1/get,2026-08-03T09:11:06+00:00
2013-05-09,1264.19196551,https://datacenter-web.eastmoney.com/api/data/v1/get,2026-08-03T09:11:06+00:00
2013-05-10,1267.40444825,https://datacenter-web.eastmoney.com/api/data/v1/get,2026-08-03T09:11:06+00:00
2013-05-13,1281.64330004,https://datacenter-web.eastmoney.com/api/data/v1/get,2026-08-03T09:11:06+00:00
2013-05-14,1295.17780377,https://datacenter-web.eastmoney.com/api/data/v1/get,2026-08-03T09:11:06+00:00
2013-05-15,1303.23971618,https://datacenter-web.eastmoney.com/api/data/v1/get,2026-08-03T09:11:06+00:00
2013-05-16,1316.22975578,https://datacenter-web.eastmoney.com/api/data/v1/get,2026-08-03T09:11:06+00:00
2013-05-17,1314.17103569,https://datacenter-web.eastmoney.com/api/data/v1/get,2026-08-03T09:11:06+00:00
2013-05-20,1330.91760357,https://datacenter-web.eastmoney.com/api/data/v1/get,2026-08-03T09:11:06+00:00
2013-05-21,1348.17899289,https://datacenter-web.eastmoney.com/api/data/v1/get,2026-08-03T09:11:06+00:00
2013-05-22,1361.39858373,https://datacenter-web.eastmoney.com/api/data/v1/get,2026-08-03T09:11:06+00:00
2013-05-23,1383.16858947,https://datacenter-web.eastmoney.com/api/data/v1/get,2026-08-03T09:11:06+00:00
2013-05-24,1389.84769078,https://datacenter-web.eastmoney.com/api/data/v1/get,2026-08-03T09:11:06+00:00
2013-05-27,1408.20346371,https://datacenter-web.eastmoney.com/api/data/v1/get,2026-08-03T09:11:06+00:00
2013-05-28,1417.77400469,https://datacenter-web.eastmoney.com/api/data/v1/get,2026-08-03T09:11:06+00:00
2013-05-29,1431.49532749,https://datacenter-web.eastmoney.com/api/data/v1/get,2026-08-03T09:11:06+00:00
2013-05-30,1446.88843185,https://datacenter-web.eastmoney.com/api/data/v1/get,2026-08-03T09:11:06+00:00
2013-05-31,1452.52249948,https://datacenter-web.eastmoney.com/api/data/v1/get,2026-08-03T09:11:06+00:00
2013-06-03,1471.20806309,https://datacenter-web.eastmoney.com/api/data/v1/get,2026-08-03T09:11:06+00:00
2013-06-04,1484.42795180,https://datacenter-web.eastmoney.com/api/data/v1/get,2026-08-03T09:11:06+00:00
2013-06-05,1489.65564717,https://datacenter-web.eastmoney.com/api/data/v1/get,2026-08-03T09:11:06+00:00
2013-06-06,1491.51822571,https://datacenter-web.eastmoney.com/api/data/v1/get,2026-08-03T09:11:06+00:00
2013-06-07,1481.08787978,https://datacenter-web.eastmoney.com/api/data/v1/get,2026-08-03T09:11:06+00:00
2013-06-13,1490.05277420,https://datacenter-web.eastmoney.com/api/data/v1/get,2026-08-03T09:11:06+00:00
2013-06-14,1488.36812594,https://datacenter-web.eastmoney.com/api/data/v1/get,2026-08-03T09:11:06+00:00
2013-06-17,1504.22821027,https://datacenter-web.eastmoney.com/api/data/v1/get,2026-08-03T09:11:06+00:00
2013-06-18,1512.12539265,https://datacenter-web.eastmoney.com/api/data/v1/get,2026-08-03T09:11:06+00:00
2013-06-19,1521.69383198,https://datacenter-web.eastmoney.com/api/data/v1/get,2026-08-03T09:11:06+00:00
2013-06-20,1528.80634081,https://datacenter-web.eastmoney.com/api/data/v1/get,2026-08-03T09:11:06+00:00
2013-06-21,1526.15187662,https://datacenter-web.eastmoney.com/api/data/v1/get,2026-08-03T09:11:06+00:00
2013-06-24,1508.97063226,https://datacenter-web.eastmoney.com/api/data/v1/get,2026-08-03T09:11:06+00:00
2013-06-25,1479.19911357,https://datacenter-web.eastmoney.com/api/data/v1/get,2026-08-03T09:11:06+00:00
2013-06-26,1480.60353548,https://datacenter-web.eastmoney.com/api/data/v1/get,2026-08-03T09:11:06+00:00
2013-06-27,1468.17016731,https://datacenter-web.eastmoney.com/api/data/v1/get,2026-08-03T09:11:06+00:00
2013-06-28,1456.46592122,https://datacenter-web.eastmoney.com/api/data/v1/get,2026-08-03T09:11:06+00:00
2013-07-01,1454.70354637,https://datacenter-web.eastmoney.com/api/data/v1/get,2026-08-03T09:11:06+00:00
2013-07-02,1457.93434860,https://datacenter-web.eastmoney.com/api/data/v1/get,2026-08-03T09:11:06+00:00
2013-07-03,1463.31396911,https://datacenter-web.eastmoney.com/api/data/v1/get,2026-08-03T09:11:06+00:00
2013-07-04,1464.31475969,https://datacenter-web.eastmoney.com/api/data/v1/get,2026-08-03T09:11:06+00:00
2013-07-05,1461.13979021,https://datacenter-web.eastmoney.com/api/data/v1/get,2026-08-03T09:11:06+00:00
2013-07-08,1454.61882454,https://datacenter-web.eastmoney.com/api/data/v1/get,2026-08-03T09:11:06+00:00
2013-07-09,1452.23927180,https://datacenter-web.eastmoney.com/api/data/v1/get,2026-08-03T09:11:06+00:00
2013-07-10,1454.68426190,https://datacenter-web.eastmoney.com/api/data/v1/get,2026-08-03T09:11:06+00:00
2013-07-11,1449.93447524,https://datacenter-web.eastmoney.com/api/data/v1/get,2026-08-03T09:11:06+00:00
2013-07-12,1457.32591370,https://datacenter-web.eastmoney.com/api/data/v1/get,2026-08-03T09:11:06+00:00
2013-07-15,1464.80487307,https://datacenter-web.eastmoney.com/api/data/v1/get,2026-08-03T09:11:06+00:00
2013-07-16,1476.90127651,https://datacenter-web.eastmoney.com/api/data/v1/get,2026-08-03T09:11:06+00:00
2013-07-17,1478.09024524,https://datacenter-web.eastmoney.com/api/data/v1/get,2026-08-03T09:11:06+00:00
2013-07-18,1487.20424372,https://datacenter-web.eastmoney.com/api/data/v1/get,2026-08-03T09:11:06+00:00
2013-07-19,1478.76128209,https://datacenter-web.eastmoney.com/api/data/v1/get,2026-08-03T09:11:06+00:00
2013-07-22,1483.24934682,https://datacenter-web.eastmoney.com/api/data/v1/get,2026-08-03T09:11:06+00:00
2013-07-23,1488.58609892,https://datacenter-web.eastmoney.com/api/data/v1/get,2026-08-03T09:11:06+00:00
2013-07-24,1492.79195818,https://datacenter-web.eastmoney.com/api/data/v1/get,2026-08-03T09:11:06+00:00
2013-07-25,1492.32789418,https://datacenter-web.eastmoney.com/api/data/v1/get,2026-08-03T09:11:06+00:00
2013-07-26,1488.75607683,https://datacenter-web.eastmoney.com/api/data/v1/get,2026-08-03T09:11:06+00:00
2013-07-29,1491.88477758,https://datacenter-web.eastmoney.com/api/data/v1/get,2026-08-03T09:11:06+00:00
2013-07-30,1492.07743996,https://datacenter-web.eastmoney.com/api/data/v1/get,2026-08-03T09:11:06+00:00
2013-07-31,1494.20127021,https://datacenter-web.eastmoney.com/api/data/v1/get,2026-08-03T09:11:06+00:00
2013-08-01,1495.55722683,https://datacenter-web.eastmoney.com/api/data/v1/get,2026-08-03T09:11:06+00:00
2013-08-02,1489.69271079,https://datacenter-web.eastmoney.com/api/data/v1/get,2026-08-03T09:11:06+00:00
2013-08-05,1493.97053080,https://datacenter-web.eastmoney.com/api/data/v1/get,2026-08-03T09:11:06+00:00
2013-08-06,1496.57184867,https://datacenter-web.eastmoney.com/api/data/v1/get,2026-08-03T09:11:06+00:00
2013-08-07,1502.60238669,https://datacenter-web.eastmoney.com/api/data/v1/get,2026-08-03T09:11:06+00:00
2013-08-08,1514.21916796,https://datacenter-web.eastmoney.com/api/data/v1/get,2026-08-03T09:11:06+00:00
2013-08-09,1515.64666504,https://datacenter-web.eastmoney.com/api/data/v1/get,2026-08-03T09:11:06+00:00
2013-08-12,1515.56419573,https://datacenter-web.eastmoney.com/api/data/v1/get,2026-08-03T09:11:06+00:00
2013-08-13,1526.74633346,https://datacenter-web.eastmoney.com/api/data/v1/get,2026-08-03T09:11:06+00:00
2013-08-14,1528.11481913,https://datacenter-web.eastmoney.com/api/data/v1/get,2026-08-03T09:11:06+00:00
2013-08-15,1533.82068990,https://datacenter-web.eastmoney.com/api/data/v1/get,2026-08-03T09:11:06+00:00
2013-08-16,1545.15208872,https://datacenter-web.eastmoney.com/api/data/v1/get,2026-08-03T09:11:06+00:00
2013-08-19,1548.28299983,https://datacenter-web.eastmoney.com/api/data/v1/get,2026-08-03T09:11:06+00:00
2013-08-20,1556.61493166,https://datacenter-web.eastmoney.com/api/data/v1/get,2026-08-03T09:11:06+00:00
2013-08-21,1568.34706420,https://datacenter-web.eastmoney.com/api/data/v1/get,2026-08-03T09:11:06+00:00
2013-08-22,1571.87498032,https://datacenter-web.eastmoney.com/api/data/v1/get,2026-08-03T09:11:06+00:00
2013-08-23,1572.06691091,https://datacenter-web.eastmoney.com/api/data/v1/get,2026-08-03T09:11:06+00:00
2013-08-26,1581.42844823,https://datacenter-web.eastmoney.com/api/data/v1/get,2026-08-03T09:11:06+00:00
2013-08-27,1598.97225927,https://datacenter-web.eastmoney.com/api/data/v1/get,2026-08-03T09:11:06+00:00
2013-08-28,1620.36114549,https://datacenter-web.eastmoney.com/api/data/v1/get,2026-08-03T09:11:06+00:00
2013-08-29,1636.46162418,https://datacenter-web.eastmoney.com/api/data/v1/get,2026-08-03T09:11:06+00:00
2013-08-30,1627.31361276,https://datacenter-web.eastmoney.com/api/data/v1/get,2026-08-03T09:11:06+00:00
2013-09-02,1642.03170766,https://datacenter-web.eastmoney.com/api/data/v1/get,2026-08-03T09:11:06+00:00
2013-09-03,1638.36243571,https://datacenter-web.eastmoney.com/api/data/v1/get,2026-08-03T09:11:06+00:00
2013-09-04,1647.44972424,https://datacenter-web.eastmoney.com/api/data/v1/get,2026-08-03T09:11:06+00:00
2013-09-05,1659.79329356,https://datacenter-web.eastmoney.com/api/data/v1/get,2026-08-03T09:11:06+00:00
2013-09-06,1668.41574757,https://datacenter-web.eastmoney.com/api/data/v1/get,2026-08-03T09:11:06+00:00
2013-09-09,1702.63953063,https://datacenter-web.eastmoney.com/api/data/v1/get,2026-08-03T09:11:06+00:00
2013-09-10,1737.42910141,https://datacenter-web.eastmoney.com/api/data/v1/get,2026-08-03T09:11:06+00:00
2013-09-11,1752.18296628,https://datacenter-web.eastmoney.com/api/data/v1/get,2026-08-03T09:11:06+00:00
2013-09-12,1787.04168813,https://datacenter-web.eastmoney.com/api/data/v1/get,2026-08-03T09:11:06+00:00
2013-09-13,1800.47463400,https://datacenter-web.eastmoney.com/api/data/v1/get,2026-08-03T09:11:06+00:00
2013-09-16,1827.12428747,https://datacenter-web.eastmoney.com/api/data/v1/get,2026-08-03T09:11:06+00:00
2013-09-17,1844.32606809,https://datacenter-web.eastmoney.com/api/data/v1/get,2026-08-03T09:11:06+00:00
2013-09-18,1835.64952864,https://datacenter-web.eastmoney.com/api/data/v1/get,2026-08-03T09:11:06+00:00
2013-09-23,1861.39026272,https://datacenter-web.eastmoney.com/api/data/v1/get,2026-08-03T09:11:06+00:00
2013-09-24,1878.32693086,https://datacenter-web.eastmoney.com/api/data/v1/get,2026-08-03T09:11:06+00:00
2013-09-25,1887.80192009,https://datacenter-web.eastmoney.com/api/data/v1/get,2026-08-03T09:11:06+00:00
2013-09-26,1896.96837512,https://datacenter-web.eastmoney.com/api/data/v1/get,2026-08-03T09:11:06+00:00
2013-09-27,1894.44140376,https://datacenter-web.eastmoney.com/api/data/v1/get,2026-08-03T09:11:06+00:00
2013-09-30,1870.07772810,https://datacenter-web.eastmoney.com/api/data/v1/get,2026-08-03T09:11:06+00:00
2013-10-08,1906.20546052,https://datacenter-web.eastmoney.com/api/data/v1/get,2026-08-03T09:11:06+00:00
2013-10-09,1934.33461807,https://datacenter-web.eastmoney.com/api/data/v1/get,2026-08-03T09:11:06+00:00
2013-10-10,1959.62993170,https://datacenter-web.eastmoney.com/api/data/v1/get,2026-08-03T09:11:06+00:00
2013-10-11,1975.83295389,https://datacenter-web.eastmoney.com/api/data/v1/get,2026-08-03T09:11:06+00:00
2013-10-14,2001.89301778,https://datacenter-web.eastmoney.com/api/data/v1/get,2026-08-03T09:11:06+00:00
2013-10-15,2024.46094767,https://datacenter-web.eastmoney.com/api/data/v1/get,2026-08-03T09:11:06+00:00
2013-10-16,2024.59072287,https://datacenter-web.eastmoney.com/api/data/v1/get,2026-08-03T09:11:06+00:00
2013-10-17,2032.94640806,https://datacenter-web.eastmoney.com/api/data/v1/get,2026-08-03T09:11:06+00:00
2013-10-18,2026.32187972,https://datacenter-web.eastmoney.com/api/data/v1/get,2026-08-03T09:11:06+00:00
2013-10-21,2043.41953702,https://datacenter-web.eastmoney.com/api/data/v1/get,2026-08-03T09:11:06+00:00
2013-10-22,2056.00238723,https://datacenter-web.eastmoney.com/api/data/v1/get,2026-08-03T09:11:06+00:00
2013-10-23,2055.82514365,https://datacenter-web.eastmoney.com/api/data/v1/get,2026-08-03T09:11:06+00:00
2013-10-24,2062.58104969,https://datacenter-web.eastmoney.com/api/data/v1/get,2026-08-03T09:11:06+00:00
2013-10-25,2062.94779848,https://datacenter-web.eastmoney.com/api/data/v1/get,2026-08-03T09:11:06+00:00
2013-10-28,2070.60004715,https://datacenter-web.eastmoney.com/api/data/v1/get,2026-08-03T09:11:06+00:00
2013-10-29,2056.71288019,https://datacenter-web.eastmoney.com/api/data/v1/get,2026-08-03T09:11:06+00:00
2013-10-30,2059.60182509,https://datacenter-web.eastmoney.com/api/data/v1/get,2026-08-03T09:11:06+00:00
2013-10-31,2057.43564821,https://datacenter-web.eastmoney.com/api/data/v1/get,2026-08-03T09:11:06+00:00
2013-11-01,2043.92050866,https://datacenter-web.eastmoney.com/api/data/v1/get,2026-08-03T09:11:06+00:00
2013-11-04,2050.76226328,https://datacenter-web.eastmoney.com/api/data/v1/get,2026-08-03T09:11:06+00:00
2013-11-05,2054.72045476,https://datacenter-web.eastmoney.com/api/data/v1/get,2026-08-03T09:11:06+00:00
2013-11-06,2056.83423245,https://datacenter-web.eastmoney.com/api/data/v1/get,2026-08-03T09:11:06+00:00
2013-11-07,2057.64221280,https://datacenter-web.eastmoney.com/api/data/v1/get,2026-08-03T09:11:06+00:00
2013-11-08,2052.88449011,https://datacenter-web.eastmoney.com/api/data/v1/get,2026-08-03T09:11:06+00:00
2013-11-11,2050.42273510,https://datacenter-web.eastmoney.com/api/data/v1/get,2026-08-03T09:11:06+00:00
2013-11-12,2045.86680613,https://datacenter-web.eastmoney.com/api/data/v1/get,2026-08-03T09:11:06+00:00
2013-11-13,2037.14786414,https://datacenter-web.eastmoney.com/api/data/v1/get,2026-08-03T09:11:06+00:00
2013-11-14,2040.94642394,https://datacenter-web.eastmoney.com/api/data/v1/get,2026-08-03T09:11:06+00:00
2013-11-15,2046.13488552,https://datacenter-web.eastmoney.com/api/data/v1/get,2026-08-03T09:11:06+00:00
2013-11-18,2066.17132564,https://datacenter-web.eastmoney.com/api/data/v1/get,2026-08-03T09:11:06+00:00
2013-11-19,2080.19451901,https://datacenter-web.eastmoney.com/api/data/v1/get,2026-08-03T09:11:06+00:00
2013-11-20,2095.51620382,https://datacenter-web.eastmoney.com/api/data/v1/get,2026-08-03T09:11:06+00:00
2013-11-21,2100.72572200,https://datacenter-web.eastmoney.com/api/data/v1/get,2026-08-03T09:11:06+00:00
2013-11-22,2098.74858137,https://datacenter-web.eastmoney.com/api/data/v1/get,2026-08-03T09:11:06+00:00
2013-11-25,2105.13952379,https://datacenter-web.eastmoney.com/api/data/v1/get,2026-08-03T09:11:06+00:00
2013-11-26,2116.31484011,https://datacenter-web.eastmoney.com/api/data/v1/get,2026-08-03T09:11:06+00:00
2013-11-27,2128.98156243,https://datacenter-web.eastmoney.com/api/data/v1/get,2026-08-03T09:11:06+00:00
2013-11-28,2136.83293087,https://datacenter-web.eastmoney.com/api/data/v1/get,2026-08-03T09:11:06+00:00
2013-11-29,2143.38911415,https://datacenter-web.eastmoney.com/api/data/v1/get,2026-08-03T09:11:06+00:00
2013-12-02,2145.01095497,https://datacenter-web.eastmoney.com/api/data/v1/get,2026-08-03T09:11:06+00:00
2013-12-03,2154.34592177,https://datacenter-web.eastmoney.com/api/data/v1/get,2026-08-03T09:11:06+00:00
2013-12-04,2174.74470295,https://datacenter-web.eastmoney.com/api/data/v1/get,2026-08-03T09:11:06+00:00
2013-12-05,2189.92823965,https://datacenter-web.eastmoney.com/api/data/v1/get,2026-08-03T09:11:06+00:00
2013-12-06,2190.18926924,https://datacenter-web.eastmoney.com/api/data/v1/get,2026-08-03T09:11:06+00:00
2013-12-09,2198.70191278,https://datacenter-web.eastmoney.com/api/data/v1/get,2026-08-03T09:11:06+00:00
2013-12-10,2204.30882924,https://datacenter-web.eastmoney.com/api/data/v1/get,2026-08-03T09:11:06+00:00
2013-12-11,2212.51487178,https://datacenter-web.eastmoney.com/api/data/v1/get,2026-08-03T09:11:06+00:00
2013-12-12,2218.22316366,https://datacenter-web.eastmoney.com/api/data/v1/get,2026-08-03T09:11:06+00:00
2013-12-13,2221.60998519,https://datacenter-web.eastmoney.com/api/data/v1/get,2026-08-03T09:11:06+00:00
2013-12-16,2226.39526363,https://datacenter-web.eastmoney.com/api/data/v1/get,2026-08-03T09:11:06+00:00
2013-12-17,2231.19201208,https://datacenter-web.eastmoney.com/api/data/v1/get,2026-08-03T09:11:06+00:00
2013-12-18,2234.77645995,https://datacenter-web.eastmoney.com/api/data/v1/get,2026-08-03T09:11:06+00:00
2013-12-19,2239.38461000,https://datacenter-web.eastmoney.com/api/data/v1/get,2026-08-03T09:11:06+00:00
2013-12-20,2245.21974124,https://datacenter-web.eastmoney.com/api/data/v1/get,2026-08-03T09:11:06+00:00
2013-12-23,2246.30867846,https://datacenter-web.eastmoney.com/api/data/v1/get,2026-08-03T09:11:06+00:00
2013-12-24,2248.85880852,https://datacenter-web.eastmoney.com/api/data/v1/get,2026-08-03T09:11:06+00:00
2013-12-25,2256.48698731,https://datacenter-web.eastmoney.com/api/data/v1/get,2026-08-03T09:11:06+00:00
2013-12-26,2260.80169376,https://datacenter-web.eastmoney.com/api/data/v1/get,2026-08-03T09:11:06+00:00
2013-12-27,2262.25117946,https://datacenter-web.eastmoney.com/api/data/v1/get,2026-08-03T09:11:06+00:00
2013-12-30,2278.41453605,https://datacenter-web.eastmoney.com/api/data/v1/get,2026-08-03T09:11:06+00:00
2013-12-31,2279.78800560,https://datacenter-web.eastmoney.com/api/data/v1/get,2026-08-03T09:11:06+00:00
2014-01-02,2287.10320652,https://datacenter-web.eastmoney.com/api/data/v1/get,2026-08-03T09:11:06+00:00
2014-01-03,2285.95221625,https://datacenter-web.eastmoney.com/api/data/v1/get,2026-08-03T09:11:06+00:00
2014-01-06,2287.61343756,https://datacenter-web.eastmoney.com/api/data/v1/get,2026-08-03T09:11:06+00:00
2014-01-07,2286.38358705,https://datacenter-web.eastmoney.com/api/data/v1/get,2026-08-03T09:11:06+00:00
2014-01-08,2291.56113820,https://datacenter-web.eastmoney.com/api/data/v1/get,2026-08-03T09:11:06+00:00
2014-01-09,2300.20088540,https://datacenter-web.eastmoney.com/api/data/v1/get,2026-08-03T09:11:06+00:00
2014-01-10,2297.37294553,https://datacenter-web.eastmoney.com/api/data/v1/get,2026-08-03T09:11:06+00:00
2014-01-13,2294.99201270,https://datacenter-web.eastmoney.com/api/data/v1/get,2026-08-03T09:11:06+00:00
2014-01-14,2293.11743389,https://datacenter-web.eastmoney.com/api/data/v1/get,2026-08-03T09:11:06+00:00
2014-01-15,2298.11843792,https://datacenter-web.eastmoney.com/api/data/v1/get,2026-08-03T09:11:06+00:00
2014-01-16,2300.60965821,https://datacenter-web.eastmoney.com/api/data/v1/get,2026-08-03T09:11:06+00:00
2014-01-17,2304.12377549,https://datacenter-web.eastmoney.com/api/data/v1/get,2026-08-03T09:11:06+00:00
2014-01-20,2307.91913661,https://datacenter-web.eastmoney.com/api/data/v1/get,2026-08-03T09:11:06+00:00
2014-01-21,2307.77571850,https://datacenter-web.eastmoney.com/api/data/v1/get,2026-08-03T09:11:06+00:00
2014-01-22,2313.26049737,https://datacenter-web.eastmoney.com/api/data/v1/get,2026-08-03T09:11:06+00:00
2014-01-23,2319.45821615,https://datacenter-web.eastmoney.com/api/data/v1/get,2026-08-03T09:11:06+00:00
2014-01-24,2317.74564282,https://datacenter-web.eastmoney.com/api/data/v1/get,2026-08-03T09:11:06+00:00
2014-01-27,2324.66131188,https://datacenter-web.eastmoney.com/api/data/v1/get,2026-08-03T09:11:06+00:00
2014-01-28,2319.23649468,https://datacenter-web.eastmoney.com/api/data/v1/get,2026-08-03T09:11:06+00:00
2014-01-29,2306.17999048,https://datacenter-web.eastmoney.com/api/data/v1/get,2026-08-03T09:11:06+00:00
2014-01-30,2278.90201770,https://datacenter-web.eastmoney.com/api/data/v1/get,2026-08-03T09:11:06+00:00
2014-02-07,2302.99148177,https://datacenter-web.eastmoney.com/api/data/v1/get,2026-08-03T09:11:06+00:00
2014-02-10,2338.94222460,https://datacenter-web.eastmoney.com/api/data/v1/get,2026-08-03T09:11:06+00:00
2014-02-11,2371.13578259,https://datacenter-web.eastmoney.com/api/data/v1/get,2026-08-03T09:11:06+00:00
2014-02-12,2397.98698269,https://datacenter-web.eastmoney.com/api/data/v1/get,2026-08-03T09:11:06+00:00
2014-02-13,2422.14544627,https://datacenter-web.eastmoney.com/api/data/v1/get,2026-08-03T09:11:06+00:00
2014-02-14,2424.28321403,https://datacenter-web.eastmoney.com/api/data/v1/get,2026-08-03T09:11:06+00:00
2014-02-17,2444.80638839,https://datacenter-web.eastmoney.com/api/data/v1/get,2026-08-03T09:11:06+00:00
2014-02-18,2468.23602738,https://datacenter-web.eastmoney.com/api/data/v1/get,2026-08-03T09:11:06+00:00
2014-02-19,2487.56501420,https://datacenter-web.eastmoney.com/api/data/v1/get,2026-08-03T09:11:06+00:00
2014-02-20,2498.61080842,https://datacenter-web.eastmoney.com/api/data/v1/get,2026-08-03T09:11:06+00:00
2014-02-21,2497.01725590,https://datacenter-web.eastmoney.com/api/data/v1/get,2026-08-03T09:11:06+00:00
2014-02-24,2500.50968636,https://datacenter-web.eastmoney.com/api/data/v1/get,2026-08-03T09:11:06+00:00
2014-02-25,2496.72061830,https://datacenter-web.eastmoney.com/api/data/v1/get,2026-08-03T09:11:06+00:00
2014-02-26,2506.64112715,https://datacenter-web.eastmoney.com/api/data/v1/get,2026-08-03T09:11:06+00:00
2014-02-27,2506.75886815,https://datacenter-web.eastmoney.com/api/data/v1/get,2026-08-03T09:11:06+00:00
2014-02-28,2506.85575955,https://datacenter-web.eastmoney.com/api/data/v1/get,2026-08-03T09:11:06+00:00
2014-03-03,2519.83073596,https://datacenter-web.eastmoney.com/api/data/v1/get,2026-08-03T09:11:06+00:00
2014-03-04,2523.51780621,https://datacenter-web.eastmoney.com/api/data/v1/get,2026-08-03T09:11:06+00:00
2014-03-05,2532.40132979,https://datacenter-web.eastmoney.com/api/data/v1/get,2026-08-03T09:11:06+00:00
2014-03-06,2537.30966768,https://datacenter-web.eastmoney.com/api/data/v1/get,2026-08-03T09:11:06+00:00
2014-03-07,2530.50872759,https://datacenter-web.eastmoney.com/api/data/v1/get,2026-08-03T09:11:06+00:00
2014-03-10,2524.14971026,https://datacenter-web.eastmoney.com/api/data/v1/get,2026-08-03T09:11:06+00:00
2014-03-11,2520.38649300,https://datacenter-web.eastmoney.com/api/data/v1/get,2026-08-03T09:11:06+00:00
2014-03-12,2519.45854288,https://datacenter-web.eastmoney.com/api/data/v1/get,2026-08-03T09:11:06+00:00
2014-03-13,2527.61075051,https://datacenter-web.eastmoney.com/api/data/v1/get,2026-08-03T09:11:06+00:00
2014-03-14,2523.31071010,https://datacenter-web.eastmoney.com/api/data/v1/get,2026-08-03T09:11:06+00:00
2014-03-17,2530.43587759,https://datacenter-web.eastmoney.com/api/data/v1/get,2026-08-03T09:11:06+00:00
2014-03-18,2541.50400180,https://datacenter-web.eastmoney.com/api/data/v1/get,2026-08-03T09:11:06+00:00
2014-03-19,2555.75562621,https://datacenter-web.eastmoney.com/api/data/v1/get,2026-08-03T09:11:06+00:00
2014-03-20,2555.59503792,https://datacenter-web.eastmoney.com/api/data/v1/get,2026-08-03T09:11:06+00:00
2014-03-21,2557.70666920,https://datacenter-web.eastmoney.com/api/data/v1/get,2026-08-03T09:11:06+00:00
2014-03-24,2571.47141519,https://datacenter-web.eastmoney.com/api/data/v1/get,2026-08-03T09:11:06+00:00
2014-03-25,2583.15904924,https://datacenter-web.eastmoney.com/api/data/v1/get,2026-08-03T09:11:06+00:00
2014-03-26,2594.00663608,https://datacenter-web.eastmoney.com/api/data/v1/get,2026-08-03T09:11:06+00:00
2014-03-27,2600.95867854,https://datacenter-web.eastmoney.com/api/data/v1/get,2026-08-03T09:11:06+00:00
2014-03-28,2591.05897661,https://datacenter-web.eastmoney.com/api/data/v1/get,2026-08-03T09:11:06+00:00
2014-03-31,2588.90954278,https://datacenter-web.eastmoney.com/api/data/v1/get,2026-08-03T09:11:06+00:00
2014-04-01,2584.55252144,https://datacenter-web.eastmoney.com/api/data/v1/get,2026-08-03T09:11:06+00:00
2014-04-02,2583.48609225,https://datacenter-web.eastmoney.com/api/data/v1/get,2026-08-03T09:11:06+00:00
2014-04-03,2594.39552720,https://datacenter-web.eastmoney.com/api/data/v1/get,2026-08-03T09:11:06+00:00
2014-04-04,2585.87521605,https://datacenter-web.eastmoney.com/api/data/v1/get,2026-08-03T09:11:06+00:00
2014-04-08,2593.32941260,https://datacenter-web.eastmoney.com/api/data/v1/get,2026-08-03T09:11:06+00:00
2014-04-09,2605.38989557,https://datacenter-web.eastmoney.com/api/data/v1/get,2026-08-03T09:11:06+00:00
2014-04-10,2629.44130727,https://datacenter-web.eastmoney.com/api/data/v1/get,2026-08-03T09:11:06+00:00
2014-04-11,2628.83689026,https://datacenter-web.eastmoney.com/api/data/v1/get,2026-08-03T09:11:06+00:00
2014-04-14,2645.64175463,https://datacenter-web.eastmoney.com/api/data/v1/get,2026-08-03T09:11:06+00:00
2014-04-15,2662.44836275,https://datacenter-web.eastmoney.com/api/data/v1/get,2026-08-03T09:11:06+00:00
2014-04-16,2665.55259816,https://datacenter-web.eastmoney.com/api/data/v1/get,2026-08-03T09:11:06+00:00
2014-04-17,2667.76778235,https://datacenter-web.eastmoney.com/api/data/v1/get,2026-08-03T09:11:06+00:00
2014-04-18,2664.99969446,https://datacenter-web.eastmoney.com/api/data/v1/get,2026-08-03T09:11:06+00:00
2014-04-21,2666.92676276,https://datacenter-web.eastmoney.com/api/data/v1/get,2026-08-03T09:11:06+00:00
2014-04-22,2668.70388802,https://datacenter-web.eastmoney.com/api/data/v1/get,2026-08-03T09:11:06+00:00
2014-04-23,2674.60402473,https://datacenter-web.eastmoney.com/api/data/v1/get,2026-08-03T09:11:06+00:00
2014-04-24,2667.25968953,https://datacenter-web.eastmoney.com/api/data/v1/get,2026-08-03T09:11:06+00:00
2014-04-25,2655.76759765,https://datacenter-web.eastmoney.com/api/data/v1/get,2026-08-03T09:11:06+00:00
2014-04-28,2646.27794987,https://datacenter-web.eastmoney.com/api/data/v1/get,2026-08-03T09:11:06+00:00
2014-04-29,2636.34326264,https://datacenter-web.eastmoney.com/api/data/v1/get,2026-08-03T09:11:06+00:00
2014-04-30,2620.09980050,https://datacenter-web.eastmoney.com/api/data/v1/get,2026-08-03T09:11:06+00:00
2014-05-05,2631.25449389,https://datacenter-web.eastmoney.com/api/data/v1/get,2026-08-03T09:11:06+00:00
2014-05-06,2638.70108487,https://datacenter-web.eastmoney.com/api/data/v1/get,2026-08-03T09:11:06+00:00
2014-05-07,2638.49484060,https://datacenter-web.eastmoney.com/api/data/v1/get,2026-08-03T09:11:06+00:00
2014-05-08,2636.40476055,https://datacenter-web.eastmoney.com/api/data/v1/get,2026-08-03T09:11:06+00:00
2014-05-09,2628.94808767,https://datacenter-web.eastmoney.com/api/data/v1/get,2026-08-03T09:11:06+00:00
2014-05-12,2633.36148453,https://datacenter-web.eastmoney.com/api/data/v1/get,2026-08-03T09:11:06+00:00
2014-05-13,2638.75665230,https://datacenter-web.eastmoney.com/api/data/v1/get,2026-08-03T09:11:06+00:00
2014-05-14,2637.85295626,https://datacenter-web.eastmoney.com/api/data/v1/get,2026-08-03T09:11:06+00:00
2014-05-15,2633.65496848,https://datacenter-web.eastmoney.com/api/data/v1/get,2026-08-03T09:11:06+00:00
2014-05-16,2625.04748253,https://datacenter-web.eastmoney.com/api/data/v1/get,2026-08-03T09:11:06+00:00
2014-05-19,2629.78461564,https://datacenter-web.eastmoney.com/api/data/v1/get,2026-08-03T09:11:06+00:00
2014-05-20,2633.29869576,https://datacenter-web.eastmoney.com/api/data/v1/get,2026-08-03T09:11:06+00:00
2014-05-21,2637.11250561,https://datacenter-web.eastmoney.com/api/data/v1/get,2026-08-03T09:11:06+00:00
2014-05-22,2632.85667241,https://datacenter-web.eastmoney.com/api/data/v1/get,2026-08-03T09:11:06+00:00
2014-05-23,2621.79721956,https://datacenter-web.eastmoney.com/api/data/v1/get,2026-08-03T09:11:06+00:00
2014-05-26,2617.98286090,https://datacenter-web.eastmoney.com/api/data/v1/get,2026-08-03T09:11:06+00:00
2014-05-27,2621.84505749,https://datacenter-web.eastmoney.com/api/data/v1/get,2026-08-03T09:11:06+00:00
2014-05-28,2624.95558871,https://datacenter-web.eastmoney.com/api/data/v1/get,2026-08-03T09:11:06+00:00
2014-05-29,2618.67723917,https://datacenter-web.eastmoney.com/api/data/v1/get,2026-08-03T09:11:06+00:00
2014-05-30,2602.67422226,https://datacenter-web.eastmoney.com/api/data/v1/get,2026-08-03T09:11:06+00:00
2014-06-03,2599.34197396,https://datacenter-web.eastmoney.com/api/data/v1/get,2026-08-03T09:11:06+00:00
2014-06-04,2595.77930516,https://datacenter-web.eastmoney.com/api/data/v1/get,2026-08-03T09:11:06+00:00
2014-06-05,2589.96504218,https://datacenter-web.eastmoney.com/api/data/v1/get,2026-08-03T09:11:06+00:00
2014-06-06,2587.83819562,https://datacenter-web.eastmoney.com/api/data/v1/get,2026-08-03T09:11:06+00:00
2014-06-09,2588.13086318,https://datacenter-web.eastmoney.com/api/data/v1/get,2026-08-03T09:11:06+00:00
2014-06-10,2589.15454209,https://datacenter-web.eastmoney.com/api/data/v1/get,2026-08-03T09:11:06+00:00
2014-06-11,2593.31157651,https://datacenter-web.eastmoney.com/api/data/v1/get,2026-08-03T09:11:06+00:00
2014-06-12,2600.95159980,https://datacenter-web.eastmoney.com/api/data/v1/get,2026-08-03T09:11:06+00:00
2014-06-13,2592.34464249,https://datacenter-web.eastmoney.com/api/data/v1/get,2026-08-03T09:11:06+00:00
2014-06-16,2598.30180798,https://datacenter-web.eastmoney.com/api/data/v1/get,2026-08-03T09:11:06+00:00
2014-06-17,2612.62566962,https://datacenter-web.eastmoney.com/api/data/v1/get,2026-08-03T09:11:06+00:00
2014-06-18,2634.64984389,https://datacenter-web.eastmoney.com/api/data/v1/get,2026-08-03T09:11:06+00:00
2014-06-19,2644.16711355,https://datacenter-web.eastmoney.com/api/data/v1/get,2026-08-03T09:11:06+00:00
2014-06-20,2644.62000733,https://datacenter-web.eastmoney.com/api/data/v1/get,2026-08-03T09:11:06+00:00
2014-06-23,2644.23995477,https://datacenter-web.eastmoney.com/api/data/v1/get,2026-08-03T09:11:06+00:00
2014-06-24,2645.57736440,https://datacenter-web.eastmoney.com/api/data/v1/get,2026-08-03T09:11:06+00:00
2014-06-25,2648.26122031,https://datacenter-web.eastmoney.com/api/data/v1/get,2026-08-03T09:11:06+00:00
2014-06-26,2639.01777459,https://datacenter-web.eastmoney.com/api/data/v1/get,2026-08-03T09:11:06+00:00
2014-06-27,2628.43748934,https://datacenter-web.eastmoney.com/api/data/v1/get,2026-08-03T09:11:06+00:00
2014-06-30,2637.35543924,https://datacenter-web.eastmoney.com/api/data/v1/get,2026-08-03T09:11:06+00:00
2014-07-01,2646.07937184,https://datacenter-web.eastmoney.com/api/data/v1/get,2026-08-03T09:11:06+00:00
2014-07-02,2652.40147977,https://datacenter-web.eastmoney.com/api/data/v1/get,2026-08-03T09:11:06+00:00
2014-07-03,2659.74898727,https://datacenter-web.eastmoney.com/api/data/v1/get,2026-08-03T09:11:06+00:00
2014-07-04,2654.36852269,https://datacenter-web.eastmoney.com/api/data/v1/get,2026-08-03T09:11:06+00:00
2014-07-07,2666.51924011,https://datacenter-web.eastmoney.com/api/data/v1/get,2026-08-03T09:11:06+00:00
2014-07-08,2677.71059963,https://datacenter-web.eastmoney.com/api/data/v1/get,2026-08-03T09:11:06+00:00
2014-07-09,2689.76908835,https://datacenter-web.eastmoney.com/api/data/v1/get,2026-08-03T09:11:06+00:00
2014-07-10,2701.50328048,https://datacenter-web.eastmoney.com/api/data/v1/get,2026-08-03T09:11:06+00:00
2014-07-11,2703.36177205,https://datacenter-web.eastmoney.com/api/data/v1/get,2026-08-03T09:11:06+00:00
2014-07-14,2716.92944012,https://datacenter-web.eastmoney.com/api/data/v1/get,2026-08-03T09:11:06+00:00
2014-07-15,2723.82809571,https://datacenter-web.eastmoney.com/api/data/v1/get,2026-08-03T09:11:06+00:00
2014-07-16,2736.77477762,https://datacenter-web.eastmoney.com/api/data/v1/get,2026-08-03T09:11:06+00:00
2014-07-17,2740.21765613,https://datacenter-web.eastmoney.com/api/data/v1/get,2026-08-03T09:11:06+00:00
2014-07-18,2730.67071370,https://datacenter-web.eastmoney.com/api/data/v1/get,2026-08-03T09:11:06+00:00
2014-07-21,2728.00679038,https://datacenter-web.eastmoney.com/api/data/v1/get,2026-08-03T09:11:06+00:00
2014-07-22,2738.82387833,https://datacenter-web.eastmoney.com/api/data/v1/get,2026-08-03T09:11:06+00:00
2014-07-23,2757.45037661,https://datacenter-web.eastmoney.com/api/data/v1/get,2026-08-03T09:11:06+00:00
2014-07-24,2773.37816759,https://datacenter-web.eastmoney.com/api/data/v1/get,2026-08-03T09:11:06+00:00
2014-07-25,2763.38715895,https://datacenter-web.eastmoney.com/api/data/v1/get,2026-08-03T09:11:06+00:00
2014-07-28,2757.92314276,https://datacenter-web.eastmoney.com/api/data/v1/get,2026-08-03T09:11:06+00:00
2014-07-29,2774.36563438,https://datacenter-web.eastmoney.com/api/data/v1/get,2026-08-03T09:11:06+00:00
2014-07-30,2811.91829508,https://datacenter-web.eastmoney.com/api/data/v1/get,2026-08-03T09:11:06+00:00
2014-07-31,2834.72878022,https://datacenter-web.eastmoney.com/api/data/v1/get,2026-08-03T09:11:06+00:00
2014-08-01,2828.07951055,https://datacenter-web.eastmoney.com/api/data/v1/get,2026-08-03T09:11:06+00:00
2014-08-04,2856.98012007,https://datacenter-web.eastmoney.com/api/data/v1/get,2026-08-03T09:11:06+00:00
2014-08-05,2880.90413294,https://datacenter-web.eastmoney.com/api/data/v1/get,2026-08-03T09:11:06+00:00
2014-08-06,2916.15855527,https://datacenter-web.eastmoney.com/api/data/v1/get,2026-08-03T09:11:06+00:00
2014-08-07,2947.18230086,https://datacenter-web.eastmoney.com/api/data/v1/get,2026-08-03T09:11:06+00:00
2014-08-08,2958.37518089,https://datacenter-web.eastmoney.com/api/data/v1/get,2026-08-03T09:11:06+00:00
2014-08-11,2974.15010530,https://datacenter-web.eastmoney.com/api/data/v1/get,2026-08-03T09:11:06+00:00
2014-08-12,3004.55598098,https://datacenter-web.eastmoney.com/api/data/v1/get,2026-08-03T09:11:06+00:00
2014-08-13,3041.60550816,https://datacenter-web.eastmoney.com/api/data/v1/get,2026-08-03T09:11:06+00:00
2014-08-14,3072.93179271,https://datacenter-web.eastmoney.com/api/data/v1/get,2026-08-03T09:11:06+00:00
2014-08-15,3085.05667412,https://datacenter-web.eastmoney.com/api/data/v1/get,2026-08-03T09:11:06+00:00
2014-08-18,3111.44915581,https://datacenter-web.eastmoney.com/api/data/v1/get,2026-08-03T09:11:06+00:00
2014-08-19,3140.00082686,https://datacenter-web.eastmoney.com/api/data/v1/get,2026-08-03T09:11:06+00:00
2014-08-20,3169.19893355,https://datacenter-web.eastmoney.com/api/data/v1/get,2026-08-03T09:11:06+00:00
2014-08-21,3197.81417111,https://datacenter-web.eastmoney.com/api/data/v1/get,2026-08-03T09:11:06+00:00
2014-08-22,3207.12615102,https://datacenter-web.eastmoney.com/api/data/v1/get,2026-08-03T09:11:06+00:00
2014-08-25,3226.92875254,https://datacenter-web.eastmoney.com/api/data/v1/get,2026-08-03T09:11:06+00:00
2014-08-26,3246.39044384,https://datacenter-web.eastmoney.com/api/data/v1/get,2026-08-03T09:11:06+00:00
2014-08-27,3270.33468171,https://datacenter-web.eastmoney.com/api/data/v1/get,2026-08-03T09:11:06+00:00
2014-08-28,3319.74283614,https://datacenter-web.eastmoney.com/api/data/v1/get,2026-08-03T09:11:06+00:00
2014-08-29,3330.28014188,https://datacenter-web.eastmoney.com/api/data/v1/get,2026-08-03T09:11:06+00:00
2014-09-01,3349.93392377,https://datacenter-web.eastmoney.com/api/data/v1/get,2026-08-03T09:11:06+00:00
2014-09-02,3343.04257645,https://datacenter-web.eastmoney.com/api/data/v1/get,2026-08-03T09:11:06+00:00
2014-09-03,3344.51881572,https://datacenter-web.eastmoney.com/api/data/v1/get,2026-08-03T09:11:06+00:00
2014-09-04,3376.16642418,https://datacenter-web.eastmoney.com/api/data/v1/get,2026-08-03T09:11:06+00:00
2014-09-05,3371.14774267,https://datacenter-web.eastmoney.com/api/data/v1/get,2026-08-03T09:11:06+00:00
2014-09-09,3424.44319645,https://datacenter-web.eastmoney.com/api/data/v1/get,2026-08-03T09:11:06+00:00
2014-09-10,3470.84945437,https://datacenter-web.eastmoney.com/api/data/v1/get,2026-08-03T09:11:06+00:00
2014-09-11,3513.56901278,https://datacenter-web.eastmoney.com/api/data/v1/get,2026-08-03T09:11:06+00:00
2014-09-12,3545.92937514,https://datacenter-web.eastmoney.com/api/data/v1/get,2026-08-03T09:11:06+00:00
2014-09-15,3601.55185805,https://datacenter-web.eastmoney.com/api/data/v1/get,2026-08-03T09:11:06+00:00
2014-09-16,3645.61939383,https://datacenter-web.eastmoney.com/api/data/v1/get,2026-08-03T09:11:06+00:00
2014-09-17,3680.35491871,https://datacenter-web.eastmoney.com/api/data/v1/get,2026-08-03T09:11:06+00:00
2014-09-18,3710.22528916,https://datacenter-web.eastmoney.com/api/data/v1/get,2026-08-03T09:11:06+00:00
2014-09-19,3714.14736256,https://datacenter-web.eastmoney.com/api/data/v1/get,2026-08-03T09:11:06+00:00
2014-09-22,3776.41662610,https://datacenter-web.eastmoney.com/api/data/v1/get,2026-08-03T09:11:06+00:00
2014-09-23,3804.99940014,https://datacenter-web.eastmoney.com/api/data/v1/get,2026-08-03T09:11:06+00:00
2014-09-24,3880.77718595,https://datacenter-web.eastmoney.com/api/data/v1/get,2026-08-03T09:11:06+00:00
2014-09-25,3931.51191091,https://datacenter-web.eastmoney.com/api/data/v1/get,2026-08-03T09:11:06+00:00
2014-09-26,3951.31055448,https://datacenter-web.eastmoney.com/api/data/v1/get,2026-08-03T09:11:06+00:00
2014-09-29,3930.42488212,https://datacenter-web.eastmoney.com/api/data/v1/get,2026-08-03T09:11:06+00:00
2014-09-30,3862.27534354,https://datacenter-web.eastmoney.com/api/data/v1/get,2026-08-03T09:11:06+00:00
2014-10-08,3973.96842118,https://datacenter-web.eastmoney.com/api/data/v1/get,2026-08-03T09:11:06+00:00
2014-10-09,4035.98187437,https://datacenter-web.eastmoney.com/api/data/v1/get,2026-08-03T09:11:06+00:00
2014-10-10,4074.59730065,https://datacenter-web.eastmoney.com/api/data/v1/get,2026-08-03T09:11:06+00:00
2014-10-13,4138.17989559,https://datacenter-web.eastmoney.com/api/data/v1/get,2026-08-03T09:11:06+00:00
2014-10-14,4179.13475124,https://datacenter-web.eastmoney.com/api/data/v1/get,2026-08-03T09:11:06+00:00
2014-10-15,4222.66917101,https://datacenter-web.eastmoney.com/api/data/v1/get,2026-08-03T09:11:06+00:00
2014-10-16,4245.30873677,https://datacenter-web.eastmoney.com/api/data/v1/get,2026-08-03T09:11:06+00:00
2014-10-17,4253.11288395,https://datacenter-web.eastmoney.com/api/data/v1/get,2026-08-03T09:11:06+00:00
2014-10-20,4278.24766563,https://datacenter-web.eastmoney.com/api/data/v1/get,2026-08-03T09:11:06+00:00
2014-10-21,4303.06864259,https://datacenter-web.eastmoney.com/api/data/v1/get,2026-08-03T09:11:06+00:00
2014-10-22,4328.71031115,https://datacenter-web.eastmoney.com/api/data/v1/get,2026-08-03T09:11:06+00:00
2014-10-23,4369.85726360,https://datacenter-web.eastmoney.com/api/data/v1/get,2026-08-03T09:11:06+00:00
2014-10-24,4390.35804092,https://datacenter-web.eastmoney.com/api/data/v1/get,2026-08-03T09:11:06+00:00
2014-10-27,4417.44151692,https://datacenter-web.eastmoney.com/api/data/v1/get,2026-08-03T09:11:06+00:00
2014-10-28,4403.02363994,https://datacenter-web.eastmoney.com/api/data/v1/get,2026-08-03T09:11:06+00:00
2014-10-29,4396.52493432,https://datacenter-web.eastmoney.com/api/data/v1/get,2026-08-03T09:11:06+00:00
2014-10-30,4434.42891214,https://datacenter-web.eastmoney.com/api/data/v1/get,2026-08-03T09:11:06+00:00
2014-10-31,4443.31032561,https://datacenter-web.eastmoney.com/api/data/v1/get,2026-08-03T09:11:06+00:00
2014-11-03,4498.02419175,https://datacenter-web.eastmoney.com/api/data/v1/get,2026-08-03T09:11:06+00:00
2014-11-04,4534.45058673,https://datacenter-web.eastmoney.com/api/data/v1/get,2026-08-03T09:11:06+00:00
2014-11-05,4566.79655698,https://datacenter-web.eastmoney.com/api/data/v1/get,2026-08-03T09:11:06+00:00
2014-11-06,4602.87164514,https://datacenter-web.eastmoney.com/api/data/v1/get,2026-08-03T09:11:06+00:00
2014-11-07,4607.94750926,https://datacenter-web.eastmoney.com/api/data/v1/get,2026-08-03T09:11:06+00:00
2014-11-10,4640.90522420,https://datacenter-web.eastmoney.com/api/data/v1/get,2026-08-03T09:11:06+00:00
2014-11-11,4685.11764722,https://datacenter-web.eastmoney.com/api/data/v1/get,2026-08-03T09:11:06+00:00
2014-11-12,4717.92706194,https://datacenter-web.eastmoney.com/api/data/v1/get,2026-08-03T09:11:06+00:00
2014-11-13,4741.02238964,https://datacenter-web.eastmoney.com/api/data/v1/get,2026-08-03T09:11:06+00:00
2014-11-14,4744.51979124,https://datacenter-web.eastmoney.com/api/data/v1/get,2026-08-03T09:11:06+00:00
2014-11-17,4767.97912474,https://datacenter-web.eastmoney.com/api/data/v1/get,2026-08-03T09:11:06+00:00
2014-11-18,4793.87054532,https://datacenter-web.eastmoney.com/api/data/v1/get,2026-08-03T09:11:06+00:00
2014-11-19,4816.91069603,https://datacenter-web.eastmoney.com/api/data/v1/get,2026-08-03T09:11:06+00:00
2014-11-20,4833.84872787,https://datacenter-web.eastmoney.com/api/data/v1/get,2026-08-03T09:11:06+00:00
2014-11-21,4857.87498700,https://datacenter-web.eastmoney.com/api/data/v1/get,2026-08-03T09:11:06+00:00
2014-11-24,4992.60287798,https://datacenter-web.eastmoney.com/api/data/v1/get,2026-08-03T09:11:06+00:00
2014-11-25,5097.81678532,https://datacenter-web.eastmoney.com/api/data/v1/get,2026-08-03T09:11:06+00:00
2014-11-26,5186.02496677,https://datacenter-web.eastmoney.com/api/data/v1/get,2026-08-03T09:11:06+00:00
2014-11-27,5229.13808670,https://datacenter-web.eastmoney.com/api/data/v1/get,2026-08-03T09:11:06+00:00
2014-11-28,5289.92449890,https://datacenter-web.eastmoney.com/api/data/v1/get,2026-08-03T09:11:06+00:00
2014-12-01,5383.92930415,https://datacenter-web.eastmoney.com/api/data/v1/get,2026-08-03T09:11:06+00:00
2014-12-02,5457.12569004,https://datacenter-web.eastmoney.com/api/data/v1/get,2026-08-03T09:11:06+00:00
2014-12-03,5520.52549201,https://datacenter-web.eastmoney.com/api/data/v1/get,2026-08-03T09:11:06+00:00
2014-12-04,5694.29142951,https://datacenter-web.eastmoney.com/api/data/v1/get,2026-08-03T09:11:06+00:00
2014-12-05,5754.83801438,https://datacenter-web.eastmoney.com/api/data/v1/get,2026-08-03T09:11:06+00:00
2014-12-08,5959.95563719,https://datacenter-web.eastmoney.com/api/data/v1/get,2026-08-03T09:11:06+00:00
2014-12-09,6054.92638583,https://datacenter-web.eastmoney.com/api/data/v1/get,2026-08-03T09:11:06+00:00
2014-12-10,6140.42935191,https://datacenter-web.eastmoney.com/api/data/v1/get,2026-08-03T09:11:06+00:00
2014-12-11,6173.81768756,https://datacenter-web.eastmoney.com/api/data/v1/get,2026-08-03T09:11:06+00:00
2014-12-12,6193.76064853,https://datacenter-web.eastmoney.com/api/data/v1/get,2026-08-03T09:11:06+00:00
2014-12-15,6287.31166297,https://datacenter-web.eastmoney.com/api/data/v1/get,2026-08-03T09:11:06+00:00
2014-12-16,6379.58256722,https://datacenter-web.eastmoney.com/api/data/v1/get,2026-08-03T09:11:06+00:00
2014-12-17,6484.49628389,https://datacenter-web.eastmoney.com/api/data/v1/get,2026-08-03T09:11:06+00:00
2014-12-18,6573.56997782,https://datacenter-web.eastmoney.com/api/data/v1/get,2026-08-03T09:11:06+00:00
2014-12-19,6672.60348402,https://datacenter-web.eastmoney.com/api/data/v1/get,2026-08-03T09:11:06+00:00
2014-12-22,6705.95742509,https://datacenter-web.eastmoney.com/api/data/v1/get,2026-08-03T09:11:06+00:00
2014-12-23,6690.05263570,https://datacenter-web.eastmoney.com/api/data/v1/get,2026-08-03T09:11:06+00:00
2014-12-24,6672.20851499,https://datacenter-web.eastmoney.com/api/data/v1/get,2026-08-03T09:11:06+00:00
2014-12-25,6729.74233665,https://datacenter-web.eastmoney.com/api/data/v1/get,2026-08-03T09:11:06+00:00
2014-12-26,6786.46298701,https://datacenter-web.eastmoney.com/api/data/v1/get,2026-08-03T09:11:06+00:00
2014-12-29,6876.78463441,https://datacenter-web.eastmoney.com/api/data/v1/get,2026-08-03T09:11:06+00:00
2014-12-30,6917.81993774,https://datacenter-web.eastmoney.com/api/data/v1/get,2026-08-03T09:11:06+00:00
2014-12-31,6903.04859709,https://datacenter-web.eastmoney.com/api/data/v1/get,2026-08-03T09:11:06+00:00
2015-01-05,7000.07355731,https://datacenter-web.eastmoney.com/api/data/v1/get,2026-08-03T09:11:06+00:00
2015-01-06,7073.91292198,https://datacenter-web.eastmoney.com/api/data/v1/get,2026-08-03T09:11:06+00:00
2015-01-07,7157.29306750,https://datacenter-web.eastmoney.com/api/data/v1/get,2026-08-03T09:11:06+00:00
2015-01-08,7184.85280095,https://datacenter-web.eastmoney.com/api/data/v1/get,2026-08-03T09:11:06+00:00
2015-01-09,7264.00724109,https://datacenter-web.eastmoney.com/api/data/v1/get,2026-08-03T09:11:06+00:00
2015-01-12,7358.78164519,https://datacenter-web.eastmoney.com/api/data/v1/get,2026-08-03T09:11:06+00:00
2015-01-13,7408.93116001,https://datacenter-web.eastmoney.com/api/data/v1/get,2026-08-03T09:11:06+00:00
2015-01-14,7497.50725573,https://datacenter-web.eastmoney.com/api/data/v1/get,2026-08-03T09:11:06+00:00
2015-01-15,7623.82827637,https://datacenter-web.eastmoney.com/api/data/v1/get,2026-08-03T09:11:06+00:00
2015-01-16,7666.60200847,https://datacenter-web.eastmoney.com/api/data/v1/get,2026-08-03T09:11:06+00:00
2015-01-19,7520.47988453,https://datacenter-web.eastmoney.com/api/data/v1/get,2026-08-03T09:11:06+00:00
2015-01-20,7507.62421151,https://datacenter-web.eastmoney.com/api/data/v1/get,2026-08-03T09:11:06+00:00
2015-01-21,7545.95954233,https://datacenter-web.eastmoney.com/api/data/v1/get,2026-08-03T09:11:06+00:00
2015-01-22,7616.68956446,https://datacenter-web.eastmoney.com/api/data/v1/get,2026-08-03T09:11:06+00:00
2015-01-23,7660.38511313,https://datacenter-web.eastmoney.com/api/data/v1/get,2026-08-03T09:11:06+00:00
2015-01-26,7713.73532853,https://datacenter-web.eastmoney.com/api/data/v1/get,2026-08-03T09:11:06+00:00
2015-01-27,7738.37742011,https://datacenter-web.eastmoney.com/api/data/v1/get,2026-08-03T09:11:06+00:00
2015-01-28,7759.33490835,https://datacenter-web.eastmoney.com/api/data/v1/get,2026-08-03T09:11:06+00:00
2015-01-29,7775.61647997,https://datacenter-web.eastmoney.com/api/data/v1/get,2026-08-03T09:11:06+00:00
2015-01-30,7739.77698926,https://datacenter-web.eastmoney.com/api/data/v1/get,2026-08-03T09:11:06+00:00
2015-02-02,7748.66786825,https://datacenter-web.eastmoney.com/api/data/v1/get,2026-08-03T09:11:06+00:00
2015-02-03,7737.41930732,https://datacenter-web.eastmoney.com/api/data/v1/get,2026-08-03T09:11:06+00:00
2015-02-04,7747.70652233,https://datacenter-web.eastmoney.com/api/data/v1/get,2026-08-03T09:11:06+00:00
2015-02-05,7779.70437249,https://datacenter-web.eastmoney.com/api/data/v1/get,2026-08-03T09:11:06+00:00
2015-02-06,7796.41865766,https://datacenter-web.eastmoney.com/api/data/v1/get,2026-08-03T09:11:06+00:00
2015-02-09,7867.47284226,https://datacenter-web.eastmoney.com/api/data/v1/get,2026-08-03T09:11:06+00:00
2015-02-10,7978.91845821,https://datacenter-web.eastmoney.com/api/data/v1/get,2026-08-03T09:11:06+00:00
2015-02-11,8051.11175134,https://datacenter-web.eastmoney.com/api/data/v1/get,2026-08-03T09:11:06+00:00
2015-02-12,8040.93283315,https://datacenter-web.eastmoney.com/api/data/v1/get,2026-08-03T09:11:06+00:00
2015-02-13,7791.62373527,https://datacenter-web.eastmoney.com/api/data/v1/get,2026-08-03T09:11:06+00:00
2015-02-16,7729.80408663,https://datacenter-web.eastmoney.com/api/data/v1/get,2026-08-03T09:11:06+00:00
2015-02-17,7534.61212526,https://datacenter-web.eastmoney.com/api/data/v1/get,2026-08-03T09:11:06+00:00
2015-02-25,7709.68145360,https://datacenter-web.eastmoney.com/api/data/v1/get,2026-08-03T09:11:06+00:00
2015-02-26,7789.01920692,https://datacenter-web.eastmoney.com/api/data/v1/get,2026-08-03T09:11:06+00:00
2015-02-27,7808.43947820,https://datacenter-web.eastmoney.com/api/data/v1/get,2026-08-03T09:11:06+00:00
2015-03-02,7927.91389697,https://datacenter-web.eastmoney.com/api/data/v1/get,2026-08-03T09:11:06+00:00
2015-03-03,8041.00125942,https://datacenter-web.eastmoney.com/api/data/v1/get,2026-08-03T09:11:06+00:00
2015-03-04,8112.53368861,https://datacenter-web.eastmoney.com/api/data/v1/get,2026-08-03T09:11:06+00:00
2015-03-05,8194.02239652,https://datacenter-web.eastmoney.com/api/data/v1/get,2026-08-03T09:11:06+00:00
2015-03-06,8243.79989028,https://datacenter-web.eastmoney.com/api/data/v1/get,2026-08-03T09:11:06+00:00
2015-03-09,8348.78753182,https://datacenter-web.eastmoney.com/api/data/v1/get,2026-08-03T09:11:06+00:00
2015-03-10,8485.37789505,https://datacenter-web.eastmoney.com/api/data/v1/get,2026-08-03T09:11:06+00:00
2015-03-11,8640.04113742,https://datacenter-web.eastmoney.com/api/data/v1/get,2026-08-03T09:11:06+00:00
2015-03-12,8780.75844620,https://datacenter-web.eastmoney.com/api/data/v1/get,2026-08-03T09:11:06+00:00
2015-03-13,8806.11781488,https://datacenter-web.eastmoney.com/api/data/v1/get,2026-08-03T09:11:06+00:00
2015-03-16,8748.50559115,https://datacenter-web.eastmoney.com/api/data/v1/get,2026-08-03T09:11:06+00:00
2015-03-17,8818.82625541,https://datacenter-web.eastmoney.com/api/data/v1/get,2026-08-03T09:11:06+00:00
2015-03-18,8961.08504027,https://datacenter-web.eastmoney.com/api/data/v1/get,2026-08-03T09:11:06+00:00
2015-03-19,9117.56727783,https://datacenter-web.eastmoney.com/api/data/v1/get,2026-08-03T09:11:06+00:00
2015-03-20,9270.02173004,https://datacenter-web.eastmoney.com/api/data/v1/get,2026-08-03T09:11:06+00:00
2015-03-23,9359.61490802,https://datacenter-web.eastmoney.com/api/data/v1/get,2026-08-03T09:11:06+00:00
2015-03-24,9489.28112150,https://datacenter-web.eastmoney.com/api/data/v1/get,2026-08-03T09:11:06+00:00
2015-03-25,9600.86790787,https://datacenter-web.eastmoney.com/api/data/v1/get,2026-08-03T09:11:06+00:00
2015-03-26,9715.29344684,https://datacenter-web.eastmoney.com/api/data/v1/get,2026-08-03T09:11:06+00:00
2015-03-27,9746.95451811,https://datacenter-web.eastmoney.com/api/data/v1/get,2026-08-03T09:11:06+00:00
2015-03-30,9873.05162447,https://datacenter-web.eastmoney.com/api/data/v1/get,2026-08-03T09:11:06+00:00
2015-03-31,9921.14591127,https://datacenter-web.eastmoney.com/api/data/v1/get,2026-08-03T09:11:06+00:00
2015-04-01,10075.00876332,https://datacenter-web.eastmoney.com/api/data/v1/get,2026-08-03T09:11:06+00:00
2015-04-02,10198.32320645,https://datacenter-web.eastmoney.com/api/data/v1/get,2026-08-03T09:11:06+00:00
2015-04-03,10283.39497560,https://datacenter-web.eastmoney.com/api/data/v1/get,2026-08-03T09:11:06+00:00
2015-04-07,10490.19510305,https://datacenter-web.eastmoney.com/api/data/v1/get,2026-08-03T09:11:06+00:00
2015-04-08,10639.07515309,https://datacenter-web.eastmoney.com/api/data/v1/get,2026-08-03T09:11:06+00:00
2015-04-09,10800.32082669,https://datacenter-web.eastmoney.com/api/data/v1/get,2026-08-03T09:11:06+00:00
2015-04-10,10936.46777627,https://datacenter-web.eastmoney.com/api/data/v1/get,2026-08-03T09:11:06+00:00
2015-04-13,11126.44681454,https://datacenter-web.eastmoney.com/api/data/v1/get,2026-08-03T09:11:06+00:00
2015-04-14,11324.44514795,https://datacenter-web.eastmoney.com/api/data/v1/get,2026-08-03T09:11:06+00:00
2015-04-15,11461.27306376,https://datacenter-web.eastmoney.com/api/data/v1/get,2026-08-03T09:11:06+00:00
2015-04-16,11571.82044282,https://datacenter-web.eastmoney.com/api/data/v1/get,2026-08-03T09:11:06+00:00
2015-04-17,11491.57713135,https://datacenter-web.eastmoney.com/api/data/v1/get,2026-08-03T09:11:06+00:00
2015-04-20,11430.69525623,https://datacenter-web.eastmoney.com/api/data/v1/get,2026-08-03T09:11:06+00:00
2015-04-21,11535.74815097,https://datacenter-web.eastmoney.com/api/data/v1/get,2026-08-03T09:11:06+00:00
2015-04-22,11726.65362874,https://datacenter-web.eastmoney.com/api/data/v1/get,2026-08-03T09:11:06+00:00
2015-04-23,11856.43651435,https://datacenter-web.eastmoney.com/api/data/v1/get,2026-08-03T09:11:06+00:00
2015-04-24,11923.02971884,https://datacenter-web.eastmoney.com/api/data/v1/get,2026-08-03T09:11:06+00:00
2015-04-27,12105.43730393,https://datacenter-web.eastmoney.com/api/data/v1/get,2026-08-03T09:11:06+00:00
2015-04-28,12156.07398598,https://datacenter-web.eastmoney.com/api/data/v1/get,2026-08-03T09:11:06+00:00
2015-04-29,12214.06603476,https://datacenter-web.eastmoney.com/api/data/v1/get,2026-08-03T09:11:06+00:00
2015-04-30,12243.34129835,https://datacenter-web.eastmoney.com/api/data/v1/get,2026-08-03T09:11:06+00:00
2015-05-04,12413.03319482,https://datacenter-web.eastmoney.com/api/data/v1/get,2026-08-03T09:11:06+00:00
2015-05-05,12442.31572418,https://datacenter-web.eastmoney.com/api/data/v1/get,2026-08-03T09:11:06+00:00
2015-05-06,12588.20234374,https://datacenter-web.eastmoney.com/api/data/v1/get,2026-08-03T09:11:06+00:00
2015-05-07,12658.72162917,https://datacenter-web.eastmoney.com/api/data/v1/get,2026-08-03T09:11:06+00:00
2015-05-08,12457.86699057,https://datacenter-web.eastmoney.com/api/data/v1/get,2026-08-03T09:11:06+00:00
2015-05-11,12475.05935416,https://datacenter-web.eastmoney.com/api/data/v1/get,2026-08-03T09:11:06+00:00
2015-05-12,12566.07720425,https://datacenter-web.eastmoney.com/api/data/v1/get,2026-08-03T09:11:06+00:00
2015-05-13,12654.06189486,https://datacenter-web.eastmoney.com/api/data/v1/get,2026-08-03T09:11:06+00:00
2015-05-14,12714.67867961,https://datacenter-web.eastmoney.com/api/data/v1/get,2026-08-03T09:11:06+00:00
2015-05-15,12703.78616254,https://datacenter-web.eastmoney.com/api/data/v1/get,2026-08-03T09:11:06+00:00
2015-05-18,12789.51775452,https://datacenter-web.eastmoney.com/api/data/v1/get,2026-08-03T09:11:06+00:00
2015-05-19,12942.45193796,https://datacenter-web.eastmoney.com/api/data/v1/get,2026-08-03T09:11:06+00:00
2015-05-20,13100.06880147,https://datacenter-web.eastmoney.com/api/data/v1/get,2026-08-03T09:11:06+00:00
2015-05-21,13211.76723760,https://datacenter-web.eastmoney.com/api/data/v1/get,2026-08-03T09:11:06+00:00
2015-05-22,13145.67656582,https://datacenter-web.eastmoney.com/api/data/v1/get,2026-08-03T09:11:06+00:00
2015-05-25,13189.98299726,https://datacenter-web.eastmoney.com/api/data/v1/get,2026-08-03T09:11:06+00:00
2015-05-26,13295.61906147,https://datacenter-web.eastmoney.com/api/data/v1/get,2026-08-03T09:11:06+00:00
2015-05-27,13369.90097550,https://datacenter-web.eastmoney.com/api/data/v1/get,2026-08-03T09:11:06+00:00
2015-05-28,13454.59596439,https://datacenter-web.eastmoney.com/api/data/v1/get,2026-08-03T09:11:06+00:00
2015-05-29,13482.87000435,https://datacenter-web.eastmoney.com/api/data/v1/get,2026-08-03T09:11:06+00:00
2015-06-01,13671.27995718,https://datacenter-web.eastmoney.com/api/data/v1/get,2026-08-03T09:11:06+00:00
2015-06-02,13878.82217728,https://datacenter-web.eastmoney.com/api/data/v1/get,2026-08-03T09:11:06+00:00
2015-06-03,14029.27079454,https://datacenter-web.eastmoney.com/api/data/v1/get,2026-08-03T09:11:06+00:00
2015-06-04,14123.00874405,https://datacenter-web.eastmoney.com/api/data/v1/get,2026-08-03T09:11:06+00:00
2015-06-05,14126.10800411,https://datacenter-web.eastmoney.com/api/data/v1/get,2026-08-03T09:11:06+00:00
2015-06-08,14191.55431830,https://datacenter-web.eastmoney.com/api/data/v1/get,2026-08-03T09:11:06+00:00
2015-06-09,14286.37577543,https://datacenter-web.eastmoney.com/api/data/v1/get,2026-08-03T09:11:06+00:00
2015-06-10,14369.53511811,https://datacenter-web.eastmoney.com/api/data/v1/get,2026-08-03T09:11:06+00:00
2015-06-11,14438.68735753,https://datacenter-web.eastmoney.com/api/data/v1/get,2026-08-03T09:11:06+00:00
2015-06-12,14535.79989204,https://datacenter-web.eastmoney.com/api/data/v1/get,2026-08-03T09:11:06+00:00
2015-06-15,14607.71548784,https://datacenter-web.eastmoney.com/api/data/v1/get,2026-08-03T09:11:06+00:00
2015-06-16,14639.51216264,https://datacenter-web.eastmoney.com/api/data/v1/get,2026-08-03T09:11:06+00:00
2015-06-17,14751.03559271,https://datacenter-web.eastmoney.com/api/data/v1/get,2026-08-03T09:11:06+00:00
2015-06-18,14829.10960306,https://datacenter-web.eastmoney.com/api/data/v1/get,2026-08-03T09:11:06+00:00
2015-06-19,14792.99517720,https://datacenter-web.eastmoney.com/api/data/v1/get,2026-08-03T09:11:06+00:00
2015-06-23,14688.45650070,https://datacenter-web.eastmoney.com/api/data/v1/get,2026-08-03T09:11:06+00:00
2015-06-24,14399.71876069,https://datacenter-web.eastmoney.com/api/data/v1/get,2026-08-03T09:11:06+00:00
2015-06-25,14232.48786555,https://datacenter-web.eastmoney.com/api/data/v1/get,2026-08-03T09:11:06+00:00
2015-06-26,13870.49624743,https://datacenter-web.eastmoney.com/api/data/v1/get,2026-08-03T09:11:06+00:00
2015-06-29,13604.22100831,https://datacenter-web.eastmoney.com/api/data/v1/get,2026-08-03T09:11:06+00:00
2015-06-30,13355.03814173,https://datacenter-web.eastmoney.com/api/data/v1/get,2026-08-03T09:11:06+00:00
2015-07-01,13288.18572775,https://datacenter-web.eastmoney.com/api/data/v1/get,2026-08-03T09:11:06+00:00
2015-07-02,12938.27661966,https://datacenter-web.eastmoney.com/api/data/v1/get,2026-08-03T09:11:06+00:00
2015-07-03,12449.76682669,https://datacenter-web.eastmoney.com/api/data/v1/get,2026-08-03T09:11:06+00:00
2015-07-06,11514.09843974,https://datacenter-web.eastmoney.com/api/data/v1/get,2026-08-03T09:11:06+00:00
2015-07-07,10530.97367290,https://datacenter-web.eastmoney.com/api/data/v1/get,2026-08-03T09:11:06+00:00
2015-07-08,9408.70474994,https://datacenter-web.eastmoney.com/api/data/v1/get,2026-08-03T09:11:06+00:00
2015-07-09,9278.49404820,https://datacenter-web.eastmoney.com/api/data/v1/get,2026-08-03T09:11:06+00:00
2015-07-10,9323.05971025,https://datacenter-web.eastmoney.com/api/data/v1/get,2026-08-03T09:11:06+00:00
2015-07-13,9342.71207261,https://datacenter-web.eastmoney.com/api/data/v1/get,2026-08-03T09:11:06+00:00
2015-07-14,9367.54623345,https://datacenter-web.eastmoney.com/api/data/v1/get,2026-08-03T09:11:06+00:00
2015-07-15,9205.24732197,https://datacenter-web.eastmoney.com/api/data/v1/get,2026-08-03T09:11:06+00:00
2015-07-16,9183.96130560,https://datacenter-web.eastmoney.com/api/data/v1/get,2026-08-03T09:11:06+00:00
2015-07-17,9213.38704319,https://datacenter-web.eastmoney.com/api/data/v1/get,2026-08-03T09:11:06+00:00
2015-07-20,9213.48386943,https://datacenter-web.eastmoney.com/api/data/v1/get,2026-08-03T09:11:06+00:00
2015-07-21,9286.15710814,https://datacenter-web.eastmoney.com/api/data/v1/get,2026-08-03T09:11:06+00:00
2015-07-22,9288.81478891,https://datacenter-web.eastmoney.com/api/data/v1/get,2026-08-03T09:11:06+00:00
2015-07-23,9413.69680547,https://datacenter-web.eastmoney.com/api/data/v1/get,2026-08-03T09:11:06+00:00
2015-07-24,9408.22832963,https://datacenter-web.eastmoney.com/api/data/v1/get,2026-08-03T09:11:06+00:00
2015-07-27,9193.73759165,https://datacenter-web.eastmoney.com/api/data/v1/get,2026-08-03T09:11:06+00:00
2015-07-28,8874.62793572,https://datacenter-web.eastmoney.com/api/data/v1/get,2026-08-03T09:11:06+00:00
2015-07-29,8817.33008327,https://datacenter-web.eastmoney.com/api/data/v1/get,2026-08-03T09:11:06+00:00
2015-07-30,8816.52186879,https://datacenter-web.eastmoney.com/api/data/v1/get,2026-08-03T09:11:06+00:00
2015-07-31,8599.70601967,https://datacenter-web.eastmoney.com/api/data/v1/get,2026-08-03T09:11:06+00:00
2015-08-03,8324.75432082,https://datacenter-web.eastmoney.com/api/data/v1/get,2026-08-03T09:11:06+00:00
2015-08-04,8421.08030431,https://datacenter-web.eastmoney.com/api/data/v1/get,2026-08-03T09:11:06+00:00
2015-08-05,8423.01741836,https://datacenter-web.eastmoney.com/api/data/v1/get,2026-08-03T09:11:06+00:00
2015-08-06,8398.38718760,https://datacenter-web.eastmoney.com/api/data/v1/get,2026-08-03T09:11:06+00:00
2015-08-07,8456.29259242,https://datacenter-web.eastmoney.com/api/data/v1/get,2026-08-03T09:11:06+00:00
2015-08-10,8612.23721255,https://datacenter-web.eastmoney.com/api/data/v1/get,2026-08-03T09:11:06+00:00
2015-08-11,8701.03319713,https://datacenter-web.eastmoney.com/api/data/v1/get,2026-08-03T09:11:06+00:00
2015-08-12,8737.94479627,https://datacenter-web.eastmoney.com/api/data/v1/get,2026-08-03T09:11:06+00:00
2015-08-13,8827.74372393,https://datacenter-web.eastmoney.com/api/data/v1/get,2026-08-03T09:11:06+00:00
2015-08-14,8860.85989804,https://datacenter-web.eastmoney.com/api/data/v1/get,2026-08-03T09:11:06+00:00
2015-08-17,8945.06794785,https://datacenter-web.eastmoney.com/api/data/v1/get,2026-08-03T09:11:06+00:00
2015-08-18,8798.99884284,https://datacenter-web.eastmoney.com/api/data/v1/get,2026-08-03T09:11:06+00:00
2015-08-19,8754.42817227,https://datacenter-web.eastmoney.com/api/data/v1/get,2026-08-03T09:11:06+00:00
2015-08-20,8692.28227066,https://datacenter-web.eastmoney.com/api/data/v1/get,2026-08-03T09:11:06+00:00
2015-08-21,8486.30862572,https://datacenter-web.eastmoney.com/api/data/v1/get,2026-08-03T09:11:06+00:00
2015-08-24,7959.43105071,https://datacenter-web.eastmoney.com/api/data/v1/get,2026-08-03T09:11:06+00:00
2015-08-25,7405.36035623,https://datacenter-web.eastmoney.com/api/data/v1/get,2026-08-03T09:11:06+00:00
2015-08-26,7065.22058254,https://datacenter-web.eastmoney.com/api/data/v1/get,2026-08-03T09:11:06+00:00
2015-08-27,6850.22556433,https://datacenter-web.eastmoney.com/api/data/v1/get,2026-08-03T09:11:06+00:00
2015-08-28,6831.18490904,https://datacenter-web.eastmoney.com/api/data/v1/get,2026-08-03T09:11:06+00:00
2015-08-31,6731.27713583,https://datacenter-web.eastmoney.com/api/data/v1/get,2026-08-03T09:11:06+00:00
2015-09-01,6428.34471301,https://datacenter-web.eastmoney.com/api/data/v1/get,2026-08-03T09:11:06+00:00
2015-09-02,6062.66170176,https://datacenter-web.eastmoney.com/api/data/v1/get,2026-08-03T09:11:06+00:00
2015-09-07,6158.72695111,https://datacenter-web.eastmoney.com/api/data/v1/get,2026-08-03T09:11:06+00:00
2015-09-08,6133.26503591,https://datacenter-web.eastmoney.com/api/data/v1/get,2026-08-03T09:11:06+00:00
2015-09-09,6223.02002741,https://datacenter-web.eastmoney.com/api/data/v1/get,2026-08-03T09:11:06+00:00
2015-09-10,6198.85682685,https://datacenter-web.eastmoney.com/api/data/v1/get,2026-08-03T09:11:06+00:00
2015-09-11,6188.50315756,https://datacenter-web.eastmoney.com/api/data/v1/get,2026-08-03T09:11:06+00:00
2015-09-14,5998.79253495,https://datacenter-web.eastmoney.com/api/data/v1/get,2026-08-03T09:11:06+00:00
2015-09-15,5871.14144804,https://datacenter-web.eastmoney.com/api/data/v1/get,2026-08-03T09:11:06+00:00
2015-09-16,5881.77192339,https://datacenter-web.eastmoney.com/api/data/v1/get,2026-08-03T09:11:06+00:00
2015-09-17,5904.67294488,https://datacenter-web.eastmoney.com/api/data/v1/get,2026-08-03T09:11:06+00:00
2015-09-18,5889.29671900,https://datacenter-web.eastmoney.com/api/data/v1/get,2026-08-03T09:11:06+00:00
2015-09-21,5896.11425721,https://datacenter-web.eastmoney.com/api/data/v1/get,2026-08-03T09:11:06+00:00
2015-09-22,5901.05583869,https://datacenter-web.eastmoney.com/api/data/v1/get,2026-08-03T09:11:06+00:00
2015-09-23,5881.55766896,https://datacenter-web.eastmoney.com/api/data/v1/get,2026-08-03T09:11:06+00:00
2015-09-24,5880.59276593,https://datacenter-web.eastmoney.com/api/data/v1/get,2026-08-03T09:11:06+00:00
2015-09-25,5791.63991185,https://datacenter-web.eastmoney.com/api/data/v1/get,2026-08-03T09:11:06+00:00
2015-09-28,5781.37194581,https://datacenter-web.eastmoney.com/api/data/v1/get,2026-08-03T09:11:06+00:00
2015-09-29,5734.30370272,https://datacenter-web.eastmoney.com/api/data/v1/get,2026-08-03T09:11:06+00:00
2015-09-30,5651.07689421,https://datacenter-web.eastmoney.com/api/data/v1/get,2026-08-03T09:11:06+00:00
2015-10-08,5734.23934505,https://datacenter-web.eastmoney.com/api/data/v1/get,2026-08-03T09:11:06+00:00
2015-10-09,5738.34927910,https://datacenter-web.eastmoney.com/api/data/v1/get,2026-08-03T09:11:06+00:00
2015-10-12,5908.26463139,https://datacenter-web.eastmoney.com/api/data/v1/get,2026-08-03T09:11:06+00:00
2015-10-13,5923.59492869,https://datacenter-web.eastmoney.com/api/data/v1/get,2026-08-03T09:11:06+00:00
2015-10-14,5954.65800492,https://datacenter-web.eastmoney.com/api/data/v1/get,2026-08-03T09:11:06+00:00
2015-10-15,6008.62476185,https://datacenter-web.eastmoney.com/api/data/v1/get,2026-08-03T09:11:06+00:00
2015-10-16,6024.83217134,https://datacenter-web.eastmoney.com/api/data/v1/get,2026-08-03T09:11:06+00:00
2015-10-19,6084.23367347,https://datacenter-web.eastmoney.com/api/data/v1/get,2026-08-03T09:11:06+00:00
2015-10-20,6145.65648086,https://datacenter-web.eastmoney.com/api/data/v1/get,2026-08-03T09:11:06+00:00
2015-10-21,6095.97972675,https://datacenter-web.eastmoney.com/api/data/v1/get,2026-08-03T09:11:06+00:00
2015-10-22,6148.55939334,https://datacenter-web.eastmoney.com/api/data/v1/get,2026-08-03T09:11:06+00:00
2015-10-23,6187.15633159,https://datacenter-web.eastmoney.com/api/data/v1/get,2026-08-03T09:11:06+00:00
2015-10-26,6254.45402262,https://datacenter-web.eastmoney.com/api/data/v1/get,2026-08-03T09:11:06+00:00
2015-10-27,6280.33239007,https://datacenter-web.eastmoney.com/api/data/v1/get,2026-08-03T09:11:06+00:00
2015-10-28,6259.71542441,https://datacenter-web.eastmoney.com/api/data/v1/get,2026-08-03T09:11:06+00:00
2015-10-29,6284.13061152,https://datacenter-web.eastmoney.com/api/data/v1/get,2026-08-03T09:11:06+00:00
2015-10-30,6268.61304247,https://datacenter-web.eastmoney.com/api/data/v1/get,2026-08-03T09:11:06+00:00
2015-11-02,6245.80223050,https://datacenter-web.eastmoney.com/api/data/v1/get,2026-08-03T09:11:06+00:00
2015-11-03,6246.41794601,https://datacenter-web.eastmoney.com/api/data/v1/get,2026-08-03T09:11:06+00:00
2015-11-04,6364.55607760,https://datacenter-web.eastmoney.com/api/data/v1/get,2026-08-03T09:11:06+00:00
2015-11-05,6487.56449213,https://datacenter-web.eastmoney.com/api/data/v1/get,2026-08-03T09:11:06+00:00
2015-11-06,6573.55073852,https://datacenter-web.eastmoney.com/api/data/v1/get,2026-08-03T09:11:06+00:00
2015-11-09,6788.46032704,https://datacenter-web.eastmoney.com/api/data/v1/get,2026-08-03T09:11:06+00:00
2015-11-10,6928.49446365,https://datacenter-web.eastmoney.com/api/data/v1/get,2026-08-03T09:11:06+00:00
2015-11-11,6985.88480945,https://datacenter-web.eastmoney.com/api/data/v1/get,2026-08-03T09:11:06+00:00
2015-11-12,7042.64669504,https://datacenter-web.eastmoney.com/api/data/v1/get,2026-08-03T09:11:06+00:00
2015-11-13,7040.17531196,https://datacenter-web.eastmoney.com/api/data/v1/get,2026-08-03T09:11:06+00:00
2015-11-16,7097.65973662,https://datacenter-web.eastmoney.com/api/data/v1/get,2026-08-03T09:11:06+00:00
2015-11-17,7191.46385419,https://datacenter-web.eastmoney.com/api/data/v1/get,2026-08-03T09:11:06+00:00
2015-11-18,7181.28393345,https://datacenter-web.eastmoney.com/api/data/v1/get,2026-08-03T09:11:06+00:00
2015-11-19,7236.77944809,https://datacenter-web.eastmoney.com/api/data/v1/get,2026-08-03T09:11:06+00:00
2015-11-20,7274.83864902,https://datacenter-web.eastmoney.com/api/data/v1/get,2026-08-03T09:11:06+00:00
2015-11-23,7249.44067772,https://datacenter-web.eastmoney.com/api/data/v1/get,2026-08-03T09:11:06+00:00
2015-11-24,7243.56454195,https://datacenter-web.eastmoney.com/api/data/v1/get,2026-08-03T09:11:06+00:00
2015-11-25,7228.71325612,https://datacenter-web.eastmoney.com/api/data/v1/get,2026-08-03T09:11:06+00:00
2015-11-26,7215.62735545,https://datacenter-web.eastmoney.com/api/data/v1/get,2026-08-03T09:11:06+00:00
2015-11-27,7075.71655449,https://datacenter-web.eastmoney.com/api/data/v1/get,2026-08-03T09:11:06+00:00
2015-11-30,7057.12846824,https://datacenter-web.eastmoney.com/api/data/v1/get,2026-08-03T09:11:06+00:00
2015-12-01,7075.73181220,https://datacenter-web.eastmoney.com/api/data/v1/get,2026-08-03T09:11:06+00:00
2015-12-02,7057.19889489,https://datacenter-web.eastmoney.com/api/data/v1/get,2026-08-03T09:11:06+00:00
2015-12-03,7012.15140017,https://datacenter-web.eastmoney.com/api/data/v1/get,2026-08-03T09:11:06+00:00
2015-12-04,6892.29679014,https://datacenter-web.eastmoney.com/api/data/v1/get,2026-08-03T09:11:06+00:00
2015-12-07,6886.43130171,https://datacenter-web.eastmoney.com/api/data/v1/get,2026-08-03T09:11:06+00:00
2015-12-08,6835.38869003,https://datacenter-web.eastmoney.com/api/data/v1/get,2026-08-03T09:11:06+00:00
2015-12-09,6818.76332446,https://datacenter-web.eastmoney.com/api/data/v1/get,2026-08-03T09:11:06+00:00
2015-12-10,6801.81466516,https://datacenter-web.eastmoney.com/api/data/v1/get,2026-08-03T09:11:06+00:00
2015-12-11,6791.72485848,https://datacenter-web.eastmoney.com/api/data/v1/get,2026-08-03T09:11:06+00:00
2015-12-14,6867.34828731,https://datacenter-web.eastmoney.com/api/data/v1/get,2026-08-03T09:11:06+00:00
2015-12-15,6869.03667749,https://datacenter-web.eastmoney.com/api/data/v1/get,2026-08-03T09:11:06+00:00
2015-12-16,6872.94173008,https://datacenter-web.eastmoney.com/api/data/v1/get,2026-08-03T09:11:06+00:00
2015-12-17,6855.14996801,https://datacenter-web.eastmoney.com/api/data/v1/get,2026-08-03T09:11:06+00:00
2015-12-18,6850.13347232,https://datacenter-web.eastmoney.com/api/data/v1/get,2026-08-03T09:11:06+00:00
2015-12-21,6902.04973913,https://datacenter-web.eastmoney.com/api/data/v1/get,2026-08-03T09:11:06+00:00
2015-12-22,6945.84343597,https://datacenter-web.eastmoney.com/api/data/v1/get,2026-08-03T09:11:06+00:00
2015-12-23,7015.76990450,https://datacenter-web.eastmoney.com/api/data/v1/get,2026-08-03T09:11:06+00:00
2015-12-24,7040.55938831,https://datacenter-web.eastmoney.com/api/data/v1/get,2026-08-03T09:11:06+00:00
2015-12-25,7029.06554042,https://datacenter-web.eastmoney.com/api/data/v1/get,2026-08-03T09:11:06+00:00
2015-12-28,6908.42371910,https://datacenter-web.eastmoney.com/api/data/v1/get,2026-08-03T09:11:06+00:00
2015-12-29,6896.99599137,https://datacenter-web.eastmoney.com/api/data/v1/get,2026-08-03T09:11:06+00:00
2015-12-30,6906.24418175,https://datacenter-web.eastmoney.com/api/data/v1/get,2026-08-03T09:11:06+00:00
2015-12-31,6805.22261155,https://datacenter-web.eastmoney.com/api/data/v1/get,2026-08-03T09:11:06+00:00
2016-01-04,6742.50015171,https://datacenter-web.eastmoney.com/api/data/v1/get,2026-07-22T01:02:06+00:00
2016-01-05,6624.24991011,https://datacenter-web.eastmoney.com/api/data/v1/get,2026-07-22T01:02:06+00:00
2016-01-06,6596.59894611,https://datacenter-web.eastmoney.com/api/data/v1/get,2026-07-22T01:02:06+00:00
2016-01-07,6536.19923734,https://datacenter-web.eastmoney.com/api/data/v1/get,2026-07-22T01:02:06+00:00
2016-01-08,6409.40954450,https://datacenter-web.eastmoney.com/api/data/v1/get,2026-07-22T01:02:06+00:00
2016-01-11,6222.58836431,https://datacenter-web.eastmoney.com/api/data/v1/get,2026-07-22T01:02:06+00:00
2016-01-12,6104.86743606,https://datacenter-web.eastmoney.com/api/data/v1/get,2026-07-22T01:02:06+00:00
2016-01-13,6004.45497232,https://datacenter-web.eastmoney.com/api/data/v1/get,2026-07-22T01:02:06+00:00
2016-01-14,5941.63365933,https://datacenter-web.eastmoney.com/api/data/v1/get,2026-07-22T01:02:06+00:00
2016-01-15,5854.78803003,https://datacenter-web.eastmoney.com/api/data/v1/get,2026-07-22T01:02:06+00:00
2016-01-18,5840.10365373,https://datacenter-web.eastmoney.com/api/data/v1/get,2026-07-22T01:02:06+00:00
2016-01-19,5834.01330073,https://datacenter-web.eastmoney.com/api/data/v1/get,2026-07-22T01:02:06+00:00
2016-01-20,5819.73101059,https://datacenter-web.eastmoney.com/api/data/v1/get,2026-07-22T01:02:06+00:00
2016-01-21,5779.82711229,https://datacenter-web.eastmoney.com/api/data/v1/get,2026-07-22T01:02:06+00:00
2016-01-22,5747.03509699,https://datacenter-web.eastmoney.com/api/data/v1/get,2026-07-22T01:02:06+00:00
2016-01-25,5730.53955612,https://datacenter-web.eastmoney.com/api/data/v1/get,2026-07-22T01:02:06+00:00
2016-01-26,5589.48682056,https://datacenter-web.eastmoney.com/api/data/v1/get,2026-07-22T01:02:06+00:00
2016-01-27,5463.09759767,https://datacenter-web.eastmoney.com/api/data/v1/get,2026-07-22T01:02:06+00:00
2016-01-28,5373.99576006,https://datacenter-web.eastmoney.com/api/data/v1/get,2026-07-22T01:02:06+00:00
2016-01-29,5330.33638244,https://datacenter-web.eastmoney.com/api/data/v1/get,2026-07-22T01:02:06+00:00
2016-02-01,5283.84301655,https://datacenter-web.eastmoney.com/api/data/v1/get,2026-07-22T01:02:06+00:00
2016-02-02,5288.45887864,https://datacenter-web.eastmoney.com/api/data/v1/get,2026-07-22T01:02:06+00:00
2016-02-03,5264.28042632,https://datacenter-web.eastmoney.com/api/data/v1/get,2026-07-22T01:02:06+00:00
2016-02-04,5243.37017843,https://datacenter-web.eastmoney.com/api/data/v1/get,2026-07-22T01:02:06+00:00
2016-02-05,5140.93133618,https://datacenter-web.eastmoney.com/api/data/v1/get,2026-07-22T01:02:06+00:00
2016-02-15,5152.56205943,https://datacenter-web.eastmoney.com/api/data/v1/get,2026-07-22T01:02:06+00:00
2016-02-16,5182.15198164,https://datacenter-web.eastmoney.com/api/data/v1/get,2026-07-22T01:02:06+00:00
2016-02-17,5187.78341837,https://datacenter-web.eastmoney.com/api/data/v1/get,2026-07-22T01:02:06+00:00
2016-02-18,5193.82998740,https://datacenter-web.eastmoney.com/api/data/v1/get,2026-07-22T01:02:06+00:00
2016-02-19,5178.32856204,https://datacenter-web.eastmoney.com/api/data/v1/get,2026-07-22T01:02:06+00:00
2016-02-22,5192.50340741,https://datacenter-web.eastmoney.com/api/data/v1/get,2026-07-22T01:02:06+00:00
2016-02-23,5191.05100581,https://datacenter-web.eastmoney.com/api/data/v1/get,2026-07-22T01:02:06+00:00
2016-02-24,5204.89250248,https://datacenter-web.eastmoney.com/api/data/v1/get,2026-07-22T01:02:06+00:00
2016-02-25,5135.48523851,https://datacenter-web.eastmoney.com/api/data/v1/get,2026-07-22T01:02:06+00:00
2016-02-26,5099.38422697,https://datacenter-web.eastmoney.com/api/data/v1/get,2026-07-22T01:02:06+00:00
2016-02-29,5010.41987179,https://datacenter-web.eastmoney.com/api/data/v1/get,2026-07-22T01:02:06+00:00
2016-03-01,4999.09493421,https://datacenter-web.eastmoney.com/api/data/v1/get,2026-07-22T01:02:06+00:00
2016-03-02,5023.50546037,https://datacenter-web.eastmoney.com/api/data/v1/get,2026-07-22T01:02:06+00:00
2016-03-03,5030.92878470,https://datacenter-web.eastmoney.com/api/data/v1/get,2026-07-22T01:02:06+00:00
2016-03-04,4949.27660917,https://datacenter-web.eastmoney.com/api/data/v1/get,2026-07-22T01:02:06+00:00
2016-03-07,4974.12906564,https://datacenter-web.eastmoney.com/api/data/v1/get,2026-07-22T01:02:06+00:00
2016-03-08,4957.50615429,https://datacenter-web.eastmoney.com/api/data/v1/get,2026-07-22T01:02:06+00:00
2016-03-09,4928.29696125,https://datacenter-web.eastmoney.com/api/data/v1/get,2026-07-22T01:02:06+00:00
2016-03-10,4920.42339533,https://datacenter-web.eastmoney.com/api/data/v1/get,2026-07-22T01:02:06+00:00
2016-03-11,4897.99692896,https://datacenter-web.eastmoney.com/api/data/v1/get,2026-07-22T01:02:06+00:00
2016-03-14,4936.87362449,https://datacenter-web.eastmoney.com/api/data/v1/get,2026-07-22T01:02:06+00:00
2016-03-15,4904.45133204,https://datacenter-web.eastmoney.com/api/data/v1/get,2026-07-22T01:02:06+00:00
2016-03-16,4834.82073240,https://datacenter-web.eastmoney.com/api/data/v1/get,2026-07-22T01:02:06+00:00
2016-03-17,4884.97078304,https://datacenter-web.eastmoney.com/api/data/v1/get,2026-07-22T01:02:06+00:00
2016-03-18,4948.72388714,https://datacenter-web.eastmoney.com/api/data/v1/get,2026-07-22T01:02:06+00:00
2016-03-21,5056.82813378,https://datacenter-web.eastmoney.com/api/data/v1/get,2026-07-22T01:02:06+00:00
2016-03-22,5073.64047862,https://datacenter-web.eastmoney.com/api/data/v1/get,2026-07-22T01:02:06+00:00
2016-03-23,5097.41838074,https://datacenter-web.eastmoney.com/api/data/v1/get,2026-07-22T01:02:06+00:00
2016-03-24,5091.72156706,https://datacenter-web.eastmoney.com/api/data/v1/get,2026-07-22T01:02:06+00:00
2016-03-25,5086.38683094,https://datacenter-web.eastmoney.com/api/data/v1/get,2026-07-22T01:02:06+00:00
2016-03-28,5092.42174833,https://datacenter-web.eastmoney.com/api/data/v1/get,2026-07-22T01:02:06+00:00
2016-03-29,5085.25327296,https://datacenter-web.eastmoney.com/api/data/v1/get,2026-07-22T01:02:06+00:00
2016-03-30,5096.91637569,https://datacenter-web.eastmoney.com/api/data/v1/get,2026-07-22T01:02:06+00:00
2016-03-31,5100.77307223,https://datacenter-web.eastmoney.com/api/data/v1/get,2026-07-22T01:02:06+00:00
2016-04-01,5061.19519804,https://datacenter-web.eastmoney.com/api/data/v1/get,2026-07-22T01:02:06+00:00
2016-04-05,5122.43331494,https://datacenter-web.eastmoney.com/api/data/v1/get,2026-07-22T01:02:06+00:00
2016-04-06,5136.84986113,https://datacenter-web.eastmoney.com/api/data/v1/get,2026-07-22T01:02:06+00:00
2016-04-07,5127.96499453,https://datacenter-web.eastmoney.com/api/data/v1/get,2026-07-22T01:02:06+00:00
2016-04-08,5097.45451220,https://datacenter-web.eastmoney.com/api/data/v1/get,2026-07-22T01:02:06+00:00
2016-04-11,5121.27578457,https://datacenter-web.eastmoney.com/api/data/v1/get,2026-07-22T01:02:06+00:00
2016-04-12,5102.11622132,https://datacenter-web.eastmoney.com/api/data/v1/get,2026-07-22T01:02:06+00:00
2016-04-13,5141.74217320,https://datacenter-web.eastmoney.com/api/data/v1/get,2026-07-22T01:02:06+00:00
2016-04-14,5154.61028742,https://datacenter-web.eastmoney.com/api/data/v1/get,2026-07-22T01:02:06+00:00
2016-04-15,5139.59169343,https://datacenter-web.eastmoney.com/api/data/v1/get,2026-07-22T01:02:06+00:00
2016-04-18,5122.73796689,https://datacenter-web.eastmoney.com/api/data/v1/get,2026-07-22T01:02:06+00:00
2016-04-19,5122.99527727,https://datacenter-web.eastmoney.com/api/data/v1/get,2026-07-22T01:02:06+00:00
2016-04-20,5060.19596565,https://datacenter-web.eastmoney.com/api/data/v1/get,2026-07-22T01:02:06+00:00
2016-04-21,5047.29309486,https://datacenter-web.eastmoney.com/api/data/v1/get,2026-07-22T01:02:06+00:00
2016-04-22,5016.99887412,https://datacenter-web.eastmoney.com/api/data/v1/get,2026-07-22T01:02:06+00:00
2016-04-25,5011.05836656,https://datacenter-web.eastmoney.com/api/data/v1/get,2026-07-22T01:02:06+00:00
2016-04-26,5002.29477522,https://datacenter-web.eastmoney.com/api/data/v1/get,2026-07-22T01:02:06+00:00
2016-04-27,4992.45448785,https://datacenter-web.eastmoney.com/api/data/v1/get,2026-07-22T01:02:06+00:00
2016-04-28,4986.79671165,https://datacenter-web.eastmoney.com/api/data/v1/get,2026-07-22T01:02:06+00:00
2016-04-29,4944.55780517,https://datacenter-web.eastmoney.com/api/data/v1/get,2026-07-22T01:02:06+00:00
2016-05-03,4980.68800143,https://datacenter-web.eastmoney.com/api/data/v1/get,2026-07-22T01:02:06+00:00
2016-05-04,4983.78241538,https://datacenter-web.eastmoney.com/api/data/v1/get,2026-07-22T01:02:06+00:00
2016-05-05,4986.47195271,https://datacenter-web.eastmoney.com/api/data/v1/get,2026-07-22T01:02:06+00:00
2016-05-06,4930.19015948,https://datacenter-web.eastmoney.com/api/data/v1/get,2026-07-22T01:02:06+00:00
2016-05-09,4897.87952075,https://datacenter-web.eastmoney.com/api/data/v1/get,2026-07-22T01:02:06+00:00
2016-05-10,4867.70066004,https://datacenter-web.eastmoney.com/api/data/v1/get,2026-07-22T01:02:06+00:00
2016-05-11,4842.23329354,https://datacenter-web.eastmoney.com/api/data/v1/get,2026-07-22T01:02:06+00:00
2016-05-12,4821.95898002,https://datacenter-web.eastmoney.com/api/data/v1/get,2026-07-22T01:02:06+00:00
2016-05-13,4798.35870205,https://datacenter-web.eastmoney.com/api/data/v1/get,2026-07-22T01:02:06+00:00
2016-05-16,4799.76560380,https://datacenter-web.eastmoney.com/api/data/v1/get,2026-07-22T01:02:06+00:00
2016-05-17,4788.28511618,https://datacenter-web.eastmoney.com/api/data/v1/get,2026-07-22T01:02:06+00:00
2016-05-18,4747.80510464,https://datacenter-web.eastmoney.com/api/data/v1/get,2026-07-22T01:02:06+00:00
2016-05-19,4747.96983383,https://datacenter-web.eastmoney.com/api/data/v1/get,2026-07-22T01:02:06+00:00
2016-05-20,4739.67145973,https://datacenter-web.eastmoney.com/api/data/v1/get,2026-07-22T01:02:06+00:00
2016-05-23,4737.90185446,https://datacenter-web.eastmoney.com/api/data/v1/get,2026-07-22T01:02:06+00:00
2016-05-24,4741.13760053,https://datacenter-web.eastmoney.com/api/data/v1/get,2026-07-22T01:02:06+00:00
2016-05-25,4732.48745984,https://datacenter-web.eastmoney.com/api/data/v1/get,2026-07-22T01:02:06+00:00
2016-05-26,4725.02816382,https://datacenter-web.eastmoney.com/api/data/v1/get,2026-07-22T01:02:06+00:00
2016-05-27,4709.33246425,https://datacenter-web.eastmoney.com/api/data/v1/get,2026-07-22T01:02:06+00:00
2016-05-30,4694.74286135,https://datacenter-web.eastmoney.com/api/data/v1/get,2026-07-22T01:02:06+00:00
2016-05-31,4727.70517075,https://datacenter-web.eastmoney.com/api/data/v1/get,2026-07-22T01:02:06+00:00
2016-06-01,4738.42939459,https://datacenter-web.eastmoney.com/api/data/v1/get,2026-07-22T01:02:06+00:00
2016-06-02,4758.57307685,https://datacenter-web.eastmoney.com/api/data/v1/get,2026-07-22T01:02:06+00:00
2016-06-03,4739.56396588,https://datacenter-web.eastmoney.com/api/data/v1/get,2026-07-22T01:02:06+00:00
2016-06-06,4746.96463629,https://datacenter-web.eastmoney.com/api/data/v1/get,2026-07-22T01:02:06+00:00
2016-06-07,4747.85801210,https://datacenter-web.eastmoney.com/api/data/v1/get,2026-07-22T01:02:06+00:00
2016-06-08,4722.30941146,https://datacenter-web.eastmoney.com/api/data/v1/get,2026-07-22T01:02:06+00:00
2016-06-13,4707.18833261,https://datacenter-web.eastmoney.com/api/data/v1/get,2026-07-22T01:02:06+00:00
2016-06-14,4698.14782324,https://datacenter-web.eastmoney.com/api/data/v1/get,2026-07-22T01:02:06+00:00
2016-06-15,4727.74017130,https://datacenter-web.eastmoney.com/api/data/v1/get,2026-07-22T01:02:06+00:00
2016-06-16,4724.26696313,https://datacenter-web.eastmoney.com/api/data/v1/get,2026-07-22T01:02:06+00:00
2016-06-17,4711.45006787,https://datacenter-web.eastmoney.com/api/data/v1/get,2026-07-22T01:02:06+00:00
2016-06-20,4718.99642785,https://datacenter-web.eastmoney.com/api/data/v1/get,2026-07-22T01:02:06+00:00
2016-06-21,4711.48810549,https://datacenter-web.eastmoney.com/api/data/v1/get,2026-07-22T01:02:06+00:00
2016-06-22,4717.57473392,https://datacenter-web.eastmoney.com/api/data/v1/get,2026-07-22T01:02:06+00:00
2016-06-23,4709.89946736,https://datacenter-web.eastmoney.com/api/data/v1/get,2026-07-22T01:02:06+00:00
2016-06-24,4695.68272060,https://datacenter-web.eastmoney.com/api/data/v1/get,2026-07-22T01:02:06+00:00
2016-06-27,4721.30992856,https://datacenter-web.eastmoney.com/api/data/v1/get,2026-07-22T01:02:06+00:00
2016-06-28,4731.72010473,https://datacenter-web.eastmoney.com/api/data/v1/get,2026-07-22T01:02:06+00:00
2016-06-29,4752.31804471,https://datacenter-web.eastmoney.com/api/data/v1/get,2026-07-22T01:02:06+00:00
2016-06-30,4749.37137098,https://datacenter-web.eastmoney.com/api/data/v1/get,2026-07-22T01:02:06+00:00
2016-07-01,4733.66707712,https://datacenter-web.eastmoney.com/api/data/v1/get,2026-07-22T01:02:06+00:00
2016-07-04,4773.43099023,https://datacenter-web.eastmoney.com/api/data/v1/get,2026-07-22T01:02:06+00:00
2016-07-05,4788.94481453,https://datacenter-web.eastmoney.com/api/data/v1/get,2026-07-22T01:02:06+00:00
2016-07-06,4801.94633761,https://datacenter-web.eastmoney.com/api/data/v1/get,2026-07-22T01:02:06+00:00
2016-07-07,4809.68164323,https://datacenter-web.eastmoney.com/api/data/v1/get,2026-07-22T01:02:06+00:00
2016-07-08,4780.82382396,https://datacenter-web.eastmoney.com/api/data/v1/get,2026-07-22T01:02:06+00:00
2016-07-11,4793.42990976,https://datacenter-web.eastmoney.com/api/data/v1/get,2026-07-22T01:02:06+00:00
2016-07-12,4821.10757617,https://datacenter-web.eastmoney.com/api/data/v1/get,2026-07-22T01:02:06+00:00
2016-07-13,4819.08335239,https://datacenter-web.eastmoney.com/api/data/v1/get,2026-07-22T01:02:06+00:00
2016-07-14,4820.59531983,https://datacenter-web.eastmoney.com/api/data/v1/get,2026-07-22T01:02:06+00:00
2016-07-15,4811.44294514,https://datacenter-web.eastmoney.com/api/data/v1/get,2026-07-22T01:02:06+00:00
2016-07-18,4832.84066990,https://datacenter-web.eastmoney.com/api/data/v1/get,2026-07-22T01:02:06+00:00
2016-07-19,4856.50291962,https://datacenter-web.eastmoney.com/api/data/v1/get,2026-07-22T01:02:06+00:00
2016-07-20,4862.71452106,https://datacenter-web.eastmoney.com/api/data/v1/get,2026-07-22T01:02:06+00:00
2016-07-21,4874.93320212,https://datacenter-web.eastmoney.com/api/data/v1/get,2026-07-22T01:02:06+00:00
2016-07-22,4857.74399944,https://datacenter-web.eastmoney.com/api/data/v1/get,2026-07-22T01:02:06+00:00
2016-07-25,4869.65174977,https://datacenter-web.eastmoney.com/api/data/v1/get,2026-07-22T01:02:06+00:00
2016-07-26,4876.93941995,https://datacenter-web.eastmoney.com/api/data/v1/get,2026-07-22T01:02:06+00:00
2016-07-27,4821.24688799,https://datacenter-web.eastmoney.com/api/data/v1/get,2026-07-22T01:02:06+00:00
2016-07-28,4804.21749174,https://datacenter-web.eastmoney.com/api/data/v1/get,2026-07-22T01:02:06+00:00
2016-07-29,4780.48309022,https://datacenter-web.eastmoney.com/api/data/v1/get,2026-07-22T01:02:06+00:00
2016-08-01,4763.55670754,https://datacenter-web.eastmoney.com/api/data/v1/get,2026-07-22T01:02:06+00:00
2016-08-02,4763.93053057,https://datacenter-web.eastmoney.com/api/data/v1/get,2026-07-22T01:02:06+00:00
2016-08-03,4769.32091555,https://datacenter-web.eastmoney.com/api/data/v1/get,2026-07-22T01:02:06+00:00
2016-08-04,4776.37950967,https://datacenter-web.eastmoney.com/api/data/v1/get,2026-07-22T01:02:06+00:00
2016-08-05,4766.92801710,https://datacenter-web.eastmoney.com/api/data/v1/get,2026-07-22T01:02:06+00:00
2016-08-08,4778.19998514,https://datacenter-web.eastmoney.com/api/data/v1/get,2026-07-22T01:02:06+00:00
2016-08-09,4790.47204988,https://datacenter-web.eastmoney.com/api/data/v1/get,2026-07-22T01:02:06+00:00
2016-08-10,4807.18943503,https://datacenter-web.eastmoney.com/api/data/v1/get,2026-07-22T01:02:06+00:00
2016-08-11,4807.75762109,https://datacenter-web.eastmoney.com/api/data/v1/get,2026-07-22T01:02:06+00:00
2016-08-12,4798.39424564,https://datacenter-web.eastmoney.com/api/data/v1/get,2026-07-22T01:02:06+00:00
2016-08-15,4864.85232335,https://datacenter-web.eastmoney.com/api/data/v1/get,2026-07-22T01:02:06+00:00
2016-08-16,4935.66088751,https://datacenter-web.eastmoney.com/api/data/v1/get,2026-07-22T01:02:06+00:00
2016-08-17,4956.59051254,https://datacenter-web.eastmoney.com/api/data/v1/get,2026-07-22T01:02:06+00:00
2016-08-18,4985.43748648,https://datacenter-web.eastmoney.com/api/data/v1/get,2026-07-22T01:02:06+00:00
2016-08-19,4982.82428488,https://datacenter-web.eastmoney.com/api/data/v1/get,2026-07-22T01:02:06+00:00
2016-08-22,4991.45177131,https://datacenter-web.eastmoney.com/api/data/v1/get,2026-07-22T01:02:06+00:00
2016-08-23,4997.34417220,https://datacenter-web.eastmoney.com/api/data/v1/get,2026-07-22T01:02:06+00:00
2016-08-24,5004.00801436,https://datacenter-web.eastmoney.com/api/data/v1/get,2026-07-22T01:02:06+00:00
2016-08-25,5007.91792381,https://datacenter-web.eastmoney.com/api/data/v1/get,2026-07-22T01:02:06+00:00
2016-08-26,4999.37745356,https://datacenter-web.eastmoney.com/api/data/v1/get,2026-07-22T01:02:06+00:00
2016-08-29,5014.77435834,https://datacenter-web.eastmoney.com/api/data/v1/get,2026-07-22T01:02:06+00:00
2016-08-30,5010.04637549,https://datacenter-web.eastmoney.com/api/data/v1/get,2026-07-22T01:02:06+00:00
2016-08-31,5017.16007963,https://datacenter-web.eastmoney.com/api/data/v1/get,2026-07-22T01:02:06+00:00
2016-09-01,5015.35695782,https://datacenter-web.eastmoney.com/api/data/v1/get,2026-07-22T01:02:06+00:00
2016-09-02,4995.92197550,https://datacenter-web.eastmoney.com/api/data/v1/get,2026-07-22T01:02:06+00:00
2016-09-05,5005.16748119,https://datacenter-web.eastmoney.com/api/data/v1/get,2026-07-22T01:02:06+00:00
2016-09-06,5030.13816371,https://datacenter-web.eastmoney.com/api/data/v1/get,2026-07-22T01:02:06+00:00
2016-09-07,5032.73563343,https://datacenter-web.eastmoney.com/api/data/v1/get,2026-07-22T01:02:06+00:00
2016-09-08,5037.08906192,https://datacenter-web.eastmoney.com/api/data/v1/get,2026-07-22T01:02:06+00:00
2016-09-09,5017.01136676,https://datacenter-web.eastmoney.com/api/data/v1/get,2026-07-22T01:02:06+00:00
2016-09-12,4997.40145178,https://datacenter-web.eastmoney.com/api/data/v1/get,2026-07-22T01:02:06+00:00
2016-09-13,4996.35099269,https://datacenter-web.eastmoney.com/api/data/v1/get,2026-07-22T01:02:06+00:00
2016-09-14,4962.29314357,https://datacenter-web.eastmoney.com/api/data/v1/get,2026-07-22T01:02:06+00:00
2016-09-19,4979.65398653,https://datacenter-web.eastmoney.com/api/data/v1/get,2026-07-22T01:02:06+00:00
2016-09-20,4986.36196708,https://datacenter-web.eastmoney.com/api/data/v1/get,2026-07-22T01:02:06+00:00
2016-09-21,4988.66810752,https://datacenter-web.eastmoney.com/api/data/v1/get,2026-07-22T01:02:06+00:00
2016-09-22,4977.69188223,https://datacenter-web.eastmoney.com/api/data/v1/get,2026-07-22T01:02:06+00:00
2016-09-23,4955.48458994,https://datacenter-web.eastmoney.com/api/data/v1/get,2026-07-22T01:02:06+00:00
2016-09-26,4953.11007534,https://datacenter-web.eastmoney.com/api/data/v1/get,2026-07-22T01:02:06+00:00
2016-09-27,4949.49863817,https://datacenter-web.eastmoney.com/api/data/v1/get,2026-07-22T01:02:06+00:00
2016-09-28,4939.35142585,https://datacenter-web.eastmoney.com/api/data/v1/get,2026-07-22T01:02:06+00:00
2016-09-29,4924.59294682,https://datacenter-web.eastmoney.com/api/data/v1/get,2026-07-22T01:02:06+00:00
2016-09-30,4853.68046034,https://datacenter-web.eastmoney.com/api/data/v1/get,2026-07-22T01:02:06+00:00
2016-10-10,4901.31918314,https://datacenter-web.eastmoney.com/api/data/v1/get,2026-07-22T01:02:06+00:00
2016-10-11,4931.55823819,https://datacenter-web.eastmoney.com/api/data/v1/get,2026-07-22T01:02:06+00:00
2016-10-12,4955.54017689,https://datacenter-web.eastmoney.com/api/data/v1/get,2026-07-22T01:02:06+00:00
2016-10-13,4973.09822724,https://datacenter-web.eastmoney.com/api/data/v1/get,2026-07-22T01:02:06+00:00
2016-10-14,4964.12883860,https://datacenter-web.eastmoney.com/api/data/v1/get,2026-07-22T01:02:06+00:00
2016-10-17,4980.28728910,https://datacenter-web.eastmoney.com/api/data/v1/get,2026-07-22T01:02:06+00:00
2016-10-18,5012.92033743,https://datacenter-web.eastmoney.com/api/data/v1/get,2026-07-22T01:02:06+00:00
2016-10-19,5022.24582657,https://datacenter-web.eastmoney.com/api/data/v1/get,2026-07-22T01:02:06+00:00
2016-10-20,5027.19680826,https://datacenter-web.eastmoney.com/api/data/v1/get,2026-07-22T01:02:06+00:00
2016-10-21,5023.62504192,https://datacenter-web.eastmoney.com/api/data/v1/get,2026-07-22T01:02:06+00:00
2016-10-24,5066.51209666,https://datacenter-web.eastmoney.com/api/data/v1/get,2026-07-22T01:02:06+00:00
2016-10-25,5094.81313469,https://datacenter-web.eastmoney.com/api/data/v1/get,2026-07-22T01:02:06+00:00
2016-10-26,5112.41718608,https://datacenter-web.eastmoney.com/api/data/v1/get,2026-07-22T01:02:06+00:00
2016-10-27,5121.47647095,https://datacenter-web.eastmoney.com/api/data/v1/get,2026-07-22T01:02:06+00:00
2016-10-28,5086.46408411,https://datacenter-web.eastmoney.com/api/data/v1/get,2026-07-22T01:02:06+00:00
2016-10-31,5102.47896561,https://datacenter-web.eastmoney.com/api/data/v1/get,2026-07-22T01:02:06+00:00
2016-11-01,5120.90091838,https://datacenter-web.eastmoney.com/api/data/v1/get,2026-07-22T01:02:06+00:00
2016-11-02,5122.02186235,https://datacenter-web.eastmoney.com/api/data/v1/get,2026-07-22T01:02:06+00:00
2016-11-03,5163.72674587,https://datacenter-web.eastmoney.com/api/data/v1/get,2026-07-22T01:02:06+00:00
2016-11-04,5159.16361686,https://datacenter-web.eastmoney.com/api/data/v1/get,2026-07-22T01:02:06+00:00
2016-11-07,5171.99830196,https://datacenter-web.eastmoney.com/api/data/v1/get,2026-07-22T01:02:06+00:00
2016-11-08,5178.80324403,https://datacenter-web.eastmoney.com/api/data/v1/get,2026-07-22T01:02:06+00:00
2016-11-09,5205.89849944,https://datacenter-web.eastmoney.com/api/data/v1/get,2026-07-22T01:02:06+00:00
2016-11-10,5241.00406163,https://datacenter-web.eastmoney.com/api/data/v1/get,2026-07-22T01:02:06+00:00
2016-11-11,5246.06038523,https://datacenter-web.eastmoney.com/api/data/v1/get,2026-07-22T01:02:06+00:00
2016-11-14,5304.34954651,https://datacenter-web.eastmoney.com/api/data/v1/get,2026-07-22T01:02:06+00:00
2016-11-15,5329.62827325,https://datacenter-web.eastmoney.com/api/data/v1/get,2026-07-22T01:02:06+00:00
2016-11-16,5357.01347651,https://datacenter-web.eastmoney.com/api/data/v1/get,2026-07-22T01:02:06+00:00
2016-11-17,5360.57751317,https://datacenter-web.eastmoney.com/api/data/v1/get,2026-07-22T01:02:06+00:00
2016-11-18,5350.57333809,https://datacenter-web.eastmoney.com/api/data/v1/get,2026-07-22T01:02:06+00:00
2016-11-21,5388.23020390,https://datacenter-web.eastmoney.com/api/data/v1/get,2026-07-22T01:02:06+00:00
2016-11-22,5420.08130531,https://datacenter-web.eastmoney.com/api/data/v1/get,2026-07-22T01:02:06+00:00
2016-11-23,5416.86542434,https://datacenter-web.eastmoney.com/api/data/v1/get,2026-07-22T01:02:06+00:00
2016-11-24,5419.13908842,https://datacenter-web.eastmoney.com/api/data/v1/get,2026-07-22T01:02:06+00:00
2016-11-25,5410.73208543,https://datacenter-web.eastmoney.com/api/data/v1/get,2026-07-22T01:02:06+00:00
2016-11-28,5467.21796406,https://datacenter-web.eastmoney.com/api/data/v1/get,2026-07-22T01:02:06+00:00
2016-11-29,5501.96731263,https://datacenter-web.eastmoney.com/api/data/v1/get,2026-07-22T01:02:06+00:00
2016-11-30,5533.19387731,https://datacenter-web.eastmoney.com/api/data/v1/get,2026-07-22T01:02:06+00:00
2016-12-01,5557.85149855,https://datacenter-web.eastmoney.com/api/data/v1/get,2026-07-22T01:02:06+00:00
2016-12-02,5529.42591967,https://datacenter-web.eastmoney.com/api/data/v1/get,2026-07-22T01:02:06+00:00
2016-12-05,5525.84304283,https://datacenter-web.eastmoney.com/api/data/v1/get,2026-07-22T01:02:06+00:00
2016-12-06,5527.96495709,https://datacenter-web.eastmoney.com/api/data/v1/get,2026-07-22T01:02:06+00:00
2016-12-07,5535.19950153,https://datacenter-web.eastmoney.com/api/data/v1/get,2026-07-22T01:02:06+00:00
2016-12-08,5541.08985855,https://datacenter-web.eastmoney.com/api/data/v1/get,2026-07-22T01:02:06+00:00
2016-12-09,5528.42108711,https://datacenter-web.eastmoney.com/api/data/v1/get,2026-07-22T01:02:06+00:00
2016-12-12,5456.36500112,https://datacenter-web.eastmoney.com/api/data/v1/get,2026-07-22T01:02:06+00:00
2016-12-13,5458.57484973,https://datacenter-web.eastmoney.com/api/data/v1/get,2026-07-22T01:02:06+00:00
2016-12-14,5475.36309834,https://datacenter-web.eastmoney.com/api/data/v1/get,2026-07-22T01:02:06+00:00
2016-12-15,5494.15404110,https://datacenter-web.eastmoney.com/api/data/v1/get,2026-07-22T01:02:06+00:00
2016-12-16,5475.44828889,https://datacenter-web.eastmoney.com/api/data/v1/get,2026-07-22T01:02:06+00:00
2016-12-19,5472.10251108,https://datacenter-web.eastmoney.com/api/data/v1/get,2026-07-22T01:02:06+00:00
2016-12-20,5484.00035764,https://datacenter-web.eastmoney.com/api/data/v1/get,2026-07-22T01:02:06+00:00
2016-12-21,5490.96724136,https://datacenter-web.eastmoney.com/api/data/v1/get,2026-07-22T01:02:06+00:00
2016-12-22,5486.38718046,https://datacenter-web.eastmoney.com/api/data/v1/get,2026-07-22T01:02:06+00:00
2016-12-23,5448.94505934,https://datacenter-web.eastmoney.com/api/data/v1/get,2026-07-22T01:02:06+00:00
2016-12-26,5457.43760642,https://datacenter-web.eastmoney.com/api/data/v1/get,2026-07-22T01:02:06+00:00
2016-12-27,5469.89121102,https://datacenter-web.eastmoney.com/api/data/v1/get,2026-07-22T01:02:06+00:00
2016-12-28,5473.80152489,https://datacenter-web.eastmoney.com/api/data/v1/get,2026-07-22T01:02:06+00:00
2016-12-29,5467.81977610,https://datacenter-web.eastmoney.com/api/data/v1/get,2026-07-22T01:02:06+00:00
2016-12-30,5417.44074134,https://datacenter-web.eastmoney.com/api/data/v1/get,2026-07-22T01:02:06+00:00
2017-01-03,5410.86585301,https://datacenter-web.eastmoney.com/api/data/v1/get,2026-07-22T01:02:06+00:00
2017-01-04,5402.66946445,https://datacenter-web.eastmoney.com/api/data/v1/get,2026-07-22T01:02:06+00:00
2017-01-05,5395.49321455,https://datacenter-web.eastmoney.com/api/data/v1/get,2026-07-22T01:02:06+00:00
2017-01-06,5375.00878600,https://datacenter-web.eastmoney.com/api/data/v1/get,2026-07-22T01:02:06+00:00
2017-01-09,5377.18895628,https://datacenter-web.eastmoney.com/api/data/v1/get,2026-07-22T01:02:06+00:00
2017-01-10,5366.48846867,https://datacenter-web.eastmoney.com/api/data/v1/get,2026-07-22T01:02:06+00:00
2017-01-11,5350.42445743,https://datacenter-web.eastmoney.com/api/data/v1/get,2026-07-22T01:02:06+00:00
2017-01-12,5337.56166491,https://datacenter-web.eastmoney.com/api/data/v1/get,2026-07-22T01:02:06+00:00
2017-01-13,5288.92909817,https://datacenter-web.eastmoney.com/api/data/v1/get,2026-07-22T01:02:06+00:00
2017-01-16,5161.66619858,https://datacenter-web.eastmoney.com/api/data/v1/get,2026-07-22T01:02:06+00:00
2017-01-17,5155.89498006,https://datacenter-web.eastmoney.com/api/data/v1/get,2026-07-22T01:02:06+00:00
2017-01-18,5140.74153163,https://datacenter-web.eastmoney.com/api/data/v1/get,2026-07-22T01:02:06+00:00
2017-01-19,5132.86356018,https://datacenter-web.eastmoney.com/api/data/v1/get,2026-07-22T01:02:06+00:00
2017-01-20,5111.51354556,https://datacenter-web.eastmoney.com/api/data/v1/get,2026-07-22T01:02:06+00:00
2017-01-23,5102.10195581,https://datacenter-web.eastmoney.com/api/data/v1/get,2026-07-22T01:02:06+00:00
2017-01-24,5075.24064123,https://datacenter-web.eastmoney.com/api/data/v1/get,2026-07-22T01:02:06+00:00
2017-01-25,5059.82240630,https://datacenter-web.eastmoney.com/api/data/v1/get,2026-07-22T01:02:06+00:00
2017-01-26,4983.74008721,https://datacenter-web.eastmoney.com/api/data/v1/get,2026-07-22T01:02:06+00:00
2017-02-03,5015.87053948,https://datacenter-web.eastmoney.com/api/data/v1/get,2026-07-22T01:02:06+00:00
2017-02-06,5050.94124703,https://datacenter-web.eastmoney.com/api/data/v1/get,2026-07-22T01:02:06+00:00
2017-02-07,5052.90510411,https://datacenter-web.eastmoney.com/api/data/v1/get,2026-07-22T01:02:06+00:00
2017-02-08,5071.20995154,https://datacenter-web.eastmoney.com/api/data/v1/get,2026-07-22T01:02:06+00:00
2017-02-09,5103.01910232,https://datacenter-web.eastmoney.com/api/data/v1/get,2026-07-22T01:02:06+00:00
2017-02-10,5095.01164991,https://datacenter-web.eastmoney.com/api/data/v1/get,2026-07-22T01:02:06+00:00
2017-02-13,5128.91126892,https://datacenter-web.eastmoney.com/api/data/v1/get,2026-07-22T01:02:06+00:00
2017-02-14,5144.93589292,https://datacenter-web.eastmoney.com/api/data/v1/get,2026-07-22T01:02:06+00:00
2017-02-15,5160.29816019,https://datacenter-web.eastmoney.com/api/data/v1/get,2026-07-22T01:02:06+00:00
2017-02-16,5188.55552701,https://datacenter-web.eastmoney.com/api/data/v1/get,2026-07-22T01:02:06+00:00
2017-02-17,5179.82129346,https://datacenter-web.eastmoney.com/api/data/v1/get,2026-07-22T01:02:06+00:00
2017-02-20,5217.97169713,https://datacenter-web.eastmoney.com/api/data/v1/get,2026-07-22T01:02:06+00:00
2017-02-21,5222.76159654,https://datacenter-web.eastmoney.com/api/data/v1/get,2026-07-22T01:02:06+00:00
2017-02-22,5237.05409158,https://datacenter-web.eastmoney.com/api/data/v1/get,2026-07-22T01:02:06+00:00
2017-02-23,5258.17689808,https://datacenter-web.eastmoney.com/api/data/v1/get,2026-07-22T01:02:06+00:00
2017-02-24,5256.54220836,https://datacenter-web.eastmoney.com/api/data/v1/get,2026-07-22T01:02:06+00:00
2017-02-27,5272.93793769,https://datacenter-web.eastmoney.com/api/data/v1/get,2026-07-22T01:02:06+00:00
2017-02-28,5288.56868250,https://datacenter-web.eastmoney.com/api/data/v1/get,2026-07-22T01:02:06+00:00
2017-03-01,5298.09697429,https://datacenter-web.eastmoney.com/api/data/v1/get,2026-07-22T01:02:06+00:00
2017-03-02,5301.70254941,https://datacenter-web.eastmoney.com/api/data/v1/get,2026-07-22T01:02:06+00:00
2017-03-03,5279.20521386,https://datacenter-web.eastmoney.com/api/data/v1/get,2026-07-22T01:02:06+00:00
2017-03-06,5298.65824898,https://datacenter-web.eastmoney.com/api/data/v1/get,2026-07-22T01:02:06+00:00
2017-03-07,5302.73177529,https://datacenter-web.eastmoney.com/api/data/v1/get,2026-07-22T01:02:06+00:00
2017-03-08,5304.63329116,https://datacenter-web.eastmoney.com/api/data/v1/get,2026-07-22T01:02:06+00:00
2017-03-09,5298.18259278,https://datacenter-web.eastmoney.com/api/data/v1/get,2026-07-22T01:02:06+00:00
2017-03-10,5275.49728744,https://datacenter-web.eastmoney.com/api/data/v1/get,2026-07-22T01:02:06+00:00
2017-03-13,5286.49018916,https://datacenter-web.eastmoney.com/api/data/v1/get,2026-07-22T01:02:06+00:00
2017-03-14,5287.37903013,https://datacenter-web.eastmoney.com/api/data/v1/get,2026-07-22T01:02:06+00:00
2017-03-15,5296.74658034,https://datacenter-web.eastmoney.com/api/data/v1/get,2026-07-22T01:02:06+00:00
2017-03-16,5328.29101634,https://datacenter-web.eastmoney.com/api/data/v1/get,2026-07-22T01:02:06+00:00
2017-03-17,5324.59710928,https://datacenter-web.eastmoney.com/api/data/v1/get,2026-07-22T01:02:06+00:00
2017-03-20,5342.27970661,https://datacenter-web.eastmoney.com/api/data/v1/get,2026-07-22T01:02:06+00:00
2017-03-21,5355.59713983,https://datacenter-web.eastmoney.com/api/data/v1/get,2026-07-22T01:02:06+00:00
2017-03-22,5369.32700690,https://datacenter-web.eastmoney.com/api/data/v1/get,2026-07-22T01:02:06+00:00
2017-03-23,5375.16709084,https://datacenter-web.eastmoney.com/api/data/v1/get,2026-07-22T01:02:06+00:00
2017-03-24,5376.15245684,https://datacenter-web.eastmoney.com/api/data/v1/get,2026-07-22T01:02:06+00:00
2017-03-27,5400.23946311,https://datacenter-web.eastmoney.com/api/data/v1/get,2026-07-22T01:02:06+00:00
2017-03-28,5408.13227571,https://datacenter-web.eastmoney.com/api/data/v1/get,2026-07-22T01:02:06+00:00
2017-03-29,5410.86656099,https://datacenter-web.eastmoney.com/api/data/v1/get,2026-07-22T01:02:06+00:00
2017-03-30,5398.68684692,https://datacenter-web.eastmoney.com/api/data/v1/get,2026-07-22T01:02:06+00:00
2017-03-31,5356.99641718,https://datacenter-web.eastmoney.com/api/data/v1/get,2026-07-22T01:02:06+00:00
2017-04-05,5387.11252185,https://datacenter-web.eastmoney.com/api/data/v1/get,2026-07-22T01:02:06+00:00
2017-04-06,5390.83167166,https://datacenter-web.eastmoney.com/api/data/v1/get,2026-07-22T01:02:06+00:00
2017-04-07,5375.67404709,https://datacenter-web.eastmoney.com/api/data/v1/get,2026-07-22T01:02:06+00:00
2017-04-10,5392.88405156,https://datacenter-web.eastmoney.com/api/data/v1/get,2026-07-22T01:02:06+00:00
2017-04-11,5434.05620610,https://datacenter-web.eastmoney.com/api/data/v1/get,2026-07-22T01:02:06+00:00
2017-04-12,5446.99793451,https://datacenter-web.eastmoney.com/api/data/v1/get,2026-07-22T01:02:06+00:00
2017-04-13,5471.57833162,https://datacenter-web.eastmoney.com/api/data/v1/get,2026-07-22T01:02:06+00:00
2017-04-14,5448.67962113,https://datacenter-web.eastmoney.com/api/data/v1/get,2026-07-22T01:02:06+00:00
2017-04-17,5461.64795221,https://datacenter-web.eastmoney.com/api/data/v1/get,2026-07-22T01:02:06+00:00
2017-04-18,5464.35281623,https://datacenter-web.eastmoney.com/api/data/v1/get,2026-07-22T01:02:06+00:00
2017-04-19,5451.15793014,https://datacenter-web.eastmoney.com/api/data/v1/get,2026-07-22T01:02:06+00:00
2017-04-20,5439.09595954,https://datacenter-web.eastmoney.com/api/data/v1/get,2026-07-22T01:02:06+00:00
2017-04-21,5386.08445810,https://datacenter-web.eastmoney.com/api/data/v1/get,2026-07-22T01:02:06+00:00
2017-04-24,5344.39269559,https://datacenter-web.eastmoney.com/api/data/v1/get,2026-07-22T01:02:06+00:00
2017-04-25,5334.64968435,https://datacenter-web.eastmoney.com/api/data/v1/get,2026-07-22T01:02:06+00:00
2017-04-26,5333.67272469,https://datacenter-web.eastmoney.com/api/data/v1/get,2026-07-22T01:02:06+00:00
2017-04-27,5335.15685576,https://datacenter-web.eastmoney.com/api/data/v1/get,2026-07-22T01:02:06+00:00
2017-04-28,5303.29667127,https://datacenter-web.eastmoney.com/api/data/v1/get,2026-07-22T01:02:06+00:00
2017-05-02,5312.59620369,https://datacenter-web.eastmoney.com/api/data/v1/get,2026-07-22T01:02:06+00:00
2017-05-03,5312.45801538,https://datacenter-web.eastmoney.com/api/data/v1/get,2026-07-22T01:02:06+00:00
2017-05-04,5326.85207766,https://datacenter-web.eastmoney.com/api/data/v1/get,2026-07-22T01:02:06+00:00
2017-05-05,5287.20181291,https://datacenter-web.eastmoney.com/api/data/v1/get,2026-07-22T01:02:06+00:00
2017-05-08,5253.47761304,https://datacenter-web.eastmoney.com/api/data/v1/get,2026-07-22T01:02:06+00:00
2017-05-09,5250.65572900,https://datacenter-web.eastmoney.com/api/data/v1/get,2026-07-22T01:02:06+00:00
2017-05-10,5223.66049656,https://datacenter-web.eastmoney.com/api/data/v1/get,2026-07-22T01:02:06+00:00
2017-05-11,5172.33414474,https://datacenter-web.eastmoney.com/api/data/v1/get,2026-07-22T01:02:06+00:00
2017-05-12,5142.16422190,https://datacenter-web.eastmoney.com/api/data/v1/get,2026-07-22T01:02:06+00:00
2017-05-15,5126.48970078,https://datacenter-web.eastmoney.com/api/data/v1/get,2026-07-22T01:02:06+00:00
2017-05-16,5138.23056434,https://datacenter-web.eastmoney.com/api/data/v1/get,2026-07-22T01:02:06+00:00
2017-05-17,5144.77174094,https://datacenter-web.eastmoney.com/api/data/v1/get,2026-07-22T01:02:06+00:00
2017-05-18,5148.21195735,https://datacenter-web.eastmoney.com/api/data/v1/get,2026-07-22T01:02:06+00:00
2017-05-19,5131.18335966,https://datacenter-web.eastmoney.com/api/data/v1/get,2026-07-22T01:02:06+00:00
2017-05-22,5122.46774771,https://datacenter-web.eastmoney.com/api/data/v1/get,2026-07-22T01:02:06+00:00
2017-05-23,5094.05303323,https://datacenter-web.eastmoney.com/api/data/v1/get,2026-07-22T01:02:06+00:00
2017-05-24,5092.46104228,https://datacenter-web.eastmoney.com/api/data/v1/get,2026-07-22T01:02:06+00:00
2017-05-25,5094.48789631,https://datacenter-web.eastmoney.com/api/data/v1/get,2026-07-22T01:02:06+00:00
2017-05-26,5058.37079759,https://datacenter-web.eastmoney.com/api/data/v1/get,2026-07-22T01:02:06+00:00
2017-05-31,5060.79239855,https://datacenter-web.eastmoney.com/api/data/v1/get,2026-07-22T01:02:06+00:00
2017-06-01,5028.81436275,https://datacenter-web.eastmoney.com/api/data/v1/get,2026-07-22T01:02:06+00:00
2017-06-02,5018.26004106,https://datacenter-web.eastmoney.com/api/data/v1/get,2026-07-22T01:02:06+00:00
2017-06-05,5029.67461112,https://datacenter-web.eastmoney.com/api/data/v1/get,2026-07-22T01:02:06+00:00
2017-06-06,5026.48994421,https://datacenter-web.eastmoney.com/api/data/v1/get,2026-07-22T01:02:06+00:00
2017-06-07,5049.51018649,https://datacenter-web.eastmoney.com/api/data/v1/get,2026-07-22T01:02:06+00:00
2017-06-08,5054.49167298,https://datacenter-web.eastmoney.com/api/data/v1/get,2026-07-22T01:02:06+00:00
2017-06-09,5040.70812514,https://datacenter-web.eastmoney.com/api/data/v1/get,2026-07-22T01:02:06+00:00
2017-06-12,5054.52993981,https://datacenter-web.eastmoney.com/api/data/v1/get,2026-07-22T01:02:06+00:00
2017-06-13,5068.86152863,https://datacenter-web.eastmoney.com/api/data/v1/get,2026-07-22T01:02:06+00:00
2017-06-14,5072.49153818,https://datacenter-web.eastmoney.com/api/data/v1/get,2026-07-22T01:02:06+00:00
2017-06-15,5090.14686250,https://datacenter-web.eastmoney.com/api/data/v1/get,2026-07-22T01:02:06+00:00
2017-06-16,5071.98520290,https://datacenter-web.eastmoney.com/api/data/v1/get,2026-07-22T01:02:06+00:00
2017-06-19,5082.26930204,https://datacenter-web.eastmoney.com/api/data/v1/get,2026-07-22T01:02:06+00:00
2017-06-20,5083.33054879,https://datacenter-web.eastmoney.com/api/data/v1/get,2026-07-22T01:02:06+00:00
2017-06-21,5089.32378843,https://datacenter-web.eastmoney.com/api/data/v1/get,2026-07-22T01:02:06+00:00
2017-06-22,5097.54526622,https://datacenter-web.eastmoney.com/api/data/v1/get,2026-07-22T01:02:06+00:00
2017-06-23,5078.90577040,https://datacenter-web.eastmoney.com/api/data/v1/get,2026-07-22T01:02:06+00:00
2017-06-26,5110.01191807,https://datacenter-web.eastmoney.com/api/data/v1/get,2026-07-22T01:02:06+00:00
2017-06-27,5114.57728296,https://datacenter-web.eastmoney.com/api/data/v1/get,2026-07-22T01:02:06+00:00
2017-06-28,5133.78917370,https://datacenter-web.eastmoney.com/api/data/v1/get,2026-07-22T01:02:06+00:00
2017-06-29,5135.01965352,https://datacenter-web.eastmoney.com/api/data/v1/get,2026-07-22T01:02:06+00:00
2017-06-30,5115.28278042,https://datacenter-web.eastmoney.com/api/data/v1/get,2026-07-22T01:02:06+00:00
2017-07-03,5124.79572751,https://datacenter-web.eastmoney.com/api/data/v1/get,2026-07-22T01:02:06+00:00
2017-07-04,5131.57610530,https://datacenter-web.eastmoney.com/api/data/v1/get,2026-07-22T01:02:06+00:00
2017-07-05,5144.87818603,https://datacenter-web.eastmoney.com/api/data/v1/get,2026-07-22T01:02:06+00:00
2017-07-06,5145.69648233,https://datacenter-web.eastmoney.com/api/data/v1/get,2026-07-22T01:02:06+00:00
2017-07-07,5137.24680300,https://datacenter-web.eastmoney.com/api/data/v1/get,2026-07-22T01:02:06+00:00
2017-07-10,5153.92194701,https://datacenter-web.eastmoney.com/api/data/v1/get,2026-07-22T01:02:06+00:00
2017-07-11,5153.29239075,https://datacenter-web.eastmoney.com/api/data/v1/get,2026-07-22T01:02:06+00:00
2017-07-12,5159.30473901,https://datacenter-web.eastmoney.com/api/data/v1/get,2026-07-22T01:02:06+00:00
2017-07-13,5173.01034702,https://datacenter-web.eastmoney.com/api/data/v1/get,2026-07-22T01:02:06+00:00
2017-07-14,5150.43617427,https://datacenter-web.eastmoney.com/api/data/v1/get,2026-07-22T01:02:06+00:00
2017-07-17,5136.68732540,https://datacenter-web.eastmoney.com/api/data/v1/get,2026-07-22T01:02:06+00:00
2017-07-18,5139.38473137,https://datacenter-web.eastmoney.com/api/data/v1/get,2026-07-22T01:02:06+00:00
2017-07-19,5166.45095697,https://datacenter-web.eastmoney.com/api/data/v1/get,2026-07-22T01:02:06+00:00
2017-07-20,5168.52513732,https://datacenter-web.eastmoney.com/api/data/v1/get,2026-07-22T01:02:06+00:00
2017-07-21,5169.27360025,https://datacenter-web.eastmoney.com/api/data/v1/get,2026-07-22T01:02:06+00:00
2017-07-24,5210.07125367,https://datacenter-web.eastmoney.com/api/data/v1/get,2026-07-22T01:02:06+00:00
2017-07-25,5232.13040701,https://datacenter-web.eastmoney.com/api/data/v1/get,2026-07-22T01:02:06+00:00
2017-07-26,5250.88165155,https://datacenter-web.eastmoney.com/api/data/v1/get,2026-07-22T01:02:06+00:00
2017-07-27,5263.93111133,https://datacenter-web.eastmoney.com/api/data/v1/get,2026-07-22T01:02:06+00:00
2017-07-28,5248.28764794,https://datacenter-web.eastmoney.com/api/data/v1/get,2026-07-22T01:02:06+00:00
2017-07-31,5285.37955376,https://datacenter-web.eastmoney.com/api/data/v1/get,2026-07-22T01:02:06+00:00
2017-08-01,5292.31018478,https://datacenter-web.eastmoney.com/api/data/v1/get,2026-07-22T01:02:06+00:00
2017-08-02,5322.00383095,https://datacenter-web.eastmoney.com/api/data/v1/get,2026-07-22T01:02:06+00:00
2017-08-03,5348.79944654,https://datacenter-web.eastmoney.com/api/data/v1/get,2026-07-22T01:02:06+00:00
2017-08-04,5328.20207518,https://datacenter-web.eastmoney.com/api/data/v1/get,2026-07-22T01:02:06+00:00
2017-08-07,5356.36198766,https://datacenter-web.eastmoney.com/api/data/v1/get,2026-07-22T01:02:06+00:00
2017-08-08,5347.26199658,https://datacenter-web.eastmoney.com/api/data/v1/get,2026-07-22T01:02:06+00:00
2017-08-09,5373.68647820,https://datacenter-web.eastmoney.com/api/data/v1/get,2026-07-22T01:02:06+00:00
2017-08-10,5376.69007398,https://datacenter-web.eastmoney.com/api/data/v1/get,2026-07-22T01:02:06+00:00
2017-08-11,5353.56477158,https://datacenter-web.eastmoney.com/api/data/v1/get,2026-07-22T01:02:06+00:00
2017-08-14,5376.32596431,https://datacenter-web.eastmoney.com/api/data/v1/get,2026-07-22T01:02:06+00:00
2017-08-15,5396.48893071,https://datacenter-web.eastmoney.com/api/data/v1/get,2026-07-22T01:02:06+00:00
2017-08-16,5408.68472055,https://datacenter-web.eastmoney.com/api/data/v1/get,2026-07-22T01:02:06+00:00
2017-08-17,5428.99045178,https://datacenter-web.eastmoney.com/api/data/v1/get,2026-07-22T01:02:06+00:00
2017-08-18,5417.48509333,https://datacenter-web.eastmoney.com/api/data/v1/get,2026-07-22T01:02:06+00:00
2017-08-21,5435.92415590,https://datacenter-web.eastmoney.com/api/data/v1/get,2026-07-22T01:02:06+00:00
2017-08-22,5448.97323822,https://datacenter-web.eastmoney.com/api/data/v1/get,2026-07-22T01:02:06+00:00
2017-08-23,5455.07089335,https://datacenter-web.eastmoney.com/api/data/v1/get,2026-07-22T01:02:06+00:00
2017-08-24,5468.33583828,https://datacenter-web.eastmoney.com/api/data/v1/get,2026-07-22T01:02:06+00:00
2017-08-25,5460.54164590,https://datacenter-web.eastmoney.com/api/data/v1/get,2026-07-22T01:02:06+00:00
2017-08-28,5508.35572748,https://datacenter-web.eastmoney.com/api/data/v1/get,2026-07-22T01:02:06+00:00
2017-08-29,5532.70011460,https://datacenter-web.eastmoney.com/api/data/v1/get,2026-07-22T01:02:06+00:00
2017-08-30,5548.44843413,https://datacenter-web.eastmoney.com/api/data/v1/get,2026-07-22T01:02:06+00:00
2017-08-31,5591.18232072,https://datacenter-web.eastmoney.com/api/data/v1/get,2026-07-22T01:02:06+00:00
2017-09-01,5602.56965769,https://datacenter-web.eastmoney.com/api/data/v1/get,2026-07-22T01:02:06+00:00
2017-09-04,5635.95774171,https://datacenter-web.eastmoney.com/api/data/v1/get,2026-07-22T01:02:06+00:00
2017-09-05,5647.49751259,https://datacenter-web.eastmoney.com/api/data/v1/get,2026-07-22T01:02:06+00:00
2017-09-06,5674.10040920,https://datacenter-web.eastmoney.com/api/data/v1/get,2026-07-22T01:02:06+00:00
2017-09-07,5680.69058625,https://datacenter-web.eastmoney.com/api/data/v1/get,2026-07-22T01:02:06+00:00
2017-09-08,5688.68703562,https://datacenter-web.eastmoney.com/api/data/v1/get,2026-07-22T01:02:06+00:00
2017-09-11,5732.27491085,https://datacenter-web.eastmoney.com/api/data/v1/get,2026-07-22T01:02:06+00:00
2017-09-12,5750.35344655,https://datacenter-web.eastmoney.com/api/data/v1/get,2026-07-22T01:02:06+00:00
2017-09-13,5773.41861552,https://datacenter-web.eastmoney.com/api/data/v1/get,2026-07-22T01:02:06+00:00
2017-09-14,5795.39655735,https://datacenter-web.eastmoney.com/api/data/v1/get,2026-07-22T01:02:06+00:00
2017-09-15,5785.83374441,https://datacenter-web.eastmoney.com/api/data/v1/get,2026-07-22T01:02:06+00:00
2017-09-18,5824.55107684,https://datacenter-web.eastmoney.com/api/data/v1/get,2026-07-22T01:02:06+00:00
2017-09-19,5837.32774712,https://datacenter-web.eastmoney.com/api/data/v1/get,2026-07-22T01:02:06+00:00
2017-09-20,5870.35104718,https://datacenter-web.eastmoney.com/api/data/v1/get,2026-07-22T01:02:06+00:00
2017-09-21,5861.41235549,https://datacenter-web.eastmoney.com/api/data/v1/get,2026-07-22T01:02:06+00:00
2017-09-22,5834.54267943,https://datacenter-web.eastmoney.com/api/data/v1/get,2026-07-22T01:02:06+00:00
2017-09-25,5811.84044380,https://datacenter-web.eastmoney.com/api/data/v1/get,2026-07-22T01:02:06+00:00
2017-09-26,5799.08899222,https://datacenter-web.eastmoney.com/api/data/v1/get,2026-07-22T01:02:06+00:00
2017-09-27,5795.23451666,https://datacenter-web.eastmoney.com/api/data/v1/get,2026-07-22T01:02:06+00:00
2017-09-28,5782.24273633,https://datacenter-web.eastmoney.com/api/data/v1/get,2026-07-22T01:02:06+00:00
2017-09-29,5700.83581576,https://datacenter-web.eastmoney.com/api/data/v1/get,2026-07-22T01:02:06+00:00
2017-10-09,5786.82092143,https://datacenter-web.eastmoney.com/api/data/v1/get,2026-07-22T01:02:06+00:00
2017-10-10,5831.45677767,https://datacenter-web.eastmoney.com/api/data/v1/get,2026-07-22T01:02:06+00:00
2017-10-11,5835.22843846,https://datacenter-web.eastmoney.com/api/data/v1/get,2026-07-22T01:02:06+00:00
2017-10-12,5834.64735903,https://datacenter-web.eastmoney.com/api/data/v1/get,2026-07-22T01:02:06+00:00
2017-10-13,5825.62628235,https://datacenter-web.eastmoney.com/api/data/v1/get,2026-07-22T01:02:06+00:00
2017-10-16,5837.59038774,https://datacenter-web.eastmoney.com/api/data/v1/get,2026-07-22T01:02:06+00:00
2017-10-17,5840.23686833,https://datacenter-web.eastmoney.com/api/data/v1/get,2026-07-22T01:02:06+00:00
2017-10-18,5815.92266640,https://datacenter-web.eastmoney.com/api/data/v1/get,2026-07-22T01:02:06+00:00
2017-10-19,5793.06498080,https://datacenter-web.eastmoney.com/api/data/v1/get,2026-07-22T01:02:06+00:00
2017-10-20,5786.49055545,https://datacenter-web.eastmoney.com/api/data/v1/get,2026-07-22T01:02:06+00:00
2017-10-23,5809.01689048,https://datacenter-web.eastmoney.com/api/data/v1/get,2026-07-22T01:02:06+00:00
2017-10-24,5788.77370713,https://datacenter-web.eastmoney.com/api/data/v1/get,2026-07-22T01:02:06+00:00
2017-10-25,5796.73158365,https://datacenter-web.eastmoney.com/api/data/v1/get,2026-07-22T01:02:06+00:00
2017-10-26,5857.21846144,https://datacenter-web.eastmoney.com/api/data/v1/get,2026-07-22T01:02:06+00:00
2017-10-27,5869.80537209,https://datacenter-web.eastmoney.com/api/data/v1/get,2026-07-22T01:02:06+00:00
2017-10-30,5872.51583104,https://datacenter-web.eastmoney.com/api/data/v1/get,2026-07-22T01:02:06+00:00
2017-10-31,5891.96036713,https://datacenter-web.eastmoney.com/api/data/v1/get,2026-07-22T01:02:06+00:00
2017-11-01,5930.84233167,https://datacenter-web.eastmoney.com/api/data/v1/get,2026-07-22T01:02:06+00:00
2017-11-02,5919.38582941,https://datacenter-web.eastmoney.com/api/data/v1/get,2026-07-22T01:02:06+00:00
2017-11-03,5892.95810105,https://datacenter-web.eastmoney.com/api/data/v1/get,2026-07-22T01:02:06+00:00
2017-11-06,5935.20002896,https://datacenter-web.eastmoney.com/api/data/v1/get,2026-07-22T01:02:06+00:00
2017-11-07,5976.86940879,https://datacenter-web.eastmoney.com/api/data/v1/get,2026-07-22T01:02:06+00:00
2017-11-08,5998.47626587,https://datacenter-web.eastmoney.com/api/data/v1/get,2026-07-22T01:02:06+00:00
2017-11-09,6022.92882328,https://datacenter-web.eastmoney.com/api/data/v1/get,2026-07-22T01:02:06+00:00
2017-11-10,6026.77946214,https://datacenter-web.eastmoney.com/api/data/v1/get,2026-07-22T01:02:06+00:00
2017-11-13,6074.53853482,https://datacenter-web.eastmoney.com/api/data/v1/get,2026-07-22T01:02:06+00:00
2017-11-14,6095.30393847,https://datacenter-web.eastmoney.com/api/data/v1/get,2026-07-22T01:02:06+00:00
2017-11-15,6100.88191761,https://datacenter-web.eastmoney.com/api/data/v1/get,2026-07-22T01:02:06+00:00
2017-11-16,6119.55170107,https://datacenter-web.eastmoney.com/api/data/v1/get,2026-07-22T01:02:06+00:00
2017-11-17,6054.07313174,https://datacenter-web.eastmoney.com/api/data/v1/get,2026-07-22T01:02:06+00:00
2017-11-20,6061.52968284,https://datacenter-web.eastmoney.com/api/data/v1/get,2026-07-22T01:02:06+00:00
2017-11-21,6108.96888811,https://datacenter-web.eastmoney.com/api/data/v1/get,2026-07-22T01:02:06+00:00
2017-11-22,6136.38975630,https://datacenter-web.eastmoney.com/api/data/v1/get,2026-07-22T01:02:06+00:00
2017-11-23,6123.23609647,https://datacenter-web.eastmoney.com/api/data/v1/get,2026-07-22T01:02:06+00:00
2017-11-24,6078.03783678,https://datacenter-web.eastmoney.com/api/data/v1/get,2026-07-22T01:02:06+00:00
2017-11-27,6041.20318760,https://datacenter-web.eastmoney.com/api/data/v1/get,2026-07-22T01:02:06+00:00
2017-11-28,6050.38393589,https://datacenter-web.eastmoney.com/api/data/v1/get,2026-07-22T01:02:06+00:00
2017-11-29,6064.35086718,https://datacenter-web.eastmoney.com/api/data/v1/get,2026-07-22T01:02:06+00:00
2017-11-30,6062.66729261,https://datacenter-web.eastmoney.com/api/data/v1/get,2026-07-22T01:02:06+00:00
2017-12-01,6050.49876092,https://datacenter-web.eastmoney.com/api/data/v1/get,2026-07-22T01:02:06+00:00
2017-12-04,6045.95733465,https://datacenter-web.eastmoney.com/api/data/v1/get,2026-07-22T01:02:06+00:00
2017-12-05,5949.60743028,https://datacenter-web.eastmoney.com/api/data/v1/get,2026-07-22T01:02:06+00:00
2017-12-06,5952.36819307,https://datacenter-web.eastmoney.com/api/data/v1/get,2026-07-22T01:02:06+00:00
2017-12-07,5960.91122261,https://datacenter-web.eastmoney.com/api/data/v1/get,2026-07-22T01:02:06+00:00
2017-12-08,5959.97613220,https://datacenter-web.eastmoney.com/api/data/v1/get,2026-07-22T01:02:06+00:00
2017-12-11,5973.88285945,https://datacenter-web.eastmoney.com/api/data/v1/get,2026-07-22T01:02:06+00:00
2017-12-12,5981.21141086,https://datacenter-web.eastmoney.com/api/data/v1/get,2026-07-22T01:02:06+00:00
2017-12-13,5998.23623298,https://datacenter-web.eastmoney.com/api/data/v1/get,2026-07-22T01:02:06+00:00
2017-12-14,6015.18600419,https://datacenter-web.eastmoney.com/api/data/v1/get,2026-07-22T01:02:06+00:00
2017-12-15,5999.73160706,https://datacenter-web.eastmoney.com/api/data/v1/get,2026-07-22T01:02:06+00:00
2017-12-18,6003.85416902,https://datacenter-web.eastmoney.com/api/data/v1/get,2026-07-22T01:02:06+00:00
2017-12-19,6011.50771777,https://datacenter-web.eastmoney.com/api/data/v1/get,2026-07-22T01:02:06+00:00
2017-12-20,6006.60765121,https://datacenter-web.eastmoney.com/api/data/v1/get,2026-07-22T01:02:06+00:00
2017-12-21,6013.31057847,https://datacenter-web.eastmoney.com/api/data/v1/get,2026-07-22T01:02:06+00:00
2017-12-22,6007.52458618,https://datacenter-web.eastmoney.com/api/data/v1/get,2026-07-22T01:02:06+00:00
2017-12-25,6020.10826133,https://datacenter-web.eastmoney.com/api/data/v1/get,2026-07-22T01:02:06+00:00
2017-12-26,6037.88870421,https://datacenter-web.eastmoney.com/api/data/v1/get,2026-07-22T01:02:06+00:00
2017-12-27,6042.43378239,https://datacenter-web.eastmoney.com/api/data/v1/get,2026-07-22T01:02:06+00:00
2017-12-28,6072.88414879,https://datacenter-web.eastmoney.com/api/data/v1/get,2026-07-22T01:02:06+00:00
2017-12-29,6052.81700426,https://datacenter-web.eastmoney.com/api/data/v1/get,2026-07-22T01:02:06+00:00
2018-01-02,6083.66051878,https://datacenter-web.eastmoney.com/api/data/v1/get,2026-07-22T01:02:06+00:00
2018-01-03,6088.15534517,https://datacenter-web.eastmoney.com/api/data/v1/get,2026-07-22T01:02:06+00:00
2018-01-04,6105.27948195,https://datacenter-web.eastmoney.com/api/data/v1/get,2026-07-22T01:02:06+00:00
2018-01-05,6110.33498008,https://datacenter-web.eastmoney.com/api/data/v1/get,2026-07-22T01:02:06+00:00
2018-01-08,6144.37310945,https://datacenter-web.eastmoney.com/api/data/v1/get,2026-07-22T01:02:06+00:00
2018-01-09,6165.40107796,https://datacenter-web.eastmoney.com/api/data/v1/get,2026-07-22T01:02:06+00:00
2018-01-10,6196.25092233,https://datacenter-web.eastmoney.com/api/data/v1/get,2026-07-22T01:02:06+00:00
2018-01-11,6210.46744130,https://datacenter-web.eastmoney.com/api/data/v1/get,2026-07-22T01:02:06+00:00
2018-01-12,6198.48249343,https://datacenter-web.eastmoney.com/api/data/v1/get,2026-07-22T01:02:06+00:00
2018-01-15,6214.97637591,https://datacenter-web.eastmoney.com/api/data/v1/get,2026-07-22T01:02:06+00:00
2018-01-16,6259.92542194,https://datacenter-web.eastmoney.com/api/data/v1/get,2026-07-22T01:02:06+00:00
2018-01-17,6270.94987907,https://datacenter-web.eastmoney.com/api/data/v1/get,2026-07-22T01:02:06+00:00
2018-01-18,6342.28438561,https://datacenter-web.eastmoney.com/api/data/v1/get,2026-07-22T01:02:06+00:00
2018-01-19,6360.18905560,https://datacenter-web.eastmoney.com/api/data/v1/get,2026-07-22T01:02:06+00:00
2018-01-22,6399.21300534,https://datacenter-web.eastmoney.com/api/data/v1/get,2026-07-22T01:02:06+00:00
2018-01-23,6445.64213418,https://datacenter-web.eastmoney.com/api/data/v1/get,2026-07-22T01:02:06+00:00
2018-01-24,6468.59187212,https://datacenter-web.eastmoney.com/api/data/v1/get,2026-07-22T01:02:06+00:00
2018-01-25,6475.29134317,https://datacenter-web.eastmoney.com/api/data/v1/get,2026-07-22T01:02:06+00:00
2018-01-26,6466.34615949,https://datacenter-web.eastmoney.com/api/data/v1/get,2026-07-22T01:02:06+00:00
2018-01-29,6482.56047965,https://datacenter-web.eastmoney.com/api/data/v1/get,2026-07-22T01:02:06+00:00
2018-01-30,6481.76166579,https://datacenter-web.eastmoney.com/api/data/v1/get,2026-07-22T01:02:06+00:00
2018-01-31,6454.00680690,https://datacenter-web.eastmoney.com/api/data/v1/get,2026-07-22T01:02:06+00:00
2018-02-01,6364.82319607,https://datacenter-web.eastmoney.com/api/data/v1/get,2026-07-22T01:02:06+00:00
2018-02-02,6310.35437334,https://datacenter-web.eastmoney.com/api/data/v1/get,2026-07-22T01:02:06+00:00
2018-02-05,6300.54975768,https://datacenter-web.eastmoney.com/api/data/v1/get,2026-07-22T01:02:06+00:00
2018-02-06,6192.90275865,https://datacenter-web.eastmoney.com/api/data/v1/get,2026-07-22T01:02:06+00:00
2018-02-07,6164.05478519,https://datacenter-web.eastmoney.com/api/data/v1/get,2026-07-22T01:02:06+00:00
2018-02-08,6157.10148081,https://datacenter-web.eastmoney.com/api/data/v1/get,2026-07-22T01:02:06+00:00
2018-02-09,6048.33557210,https://datacenter-web.eastmoney.com/api/data/v1/get,2026-07-22T01:02:06+00:00
2018-02-12,6009.26938548,https://datacenter-web.eastmoney.com/api/data/v1/get,2026-07-22T01:02:06+00:00
2018-02-13,5953.28087592,https://datacenter-web.eastmoney.com/api/data/v1/get,2026-07-22T01:02:06+00:00
2018-02-14,5875.96708400,https://datacenter-web.eastmoney.com/api/data/v1/get,2026-07-22T01:02:06+00:00
2018-02-22,5903.74192560,https://datacenter-web.eastmoney.com/api/data/v1/get,2026-07-22T01:02:06+00:00
2018-02-23,5903.18411364,https://datacenter-web.eastmoney.com/api/data/v1/get,2026-07-22T01:02:06+00:00
2018-02-26,5927.14977109,https://datacenter-web.eastmoney.com/api/data/v1/get,2026-07-22T01:02:06+00:00
2018-02-27,5930.11785899,https://datacenter-web.eastmoney.com/api/data/v1/get,2026-07-22T01:02:06+00:00
2018-02-28,5946.17162664,https://datacenter-web.eastmoney.com/api/data/v1/get,2026-07-22T01:02:06+00:00
2018-03-01,5959.39917864,https://datacenter-web.eastmoney.com/api/data/v1/get,2026-07-22T01:02:06+00:00
2018-03-02,5953.61568569,https://datacenter-web.eastmoney.com/api/data/v1/get,2026-07-22T01:02:06+00:00
2018-03-05,5950.49930410,https://datacenter-web.eastmoney.com/api/data/v1/get,2026-07-22T01:02:06+00:00
2018-03-06,5975.37104191,https://datacenter-web.eastmoney.com/api/data/v1/get,2026-07-22T01:02:06+00:00
2018-03-07,5969.69079947,https://datacenter-web.eastmoney.com/api/data/v1/get,2026-07-22T01:02:06+00:00
2018-03-08,5979.40210780,https://datacenter-web.eastmoney.com/api/data/v1/get,2026-07-22T01:02:06+00:00
2018-03-09,5970.50145863,https://datacenter-web.eastmoney.com/api/data/v1/get,2026-07-22T01:02:06+00:00
2018-03-12,6000.45856188,https://datacenter-web.eastmoney.com/api/data/v1/get,2026-07-22T01:02:06+00:00
2018-03-13,5995.68767827,https://datacenter-web.eastmoney.com/api/data/v1/get,2026-07-22T01:02:06+00:00
2018-03-14,6003.45441237,https://datacenter-web.eastmoney.com/api/data/v1/get,2026-07-22T01:02:06+00:00
2018-03-15,6011.72365606,https://datacenter-web.eastmoney.com/api/data/v1/get,2026-07-22T01:02:06+00:00
2018-03-16,6006.03525889,https://datacenter-web.eastmoney.com/api/data/v1/get,2026-07-22T01:02:06+00:00
2018-03-19,6015.76470724,https://datacenter-web.eastmoney.com/api/data/v1/get,2026-07-22T01:02:06+00:00
2018-03-20,6021.06366122,https://datacenter-web.eastmoney.com/api/data/v1/get,2026-07-22T01:02:06+00:00
2018-03-21,6035.79457196,https://datacenter-web.eastmoney.com/api/data/v1/get,2026-07-22T01:02:06+00:00
2018-03-22,6037.96655509,https://datacenter-web.eastmoney.com/api/data/v1/get,2026-07-22T01:02:06+00:00
2018-03-23,5937.92703708,https://datacenter-web.eastmoney.com/api/data/v1/get,2026-07-22T01:02:06+00:00
2018-03-26,5974.11337395,https://datacenter-web.eastmoney.com/api/data/v1/get,2026-07-22T01:02:06+00:00
2018-03-27,5994.42144212,https://datacenter-web.eastmoney.com/api/data/v1/get,2026-07-22T01:02:06+00:00
2018-03-28,5993.07494218,https://datacenter-web.eastmoney.com/api/data/v1/get,2026-07-22T01:02:06+00:00
2018-03-29,6001.45215249,https://datacenter-web.eastmoney.com/api/data/v1/get,2026-07-22T01:02:06+00:00
2018-03-30,5988.55912677,https://datacenter-web.eastmoney.com/api/data/v1/get,2026-07-22T01:02:06+00:00
2018-04-02,6010.30714928,https://datacenter-web.eastmoney.com/api/data/v1/get,2026-07-22T01:02:06+00:00
2018-04-03,6011.69419027,https://datacenter-web.eastmoney.com/api/data/v1/get,2026-07-22T01:02:06+00:00
2018-04-04,5981.81552536,https://datacenter-web.eastmoney.com/api/data/v1/get,2026-07-22T01:02:06+00:00
2018-04-09,5996.50337034,https://datacenter-web.eastmoney.com/api/data/v1/get,2026-07-22T01:02:06+00:00
2018-04-10,5990.80845943,https://datacenter-web.eastmoney.com/api/data/v1/get,2026-07-22T01:02:06+00:00
2018-04-11,5996.89679276,https://datacenter-web.eastmoney.com/api/data/v1/get,2026-07-22T01:02:06+00:00
2018-04-12,6004.24988033,https://datacenter-web.eastmoney.com/api/data/v1/get,2026-07-22T01:02:06+00:00
2018-04-13,5998.33935982,https://datacenter-web.eastmoney.com/api/data/v1/get,2026-07-22T01:02:06+00:00
2018-04-16,6010.24882857,https://datacenter-web.eastmoney.com/api/data/v1/get,2026-07-22T01:02:06+00:00
2018-04-17,6002.84382263,https://datacenter-web.eastmoney.com/api/data/v1/get,2026-07-22T01:02:06+00:00
2018-04-18,6000.98082128,https://datacenter-web.eastmoney.com/api/data/v1/get,2026-07-22T01:02:06+00:00
2018-04-19,5991.80521526,https://datacenter-web.eastmoney.com/api/data/v1/get,2026-07-22T01:02:06+00:00
2018-04-20,5965.45372671,https://datacenter-web.eastmoney.com/api/data/v1/get,2026-07-22T01:02:06+00:00
2018-04-23,5969.95595435,https://datacenter-web.eastmoney.com/api/data/v1/get,2026-07-22T01:02:06+00:00
2018-04-24,5963.77635708,https://datacenter-web.eastmoney.com/api/data/v1/get,2026-07-22T01:02:06+00:00
2018-04-25,5970.19402304,https://datacenter-web.eastmoney.com/api/data/v1/get,2026-07-22T01:02:06+00:00
2018-04-26,5961.78122764,https://datacenter-web.eastmoney.com/api/data/v1/get,2026-07-22T01:02:06+00:00
2018-04-27,5928.67415552,https://datacenter-web.eastmoney.com/api/data/v1/get,2026-07-22T01:02:06+00:00
2018-05-02,5929.11559958,https://datacenter-web.eastmoney.com/api/data/v1/get,2026-07-22T01:02:06+00:00
2018-05-03,5919.87078108,https://datacenter-web.eastmoney.com/api/data/v1/get,2026-07-22T01:02:06+00:00
2018-05-04,5904.34735762,https://datacenter-web.eastmoney.com/api/data/v1/get,2026-07-22T01:02:06+00:00
2018-05-07,5916.29638695,https://datacenter-web.eastmoney.com/api/data/v1/get,2026-07-22T01:02:06+00:00
2018-05-08,5924.00524194,https://datacenter-web.eastmoney.com/api/data/v1/get,2026-07-22T01:02:06+00:00
2018-05-09,5937.03956355,https://datacenter-web.eastmoney.com/api/data/v1/get,2026-07-22T01:02:06+00:00
2018-05-10,5947.35071550,https://datacenter-web.eastmoney.com/api/data/v1/get,2026-07-22T01:02:06+00:00
2018-05-11,5927.19427747,https://datacenter-web.eastmoney.com/api/data/v1/get,2026-07-22T01:02:06+00:00
2018-05-14,5929.05263679,https://datacenter-web.eastmoney.com/api/data/v1/get,2026-07-22T01:02:06+00:00
2018-05-15,5934.10196752,https://datacenter-web.eastmoney.com/api/data/v1/get,2026-07-22T01:02:06+00:00
2018-05-16,5944.16330170,https://datacenter-web.eastmoney.com/api/data/v1/get,2026-07-22T01:02:06+00:00
2018-05-17,5951.58136870,https://datacenter-web.eastmoney.com/api/data/v1/get,2026-07-22T01:02:06+00:00
2018-05-18,5941.45598040,https://datacenter-web.eastmoney.com/api/data/v1/get,2026-07-22T01:02:06+00:00
2018-05-21,5958.80340436,https://datacenter-web.eastmoney.com/api/data/v1/get,2026-07-22T01:02:06+00:00
2018-05-22,5979.85960989,https://datacenter-web.eastmoney.com/api/data/v1/get,2026-07-22T01:02:06+00:00
2018-05-23,5997.97085094,https://datacenter-web.eastmoney.com/api/data/v1/get,2026-07-22T01:02:06+00:00
2018-05-24,6005.64172688,https://datacenter-web.eastmoney.com/api/data/v1/get,2026-07-22T01:02:06+00:00
2018-05-25,5984.55827921,https://datacenter-web.eastmoney.com/api/data/v1/get,2026-07-22T01:02:06+00:00
2018-05-28,5989.49037435,https://datacenter-web.eastmoney.com/api/data/v1/get,2026-07-22T01:02:06+00:00
2018-05-29,5979.65012117,https://datacenter-web.eastmoney.com/api/data/v1/get,2026-07-22T01:02:06+00:00
2018-05-30,5956.35486365,https://datacenter-web.eastmoney.com/api/data/v1/get,2026-07-22T01:02:06+00:00
2018-05-31,5953.72987763,https://datacenter-web.eastmoney.com/api/data/v1/get,2026-07-22T01:02:06+00:00
2018-06-01,5924.45445276,https://datacenter-web.eastmoney.com/api/data/v1/get,2026-07-22T01:02:06+00:00
2018-06-04,5908.40188900,https://datacenter-web.eastmoney.com/api/data/v1/get,2026-07-22T01:02:06+00:00
2018-06-05,5910.74705741,https://datacenter-web.eastmoney.com/api/data/v1/get,2026-07-22T01:02:06+00:00
2018-06-06,5907.09945434,https://datacenter-web.eastmoney.com/api/data/v1/get,2026-07-22T01:02:06+00:00
2018-06-07,5909.59804095,https://datacenter-web.eastmoney.com/api/data/v1/get,2026-07-22T01:02:06+00:00
2018-06-08,5890.88015126,https://datacenter-web.eastmoney.com/api/data/v1/get,2026-07-22T01:02:06+00:00
2018-06-11,5884.85005458,https://datacenter-web.eastmoney.com/api/data/v1/get,2026-07-22T01:02:06+00:00
2018-06-12,5885.19533549,https://datacenter-web.eastmoney.com/api/data/v1/get,2026-07-22T01:02:06+00:00
2018-06-13,5871.40793988,https://datacenter-web.eastmoney.com/api/data/v1/get,2026-07-22T01:02:06+00:00
2018-06-14,5865.89031060,https://datacenter-web.eastmoney.com/api/data/v1/get,2026-07-22T01:02:06+00:00
2018-06-15,5815.69561529,https://datacenter-web.eastmoney.com/api/data/v1/get,2026-07-22T01:02:06+00:00
2018-06-19,5678.49953722,https://datacenter-web.eastmoney.com/api/data/v1/get,2026-07-22T01:02:06+00:00
2018-06-20,5646.45936794,https://datacenter-web.eastmoney.com/api/data/v1/get,2026-07-22T01:02:06+00:00
2018-06-21,5608.08688544,https://datacenter-web.eastmoney.com/api/data/v1/get,2026-07-22T01:02:06+00:00
2018-06-22,5581.96136785,https://datacenter-web.eastmoney.com/api/data/v1/get,2026-07-22T01:02:06+00:00
2018-06-25,5568.75334203,https://datacenter-web.eastmoney.com/api/data/v1/get,2026-07-22T01:02:06+00:00
2018-06-26,5566.36105493,https://datacenter-web.eastmoney.com/api/data/v1/get,2026-07-22T01:02:06+00:00
2018-06-27,5558.86983956,https://datacenter-web.eastmoney.com/api/data/v1/get,2026-07-22T01:02:06+00:00
2018-06-28,5550.85668675,https://datacenter-web.eastmoney.com/api/data/v1/get,2026-07-22T01:02:06+00:00
2018-06-29,5535.22416883,https://datacenter-web.eastmoney.com/api/data/v1/get,2026-07-22T01:02:06+00:00
2018-07-02,5525.25463016,https://datacenter-web.eastmoney.com/api/data/v1/get,2026-07-22T01:02:06+00:00
2018-07-03,5526.90105369,https://datacenter-web.eastmoney.com/api/data/v1/get,2026-07-22T01:02:06+00:00
2018-07-04,5494.14701907,https://datacenter-web.eastmoney.com/api/data/v1/get,2026-07-22T01:02:06+00:00
2018-07-05,5460.20776894,https://datacenter-web.eastmoney.com/api/data/v1/get,2026-07-22T01:02:06+00:00
2018-07-06,5434.89414407,https://datacenter-web.eastmoney.com/api/data/v1/get,2026-07-22T01:02:06+00:00
2018-07-09,5420.12974350,https://datacenter-web.eastmoney.com/api/data/v1/get,2026-07-22T01:02:06+00:00
2018-07-10,5418.78346674,https://datacenter-web.eastmoney.com/api/data/v1/get,2026-07-22T01:02:06+00:00
2018-07-11,5394.87029849,https://datacenter-web.eastmoney.com/api/data/v1/get,2026-07-22T01:02:06+00:00
2018-07-12,5402.47707295,https://datacenter-web.eastmoney.com/api/data/v1/get,2026-07-22T01:02:06+00:00
2018-07-13,5383.40528874,https://datacenter-web.eastmoney.com/api/data/v1/get,2026-07-22T01:02:06+00:00
2018-07-16,5385.27240085,https://datacenter-web.eastmoney.com/api/data/v1/get,2026-07-22T01:02:06+00:00
2018-07-17,5391.03125579,https://datacenter-web.eastmoney.com/api/data/v1/get,2026-07-22T01:02:06+00:00
2018-07-18,5385.59054640,https://datacenter-web.eastmoney.com/api/data/v1/get,2026-07-22T01:02:06+00:00
2018-07-19,5369.35848153,https://datacenter-web.eastmoney.com/api/data/v1/get,2026-07-22T01:02:06+00:00
2018-07-20,5349.06513435,https://datacenter-web.eastmoney.com/api/data/v1/get,2026-07-22T01:02:06+00:00
2018-07-23,5340.01675133,https://datacenter-web.eastmoney.com/api/data/v1/get,2026-07-22T01:02:06+00:00
2018-07-24,5336.53883014,https://datacenter-web.eastmoney.com/api/data/v1/get,2026-07-22T01:02:06+00:00
2018-07-25,5343.56990639,https://datacenter-web.eastmoney.com/api/data/v1/get,2026-07-22T01:02:06+00:00
2018-07-26,5356.37045599,https://datacenter-web.eastmoney.com/api/data/v1/get,2026-07-22T01:02:06+00:00
2018-07-27,5338.48926644,https://datacenter-web.eastmoney.com/api/data/v1/get,2026-07-22T01:02:06+00:00
2018-07-30,5336.25257352,https://datacenter-web.eastmoney.com/api/data/v1/get,2026-07-22T01:02:06+00:00
2018-07-31,5329.16979958,https://datacenter-web.eastmoney.com/api/data/v1/get,2026-07-22T01:02:06+00:00
2018-08-01,5320.68228664,https://datacenter-web.eastmoney.com/api/data/v1/get,2026-07-22T01:02:06+00:00
2018-08-02,5311.74597926,https://datacenter-web.eastmoney.com/api/data/v1/get,2026-07-22T01:02:06+00:00
2018-08-03,5288.10410344,https://datacenter-web.eastmoney.com/api/data/v1/get,2026-07-22T01:02:06+00:00
2018-08-06,5272.21789894,https://datacenter-web.eastmoney.com/api/data/v1/get,2026-07-22T01:02:06+00:00
2018-08-07,5263.92695026,https://datacenter-web.eastmoney.com/api/data/v1/get,2026-07-22T01:02:06+00:00
2018-08-08,5249.00753790,https://datacenter-web.eastmoney.com/api/data/v1/get,2026-07-22T01:02:06+00:00
2018-08-09,5245.94839263,https://datacenter-web.eastmoney.com/api/data/v1/get,2026-07-22T01:02:06+00:00
2018-08-10,5227.61979654,https://datacenter-web.eastmoney.com/api/data/v1/get,2026-07-22T01:02:06+00:00
2018-08-13,5237.22819418,https://datacenter-web.eastmoney.com/api/data/v1/get,2026-07-22T01:02:06+00:00
2018-08-14,5238.60576227,https://datacenter-web.eastmoney.com/api/data/v1/get,2026-07-22T01:02:06+00:00
2018-08-15,5239.90050346,https://datacenter-web.eastmoney.com/api/data/v1/get,2026-07-22T01:02:06+00:00
2018-08-16,5243.45738232,https://datacenter-web.eastmoney.com/api/data/v1/get,2026-07-22T01:02:06+00:00
2018-08-17,5227.37305344,https://datacenter-web.eastmoney.com/api/data/v1/get,2026-07-22T01:02:06+00:00
2018-08-20,5214.23369451,https://datacenter-web.eastmoney.com/api/data/v1/get,2026-07-22T01:02:06+00:00
2018-08-21,5200.47585196,https://datacenter-web.eastmoney.com/api/data/v1/get,2026-07-22T01:02:06+00:00
2018-08-22,5191.98247652,https://datacenter-web.eastmoney.com/api/data/v1/get,2026-07-22T01:02:06+00:00
2018-08-23,5194.53159802,https://datacenter-web.eastmoney.com/api/data/v1/get,2026-07-22T01:02:06+00:00
2018-08-24,5175.64307970,https://datacenter-web.eastmoney.com/api/data/v1/get,2026-07-22T01:02:06+00:00
2018-08-27,5177.33060699,https://datacenter-web.eastmoney.com/api/data/v1/get,2026-07-22T01:02:06+00:00
2018-08-28,5174.11048779,https://datacenter-web.eastmoney.com/api/data/v1/get,2026-07-22T01:02:06+00:00
2018-08-29,5169.04203797,https://datacenter-web.eastmoney.com/api/data/v1/get,2026-07-22T01:02:06+00:00
2018-08-30,5164.91992705,https://datacenter-web.eastmoney.com/api/data/v1/get,2026-07-22T01:02:06+00:00
2018-08-31,5139.56376664,https://datacenter-web.eastmoney.com/api/data/v1/get,2026-07-22T01:02:06+00:00
2018-09-03,5132.90990055,https://datacenter-web.eastmoney.com/api/data/v1/get,2026-07-22T01:02:06+00:00
2018-09-04,5131.82458484,https://datacenter-web.eastmoney.com/api/data/v1/get,2026-07-22T01:02:06+00:00
2018-09-05,5130.10193653,https://datacenter-web.eastmoney.com/api/data/v1/get,2026-07-22T01:02:06+00:00
2018-09-06,5132.56982251,https://datacenter-web.eastmoney.com/api/data/v1/get,2026-07-22T01:02:06+00:00
2018-09-07,5111.37883134,https://datacenter-web.eastmoney.com/api/data/v1/get,2026-07-22T01:02:06+00:00
2018-09-10,5094.79248423,https://datacenter-web.eastmoney.com/api/data/v1/get,2026-07-22T01:02:06+00:00
2018-09-11,5088.66481182,https://datacenter-web.eastmoney.com/api/data/v1/get,2026-07-22T01:02:06+00:00
2018-09-12,5087.65532668,https://datacenter-web.eastmoney.com/api/data/v1/get,2026-07-22T01:02:06+00:00
2018-09-13,5084.67827596,https://datacenter-web.eastmoney.com/api/data/v1/get,2026-07-22T01:02:06+00:00
2018-09-14,5060.09498734,https://datacenter-web.eastmoney.com/api/data/v1/get,2026-07-22T01:02:06+00:00
2018-09-17,5049.93237974,https://datacenter-web.eastmoney.com/api/data/v1/get,2026-07-22T01:02:06+00:00
2018-09-18,5046.31339773,https://datacenter-web.eastmoney.com/api/data/v1/get,2026-07-22T01:02:06+00:00
2018-09-19,5026.78815221,https://datacenter-web.eastmoney.com/api/data/v1/get,2026-07-22T01:02:06+00:00
2018-09-20,5012.71444915,https://datacenter-web.eastmoney.com/api/data/v1/get,2026-07-22T01:02:06+00:00
2018-09-21,4987.77152833,https://datacenter-web.eastmoney.com/api/data/v1/get,2026-07-22T01:02:06+00:00
2018-09-25,4996.53250243,https://datacenter-web.eastmoney.com/api/data/v1/get,2026-07-22T01:02:06+00:00
2018-09-26,4990.93628658,https://datacenter-web.eastmoney.com/api/data/v1/get,2026-07-22T01:02:06+00:00
2018-09-27,4976.47547449,https://datacenter-web.eastmoney.com/api/data/v1/get,2026-07-22T01:02:06+00:00
2018-09-28,4929.89890192,https://datacenter-web.eastmoney.com/api/data/v1/get,2026-07-22T01:02:06+00:00
2018-10-08,4963.33847498,https://datacenter-web.eastmoney.com/api/data/v1/get,2026-07-22T01:02:06+00:00
2018-10-09,4967.98379422,https://datacenter-web.eastmoney.com/api/data/v1/get,2026-07-22T01:02:06+00:00
2018-10-10,4966.92130111,https://datacenter-web.eastmoney.com/api/data/v1/get,2026-07-22T01:02:06+00:00
2018-10-11,4893.62003478,https://datacenter-web.eastmoney.com/api/data/v1/get,2026-07-22T01:02:06+00:00
2018-10-12,4826.68130673,https://datacenter-web.eastmoney.com/api/data/v1/get,2026-07-22T01:02:06+00:00
2018-10-15,4797.08528447,https://datacenter-web.eastmoney.com/api/data/v1/get,2026-07-22T01:02:06+00:00
2018-10-16,4753.05265051,https://datacenter-web.eastmoney.com/api/data/v1/get,2026-07-22T01:02:06+00:00
2018-10-17,4727.63724975,https://datacenter-web.eastmoney.com/api/data/v1/get,2026-07-22T01:02:06+00:00
2018-10-18,4701.59311394,https://datacenter-web.eastmoney.com/api/data/v1/get,2026-07-22T01:02:06+00:00
2018-10-19,4668.94473017,https://datacenter-web.eastmoney.com/api/data/v1/get,2026-07-22T01:02:06+00:00
2018-10-22,4676.50052315,https://datacenter-web.eastmoney.com/api/data/v1/get,2026-07-22T01:02:06+00:00
2018-10-23,4685.38487733,https://datacenter-web.eastmoney.com/api/data/v1/get,2026-07-22T01:02:06+00:00
2018-10-24,4684.52250683,https://datacenter-web.eastmoney.com/api/data/v1/get,2026-07-22T01:02:06+00:00
2018-10-25,4681.19435880,https://datacenter-web.eastmoney.com/api/data/v1/get,2026-07-22T01:02:06+00:00
2018-10-26,4671.69473732,https://datacenter-web.eastmoney.com/api/data/v1/get,2026-07-22T01:02:06+00:00
2018-10-29,4679.55868930,https://datacenter-web.eastmoney.com/api/data/v1/get,2026-07-22T01:02:06+00:00
2018-10-30,4666.87049647,https://datacenter-web.eastmoney.com/api/data/v1/get,2026-07-22T01:02:06+00:00
2018-10-31,4661.60156064,https://datacenter-web.eastmoney.com/api/data/v1/get,2026-07-22T01:02:06+00:00
2018-11-01,4658.70071113,https://datacenter-web.eastmoney.com/api/data/v1/get,2026-07-22T01:02:06+00:00
2018-11-02,4648.28736776,https://datacenter-web.eastmoney.com/api/data/v1/get,2026-07-22T01:02:06+00:00
2018-11-05,4661.15042931,https://datacenter-web.eastmoney.com/api/data/v1/get,2026-07-22T01:02:06+00:00
2018-11-06,4665.81343674,https://datacenter-web.eastmoney.com/api/data/v1/get,2026-07-22T01:02:06+00:00
2018-11-07,4669.02793065,https://datacenter-web.eastmoney.com/api/data/v1/get,2026-07-22T01:02:06+00:00
2018-11-08,4667.65910615,https://datacenter-web.eastmoney.com/api/data/v1/get,2026-07-22T01:02:06+00:00
2018-11-09,4670.06411052,https://datacenter-web.eastmoney.com/api/data/v1/get,2026-07-22T01:02:06+00:00
2018-11-12,4687.98812385,https://datacenter-web.eastmoney.com/api/data/v1/get,2026-07-22T01:02:06+00:00
2018-11-13,4696.51112918,https://datacenter-web.eastmoney.com/api/data/v1/get,2026-07-22T01:02:06+00:00
2018-11-14,4711.16952401,https://datacenter-web.eastmoney.com/api/data/v1/get,2026-07-22T01:02:06+00:00
2018-11-15,4722.99226346,https://datacenter-web.eastmoney.com/api/data/v1/get,2026-07-22T01:02:06+00:00
2018-11-16,4718.64498649,https://datacenter-web.eastmoney.com/api/data/v1/get,2026-07-22T01:02:06+00:00
2018-11-19,4738.53869819,https://datacenter-web.eastmoney.com/api/data/v1/get,2026-07-22T01:02:06+00:00
2018-11-20,4750.56211230,https://datacenter-web.eastmoney.com/api/data/v1/get,2026-07-22T01:02:06+00:00
2018-11-21,4752.33531812,https://datacenter-web.eastmoney.com/api/data/v1/get,2026-07-22T01:02:06+00:00
2018-11-22,4754.46195531,https://datacenter-web.eastmoney.com/api/data/v1/get,2026-07-22T01:02:06+00:00
2018-11-23,4726.89959467,https://datacenter-web.eastmoney.com/api/data/v1/get,2026-07-22T01:02:06+00:00
2018-11-26,4723.56414911,https://datacenter-web.eastmoney.com/api/data/v1/get,2026-07-22T01:02:06+00:00
2018-11-27,4725.18416397,https://datacenter-web.eastmoney.com/api/data/v1/get,2026-07-22T01:02:06+00:00
2018-11-28,4717.62479372,https://datacenter-web.eastmoney.com/api/data/v1/get,2026-07-22T01:02:06+00:00
2018-11-29,4705.22757696,https://datacenter-web.eastmoney.com/api/data/v1/get,2026-07-22T01:02:06+00:00
2018-11-30,4687.43399761,https://datacenter-web.eastmoney.com/api/data/v1/get,2026-07-22T01:02:06+00:00
2018-12-03,4692.45598003,https://datacenter-web.eastmoney.com/api/data/v1/get,2026-07-22T01:02:06+00:00
2018-12-04,4691.35276155,https://datacenter-web.eastmoney.com/api/data/v1/get,2026-07-22T01:02:06+00:00
2018-12-05,4690.09226480,https://datacenter-web.eastmoney.com/api/data/v1/get,2026-07-22T01:02:06+00:00
2018-12-06,4701.66691402,https://datacenter-web.eastmoney.com/api/data/v1/get,2026-07-22T01:02:06+00:00
2018-12-07,4693.05526326,https://datacenter-web.eastmoney.com/api/data/v1/get,2026-07-22T01:02:06+00:00
2018-12-10,4696.40781271,https://datacenter-web.eastmoney.com/api/data/v1/get,2026-07-22T01:02:06+00:00
2018-12-11,4692.93601471,https://datacenter-web.eastmoney.com/api/data/v1/get,2026-07-22T01:02:06+00:00
2018-12-12,4690.95178379,https://datacenter-web.eastmoney.com/api/data/v1/get,2026-07-22T01:02:06+00:00
2018-12-13,4693.59024408,https://datacenter-web.eastmoney.com/api/data/v1/get,2026-07-22T01:02:06+00:00
2018-12-14,4673.50549615,https://datacenter-web.eastmoney.com/api/data/v1/get,2026-07-22T01:02:06+00:00
2018-12-17,4676.86247128,https://datacenter-web.eastmoney.com/api/data/v1/get,2026-07-22T01:02:06+00:00
2018-12-18,4676.07913280,https://datacenter-web.eastmoney.com/api/data/v1/get,2026-07-22T01:02:06+00:00
2018-12-19,4667.85517266,https://datacenter-web.eastmoney.com/api/data/v1/get,2026-07-22T01:02:06+00:00
2018-12-20,4677.00056854,https://datacenter-web.eastmoney.com/api/data/v1/get,2026-07-22T01:02:06+00:00
2018-12-21,4665.20920169,https://datacenter-web.eastmoney.com/api/data/v1/get,2026-07-22T01:02:06+00:00
2018-12-24,4666.94612238,https://datacenter-web.eastmoney.com/api/data/v1/get,2026-07-22T01:02:06+00:00
2018-12-25,4659.77437816,https://datacenter-web.eastmoney.com/api/data/v1/get,2026-07-22T01:02:06+00:00
2018-12-26,4658.56293975,https://datacenter-web.eastmoney.com/api/data/v1/get,2026-07-22T01:02:06+00:00
2018-12-27,4654.34791784,https://datacenter-web.eastmoney.com/api/data/v1/get,2026-07-22T01:02:06+00:00
2018-12-28,4619.87376518,https://datacenter-web.eastmoney.com/api/data/v1/get,2026-07-22T01:02:06+00:00
2019-01-02,4623.51753650,https://datacenter-web.eastmoney.com/api/data/v1/get,2026-07-22T01:02:06+00:00
2019-01-03,4618.87281000,https://datacenter-web.eastmoney.com/api/data/v1/get,2026-07-22T01:02:06+00:00
2019-01-04,4622.50410730,https://datacenter-web.eastmoney.com/api/data/v1/get,2026-07-22T01:02:06+00:00
2019-01-07,4624.58355219,https://datacenter-web.eastmoney.com/api/data/v1/get,2026-07-22T01:02:06+00:00
2019-01-08,4624.72442828,https://datacenter-web.eastmoney.com/api/data/v1/get,2026-07-22T01:02:06+00:00
2019-01-09,4616.89424168,https://datacenter-web.eastmoney.com/api/data/v1/get,2026-07-22T01:02:06+00:00
2019-01-10,4615.32461893,https://datacenter-web.eastmoney.com/api/data/v1/get,2026-07-22T01:02:06+00:00
2019-01-11,4603.23775055,https://datacenter-web.eastmoney.com/api/data/v1/get,2026-07-22T01:02:06+00:00
2019-01-14,4609.47518023,https://datacenter-web.eastmoney.com/api/data/v1/get,2026-07-22T01:02:06+00:00
2019-01-15,4603.38181685,https://datacenter-web.eastmoney.com/api/data/v1/get,2026-07-22T01:02:06+00:00
2019-01-16,4590.37993700,https://datacenter-web.eastmoney.com/api/data/v1/get,2026-07-22T01:02:06+00:00
2019-01-17,4586.23130349,https://datacenter-web.eastmoney.com/api/data/v1/get,2026-07-22T01:02:06+00:00
2019-01-18,4566.68089943,https://datacenter-web.eastmoney.com/api/data/v1/get,2026-07-22T01:02:06+00:00
2019-01-21,4560.96234282,https://datacenter-web.eastmoney.com/api/data/v1/get,2026-07-22T01:02:06+00:00
2019-01-22,4571.69620037,https://datacenter-web.eastmoney.com/api/data/v1/get,2026-07-22T01:02:06+00:00
2019-01-23,4566.49149578,https://datacenter-web.eastmoney.com/api/data/v1/get,2026-07-22T01:02:06+00:00
2019-01-24,4558.91899209,https://datacenter-web.eastmoney.com/api/data/v1/get,2026-07-22T01:02:06+00:00
2019-01-25,4524.58688565,https://datacenter-web.eastmoney.com/api/data/v1/get,2026-07-22T01:02:06+00:00
2019-01-28,4511.57215423,https://datacenter-web.eastmoney.com/api/data/v1/get,2026-07-22T01:02:06+00:00
2019-01-29,4492.90368941,https://datacenter-web.eastmoney.com/api/data/v1/get,2026-07-22T01:02:06+00:00
2019-01-30,4475.13860371,https://datacenter-web.eastmoney.com/api/data/v1/get,2026-07-22T01:02:06+00:00
2019-01-31,4446.03342646,https://datacenter-web.eastmoney.com/api/data/v1/get,2026-07-22T01:02:06+00:00
2019-02-01,4384.81618486,https://datacenter-web.eastmoney.com/api/data/v1/get,2026-07-22T01:02:06+00:00
2019-02-11,4417.23272260,https://datacenter-web.eastmoney.com/api/data/v1/get,2026-07-22T01:02:06+00:00
2019-02-12,4431.98997474,https://datacenter-web.eastmoney.com/api/data/v1/get,2026-07-22T01:02:06+00:00
2019-02-13,4458.77866753,https://datacenter-web.eastmoney.com/api/data/v1/get,2026-07-22T01:02:06+00:00
2019-02-14,4474.72501005,https://datacenter-web.eastmoney.com/api/data/v1/get,2026-07-22T01:02:06+00:00
2019-02-15,4494.51785567,https://datacenter-web.eastmoney.com/api/data/v1/get,2026-07-22T01:02:06+00:00
2019-02-18,4519.06400957,https://datacenter-web.eastmoney.com/api/data/v1/get,2026-07-22T01:02:06+00:00
2019-02-19,4551.92743990,https://datacenter-web.eastmoney.com/api/data/v1/get,2026-07-22T01:02:06+00:00
2019-02-20,4571.84818881,https://datacenter-web.eastmoney.com/api/data/v1/get,2026-07-22T01:02:06+00:00
2019-02-21,4592.34809159,https://datacenter-web.eastmoney.com/api/data/v1/get,2026-07-22T01:02:06+00:00
2019-02-22,4619.54859629,https://datacenter-web.eastmoney.com/api/data/v1/get,2026-07-22T01:02:06+00:00
2019-02-25,4727.04160094,https://datacenter-web.eastmoney.com/api/data/v1/get,2026-07-22T01:02:06+00:00
2019-02-26,4781.55076613,https://datacenter-web.eastmoney.com/api/data/v1/get,2026-07-22T01:02:06+00:00
2019-02-27,4845.49266902,https://datacenter-web.eastmoney.com/api/data/v1/get,2026-07-22T01:02:06+00:00
2019-02-28,4845.55495642,https://datacenter-web.eastmoney.com/api/data/v1/get,2026-07-22T01:02:06+00:00
2019-03-01,4845.50188993,https://datacenter-web.eastmoney.com/api/data/v1/get,2026-07-22T01:02:06+00:00
2019-03-04,4917.19613594,https://datacenter-web.eastmoney.com/api/data/v1/get,2026-07-22T01:02:06+00:00
2019-03-05,4996.10506952,https://datacenter-web.eastmoney.com/api/data/v1/get,2026-07-22T01:02:06+00:00
2019-03-06,5094.14858080,https://datacenter-web.eastmoney.com/api/data/v1/get,2026-07-22T01:02:06+00:00
2019-03-07,5193.97678384,https://datacenter-web.eastmoney.com/api/data/v1/get,2026-07-22T01:02:06+00:00
2019-03-08,5199.73258458,https://datacenter-web.eastmoney.com/api/data/v1/get,2026-07-22T01:02:06+00:00
2019-03-11,5285.39041036,https://datacenter-web.eastmoney.com/api/data/v1/get,2026-07-22T01:02:06+00:00
2019-03-12,5341.77143108,https://datacenter-web.eastmoney.com/api/data/v1/get,2026-07-22T01:02:06+00:00
2019-03-13,5371.18191110,https://datacenter-web.eastmoney.com/api/data/v1/get,2026-07-22T01:02:06+00:00
2019-03-14,5358.68334393,https://datacenter-web.eastmoney.com/api/data/v1/get,2026-07-22T01:02:06+00:00
2019-03-15,5349.27567528,https://datacenter-web.eastmoney.com/api/data/v1/get,2026-07-22T01:02:06+00:00
2019-03-18,5389.36145587,https://datacenter-web.eastmoney.com/api/data/v1/get,2026-07-22T01:02:06+00:00
2019-03-19,5421.61873286,https://datacenter-web.eastmoney.com/api/data/v1/get,2026-07-22T01:02:06+00:00
2019-03-20,5442.27583847,https://datacenter-web.eastmoney.com/api/data/v1/get,2026-07-22T01:02:06+00:00
2019-03-21,5494.23715029,https://datacenter-web.eastmoney.com/api/data/v1/get,2026-07-22T01:02:06+00:00
2019-03-22,5491.60945947,https://datacenter-web.eastmoney.com/api/data/v1/get,2026-07-22T01:02:06+00:00
2019-03-25,5542.17910683,https://datacenter-web.eastmoney.com/api/data/v1/get,2026-07-22T01:02:06+00:00
2019-03-26,5540.43266609,https://datacenter-web.eastmoney.com/api/data/v1/get,2026-07-22T01:02:06+00:00
2019-03-27,5559.08994882,https://datacenter-web.eastmoney.com/api/data/v1/get,2026-07-22T01:02:06+00:00
2019-03-28,5554.38962621,https://datacenter-web.eastmoney.com/api/data/v1/get,2026-07-22T01:02:06+00:00
2019-03-29,5559.19750875,https://datacenter-web.eastmoney.com/api/data/v1/get,2026-07-22T01:02:06+00:00
2019-04-01,5612.44963862,https://datacenter-web.eastmoney.com/api/data/v1/get,2026-07-22T01:02:06+00:00
2019-04-02,5661.21855650,https://datacenter-web.eastmoney.com/api/data/v1/get,2026-07-22T01:02:06+00:00
2019-04-03,5695.52117271,https://datacenter-web.eastmoney.com/api/data/v1/get,2026-07-22T01:02:06+00:00
2019-04-04,5700.01321985,https://datacenter-web.eastmoney.com/api/data/v1/get,2026-07-22T01:02:06+00:00
2019-04-08,5798.24640228,https://datacenter-web.eastmoney.com/api/data/v1/get,2026-07-22T01:02:06+00:00
2019-04-09,5825.91393394,https://datacenter-web.eastmoney.com/api/data/v1/get,2026-07-22T01:02:06+00:00
2019-04-10,5840.52810698,https://datacenter-web.eastmoney.com/api/data/v1/get,2026-07-22T01:02:06+00:00
2019-04-11,5832.08143243,https://datacenter-web.eastmoney.com/api/data/v1/get,2026-07-22T01:02:06+00:00
2019-04-12,5811.64513945,https://datacenter-web.eastmoney.com/api/data/v1/get,2026-07-22T01:02:06+00:00
2019-04-15,5832.99208979,https://datacenter-web.eastmoney.com/api/data/v1/get,2026-07-22T01:02:06+00:00
2019-04-16,5874.20822124,https://datacenter-web.eastmoney.com/api/data/v1/get,2026-07-22T01:02:06+00:00
2019-04-17,5899.11050836,https://datacenter-web.eastmoney.com/api/data/v1/get,2026-07-22T01:02:06+00:00
2019-04-18,5911.75252232,https://datacenter-web.eastmoney.com/api/data/v1/get,2026-07-22T01:02:06+00:00
2019-04-19,5911.96274296,https://datacenter-web.eastmoney.com/api/data/v1/get,2026-07-22T01:02:06+00:00
2019-04-22,5948.31558594,https://datacenter-web.eastmoney.com/api/data/v1/get,2026-07-22T01:02:06+00:00
2019-04-23,5934.01459965,https://datacenter-web.eastmoney.com/api/data/v1/get,2026-07-22T01:02:06+00:00
2019-04-24,5953.88886472,https://datacenter-web.eastmoney.com/api/data/v1/get,2026-07-22T01:02:06+00:00
2019-04-25,5919.47751543,https://datacenter-web.eastmoney.com/api/data/v1/get,2026-07-22T01:02:06+00:00
2019-04-26,5899.23831402,https://datacenter-web.eastmoney.com/api/data/v1/get,2026-07-22T01:02:06+00:00
2019-04-29,5853.02832156,https://datacenter-web.eastmoney.com/api/data/v1/get,2026-07-22T01:02:06+00:00
2019-04-30,5778.65182474,https://datacenter-web.eastmoney.com/api/data/v1/get,2026-07-22T01:02:06+00:00
2019-05-06,5731.85674230,https://datacenter-web.eastmoney.com/api/data/v1/get,2026-07-22T01:02:06+00:00
2019-05-07,5708.66704572,https://datacenter-web.eastmoney.com/api/data/v1/get,2026-07-22T01:02:06+00:00
2019-05-08,5710.57518334,https://datacenter-web.eastmoney.com/api/data/v1/get,2026-07-22T01:02:06+00:00
2019-05-09,5704.55002203,https://datacenter-web.eastmoney.com/api/data/v1/get,2026-07-22T01:02:06+00:00
2019-05-10,5695.52302327,https://datacenter-web.eastmoney.com/api/data/v1/get,2026-07-22T01:02:06+00:00
2019-05-13,5676.89658746,https://datacenter-web.eastmoney.com/api/data/v1/get,2026-07-22T01:02:06+00:00
2019-05-14,5669.64503072,https://datacenter-web.eastmoney.com/api/data/v1/get,2026-07-22T01:02:06+00:00
2019-05-15,5666.00704440,https://datacenter-web.eastmoney.com/api/data/v1/get,2026-07-22T01:02:06+00:00
2019-05-16,5670.49805145,https://datacenter-web.eastmoney.com/api/data/v1/get,2026-07-22T01:02:06+00:00
2019-05-17,5636.65781997,https://datacenter-web.eastmoney.com/api/data/v1/get,2026-07-22T01:02:06+00:00
2019-05-20,5632.58751070,https://datacenter-web.eastmoney.com/api/data/v1/get,2026-07-22T01:02:06+00:00
2019-05-21,5638.99124599,https://datacenter-web.eastmoney.com/api/data/v1/get,2026-07-22T01:02:06+00:00
2019-05-22,5623.87964684,https://datacenter-web.eastmoney.com/api/data/v1/get,2026-07-22T01:02:06+00:00
2019-05-23,5605.27552182,https://datacenter-web.eastmoney.com/api/data/v1/get,2026-07-22T01:02:06+00:00
2019-05-24,5577.50049494,https://datacenter-web.eastmoney.com/api/data/v1/get,2026-07-22T01:02:06+00:00
2019-05-27,5597.92435668,https://datacenter-web.eastmoney.com/api/data/v1/get,2026-07-22T01:02:06+00:00
2019-05-28,5584.74984580,https://datacenter-web.eastmoney.com/api/data/v1/get,2026-07-22T01:02:06+00:00
2019-05-29,5588.01967110,https://datacenter-web.eastmoney.com/api/data/v1/get,2026-07-22T01:02:06+00:00
2019-05-30,5576.74222555,https://datacenter-web.eastmoney.com/api/data/v1/get,2026-07-22T01:02:06+00:00
2019-05-31,5554.40566101,https://datacenter-web.eastmoney.com/api/data/v1/get,2026-07-22T01:02:06+00:00
2019-06-03,5540.95723600,https://datacenter-web.eastmoney.com/api/data/v1/get,2026-07-22T01:02:06+00:00
2019-06-04,5518.45445249,https://datacenter-web.eastmoney.com/api/data/v1/get,2026-07-22T01:02:06+00:00
2019-06-05,5501.65203687,https://datacenter-web.eastmoney.com/api/data/v1/get,2026-07-22T01:02:06+00:00
2019-06-06,5466.61467639,https://datacenter-web.eastmoney.com/api/data/v1/get,2026-07-22T01:02:06+00:00
2019-06-10,5458.07399551,https://datacenter-web.eastmoney.com/api/data/v1/get,2026-07-22T01:02:06+00:00
2019-06-11,5460.76092112,https://datacenter-web.eastmoney.com/api/data/v1/get,2026-07-22T01:02:06+00:00
2019-06-12,5470.92700496,https://datacenter-web.eastmoney.com/api/data/v1/get,2026-07-22T01:02:06+00:00
2019-06-13,5475.06113249,https://datacenter-web.eastmoney.com/api/data/v1/get,2026-07-22T01:02:06+00:00
2019-06-14,5453.65849561,https://datacenter-web.eastmoney.com/api/data/v1/get,2026-07-22T01:02:06+00:00
2019-06-17,5449.06059569,https://datacenter-web.eastmoney.com/api/data/v1/get,2026-07-22T01:02:06+00:00
2019-06-18,5436.89979601,https://datacenter-web.eastmoney.com/api/data/v1/get,2026-07-22T01:02:06+00:00
2019-06-19,5431.94212320,https://datacenter-web.eastmoney.com/api/data/v1/get,2026-07-22T01:02:06+00:00
2019-06-20,5454.74733422,https://datacenter-web.eastmoney.com/api/data/v1/get,2026-07-22T01:02:06+00:00
2019-06-21,5448.09211659,https://datacenter-web.eastmoney.com/api/data/v1/get,2026-07-22T01:02:06+00:00
2019-06-24,5469.22849389,https://datacenter-web.eastmoney.com/api/data/v1/get,2026-07-22T01:02:06+00:00
2019-06-25,5482.67174410,https://datacenter-web.eastmoney.com/api/data/v1/get,2026-07-22T01:02:06+00:00
2019-06-26,5477.99690532,https://datacenter-web.eastmoney.com/api/data/v1/get,2026-07-22T01:02:06+00:00
2019-06-27,5476.17686319,https://datacenter-web.eastmoney.com/api/data/v1/get,2026-07-22T01:02:06+00:00
2019-06-28,5454.03611820,https://datacenter-web.eastmoney.com/api/data/v1/get,2026-07-22T01:02:06+00:00
2019-07-01,5481.15136533,https://datacenter-web.eastmoney.com/api/data/v1/get,2026-07-22T01:02:06+00:00
2019-07-02,5493.29550799,https://datacenter-web.eastmoney.com/api/data/v1/get,2026-07-22T01:02:06+00:00
2019-07-03,5504.88925077,https://datacenter-web.eastmoney.com/api/data/v1/get,2026-07-22T01:02:06+00:00
2019-07-04,5506.07512075,https://datacenter-web.eastmoney.com/api/data/v1/get,2026-07-22T01:02:06+00:00
2019-07-05,5497.58208389,https://datacenter-web.eastmoney.com/api/data/v1/get,2026-07-22T01:02:06+00:00
2019-07-08,5492.80291963,https://datacenter-web.eastmoney.com/api/data/v1/get,2026-07-22T01:02:06+00:00
2019-07-09,5487.42383856,https://datacenter-web.eastmoney.com/api/data/v1/get,2026-07-22T01:02:06+00:00
2019-07-10,5485.02478946,https://datacenter-web.eastmoney.com/api/data/v1/get,2026-07-22T01:02:06+00:00
2019-07-11,5467.36009397,https://datacenter-web.eastmoney.com/api/data/v1/get,2026-07-22T01:02:06+00:00
2019-07-12,5452.92920109,https://datacenter-web.eastmoney.com/api/data/v1/get,2026-07-22T01:02:06+00:00
2019-07-15,5468.29583252,https://datacenter-web.eastmoney.com/api/data/v1/get,2026-07-22T01:02:06+00:00
2019-07-16,5464.19207751,https://datacenter-web.eastmoney.com/api/data/v1/get,2026-07-22T01:02:06+00:00
2019-07-17,5467.70795139,https://datacenter-web.eastmoney.com/api/data/v1/get,2026-07-22T01:02:06+00:00
2019-07-18,5458.91094423,https://datacenter-web.eastmoney.com/api/data/v1/get,2026-07-22T01:02:06+00:00
2019-07-19,5441.17046863,https://datacenter-web.eastmoney.com/api/data/v1/get,2026-07-22T01:02:06+00:00
2019-07-22,5423.17389721,https://datacenter-web.eastmoney.com/api/data/v1/get,2026-07-22T01:02:06+00:00
2019-07-23,5408.85652598,https://datacenter-web.eastmoney.com/api/data/v1/get,2026-07-22T01:02:06+00:00
2019-07-24,5408.38721429,https://datacenter-web.eastmoney.com/api/data/v1/get,2026-07-22T01:02:06+00:00
2019-07-25,5406.17344435,https://datacenter-web.eastmoney.com/api/data/v1/get,2026-07-22T01:02:06+00:00
2019-07-26,5397.52245878,https://datacenter-web.eastmoney.com/api/data/v1/get,2026-07-22T01:02:06+00:00
2019-07-29,5411.03076216,https://datacenter-web.eastmoney.com/api/data/v1/get,2026-07-22T01:02:06+00:00
2019-07-30,5411.92071940,https://datacenter-web.eastmoney.com/api/data/v1/get,2026-07-22T01:02:06+00:00
2019-07-31,5407.46046599,https://datacenter-web.eastmoney.com/api/data/v1/get,2026-07-22T01:02:06+00:00
2019-08-01,5406.82032669,https://datacenter-web.eastmoney.com/api/data/v1/get,2026-07-22T01:02:06+00:00
2019-08-02,5389.26998030,https://datacenter-web.eastmoney.com/api/data/v1/get,2026-07-22T01:02:06+00:00
2019-08-05,5390.88661040,https://datacenter-web.eastmoney.com/api/data/v1/get,2026-07-22T01:02:06+00:00
2019-08-06,5364.49029000,https://datacenter-web.eastmoney.com/api/data/v1/get,2026-07-22T01:02:06+00:00
2019-08-07,5343.35401053,https://datacenter-web.eastmoney.com/api/data/v1/get,2026-07-22T01:02:06+00:00
2019-08-08,5334.81575844,https://datacenter-web.eastmoney.com/api/data/v1/get,2026-07-22T01:02:06+00:00
2019-08-09,5312.40738575,https://datacenter-web.eastmoney.com/api/data/v1/get,2026-07-22T01:02:06+00:00
2019-08-12,5315.67416332,https://datacenter-web.eastmoney.com/api/data/v1/get,2026-07-22T01:02:06+00:00
2019-08-13,5318.55170860,https://datacenter-web.eastmoney.com/api/data/v1/get,2026-07-22T01:02:06+00:00
2019-08-14,5320.93964720,https://datacenter-web.eastmoney.com/api/data/v1/get,2026-07-22T01:02:06+00:00
2019-08-15,5312.87578318,https://datacenter-web.eastmoney.com/api/data/v1/get,2026-07-22T01:02:06+00:00
2019-08-16,5309.38203843,https://datacenter-web.eastmoney.com/api/data/v1/get,2026-07-22T01:02:06+00:00
2019-08-19,5347.98962347,https://datacenter-web.eastmoney.com/api/data/v1/get,2026-07-22T01:02:06+00:00
2019-08-20,5350.69125138,https://datacenter-web.eastmoney.com/api/data/v1/get,2026-07-22T01:02:06+00:00
2019-08-21,5356.53416579,https://datacenter-web.eastmoney.com/api/data/v1/get,2026-07-22T01:02:06+00:00
2019-08-22,5361.49988643,https://datacenter-web.eastmoney.com/api/data/v1/get,2026-07-22T01:02:06+00:00
2019-08-23,5349.54183704,https://datacenter-web.eastmoney.com/api/data/v1/get,2026-07-22T01:02:06+00:00
2019-08-26,5365.44973668,https://datacenter-web.eastmoney.com/api/data/v1/get,2026-07-22T01:02:06+00:00
2019-08-27,5362.84871635,https://datacenter-web.eastmoney.com/api/data/v1/get,2026-07-22T01:02:06+00:00
2019-08-28,5371.03608725,https://datacenter-web.eastmoney.com/api/data/v1/get,2026-07-22T01:02:06+00:00
2019-08-29,5387.87831176,https://datacenter-web.eastmoney.com/api/data/v1/get,2026-07-22T01:02:06+00:00
2019-08-30,5385.41616594,https://datacenter-web.eastmoney.com/api/data/v1/get,2026-07-22T01:02:06+00:00
2019-09-02,5402.59932065,https://datacenter-web.eastmoney.com/api/data/v1/get,2026-07-22T01:02:06+00:00
2019-09-03,5403.21825192,https://datacenter-web.eastmoney.com/api/data/v1/get,2026-07-22T01:02:06+00:00
2019-09-04,5409.78840534,https://datacenter-web.eastmoney.com/api/data/v1/get,2026-07-22T01:02:06+00:00
2019-09-05,5420.59512654,https://datacenter-web.eastmoney.com/api/data/v1/get,2026-07-22T01:02:06+00:00
2019-09-06,5413.15600123,https://datacenter-web.eastmoney.com/api/data/v1/get,2026-07-22T01:02:06+00:00
2019-09-09,5458.31543383,https://datacenter-web.eastmoney.com/api/data/v1/get,2026-07-22T01:02:06+00:00
2019-09-10,5472.66110610,https://datacenter-web.eastmoney.com/api/data/v1/get,2026-07-22T01:02:06+00:00
2019-09-11,5481.31519774,https://datacenter-web.eastmoney.com/api/data/v1/get,2026-07-22T01:02:06+00:00
2019-09-12,5459.74771941,https://datacenter-web.eastmoney.com/api/data/v1/get,2026-07-22T01:02:06+00:00
2019-09-16,5490.29500599,https://datacenter-web.eastmoney.com/api/data/v1/get,2026-07-22T01:02:06+00:00
2019-09-17,5500.22693898,https://datacenter-web.eastmoney.com/api/data/v1/get,2026-07-22T01:02:06+00:00
2019-09-18,5502.56286908,https://datacenter-web.eastmoney.com/api/data/v1/get,2026-07-22T01:02:06+00:00
2019-09-19,5513.74200309,https://datacenter-web.eastmoney.com/api/data/v1/get,2026-07-22T01:02:06+00:00
2019-09-20,5500.48535904,https://datacenter-web.eastmoney.com/api/data/v1/get,2026-07-22T01:02:06+00:00
2019-09-23,5508.26508305,https://datacenter-web.eastmoney.com/api/data/v1/get,2026-07-22T01:02:06+00:00
2019-09-24,5501.71649766,https://datacenter-web.eastmoney.com/api/data/v1/get,2026-07-22T01:02:06+00:00
2019-09-25,5482.62512825,https://datacenter-web.eastmoney.com/api/data/v1/get,2026-07-22T01:02:06+00:00
2019-09-26,5458.78128202,https://datacenter-web.eastmoney.com/api/data/v1/get,2026-07-22T01:02:06+00:00
2019-09-27,5435.47417610,https://datacenter-web.eastmoney.com/api/data/v1/get,2026-07-22T01:02:06+00:00
2019-09-30,5387.91089316,https://datacenter-web.eastmoney.com/api/data/v1/get,2026-07-22T01:02:06+00:00
2019-10-08,5411.73606913,https://datacenter-web.eastmoney.com/api/data/v1/get,2026-07-22T01:02:06+00:00
2019-10-09,5419.90984143,https://datacenter-web.eastmoney.com/api/data/v1/get,2026-07-22T01:02:06+00:00
2019-10-10,5424.11429535,https://datacenter-web.eastmoney.com/api/data/v1/get,2026-07-22T01:02:06+00:00
2019-10-11,5410.53440557,https://datacenter-web.eastmoney.com/api/data/v1/get,2026-07-22T01:02:06+00:00
2019-10-14,5441.65541216,https://datacenter-web.eastmoney.com/api/data/v1/get,2026-07-22T01:02:06+00:00
2019-10-15,5436.77569235,https://datacenter-web.eastmoney.com/api/data/v1/get,2026-07-22T01:02:06+00:00
2019-10-16,5437.90595150,https://datacenter-web.eastmoney.com/api/data/v1/get,2026-07-22T01:02:06+00:00
2019-10-17,5430.67159580,https://datacenter-web.eastmoney.com/api/data/v1/get,2026-07-22T01:02:06+00:00
2019-10-18,5413.97950787,https://datacenter-web.eastmoney.com/api/data/v1/get,2026-07-22T01:02:06+00:00
2019-10-21,5417.19877028,https://datacenter-web.eastmoney.com/api/data/v1/get,2026-07-22T01:02:06+00:00
2019-10-22,5424.55008256,https://datacenter-web.eastmoney.com/api/data/v1/get,2026-07-22T01:02:06+00:00
2019-10-23,5425.90711121,https://datacenter-web.eastmoney.com/api/data/v1/get,2026-07-22T01:02:06+00:00
2019-10-24,5435.86678053,https://datacenter-web.eastmoney.com/api/data/v1/get,2026-07-22T01:02:06+00:00
2019-10-25,5433.51773604,https://datacenter-web.eastmoney.com/api/data/v1/get,2026-07-22T01:02:06+00:00
2019-10-28,5453.52851087,https://datacenter-web.eastmoney.com/api/data/v1/get,2026-07-22T01:02:06+00:00
2019-10-29,5447.86863040,https://datacenter-web.eastmoney.com/api/data/v1/get,2026-07-22T01:02:06+00:00
2019-10-30,5444.49761544,https://datacenter-web.eastmoney.com/api/data/v1/get,2026-07-22T01:02:06+00:00
2019-10-31,5430.40299737,https://datacenter-web.eastmoney.com/api/data/v1/get,2026-07-22T01:02:06+00:00
2019-11-01,5426.75980074,https://datacenter-web.eastmoney.com/api/data/v1/get,2026-07-22T01:02:06+00:00
2019-11-04,5430.20295419,https://datacenter-web.eastmoney.com/api/data/v1/get,2026-07-22T01:02:06+00:00
2019-11-05,5440.29029680,https://datacenter-web.eastmoney.com/api/data/v1/get,2026-07-22T01:02:06+00:00
2019-11-06,5439.99526706,https://datacenter-web.eastmoney.com/api/data/v1/get,2026-07-22T01:02:06+00:00
2019-11-07,5441.88094794,https://datacenter-web.eastmoney.com/api/data/v1/get,2026-07-22T01:02:06+00:00
2019-11-08,5432.55280042,https://datacenter-web.eastmoney.com/api/data/v1/get,2026-07-22T01:02:06+00:00
2019-11-11,5417.55441181,https://datacenter-web.eastmoney.com/api/data/v1/get,2026-07-22T01:02:06+00:00
2019-11-12,5413.60163467,https://datacenter-web.eastmoney.com/api/data/v1/get,2026-07-22T01:02:06+00:00
2019-11-13,5420.48023809,https://datacenter-web.eastmoney.com/api/data/v1/get,2026-07-22T01:02:06+00:00
2019-11-14,5427.25646617,https://datacenter-web.eastmoney.com/api/data/v1/get,2026-07-22T01:02:06+00:00
2019-11-15,5411.12917831,https://datacenter-web.eastmoney.com/api/data/v1/get,2026-07-22T01:02:06+00:00
2019-11-18,5415.33326643,https://datacenter-web.eastmoney.com/api/data/v1/get,2026-07-22T01:02:06+00:00
2019-11-19,5427.21380946,https://datacenter-web.eastmoney.com/api/data/v1/get,2026-07-22T01:02:06+00:00
2019-11-20,5430.39825777,https://datacenter-web.eastmoney.com/api/data/v1/get,2026-07-22T01:02:06+00:00
2019-11-21,5440.24320788,https://datacenter-web.eastmoney.com/api/data/v1/get,2026-07-22T01:02:06+00:00
2019-11-22,5425.58701610,https://datacenter-web.eastmoney.com/api/data/v1/get,2026-07-22T01:02:06+00:00
2019-11-25,5429.94841271,https://datacenter-web.eastmoney.com/api/data/v1/get,2026-07-22T01:02:06+00:00
2019-11-26,5410.48628299,https://datacenter-web.eastmoney.com/api/data/v1/get,2026-07-22T01:02:06+00:00
2019-11-27,5415.40132118,https://datacenter-web.eastmoney.com/api/data/v1/get,2026-07-22T01:02:06+00:00
2019-11-28,5405.57833985,https://datacenter-web.eastmoney.com/api/data/v1/get,2026-07-22T01:02:06+00:00
2019-11-29,5405.89918492,https://datacenter-web.eastmoney.com/api/data/v1/get,2026-07-22T01:02:06+00:00
2019-12-02,5407.93588479,https://datacenter-web.eastmoney.com/api/data/v1/get,2026-07-22T01:02:06+00:00
2019-12-03,5418.20549640,https://datacenter-web.eastmoney.com/api/data/v1/get,2026-07-22T01:02:06+00:00
2019-12-04,5424.74281717,https://datacenter-web.eastmoney.com/api/data/v1/get,2026-07-22T01:02:06+00:00
2019-12-05,5429.48225200,https://datacenter-web.eastmoney.com/api/data/v1/get,2026-07-22T01:02:06+00:00
2019-12-06,5429.00227729,https://datacenter-web.eastmoney.com/api/data/v1/get,2026-07-22T01:02:06+00:00
2019-12-09,5438.60276636,https://datacenter-web.eastmoney.com/api/data/v1/get,2026-07-22T01:02:06+00:00
2019-12-10,5443.24601840,https://datacenter-web.eastmoney.com/api/data/v1/get,2026-07-22T01:02:06+00:00
2019-12-11,5448.26951629,https://datacenter-web.eastmoney.com/api/data/v1/get,2026-07-22T01:02:06+00:00
2019-12-12,5447.62356034,https://datacenter-web.eastmoney.com/api/data/v1/get,2026-07-22T01:02:06+00:00
2019-12-13,5444.31163367,https://datacenter-web.eastmoney.com/api/data/v1/get,2026-07-22T01:02:06+00:00
2019-12-16,5482.88053609,https://datacenter-web.eastmoney.com/api/data/v1/get,2026-07-22T01:02:06+00:00
2019-12-17,5515.16610507,https://datacenter-web.eastmoney.com/api/data/v1/get,2026-07-22T01:02:06+00:00
2019-12-18,5544.66188124,https://datacenter-web.eastmoney.com/api/data/v1/get,2026-07-22T01:02:06+00:00
2019-12-19,5563.09366942,https://datacenter-web.eastmoney.com/api/data/v1/get,2026-07-22T01:02:06+00:00
2019-12-20,5550.35446253,https://datacenter-web.eastmoney.com/api/data/v1/get,2026-07-22T01:02:06+00:00
2019-12-23,5560.03821374,https://datacenter-web.eastmoney.com/api/data/v1/get,2026-07-22T01:02:06+00:00
2019-12-24,5544.00951209,https://datacenter-web.eastmoney.com/api/data/v1/get,2026-07-22T01:02:06+00:00
2019-12-25,5550.15167639,https://datacenter-web.eastmoney.com/api/data/v1/get,2026-07-22T01:02:06+00:00
2019-12-26,5559.95394376,https://datacenter-web.eastmoney.com/api/data/v1/get,2026-07-22T01:02:06+00:00
2019-12-27,5551.11529883,https://datacenter-web.eastmoney.com/api/data/v1/get,2026-07-22T01:02:06+00:00
2019-12-30,5589.17674707,https://datacenter-web.eastmoney.com/api/data/v1/get,2026-07-22T01:02:06+00:00
2019-12-31,5590.55426838,https://datacenter-web.eastmoney.com/api/data/v1/get,2026-07-22T01:02:06+00:00
2020-01-02,5613.96722311,https://datacenter-web.eastmoney.com/api/data/v1/get,2026-07-22T01:02:06+00:00
2020-01-03,5627.10881010,https://datacenter-web.eastmoney.com/api/data/v1/get,2026-07-22T01:02:06+00:00
2020-01-06,5677.60802437,https://datacenter-web.eastmoney.com/api/data/v1/get,2026-07-22T01:02:06+00:00
2020-01-07,5687.93261762,https://datacenter-web.eastmoney.com/api/data/v1/get,2026-07-22T01:02:06+00:00
2020-01-08,5707.40658657,https://datacenter-web.eastmoney.com/api/data/v1/get,2026-07-22T01:02:06+00:00
2020-01-09,5718.19012961,https://datacenter-web.eastmoney.com/api/data/v1/get,2026-07-22T01:02:06+00:00
2020-01-10,5707.39934602,https://datacenter-web.eastmoney.com/api/data/v1/get,2026-07-22T01:02:06+00:00
2020-01-13,5730.21434835,https://datacenter-web.eastmoney.com/api/data/v1/get,2026-07-22T01:02:06+00:00
2020-01-14,5749.45207770,https://datacenter-web.eastmoney.com/api/data/v1/get,2026-07-22T01:02:06+00:00
2020-01-15,5759.29132790,https://datacenter-web.eastmoney.com/api/data/v1/get,2026-07-22T01:02:06+00:00
2020-01-16,5765.58354303,https://datacenter-web.eastmoney.com/api/data/v1/get,2026-07-22T01:02:06+00:00
2020-01-17,5754.91812969,https://datacenter-web.eastmoney.com/api/data/v1/get,2026-07-22T01:02:06+00:00
2020-01-20,5763.03022728,https://datacenter-web.eastmoney.com/api/data/v1/get,2026-07-22T01:02:06+00:00
2020-01-21,5763.01105902,https://datacenter-web.eastmoney.com/api/data/v1/get,2026-07-22T01:02:06+00:00
2020-01-22,5763.30861708,https://datacenter-web.eastmoney.com/api/data/v1/get,2026-07-22T01:02:06+00:00
2020-01-23,5683.73798279,https://datacenter-web.eastmoney.com/api/data/v1/get,2026-07-22T01:02:06+00:00
2020-02-03,5619.75455459,https://datacenter-web.eastmoney.com/api/data/v1/get,2026-07-22T01:02:06+00:00
2020-02-04,5599.52837462,https://datacenter-web.eastmoney.com/api/data/v1/get,2026-07-22T01:02:06+00:00
2020-02-05,5592.32297605,https://datacenter-web.eastmoney.com/api/data/v1/get,2026-07-22T01:02:06+00:00
2020-02-06,5620.22699504,https://datacenter-web.eastmoney.com/api/data/v1/get,2026-07-22T01:02:06+00:00
2020-02-07,5619.20858486,https://datacenter-web.eastmoney.com/api/data/v1/get,2026-07-22T01:02:06+00:00
2020-02-10,5638.95597858,https://datacenter-web.eastmoney.com/api/data/v1/get,2026-07-22T01:02:06+00:00
2020-02-11,5624.60299122,https://datacenter-web.eastmoney.com/api/data/v1/get,2026-07-22T01:02:06+00:00
2020-02-12,5647.05327037,https://datacenter-web.eastmoney.com/api/data/v1/get,2026-07-22T01:02:06+00:00
2020-02-13,5652.69286069,https://datacenter-web.eastmoney.com/api/data/v1/get,2026-07-22T01:02:06+00:00
2020-02-14,5648.42574521,https://datacenter-web.eastmoney.com/api/data/v1/get,2026-07-22T01:02:06+00:00
2020-02-17,5689.27550285,https://datacenter-web.eastmoney.com/api/data/v1/get,2026-07-22T01:02:06+00:00
2020-02-18,5736.02028083,https://datacenter-web.eastmoney.com/api/data/v1/get,2026-07-22T01:02:06+00:00
2020-02-19,5740.72376028,https://datacenter-web.eastmoney.com/api/data/v1/get,2026-07-22T01:02:06+00:00
2020-02-20,5777.70431812,https://datacenter-web.eastmoney.com/api/data/v1/get,2026-07-22T01:02:06+00:00
2020-02-21,5799.70674213,https://datacenter-web.eastmoney.com/api/data/v1/get,2026-07-22T01:02:06+00:00
2020-02-24,5864.15776616,https://datacenter-web.eastmoney.com/api/data/v1/get,2026-07-22T01:02:06+00:00
2020-02-25,5901.15848980,https://datacenter-web.eastmoney.com/api/data/v1/get,2026-07-22T01:02:06+00:00
2020-02-26,5911.18726025,https://datacenter-web.eastmoney.com/api/data/v1/get,2026-07-22T01:02:06+00:00
2020-02-27,5899.14863168,https://datacenter-web.eastmoney.com/api/data/v1/get,2026-07-22T01:02:06+00:00
2020-02-28,5822.09646574,https://datacenter-web.eastmoney.com/api/data/v1/get,2026-07-22T01:02:06+00:00
2020-03-02,5848.92862349,https://datacenter-web.eastmoney.com/api/data/v1/get,2026-07-22T01:02:06+00:00
2020-03-03,5877.08596032,https://datacenter-web.eastmoney.com/api/data/v1/get,2026-07-22T01:02:06+00:00
2020-03-04,5892.23256850,https://datacenter-web.eastmoney.com/api/data/v1/get,2026-07-22T01:02:06+00:00
2020-03-05,5946.28864283,https://datacenter-web.eastmoney.com/api/data/v1/get,2026-07-22T01:02:06+00:00
2020-03-06,5904.60217993,https://datacenter-web.eastmoney.com/api/data/v1/get,2026-07-22T01:02:06+00:00
2020-03-09,5911.81177560,https://datacenter-web.eastmoney.com/api/data/v1/get,2026-07-22T01:02:06+00:00
2020-03-10,5913.94308733,https://datacenter-web.eastmoney.com/api/data/v1/get,2026-07-22T01:02:06+00:00
2020-03-11,5907.56731201,https://datacenter-web.eastmoney.com/api/data/v1/get,2026-07-22T01:02:06+00:00
2020-03-12,5890.62499522,https://datacenter-web.eastmoney.com/api/data/v1/get,2026-07-22T01:02:06+00:00
2020-03-13,5858.66095442,https://datacenter-web.eastmoney.com/api/data/v1/get,2026-07-22T01:02:06+00:00
2020-03-16,5789.48250524,https://datacenter-web.eastmoney.com/api/data/v1/get,2026-07-22T01:02:06+00:00
2020-03-17,5793.00265730,https://datacenter-web.eastmoney.com/api/data/v1/get,2026-07-22T01:02:06+00:00
2020-03-18,5754.53741797,https://datacenter-web.eastmoney.com/api/data/v1/get,2026-07-22T01:02:06+00:00
2020-03-19,5767.95028671,https://datacenter-web.eastmoney.com/api/data/v1/get,2026-07-22T01:02:06+00:00
2020-03-20,5734.55088179,https://datacenter-web.eastmoney.com/api/data/v1/get,2026-07-22T01:02:06+00:00
2020-03-23,5696.97127931,https://datacenter-web.eastmoney.com/api/data/v1/get,2026-07-22T01:02:06+00:00
2020-03-24,5685.32351819,https://datacenter-web.eastmoney.com/api/data/v1/get,2026-07-22T01:02:06+00:00
2020-03-25,5692.39231247,https://datacenter-web.eastmoney.com/api/data/v1/get,2026-07-22T01:02:06+00:00
2020-03-26,5677.75129391,https://datacenter-web.eastmoney.com/api/data/v1/get,2026-07-22T01:02:06+00:00
2020-03-27,5654.77732570,https://datacenter-web.eastmoney.com/api/data/v1/get,2026-07-22T01:02:06+00:00
2020-03-30,5640.31495104,https://datacenter-web.eastmoney.com/api/data/v1/get,2026-07-22T01:02:06+00:00
2020-03-31,5627.13019950,https://datacenter-web.eastmoney.com/api/data/v1/get,2026-07-22T01:02:06+00:00
2020-04-01,5593.05882671,https://datacenter-web.eastmoney.com/api/data/v1/get,2026-07-22T01:02:06+00:00
2020-04-02,5585.26402294,https://datacenter-web.eastmoney.com/api/data/v1/get,2026-07-22T01:02:06+00:00
2020-04-03,5546.42771517,https://datacenter-web.eastmoney.com/api/data/v1/get,2026-07-22T01:02:06+00:00
2020-04-07,5560.05279122,https://datacenter-web.eastmoney.com/api/data/v1/get,2026-07-22T01:02:06+00:00
2020-04-08,5550.44653995,https://datacenter-web.eastmoney.com/api/data/v1/get,2026-07-22T01:02:06+00:00
2020-04-09,5551.31422688,https://datacenter-web.eastmoney.com/api/data/v1/get,2026-07-22T01:02:06+00:00
2020-04-10,5521.22826513,https://datacenter-web.eastmoney.com/api/data/v1/get,2026-07-22T01:02:06+00:00
2020-04-13,5514.02967203,https://datacenter-web.eastmoney.com/api/data/v1/get,2026-07-22T01:02:06+00:00
2020-04-14,5514.53038319,https://datacenter-web.eastmoney.com/api/data/v1/get,2026-07-22T01:02:06+00:00
2020-04-15,5514.00055359,https://datacenter-web.eastmoney.com/api/data/v1/get,2026-07-22T01:02:06+00:00
2020-04-16,5527.24896743,https://datacenter-web.eastmoney.com/api/data/v1/get,2026-07-22T01:02:06+00:00
2020-04-17,5511.48283066,https://datacenter-web.eastmoney.com/api/data/v1/get,2026-07-22T01:02:06+00:00
2020-04-20,5520.92865833,https://datacenter-web.eastmoney.com/api/data/v1/get,2026-07-22T01:02:06+00:00
2020-04-21,5520.24405126,https://datacenter-web.eastmoney.com/api/data/v1/get,2026-07-22T01:02:06+00:00
2020-04-22,5529.74194763,https://datacenter-web.eastmoney.com/api/data/v1/get,2026-07-22T01:02:06+00:00
2020-04-23,5529.95180646,https://datacenter-web.eastmoney.com/api/data/v1/get,2026-07-22T01:02:06+00:00
2020-04-24,5500.33499023,https://datacenter-web.eastmoney.com/api/data/v1/get,2026-07-22T01:02:06+00:00
2020-04-27,5491.90163750,https://datacenter-web.eastmoney.com/api/data/v1/get,2026-07-22T01:02:06+00:00
2020-04-28,5467.19357234,https://datacenter-web.eastmoney.com/api/data/v1/get,2026-07-22T01:02:06+00:00
2020-04-29,5436.84772162,https://datacenter-web.eastmoney.com/api/data/v1/get,2026-07-22T01:02:06+00:00
2020-04-30,5400.87048500,https://datacenter-web.eastmoney.com/api/data/v1/get,2026-07-22T01:02:06+00:00
2020-05-06,5464.27698550,https://datacenter-web.eastmoney.com/api/data/v1/get,2026-07-22T01:02:06+00:00
2020-05-07,5489.83059716,https://datacenter-web.eastmoney.com/api/data/v1/get,2026-07-22T01:02:06+00:00
2020-05-08,5500.55155563,https://datacenter-web.eastmoney.com/api/data/v1/get,2026-07-22T01:02:06+00:00
2020-05-11,5531.37209402,https://datacenter-web.eastmoney.com/api/data/v1/get,2026-07-22T01:02:06+00:00
2020-05-12,5544.21178255,https://datacenter-web.eastmoney.com/api/data/v1/get,2026-07-22T01:02:06+00:00
2020-05-13,5548.29513206,https://datacenter-web.eastmoney.com/api/data/v1/get,2026-07-22T01:02:06+00:00
2020-05-14,5556.69875057,https://datacenter-web.eastmoney.com/api/data/v1/get,2026-07-22T01:02:06+00:00
2020-05-15,5550.66959688,https://datacenter-web.eastmoney.com/api/data/v1/get,2026-07-22T01:02:06+00:00
2020-05-18,5565.68601275,https://datacenter-web.eastmoney.com/api/data/v1/get,2026-07-22T01:02:06+00:00
2020-05-19,5585.16802310,https://datacenter-web.eastmoney.com/api/data/v1/get,2026-07-22T01:02:06+00:00
2020-05-20,5580.71029282,https://datacenter-web.eastmoney.com/api/data/v1/get,2026-07-22T01:02:06+00:00
2020-05-21,5576.11667024,https://datacenter-web.eastmoney.com/api/data/v1/get,2026-07-22T01:02:06+00:00
2020-05-22,5563.39825469,https://datacenter-web.eastmoney.com/api/data/v1/get,2026-07-22T01:02:06+00:00
2020-05-25,5564.76814207,https://datacenter-web.eastmoney.com/api/data/v1/get,2026-07-22T01:02:06+00:00
2020-05-26,5574.99732122,https://datacenter-web.eastmoney.com/api/data/v1/get,2026-07-22T01:02:06+00:00
2020-05-27,5575.52127210,https://datacenter-web.eastmoney.com/api/data/v1/get,2026-07-22T01:02:06+00:00
2020-05-28,5566.79561665,https://datacenter-web.eastmoney.com/api/data/v1/get,2026-07-22T01:02:06+00:00
2020-05-29,5550.18097562,https://datacenter-web.eastmoney.com/api/data/v1/get,2026-07-22T01:02:06+00:00
2020-06-01,5595.77690993,https://datacenter-web.eastmoney.com/api/data/v1/get,2026-07-22T01:02:06+00:00
2020-06-02,5600.49208115,https://datacenter-web.eastmoney.com/api/data/v1/get,2026-07-22T01:02:06+00:00
2020-06-03,5603.53938047,https://datacenter-web.eastmoney.com/api/data/v1/get,2026-07-22T01:02:06+00:00
2020-06-04,5621.54767159,https://datacenter-web.eastmoney.com/api/data/v1/get,2026-07-22T01:02:06+00:00
2020-06-05,5626.93813584,https://datacenter-web.eastmoney.com/api/data/v1/get,2026-07-22T01:02:06+00:00
2020-06-08,5646.23246283,https://datacenter-web.eastmoney.com/api/data/v1/get,2026-07-22T01:02:06+00:00
2020-06-09,5653.24951356,https://datacenter-web.eastmoney.com/api/data/v1/get,2026-07-22T01:02:06+00:00
2020-06-10,5661.39309135,https://datacenter-web.eastmoney.com/api/data/v1/get,2026-07-22T01:02:06+00:00
2020-06-11,5676.97168308,https://datacenter-web.eastmoney.com/api/data/v1/get,2026-07-22T01:02:06+00:00
2020-06-12,5677.84675205,https://datacenter-web.eastmoney.com/api/data/v1/get,2026-07-22T01:02:06+00:00
2020-06-15,5692.18261248,https://datacenter-web.eastmoney.com/api/data/v1/get,2026-07-22T01:02:06+00:00
2020-06-16,5717.08480538,https://datacenter-web.eastmoney.com/api/data/v1/get,2026-07-22T01:02:06+00:00
2020-06-17,5726.29011059,https://datacenter-web.eastmoney.com/api/data/v1/get,2026-07-22T01:02:06+00:00
2020-06-18,5747.02654882,https://datacenter-web.eastmoney.com/api/data/v1/get,2026-07-22T01:02:06+00:00
2020-06-19,5745.84041996,https://datacenter-web.eastmoney.com/api/data/v1/get,2026-07-22T01:02:06+00:00
2020-06-22,5799.97002944,https://datacenter-web.eastmoney.com/api/data/v1/get,2026-07-22T01:02:06+00:00
2020-06-23,5823.62137952,https://datacenter-web.eastmoney.com/api/data/v1/get,2026-07-22T01:02:06+00:00
2020-06-24,5789.86495858,https://datacenter-web.eastmoney.com/api/data/v1/get,2026-07-22T01:02:06+00:00
2020-06-29,5831.49719849,https://datacenter-web.eastmoney.com/api/data/v1/get,2026-07-22T01:02:06+00:00
2020-06-30,5885.41166170,https://datacenter-web.eastmoney.com/api/data/v1/get,2026-07-22T01:02:06+00:00
2020-07-01,5934.99380417,https://datacenter-web.eastmoney.com/api/data/v1/get,2026-07-22T01:02:06+00:00
2020-07-02,5993.89899784,https://datacenter-web.eastmoney.com/api/data/v1/get,2026-07-22T01:02:06+00:00
2020-07-03,6061.87612076,https://datacenter-web.eastmoney.com/api/data/v1/get,2026-07-22T01:02:06+00:00
2020-07-06,6275.56881275,https://datacenter-web.eastmoney.com/api/data/v1/get,2026-07-22T01:02:06+00:00
2020-07-07,6404.90679043,https://datacenter-web.eastmoney.com/api/data/v1/get,2026-07-22T01:02:06+00:00
2020-07-08,6577.55813850,https://datacenter-web.eastmoney.com/api/data/v1/get,2026-07-22T01:02:06+00:00
2020-07-09,6698.14955947,https://datacenter-web.eastmoney.com/api/data/v1/get,2026-07-22T01:02:06+00:00
2020-07-10,6787.35135575,https://datacenter-web.eastmoney.com/api/data/v1/get,2026-07-22T01:02:06+00:00
2020-07-13,6939.69954893,https://datacenter-web.eastmoney.com/api/data/v1/get,2026-07-22T01:02:06+00:00
2020-07-14,7003.04768072,https://datacenter-web.eastmoney.com/api/data/v1/get,2026-07-22T01:02:06+00:00
2020-07-15,7030.88755528,https://datacenter-web.eastmoney.com/api/data/v1/get,2026-07-22T01:02:06+00:00
2020-07-16,7015.64857416,https://datacenter-web.eastmoney.com/api/data/v1/get,2026-07-22T01:02:06+00:00
2020-07-17,6968.44708851,https://datacenter-web.eastmoney.com/api/data/v1/get,2026-07-22T01:02:06+00:00
2020-07-20,7010.56904736,https://datacenter-web.eastmoney.com/api/data/v1/get,2026-07-22T01:02:06+00:00
2020-07-21,7014.17603825,https://datacenter-web.eastmoney.com/api/data/v1/get,2026-07-22T01:02:06+00:00
2020-07-22,7040.25960797,https://datacenter-web.eastmoney.com/api/data/v1/get,2026-07-22T01:02:06+00:00
2020-07-23,7080.63785728,https://datacenter-web.eastmoney.com/api/data/v1/get,2026-07-22T01:02:06+00:00
2020-07-24,7007.15314451,https://datacenter-web.eastmoney.com/api/data/v1/get,2026-07-22T01:02:06+00:00
2020-07-27,7032.59741449,https://datacenter-web.eastmoney.com/api/data/v1/get,2026-07-22T01:02:06+00:00
2020-07-28,7038.51065382,https://datacenter-web.eastmoney.com/api/data/v1/get,2026-07-22T01:02:06+00:00
2020-07-29,7095.81445856,https://datacenter-web.eastmoney.com/api/data/v1/get,2026-07-22T01:02:06+00:00
2020-07-30,7125.90778640,https://datacenter-web.eastmoney.com/api/data/v1/get,2026-07-22T01:02:06+00:00
2020-07-31,7151.21775818,https://datacenter-web.eastmoney.com/api/data/v1/get,2026-07-22T01:02:06+00:00
2020-08-03,7251.37948042,https://datacenter-web.eastmoney.com/api/data/v1/get,2026-07-22T01:02:06+00:00
2020-08-04,7256.83475209,https://datacenter-web.eastmoney.com/api/data/v1/get,2026-07-22T01:02:06+00:00
2020-08-05,7326.90221755,https://datacenter-web.eastmoney.com/api/data/v1/get,2026-07-22T01:02:06+00:00
2020-08-06,7346.08599055,https://datacenter-web.eastmoney.com/api/data/v1/get,2026-07-22T01:02:06+00:00
2020-08-07,7294.97666990,https://datacenter-web.eastmoney.com/api/data/v1/get,2026-07-22T01:02:06+00:00
2020-08-10,7326.24432487,https://datacenter-web.eastmoney.com/api/data/v1/get,2026-07-22T01:02:06+00:00
2020-08-11,7296.71717222,https://datacenter-web.eastmoney.com/api/data/v1/get,2026-07-22T01:02:06+00:00
2020-08-12,7265.84281714,https://datacenter-web.eastmoney.com/api/data/v1/get,2026-07-22T01:02:06+00:00
2020-08-13,7265.45298137,https://datacenter-web.eastmoney.com/api/data/v1/get,2026-07-22T01:02:06+00:00
2020-08-14,7230.80350545,https://datacenter-web.eastmoney.com/api/data/v1/get,2026-07-22T01:02:06+00:00
2020-08-17,7320.81513102,https://datacenter-web.eastmoney.com/api/data/v1/get,2026-07-22T01:02:06+00:00
2020-08-18,7371.39287741,https://datacenter-web.eastmoney.com/api/data/v1/get,2026-07-22T01:02:06+00:00
2020-08-19,7381.02277544,https://datacenter-web.eastmoney.com/api/data/v1/get,2026-07-22T01:02:06+00:00
2020-08-20,7368.08467432,https://datacenter-web.eastmoney.com/api/data/v1/get,2026-07-22T01:02:06+00:00
2020-08-21,7352.21001471,https://datacenter-web.eastmoney.com/api/data/v1/get,2026-07-22T01:02:06+00:00
2020-08-24,7362.31596569,https://datacenter-web.eastmoney.com/api/data/v1/get,2026-07-22T01:02:06+00:00
2020-08-25,7346.10783208,https://datacenter-web.eastmoney.com/api/data/v1/get,2026-07-22T01:02:06+00:00
2020-08-26,7315.26000698,https://datacenter-web.eastmoney.com/api/data/v1/get,2026-07-22T01:02:06+00:00
2020-08-27,7315.88258795,https://datacenter-web.eastmoney.com/api/data/v1/get,2026-07-22T01:02:06+00:00
2020-08-28,7327.83678329,https://datacenter-web.eastmoney.com/api/data/v1/get,2026-07-22T01:02:06+00:00
2020-08-31,7374.96841386,https://datacenter-web.eastmoney.com/api/data/v1/get,2026-07-22T01:02:06+00:00
2020-09-01,7385.62557286,https://datacenter-web.eastmoney.com/api/data/v1/get,2026-07-22T01:02:06+00:00
2020-09-02,7413.83469957,https://datacenter-web.eastmoney.com/api/data/v1/get,2026-07-22T01:02:06+00:00
2020-09-03,7406.58070283,https://datacenter-web.eastmoney.com/api/data/v1/get,2026-07-22T01:02:06+00:00
2020-09-04,7388.86120757,https://datacenter-web.eastmoney.com/api/data/v1/get,2026-07-22T01:02:06+00:00
2020-09-07,7372.69953161,https://datacenter-web.eastmoney.com/api/data/v1/get,2026-07-22T01:02:06+00:00
2020-09-08,7360.96993567,https://datacenter-web.eastmoney.com/api/data/v1/get,2026-07-22T01:02:06+00:00
2020-09-09,7336.91061340,https://datacenter-web.eastmoney.com/api/data/v1/get,2026-07-22T01:02:06+00:00
2020-09-10,7291.23226445,https://datacenter-web.eastmoney.com/api/data/v1/get,2026-07-22T01:02:06+00:00
2020-09-11,7281.11760910,https://datacenter-web.eastmoney.com/api/data/v1/get,2026-07-22T01:02:06+00:00
2020-09-14,7290.61180106,https://datacenter-web.eastmoney.com/api/data/v1/get,2026-07-22T01:02:06+00:00
2020-09-15,7291.17519444,https://datacenter-web.eastmoney.com/api/data/v1/get,2026-07-22T01:02:06+00:00
2020-09-16,7284.39717981,https://datacenter-web.eastmoney.com/api/data/v1/get,2026-07-22T01:02:06+00:00
2020-09-17,7300.29382106,https://datacenter-web.eastmoney.com/api/data/v1/get,2026-07-22T01:02:06+00:00
2020-09-18,7312.66023818,https://datacenter-web.eastmoney.com/api/data/v1/get,2026-07-22T01:02:06+00:00
2020-09-21,7307.26552552,https://datacenter-web.eastmoney.com/api/data/v1/get,2026-07-22T01:02:06+00:00
2020-09-22,7312.47489707,https://datacenter-web.eastmoney.com/api/data/v1/get,2026-07-22T01:02:06+00:00
2020-09-23,7323.05245167,https://datacenter-web.eastmoney.com/api/data/v1/get,2026-07-22T01:02:06+00:00
2020-09-24,7328.58922643,https://datacenter-web.eastmoney.com/api/data/v1/get,2026-07-22T01:02:06+00:00
2020-09-25,7308.01783480,https://datacenter-web.eastmoney.com/api/data/v1/get,2026-07-22T01:02:06+00:00
2020-09-28,7283.25003590,https://datacenter-web.eastmoney.com/api/data/v1/get,2026-07-22T01:02:06+00:00
2020-09-29,7269.28420180,https://datacenter-web.eastmoney.com/api/data/v1/get,2026-07-22T01:02:06+00:00
2020-09-30,7187.73947637,https://datacenter-web.eastmoney.com/api/data/v1/get,2026-07-22T01:02:06+00:00
2020-10-09,7226.23954673,https://datacenter-web.eastmoney.com/api/data/v1/get,2026-07-22T01:02:06+00:00
2020-10-12,7264.18414800,https://datacenter-web.eastmoney.com/api/data/v1/get,2026-07-22T01:02:06+00:00
2020-10-13,7294.74250695,https://datacenter-web.eastmoney.com/api/data/v1/get,2026-07-22T01:02:06+00:00
2020-10-14,7319.54188699,https://datacenter-web.eastmoney.com/api/data/v1/get,2026-07-22T01:02:06+00:00
2020-10-15,7314.54593803,https://datacenter-web.eastmoney.com/api/data/v1/get,2026-07-22T01:02:06+00:00
2020-10-16,7301.57187663,https://datacenter-web.eastmoney.com/api/data/v1/get,2026-07-22T01:02:06+00:00
2020-10-19,7317.51610228,https://datacenter-web.eastmoney.com/api/data/v1/get,2026-07-22T01:02:06+00:00
2020-10-20,7321.94798565,https://datacenter-web.eastmoney.com/api/data/v1/get,2026-07-22T01:02:06+00:00
2020-10-21,7325.58183793,https://datacenter-web.eastmoney.com/api/data/v1/get,2026-07-22T01:02:06+00:00
2020-10-22,7332.09692892,https://datacenter-web.eastmoney.com/api/data/v1/get,2026-07-22T01:02:06+00:00
2020-10-23,7288.85246959,https://datacenter-web.eastmoney.com/api/data/v1/get,2026-07-22T01:02:06+00:00
2020-10-26,7280.64512071,https://datacenter-web.eastmoney.com/api/data/v1/get,2026-07-22T01:02:06+00:00
2020-10-27,7284.01575575,https://datacenter-web.eastmoney.com/api/data/v1/get,2026-07-22T01:02:06+00:00
2020-10-28,7292.33081780,https://datacenter-web.eastmoney.com/api/data/v1/get,2026-07-22T01:02:06+00:00
2020-10-29,7302.05468600,https://datacenter-web.eastmoney.com/api/data/v1/get,2026-07-22T01:02:06+00:00
2020-10-30,7265.79583483,https://datacenter-web.eastmoney.com/api/data/v1/get,2026-07-22T01:02:06+00:00
2020-11-02,7267.61818581,https://datacenter-web.eastmoney.com/api/data/v1/get,2026-07-22T01:02:06+00:00
2020-11-03,7282.62128568,https://datacenter-web.eastmoney.com/api/data/v1/get,2026-07-22T01:02:06+00:00
2020-11-04,7296.38305309,https://datacenter-web.eastmoney.com/api/data/v1/get,2026-07-22T01:02:06+00:00
2020-11-05,7313.06759721,https://datacenter-web.eastmoney.com/api/data/v1/get,2026-07-22T01:02:06+00:00
2020-11-06,7303.07648470,https://datacenter-web.eastmoney.com/api/data/v1/get,2026-07-22T01:02:06+00:00
2020-11-09,7365.47030957,https://datacenter-web.eastmoney.com/api/data/v1/get,2026-07-22T01:02:06+00:00
2020-11-10,7363.48759208,https://datacenter-web.eastmoney.com/api/data/v1/get,2026-07-22T01:02:06+00:00
2020-11-11,7351.94222361,https://datacenter-web.eastmoney.com/api/data/v1/get,2026-07-22T01:02:06+00:00
2020-11-12,7351.55468482,https://datacenter-web.eastmoney.com/api/data/v1/get,2026-07-22T01:02:06+00:00
2020-11-13,7357.96686341,https://datacenter-web.eastmoney.com/api/data/v1/get,2026-07-22T01:02:06+00:00
2020-11-16,7381.05266238,https://datacenter-web.eastmoney.com/api/data/v1/get,2026-07-22T01:02:06+00:00
2020-11-17,7381.90820752,https://datacenter-web.eastmoney.com/api/data/v1/get,2026-07-22T01:02:06+00:00
2020-11-18,7387.24749306,https://datacenter-web.eastmoney.com/api/data/v1/get,2026-07-22T01:02:06+00:00
2020-11-19,7379.23991149,https://datacenter-web.eastmoney.com/api/data/v1/get,2026-07-22T01:02:06+00:00
2020-11-20,7378.65462670,https://datacenter-web.eastmoney.com/api/data/v1/get,2026-07-22T01:02:06+00:00
2020-11-23,7426.75022714,https://datacenter-web.eastmoney.com/api/data/v1/get,2026-07-22T01:02:06+00:00
2020-11-24,7450.84788566,https://datacenter-web.eastmoney.com/api/data/v1/get,2026-07-22T01:02:06+00:00
2020-11-25,7461.80978294,https://datacenter-web.eastmoney.com/api/data/v1/get,2026-07-22T01:02:06+00:00
2020-11-26,7449.73294987,https://datacenter-web.eastmoney.com/api/data/v1/get,2026-07-22T01:02:06+00:00
2020-11-27,7434.89604691,https://datacenter-web.eastmoney.com/api/data/v1/get,2026-07-22T01:02:06+00:00
2020-11-30,7470.61399190,https://datacenter-web.eastmoney.com/api/data/v1/get,2026-07-22T01:02:06+00:00
2020-12-01,7496.57391509,https://datacenter-web.eastmoney.com/api/data/v1/get,2026-07-22T01:02:06+00:00
2020-12-02,7528.28422299,https://datacenter-web.eastmoney.com/api/data/v1/get,2026-07-22T01:02:06+00:00
2020-12-03,7539.85375607,https://datacenter-web.eastmoney.com/api/data/v1/get,2026-07-22T01:02:06+00:00
2020-12-04,7542.58913777,https://datacenter-web.eastmoney.com/api/data/v1/get,2026-07-22T01:02:06+00:00
2020-12-07,7568.51607868,https://datacenter-web.eastmoney.com/api/data/v1/get,2026-07-22T01:02:06+00:00
2020-12-08,7579.76387724,https://datacenter-web.eastmoney.com/api/data/v1/get,2026-07-22T01:02:06+00:00
2020-12-09,7545.19180325,https://datacenter-web.eastmoney.com/api/data/v1/get,2026-07-22T01:02:06+00:00
2020-12-10,7556.49047599,https://datacenter-web.eastmoney.com/api/data/v1/get,2026-07-22T01:02:06+00:00
2020-12-11,7536.13864795,https://datacenter-web.eastmoney.com/api/data/v1/get,2026-07-22T01:02:06+00:00
2020-12-14,7557.09036504,https://datacenter-web.eastmoney.com/api/data/v1/get,2026-07-22T01:02:06+00:00
2020-12-15,7563.68148234,https://datacenter-web.eastmoney.com/api/data/v1/get,2026-07-22T01:02:06+00:00
2020-12-16,7572.50182818,https://datacenter-web.eastmoney.com/api/data/v1/get,2026-07-22T01:02:06+00:00
2020-12-17,7585.68721435,https://datacenter-web.eastmoney.com/api/data/v1/get,2026-07-22T01:02:06+00:00
2020-12-18,7591.71142789,https://datacenter-web.eastmoney.com/api/data/v1/get,2026-07-22T01:02:06+00:00
2020-12-21,7636.64230810,https://datacenter-web.eastmoney.com/api/data/v1/get,2026-07-22T01:02:06+00:00
2020-12-22,7643.20464544,https://datacenter-web.eastmoney.com/api/data/v1/get,2026-07-22T01:02:06+00:00
2020-12-23,7662.90955690,https://datacenter-web.eastmoney.com/api/data/v1/get,2026-07-22T01:02:06+00:00
2020-12-24,7657.92112747,https://datacenter-web.eastmoney.com/api/data/v1/get,2026-07-22T01:02:06+00:00
2020-12-25,7673.03833177,https://datacenter-web.eastmoney.com/api/data/v1/get,2026-07-22T01:02:06+00:00
2020-12-28,7692.27904714,https://datacenter-web.eastmoney.com/api/data/v1/get,2026-07-22T01:02:06+00:00
2020-12-29,7665.65014922,https://datacenter-web.eastmoney.com/api/data/v1/get,2026-07-22T01:02:06+00:00
2020-12-30,7687.13795726,https://datacenter-web.eastmoney.com/api/data/v1/get,2026-07-22T01:02:06+00:00
2020-12-31,7683.66961044,https://datacenter-web.eastmoney.com/api/data/v1/get,2026-07-22T01:02:06+00:00
2021-01-04,7804.90219310,https://datacenter-web.eastmoney.com/api/data/v1/get,2026-07-22T01:02:06+00:00
2021-01-05,7864.85232814,https://datacenter-web.eastmoney.com/api/data/v1/get,2026-07-22T01:02:06+00:00
2021-01-06,7897.02817707,https://datacenter-web.eastmoney.com/api/data/v1/get,2026-07-22T01:02:06+00:00
2021-01-07,7925.07228848,https://datacenter-web.eastmoney.com/api/data/v1/get,2026-07-22T01:02:06+00:00
2021-01-08,7927.70084113,https://datacenter-web.eastmoney.com/api/data/v1/get,2026-07-22T01:02:06+00:00
2021-01-11,7933.78564093,https://datacenter-web.eastmoney.com/api/data/v1/get,2026-07-22T01:02:06+00:00
2021-01-12,7993.90393893,https://datacenter-web.eastmoney.com/api/data/v1/get,2026-07-22T01:02:06+00:00
2021-01-13,8024.44845154,https://datacenter-web.eastmoney.com/api/data/v1/get,2026-07-22T01:02:06+00:00
2021-01-14,8027.48756831,https://datacenter-web.eastmoney.com/api/data/v1/get,2026-07-22T01:02:06+00:00
2021-01-15,8016.16826104,https://datacenter-web.eastmoney.com/api/data/v1/get,2026-07-22T01:02:06+00:00
2021-01-18,8050.75741296,https://datacenter-web.eastmoney.com/api/data/v1/get,2026-07-22T01:02:06+00:00
2021-01-19,8078.54268016,https://datacenter-web.eastmoney.com/api/data/v1/get,2026-07-22T01:02:06+00:00
2021-01-20,8112.52474957,https://datacenter-web.eastmoney.com/api/data/v1/get,2026-07-22T01:02:06+00:00
2021-01-21,8159.92756519,https://datacenter-web.eastmoney.com/api/data/v1/get,2026-07-22T01:02:06+00:00
2021-01-22,8154.03994518,https://datacenter-web.eastmoney.com/api/data/v1/get,2026-07-22T01:02:06+00:00
2021-01-25,8193.91832231,https://datacenter-web.eastmoney.com/api/data/v1/get,2026-07-22T01:02:06+00:00
2021-01-26,8160.84569630,https://datacenter-web.eastmoney.com/api/data/v1/get,2026-07-22T01:02:06+00:00
2021-01-27,8162.37694539,https://datacenter-web.eastmoney.com/api/data/v1/get,2026-07-22T01:02:06+00:00
2021-01-28,8145.68038845,https://datacenter-web.eastmoney.com/api/data/v1/get,2026-07-22T01:02:06+00:00
2021-01-29,8085.30764245,https://datacenter-web.eastmoney.com/api/data/v1/get,2026-07-22T01:02:06+00:00
2021-02-01,8079.00109492,https://datacenter-web.eastmoney.com/api/data/v1/get,2026-07-22T01:02:06+00:00
2021-02-02,8074.18158794,https://datacenter-web.eastmoney.com/api/data/v1/get,2026-07-22T01:02:06+00:00
2021-02-03,8071.89978760,https://datacenter-web.eastmoney.com/api/data/v1/get,2026-07-22T01:02:06+00:00
2021-02-04,8029.02827539,https://datacenter-web.eastmoney.com/api/data/v1/get,2026-07-22T01:02:06+00:00
2021-02-05,7985.37947597,https://datacenter-web.eastmoney.com/api/data/v1/get,2026-07-22T01:02:06+00:00
2021-02-08,7963.55371775,https://datacenter-web.eastmoney.com/api/data/v1/get,2026-07-22T01:02:06+00:00
2021-02-09,7969.72031083,https://datacenter-web.eastmoney.com/api/data/v1/get,2026-07-22T01:02:06+00:00
2021-02-10,7875.16930548,https://datacenter-web.eastmoney.com/api/data/v1/get,2026-07-22T01:02:06+00:00
2021-02-18,7986.74299752,https://datacenter-web.eastmoney.com/api/data/v1/get,2026-07-22T01:02:06+00:00
2021-02-19,8024.37603320,https://datacenter-web.eastmoney.com/api/data/v1/get,2026-07-22T01:02:06+00:00
2021-02-22,8103.60452570,https://datacenter-web.eastmoney.com/api/data/v1/get,2026-07-22T01:02:06+00:00
2021-02-23,8084.09083165,https://datacenter-web.eastmoney.com/api/data/v1/get,2026-07-22T01:02:06+00:00
2021-02-24,8090.20164487,https://datacenter-web.eastmoney.com/api/data/v1/get,2026-07-22T01:02:06+00:00
2021-02-25,8091.29415626,https://datacenter-web.eastmoney.com/api/data/v1/get,2026-07-22T01:02:06+00:00
2021-02-26,8063.06694237,https://datacenter-web.eastmoney.com/api/data/v1/get,2026-07-22T01:02:06+00:00
2021-03-01,8101.17759809,https://datacenter-web.eastmoney.com/api/data/v1/get,2026-07-22T01:02:06+00:00
2021-03-02,8118.73629757,https://datacenter-web.eastmoney.com/api/data/v1/get,2026-07-22T01:02:06+00:00
2021-03-03,8121.00512664,https://datacenter-web.eastmoney.com/api/data/v1/get,2026-07-22T01:02:06+00:00
2021-03-04,8090.64212364,https://datacenter-web.eastmoney.com/api/data/v1/get,2026-07-22T01:02:06+00:00
2021-03-05,8062.21304478,https://datacenter-web.eastmoney.com/api/data/v1/get,2026-07-22T01:02:06+00:00
2021-03-08,8066.17415006,https://datacenter-web.eastmoney.com/api/data/v1/get,2026-07-22T01:02:06+00:00
2021-03-09,8022.76032864,https://datacenter-web.eastmoney.com/api/data/v1/get,2026-07-22T01:02:06+00:00
2021-03-10,7991.46556678,https://datacenter-web.eastmoney.com/api/data/v1/get,2026-07-22T01:02:06+00:00
2021-03-11,8003.21367759,https://datacenter-web.eastmoney.com/api/data/v1/get,2026-07-22T01:02:06+00:00
2021-03-12,7982.67706264,https://datacenter-web.eastmoney.com/api/data/v1/get,2026-07-22T01:02:06+00:00
2021-03-15,8005.32718804,https://datacenter-web.eastmoney.com/api/data/v1/get,2026-07-22T01:02:06+00:00
2021-03-16,7987.52178835,https://datacenter-web.eastmoney.com/api/data/v1/get,2026-07-22T01:02:06+00:00
2021-03-17,7995.59077424,https://datacenter-web.eastmoney.com/api/data/v1/get,2026-07-22T01:02:06+00:00
2021-03-18,7979.38882384,https://datacenter-web.eastmoney.com/api/data/v1/get,2026-07-22T01:02:06+00:00
2021-03-19,7971.13296291,https://datacenter-web.eastmoney.com/api/data/v1/get,2026-07-22T01:02:06+00:00
2021-03-22,7990.80919527,https://datacenter-web.eastmoney.com/api/data/v1/get,2026-07-22T01:02:06+00:00
2021-03-23,7978.29780590,https://datacenter-web.eastmoney.com/api/data/v1/get,2026-07-22T01:02:06+00:00
2021-03-24,7971.66421861,https://datacenter-web.eastmoney.com/api/data/v1/get,2026-07-22T01:02:06+00:00
2021-03-25,7948.74768272,https://datacenter-web.eastmoney.com/api/data/v1/get,2026-07-22T01:02:06+00:00
2021-03-26,7941.26530855,https://datacenter-web.eastmoney.com/api/data/v1/get,2026-07-22T01:02:06+00:00
2021-03-29,7950.15266755,https://datacenter-web.eastmoney.com/api/data/v1/get,2026-07-22T01:02:06+00:00
2021-03-30,7957.73068523,https://datacenter-web.eastmoney.com/api/data/v1/get,2026-07-22T01:02:06+00:00
2021-03-31,7970.53733339,https://datacenter-web.eastmoney.com/api/data/v1/get,2026-07-22T01:02:06+00:00
2021-04-01,7959.49098021,https://datacenter-web.eastmoney.com/api/data/v1/get,2026-07-22T01:02:06+00:00
2021-04-02,7941.50731478,https://datacenter-web.eastmoney.com/api/data/v1/get,2026-07-22T01:02:06+00:00
2021-04-06,7969.54365915,https://datacenter-web.eastmoney.com/api/data/v1/get,2026-07-22T01:02:06+00:00
2021-04-07,7999.96518343,https://datacenter-web.eastmoney.com/api/data/v1/get,2026-07-22T01:02:06+00:00
2021-04-08,8003.40627444,https://datacenter-web.eastmoney.com/api/data/v1/get,2026-07-22T01:02:06+00:00
2021-04-09,7998.47556152,https://datacenter-web.eastmoney.com/api/data/v1/get,2026-07-22T01:02:06+00:00
2021-04-12,7991.61820983,https://datacenter-web.eastmoney.com/api/data/v1/get,2026-07-22T01:02:06+00:00
2021-04-13,7960.09150413,https://datacenter-web.eastmoney.com/api/data/v1/get,2026-07-22T01:02:06+00:00
2021-04-14,7967.69159448,https://datacenter-web.eastmoney.com/api/data/v1/get,2026-07-22T01:02:06+00:00
2021-04-15,7968.17584862,https://datacenter-web.eastmoney.com/api/data/v1/get,2026-07-22T01:02:06+00:00
2021-04-16,7960.60470679,https://datacenter-web.eastmoney.com/api/data/v1/get,2026-07-22T01:02:06+00:00
2021-04-19,7981.63983816,https://datacenter-web.eastmoney.com/api/data/v1/get,2026-07-22T01:02:06+00:00
2021-04-20,7993.79211818,https://datacenter-web.eastmoney.com/api/data/v1/get,2026-07-22T01:02:06+00:00
2021-04-21,8002.09654159,https://datacenter-web.eastmoney.com/api/data/v1/get,2026-07-22T01:02:06+00:00
2021-04-22,8013.62797628,https://datacenter-web.eastmoney.com/api/data/v1/get,2026-07-22T01:02:06+00:00
2021-04-23,7989.15127810,https://datacenter-web.eastmoney.com/api/data/v1/get,2026-07-22T01:02:06+00:00
2021-04-26,8006.06899865,https://datacenter-web.eastmoney.com/api/data/v1/get,2026-07-22T01:02:06+00:00
2021-04-27,7997.84841520,https://datacenter-web.eastmoney.com/api/data/v1/get,2026-07-22T01:02:06+00:00
2021-04-28,8010.48423429,https://datacenter-web.eastmoney.com/api/data/v1/get,2026-07-22T01:02:06+00:00
2021-04-29,7995.93299537,https://datacenter-web.eastmoney.com/api/data/v1/get,2026-07-22T01:02:06+00:00
2021-04-30,7933.51750738,https://datacenter-web.eastmoney.com/api/data/v1/get,2026-07-22T01:02:06+00:00
2021-05-06,7977.16392311,https://datacenter-web.eastmoney.com/api/data/v1/get,2026-07-22T01:02:06+00:00
2021-05-07,7979.91832859,https://datacenter-web.eastmoney.com/api/data/v1/get,2026-07-22T01:02:06+00:00
2021-05-10,8015.40647009,https://datacenter-web.eastmoney.com/api/data/v1/get,2026-07-22T01:02:06+00:00
2021-05-11,8024.69810548,https://datacenter-web.eastmoney.com/api/data/v1/get,2026-07-22T01:02:06+00:00
2021-05-12,8042.77321885,https://datacenter-web.eastmoney.com/api/data/v1/get,2026-07-22T01:02:06+00:00
2021-05-13,8052.29017067,https://datacenter-web.eastmoney.com/api/data/v1/get,2026-07-22T01:02:06+00:00
2021-05-14,8048.00999074,https://datacenter-web.eastmoney.com/api/data/v1/get,2026-07-22T01:02:06+00:00
2021-05-17,8070.65819160,https://datacenter-web.eastmoney.com/api/data/v1/get,2026-07-22T01:02:06+00:00
2021-05-18,8085.87241994,https://datacenter-web.eastmoney.com/api/data/v1/get,2026-07-22T01:02:06+00:00
2021-05-19,8104.81964331,https://datacenter-web.eastmoney.com/api/data/v1/get,2026-07-22T01:02:06+00:00
2021-05-20,8114.62296683,https://datacenter-web.eastmoney.com/api/data/v1/get,2026-07-22T01:02:06+00:00
2021-05-21,8106.70237086,https://datacenter-web.eastmoney.com/api/data/v1/get,2026-07-22T01:02:06+00:00
2021-05-24,8136.74545450,https://datacenter-web.eastmoney.com/api/data/v1/get,2026-07-22T01:02:06+00:00
2021-05-25,8142.61003267,https://datacenter-web.eastmoney.com/api/data/v1/get,2026-07-22T01:02:06+00:00
2021-05-26,8164.90842964,https://datacenter-web.eastmoney.com/api/data/v1/get,2026-07-22T01:02:06+00:00
2021-05-27,8207.29295439,https://datacenter-web.eastmoney.com/api/data/v1/get,2026-07-22T01:02:06+00:00
2021-05-28,8219.72013714,https://datacenter-web.eastmoney.com/api/data/v1/get,2026-07-22T01:02:06+00:00
2021-05-31,8279.53586295,https://datacenter-web.eastmoney.com/api/data/v1/get,2026-07-22T01:02:06+00:00
2021-06-01,8324.69753416,https://datacenter-web.eastmoney.com/api/data/v1/get,2026-07-22T01:02:06+00:00
2021-06-02,8338.82640084,https://datacenter-web.eastmoney.com/api/data/v1/get,2026-07-22T01:02:06+00:00
2021-06-03,8347.74042167,https://datacenter-web.eastmoney.com/api/data/v1/get,2026-07-22T01:02:06+00:00
2021-06-04,8333.01157301,https://datacenter-web.eastmoney.com/api/data/v1/get,2026-07-22T01:02:06+00:00
2021-06-07,8376.59288066,https://datacenter-web.eastmoney.com/api/data/v1/get,2026-07-22T01:02:06+00:00
2021-06-08,8381.14869374,https://datacenter-web.eastmoney.com/api/data/v1/get,2026-07-22T01:02:06+00:00
2021-06-09,8385.89270926,https://datacenter-web.eastmoney.com/api/data/v1/get,2026-07-22T01:02:06+00:00
2021-06-10,8401.53205978,https://datacenter-web.eastmoney.com/api/data/v1/get,2026-07-22T01:02:06+00:00
2021-06-11,8374.08440042,https://datacenter-web.eastmoney.com/api/data/v1/get,2026-07-22T01:02:06+00:00
2021-06-15,8410.56218056,https://datacenter-web.eastmoney.com/api/data/v1/get,2026-07-22T01:02:06+00:00
2021-06-16,8398.98644373,https://datacenter-web.eastmoney.com/api/data/v1/get,2026-07-22T01:02:06+00:00
2021-06-17,8427.80416135,https://datacenter-web.eastmoney.com/api/data/v1/get,2026-07-22T01:02:06+00:00
2021-06-18,8450.59995477,https://datacenter-web.eastmoney.com/api/data/v1/get,2026-07-22T01:02:06+00:00
2021-06-21,8481.31601893,https://datacenter-web.eastmoney.com/api/data/v1/get,2026-07-22T01:02:06+00:00
2021-06-22,8512.73356925,https://datacenter-web.eastmoney.com/api/data/v1/get,2026-07-22T01:02:06+00:00
2021-06-23,8518.13694053,https://datacenter-web.eastmoney.com/api/data/v1/get,2026-07-22T01:02:06+00:00
2021-06-24,8527.82054553,https://datacenter-web.eastmoney.com/api/data/v1/get,2026-07-22T01:02:06+00:00
2021-06-25,8526.21255199,https://datacenter-web.eastmoney.com/api/data/v1/get,2026-07-22T01:02:06+00:00
2021-06-28,8581.17612067,https://datacenter-web.eastmoney.com/api/data/v1/get,2026-07-22T01:02:06+00:00
2021-06-29,8607.23220494,https://datacenter-web.eastmoney.com/api/data/v1/get,2026-07-22T01:02:06+00:00
2021-06-30,8628.22810436,https://datacenter-web.eastmoney.com/api/data/v1/get,2026-07-22T01:02:06+00:00
2021-07-01,8571.76520953,https://datacenter-web.eastmoney.com/api/data/v1/get,2026-07-22T01:02:06+00:00
2021-07-02,8563.83116685,https://datacenter-web.eastmoney.com/api/data/v1/get,2026-07-22T01:02:06+00:00
2021-07-05,8597.28229295,https://datacenter-web.eastmoney.com/api/data/v1/get,2026-07-22T01:02:06+00:00
2021-07-06,8596.43243967,https://datacenter-web.eastmoney.com/api/data/v1/get,2026-07-22T01:02:06+00:00
2021-07-07,8637.53184065,https://datacenter-web.eastmoney.com/api/data/v1/get,2026-07-22T01:02:06+00:00
2021-07-08,8667.22341986,https://datacenter-web.eastmoney.com/api/data/v1/get,2026-07-22T01:02:06+00:00
2021-07-09,8668.11908074,https://datacenter-web.eastmoney.com/api/data/v1/get,2026-07-22T01:02:06+00:00
2021-07-12,8720.53294616,https://datacenter-web.eastmoney.com/api/data/v1/get,2026-07-22T01:02:06+00:00
2021-07-13,8741.28252202,https://datacenter-web.eastmoney.com/api/data/v1/get,2026-07-22T01:02:06+00:00
2021-07-14,8728.99264566,https://datacenter-web.eastmoney.com/api/data/v1/get,2026-07-22T01:02:06+00:00
2021-07-15,8723.44914304,https://datacenter-web.eastmoney.com/api/data/v1/get,2026-07-22T01:02:06+00:00
2021-07-16,8712.47201089,https://datacenter-web.eastmoney.com/api/data/v1/get,2026-07-22T01:02:06+00:00
2021-07-19,8722.04634809,https://datacenter-web.eastmoney.com/api/data/v1/get,2026-07-22T01:02:06+00:00
2021-07-20,8725.74217435,https://datacenter-web.eastmoney.com/api/data/v1/get,2026-07-22T01:02:06+00:00
2021-07-21,8762.63677708,https://datacenter-web.eastmoney.com/api/data/v1/get,2026-07-22T01:02:06+00:00
2021-07-22,8811.45142633,https://datacenter-web.eastmoney.com/api/data/v1/get,2026-07-22T01:02:06+00:00
2021-07-23,8813.96553942,https://datacenter-web.eastmoney.com/api/data/v1/get,2026-07-22T01:02:06+00:00
2021-07-26,8840.72314143,https://datacenter-web.eastmoney.com/api/data/v1/get,2026-07-22T01:02:06+00:00
2021-07-27,8819.74200598,https://datacenter-web.eastmoney.com/api/data/v1/get,2026-07-22T01:02:06+00:00
2021-07-28,8750.17626385,https://datacenter-web.eastmoney.com/api/data/v1/get,2026-07-22T01:02:06+00:00
2021-07-29,8779.35876728,https://datacenter-web.eastmoney.com/api/data/v1/get,2026-07-22T01:02:06+00:00
2021-07-30,8756.92505732,https://datacenter-web.eastmoney.com/api/data/v1/get,2026-07-22T01:02:06+00:00
2021-08-02,8804.43503451,https://datacenter-web.eastmoney.com/api/data/v1/get,2026-07-22T01:02:06+00:00
2021-08-03,8792.17994964,https://datacenter-web.eastmoney.com/api/data/v1/get,2026-07-22T01:02:06+00:00
2021-08-04,8819.72881172,https://datacenter-web.eastmoney.com/api/data/v1/get,2026-07-22T01:02:06+00:00
2021-08-05,8828.04292001,https://datacenter-web.eastmoney.com/api/data/v1/get,2026-07-22T01:02:06+00:00
2021-08-06,8841.72429529,https://datacenter-web.eastmoney.com/api/data/v1/get,2026-07-22T01:02:06+00:00
2021-08-09,8870.76996399,https://datacenter-web.eastmoney.com/api/data/v1/get,2026-07-22T01:02:06+00:00
2021-08-10,8871.79157175,https://datacenter-web.eastmoney.com/api/data/v1/get,2026-07-22T01:02:06+00:00
2021-08-11,8893.99169595,https://datacenter-web.eastmoney.com/api/data/v1/get,2026-07-22T01:02:06+00:00
2021-08-12,8933.09284237,https://datacenter-web.eastmoney.com/api/data/v1/get,2026-07-22T01:02:06+00:00
2021-08-13,8911.83785513,https://datacenter-web.eastmoney.com/api/data/v1/get,2026-07-22T01:02:06+00:00
2021-08-16,8908.15556382,https://datacenter-web.eastmoney.com/api/data/v1/get,2026-07-22T01:02:06+00:00
2021-08-17,8859.23828822,https://datacenter-web.eastmoney.com/api/data/v1/get,2026-07-22T01:02:06+00:00
2021-08-18,8875.00266893,https://datacenter-web.eastmoney.com/api/data/v1/get,2026-07-22T01:02:06+00:00
2021-08-19,8846.83739098,https://datacenter-web.eastmoney.com/api/data/v1/get,2026-07-22T01:02:06+00:00
2021-08-20,8823.09838568,https://datacenter-web.eastmoney.com/api/data/v1/get,2026-07-22T01:02:06+00:00
2021-08-23,8904.17780550,https://datacenter-web.eastmoney.com/api/data/v1/get,2026-07-22T01:02:06+00:00
2021-08-24,8934.29651301,https://datacenter-web.eastmoney.com/api/data/v1/get,2026-07-22T01:02:06+00:00
2021-08-25,8953.34183375,https://datacenter-web.eastmoney.com/api/data/v1/get,2026-07-22T01:02:06+00:00
2021-08-26,8984.06898219,https://datacenter-web.eastmoney.com/api/data/v1/get,2026-07-22T01:02:06+00:00
2021-08-27,8949.12847257,https://datacenter-web.eastmoney.com/api/data/v1/get,2026-07-22T01:02:06+00:00
2021-08-30,8990.89666980,https://datacenter-web.eastmoney.com/api/data/v1/get,2026-07-22T01:02:06+00:00
2021-08-31,8993.85982475,https://datacenter-web.eastmoney.com/api/data/v1/get,2026-07-22T01:02:06+00:00
2021-09-01,9013.44977545,https://datacenter-web.eastmoney.com/api/data/v1/get,2026-07-22T01:02:06+00:00
2021-09-02,9026.56833418,https://datacenter-web.eastmoney.com/api/data/v1/get,2026-07-22T01:02:06+00:00
2021-09-03,9006.76269106,https://datacenter-web.eastmoney.com/api/data/v1/get,2026-07-22T01:02:06+00:00
2021-09-06,9060.99410796,https://datacenter-web.eastmoney.com/api/data/v1/get,2026-07-22T01:02:06+00:00
2021-09-07,9100.90394094,https://datacenter-web.eastmoney.com/api/data/v1/get,2026-07-22T01:02:06+00:00
2021-09-08,9163.46887959,https://datacenter-web.eastmoney.com/api/data/v1/get,2026-07-22T01:02:06+00:00
2021-09-09,9227.85428017,https://datacenter-web.eastmoney.com/api/data/v1/get,2026-07-22T01:02:06+00:00
2021-09-10,9235.83113669,https://datacenter-web.eastmoney.com/api/data/v1/get,2026-07-22T01:02:06+00:00
2021-09-13,9307.64129760,https://datacenter-web.eastmoney.com/api/data/v1/get,2026-07-22T01:02:06+00:00
2021-09-14,9318.87499426,https://datacenter-web.eastmoney.com/api/data/v1/get,2026-07-22T01:02:06+00:00
2021-09-15,9339.56191047,https://datacenter-web.eastmoney.com/api/data/v1/get,2026-07-22T01:02:06+00:00
2021-09-16,9284.50655117,https://datacenter-web.eastmoney.com/api/data/v1/get,2026-07-22T01:02:06+00:00
2021-09-17,9182.29550357,https://datacenter-web.eastmoney.com/api/data/v1/get,2026-07-22T01:02:06+00:00
2021-09-22,9225.35888976,https://datacenter-web.eastmoney.com/api/data/v1/get,2026-07-22T01:02:06+00:00
2021-09-23,9267.21903101,https://datacenter-web.eastmoney.com/api/data/v1/get,2026-07-22T01:02:06+00:00
2021-09-24,9212.79018246,https://datacenter-web.eastmoney.com/api/data/v1/get,2026-07-22T01:02:06+00:00
2021-09-27,9143.64873491,https://datacenter-web.eastmoney.com/api/data/v1/get,2026-07-22T01:02:06+00:00
2021-09-28,9129.97702505,https://datacenter-web.eastmoney.com/api/data/v1/get,2026-07-22T01:02:06+00:00
2021-09-29,9069.96167002,https://datacenter-web.eastmoney.com/api/data/v1/get,2026-07-22T01:02:06+00:00
2021-09-30,8962.54829811,https://datacenter-web.eastmoney.com/api/data/v1/get,2026-07-22T01:02:06+00:00
2021-10-08,9013.86226189,https://datacenter-web.eastmoney.com/api/data/v1/get,2026-07-22T01:02:06+00:00
2021-10-11,9026.22940053,https://datacenter-web.eastmoney.com/api/data/v1/get,2026-07-22T01:02:06+00:00
2021-10-12,9007.41231360,https://datacenter-web.eastmoney.com/api/data/v1/get,2026-07-22T01:02:06+00:00
2021-10-13,8988.70170634,https://datacenter-web.eastmoney.com/api/data/v1/get,2026-07-22T01:02:06+00:00
2021-10-14,8987.38267985,https://datacenter-web.eastmoney.com/api/data/v1/get,2026-07-22T01:02:06+00:00
2021-10-15,8958.14114221,https://datacenter-web.eastmoney.com/api/data/v1/get,2026-07-22T01:02:06+00:00
2021-10-18,9011.00271885,https://datacenter-web.eastmoney.com/api/data/v1/get,2026-07-22T01:02:06+00:00
2021-10-19,9027.16530777,https://datacenter-web.eastmoney.com/api/data/v1/get,2026-07-22T01:02:06+00:00
2021-10-20,9057.82630328,https://datacenter-web.eastmoney.com/api/data/v1/get,2026-07-22T01:02:06+00:00
2021-10-21,9061.55333844,https://datacenter-web.eastmoney.com/api/data/v1/get,2026-07-22T01:02:06+00:00
2021-10-22,9031.52283548,https://datacenter-web.eastmoney.com/api/data/v1/get,2026-07-22T01:02:06+00:00
2021-10-25,9059.11108778,https://datacenter-web.eastmoney.com/api/data/v1/get,2026-07-22T01:02:06+00:00
2021-10-26,9086.01388757,https://datacenter-web.eastmoney.com/api/data/v1/get,2026-07-22T01:02:06+00:00
2021-10-27,9106.63397709,https://datacenter-web.eastmoney.com/api/data/v1/get,2026-07-22T01:02:06+00:00
2021-10-28,9068.12813649,https://datacenter-web.eastmoney.com/api/data/v1/get,2026-07-22T01:02:06+00:00
2021-10-29,9038.63548830,https://datacenter-web.eastmoney.com/api/data/v1/get,2026-07-22T01:02:06+00:00
2021-11-01,9049.08107430,https://datacenter-web.eastmoney.com/api/data/v1/get,2026-07-22T01:02:06+00:00
2021-11-02,9022.16238930,https://datacenter-web.eastmoney.com/api/data/v1/get,2026-07-22T01:02:06+00:00
2021-11-03,9000.87292307,https://datacenter-web.eastmoney.com/api/data/v1/get,2026-07-22T01:02:06+00:00
2021-11-04,9024.39884671,https://datacenter-web.eastmoney.com/api/data/v1/get,2026-07-22T01:02:06+00:00
2021-11-05,8957.95759951,https://datacenter-web.eastmoney.com/api/data/v1/get,2026-07-22T01:02:06+00:00
2021-11-08,8968.75925401,https://datacenter-web.eastmoney.com/api/data/v1/get,2026-07-22T01:02:06+00:00
2021-11-09,8987.07817919,https://datacenter-web.eastmoney.com/api/data/v1/get,2026-07-22T01:02:06+00:00
2021-11-10,8993.31842771,https://datacenter-web.eastmoney.com/api/data/v1/get,2026-07-22T01:02:06+00:00
2021-11-11,8996.51946243,https://datacenter-web.eastmoney.com/api/data/v1/get,2026-07-22T01:02:06+00:00
2021-11-12,8969.86190333,https://datacenter-web.eastmoney.com/api/data/v1/get,2026-07-22T01:02:06+00:00
2021-11-15,8970.01566079,https://datacenter-web.eastmoney.com/api/data/v1/get,2026-07-22T01:02:06+00:00
2021-11-16,8952.03793301,https://datacenter-web.eastmoney.com/api/data/v1/get,2026-07-22T01:02:06+00:00
2021-11-17,8967.10208816,https://datacenter-web.eastmoney.com/api/data/v1/get,2026-07-22T01:02:06+00:00
2021-11-18,8978.10789912,https://datacenter-web.eastmoney.com/api/data/v1/get,2026-07-22T01:02:06+00:00
2021-11-19,8969.57362621,https://datacenter-web.eastmoney.com/api/data/v1/get,2026-07-22T01:02:06+00:00
2021-11-22,9023.71955149,https://datacenter-web.eastmoney.com/api/data/v1/get,2026-07-22T01:02:06+00:00
2021-11-23,9041.16936824,https://datacenter-web.eastmoney.com/api/data/v1/get,2026-07-22T01:02:06+00:00
2021-11-24,9045.74071421,https://datacenter-web.eastmoney.com/api/data/v1/get,2026-07-22T01:02:06+00:00
2021-11-25,9056.79295346,https://datacenter-web.eastmoney.com/api/data/v1/get,2026-07-22T01:02:06+00:00
2021-11-26,9044.36858616,https://datacenter-web.eastmoney.com/api/data/v1/get,2026-07-22T01:02:06+00:00
2021-11-29,9068.73810702,https://datacenter-web.eastmoney.com/api/data/v1/get,2026-07-22T01:02:06+00:00
2021-11-30,9084.83085484,https://datacenter-web.eastmoney.com/api/data/v1/get,2026-07-22T01:02:06+00:00
2021-12-01,9103.08466514,https://datacenter-web.eastmoney.com/api/data/v1/get,2026-07-22T01:02:06+00:00
2021-12-02,9084.89878210,https://datacenter-web.eastmoney.com/api/data/v1/get,2026-07-22T01:02:06+00:00
2021-12-03,9074.43980718,https://datacenter-web.eastmoney.com/api/data/v1/get,2026-07-22T01:02:06+00:00
2021-12-06,9074.63353414,https://datacenter-web.eastmoney.com/api/data/v1/get,2026-07-22T01:02:06+00:00
2021-12-07,9061.17771051,https://datacenter-web.eastmoney.com/api/data/v1/get,2026-07-22T01:02:06+00:00
2021-12-08,9078.81320453,https://datacenter-web.eastmoney.com/api/data/v1/get,2026-07-22T01:02:06+00:00
2021-12-09,9088.80092802,https://datacenter-web.eastmoney.com/api/data/v1/get,2026-07-22T01:02:06+00:00
2021-12-10,9100.33221248,https://datacenter-web.eastmoney.com/api/data/v1/get,2026-07-22T01:02:06+00:00
2021-12-13,9139.50078858,https://datacenter-web.eastmoney.com/api/data/v1/get,2026-07-22T01:02:06+00:00
2021-12-14,9153.38431382,https://datacenter-web.eastmoney.com/api/data/v1/get,2026-07-22T01:02:06+00:00
2021-12-15,9172.86307636,https://datacenter-web.eastmoney.com/api/data/v1/get,2026-07-22T01:02:06+00:00
2021-12-16,9165.42583380,https://datacenter-web.eastmoney.com/api/data/v1/get,2026-07-22T01:02:06+00:00
2021-12-17,9123.80095462,https://datacenter-web.eastmoney.com/api/data/v1/get,2026-07-22T01:02:06+00:00
2021-12-20,9112.83958963,https://datacenter-web.eastmoney.com/api/data/v1/get,2026-07-22T01:02:06+00:00
2021-12-21,9102.11617764,https://datacenter-web.eastmoney.com/api/data/v1/get,2026-07-22T01:02:06+00:00
2021-12-22,9107.05749396,https://datacenter-web.eastmoney.com/api/data/v1/get,2026-07-22T01:02:06+00:00
2021-12-23,9109.55003301,https://datacenter-web.eastmoney.com/api/data/v1/get,2026-07-22T01:02:06+00:00
2021-12-24,9057.42911873,https://datacenter-web.eastmoney.com/api/data/v1/get,2026-07-22T01:02:06+00:00
2021-12-27,9079.36630520,https://datacenter-web.eastmoney.com/api/data/v1/get,2026-07-22T01:02:06+00:00
2021-12-28,9096.65874508,https://datacenter-web.eastmoney.com/api/data/v1/get,2026-07-22T01:02:06+00:00
2021-12-29,9086.22510506,https://datacenter-web.eastmoney.com/api/data/v1/get,2026-07-22T01:02:06+00:00
2021-12-30,9085.62701859,https://datacenter-web.eastmoney.com/api/data/v1/get,2026-07-22T01:02:06+00:00
2021-12-31,9030.74844982,https://datacenter-web.eastmoney.com/api/data/v1/get,2026-07-22T01:02:06+00:00
2022-01-04,9060.57651977,https://datacenter-web.eastmoney.com/api/data/v1/get,2026-07-22T01:02:06+00:00
2022-01-05,9041.67215798,https://datacenter-web.eastmoney.com/api/data/v1/get,2026-07-22T01:02:06+00:00
2022-01-06,9040.82746979,https://datacenter-web.eastmoney.com/api/data/v1/get,2026-07-22T01:02:06+00:00
2022-01-07,8958.13442330,https://datacenter-web.eastmoney.com/api/data/v1/get,2026-07-22T01:02:06+00:00
2022-01-10,8968.73723408,https://datacenter-web.eastmoney.com/api/data/v1/get,2026-07-22T01:02:06+00:00
2022-01-11,8967.37126432,https://datacenter-web.eastmoney.com/api/data/v1/get,2026-07-22T01:02:06+00:00
2022-01-12,8984.05575020,https://datacenter-web.eastmoney.com/api/data/v1/get,2026-07-22T01:02:06+00:00
2022-01-13,8972.15444391,https://datacenter-web.eastmoney.com/api/data/v1/get,2026-07-22T01:02:06+00:00
2022-01-14,8955.39506386,https://datacenter-web.eastmoney.com/api/data/v1/get,2026-07-22T01:02:06+00:00
2022-01-17,8967.35334253,https://datacenter-web.eastmoney.com/api/data/v1/get,2026-07-22T01:02:06+00:00
2022-01-18,8951.90092705,https://datacenter-web.eastmoney.com/api/data/v1/get,2026-07-22T01:02:06+00:00
2022-01-19,8920.08945432,https://datacenter-web.eastmoney.com/api/data/v1/get,2026-07-22T01:02:06+00:00
2022-01-20,8866.86826861,https://datacenter-web.eastmoney.com/api/data/v1/get,2026-07-22T01:02:06+00:00
2022-01-21,8813.53735363,https://datacenter-web.eastmoney.com/api/data/v1/get,2026-07-22T01:02:06+00:00
2022-01-24,8794.33636370,https://datacenter-web.eastmoney.com/api/data/v1/get,2026-07-22T01:02:06+00:00
2022-01-25,8757.61757447,https://datacenter-web.eastmoney.com/api/data/v1/get,2026-07-22T01:02:06+00:00
2022-01-26,8726.93075234,https://datacenter-web.eastmoney.com/api/data/v1/get,2026-07-22T01:02:06+00:00
2022-01-27,8682.50393955,https://datacenter-web.eastmoney.com/api/data/v1/get,2026-07-22T01:02:06+00:00
2022-01-28,8547.40314467,https://datacenter-web.eastmoney.com/api/data/v1/get,2026-07-22T01:02:06+00:00
2022-02-07,8559.01800819,https://datacenter-web.eastmoney.com/api/data/v1/get,2026-07-22T01:02:06+00:00
2022-02-08,8544.84927188,https://datacenter-web.eastmoney.com/api/data/v1/get,2026-07-22T01:02:06+00:00
2022-02-09,8548.50368933,https://datacenter-web.eastmoney.com/api/data/v1/get,2026-07-22T01:02:06+00:00
2022-02-10,8535.70690387,https://datacenter-web.eastmoney.com/api/data/v1/get,2026-07-22T01:02:06+00:00
2022-02-11,8497.88559074,https://datacenter-web.eastmoney.com/api/data/v1/get,2026-07-22T01:02:06+00:00
2022-02-14,8525.06500811,https://datacenter-web.eastmoney.com/api/data/v1/get,2026-07-22T01:02:06+00:00
2022-02-15,8536.14767892,https://datacenter-web.eastmoney.com/api/data/v1/get,2026-07-22T01:02:06+00:00
2022-02-16,8534.61937896,https://datacenter-web.eastmoney.com/api/data/v1/get,2026-07-22T01:02:06+00:00
2022-02-17,8534.70424387,https://datacenter-web.eastmoney.com/api/data/v1/get,2026-07-22T01:02:06+00:00
2022-02-18,8512.55690984,https://datacenter-web.eastmoney.com/api/data/v1/get,2026-07-22T01:02:06+00:00
2022-02-21,8544.04344357,https://datacenter-web.eastmoney.com/api/data/v1/get,2026-07-22T01:02:06+00:00
2022-02-22,8561.49573287,https://datacenter-web.eastmoney.com/api/data/v1/get,2026-07-22T01:02:06+00:00
2022-02-23,8591.58753274,https://datacenter-web.eastmoney.com/api/data/v1/get,2026-07-22T01:02:06+00:00
2022-02-24,8591.70791373,https://datacenter-web.eastmoney.com/api/data/v1/get,2026-07-22T01:02:06+00:00
2022-02-25,8578.90092841,https://datacenter-web.eastmoney.com/api/data/v1/get,2026-07-22T01:02:06+00:00
2022-02-28,8580.10482942,https://datacenter-web.eastmoney.com/api/data/v1/get,2026-07-22T01:02:06+00:00
2022-03-01,8583.04931586,https://datacenter-web.eastmoney.com/api/data/v1/get,2026-07-22T01:02:06+00:00
2022-03-02,8590.52842301,https://datacenter-web.eastmoney.com/api/data/v1/get,2026-07-22T01:02:06+00:00
2022-03-03,8583.43094456,https://datacenter-web.eastmoney.com/api/data/v1/get,2026-07-22T01:02:06+00:00
2022-03-04,8562.18564496,https://datacenter-web.eastmoney.com/api/data/v1/get,2026-07-22T01:02:06+00:00
2022-03-07,8592.49648231,https://datacenter-web.eastmoney.com/api/data/v1/get,2026-07-22T01:02:06+00:00
2022-03-08,8597.65307764,https://datacenter-web.eastmoney.com/api/data/v1/get,2026-07-22T01:02:06+00:00
2022-03-09,8568.88363483,https://datacenter-web.eastmoney.com/api/data/v1/get,2026-07-22T01:02:06+00:00
2022-03-10,8557.56680056,https://datacenter-web.eastmoney.com/api/data/v1/get,2026-07-22T01:02:06+00:00
2022-03-11,8533.09031318,https://datacenter-web.eastmoney.com/api/data/v1/get,2026-07-22T01:02:06+00:00
2022-03-14,8545.17735470,https://datacenter-web.eastmoney.com/api/data/v1/get,2026-07-22T01:02:06+00:00
2022-03-15,8486.23434249,https://datacenter-web.eastmoney.com/api/data/v1/get,2026-07-22T01:02:06+00:00
2022-03-16,8461.94275056,https://datacenter-web.eastmoney.com/api/data/v1/get,2026-07-22T01:02:06+00:00
2022-03-17,8436.97373088,https://datacenter-web.eastmoney.com/api/data/v1/get,2026-07-22T01:02:06+00:00
2022-03-18,8375.39032759,https://datacenter-web.eastmoney.com/api/data/v1/get,2026-07-22T01:02:06+00:00
2022-03-21,8403.83540777,https://datacenter-web.eastmoney.com/api/data/v1/get,2026-07-22T01:02:06+00:00
2022-03-22,8400.92127566,https://datacenter-web.eastmoney.com/api/data/v1/get,2026-07-22T01:02:06+00:00
2022-03-23,8403.33260621,https://datacenter-web.eastmoney.com/api/data/v1/get,2026-07-22T01:02:06+00:00
2022-03-24,8396.18088604,https://datacenter-web.eastmoney.com/api/data/v1/get,2026-07-22T01:02:06+00:00
2022-03-25,8374.09442628,https://datacenter-web.eastmoney.com/api/data/v1/get,2026-07-22T01:02:06+00:00
2022-03-28,8368.38011083,https://datacenter-web.eastmoney.com/api/data/v1/get,2026-07-22T01:02:06+00:00
2022-03-29,8358.96947038,https://datacenter-web.eastmoney.com/api/data/v1/get,2026-07-22T01:02:06+00:00
2022-03-30,8379.63805834,https://datacenter-web.eastmoney.com/api/data/v1/get,2026-07-22T01:02:06+00:00
2022-03-31,8348.78658068,https://datacenter-web.eastmoney.com/api/data/v1/get,2026-07-22T01:02:06+00:00
2022-04-01,8297.94726178,https://datacenter-web.eastmoney.com/api/data/v1/get,2026-07-22T01:02:06+00:00
2022-04-06,8335.03942754,https://datacenter-web.eastmoney.com/api/data/v1/get,2026-07-22T01:02:06+00:00
2022-04-07,8317.06002323,https://datacenter-web.eastmoney.com/api/data/v1/get,2026-07-22T01:02:06+00:00
2022-04-08,8288.36634090,https://datacenter-web.eastmoney.com/api/data/v1/get,2026-07-22T01:02:06+00:00
2022-04-11,8258.57374580,https://datacenter-web.eastmoney.com/api/data/v1/get,2026-07-22T01:02:06+00:00
2022-04-12,8249.19866194,https://datacenter-web.eastmoney.com/api/data/v1/get,2026-07-22T01:02:06+00:00
2022-04-13,8231.45306933,https://datacenter-web.eastmoney.com/api/data/v1/get,2026-07-22T01:02:06+00:00
2022-04-14,8222.08340708,https://datacenter-web.eastmoney.com/api/data/v1/get,2026-07-22T01:02:06+00:00
2022-04-15,8183.88672866,https://datacenter-web.eastmoney.com/api/data/v1/get,2026-07-22T01:02:06+00:00
2022-04-18,8184.59315143,https://datacenter-web.eastmoney.com/api/data/v1/get,2026-07-22T01:02:06+00:00
2022-04-19,8183.41922489,https://datacenter-web.eastmoney.com/api/data/v1/get,2026-07-22T01:02:06+00:00
2022-04-20,8187.24649829,https://datacenter-web.eastmoney.com/api/data/v1/get,2026-07-22T01:02:06+00:00
2022-04-21,8142.45491550,https://datacenter-web.eastmoney.com/api/data/v1/get,2026-07-22T01:02:06+00:00
2022-04-22,8080.88418338,https://datacenter-web.eastmoney.com/api/data/v1/get,2026-07-22T01:02:06+00:00
2022-04-25,7987.77756593,https://datacenter-web.eastmoney.com/api/data/v1/get,2026-07-22T01:02:06+00:00
2022-04-26,7853.42465926,https://datacenter-web.eastmoney.com/api/data/v1/get,2026-07-22T01:02:06+00:00
2022-04-27,7794.34455889,https://datacenter-web.eastmoney.com/api/data/v1/get,2026-07-22T01:02:06+00:00
2022-04-28,7743.83614466,https://datacenter-web.eastmoney.com/api/data/v1/get,2026-07-22T01:02:06+00:00
2022-04-29,7683.84978166,https://datacenter-web.eastmoney.com/api/data/v1/get,2026-07-22T01:02:06+00:00
2022-05-05,7703.58757845,https://datacenter-web.eastmoney.com/api/data/v1/get,2026-07-22T01:02:06+00:00
2022-05-06,7706.36270872,https://datacenter-web.eastmoney.com/api/data/v1/get,2026-07-22T01:02:06+00:00
2022-05-09,7725.94360832,https://datacenter-web.eastmoney.com/api/data/v1/get,2026-07-22T01:02:06+00:00
2022-05-10,7730.26055278,https://datacenter-web.eastmoney.com/api/data/v1/get,2026-07-22T01:02:06+00:00
2022-05-11,7752.40016082,https://datacenter-web.eastmoney.com/api/data/v1/get,2026-07-22T01:02:06+00:00
2022-05-12,7756.06280676,https://datacenter-web.eastmoney.com/api/data/v1/get,2026-07-22T01:02:06+00:00
2022-05-13,7741.54774214,https://datacenter-web.eastmoney.com/api/data/v1/get,2026-07-22T01:02:06+00:00
2022-05-16,7757.27439591,https://datacenter-web.eastmoney.com/api/data/v1/get,2026-07-22T01:02:06+00:00
2022-05-17,7752.07185635,https://datacenter-web.eastmoney.com/api/data/v1/get,2026-07-22T01:02:06+00:00
2022-05-18,7768.47783482,https://datacenter-web.eastmoney.com/api/data/v1/get,2026-07-22T01:02:06+00:00
2022-05-19,7772.72455643,https://datacenter-web.eastmoney.com/api/data/v1/get,2026-07-22T01:02:06+00:00
2022-05-20,7753.82706063,https://datacenter-web.eastmoney.com/api/data/v1/get,2026-07-22T01:02:06+00:00
2022-05-23,7782.51389141,https://datacenter-web.eastmoney.com/api/data/v1/get,2026-07-22T01:02:06+00:00
2022-05-24,7762.97399896,https://datacenter-web.eastmoney.com/api/data/v1/get,2026-07-22T01:02:06+00:00
2022-05-25,7769.48782318,https://datacenter-web.eastmoney.com/api/data/v1/get,2026-07-22T01:02:06+00:00
2022-05-26,7768.61193425,https://datacenter-web.eastmoney.com/api/data/v1/get,2026-07-22T01:02:06+00:00
2022-05-27,7739.04370625,https://datacenter-web.eastmoney.com/api/data/v1/get,2026-07-22T01:02:06+00:00
2022-05-30,7752.87251445,https://datacenter-web.eastmoney.com/api/data/v1/get,2026-07-22T01:02:06+00:00
2022-05-31,7753.91474256,https://datacenter-web.eastmoney.com/api/data/v1/get,2026-07-22T01:02:06+00:00
2022-06-01,7758.88801375,https://datacenter-web.eastmoney.com/api/data/v1/get,2026-07-22T01:02:06+00:00
2022-06-02,7740.52689799,https://datacenter-web.eastmoney.com/api/data/v1/get,2026-07-22T01:02:06+00:00
2022-06-06,7797.44766199,https://datacenter-web.eastmoney.com/api/data/v1/get,2026-07-22T01:02:06+00:00
2022-06-07,7820.87338586,https://datacenter-web.eastmoney.com/api/data/v1/get,2026-07-22T01:02:06+00:00
2022-06-08,7828.00121321,https://datacenter-web.eastmoney.com/api/data/v1/get,2026-07-22T01:02:06+00:00
2022-06-09,7833.08464450,https://datacenter-web.eastmoney.com/api/data/v1/get,2026-07-22T01:02:06+00:00
2022-06-10,7822.56232225,https://datacenter-web.eastmoney.com/api/data/v1/get,2026-07-22T01:02:06+00:00
2022-06-13,7883.58540702,https://datacenter-web.eastmoney.com/api/data/v1/get,2026-07-22T01:02:06+00:00
2022-06-14,7906.07292252,https://datacenter-web.eastmoney.com/api/data/v1/get,2026-07-22T01:02:06+00:00
2022-06-15,7936.09922510,https://datacenter-web.eastmoney.com/api/data/v1/get,2026-07-22T01:02:06+00:00
2022-06-16,7957.56728177,https://datacenter-web.eastmoney.com/api/data/v1/get,2026-07-22T01:02:06+00:00
2022-06-17,7939.40350029,https://datacenter-web.eastmoney.com/api/data/v1/get,2026-07-22T01:02:06+00:00
2022-06-20,7984.01593884,https://datacenter-web.eastmoney.com/api/data/v1/get,2026-07-22T01:02:06+00:00
2022-06-21,7967.91144096,https://datacenter-web.eastmoney.com/api/data/v1/get,2026-07-22T01:02:06+00:00
2022-06-22,7990.32181409,https://datacenter-web.eastmoney.com/api/data/v1/get,2026-07-22T01:02:06+00:00
2022-06-23,7994.70136679,https://datacenter-web.eastmoney.com/api/data/v1/get,2026-07-22T01:02:06+00:00
2022-06-24,7991.01774063,https://datacenter-web.eastmoney.com/api/data/v1/get,2026-07-22T01:02:06+00:00
2022-06-27,8041.52526967,https://datacenter-web.eastmoney.com/api/data/v1/get,2026-07-22T01:02:06+00:00
2022-06-28,8080.27652202,https://datacenter-web.eastmoney.com/api/data/v1/get,2026-07-22T01:02:06+00:00
2022-06-29,8079.30379714,https://datacenter-web.eastmoney.com/api/data/v1/get,2026-07-22T01:02:06+00:00
2022-06-30,8101.73314834,https://datacenter-web.eastmoney.com/api/data/v1/get,2026-07-22T01:02:06+00:00
2022-07-01,8078.93323016,https://datacenter-web.eastmoney.com/api/data/v1/get,2026-07-22T01:02:06+00:00
2022-07-04,8114.94011440,https://datacenter-web.eastmoney.com/api/data/v1/get,2026-07-22T01:02:06+00:00
2022-07-05,8134.43887342,https://datacenter-web.eastmoney.com/api/data/v1/get,2026-07-22T01:02:06+00:00
2022-07-06,8156.49145513,https://datacenter-web.eastmoney.com/api/data/v1/get,2026-07-22T01:02:06+00:00
2022-07-07,8167.39788005,https://datacenter-web.eastmoney.com/api/data/v1/get,2026-07-22T01:02:06+00:00
2022-07-08,8153.01810057,https://datacenter-web.eastmoney.com/api/data/v1/get,2026-07-22T01:02:06+00:00
2022-07-11,8158.19236317,https://datacenter-web.eastmoney.com/api/data/v1/get,2026-07-22T01:02:06+00:00
2022-07-12,8144.27103321,https://datacenter-web.eastmoney.com/api/data/v1/get,2026-07-22T01:02:06+00:00
2022-07-13,8148.64156128,https://datacenter-web.eastmoney.com/api/data/v1/get,2026-07-22T01:02:06+00:00
2022-07-14,8164.57913392,https://datacenter-web.eastmoney.com/api/data/v1/get,2026-07-22T01:02:06+00:00
2022-07-15,8149.71261389,https://datacenter-web.eastmoney.com/api/data/v1/get,2026-07-22T01:02:06+00:00
2022-07-18,8166.93870032,https://datacenter-web.eastmoney.com/api/data/v1/get,2026-07-22T01:02:06+00:00
2022-07-19,8183.68021163,https://datacenter-web.eastmoney.com/api/data/v1/get,2026-07-22T01:02:06+00:00
2022-07-20,8192.91476832,https://datacenter-web.eastmoney.com/api/data/v1/get,2026-07-22T01:02:06+00:00
2022-07-21,8201.20344143,https://datacenter-web.eastmoney.com/api/data/v1/get,2026-07-22T01:02:06+00:00
2022-07-22,8191.25924113,https://datacenter-web.eastmoney.com/api/data/v1/get,2026-07-22T01:02:06+00:00
2022-07-25,8188.77487640,https://datacenter-web.eastmoney.com/api/data/v1/get,2026-07-22T01:02:06+00:00
2022-07-26,8182.71843241,https://datacenter-web.eastmoney.com/api/data/v1/get,2026-07-22T01:02:06+00:00
2022-07-27,8198.46008863,https://datacenter-web.eastmoney.com/api/data/v1/get,2026-07-22T01:02:06+00:00
2022-07-28,8200.81385003,https://datacenter-web.eastmoney.com/api/data/v1/get,2026-07-22T01:02:06+00:00
2022-07-29,8180.61069544,https://datacenter-web.eastmoney.com/api/data/v1/get,2026-07-22T01:02:06+00:00
2022-08-01,8189.92456447,https://datacenter-web.eastmoney.com/api/data/v1/get,2026-07-22T01:02:06+00:00
2022-08-02,8134.62510618,https://datacenter-web.eastmoney.com/api/data/v1/get,2026-07-22T01:02:06+00:00
2022-08-03,8122.91833769,https://datacenter-web.eastmoney.com/api/data/v1/get,2026-07-22T01:02:06+00:00
2022-08-04,8137.05139650,https://datacenter-web.eastmoney.com/api/data/v1/get,2026-07-22T01:02:06+00:00
2022-08-05,8130.49843823,https://datacenter-web.eastmoney.com/api/data/v1/get,2026-07-22T01:02:06+00:00
2022-08-08,8146.40869080,https://datacenter-web.eastmoney.com/api/data/v1/get,2026-07-22T01:02:06+00:00
2022-08-09,8169.62196621,https://datacenter-web.eastmoney.com/api/data/v1/get,2026-07-22T01:02:06+00:00
2022-08-10,8183.75102481,https://datacenter-web.eastmoney.com/api/data/v1/get,2026-07-22T01:02:06+00:00
2022-08-11,8181.75734041,https://datacenter-web.eastmoney.com/api/data/v1/get,2026-07-22T01:02:06+00:00
2022-08-12,8157.76022678,https://datacenter-web.eastmoney.com/api/data/v1/get,2026-07-22T01:02:06+00:00
2022-08-15,8179.51632910,https://datacenter-web.eastmoney.com/api/data/v1/get,2026-07-22T01:02:06+00:00
2022-08-16,8192.54198291,https://datacenter-web.eastmoney.com/api/data/v1/get,2026-07-22T01:02:06+00:00
2022-08-17,8200.26080300,https://datacenter-web.eastmoney.com/api/data/v1/get,2026-07-22T01:02:06+00:00
2022-08-18,8215.05494211,https://datacenter-web.eastmoney.com/api/data/v1/get,2026-07-22T01:02:06+00:00
2022-08-19,8187.96898343,https://datacenter-web.eastmoney.com/api/data/v1/get,2026-07-22T01:02:06+00:00
2022-08-22,8197.64989605,https://datacenter-web.eastmoney.com/api/data/v1/get,2026-07-22T01:02:06+00:00
2022-08-23,8212.73324019,https://datacenter-web.eastmoney.com/api/data/v1/get,2026-07-22T01:02:06+00:00
2022-08-24,8185.20354358,https://datacenter-web.eastmoney.com/api/data/v1/get,2026-07-22T01:02:06+00:00
2022-08-25,8169.65812332,https://datacenter-web.eastmoney.com/api/data/v1/get,2026-07-22T01:02:06+00:00
2022-08-26,8137.29709479,https://datacenter-web.eastmoney.com/api/data/v1/get,2026-07-22T01:02:06+00:00
2022-08-29,8141.51763169,https://datacenter-web.eastmoney.com/api/data/v1/get,2026-07-22T01:02:06+00:00
2022-08-30,8129.92456940,https://datacenter-web.eastmoney.com/api/data/v1/get,2026-07-22T01:02:06+00:00
2022-08-31,8077.29362103,https://datacenter-web.eastmoney.com/api/data/v1/get,2026-07-22T01:02:06+00:00
2022-09-01,8059.56223789,https://datacenter-web.eastmoney.com/api/data/v1/get,2026-07-22T01:02:06+00:00
2022-09-02,8045.47309813,https://datacenter-web.eastmoney.com/api/data/v1/get,2026-07-22T01:02:06+00:00
2022-09-05,8047.17543345,https://datacenter-web.eastmoney.com/api/data/v1/get,2026-07-22T01:02:06+00:00
2022-09-06,8035.13344268,https://datacenter-web.eastmoney.com/api/data/v1/get,2026-07-22T01:02:06+00:00
2022-09-07,8042.03104743,https://datacenter-web.eastmoney.com/api/data/v1/get,2026-07-22T01:02:06+00:00
2022-09-08,8029.36935915,https://datacenter-web.eastmoney.com/api/data/v1/get,2026-07-22T01:02:06+00:00
2022-09-09,7976.65884010,https://datacenter-web.eastmoney.com/api/data/v1/get,2026-07-22T01:02:06+00:00
2022-09-13,7996.41281579,https://datacenter-web.eastmoney.com/api/data/v1/get,2026-07-22T01:02:06+00:00
2022-09-14,7992.81463122,https://datacenter-web.eastmoney.com/api/data/v1/get,2026-07-22T01:02:06+00:00
2022-09-15,7965.44742207,https://datacenter-web.eastmoney.com/api/data/v1/get,2026-07-22T01:02:06+00:00
2022-09-16,7936.41670445,https://datacenter-web.eastmoney.com/api/data/v1/get,2026-07-22T01:02:06+00:00
2022-09-19,7917.58426442,https://datacenter-web.eastmoney.com/api/data/v1/get,2026-07-22T01:02:06+00:00
2022-09-20,7923.17272001,https://datacenter-web.eastmoney.com/api/data/v1/get,2026-07-22T01:02:06+00:00
2022-09-21,7923.73742514,https://datacenter-web.eastmoney.com/api/data/v1/get,2026-07-22T01:02:06+00:00
2022-09-22,7913.71965565,https://datacenter-web.eastmoney.com/api/data/v1/get,2026-07-22T01:02:06+00:00
2022-09-23,7872.47836470,https://datacenter-web.eastmoney.com/api/data/v1/get,2026-07-22T01:02:06+00:00
2022-09-26,7857.74425677,https://datacenter-web.eastmoney.com/api/data/v1/get,2026-07-22T01:02:06+00:00
2022-09-27,7852.40104940,https://datacenter-web.eastmoney.com/api/data/v1/get,2026-07-22T01:02:06+00:00
2022-09-28,7811.13221616,https://datacenter-web.eastmoney.com/api/data/v1/get,2026-07-22T01:02:06+00:00
2022-09-29,7788.30915826,https://datacenter-web.eastmoney.com/api/data/v1/get,2026-07-22T01:02:06+00:00
2022-09-30,7706.23751931,https://datacenter-web.eastmoney.com/api/data/v1/get,2026-07-22T01:02:06+00:00
2022-10-10,7712.03514053,https://datacenter-web.eastmoney.com/api/data/v1/get,2026-07-22T01:02:06+00:00
2022-10-11,7707.35102720,https://datacenter-web.eastmoney.com/api/data/v1/get,2026-07-22T01:02:06+00:00
2022-10-12,7713.70482389,https://datacenter-web.eastmoney.com/api/data/v1/get,2026-07-22T01:02:06+00:00
2022-10-13,7723.76809092,https://datacenter-web.eastmoney.com/api/data/v1/get,2026-07-22T01:02:06+00:00
2022-10-14,7720.23311463,https://datacenter-web.eastmoney.com/api/data/v1/get,2026-07-22T01:02:06+00:00
2022-10-17,7733.63951153,https://datacenter-web.eastmoney.com/api/data/v1/get,2026-07-22T01:02:06+00:00
2022-10-18,7739.92838909,https://datacenter-web.eastmoney.com/api/data/v1/get,2026-07-22T01:02:06+00:00
2022-10-19,7753.06396795,https://datacenter-web.eastmoney.com/api/data/v1/get,2026-07-22T01:02:06+00:00
2022-10-20,7762.69929247,https://datacenter-web.eastmoney.com/api/data/v1/get,2026-07-22T01:02:06+00:00
2022-10-21,7736.92767359,https://datacenter-web.eastmoney.com/api/data/v1/get,2026-07-22T01:02:06+00:00
2022-10-24,7748.21459548,https://datacenter-web.eastmoney.com/api/data/v1/get,2026-07-22T01:02:06+00:00
2022-10-25,7739.69828275,https://datacenter-web.eastmoney.com/api/data/v1/get,2026-07-22T01:02:06+00:00
2022-10-26,7758.33466675,https://datacenter-web.eastmoney.com/api/data/v1/get,2026-07-22T01:02:06+00:00
2022-10-27,7747.96204610,https://datacenter-web.eastmoney.com/api/data/v1/get,2026-07-22T01:02:06+00:00
2022-10-28,7685.99549673,https://datacenter-web.eastmoney.com/api/data/v1/get,2026-07-22T01:02:06+00:00
2022-10-31,7687.36970587,https://datacenter-web.eastmoney.com/api/data/v1/get,2026-07-22T01:02:06+00:00
2022-11-01,7696.67966856,https://datacenter-web.eastmoney.com/api/data/v1/get,2026-07-22T01:02:06+00:00
2022-11-02,7702.84229577,https://datacenter-web.eastmoney.com/api/data/v1/get,2026-07-22T01:02:06+00:00
2022-11-03,7726.23348328,https://datacenter-web.eastmoney.com/api/data/v1/get,2026-07-22T01:02:06+00:00
2022-11-04,7724.62692744,https://datacenter-web.eastmoney.com/api/data/v1/get,2026-07-22T01:02:06+00:00
2022-11-07,7759.00520228,https://datacenter-web.eastmoney.com/api/data/v1/get,2026-07-22T01:02:06+00:00
2022-11-08,7772.24082043,https://datacenter-web.eastmoney.com/api/data/v1/get,2026-07-22T01:02:06+00:00
2022-11-09,7778.24824498,https://datacenter-web.eastmoney.com/api/data/v1/get,2026-07-22T01:02:06+00:00
2022-11-10,7775.50981686,https://datacenter-web.eastmoney.com/api/data/v1/get,2026-07-22T01:02:06+00:00
2022-11-11,7735.52787965,https://datacenter-web.eastmoney.com/api/data/v1/get,2026-07-22T01:02:06+00:00
2022-11-14,7739.20229118,https://datacenter-web.eastmoney.com/api/data/v1/get,2026-07-22T01:02:06+00:00
2022-11-15,7757.06762626,https://datacenter-web.eastmoney.com/api/data/v1/get,2026-07-22T01:02:06+00:00
2022-11-16,7758.39406247,https://datacenter-web.eastmoney.com/api/data/v1/get,2026-07-22T01:02:06+00:00
2022-11-17,7772.88642064,https://datacenter-web.eastmoney.com/api/data/v1/get,2026-07-22T01:02:06+00:00
2022-11-18,7746.07255920,https://datacenter-web.eastmoney.com/api/data/v1/get,2026-07-22T01:02:06+00:00
2022-11-21,7770.77218098,https://datacenter-web.eastmoney.com/api/data/v1/get,2026-07-22T01:02:06+00:00
2022-11-22,7768.34636854,https://datacenter-web.eastmoney.com/api/data/v1/get,2026-07-22T01:02:06+00:00
2022-11-23,7770.02601688,https://datacenter-web.eastmoney.com/api/data/v1/get,2026-07-22T01:02:06+00:00
2022-11-24,7761.61135356,https://datacenter-web.eastmoney.com/api/data/v1/get,2026-07-22T01:02:06+00:00
2022-11-25,7725.44316046,https://datacenter-web.eastmoney.com/api/data/v1/get,2026-07-22T01:02:06+00:00
2022-11-28,7728.68801219,https://datacenter-web.eastmoney.com/api/data/v1/get,2026-07-22T01:02:06+00:00
2022-11-29,7738.18172180,https://datacenter-web.eastmoney.com/api/data/v1/get,2026-07-22T01:02:06+00:00
2022-11-30,7714.24149549,https://datacenter-web.eastmoney.com/api/data/v1/get,2026-07-22T01:02:06+00:00
2022-12-01,7730.06882074,https://datacenter-web.eastmoney.com/api/data/v1/get,2026-07-22T01:02:06+00:00
2022-12-02,7721.84356386,https://datacenter-web.eastmoney.com/api/data/v1/get,2026-07-22T01:02:06+00:00
2022-12-05,7760.39754984,https://datacenter-web.eastmoney.com/api/data/v1/get,2026-07-22T01:02:06+00:00
2022-12-06,7761.03539100,https://datacenter-web.eastmoney.com/api/data/v1/get,2026-07-22T01:02:06+00:00
2022-12-07,7771.82938303,https://datacenter-web.eastmoney.com/api/data/v1/get,2026-07-22T01:02:06+00:00
2022-12-08,7771.98575304,https://datacenter-web.eastmoney.com/api/data/v1/get,2026-07-22T01:02:06+00:00
2022-12-09,7761.38478545,https://datacenter-web.eastmoney.com/api/data/v1/get,2026-07-22T01:02:06+00:00
2022-12-12,7794.77957495,https://datacenter-web.eastmoney.com/api/data/v1/get,2026-07-22T01:02:06+00:00
2022-12-13,7787.06150308,https://datacenter-web.eastmoney.com/api/data/v1/get,2026-07-22T01:02:06+00:00
2022-12-14,7770.87007843,https://datacenter-web.eastmoney.com/api/data/v1/get,2026-07-22T01:02:06+00:00
2022-12-15,7777.54941694,https://datacenter-web.eastmoney.com/api/data/v1/get,2026-07-22T01:02:06+00:00
2022-12-16,7747.32973259,https://datacenter-web.eastmoney.com/api/data/v1/get,2026-07-22T01:02:06+00:00
2022-12-19,7732.95688119,https://datacenter-web.eastmoney.com/api/data/v1/get,2026-07-22T01:02:06+00:00
2022-12-20,7737.41005498,https://datacenter-web.eastmoney.com/api/data/v1/get,2026-07-22T01:02:06+00:00
2022-12-21,7721.31190941,https://datacenter-web.eastmoney.com/api/data/v1/get,2026-07-22T01:02:06+00:00
2022-12-22,7703.08253069,https://datacenter-web.eastmoney.com/api/data/v1/get,2026-07-22T01:02:06+00:00
2022-12-23,7678.08102655,https://datacenter-web.eastmoney.com/api/data/v1/get,2026-07-22T01:02:06+00:00
2022-12-26,7692.83179666,https://datacenter-web.eastmoney.com/api/data/v1/get,2026-07-22T01:02:06+00:00
2022-12-27,7683.00105500,https://datacenter-web.eastmoney.com/api/data/v1/get,2026-07-22T01:02:06+00:00
2022-12-28,7664.72799612,https://datacenter-web.eastmoney.com/api/data/v1/get,2026-07-22T01:02:06+00:00
2022-12-29,7667.60403679,https://datacenter-web.eastmoney.com/api/data/v1/get,2026-07-22T01:02:06+00:00
2022-12-30,7625.14201807,https://datacenter-web.eastmoney.com/api/data/v1/get,2026-07-22T01:02:06+00:00
2023-01-03,7643.50187189,https://datacenter-web.eastmoney.com/api/data/v1/get,2026-07-22T01:02:06+00:00
2023-01-04,7644.18863386,https://datacenter-web.eastmoney.com/api/data/v1/get,2026-07-22T01:02:06+00:00
2023-01-05,7647.79384596,https://datacenter-web.eastmoney.com/api/data/v1/get,2026-07-22T01:02:06+00:00
2023-01-06,7633.44296620,https://datacenter-web.eastmoney.com/api/data/v1/get,2026-07-22T01:02:06+00:00
2023-01-09,7648.24244326,https://datacenter-web.eastmoney.com/api/data/v1/get,2026-07-22T01:02:06+00:00
2023-01-10,7649.94925871,https://datacenter-web.eastmoney.com/api/data/v1/get,2026-07-22T01:02:06+00:00
2023-01-11,7637.70671980,https://datacenter-web.eastmoney.com/api/data/v1/get,2026-07-22T01:02:06+00:00
2023-01-12,7623.79933298,https://datacenter-web.eastmoney.com/api/data/v1/get,2026-07-22T01:02:06+00:00
2023-01-13,7598.45686031,https://datacenter-web.eastmoney.com/api/data/v1/get,2026-07-22T01:02:06+00:00
2023-01-16,7603.16664530,https://datacenter-web.eastmoney.com/api/data/v1/get,2026-07-22T01:02:06+00:00
2023-01-17,7588.25329203,https://datacenter-web.eastmoney.com/api/data/v1/get,2026-07-22T01:02:06+00:00
2023-01-18,7566.22347867,https://datacenter-web.eastmoney.com/api/data/v1/get,2026-07-22T01:02:06+00:00
2023-01-19,7557.26974240,https://datacenter-web.eastmoney.com/api/data/v1/get,2026-07-22T01:02:06+00:00
2023-01-20,7479.19975441,https://datacenter-web.eastmoney.com/api/data/v1/get,2026-07-22T01:02:06+00:00
2023-01-30,7583.24039887,https://datacenter-web.eastmoney.com/api/data/v1/get,2026-07-22T01:02:06+00:00
2023-01-31,7615.54614916,https://datacenter-web.eastmoney.com/api/data/v1/get,2026-07-22T01:02:06+00:00
2023-02-01,7655.93071927,https://datacenter-web.eastmoney.com/api/data/v1/get,2026-07-22T01:02:06+00:00
2023-02-02,7678.38008722,https://datacenter-web.eastmoney.com/api/data/v1/get,2026-07-22T01:02:06+00:00
2023-02-03,7687.24731038,https://datacenter-web.eastmoney.com/api/data/v1/get,2026-07-22T01:02:06+00:00
2023-02-06,7712.65612492,https://datacenter-web.eastmoney.com/api/data/v1/get,2026-07-22T01:02:06+00:00
2023-02-07,7730.91617246,https://datacenter-web.eastmoney.com/api/data/v1/get,2026-07-22T01:02:06+00:00
2023-02-08,7736.92157939,https://datacenter-web.eastmoney.com/api/data/v1/get,2026-07-22T01:02:06+00:00
2023-02-09,7737.89184027,https://datacenter-web.eastmoney.com/api/data/v1/get,2026-07-22T01:02:06+00:00
2023-02-10,7721.76553297,https://datacenter-web.eastmoney.com/api/data/v1/get,2026-07-22T01:02:06+00:00
2023-02-13,7751.15514066,https://datacenter-web.eastmoney.com/api/data/v1/get,2026-07-22T01:02:06+00:00
2023-02-14,7767.91296318,https://datacenter-web.eastmoney.com/api/data/v1/get,2026-07-22T01:02:06+00:00
2023-02-15,7788.14595507,https://datacenter-web.eastmoney.com/api/data/v1/get,2026-07-22T01:02:06+00:00
2023-02-16,7776.14732387,https://datacenter-web.eastmoney.com/api/data/v1/get,2026-07-22T01:02:06+00:00
2023-02-17,7753.79729131,https://datacenter-web.eastmoney.com/api/data/v1/get,2026-07-22T01:02:06+00:00
2023-02-20,7776.18595903,https://datacenter-web.eastmoney.com/api/data/v1/get,2026-07-22T01:02:06+00:00
2023-02-21,7789.91977830,https://datacenter-web.eastmoney.com/api/data/v1/get,2026-07-22T01:02:06+00:00
2023-02-22,7809.00121090,https://datacenter-web.eastmoney.com/api/data/v1/get,2026-07-22T01:02:06+00:00
2023-02-23,7810.42560533,https://datacenter-web.eastmoney.com/api/data/v1/get,2026-07-22T01:02:06+00:00
2023-02-24,7806.66428046,https://datacenter-web.eastmoney.com/api/data/v1/get,2026-07-22T01:02:06+00:00
2023-02-27,7805.03115387,https://datacenter-web.eastmoney.com/api/data/v1/get,2026-07-22T01:02:06+00:00
2023-02-28,7809.00136995,https://datacenter-web.eastmoney.com/api/data/v1/get,2026-07-22T01:02:06+00:00
2023-03-01,7818.22473154,https://datacenter-web.eastmoney.com/api/data/v1/get,2026-07-22T01:02:06+00:00
2023-03-02,7811.78829117,https://datacenter-web.eastmoney.com/api/data/v1/get,2026-07-22T01:02:06+00:00
2023-03-03,7807.29766109,https://datacenter-web.eastmoney.com/api/data/v1/get,2026-07-22T01:02:06+00:00
2023-03-06,7833.17669963,https://datacenter-web.eastmoney.com/api/data/v1/get,2026-07-22T01:02:06+00:00
2023-03-07,7829.36967560,https://datacenter-web.eastmoney.com/api/data/v1/get,2026-07-22T01:02:06+00:00
2023-03-08,7840.81753629,https://datacenter-web.eastmoney.com/api/data/v1/get,2026-07-22T01:02:06+00:00
2023-03-09,7857.59082363,https://datacenter-web.eastmoney.com/api/data/v1/get,2026-07-22T01:02:06+00:00
2023-03-10,7831.97568414,https://datacenter-web.eastmoney.com/api/data/v1/get,2026-07-22T01:02:06+00:00
2023-03-13,7837.99930630,https://datacenter-web.eastmoney.com/api/data/v1/get,2026-07-22T01:02:06+00:00
2023-03-14,7860.46973151,https://datacenter-web.eastmoney.com/api/data/v1/get,2026-07-22T01:02:06+00:00
2023-03-15,7867.34165922,https://datacenter-web.eastmoney.com/api/data/v1/get,2026-07-22T01:02:06+00:00
2023-03-16,7871.62950283,https://datacenter-web.eastmoney.com/api/data/v1/get,2026-07-22T01:02:06+00:00
2023-03-17,7863.83574652,https://datacenter-web.eastmoney.com/api/data/v1/get,2026-07-22T01:02:06+00:00
2023-03-20,7876.92438328,https://datacenter-web.eastmoney.com/api/data/v1/get,2026-07-22T01:02:06+00:00
2023-03-21,7885.20782368,https://datacenter-web.eastmoney.com/api/data/v1/get,2026-07-22T01:02:06+00:00
2023-03-22,7896.55461766,https://datacenter-web.eastmoney.com/api/data/v1/get,2026-07-22T01:02:06+00:00
2023-03-23,7917.99900643,https://datacenter-web.eastmoney.com/api/data/v1/get,2026-07-22T01:02:06+00:00
2023-03-24,7928.41223125,https://datacenter-web.eastmoney.com/api/data/v1/get,2026-07-22T01:02:06+00:00
2023-03-27,7967.68269592,https://datacenter-web.eastmoney.com/api/data/v1/get,2026-07-22T01:02:06+00:00
2023-03-28,7972.52237740,https://datacenter-web.eastmoney.com/api/data/v1/get,2026-07-22T01:02:06+00:00
2023-03-29,7968.88526748,https://datacenter-web.eastmoney.com/api/data/v1/get,2026-07-22T01:02:06+00:00
2023-03-30,7972.43830185,https://datacenter-web.eastmoney.com/api/data/v1/get,2026-07-22T01:02:06+00:00
2023-03-31,7950.34645806,https://datacenter-web.eastmoney.com/api/data/v1/get,2026-07-22T01:02:06+00:00
2023-04-03,7986.16296684,https://datacenter-web.eastmoney.com/api/data/v1/get,2026-07-22T01:02:06+00:00
2023-04-04,7989.04170550,https://datacenter-web.eastmoney.com/api/data/v1/get,2026-07-22T01:02:06+00:00
2023-04-06,8036.74047378,https://datacenter-web.eastmoney.com/api/data/v1/get,2026-07-22T01:02:06+00:00
2023-04-07,8022.80042944,https://datacenter-web.eastmoney.com/api/data/v1/get,2026-07-22T01:02:06+00:00
2023-04-10,8019.81114346,https://datacenter-web.eastmoney.com/api/data/v1/get,2026-07-22T01:02:06+00:00
2023-04-11,8016.92525018,https://datacenter-web.eastmoney.com/api/data/v1/get,2026-07-22T01:02:06+00:00
2023-04-12,8048.89674276,https://datacenter-web.eastmoney.com/api/data/v1/get,2026-07-22T01:02:06+00:00
2023-04-13,8038.02923593,https://datacenter-web.eastmoney.com/api/data/v1/get,2026-07-22T01:02:06+00:00
2023-04-14,8027.68804602,https://datacenter-web.eastmoney.com/api/data/v1/get,2026-07-22T01:02:06+00:00
2023-04-17,8046.82524065,https://datacenter-web.eastmoney.com/api/data/v1/get,2026-07-22T01:02:06+00:00
2023-04-18,8049.08546312,https://datacenter-web.eastmoney.com/api/data/v1/get,2026-07-22T01:02:06+00:00
2023-04-19,8053.11386298,https://datacenter-web.eastmoney.com/api/data/v1/get,2026-07-22T01:02:06+00:00
2023-04-20,8078.39232663,https://datacenter-web.eastmoney.com/api/data/v1/get,2026-07-22T01:02:06+00:00
2023-04-21,8044.42630750,https://datacenter-web.eastmoney.com/api/data/v1/get,2026-07-22T01:02:06+00:00
2023-04-24,8050.78300023,https://datacenter-web.eastmoney.com/api/data/v1/get,2026-07-22T01:02:06+00:00
2023-04-25,8014.83664728,https://datacenter-web.eastmoney.com/api/data/v1/get,2026-07-22T01:02:06+00:00
2023-04-26,7988.37650589,https://datacenter-web.eastmoney.com/api/data/v1/get,2026-07-22T01:02:06+00:00
2023-04-27,7966.76029935,https://datacenter-web.eastmoney.com/api/data/v1/get,2026-07-22T01:02:06+00:00
2023-04-28,7912.18147988,https://datacenter-web.eastmoney.com/api/data/v1/get,2026-07-22T01:02:06+00:00
2023-05-04,7958.39338310,https://datacenter-web.eastmoney.com/api/data/v1/get,2026-07-22T01:02:06+00:00
2023-05-05,7938.79016645,https://datacenter-web.eastmoney.com/api/data/v1/get,2026-07-22T01:02:06+00:00
2023-05-08,7983.72769570,https://datacenter-web.eastmoney.com/api/data/v1/get,2026-07-22T01:02:06+00:00
2023-05-09,8001.69991423,https://datacenter-web.eastmoney.com/api/data/v1/get,2026-07-22T01:02:06+00:00
2023-05-10,8015.98265500,https://datacenter-web.eastmoney.com/api/data/v1/get,2026-07-22T01:02:06+00:00
2023-05-11,8012.09857357,https://datacenter-web.eastmoney.com/api/data/v1/get,2026-07-22T01:02:06+00:00
2023-05-12,7982.67472951,https://datacenter-web.eastmoney.com/api/data/v1/get,2026-07-22T01:02:06+00:00
2023-05-15,7997.75256756,https://datacenter-web.eastmoney.com/api/data/v1/get,2026-07-22T01:02:06+00:00
2023-05-16,7984.41709558,https://datacenter-web.eastmoney.com/api/data/v1/get,2026-07-22T01:02:06+00:00
2023-05-17,7991.04757554,https://datacenter-web.eastmoney.com/api/data/v1/get,2026-07-22T01:02:06+00:00
2023-05-18,8003.33234607,https://datacenter-web.eastmoney.com/api/data/v1/get,2026-07-22T01:02:06+00:00
2023-05-19,7989.90859126,https://datacenter-web.eastmoney.com/api/data/v1/get,2026-07-22T01:02:06+00:00
2023-05-22,7979.39206150,https://datacenter-web.eastmoney.com/api/data/v1/get,2026-07-22T01:02:06+00:00
2023-05-23,7976.17811068,https://datacenter-web.eastmoney.com/api/data/v1/get,2026-07-22T01:02:06+00:00
2023-05-24,7985.21240902,https://datacenter-web.eastmoney.com/api/data/v1/get,2026-07-22T01:02:06+00:00
2023-05-25,7987.81795051,https://datacenter-web.eastmoney.com/api/data/v1/get,2026-07-22T01:02:06+00:00
2023-05-26,7965.63903105,https://datacenter-web.eastmoney.com/api/data/v1/get,2026-07-22T01:02:06+00:00
2023-05-29,7963.22875039,https://datacenter-web.eastmoney.com/api/data/v1/get,2026-07-22T01:02:06+00:00
2023-05-30,7960.22808390,https://datacenter-web.eastmoney.com/api/data/v1/get,2026-07-22T01:02:06+00:00
2023-05-31,7960.16352690,https://datacenter-web.eastmoney.com/api/data/v1/get,2026-07-22T01:02:06+00:00
2023-06-01,7966.18537929,https://datacenter-web.eastmoney.com/api/data/v1/get,2026-07-22T01:02:06+00:00
2023-06-02,7937.63018085,https://datacenter-web.eastmoney.com/api/data/v1/get,2026-07-22T01:02:06+00:00
2023-06-05,7948.00775064,https://datacenter-web.eastmoney.com/api/data/v1/get,2026-07-22T01:02:06+00:00
2023-06-06,7935.31616301,https://datacenter-web.eastmoney.com/api/data/v1/get,2026-07-22T01:02:06+00:00
2023-06-07,7928.64051105,https://datacenter-web.eastmoney.com/api/data/v1/get,2026-07-22T01:02:06+00:00
2023-06-08,7916.51918244,https://datacenter-web.eastmoney.com/api/data/v1/get,2026-07-22T01:02:06+00:00
2023-06-09,7896.38708164,https://datacenter-web.eastmoney.com/api/data/v1/get,2026-07-22T01:02:06+00:00
2023-06-12,7914.73411003,https://datacenter-web.eastmoney.com/api/data/v1/get,2026-07-22T01:02:06+00:00
2023-06-13,7908.65774379,https://datacenter-web.eastmoney.com/api/data/v1/get,2026-07-22T01:02:06+00:00
2023-06-14,7906.76904593,https://datacenter-web.eastmoney.com/api/data/v1/get,2026-07-22T01:02:06+00:00
2023-06-15,7903.27545076,https://datacenter-web.eastmoney.com/api/data/v1/get,2026-07-22T01:02:06+00:00
2023-06-16,7885.91168297,https://datacenter-web.eastmoney.com/api/data/v1/get,2026-07-22T01:02:06+00:00
2023-06-19,7899.71120399,https://datacenter-web.eastmoney.com/api/data/v1/get,2026-07-22T01:02:06+00:00
2023-06-20,7910.93597800,https://datacenter-web.eastmoney.com/api/data/v1/get,2026-07-22T01:02:06+00:00
2023-06-21,7870.37186941,https://datacenter-web.eastmoney.com/api/data/v1/get,2026-07-22T01:02:06+00:00
2023-06-26,7877.12188223,https://datacenter-web.eastmoney.com/api/data/v1/get,2026-07-22T01:02:06+00:00
2023-06-27,7871.20957421,https://datacenter-web.eastmoney.com/api/data/v1/get,2026-07-22T01:02:06+00:00
2023-06-28,7862.31800629,https://datacenter-web.eastmoney.com/api/data/v1/get,2026-07-22T01:02:06+00:00
2023-06-29,7864.10667420,https://datacenter-web.eastmoney.com/api/data/v1/get,2026-07-22T01:02:06+00:00
2023-06-30,7832.26088823,https://datacenter-web.eastmoney.com/api/data/v1/get,2026-07-22T01:02:06+00:00
2023-07-03,7839.98849919,https://datacenter-web.eastmoney.com/api/data/v1/get,2026-07-22T01:02:06+00:00
2023-07-04,7839.71478800,https://datacenter-web.eastmoney.com/api/data/v1/get,2026-07-22T01:02:06+00:00
2023-07-05,7842.78132120,https://datacenter-web.eastmoney.com/api/data/v1/get,2026-07-22T01:02:06+00:00
2023-07-06,7842.61635891,https://datacenter-web.eastmoney.com/api/data/v1/get,2026-07-22T01:02:06+00:00
2023-07-07,7825.02584946,https://datacenter-web.eastmoney.com/api/data/v1/get,2026-07-22T01:02:06+00:00
2023-07-10,7832.01237762,https://datacenter-web.eastmoney.com/api/data/v1/get,2026-07-22T01:02:06+00:00
2023-07-11,7825.71583256,https://datacenter-web.eastmoney.com/api/data/v1/get,2026-07-22T01:02:06+00:00
2023-07-12,7810.51055987,https://datacenter-web.eastmoney.com/api/data/v1/get,2026-07-22T01:02:06+00:00
2023-07-13,7794.55604465,https://datacenter-web.eastmoney.com/api/data/v1/get,2026-07-22T01:02:06+00:00
2023-07-14,7781.36066520,https://datacenter-web.eastmoney.com/api/data/v1/get,2026-07-22T01:02:06+00:00
2023-07-17,7790.20474911,https://datacenter-web.eastmoney.com/api/data/v1/get,2026-07-22T01:02:06+00:00
2023-07-18,7789.81466192,https://datacenter-web.eastmoney.com/api/data/v1/get,2026-07-22T01:02:06+00:00
2023-07-19,7794.59367022,https://datacenter-web.eastmoney.com/api/data/v1/get,2026-07-22T01:02:06+00:00
2023-07-20,7773.41748149,https://datacenter-web.eastmoney.com/api/data/v1/get,2026-07-22T01:02:06+00:00
2023-07-21,7753.60683356,https://datacenter-web.eastmoney.com/api/data/v1/get,2026-07-22T01:02:06+00:00
2023-07-24,7741.75758666,https://datacenter-web.eastmoney.com/api/data/v1/get,2026-07-22T01:02:06+00:00
2023-07-25,7734.96328990,https://datacenter-web.eastmoney.com/api/data/v1/get,2026-07-22T01:02:06+00:00
2023-07-26,7730.33707971,https://datacenter-web.eastmoney.com/api/data/v1/get,2026-07-22T01:02:06+00:00
2023-07-27,7728.15264336,https://datacenter-web.eastmoney.com/api/data/v1/get,2026-07-22T01:02:06+00:00
2023-07-28,7717.38791954,https://datacenter-web.eastmoney.com/api/data/v1/get,2026-07-22T01:02:06+00:00
2023-07-31,7763.35930356,https://datacenter-web.eastmoney.com/api/data/v1/get,2026-07-22T01:02:06+00:00
2023-08-01,7770.08041989,https://datacenter-web.eastmoney.com/api/data/v1/get,2026-07-22T01:02:06+00:00
2023-08-02,7792.71737175,https://datacenter-web.eastmoney.com/api/data/v1/get,2026-07-22T01:02:06+00:00
2023-08-03,7806.71615824,https://datacenter-web.eastmoney.com/api/data/v1/get,2026-07-22T01:02:06+00:00
2023-08-04,7813.47963660,https://datacenter-web.eastmoney.com/api/data/v1/get,2026-07-22T01:02:06+00:00
2023-08-07,7839.81992071,https://datacenter-web.eastmoney.com/api/data/v1/get,2026-07-22T01:02:06+00:00
2023-08-08,7845.34538648,https://datacenter-web.eastmoney.com/api/data/v1/get,2026-07-22T01:02:06+00:00
2023-08-09,7838.43970802,https://datacenter-web.eastmoney.com/api/data/v1/get,2026-07-22T01:02:06+00:00
2023-08-10,7839.45120737,https://datacenter-web.eastmoney.com/api/data/v1/get,2026-07-22T01:02:06+00:00
2023-08-11,7810.24673066,https://datacenter-web.eastmoney.com/api/data/v1/get,2026-07-22T01:02:06+00:00
2023-08-14,7814.10434854,https://datacenter-web.eastmoney.com/api/data/v1/get,2026-07-22T01:02:06+00:00
2023-08-15,7811.00855178,https://datacenter-web.eastmoney.com/api/data/v1/get,2026-07-22T01:02:06+00:00
2023-08-16,7806.83965240,https://datacenter-web.eastmoney.com/api/data/v1/get,2026-07-22T01:02:06+00:00
2023-08-17,7813.41249849,https://datacenter-web.eastmoney.com/api/data/v1/get,2026-07-22T01:02:06+00:00
2023-08-18,7794.88941864,https://datacenter-web.eastmoney.com/api/data/v1/get,2026-07-22T01:02:06+00:00
2023-08-21,7807.02810581,https://datacenter-web.eastmoney.com/api/data/v1/get,2026-07-22T01:02:06+00:00
2023-08-22,7808.59067794,https://datacenter-web.eastmoney.com/api/data/v1/get,2026-07-22T01:02:06+00:00
2023-08-23,7793.74566390,https://datacenter-web.eastmoney.com/api/data/v1/get,2026-07-22T01:02:06+00:00
2023-08-24,7787.32166498,https://datacenter-web.eastmoney.com/api/data/v1/get,2026-07-22T01:02:06+00:00
2023-08-25,7742.47931274,https://datacenter-web.eastmoney.com/api/data/v1/get,2026-07-22T01:02:06+00:00
2023-08-28,7772.30010240,https://datacenter-web.eastmoney.com/api/data/v1/get,2026-07-22T01:02:06+00:00
2023-08-29,7799.67475132,https://datacenter-web.eastmoney.com/api/data/v1/get,2026-07-22T01:02:06+00:00
2023-08-30,7802.09182682,https://datacenter-web.eastmoney.com/api/data/v1/get,2026-07-22T01:02:06+00:00
2023-08-31,7792.33172137,https://datacenter-web.eastmoney.com/api/data/v1/get,2026-07-22T01:02:06+00:00
2023-09-01,7767.63712757,https://datacenter-web.eastmoney.com/api/data/v1/get,2026-07-22T01:02:06+00:00
2023-09-04,7791.05502412,https://datacenter-web.eastmoney.com/api/data/v1/get,2026-07-22T01:02:06+00:00
2023-09-05,7803.37204683,https://datacenter-web.eastmoney.com/api/data/v1/get,2026-07-22T01:02:06+00:00
2023-09-06,7817.18041569,https://datacenter-web.eastmoney.com/api/data/v1/get,2026-07-22T01:02:06+00:00
2023-09-07,7808.91295406,https://datacenter-web.eastmoney.com/api/data/v1/get,2026-07-22T01:02:06+00:00
2023-09-08,7790.01626762,https://datacenter-web.eastmoney.com/api/data/v1/get,2026-07-22T01:02:06+00:00
2023-09-11,7909.74243568,https://datacenter-web.eastmoney.com/api/data/v1/get,2026-07-22T01:02:06+00:00
2023-09-12,7947.65813108,https://datacenter-web.eastmoney.com/api/data/v1/get,2026-07-22T01:02:06+00:00
2023-09-13,7978.51219031,https://datacenter-web.eastmoney.com/api/data/v1/get,2026-07-22T01:02:06+00:00
2023-09-14,7982.44489927,https://datacenter-web.eastmoney.com/api/data/v1/get,2026-07-22T01:02:06+00:00
2023-09-15,7994.08861556,https://datacenter-web.eastmoney.com/api/data/v1/get,2026-07-22T01:02:06+00:00
2023-09-18,8017.62703001,https://datacenter-web.eastmoney.com/api/data/v1/get,2026-07-22T01:02:06+00:00
2023-09-19,8015.88926746,https://datacenter-web.eastmoney.com/api/data/v1/get,2026-07-22T01:02:06+00:00
2023-09-20,8016.52657829,https://datacenter-web.eastmoney.com/api/data/v1/get,2026-07-22T01:02:06+00:00
2023-09-21,8021.21565764,https://datacenter-web.eastmoney.com/api/data/v1/get,2026-07-22T01:02:06+00:00
2023-09-22,8016.02446146,https://datacenter-web.eastmoney.com/api/data/v1/get,2026-07-22T01:02:06+00:00
2023-09-25,8029.75697974,https://datacenter-web.eastmoney.com/api/data/v1/get,2026-07-22T01:02:06+00:00
2023-09-26,8029.38147537,https://datacenter-web.eastmoney.com/api/data/v1/get,2026-07-22T01:02:06+00:00
2023-09-27,8037.46732205,https://datacenter-web.eastmoney.com/api/data/v1/get,2026-07-22T01:02:06+00:00
2023-09-28,7955.95784222,https://datacenter-web.eastmoney.com/api/data/v1/get,2026-07-22T01:02:06+00:00
2023-10-09,8016.90693064,https://datacenter-web.eastmoney.com/api/data/v1/get,2026-07-22T01:02:06+00:00
2023-10-10,8047.14607611,https://datacenter-web.eastmoney.com/api/data/v1/get,2026-07-22T01:02:06+00:00
2023-10-11,8058.80232519,https://datacenter-web.eastmoney.com/api/data/v1/get,2026-07-22T01:02:06+00:00
2023-10-12,8071.84297945,https://datacenter-web.eastmoney.com/api/data/v1/get,2026-07-22T01:02:06+00:00
2023-10-13,8065.92107132,https://datacenter-web.eastmoney.com/api/data/v1/get,2026-07-22T01:02:06+00:00
2023-10-16,8086.50956659,https://datacenter-web.eastmoney.com/api/data/v1/get,2026-07-22T01:02:06+00:00
2023-10-17,8084.25392961,https://datacenter-web.eastmoney.com/api/data/v1/get,2026-07-22T01:02:06+00:00
2023-10-18,8086.95220942,https://datacenter-web.eastmoney.com/api/data/v1/get,2026-07-22T01:02:06+00:00
2023-10-19,8113.76046151,https://datacenter-web.eastmoney.com/api/data/v1/get,2026-07-22T01:02:06+00:00
2023-10-20,8115.13004395,https://datacenter-web.eastmoney.com/api/data/v1/get,2026-07-22T01:02:06+00:00
2023-10-23,8123.95870791,https://datacenter-web.eastmoney.com/api/data/v1/get,2026-07-22T01:02:06+00:00
2023-10-24,8128.82427571,https://datacenter-web.eastmoney.com/api/data/v1/get,2026-07-22T01:02:06+00:00
2023-10-25,8129.61564203,https://datacenter-web.eastmoney.com/api/data/v1/get,2026-07-22T01:02:06+00:00
2023-10-26,8125.05287117,https://datacenter-web.eastmoney.com/api/data/v1/get,2026-07-22T01:02:06+00:00
2023-10-27,8102.32952483,https://datacenter-web.eastmoney.com/api/data/v1/get,2026-07-22T01:02:06+00:00
2023-10-30,8148.89500260,https://datacenter-web.eastmoney.com/api/data/v1/get,2026-07-22T01:02:06+00:00
2023-10-31,8155.27162949,https://datacenter-web.eastmoney.com/api/data/v1/get,2026-07-22T01:02:06+00:00
2023-11-01,8178.13626569,https://datacenter-web.eastmoney.com/api/data/v1/get,2026-07-22T01:02:06+00:00
2023-11-02,8159.65385343,https://datacenter-web.eastmoney.com/api/data/v1/get,2026-07-22T01:02:06+00:00
2023-11-03,8131.65051421,https://datacenter-web.eastmoney.com/api/data/v1/get,2026-07-22T01:02:06+00:00
2023-11-06,8193.27277875,https://datacenter-web.eastmoney.com/api/data/v1/get,2026-07-22T01:02:06+00:00
2023-11-07,8215.26092866,https://datacenter-web.eastmoney.com/api/data/v1/get,2026-07-22T01:02:06+00:00
2023-11-08,8246.32593494,https://datacenter-web.eastmoney.com/api/data/v1/get,2026-07-22T01:02:06+00:00
2023-11-09,8250.47825135,https://datacenter-web.eastmoney.com/api/data/v1/get,2026-07-22T01:02:06+00:00
2023-11-10,8254.22662790,https://datacenter-web.eastmoney.com/api/data/v1/get,2026-07-22T01:02:06+00:00
2023-11-13,8279.91882641,https://datacenter-web.eastmoney.com/api/data/v1/get,2026-07-22T01:02:06+00:00
2023-11-14,8303.72804413,https://datacenter-web.eastmoney.com/api/data/v1/get,2026-07-22T01:02:06+00:00
2023-11-15,8323.57807380,https://datacenter-web.eastmoney.com/api/data/v1/get,2026-07-22T01:02:06+00:00
2023-11-16,8320.22057391,https://datacenter-web.eastmoney.com/api/data/v1/get,2026-07-22T01:02:06+00:00
2023-11-17,8319.75601530,https://datacenter-web.eastmoney.com/api/data/v1/get,2026-07-22T01:02:06+00:00
2023-11-20,8352.68167806,https://datacenter-web.eastmoney.com/api/data/v1/get,2026-07-22T01:02:06+00:00
2023-11-21,8343.31560086,https://datacenter-web.eastmoney.com/api/data/v1/get,2026-07-22T01:02:06+00:00
2023-11-22,8347.46932505,https://datacenter-web.eastmoney.com/api/data/v1/get,2026-07-22T01:02:06+00:00
2023-11-23,8349.56462548,https://datacenter-web.eastmoney.com/api/data/v1/get,2026-07-22T01:02:06+00:00
2023-11-24,8327.18672134,https://datacenter-web.eastmoney.com/api/data/v1/get,2026-07-22T01:02:06+00:00
2023-11-27,8334.04572997,https://datacenter-web.eastmoney.com/api/data/v1/get,2026-07-22T01:02:06+00:00
2023-11-28,8332.94508080,https://datacenter-web.eastmoney.com/api/data/v1/get,2026-07-22T01:02:06+00:00
2023-11-29,8336.55196071,https://datacenter-web.eastmoney.com/api/data/v1/get,2026-07-22T01:02:06+00:00
2023-11-30,8328.85252348,https://datacenter-web.eastmoney.com/api/data/v1/get,2026-07-22T01:02:06+00:00
2023-12-01,8329.24455327,https://datacenter-web.eastmoney.com/api/data/v1/get,2026-07-22T01:02:06+00:00
2023-12-04,8341.06455014,https://datacenter-web.eastmoney.com/api/data/v1/get,2026-07-22T01:02:06+00:00
2023-12-05,8342.15113904,https://datacenter-web.eastmoney.com/api/data/v1/get,2026-07-22T01:02:06+00:00
2023-12-06,8347.14468180,https://datacenter-web.eastmoney.com/api/data/v1/get,2026-07-22T01:02:06+00:00
2023-12-07,8360.82635421,https://datacenter-web.eastmoney.com/api/data/v1/get,2026-07-22T01:02:06+00:00
2023-12-08,8345.23805754,https://datacenter-web.eastmoney.com/api/data/v1/get,2026-07-22T01:02:06+00:00
2023-12-11,8356.00321392,https://datacenter-web.eastmoney.com/api/data/v1/get,2026-07-22T01:02:06+00:00
2023-12-12,8363.75013527,https://datacenter-web.eastmoney.com/api/data/v1/get,2026-07-22T01:02:06+00:00
2023-12-13,8377.09803552,https://datacenter-web.eastmoney.com/api/data/v1/get,2026-07-22T01:02:06+00:00
2023-12-14,8372.15537839,https://datacenter-web.eastmoney.com/api/data/v1/get,2026-07-22T01:02:06+00:00
2023-12-15,8374.63560463,https://datacenter-web.eastmoney.com/api/data/v1/get,2026-07-22T01:02:06+00:00
2023-12-18,8363.99914567,https://datacenter-web.eastmoney.com/api/data/v1/get,2026-07-22T01:02:06+00:00
2023-12-19,8369.72616963,https://datacenter-web.eastmoney.com/api/data/v1/get,2026-07-22T01:02:06+00:00
2023-12-20,8345.94703843,https://datacenter-web.eastmoney.com/api/data/v1/get,2026-07-22T01:02:06+00:00
2023-12-21,8349.32767439,https://datacenter-web.eastmoney.com/api/data/v1/get,2026-07-22T01:02:06+00:00
2023-12-22,8318.97728706,https://datacenter-web.eastmoney.com/api/data/v1/get,2026-07-22T01:02:06+00:00
2023-12-25,8315.37266706,https://datacenter-web.eastmoney.com/api/data/v1/get,2026-07-22T01:02:06+00:00
2023-12-26,8301.56676857,https://datacenter-web.eastmoney.com/api/data/v1/get,2026-07-22T01:02:06+00:00
2023-12-27,8306.39021091,https://datacenter-web.eastmoney.com/api/data/v1/get,2026-07-22T01:02:06+00:00
2023-12-28,8326.11883792,https://datacenter-web.eastmoney.com/api/data/v1/get,2026-07-22T01:02:06+00:00
2023-12-29,8284.81994098,https://datacenter-web.eastmoney.com/api/data/v1/get,2026-07-22T01:02:06+00:00
2024-01-02,8311.42083711,https://datacenter-web.eastmoney.com/api/data/v1/get,2026-07-22T01:02:06+00:00
2024-01-03,8309.94385460,https://datacenter-web.eastmoney.com/api/data/v1/get,2026-07-22T01:02:06+00:00
2024-01-04,8321.28138742,https://datacenter-web.eastmoney.com/api/data/v1/get,2026-07-22T01:02:06+00:00
2024-01-05,8287.09528427,https://datacenter-web.eastmoney.com/api/data/v1/get,2026-07-22T01:02:06+00:00
2024-01-08,8289.72334142,https://datacenter-web.eastmoney.com/api/data/v1/get,2026-07-22T01:02:06+00:00
2024-01-09,8268.97619326,https://datacenter-web.eastmoney.com/api/data/v1/get,2026-07-22T01:02:06+00:00
2024-01-10,8258.73985989,https://datacenter-web.eastmoney.com/api/data/v1/get,2026-07-22T01:02:06+00:00
2024-01-11,8266.38502547,https://datacenter-web.eastmoney.com/api/data/v1/get,2026-07-22T01:02:06+00:00
2024-01-12,8237.48027298,https://datacenter-web.eastmoney.com/api/data/v1/get,2026-07-22T01:02:06+00:00
2024-01-15,8240.41494146,https://datacenter-web.eastmoney.com/api/data/v1/get,2026-07-22T01:02:06+00:00
2024-01-16,8221.91705187,https://datacenter-web.eastmoney.com/api/data/v1/get,2026-07-22T01:02:06+00:00
2024-01-17,8228.93295095,https://datacenter-web.eastmoney.com/api/data/v1/get,2026-07-22T01:02:06+00:00
2024-01-18,8190.22418564,https://datacenter-web.eastmoney.com/api/data/v1/get,2026-07-22T01:02:06+00:00
2024-01-19,8157.17641554,https://datacenter-web.eastmoney.com/api/data/v1/get,2026-07-22T01:02:06+00:00
2024-01-22,8092.96563322,https://datacenter-web.eastmoney.com/api/data/v1/get,2026-07-22T01:02:06+00:00
2024-01-23,8070.32444057,https://datacenter-web.eastmoney.com/api/data/v1/get,2026-07-22T01:02:06+00:00
2024-01-24,8059.44834168,https://datacenter-web.eastmoney.com/api/data/v1/get,2026-07-22T01:02:06+00:00
2024-01-25,8076.17147167,https://datacenter-web.eastmoney.com/api/data/v1/get,2026-07-22T01:02:06+00:00
2024-01-26,8046.55756758,https://datacenter-web.eastmoney.com/api/data/v1/get,2026-07-22T01:02:06+00:00
2024-01-29,8041.26169828,https://datacenter-web.eastmoney.com/api/data/v1/get,2026-07-22T01:02:06+00:00
2024-01-30,8002.44506696,https://datacenter-web.eastmoney.com/api/data/v1/get,2026-07-22T01:02:06+00:00
2024-01-31,7924.90224505,https://datacenter-web.eastmoney.com/api/data/v1/get,2026-07-22T01:02:06+00:00
2024-02-01,7868.37967330,https://datacenter-web.eastmoney.com/api/data/v1/get,2026-07-22T01:02:06+00:00
2024-02-02,7736.47722879,https://datacenter-web.eastmoney.com/api/data/v1/get,2026-07-22T01:02:06+00:00
2024-02-05,7552.17822166,https://datacenter-web.eastmoney.com/api/data/v1/get,2026-07-22T01:02:06+00:00
2024-02-06,7483.33302910,https://datacenter-web.eastmoney.com/api/data/v1/get,2026-07-22T01:02:06+00:00
2024-02-07,7420.19354720,https://datacenter-web.eastmoney.com/api/data/v1/get,2026-07-22T01:02:06+00:00
2024-02-08,7328.14563056,https://datacenter-web.eastmoney.com/api/data/v1/get,2026-07-22T01:02:06+00:00
2024-02-19,7402.27803446,https://datacenter-web.eastmoney.com/api/data/v1/get,2026-07-22T01:02:06+00:00
2024-02-20,7427.93395834,https://datacenter-web.eastmoney.com/api/data/v1/get,2026-07-22T01:02:06+00:00
2024-02-21,7453.00060748,https://datacenter-web.eastmoney.com/api/data/v1/get,2026-07-22T01:02:06+00:00
2024-02-22,7477.23231736,https://datacenter-web.eastmoney.com/api/data/v1/get,2026-07-22T01:02:06+00:00
2024-02-23,7494.92807896,https://datacenter-web.eastmoney.com/api/data/v1/get,2026-07-22T01:02:06+00:00
2024-02-26,7542.28891893,https://datacenter-web.eastmoney.com/api/data/v1/get,2026-07-22T01:02:06+00:00
2024-02-27,7596.79567384,https://datacenter-web.eastmoney.com/api/data/v1/get,2026-07-22T01:02:06+00:00
2024-02-28,7613.94539302,https://datacenter-web.eastmoney.com/api/data/v1/get,2026-07-22T01:02:06+00:00
2024-02-29,7635.88251469,https://datacenter-web.eastmoney.com/api/data/v1/get,2026-07-22T01:02:06+00:00
2024-03-01,7639.98784017,https://datacenter-web.eastmoney.com/api/data/v1/get,2026-07-22T01:02:06+00:00
2024-03-04,7678.75774743,https://datacenter-web.eastmoney.com/api/data/v1/get,2026-07-22T01:02:06+00:00
2024-03-05,7655.43467209,https://datacenter-web.eastmoney.com/api/data/v1/get,2026-07-22T01:02:06+00:00
2024-03-06,7678.31575541,https://datacenter-web.eastmoney.com/api/data/v1/get,2026-07-22T01:02:06+00:00
2024-03-07,7672.38154523,https://datacenter-web.eastmoney.com/api/data/v1/get,2026-07-22T01:02:06+00:00
2024-03-08,7670.76407729,https://datacenter-web.eastmoney.com/api/data/v1/get,2026-07-22T01:02:06+00:00
2024-03-11,7717.35920375,https://datacenter-web.eastmoney.com/api/data/v1/get,2026-07-22T01:02:06+00:00
2024-03-12,7756.28762488,https://datacenter-web.eastmoney.com/api/data/v1/get,2026-07-22T01:02:06+00:00
2024-03-13,7793.91222769,https://datacenter-web.eastmoney.com/api/data/v1/get,2026-07-22T01:02:06+00:00
2024-03-14,7800.46280509,https://datacenter-web.eastmoney.com/api/data/v1/get,2026-07-22T01:02:06+00:00
2024-03-15,7785.95728857,https://datacenter-web.eastmoney.com/api/data/v1/get,2026-07-22T01:02:06+00:00
2024-03-18,7852.38788824,https://datacenter-web.eastmoney.com/api/data/v1/get,2026-07-22T01:02:06+00:00
2024-03-19,7881.23561308,https://datacenter-web.eastmoney.com/api/data/v1/get,2026-07-22T01:02:06+00:00
2024-03-20,7915.79255249,https://datacenter-web.eastmoney.com/api/data/v1/get,2026-07-22T01:02:06+00:00
2024-03-21,7945.58886114,https://datacenter-web.eastmoney.com/api/data/v1/get,2026-07-22T01:02:06+00:00
2024-03-22,7923.67700490,https://datacenter-web.eastmoney.com/api/data/v1/get,2026-07-22T01:02:06+00:00
2024-03-25,7919.01990178,https://datacenter-web.eastmoney.com/api/data/v1/get,2026-07-22T01:02:06+00:00
2024-03-26,7916.48382622,https://datacenter-web.eastmoney.com/api/data/v1/get,2026-07-22T01:02:06+00:00
2024-03-27,7900.56026671,https://datacenter-web.eastmoney.com/api/data/v1/get,2026-07-22T01:02:06+00:00
2024-03-28,7914.83877673,https://datacenter-web.eastmoney.com/api/data/v1/get,2026-07-22T01:02:06+00:00
2024-03-29,7886.04704752,https://datacenter-web.eastmoney.com/api/data/v1/get,2026-07-22T01:02:06+00:00
2024-04-01,7919.41850462,https://datacenter-web.eastmoney.com/api/data/v1/get,2026-07-22T01:02:06+00:00
2024-04-02,7926.50902165,https://datacenter-web.eastmoney.com/api/data/v1/get,2026-07-22T01:02:06+00:00
2024-04-03,7894.44473453,https://datacenter-web.eastmoney.com/api/data/v1/get,2026-07-22T01:02:06+00:00
2024-04-08,7922.57829262,https://datacenter-web.eastmoney.com/api/data/v1/get,2026-07-22T01:02:06+00:00
2024-04-09,7925.37585653,https://datacenter-web.eastmoney.com/api/data/v1/get,2026-07-22T01:02:06+00:00
2024-04-10,7910.62513076,https://datacenter-web.eastmoney.com/api/data/v1/get,2026-07-22T01:02:06+00:00
2024-04-11,7906.06930947,https://datacenter-web.eastmoney.com/api/data/v1/get,2026-07-22T01:02:06+00:00
2024-04-12,7895.17214620,https://datacenter-web.eastmoney.com/api/data/v1/get,2026-07-22T01:02:06+00:00
2024-04-15,7888.82659697,https://datacenter-web.eastmoney.com/api/data/v1/get,2026-07-22T01:02:06+00:00
2024-04-16,7862.32639980,https://datacenter-web.eastmoney.com/api/data/v1/get,2026-07-22T01:02:06+00:00
2024-04-17,7888.06155953,https://datacenter-web.eastmoney.com/api/data/v1/get,2026-07-22T01:02:06+00:00
2024-04-18,7900.46778078,https://datacenter-web.eastmoney.com/api/data/v1/get,2026-07-22T01:02:06+00:00
2024-04-19,7879.30724525,https://datacenter-web.eastmoney.com/api/data/v1/get,2026-07-22T01:02:06+00:00
2024-04-22,7879.29072445,https://datacenter-web.eastmoney.com/api/data/v1/get,2026-07-22T01:02:06+00:00
2024-04-23,7862.54233863,https://datacenter-web.eastmoney.com/api/data/v1/get,2026-07-22T01:02:06+00:00
2024-04-24,7853.21617854,https://datacenter-web.eastmoney.com/api/data/v1/get,2026-07-22T01:02:06+00:00
2024-04-25,7845.58673597,https://datacenter-web.eastmoney.com/api/data/v1/get,2026-07-22T01:02:06+00:00
2024-04-26,7838.66647546,https://datacenter-web.eastmoney.com/api/data/v1/get,2026-07-22T01:02:06+00:00
2024-04-29,7873.27315790,https://datacenter-web.eastmoney.com/api/data/v1/get,2026-07-22T01:02:06+00:00
2024-04-30,7794.61836084,https://datacenter-web.eastmoney.com/api/data/v1/get,2026-07-22T01:02:06+00:00
2024-05-06,7877.90499055,https://datacenter-web.eastmoney.com/api/data/v1/get,2026-07-22T01:02:06+00:00
2024-05-07,7893.11964241,https://datacenter-web.eastmoney.com/api/data/v1/get,2026-07-22T01:02:06+00:00
2024-05-08,7909.72569690,https://datacenter-web.eastmoney.com/api/data/v1/get,2026-07-22T01:02:06+00:00
2024-05-09,7912.98030035,https://datacenter-web.eastmoney.com/api/data/v1/get,2026-07-22T01:02:06+00:00
2024-05-10,7908.29373066,https://datacenter-web.eastmoney.com/api/data/v1/get,2026-07-22T01:02:06+00:00
2024-05-13,7923.63204543,https://datacenter-web.eastmoney.com/api/data/v1/get,2026-07-22T01:02:06+00:00
2024-05-14,7939.05998906,https://datacenter-web.eastmoney.com/api/data/v1/get,2026-07-22T01:02:06+00:00
2024-05-15,7933.16171463,https://datacenter-web.eastmoney.com/api/data/v1/get,2026-07-22T01:02:06+00:00
2024-05-16,7945.31737028,https://datacenter-web.eastmoney.com/api/data/v1/get,2026-07-22T01:02:06+00:00
2024-05-17,7911.76970437,https://datacenter-web.eastmoney.com/api/data/v1/get,2026-07-22T01:02:06+00:00
2024-05-20,7918.45812829,https://datacenter-web.eastmoney.com/api/data/v1/get,2026-07-22T01:02:06+00:00
2024-05-21,7927.46660438,https://datacenter-web.eastmoney.com/api/data/v1/get,2026-07-22T01:02:06+00:00
2024-05-22,7931.48030302,https://datacenter-web.eastmoney.com/api/data/v1/get,2026-07-22T01:02:06+00:00
2024-05-23,7921.60302563,https://datacenter-web.eastmoney.com/api/data/v1/get,2026-07-22T01:02:06+00:00
2024-05-24,7890.56561769,https://datacenter-web.eastmoney.com/api/data/v1/get,2026-07-22T01:02:06+00:00
2024-05-27,7887.11455730,https://datacenter-web.eastmoney.com/api/data/v1/get,2026-07-22T01:02:06+00:00
2024-05-28,7888.22130899,https://datacenter-web.eastmoney.com/api/data/v1/get,2026-07-22T01:02:06+00:00
2024-05-29,7884.33019337,https://datacenter-web.eastmoney.com/api/data/v1/get,2026-07-22T01:02:06+00:00
2024-05-30,7886.13622634,https://datacenter-web.eastmoney.com/api/data/v1/get,2026-07-22T01:02:06+00:00
2024-05-31,7869.48396207,https://datacenter-web.eastmoney.com/api/data/v1/get,2026-07-22T01:02:06+00:00
2024-06-03,7863.77890389,https://datacenter-web.eastmoney.com/api/data/v1/get,2026-07-22T01:02:06+00:00
2024-06-04,7841.68558915,https://datacenter-web.eastmoney.com/api/data/v1/get,2026-07-22T01:02:06+00:00
2024-06-05,7839.52108368,https://datacenter-web.eastmoney.com/api/data/v1/get,2026-07-22T01:02:06+00:00
2024-06-06,7820.07095818,https://datacenter-web.eastmoney.com/api/data/v1/get,2026-07-22T01:02:06+00:00
2024-06-07,7783.01107436,https://datacenter-web.eastmoney.com/api/data/v1/get,2026-07-22T01:02:06+00:00
2024-06-11,7819.44510323,https://datacenter-web.eastmoney.com/api/data/v1/get,2026-07-22T01:02:06+00:00
2024-06-12,7823.14849008,https://datacenter-web.eastmoney.com/api/data/v1/get,2026-07-22T01:02:06+00:00
2024-06-13,7829.07000391,https://datacenter-web.eastmoney.com/api/data/v1/get,2026-07-22T01:02:06+00:00
2024-06-14,7809.64504299,https://datacenter-web.eastmoney.com/api/data/v1/get,2026-07-22T01:02:06+00:00
2024-06-17,7829.64014854,https://datacenter-web.eastmoney.com/api/data/v1/get,2026-07-22T01:02:06+00:00
2024-06-18,7842.95044737,https://datacenter-web.eastmoney.com/api/data/v1/get,2026-07-22T01:02:06+00:00
2024-06-19,7834.35205481,https://datacenter-web.eastmoney.com/api/data/v1/get,2026-07-22T01:02:06+00:00
2024-06-20,7816.83922089,https://datacenter-web.eastmoney.com/api/data/v1/get,2026-07-22T01:02:06+00:00
2024-06-21,7788.54571234,https://datacenter-web.eastmoney.com/api/data/v1/get,2026-07-22T01:02:06+00:00
2024-06-24,7762.85059177,https://datacenter-web.eastmoney.com/api/data/v1/get,2026-07-22T01:02:06+00:00
2024-06-25,7726.34470591,https://datacenter-web.eastmoney.com/api/data/v1/get,2026-07-22T01:02:06+00:00
2024-06-26,7720.54530413,https://datacenter-web.eastmoney.com/api/data/v1/get,2026-07-22T01:02:06+00:00
2024-06-27,7702.57844269,https://datacenter-web.eastmoney.com/api/data/v1/get,2026-07-22T01:02:06+00:00
2024-06-28,7664.97289908,https://datacenter-web.eastmoney.com/api/data/v1/get,2026-07-22T01:02:06+00:00
2024-07-01,7656.58553562,https://datacenter-web.eastmoney.com/api/data/v1/get,2026-07-22T01:02:06+00:00
2024-07-02,7658.41762398,https://datacenter-web.eastmoney.com/api/data/v1/get,2026-07-22T01:02:06+00:00
2024-07-03,7657.37695477,https://datacenter-web.eastmoney.com/api/data/v1/get,2026-07-22T01:02:06+00:00
2024-07-04,7621.10030420,https://datacenter-web.eastmoney.com/api/data/v1/get,2026-07-22T01:02:06+00:00
2024-07-05,7594.23798637,https://datacenter-web.eastmoney.com/api/data/v1/get,2026-07-22T01:02:06+00:00
2024-07-08,7567.55681180,https://datacenter-web.eastmoney.com/api/data/v1/get,2026-07-22T01:02:06+00:00
2024-07-09,7560.91803578,https://datacenter-web.eastmoney.com/api/data/v1/get,2026-07-22T01:02:06+00:00
2024-07-10,7547.28176771,https://datacenter-web.eastmoney.com/api/data/v1/get,2026-07-22T01:02:06+00:00
2024-07-11,7548.26838907,https://datacenter-web.eastmoney.com/api/data/v1/get,2026-07-22T01:02:06+00:00
2024-07-12,7519.29369568,https://datacenter-web.eastmoney.com/api/data/v1/get,2026-07-22T01:02:06+00:00
2024-07-15,7503.96440884,https://datacenter-web.eastmoney.com/api/data/v1/get,2026-07-22T01:02:06+00:00
2024-07-16,7490.61682416,https://datacenter-web.eastmoney.com/api/data/v1/get,2026-07-22T01:02:06+00:00
2024-07-17,7466.42183806,https://datacenter-web.eastmoney.com/api/data/v1/get,2026-07-22T01:02:06+00:00
2024-07-18,7441.35145022,https://datacenter-web.eastmoney.com/api/data/v1/get,2026-07-22T01:02:06+00:00
2024-07-19,7406.02433300,https://datacenter-web.eastmoney.com/api/data/v1/get,2026-07-22T01:02:06+00:00
2024-07-22,7427.13939268,https://datacenter-web.eastmoney.com/api/data/v1/get,2026-07-22T01:02:06+00:00
2024-07-23,7415.44599301,https://datacenter-web.eastmoney.com/api/data/v1/get,2026-07-22T01:02:06+00:00
2024-07-24,7399.84379926,https://datacenter-web.eastmoney.com/api/data/v1/get,2026-07-22T01:02:06+00:00
2024-07-25,7400.78516108,https://datacenter-web.eastmoney.com/api/data/v1/get,2026-07-22T01:02:06+00:00
2024-07-26,7387.14451618,https://datacenter-web.eastmoney.com/api/data/v1/get,2026-07-22T01:02:06+00:00
2024-07-29,7393.62322064,https://datacenter-web.eastmoney.com/api/data/v1/get,2026-07-22T01:02:06+00:00
2024-07-30,7397.75335240,https://datacenter-web.eastmoney.com/api/data/v1/get,2026-07-22T01:02:06+00:00
2024-07-31,7418.96882387,https://datacenter-web.eastmoney.com/api/data/v1/get,2026-07-22T01:02:06+00:00
2024-08-01,7427.93992998,https://datacenter-web.eastmoney.com/api/data/v1/get,2026-07-22T01:02:06+00:00
2024-08-02,7413.59830054,https://datacenter-web.eastmoney.com/api/data/v1/get,2026-07-22T01:02:06+00:00
2024-08-05,7398.18172372,https://datacenter-web.eastmoney.com/api/data/v1/get,2026-07-22T01:02:06+00:00
2024-08-06,7407.75446219,https://datacenter-web.eastmoney.com/api/data/v1/get,2026-07-22T01:02:06+00:00
2024-08-07,7405.38204386,https://datacenter-web.eastmoney.com/api/data/v1/get,2026-07-22T01:02:06+00:00
2024-08-08,7403.11931631,https://datacenter-web.eastmoney.com/api/data/v1/get,2026-07-22T01:02:06+00:00
2024-08-09,7398.20558982,https://datacenter-web.eastmoney.com/api/data/v1/get,2026-07-22T01:02:06+00:00
2024-08-12,7392.94913283,https://datacenter-web.eastmoney.com/api/data/v1/get,2026-07-22T01:02:06+00:00
2024-08-13,7396.09113886,https://datacenter-web.eastmoney.com/api/data/v1/get,2026-07-22T01:02:06+00:00
2024-08-14,7397.25384912,https://datacenter-web.eastmoney.com/api/data/v1/get,2026-07-22T01:02:06+00:00
2024-08-15,7382.35739847,https://datacenter-web.eastmoney.com/api/data/v1/get,2026-07-22T01:02:06+00:00
2024-08-16,7361.17355213,https://datacenter-web.eastmoney.com/api/data/v1/get,2026-07-22T01:02:06+00:00
2024-08-19,7358.45825682,https://datacenter-web.eastmoney.com/api/data/v1/get,2026-07-22T01:02:06+00:00
2024-08-20,7357.49560342,https://datacenter-web.eastmoney.com/api/data/v1/get,2026-07-22T01:02:06+00:00
2024-08-21,7351.99955823,https://datacenter-web.eastmoney.com/api/data/v1/get,2026-07-22T01:02:06+00:00
2024-08-22,7320.35606499,https://datacenter-web.eastmoney.com/api/data/v1/get,2026-07-22T01:02:06+00:00
2024-08-23,7291.97010072,https://datacenter-web.eastmoney.com/api/data/v1/get,2026-07-22T01:02:06+00:00
2024-08-26,7291.08878020,https://datacenter-web.eastmoney.com/api/data/v1/get,2026-07-22T01:02:06+00:00
2024-08-27,7273.02602430,https://datacenter-web.eastmoney.com/api/data/v1/get,2026-07-22T01:02:06+00:00
2024-08-28,7264.05581174,https://datacenter-web.eastmoney.com/api/data/v1/get,2026-07-22T01:02:06+00:00
2024-08-29,7270.09320287,https://datacenter-web.eastmoney.com/api/data/v1/get,2026-07-22T01:02:06+00:00
2024-08-30,7273.92495681,https://datacenter-web.eastmoney.com/api/data/v1/get,2026-07-22T01:02:06+00:00
2024-09-02,7284.68088480,https://datacenter-web.eastmoney.com/api/data/v1/get,2026-07-22T01:02:06+00:00
2024-09-03,7284.46866207,https://datacenter-web.eastmoney.com/api/data/v1/get,2026-07-22T01:02:06+00:00
2024-09-04,7280.28796228,https://datacenter-web.eastmoney.com/api/data/v1/get,2026-07-22T01:02:06+00:00
2024-09-05,7275.92617080,https://datacenter-web.eastmoney.com/api/data/v1/get,2026-07-22T01:02:06+00:00
2024-09-06,7253.91397412,https://datacenter-web.eastmoney.com/api/data/v1/get,2026-07-22T01:02:06+00:00
2024-09-09,7257.50772848,https://datacenter-web.eastmoney.com/api/data/v1/get,2026-07-22T01:02:06+00:00
2024-09-10,7258.04249926,https://datacenter-web.eastmoney.com/api/data/v1/get,2026-07-22T01:02:06+00:00
2024-09-11,7247.19503933,https://datacenter-web.eastmoney.com/api/data/v1/get,2026-07-22T01:02:06+00:00
2024-09-12,7238.60499312,https://datacenter-web.eastmoney.com/api/data/v1/get,2026-07-22T01:02:06+00:00
2024-09-13,7197.76282455,https://datacenter-web.eastmoney.com/api/data/v1/get,2026-07-22T01:02:06+00:00
2024-09-18,7191.86405254,https://datacenter-web.eastmoney.com/api/data/v1/get,2026-07-22T01:02:06+00:00
2024-09-19,7202.98592968,https://datacenter-web.eastmoney.com/api/data/v1/get,2026-07-22T01:02:06+00:00
2024-09-20,7181.16339596,https://datacenter-web.eastmoney.com/api/data/v1/get,2026-07-22T01:02:06+00:00
2024-09-23,7177.61015028,https://datacenter-web.eastmoney.com/api/data/v1/get,2026-07-22T01:02:06+00:00
2024-09-24,7172.64509182,https://datacenter-web.eastmoney.com/api/data/v1/get,2026-07-22T01:02:06+00:00
2024-09-25,7159.52976997,https://datacenter-web.eastmoney.com/api/data/v1/get,2026-07-22T01:02:06+00:00
2024-09-26,7168.40036786,https://datacenter-web.eastmoney.com/api/data/v1/get,2026-07-22T01:02:06+00:00
2024-09-27,7226.22172263,https://datacenter-web.eastmoney.com/api/data/v1/get,2026-07-22T01:02:06+00:00
2024-09-30,7502.55842337,https://datacenter-web.eastmoney.com/api/data/v1/get,2026-07-22T01:02:06+00:00
2024-10-08,8059.24955389,https://datacenter-web.eastmoney.com/api/data/v1/get,2026-07-22T01:02:06+00:00
2024-10-09,8249.11948198,https://datacenter-web.eastmoney.com/api/data/v1/get,2026-07-22T01:02:06+00:00
2024-10-10,8268.12806408,https://datacenter-web.eastmoney.com/api/data/v1/get,2026-07-22T01:02:06+00:00
2024-10-11,8233.86486778,https://datacenter-web.eastmoney.com/api/data/v1/get,2026-07-22T01:02:06+00:00
2024-10-14,8265.63737960,https://datacenter-web.eastmoney.com/api/data/v1/get,2026-07-22T01:02:06+00:00
2024-10-15,8278.42917705,https://datacenter-web.eastmoney.com/api/data/v1/get,2026-07-22T01:02:06+00:00
2024-10-16,8269.12817605,https://datacenter-web.eastmoney.com/api/data/v1/get,2026-07-22T01:02:06+00:00
2024-10-17,8284.89901354,https://datacenter-web.eastmoney.com/api/data/v1/get,2026-07-22T01:02:06+00:00
2024-10-18,8362.46672541,https://datacenter-web.eastmoney.com/api/data/v1/get,2026-07-22T01:02:06+00:00
2024-10-21,8469.48646793,https://datacenter-web.eastmoney.com/api/data/v1/get,2026-07-22T01:02:06+00:00
2024-10-22,8514.96247240,https://datacenter-web.eastmoney.com/api/data/v1/get,2026-07-22T01:02:06+00:00
2024-10-23,8548.01769061,https://datacenter-web.eastmoney.com/api/data/v1/get,2026-07-22T01:02:06+00:00
2024-10-24,8583.14485171,https://datacenter-web.eastmoney.com/api/data/v1/get,2026-07-22T01:02:06+00:00
2024-10-25,8599.77091153,https://datacenter-web.eastmoney.com/api/data/v1/get,2026-07-22T01:02:06+00:00
2024-10-28,8668.25658131,https://datacenter-web.eastmoney.com/api/data/v1/get,2026-07-22T01:02:06+00:00
2024-10-29,8676.71497826,https://datacenter-web.eastmoney.com/api/data/v1/get,2026-07-22T01:02:06+00:00
2024-10-30,8718.59506573,https://datacenter-web.eastmoney.com/api/data/v1/get,2026-07-22T01:02:06+00:00
2024-10-31,8766.30728168,https://datacenter-web.eastmoney.com/api/data/v1/get,2026-07-22T01:02:06+00:00
2024-11-01,8734.97765288,https://datacenter-web.eastmoney.com/api/data/v1/get,2026-07-22T01:02:06+00:00
2024-11-04,8795.59251402,https://datacenter-web.eastmoney.com/api/data/v1/get,2026-07-22T01:02:06+00:00
2024-11-05,8906.84772868,https://datacenter-web.eastmoney.com/api/data/v1/get,2026-07-22T01:02:06+00:00
2024-11-06,9023.41939873,https://datacenter-web.eastmoney.com/api/data/v1/get,2026-07-22T01:02:06+00:00
2024-11-07,9158.49059176,https://datacenter-web.eastmoney.com/api/data/v1/get,2026-07-22T01:02:06+00:00
2024-11-08,9242.30512864,https://datacenter-web.eastmoney.com/api/data/v1/get,2026-07-22T01:02:06+00:00
2024-11-11,9421.14058709,https://datacenter-web.eastmoney.com/api/data/v1/get,2026-07-22T01:02:06+00:00
2024-11-12,9448.27518751,https://datacenter-web.eastmoney.com/api/data/v1/get,2026-07-22T01:02:06+00:00
2024-11-13,9482.25611563,https://datacenter-web.eastmoney.com/api/data/v1/get,2026-07-22T01:02:06+00:00
2024-11-14,9454.13470996,https://datacenter-web.eastmoney.com/api/data/v1/get,2026-07-22T01:02:06+00:00
2024-11-15,9421.60415500,https://datacenter-web.eastmoney.com/api/data/v1/get,2026-07-22T01:02:06+00:00
2024-11-18,9419.31413907,https://datacenter-web.eastmoney.com/api/data/v1/get,2026-07-22T01:02:06+00:00
2024-11-19,9436.41325522,https://datacenter-web.eastmoney.com/api/data/v1/get,2026-07-22T01:02:06+00:00
2024-11-20,9454.36591119,https://datacenter-web.eastmoney.com/api/data/v1/get,2026-07-22T01:02:06+00:00
2024-11-21,9468.33680677,https://datacenter-web.eastmoney.com/api/data/v1/get,2026-07-22T01:02:06+00:00
2024-11-22,9421.38257073,https://datacenter-web.eastmoney.com/api/data/v1/get,2026-07-22T01:02:06+00:00
2024-11-25,9429.39649367,https://datacenter-web.eastmoney.com/api/data/v1/get,2026-07-22T01:02:06+00:00
2024-11-26,9410.65222693,https://datacenter-web.eastmoney.com/api/data/v1/get,2026-07-22T01:02:06+00:00
2024-11-27,9420.57449350,https://datacenter-web.eastmoney.com/api/data/v1/get,2026-07-22T01:02:06+00:00
2024-11-28,9432.53754490,https://datacenter-web.eastmoney.com/api/data/v1/get,2026-07-22T01:02:06+00:00
2024-11-29,9458.97197131,https://datacenter-web.eastmoney.com/api/data/v1/get,2026-07-22T01:02:06+00:00
2024-12-02,9494.14897920,https://datacenter-web.eastmoney.com/api/data/v1/get,2026-07-22T01:02:06+00:00
2024-12-03,9496.11483673,https://datacenter-web.eastmoney.com/api/data/v1/get,2026-07-22T01:02:06+00:00
2024-12-04,9497.64176036,https://datacenter-web.eastmoney.com/api/data/v1/get,2026-07-22T01:02:06+00:00
2024-12-05,9521.35960524,https://datacenter-web.eastmoney.com/api/data/v1/get,2026-07-22T01:02:06+00:00
2024-12-06,9512.30708261,https://datacenter-web.eastmoney.com/api/data/v1/get,2026-07-22T01:02:06+00:00
2024-12-09,9514.53513614,https://datacenter-web.eastmoney.com/api/data/v1/get,2026-07-22T01:02:06+00:00
2024-12-10,9566.48446126,https://datacenter-web.eastmoney.com/api/data/v1/get,2026-07-22T01:02:06+00:00
2024-12-11,9591.66669434,https://datacenter-web.eastmoney.com/api/data/v1/get,2026-07-22T01:02:06+00:00
2024-12-12,9617.58282389,https://datacenter-web.eastmoney.com/api/data/v1/get,2026-07-22T01:02:06+00:00
2024-12-13,9572.99883806,https://datacenter-web.eastmoney.com/api/data/v1/get,2026-07-22T01:02:06+00:00
2024-12-16,9568.68983361,https://datacenter-web.eastmoney.com/api/data/v1/get,2026-07-22T01:02:06+00:00
2024-12-17,9549.81038230,https://datacenter-web.eastmoney.com/api/data/v1/get,2026-07-22T01:02:06+00:00
2024-12-18,9553.44734903,https://datacenter-web.eastmoney.com/api/data/v1/get,2026-07-22T01:02:06+00:00
2024-12-19,9565.04384519,https://datacenter-web.eastmoney.com/api/data/v1/get,2026-07-22T01:02:06+00:00
2024-12-20,9596.99763814,https://datacenter-web.eastmoney.com/api/data/v1/get,2026-07-22T01:02:06+00:00
2024-12-23,9561.44920489,https://datacenter-web.eastmoney.com/api/data/v1/get,2026-07-22T01:02:06+00:00
2024-12-24,9568.00015587,https://datacenter-web.eastmoney.com/api/data/v1/get,2026-07-22T01:02:06+00:00
2024-12-25,9556.99365165,https://datacenter-web.eastmoney.com/api/data/v1/get,2026-07-22T01:02:06+00:00
2024-12-26,9568.43753174,https://datacenter-web.eastmoney.com/api/data/v1/get,2026-07-22T01:02:06+00:00
2024-12-27,9552.23986645,https://datacenter-web.eastmoney.com/api/data/v1/get,2026-07-22T01:02:06+00:00
2024-12-30,9564.51973149,https://datacenter-web.eastmoney.com/api/data/v1/get,2026-07-22T01:02:06+00:00
2024-12-31,9495.04401354,https://datacenter-web.eastmoney.com/api/data/v1/get,2026-07-22T01:02:06+00:00
2025-01-02,9480.28697338,https://datacenter-web.eastmoney.com/api/data/v1/get,2026-07-22T01:02:06+00:00
2025-01-03,9403.49502202,https://datacenter-web.eastmoney.com/api/data/v1/get,2026-07-22T01:02:06+00:00
2025-01-06,9369.40484542,https://datacenter-web.eastmoney.com/api/data/v1/get,2026-07-22T01:02:06+00:00
2025-01-07,9366.19486694,https://datacenter-web.eastmoney.com/api/data/v1/get,2026-07-22T01:02:06+00:00
2025-01-08,9347.98277212,https://datacenter-web.eastmoney.com/api/data/v1/get,2026-07-22T01:02:06+00:00
2025-01-09,9346.99072676,https://datacenter-web.eastmoney.com/api/data/v1/get,2026-07-22T01:02:06+00:00
2025-01-10,9318.47072917,https://datacenter-web.eastmoney.com/api/data/v1/get,2026-07-22T01:02:06+00:00
2025-01-13,9314.98491977,https://datacenter-web.eastmoney.com/api/data/v1/get,2026-07-22T01:02:06+00:00
2025-01-14,9349.83756674,https://datacenter-web.eastmoney.com/api/data/v1/get,2026-07-22T01:02:06+00:00
2025-01-15,9352.43523067,https://datacenter-web.eastmoney.com/api/data/v1/get,2026-07-22T01:02:06+00:00
2025-01-16,9355.72524508,https://datacenter-web.eastmoney.com/api/data/v1/get,2026-07-22T01:02:06+00:00
2025-01-17,9319.49689547,https://datacenter-web.eastmoney.com/api/data/v1/get,2026-07-22T01:02:06+00:00
2025-01-20,9315.50947430,https://datacenter-web.eastmoney.com/api/data/v1/get,2026-07-22T01:02:06+00:00
2025-01-21,9318.33618165,https://datacenter-web.eastmoney.com/api/data/v1/get,2026-07-22T01:02:06+00:00
2025-01-22,9326.12094200,https://datacenter-web.eastmoney.com/api/data/v1/get,2026-07-22T01:02:06+00:00
2025-01-23,9294.53719597,https://datacenter-web.eastmoney.com/api/data/v1/get,2026-07-22T01:02:06+00:00
2025-01-24,9231.70752645,https://datacenter-web.eastmoney.com/api/data/v1/get,2026-07-22T01:02:06+00:00
2025-01-27,9068.36932381,https://datacenter-web.eastmoney.com/api/data/v1/get,2026-07-22T01:02:06+00:00
2025-02-05,9173.92767343,https://datacenter-web.eastmoney.com/api/data/v1/get,2026-07-22T01:02:06+00:00
2025-02-06,9236.56820579,https://datacenter-web.eastmoney.com/api/data/v1/get,2026-07-22T01:02:06+00:00
2025-02-07,9280.35285866,https://datacenter-web.eastmoney.com/api/data/v1/get,2026-07-22T01:02:06+00:00
2025-02-10,9365.41604647,https://datacenter-web.eastmoney.com/api/data/v1/get,2026-07-22T01:02:06+00:00
2025-02-11,9391.46823237,https://datacenter-web.eastmoney.com/api/data/v1/get,2026-07-22T01:02:06+00:00
2025-02-12,9411.42844137,https://datacenter-web.eastmoney.com/api/data/v1/get,2026-07-22T01:02:06+00:00
2025-02-13,9405.85522678,https://datacenter-web.eastmoney.com/api/data/v1/get,2026-07-22T01:02:06+00:00
2025-02-14,9413.52939939,https://datacenter-web.eastmoney.com/api/data/v1/get,2026-07-22T01:02:06+00:00
2025-02-17,9491.58718589,https://datacenter-web.eastmoney.com/api/data/v1/get,2026-07-22T01:02:06+00:00
2025-02-18,9454.24585208,https://datacenter-web.eastmoney.com/api/data/v1/get,2026-07-22T01:02:06+00:00
2025-02-19,9503.98196565,https://datacenter-web.eastmoney.com/api/data/v1/get,2026-07-22T01:02:06+00:00
2025-02-20,9533.02647173,https://datacenter-web.eastmoney.com/api/data/v1/get,2026-07-22T01:02:06+00:00
2025-02-21,9567.06096115,https://datacenter-web.eastmoney.com/api/data/v1/get,2026-07-22T01:02:06+00:00
2025-02-24,9608.17195447,https://datacenter-web.eastmoney.com/api/data/v1/get,2026-07-22T01:02:06+00:00
2025-02-25,9638.79747065,https://datacenter-web.eastmoney.com/api/data/v1/get,2026-07-22T01:02:06+00:00
2025-02-26,9682.81688463,https://datacenter-web.eastmoney.com/api/data/v1/get,2026-07-22T01:02:06+00:00
2025-02-27,9679.08224325,https://datacenter-web.eastmoney.com/api/data/v1/get,2026-07-22T01:02:06+00:00
2025-02-28,9609.07206926,https://datacenter-web.eastmoney.com/api/data/v1/get,2026-07-22T01:02:06+00:00
2025-03-03,9597.10302382,https://datacenter-web.eastmoney.com/api/data/v1/get,2026-07-22T01:02:06+00:00
2025-03-04,9591.04687354,https://datacenter-web.eastmoney.com/api/data/v1/get,2026-07-22T01:02:06+00:00
2025-03-05,9594.07691107,https://datacenter-web.eastmoney.com/api/data/v1/get,2026-07-22T01:02:06+00:00
2025-03-06,9653.26732669,https://datacenter-web.eastmoney.com/api/data/v1/get,2026-07-22T01:02:06+00:00
2025-03-07,9616.83902616,https://datacenter-web.eastmoney.com/api/data/v1/get,2026-07-22T01:02:06+00:00
2025-03-10,9659.80054878,https://datacenter-web.eastmoney.com/api/data/v1/get,2026-07-22T01:02:06+00:00
2025-03-11,9657.95797513,https://datacenter-web.eastmoney.com/api/data/v1/get,2026-07-22T01:02:06+00:00
2025-03-12,9709.25278485,https://datacenter-web.eastmoney.com/api/data/v1/get,2026-07-22T01:02:06+00:00
2025-03-13,9681.66630947,https://datacenter-web.eastmoney.com/api/data/v1/get,2026-07-22T01:02:06+00:00
2025-03-14,9677.61631056,https://datacenter-web.eastmoney.com/api/data/v1/get,2026-07-22T01:02:06+00:00
2025-03-17,9713.14793092,https://datacenter-web.eastmoney.com/api/data/v1/get,2026-07-22T01:02:06+00:00
2025-03-18,9748.37417875,https://datacenter-web.eastmoney.com/api/data/v1/get,2026-07-22T01:02:06+00:00
2025-03-19,9749.98389156,https://datacenter-web.eastmoney.com/api/data/v1/get,2026-07-22T01:02:06+00:00
2025-03-20,9769.25908288,https://datacenter-web.eastmoney.com/api/data/v1/get,2026-07-22T01:02:06+00:00
2025-03-21,9716.55569946,https://datacenter-web.eastmoney.com/api/data/v1/get,2026-07-22T01:02:06+00:00
2025-03-24,9697.86080222,https://datacenter-web.eastmoney.com/api/data/v1/get,2026-07-22T01:02:06+00:00
2025-03-25,9689.43026169,https://datacenter-web.eastmoney.com/api/data/v1/get,2026-07-22T01:02:06+00:00
2025-03-26,9694.73222868,https://datacenter-web.eastmoney.com/api/data/v1/get,2026-07-22T01:02:06+00:00
2025-03-27,9684.17545674,https://datacenter-web.eastmoney.com/api/data/v1/get,2026-07-22T01:02:06+00:00
2025-03-28,9672.13232779,https://datacenter-web.eastmoney.com/api/data/v1/get,2026-07-22T01:02:06+00:00
2025-03-31,9670.26910148,https://datacenter-web.eastmoney.com/api/data/v1/get,2026-07-22T01:02:06+00:00
2025-04-01,9649.15147379,https://datacenter-web.eastmoney.com/api/data/v1/get,2026-07-22T01:02:06+00:00
2025-04-02,9633.73933304,https://datacenter-web.eastmoney.com/api/data/v1/get,2026-07-22T01:02:06+00:00
2025-04-03,9588.06215111,https://datacenter-web.eastmoney.com/api/data/v1/get,2026-07-22T01:02:06+00:00
2025-04-07,9396.58581632,https://datacenter-web.eastmoney.com/api/data/v1/get,2026-07-22T01:02:06+00:00
2025-04-08,9213.56014088,https://datacenter-web.eastmoney.com/api/data/v1/get,2026-07-22T01:02:06+00:00
2025-04-09,9193.76233259,https://datacenter-web.eastmoney.com/api/data/v1/get,2026-07-22T01:02:06+00:00
2025-04-10,9207.19496266,https://datacenter-web.eastmoney.com/api/data/v1/get,2026-07-22T01:02:06+00:00
2025-04-11,9182.21823420,https://datacenter-web.eastmoney.com/api/data/v1/get,2026-07-22T01:02:06+00:00
2025-04-14,9227.53835196,https://datacenter-web.eastmoney.com/api/data/v1/get,2026-07-22T01:02:06+00:00
2025-04-15,9223.46969118,https://datacenter-web.eastmoney.com/api/data/v1/get,2026-07-22T01:02:06+00:00
2025-04-16,9191.59004275,https://datacenter-web.eastmoney.com/api/data/v1/get,2026-07-22T01:02:06+00:00
2025-04-17,9169.79946296,https://datacenter-web.eastmoney.com/api/data/v1/get,2026-07-22T01:02:06+00:00
2025-04-18,9136.44906996,https://datacenter-web.eastmoney.com/api/data/v1/get,2026-07-22T01:02:06+00:00
2025-04-21,9167.57890120,https://datacenter-web.eastmoney.com/api/data/v1/get,2026-07-22T01:02:06+00:00
2025-04-22,9145.50232887,https://datacenter-web.eastmoney.com/api/data/v1/get,2026-07-22T01:02:06+00:00
2025-04-23,9148.25452131,https://datacenter-web.eastmoney.com/api/data/v1/get,2026-07-22T01:02:06+00:00
2025-04-24,9132.55772009,https://datacenter-web.eastmoney.com/api/data/v1/get,2026-07-22T01:02:06+00:00
2025-04-25,9099.51876584,https://datacenter-web.eastmoney.com/api/data/v1/get,2026-07-22T01:02:06+00:00
2025-04-28,9106.21691549,https://datacenter-web.eastmoney.com/api/data/v1/get,2026-07-22T01:02:06+00:00
2025-04-29,9104.76190696,https://datacenter-web.eastmoney.com/api/data/v1/get,2026-07-22T01:02:06+00:00
2025-04-30,9022.97294171,https://datacenter-web.eastmoney.com/api/data/v1/get,2026-07-22T01:02:06+00:00
2025-05-06,9082.36842318,https://datacenter-web.eastmoney.com/api/data/v1/get,2026-07-22T01:02:06+00:00
2025-05-07,9111.75339517,https://datacenter-web.eastmoney.com/api/data/v1/get,2026-07-22T01:02:06+00:00
2025-05-08,9111.57862069,https://datacenter-web.eastmoney.com/api/data/v1/get,2026-07-22T01:02:06+00:00
2025-05-09,9092.17878305,https://datacenter-web.eastmoney.com/api/data/v1/get,2026-07-22T01:02:06+00:00
2025-05-12,9097.91926143,https://datacenter-web.eastmoney.com/api/data/v1/get,2026-07-22T01:02:06+00:00
2025-05-13,9096.32087491,https://datacenter-web.eastmoney.com/api/data/v1/get,2026-07-22T01:02:06+00:00
2025-05-14,9095.05314379,https://datacenter-web.eastmoney.com/api/data/v1/get,2026-07-22T01:02:06+00:00
2025-05-15,9083.49137943,https://datacenter-web.eastmoney.com/api/data/v1/get,2026-07-22T01:02:06+00:00
2025-05-16,9074.27084606,https://datacenter-web.eastmoney.com/api/data/v1/get,2026-07-22T01:02:06+00:00
2025-05-19,9096.57468124,https://datacenter-web.eastmoney.com/api/data/v1/get,2026-07-22T01:02:06+00:00
2025-05-20,9096.02494527,https://datacenter-web.eastmoney.com/api/data/v1/get,2026-07-22T01:02:06+00:00
2025-05-21,9086.72788726,https://datacenter-web.eastmoney.com/api/data/v1/get,2026-07-22T01:02:06+00:00
2025-05-22,9075.35824938,https://datacenter-web.eastmoney.com/api/data/v1/get,2026-07-22T01:02:06+00:00
2025-05-23,9054.71558442,https://datacenter-web.eastmoney.com/api/data/v1/get,2026-07-22T01:02:06+00:00
2025-05-26,9079.63207363,https://datacenter-web.eastmoney.com/api/data/v1/get,2026-07-22T01:02:06+00:00
2025-05-27,9102.28044137,https://datacenter-web.eastmoney.com/api/data/v1/get,2026-07-22T01:02:06+00:00
2025-05-28,9099.86392086,https://datacenter-web.eastmoney.com/api/data/v1/get,2026-07-22T01:02:06+00:00
2025-05-29,9083.82726705,https://datacenter-web.eastmoney.com/api/data/v1/get,2026-07-22T01:02:06+00:00
2025-05-30,9050.65691813,https://datacenter-web.eastmoney.com/api/data/v1/get,2026-07-22T01:02:06+00:00
2025-06-03,9065.39733658,https://datacenter-web.eastmoney.com/api/data/v1/get,2026-07-22T01:02:06+00:00
2025-06-04,9075.51168910,https://datacenter-web.eastmoney.com/api/data/v1/get,2026-07-22T01:02:06+00:00
2025-06-05,9094.98147688,https://datacenter-web.eastmoney.com/api/data/v1/get,2026-07-22T01:02:06+00:00
2025-06-06,9072.72972139,https://datacenter-web.eastmoney.com/api/data/v1/get,2026-07-22T01:02:06+00:00
2025-06-09,9114.10866748,https://datacenter-web.eastmoney.com/api/data/v1/get,2026-07-22T01:02:06+00:00
2025-06-10,9123.41653816,https://datacenter-web.eastmoney.com/api/data/v1/get,2026-07-22T01:02:06+00:00
2025-06-11,9133.54209893,https://datacenter-web.eastmoney.com/api/data/v1/get,2026-07-22T01:02:06+00:00
2025-06-12,9151.67037266,https://datacenter-web.eastmoney.com/api/data/v1/get,2026-07-22T01:02:06+00:00
2025-06-13,9129.55300781,https://datacenter-web.eastmoney.com/api/data/v1/get,2026-07-22T01:02:06+00:00
2025-06-16,9162.89694734,https://datacenter-web.eastmoney.com/api/data/v1/get,2026-07-22T01:02:06+00:00
2025-06-17,9199.89046739,https://datacenter-web.eastmoney.com/api/data/v1/get,2026-07-22T01:02:06+00:00
2025-06-18,9200.11904287,https://datacenter-web.eastmoney.com/api/data/v1/get,2026-07-22T01:02:06+00:00
2025-06-19,9152.55863687,https://datacenter-web.eastmoney.com/api/data/v1/get,2026-07-22T01:02:06+00:00
2025-06-20,9110.53174880,https://datacenter-web.eastmoney.com/api/data/v1/get,2026-07-22T01:02:06+00:00
2025-06-23,9130.51422559,https://datacenter-web.eastmoney.com/api/data/v1/get,2026-07-22T01:02:06+00:00
2025-06-24,9146.22047518,https://datacenter-web.eastmoney.com/api/data/v1/get,2026-07-22T01:02:06+00:00
2025-06-25,9168.09346278,https://datacenter-web.eastmoney.com/api/data/v1/get,2026-07-22T01:02:06+00:00
2025-06-26,9202.44377739,https://datacenter-web.eastmoney.com/api/data/v1/get,2026-07-22T01:02:06+00:00
2025-06-27,9216.06906801,https://datacenter-web.eastmoney.com/api/data/v1/get,2026-07-22T01:02:06+00:00
2025-06-30,9254.18708645,https://datacenter-web.eastmoney.com/api/data/v1/get,2026-07-22T01:02:06+00:00
2025-07-01,9268.95132373,https://datacenter-web.eastmoney.com/api/data/v1/get,2026-07-22T01:02:06+00:00
2025-07-02,9280.80643653,https://datacenter-web.eastmoney.com/api/data/v1/get,2026-07-22T01:02:06+00:00
2025-07-03,9288.87433388,https://datacenter-web.eastmoney.com/api/data/v1/get,2026-07-22T01:02:06+00:00
2025-07-04,9257.02841567,https://datacenter-web.eastmoney.com/api/data/v1/get,2026-07-22T01:02:06+00:00
2025-07-07,9288.27818949,https://datacenter-web.eastmoney.com/api/data/v1/get,2026-07-22T01:02:06+00:00
2025-07-08,9310.76466397,https://datacenter-web.eastmoney.com/api/data/v1/get,2026-07-22T01:02:06+00:00
2025-07-09,9329.60493605,https://datacenter-web.eastmoney.com/api/data/v1/get,2026-07-22T01:02:06+00:00
2025-07-10,9356.91412605,https://datacenter-web.eastmoney.com/api/data/v1/get,2026-07-22T01:02:06+00:00
2025-07-11,9377.52116945,https://datacenter-web.eastmoney.com/api/data/v1/get,2026-07-22T01:02:06+00:00
2025-07-14,9428.37358485,https://datacenter-web.eastmoney.com/api/data/v1/get,2026-07-22T01:02:06+00:00
2025-07-15,9455.28632364,https://datacenter-web.eastmoney.com/api/data/v1/get,2026-07-22T01:02:06+00:00
2025-07-16,9500.76970726,https://datacenter-web.eastmoney.com/api/data/v1/get,2026-07-22T01:02:06+00:00
2025-07-17,9528.72205457,https://datacenter-web.eastmoney.com/api/data/v1/get,2026-07-22T01:02:06+00:00
2025-07-18,9521.91948293,https://datacenter-web.eastmoney.com/api/data/v1/get,2026-07-22T01:02:06+00:00
2025-07-21,9596.08797230,https://datacenter-web.eastmoney.com/api/data/v1/get,2026-07-22T01:02:06+00:00
2025-07-22,9695.71695398,https://datacenter-web.eastmoney.com/api/data/v1/get,2026-07-22T01:02:06+00:00
2025-07-23,9706.92921044,https://datacenter-web.eastmoney.com/api/data/v1/get,2026-07-22T01:02:06+00:00
2025-07-24,9730.54656825,https://datacenter-web.eastmoney.com/api/data/v1/get,2026-07-22T01:02:06+00:00
2025-07-25,9781.89855705,https://datacenter-web.eastmoney.com/api/data/v1/get,2026-07-22T01:02:06+00:00
2025-07-28,9898.96449187,https://datacenter-web.eastmoney.com/api/data/v1/get,2026-07-22T01:02:06+00:00
2025-07-29,10008.35545965,https://datacenter-web.eastmoney.com/api/data/v1/get,2026-07-22T01:02:06+00:00
2025-07-30,10012.28435294,https://datacenter-web.eastmoney.com/api/data/v1/get,2026-07-22T01:02:06+00:00
2025-07-31,10009.62510610,https://datacenter-web.eastmoney.com/api/data/v1/get,2026-07-22T01:02:06+00:00
2025-08-01,9986.72967968,https://datacenter-web.eastmoney.com/api/data/v1/get,2026-07-22T01:02:06+00:00
2025-08-04,10050.89414853,https://datacenter-web.eastmoney.com/api/data/v1/get,2026-07-22T01:02:06+00:00
2025-08-05,10094.44473177,https://datacenter-web.eastmoney.com/api/data/v1/get,2026-07-22T01:02:06+00:00
2025-08-06,10132.09625471,https://datacenter-web.eastmoney.com/api/data/v1/get,2026-07-22T01:02:06+00:00
2025-08-07,10138.01673272,https://datacenter-web.eastmoney.com/api/data/v1/get,2026-07-22T01:02:06+00:00
2025-08-08,10127.20239760,https://datacenter-web.eastmoney.com/api/data/v1/get,2026-07-22T01:02:06+00:00
2025-08-11,10217.92143441,https://datacenter-web.eastmoney.com/api/data/v1/get,2026-07-22T01:02:06+00:00
2025-08-12,10255.70739113,https://datacenter-web.eastmoney.com/api/data/v1/get,2026-07-22T01:02:06+00:00
2025-08-13,10290.63342369,https://datacenter-web.eastmoney.com/api/data/v1/get,2026-07-22T01:02:06+00:00
2025-08-14,10339.02792626,https://datacenter-web.eastmoney.com/api/data/v1/get,2026-07-22T01:02:06+00:00
2025-08-15,10377.56675565,https://datacenter-web.eastmoney.com/api/data/v1/get,2026-07-22T01:02:06+00:00
2025-08-18,10571.81453687,https://datacenter-web.eastmoney.com/api/data/v1/get,2026-07-22T01:02:06+00:00
2025-08-19,10737.93365520,https://datacenter-web.eastmoney.com/api/data/v1/get,2026-07-22T01:02:06+00:00
2025-08-20,10816.43142709,https://datacenter-web.eastmoney.com/api/data/v1/get,2026-07-22T01:02:06+00:00
2025-08-21,10785.33040383,https://datacenter-web.eastmoney.com/api/data/v1/get,2026-07-22T01:02:06+00:00
2025-08-22,10844.22264740,https://datacenter-web.eastmoney.com/api/data/v1/get,2026-07-22T01:02:06+00:00
2025-08-25,11011.91689087,https://datacenter-web.eastmoney.com/api/data/v1/get,2026-07-22T01:02:06+00:00
2025-08-26,11118.18503020,https://datacenter-web.eastmoney.com/api/data/v1/get,2026-07-22T01:02:06+00:00
2025-08-27,11233.66079378,https://datacenter-web.eastmoney.com/api/data/v1/get,2026-07-22T01:02:06+00:00
2025-08-28,11325.70872138,https://datacenter-web.eastmoney.com/api/data/v1/get,2026-07-22T01:02:06+00:00
2025-08-29,11409.26430398,https://datacenter-web.eastmoney.com/api/data/v1/get,2026-07-22T01:02:06+00:00
2025-09-01,11605.69079901,https://datacenter-web.eastmoney.com/api/data/v1/get,2026-07-22T01:02:06+00:00
2025-09-02,11581.03408143,https://datacenter-web.eastmoney.com/api/data/v1/get,2026-07-22T01:02:06+00:00
2025-09-03,11574.33653512,https://datacenter-web.eastmoney.com/api/data/v1/get,2026-07-22T01:02:06+00:00
2025-09-04,11528.73400598,https://datacenter-web.eastmoney.com/api/data/v1/get,2026-07-22T01:02:06+00:00
2025-09-05,11556.50042274,https://datacenter-web.eastmoney.com/api/data/v1/get,2026-07-22T01:02:06+00:00
2025-09-08,11662.59101553,https://datacenter-web.eastmoney.com/api/data/v1/get,2026-07-22T01:02:06+00:00
2025-09-09,11710.38610850,https://datacenter-web.eastmoney.com/api/data/v1/get,2026-07-22T01:02:06+00:00
2025-09-10,11733.48380718,https://datacenter-web.eastmoney.com/api/data/v1/get,2026-07-22T01:02:06+00:00
2025-09-11,11764.41846643,https://datacenter-web.eastmoney.com/api/data/v1/get,2026-07-22T01:02:06+00:00
2025-09-12,11839.85455849,https://datacenter-web.eastmoney.com/api/data/v1/get,2026-07-22T01:02:06+00:00
2025-09-15,11936.51838103,https://datacenter-web.eastmoney.com/api/data/v1/get,2026-07-22T01:02:06+00:00
2025-09-16,12058.55997868,https://datacenter-web.eastmoney.com/api/data/v1/get,2026-07-22T01:02:06+00:00
2025-09-17,12097.26836235,https://datacenter-web.eastmoney.com/api/data/v1/get,2026-07-22T01:02:06+00:00
2025-09-18,12092.24986941,https://datacenter-web.eastmoney.com/api/data/v1/get,2026-07-22T01:02:06+00:00
2025-09-19,12076.39982663,https://datacenter-web.eastmoney.com/api/data/v1/get,2026-07-22T01:02:06+00:00
2025-09-22,12183.37102598,https://datacenter-web.eastmoney.com/api/data/v1/get,2026-07-22T01:02:06+00:00
2025-09-23,12165.73602443,https://datacenter-web.eastmoney.com/api/data/v1/get,2026-07-22T01:02:06+00:00
2025-09-24,12235.47870961,https://datacenter-web.eastmoney.com/api/data/v1/get,2026-07-22T01:02:06+00:00
2025-09-25,12301.43924167,https://datacenter-web.eastmoney.com/api/data/v1/get,2026-07-22T01:02:06+00:00
2025-09-26,12188.54850267,https://datacenter-web.eastmoney.com/api/data/v1/get,2026-07-22T01:02:06+00:00
2025-09-29,12233.95169661,https://datacenter-web.eastmoney.com/api/data/v1/get,2026-07-22T01:02:06+00:00
2025-09-30,12086.17882705,https://datacenter-web.eastmoney.com/api/data/v1/get,2026-07-22T01:02:06+00:00
2025-10-09,12332.49540315,https://datacenter-web.eastmoney.com/api/data/v1/get,2026-07-22T01:02:06+00:00
2025-10-10,12306.84574757,https://datacenter-web.eastmoney.com/api/data/v1/get,2026-07-22T01:02:06+00:00
2025-10-13,12336.42293902,https://datacenter-web.eastmoney.com/api/data/v1/get,2026-07-22T01:02:06+00:00
2025-10-14,12346.22701292,https://datacenter-web.eastmoney.com/api/data/v1/get,2026-07-22T01:02:06+00:00
2025-10-15,12363.65992629,https://datacenter-web.eastmoney.com/api/data/v1/get,2026-07-22T01:02:06+00:00
2025-10-16,12377.80502057,https://datacenter-web.eastmoney.com/api/data/v1/get,2026-07-22T01:02:06+00:00
2025-10-17,12240.47953848,https://datacenter-web.eastmoney.com/api/data/v1/get,2026-07-22T01:02:06+00:00
2025-10-20,12220.28591866,https://datacenter-web.eastmoney.com/api/data/v1/get,2026-07-22T01:02:06+00:00
2025-10-21,12285.25092925,https://datacenter-web.eastmoney.com/api/data/v1/get,2026-07-22T01:02:06+00:00
2025-10-22,12330.14133480,https://datacenter-web.eastmoney.com/api/data/v1/get,2026-07-22T01:02:06+00:00
2025-10-23,12320.14143922,https://datacenter-web.eastmoney.com/api/data/v1/get,2026-07-22T01:02:06+00:00
2025-10-24,12350.00302822,https://datacenter-web.eastmoney.com/api/data/v1/get,2026-07-22T01:02:06+00:00
2025-10-27,12465.06855788,https://datacenter-web.eastmoney.com/api/data/v1/get,2026-07-22T01:02:06+00:00
2025-10-28,12524.96637936,https://datacenter-web.eastmoney.com/api/data/v1/get,2026-07-22T01:02:06+00:00
2025-10-29,12574.13401254,https://datacenter-web.eastmoney.com/api/data/v1/get,2026-07-22T01:02:06+00:00
2025-10-30,12535.78067034,https://datacenter-web.eastmoney.com/api/data/v1/get,2026-07-22T01:02:06+00:00
2025-10-31,12499.24363716,https://datacenter-web.eastmoney.com/api/data/v1/get,2026-07-22T01:02:06+00:00
2025-11-03,12552.84930321,https://datacenter-web.eastmoney.com/api/data/v1/get,2026-07-22T01:02:06+00:00
2025-11-04,12545.95845948,https://datacenter-web.eastmoney.com/api/data/v1/get,2026-07-22T01:02:06+00:00
2025-11-05,12548.87414434,https://datacenter-web.eastmoney.com/api/data/v1/get,2026-07-22T01:02:06+00:00
2025-11-06,12611.72891066,https://datacenter-web.eastmoney.com/api/data/v1/get,2026-07-22T01:02:06+00:00
2025-11-07,12567.49257881,https://datacenter-web.eastmoney.com/api/data/v1/get,2026-07-22T01:02:06+00:00
2025-11-10,12599.99647179,https://datacenter-web.eastmoney.com/api/data/v1/get,2026-07-22T01:02:06+00:00
2025-11-11,12631.97439228,https://datacenter-web.eastmoney.com/api/data/v1/get,2026-07-22T01:02:06+00:00
2025-11-12,12608.74320120,https://datacenter-web.eastmoney.com/api/data/v1/get,2026-07-22T01:02:06+00:00
2025-11-13,12586.07971942,https://datacenter-web.eastmoney.com/api/data/v1/get,2026-07-22T01:02:06+00:00
2025-11-14,12531.80360926,https://datacenter-web.eastmoney.com/api/data/v1/get,2026-07-22T01:02:06+00:00
2025-11-17,12570.15227419,https://datacenter-web.eastmoney.com/api/data/v1/get,2026-07-22T01:02:06+00:00
2025-11-18,12603.13161359,https://datacenter-web.eastmoney.com/api/data/v1/get,2026-07-22T01:02:06+00:00
2025-11-19,12570.08488721,https://datacenter-web.eastmoney.com/api/data/v1/get,2026-07-22T01:02:06+00:00
2025-11-20,12519.06950837,https://datacenter-web.eastmoney.com/api/data/v1/get,2026-07-22T01:02:06+00:00
2025-11-21,12396.81215625,https://datacenter-web.eastmoney.com/api/data/v1/get,2026-07-22T01:02:06+00:00
2025-11-24,12390.32782361,https://datacenter-web.eastmoney.com/api/data/v1/get,2026-07-22T01:02:06+00:00
2025-11-25,12403.98370695,https://datacenter-web.eastmoney.com/api/data/v1/get,2026-07-22T01:02:06+00:00
2025-11-26,12428.23709564,https://datacenter-web.eastmoney.com/api/data/v1/get,2026-07-22T01:02:06+00:00
2025-11-27,12433.17159526,https://datacenter-web.eastmoney.com/api/data/v1/get,2026-07-22T01:02:06+00:00
2025-11-28,12433.34608699,https://datacenter-web.eastmoney.com/api/data/v1/get,2026-07-22T01:02:06+00:00
2025-12-01,12486.16676210,https://datacenter-web.eastmoney.com/api/data/v1/get,2026-07-22T01:02:06+00:00
2025-12-02,12487.27375910,https://datacenter-web.eastmoney.com/api/data/v1/get,2026-07-22T01:02:06+00:00
2025-12-03,12469.89558940,https://datacenter-web.eastmoney.com/api/data/v1/get,2026-07-22T01:02:06+00:00
2025-12-04,12476.16304027,https://datacenter-web.eastmoney.com/api/data/v1/get,2026-07-22T01:02:06+00:00
2025-12-05,12463.00715403,https://datacenter-web.eastmoney.com/api/data/v1/get,2026-07-22T01:02:06+00:00
2025-12-08,12544.66290886,https://datacenter-web.eastmoney.com/api/data/v1/get,2026-07-22T01:02:06+00:00
2025-12-09,12585.50150923,https://datacenter-web.eastmoney.com/api/data/v1/get,2026-07-22T01:02:06+00:00
2025-12-10,12586.75029684,https://datacenter-web.eastmoney.com/api/data/v1/get,2026-07-22T01:02:06+00:00
2025-12-11,12570.22621848,https://datacenter-web.eastmoney.com/api/data/v1/get,2026-07-22T01:02:06+00:00
2025-12-12,12523.69646071,https://datacenter-web.eastmoney.com/api/data/v1/get,2026-07-22T01:02:06+00:00
2025-12-15,12554.99323207,https://datacenter-web.eastmoney.com/api/data/v1/get,2026-07-22T01:02:06+00:00
2025-12-16,12610.42135620,https://datacenter-web.eastmoney.com/api/data/v1/get,2026-07-22T01:02:06+00:00
2025-12-17,12597.74699017,https://datacenter-web.eastmoney.com/api/data/v1/get,2026-07-22T01:02:06+00:00
2025-12-18,12554.33608103,https://datacenter-web.eastmoney.com/api/data/v1/get,2026-07-22T01:02:06+00:00
2025-12-19,12576.16065098,https://datacenter-web.eastmoney.com/api/data/v1/get,2026-07-22T01:02:06+00:00
2025-12-22,12634.36859867,https://datacenter-web.eastmoney.com/api/data/v1/get,2026-07-22T01:02:06+00:00
2025-12-23,12712.01780307,https://datacenter-web.eastmoney.com/api/data/v1/get,2026-07-22T01:02:06+00:00
2025-12-24,12755.96245962,https://datacenter-web.eastmoney.com/api/data/v1/get,2026-07-22T01:02:06+00:00
2025-12-25,12733.52376369,https://datacenter-web.eastmoney.com/api/data/v1/get,2026-07-22T01:02:06+00:00
2025-12-26,12710.86234902,https://datacenter-web.eastmoney.com/api/data/v1/get,2026-07-22T01:02:06+00:00
2025-12-29,12739.65468535,https://datacenter-web.eastmoney.com/api/data/v1/get,2026-07-22T01:02:06+00:00
2025-12-30,12782.85296119,https://datacenter-web.eastmoney.com/api/data/v1/get,2026-07-22T01:02:06+00:00
2025-12-31,12687.96062622,https://datacenter-web.eastmoney.com/api/data/v1/get,2026-07-22T01:02:06+00:00
2026-01-05,12770.35784652,https://datacenter-web.eastmoney.com/api/data/v1/get,2026-07-22T01:02:06+00:00
2026-01-06,12858.98834239,https://datacenter-web.eastmoney.com/api/data/v1/get,2026-07-22T01:02:06+00:00
2026-01-07,12982.14640818,https://datacenter-web.eastmoney.com/api/data/v1/get,2026-07-22T01:02:06+00:00
2026-01-08,13060.06162278,https://datacenter-web.eastmoney.com/api/data/v1/get,2026-07-22T01:02:06+00:00
2026-01-09,13093.33101994,https://datacenter-web.eastmoney.com/api/data/v1/get,2026-07-22T01:02:06+00:00
2026-01-12,13279.19906814,https://datacenter-web.eastmoney.com/api/data/v1/get,2026-07-22T01:02:06+00:00
2026-01-13,13312.69993389,https://datacenter-web.eastmoney.com/api/data/v1/get,2026-07-22T01:02:06+00:00
2026-01-14,13395.30229868,https://datacenter-web.eastmoney.com/api/data/v1/get,2026-07-22T01:02:06+00:00
2026-01-15,13487.08301293,https://datacenter-web.eastmoney.com/api/data/v1/get,2026-07-22T01:02:06+00:00
2026-01-16,13617.65598205,https://datacenter-web.eastmoney.com/api/data/v1/get,2026-07-22T01:02:06+00:00
2026-01-19,13606.63928801,https://datacenter-web.eastmoney.com/api/data/v1/get,2026-07-22T01:02:06+00:00
2026-01-20,13527.75686018,https://datacenter-web.eastmoney.com/api/data/v1/get,2026-07-22T01:02:06+00:00
2026-01-21,13628.61930351,https://datacenter-web.eastmoney.com/api/data/v1/get,2026-07-22T01:02:06+00:00
2026-01-22,13651.43170716,https://datacenter-web.eastmoney.com/api/data/v1/get,2026-07-22T01:02:06+00:00
2026-01-23,13654.16506544,https://datacenter-web.eastmoney.com/api/data/v1/get,2026-07-22T01:02:06+00:00
2026-01-26,13667.98503378,https://datacenter-web.eastmoney.com/api/data/v1/get,2026-07-22T01:02:06+00:00
2026-01-27,13655.40768782,https://datacenter-web.eastmoney.com/api/data/v1/get,2026-07-22T01:02:06+00:00
2026-01-28,13790.75454676,https://datacenter-web.eastmoney.com/api/data/v1/get,2026-07-22T01:02:06+00:00
2026-01-29,13764.13497488,https://datacenter-web.eastmoney.com/api/data/v1/get,2026-07-22T01:02:06+00:00
2026-01-30,13629.22122502,https://datacenter-web.eastmoney.com/api/data/v1/get,2026-07-22T01:02:06+00:00
2026-02-02,13617.51136143,https://datacenter-web.eastmoney.com/api/data/v1/get,2026-07-22T01:02:06+00:00
2026-02-03,13573.88113443,https://datacenter-web.eastmoney.com/api/data/v1/get,2026-07-22T01:02:06+00:00
2026-02-04,13484.31797776,https://datacenter-web.eastmoney.com/api/data/v1/get,2026-07-22T01:02:06+00:00
2026-02-05,13434.76557854,https://datacenter-web.eastmoney.com/api/data/v1/get,2026-07-22T01:02:06+00:00
2026-02-06,13358.57650715,https://datacenter-web.eastmoney.com/api/data/v1/get,2026-07-22T01:02:06+00:00
2026-02-09,13362.56730195,https://datacenter-web.eastmoney.com/api/data/v1/get,2026-07-22T01:02:06+00:00
2026-02-10,13347.39401256,https://datacenter-web.eastmoney.com/api/data/v1/get,2026-07-22T01:02:06+00:00
2026-02-11,13259.46405377,https://datacenter-web.eastmoney.com/api/data/v1/get,2026-07-22T01:02:06+00:00
2026-02-12,13304.47990665,https://datacenter-web.eastmoney.com/api/data/v1/get,2026-07-22T01:02:06+00:00
2026-02-13,13006.67234815,https://datacenter-web.eastmoney.com/api/data/v1/get,2026-07-22T01:02:06+00:00
2026-02-24,13168.86917013,https://datacenter-web.eastmoney.com/api/data/v1/get,2026-07-22T01:02:06+00:00
2026-02-25,13308.32293401,https://datacenter-web.eastmoney.com/api/data/v1/get,2026-07-22T01:02:06+00:00
2026-02-26,13399.56696186,https://datacenter-web.eastmoney.com/api/data/v1/get,2026-07-22T01:02:06+00:00
2026-02-27,13408.72565672,https://datacenter-web.eastmoney.com/api/data/v1/get,2026-07-22T01:02:06+00:00
2026-03-02,13436.87049267,https://datacenter-web.eastmoney.com/api/data/v1/get,2026-07-22T01:02:06+00:00
2026-03-03,13338.64385539,https://datacenter-web.eastmoney.com/api/data/v1/get,2026-07-22T01:02:06+00:00
2026-03-04,13315.97450973,https://datacenter-web.eastmoney.com/api/data/v1/get,2026-07-22T01:02:06+00:00
2026-03-05,13344.00290251,https://datacenter-web.eastmoney.com/api/data/v1/get,2026-07-22T01:02:06+00:00
2026-03-06,13312.27236116,https://datacenter-web.eastmoney.com/api/data/v1/get,2026-07-22T01:02:06+00:00
2026-03-09,13332.76798688,https://datacenter-web.eastmoney.com/api/data/v1/get,2026-07-22T01:02:06+00:00
2026-03-10,13367.11949377,https://datacenter-web.eastmoney.com/api/data/v1/get,2026-07-22T01:02:06+00:00
2026-03-11,13359.79974200,https://datacenter-web.eastmoney.com/api/data/v1/get,2026-07-22T01:02:06+00:00
2026-03-12,13394.24529438,https://datacenter-web.eastmoney.com/api/data/v1/get,2026-07-22T01:02:06+00:00
2026-03-13,13351.65438835,https://datacenter-web.eastmoney.com/api/data/v1/get,2026-07-22T01:02:06+00:00
2026-03-16,13402.47410984,https://datacenter-web.eastmoney.com/api/data/v1/get,2026-07-22T01:02:06+00:00
2026-03-17,13363.56085559,https://datacenter-web.eastmoney.com/api/data/v1/get,2026-07-22T01:02:06+00:00
2026-03-18,13378.49683232,https://datacenter-web.eastmoney.com/api/data/v1/get,2026-07-22T01:02:06+00:00
2026-03-19,13368.09203768,https://datacenter-web.eastmoney.com/api/data/v1/get,2026-07-22T01:02:06+00:00
2026-03-20,13287.20086554,https://datacenter-web.eastmoney.com/api/data/v1/get,2026-07-22T01:02:06+00:00
2026-03-23,13237.94188127,https://datacenter-web.eastmoney.com/api/data/v1/get,2026-07-22T01:02:06+00:00
2026-03-24,13218.96000206,https://datacenter-web.eastmoney.com/api/data/v1/get,2026-07-22T01:02:06+00:00
2026-03-25,13217.58624861,https://datacenter-web.eastmoney.com/api/data/v1/get,2026-07-22T01:02:06+00:00
2026-03-26,13213.69177440,https://datacenter-web.eastmoney.com/api/data/v1/get,2026-07-22T01:02:06+00:00
2026-03-27,13156.93648745,https://datacenter-web.eastmoney.com/api/data/v1/get,2026-07-22T01:02:06+00:00
2026-03-30,13194.68230266,https://datacenter-web.eastmoney.com/api/data/v1/get,2026-07-22T01:02:06+00:00
2026-03-31,13166.14258911,https://datacenter-web.eastmoney.com/api/data/v1/get,2026-07-22T01:02:06+00:00
2026-04-01,13164.47409207,https://datacenter-web.eastmoney.com/api/data/v1/get,2026-07-22T01:02:06+00:00
2026-04-02,13111.04175276,https://datacenter-web.eastmoney.com/api/data/v1/get,2026-07-22T01:02:06+00:00
2026-04-03,13028.37239635,https://datacenter-web.eastmoney.com/api/data/v1/get,2026-07-22T01:02:06+00:00
2026-04-07,13034.37424328,https://datacenter-web.eastmoney.com/api/data/v1/get,2026-07-22T01:02:06+00:00
2026-04-08,13100.46005809,https://datacenter-web.eastmoney.com/api/data/v1/get,2026-07-22T01:02:06+00:00
2026-04-09,13129.93564374,https://datacenter-web.eastmoney.com/api/data/v1/get,2026-07-22T01:02:06+00:00
2026-04-10,13156.60195826,https://datacenter-web.eastmoney.com/api/data/v1/get,2026-07-22T01:02:06+00:00
2026-04-13,13235.53612731,https://datacenter-web.eastmoney.com/api/data/v1/get,2026-07-22T01:02:06+00:00
2026-04-14,13312.46622231,https://datacenter-web.eastmoney.com/api/data/v1/get,2026-07-22T01:02:06+00:00
2026-04-15,13359.74887351,https://datacenter-web.eastmoney.com/api/data/v1/get,2026-07-22T01:02:06+00:00
2026-04-16,13408.06749213,https://datacenter-web.eastmoney.com/api/data/v1/get,2026-07-22T01:02:06+00:00
2026-04-17,13414.25419759,https://datacenter-web.eastmoney.com/api/data/v1/get,2026-07-22T01:02:06+00:00
2026-04-20,13556.30173016,https://datacenter-web.eastmoney.com/api/data/v1/get,2026-07-22T01:02:06+00:00
2026-04-21,13589.06781144,https://datacenter-web.eastmoney.com/api/data/v1/get,2026-07-22T01:02:06+00:00
2026-04-22,13665.74275528,https://datacenter-web.eastmoney.com/api/data/v1/get,2026-07-22T01:02:06+00:00
2026-04-23,13676.12094993,https://datacenter-web.eastmoney.com/api/data/v1/get,2026-07-22T01:02:06+00:00
2026-04-24,13645.39928838,https://datacenter-web.eastmoney.com/api/data/v1/get,2026-07-22T01:02:06+00:00
2026-04-27,13738.66597092,https://datacenter-web.eastmoney.com/api/data/v1/get,2026-07-22T01:02:06+00:00
2026-04-28,13734.40361754,https://datacenter-web.eastmoney.com/api/data/v1/get,2026-07-22T01:02:06+00:00
2026-04-29,13784.54050849,https://datacenter-web.eastmoney.com/api/data/v1/get,2026-07-22T01:02:06+00:00
2026-04-30,13709.28661457,https://datacenter-web.eastmoney.com/api/data/v1/get,2026-07-22T01:02:06+00:00
2026-05-06,13935.27726696,https://datacenter-web.eastmoney.com/api/data/v1/get,2026-07-22T01:02:06+00:00
2026-05-07,14091.89855541,https://datacenter-web.eastmoney.com/api/data/v1/get,2026-07-22T01:02:06+00:00
2026-05-08,14166.87834289,https://datacenter-web.eastmoney.com/api/data/v1/get,2026-07-22T01:02:06+00:00
2026-05-11,14325.51019603,https://datacenter-web.eastmoney.com/api/data/v1/get,2026-07-22T01:02:06+00:00
2026-05-12,14407.56886236,https://datacenter-web.eastmoney.com/api/data/v1/get,2026-07-22T01:02:06+00:00
2026-05-13,14523.54118052,https://datacenter-web.eastmoney.com/api/data/v1/get,2026-07-22T01:02:06+00:00
2026-05-14,14562.19229613,https://datacenter-web.eastmoney.com/api/data/v1/get,2026-07-22T01:02:06+00:00
2026-05-15,14523.19161694,https://datacenter-web.eastmoney.com/api/data/v1/get,2026-07-22T01:02:06+00:00
2026-05-18,14622.77198387,https://datacenter-web.eastmoney.com/api/data/v1/get,2026-07-22T01:02:06+00:00
2026-05-19,14652.78698973,https://datacenter-web.eastmoney.com/api/data/v1/get,2026-07-22T01:02:06+00:00
2026-05-20,14703.02212115,https://datacenter-web.eastmoney.com/api/data/v1/get,2026-07-22T01:02:06+00:00
2026-05-21,14675.27516709,https://datacenter-web.eastmoney.com/api/data/v1/get,2026-07-22T01:02:06+00:00
2026-05-22,14688.01309416,https://datacenter-web.eastmoney.com/api/data/v1/get,2026-07-22T01:02:06+00:00
2026-05-25,14808.57012649,https://datacenter-web.eastmoney.com/api/data/v1/get,2026-07-22T01:02:06+00:00
2026-05-26,14846.78273574,https://datacenter-web.eastmoney.com/api/data/v1/get,2026-07-22T01:02:06+00:00
2026-05-27,14860.05873872,https://datacenter-web.eastmoney.com/api/data/v1/get,2026-07-22T01:02:06+00:00
2026-05-28,14895.52701297,https://datacenter-web.eastmoney.com/api/data/v1/get,2026-07-22T01:02:06+00:00
2026-05-29,14722.46436880,https://datacenter-web.eastmoney.com/api/data/v1/get,2026-07-22T01:02:06+00:00
2026-06-01,14681.89116504,https://datacenter-web.eastmoney.com/api/data/v1/get,2026-07-22T01:02:06+00:00
2026-06-02,14690.24532904,https://datacenter-web.eastmoney.com/api/data/v1/get,2026-07-22T01:02:06+00:00
2026-06-03,14742.44276164,https://datacenter-web.eastmoney.com/api/data/v1/get,2026-07-22T01:02:06+00:00
2026-06-04,14767.43330571,https://datacenter-web.eastmoney.com/api/data/v1/get,2026-07-22T01:02:06+00:00
2026-06-05,14654.46567832,https://datacenter-web.eastmoney.com/api/data/v1/get,2026-07-22T01:02:06+00:00
2026-06-08,14537.03702150,https://datacenter-web.eastmoney.com/api/data/v1/get,2026-07-22T01:02:06+00:00
2026-06-09,14522.22353096,https://datacenter-web.eastmoney.com/api/data/v1/get,2026-07-22T01:02:06+00:00
2026-06-10,14478.57826630,https://datacenter-web.eastmoney.com/api/data/v1/get,2026-07-22T01:02:06+00:00
2026-06-11,14482.46655510,https://datacenter-web.eastmoney.com/api/data/v1/get,2026-07-22T01:02:06+00:00
2026-06-12,14488.95770788,https://datacenter-web.eastmoney.com/api/data/v1/get,2026-07-22T01:02:06+00:00
2026-06-15,14617.67264864,https://datacenter-web.eastmoney.com/api/data/v1/get,2026-07-22T01:02:06+00:00
2026-06-16,14736.88751456,https://datacenter-web.eastmoney.com/api/data/v1/get,2026-07-22T01:02:06+00:00
2026-06-17,14882.11916696,https://datacenter-web.eastmoney.com/api/data/v1/get,2026-07-22T01:02:06+00:00
2026-06-18,14951.85799372,https://datacenter-web.eastmoney.com/api/data/v1/get,2026-07-22T01:02:06+00:00
2026-06-22,15055.58433764,https://datacenter-web.eastmoney.com/api/data/v1/get,2026-07-22T01:02:06+00:00
2026-06-23,15045.65483004,https://datacenter-web.eastmoney.com/api/data/v1/get,2026-07-22T01:02:06+00:00
2026-06-24,15102.74044181,https://datacenter-web.eastmoney.com/api/data/v1/get,2026-07-22T01:02:06+00:00
2026-06-25,15211.14083765,https://datacenter-web.eastmoney.com/api/data/v1/get,2026-07-22T01:02:06+00:00
2026-06-26,15130.64112108,https://datacenter-web.eastmoney.com/api/data/v1/get,2026-07-22T01:02:06+00:00
2026-06-29,15052.21517345,https://datacenter-web.eastmoney.com/api/data/v1/get,2026-07-22T01:02:06+00:00
2026-06-30,15169.08428874,https://datacenter-web.eastmoney.com/api/data/v1/get,2026-07-22T01:02:06+00:00
2026-07-01,15196.87927976,https://datacenter-web.eastmoney.com/api/data/v1/get,2026-07-22T01:02:06+00:00
2026-07-02,15149.64123028,https://datacenter-web.eastmoney.com/api/data/v1/get,2026-07-22T01:02:06+00:00
2026-07-03,15017.64189120,https://datacenter-web.eastmoney.com/api/data/v1/get,2026-07-22T01:02:06+00:00
2026-07-06,14941.16860023,https://datacenter-web.eastmoney.com/api/data/v1/get,2026-07-22T01:02:06+00:00
2026-07-07,14882.27749145,https://datacenter-web.eastmoney.com/api/data/v1/get,2026-07-22T01:02:06+00:00
2026-07-08,14804.49027515,https://datacenter-web.eastmoney.com/api/data/v1/get,2026-07-22T01:02:06+00:00
2026-07-09,14792.46671872,https://datacenter-web.eastmoney.com/api/data/v1/get,2026-07-22T01:02:06+00:00
2026-07-10,14712.71507002,https://datacenter-web.eastmoney.com/api/data/v1/get,2026-07-22T01:02:06+00:00
2026-07-13,14575.17049177,https://datacenter-web.eastmoney.com/api/data/v1/get,2026-07-22T01:02:06+00:00
2026-07-14,14520.14185914,https://datacenter-web.eastmoney.com/api/data/v1/get,2026-07-22T01:02:06+00:00
2026-07-15,14447.82928188,https://datacenter-web.eastmoney.com/api/data/v1/get,2026-07-22T01:02:06+00:00
2026-07-16,14308.21453142,https://datacenter-web.eastmoney.com/api/data/v1/get,2026-07-22T01:02:06+00:00
2026-07-17,13928.32663141,https://datacenter-web.eastmoney.com/api/data/v1/get,2026-07-22T01:02:06+00:00
2026-07-20,13627.46855721,https://datacenter-web.eastmoney.com/api/data/v1/get,2026-07-22T01:02:06+00:00
2026-07-21,13635.97390293,https://datacenter-web.eastmoney.com/api/data/v1/get,2026-07-22T01:02:06+00:00
2026-07-22,13632.30592667,https://datacenter-web.eastmoney.com/api/data/v1/get,2026-07-23T01:02:13+00:00
2026-07-23,13586.42831879,https://datacenter-web.eastmoney.com/api/data/v1/get,2026-07-24T01:01:52+00:00
2026-07-24,13506.44344774,https://datacenter-web.eastmoney.com/api/data/v1/get,2026-07-25T01:01:32+00:00
2026-07-27,13643.14690178,https://datacenter-web.eastmoney.com/api/data/v1/get,2026-07-28T01:04:18+00:00
2026-07-28,13490.11533515,https://datacenter-web.eastmoney.com/api/data/v1/get,2026-07-29T01:03:11+00:00
2026-07-29,13366.95445485,https://datacenter-web.eastmoney.com/api/data/v1/get,2026-07-30T01:02:34+00:00
2026-07-30,13222.12164988,https://datacenter-web.eastmoney.com/api/data/v1/get,2026-07-31T06:09:32+00:00
2026-07-31,13273.98268667,https://datacenter-web.eastmoney.com/api/data/v1/get,2026-08-03T01:04:02+00:00
2026-08-03,13232.58064454,https://datacenter-web.eastmoney.com/api/data/v1/get,2026-08-04T02:32:53+00:00
2026-08-04,13294.06737362,https://datacenter-web.eastmoney.com/api/data/v1/get,2026-08-08T05:42:35+00:00
2026-08-05,13353.88902023,https://datacenter-web.eastmoney.com/api/data/v1/get,2026-08-08T05:42:35+00:00
2026-08-06,13402.76883602,https://datacenter-web.eastmoney.com/api/data/v1/get,2026-08-08T05:42:35+00:00
2026-08-07,13446.17540893,https://datacenter-web.eastmoney.com/api/data/v1/get,2026-08-08T05:42:35+00:00
2026-08-10,13500.88413944,https://datacenter-web.eastmoney.com/api/data/v1/get,2026-08-11T01:04:14+00:00
2026-08-11,13504.23724690,https://datacenter-web.eastmoney.com/api/data/v1/get,2026-08-12T01:03:53+00:00
2026-08-12,13552.36713043,https://datacenter-web.eastmoney.com/api/data/v1/get,2026-08-13T01:02:53+00:00
2026-08-13,13563.08222032,https://datacenter-web.eastmoney.com/api/data/v1/get,2026-08-14T01:03:51+00:00
2026-08-14,13549.97636588,https://datacenter-web.eastmoney.com/api/data/v1/get,2026-08-20T06:14:55+00:00
2026-08-17,13648.49998987,https://datacenter-web.eastmoney.com/api/data/v1/get,2026-08-20T06:14:55+00:00
2026-08-18,13672.66660861,https://datacenter-web.eastmoney.com/api/data/v1/get,2026-08-20T06:14:55+00:00
2026-08-19,13536.55859899,https://datacenter-web.eastmoney.com/api/data/v1/get,2026-08-20T06:14:55+00:00
2026-08-20,13524.35512838,https://datacenter-web.eastmoney.com/api/data/v1/get,2026-08-21T01:18:39+00:00
2026-08-21,13488.16378445,https://datacenter-web.eastmoney.com/api/data/v1/get,2026-08-24T01:07:05+00:00
2026-08-24,13464.70663835,https://datacenter-web.eastmoney.com/api/data/v1/get,2026-08-25T01:04:24+00:00
2026-08-25,13465.73687742,https://datacenter-web.eastmoney.com/api/data/v1/get,2026-08-26T01:16:23+00:00
2026-08-26,13441.46434619,https://datacenter-web.eastmoney.com/api/data/v1/get,2026-08-27T01:03:22+00:00
2026-08-27,13490.74928033,https://datacenter-web.eastmoney.com/api/data/v1/get,2026-08-28T01:04:30+00:00
2026-08-28,13429.43855079,https://datacenter-web.eastmoney.com/api/data/v1/get,2026-08-31T01:04:17+00:00
2026-08-31,13475.24292617,https://datacenter-web.eastmoney.com/api/data/v1/get,2026-09-01T01:03:58+00:00
