date,chinext_close,c5_pct,top5_amount_yi,market_amount_yi,active_stock_count,top5_stock_count,denominator_source,numerator_scope
2013-01-04,705.34,38.182219,790.2395936,2069.65342208,2403,121,sh880008,sh_sz_active_a
2013-01-07,718.12,33.95633,616.75748528,1816.32548864,2394,120,sh880008,sh_sz_active_a
2013-01-08,733.14,30.98376,647.53405472,2089.914368,2389,120,sh880008,sh_sz_active_a
2013-01-09,734.51,31.470533,650.59199488,2067.3052672,2393,120,sh880008,sh_sz_active_a
2013-01-10,741.18,32.219438,604.26856608,1875.47828224,2384,120,sh880008,sh_sz_active_a
2013-01-11,731.59,30.822011,624.52041408,2026.21566976,2385,120,sh880008,sh_sz_active_a
2013-01-14,760.55,32.628461,789.70038944,2420.28085248,2391,120,sh880008,sh_sz_active_a
2013-01-15,778.6,30.28324,842.9349824,2783.50331904,2388,120,sh880008,sh_sz_active_a
2013-01-16,774.49,31.407991,799.26207488,2544.77303808,2388,120,sh880008,sh_sz_active_a
2013-01-17,768.31,32.434226,636.9465744,1963.8099968,2388,120,sh880008,sh_sz_active_a
2013-01-18,787.39,32.169127,653.3987568,2031.13611264,2393,120,sh880008,sh_sz_active_a
2013-01-21,792.6,33.015067,712.91487296,2159.36221184,2394,120,sh880008,sh_sz_active_a
2013-01-22,775.14,36.34221,855.04442816,2352.75845632,2400,120,sh880008,sh_sz_active_a
2013-01-23,778.48,34.575706,638.8928896,1847.80865536,2398,120,sh880008,sh_sz_active_a
2013-01-24,757.87,37.976523,939.4601216,2473.79181568,2398,120,sh880008,sh_sz_active_a
2013-01-25,762.85,36.758996,555.24672624,1510.5056768,2393,120,sh880008,sh_sz_active_a
2013-01-28,784.76,40.505295,837.2416032,2066.99298816,2389,120,sh880008,sh_sz_active_a
2013-01-29,791.67,40.581464,929.04851424,2289.3420544,2389,120,sh880008,sh_sz_active_a
2013-01-30,783.68,38.685239,874.18909152,2259.7484544,2394,120,sh880008,sh_sz_active_a
2013-01-31,776.01,37.609786,785.83239584,2089.4359552,2400,120,sh880008,sh_sz_active_a
2013-02-01,782.36,42.309265,937.9997168,2217.00784128,2400,120,sh880008,sh_sz_active_a
2013-02-04,771.9,42.484191,1111.61460128,2616.537088,2401,121,sh880008,sh_sz_active_a
2013-02-05,780.98,41.252046,894.21843968,2167.69478656,2405,121,sh880008,sh_sz_active_a
2013-02-06,791.26,39.502334,736.10150096,1863.43800832,2404,121,sh880008,sh_sz_active_a
2013-02-07,805.59,43.656964,825.4727136,1890.81567232,2404,121,sh880008,sh_sz_active_a
2013-02-08,823.03,37.63342,693.6249768,1843.1090688,2418,121,sh880008,sh_sz_active_a
2013-02-18,835.28,34.135876,673.43449344,1972.805632,2416,121,sh880008,sh_sz_active_a
2013-02-19,819.71,34.901734,698.11249216,2000.22294528,2411,121,sh880008,sh_sz_active_a
2013-02-20,850.86,33.607547,635.88268176,1892.08297472,2412,121,sh880008,sh_sz_active_a
2013-02-21,839.3,35.91036,858.94700736,2391.9198208,2413,121,sh880008,sh_sz_active_a
2013-02-22,838.76,35.768575,611.30713744,1709.06206208,2410,121,sh880008,sh_sz_active_a
2013-02-25,855.69,32.990898,516.30631264,1564.99623936,2407,121,sh880008,sh_sz_active_a
2013-02-26,851.22,35.898996,730.3982688,2034.59248128,2408,121,sh880008,sh_sz_active_a
2013-02-27,846.09,36.409387,617.29606368,1695.4310656,2408,121,sh880008,sh_sz_active_a
2013-02-28,861.1,38.409214,822.2362528,2140.72655872,2406,121,sh880008,sh_sz_active_a
2013-03-01,884.89,34.212563,750.7991216,2194.51293696,2402,121,sh880008,sh_sz_active_a
2013-03-04,863.5,36.911629,1005.49275136,2724.05413888,2394,120,sh880008,sh_sz_active_a
2013-03-05,888.1,38.807478,853.00741344,2198.04909568,2397,120,sh880008,sh_sz_active_a
2013-03-06,902.9,34.108357,854.46889728,2505.15996672,2397,120,sh880008,sh_sz_active_a
2013-03-07,877.34,34.358259,853.447112,2483.96496896,2396,120,sh880008,sh_sz_active_a
2013-03-08,864.7,35.036185,607.32722416,1733.42851072,2399,120,sh880008,sh_sz_active_a
2013-03-11,869.15,34.889954,500.35112528,1434.08365568,2401,121,sh880008,sh_sz_active_a
2013-03-12,839.84,33.009255,640.83094752,1941.36752128,2401,121,sh880008,sh_sz_active_a
2013-03-13,834.05,36.330938,528.69126448,1455.20951296,2400,120,sh880008,sh_sz_active_a
2013-03-14,842.04,37.241858,479.2009592,1286.72677888,2402,121,sh880008,sh_sz_active_a
2013-03-15,853.91,40.636499,738.6799168,1817.7744896,2401,121,sh880008,sh_sz_active_a
2013-03-18,852.12,40.08898,603.944016,1506.5088,2398,120,sh880008,sh_sz_active_a
2013-03-19,842.69,38.108748,539.8452048,1416.59127808,2405,121,sh880008,sh_sz_active_a
2013-03-20,866.27,41.173113,818.78666848,1988.6440448,2404,121,sh880008,sh_sz_active_a
2013-03-21,882.73,34.747355,680.51464048,1958.46455296,2405,121,sh880008,sh_sz_active_a
2013-03-22,882.0,33.932781,556.45426304,1639.87226624,2405,121,sh880008,sh_sz_active_a
2013-03-25,881.76,35.619332,577.1043056,1620.19966976,2392,120,sh880008,sh_sz_active_a
2013-03-26,876.36,36.594205,617.3255928,1686.9490688,2394,120,sh880008,sh_sz_active_a
2013-03-27,882.75,35.819936,570.73702496,1593.35022592,2396,120,sh880008,sh_sz_active_a
2013-03-28,867.51,40.106588,760.60451968,1896.4578304,2392,120,sh880008,sh_sz_active_a
2013-03-29,866.46,38.58604,517.6754984,1341.61342464,2389,120,sh880008,sh_sz_active_a
2013-04-01,877.0,35.289275,462.2448688,1309.87352064,2397,120,sh880008,sh_sz_active_a
2013-04-02,845.16,35.672359,547.17722432,1533.89694976,2392,120,sh880008,sh_sz_active_a
2013-04-03,835.14,35.095743,471.50585584,1343.48447744,2392,120,sh880008,sh_sz_active_a
2013-04-08,853.48,38.024427,548.53175024,1442.57728512,2387,120,sh880008,sh_sz_active_a
2013-04-09,861.99,37.683848,522.59204752,1386.77993472,2391,120,sh880008,sh_sz_active_a
2013-04-10,850.53,38.688844,529.36887536,1368.27265024,2390,120,sh880008,sh_sz_active_a
2013-04-11,847.78,37.233264,440.46956928,1183.0001664,2391,120,sh880008,sh_sz_active_a
2013-04-12,846.61,38.857681,428.79823616,1103.50958592,2391,120,sh880008,sh_sz_active_a
2013-04-15,836.34,37.500855,413.33731088,1102.20771328,2391,120,sh880008,sh_sz_active_a
2013-04-16,846.05,40.858564,494.9588512,1211.39560448,2394,120,sh880008,sh_sz_active_a
2013-04-17,867.51,40.926057,483.80457184,1182.14311936,2389,120,sh880008,sh_sz_active_a
2013-04-18,873.48,40.723377,506.48761856,1243.72697088,2385,120,sh880008,sh_sz_active_a
2013-04-19,892.21,39.153444,708.5123304,1809.57855744,2386,120,sh880008,sh_sz_active_a
2013-04-22,916.02,36.115125,617.3590176,1709.41956096,2386,120,sh880008,sh_sz_active_a
2013-04-23,893.79,37.210057,630.1311128,1693.44303104,2385,120,sh880008,sh_sz_active_a
2013-04-24,923.41,37.824279,641.32108032,1695.52756736,2384,120,sh880008,sh_sz_active_a
2013-04-25,903.63,36.485158,669.48261088,1834.94508544,2386,120,sh880008,sh_sz_active_a
2013-04-26,889.38,35.631679,492.64745744,1382.61086208,2380,119,sh880008,sh_sz_active_a
2013-05-02,913.65,39.419318,473.43018736,1201.01060608,2379,119,sh880008,sh_sz_active_a
2013-05-03,939.21,37.918473,607.10907616,1601.09051904,2394,120,sh880008,sh_sz_active_a
2013-05-06,958.02,34.867157,611.21589104,1752.98461696,2392,120,sh880008,sh_sz_active_a
2013-05-07,957.44,35.749775,591.88167536,1655.62351616,2395,120,sh880008,sh_sz_active_a
2013-05-08,980.08,35.126486,614.46330368,1749.2877312,2391,120,sh880008,sh_sz_active_a
2013-05-09,992.16,35.018448,697.78584032,1992.62355456,2395,120,sh880008,sh_sz_active_a
2013-05-10,988.3,31.561781,564.38840048,1788.20202496,2395,120,sh880008,sh_sz_active_a
2013-05-13,995.11,32.689051,551.39900736,1686.80030208,2385,120,sh880008,sh_sz_active_a
2013-05-14,976.33,34.142517,556.25997056,1629.22954752,2388,120,sh880008,sh_sz_active_a
2013-05-15,1012.66,33.631149,517.1910288,1537.8333696,2389,120,sh880008,sh_sz_active_a
2013-05-16,1009.53,33.909049,755.13017952,2226.92818944,2386,120,sh880008,sh_sz_active_a
2013-05-17,1023.4,30.983166,713.95900192,2304.3448832,2383,120,sh880008,sh_sz_active_a
2013-05-20,1051.65,30.315242,828.85022816,2734.10392064,2376,119,sh880008,sh_sz_active_a
2013-05-21,1073.58,29.595829,752.37927776,2542.18010624,2382,120,sh880008,sh_sz_active_a
2013-05-22,1039.81,28.796021,723.62632448,2512.9385984,2384,120,sh880008,sh_sz_active_a
2013-05-23,1042.9,31.840502,737.72687264,2316.94483456,2385,120,sh880008,sh_sz_active_a
2013-05-24,1073.78,30.389596,604.4503776,1989.00432896,2381,120,sh880008,sh_sz_active_a
2013-05-27,1089.72,29.642422,655.73396672,2212.14703616,2375,119,sh880008,sh_sz_active_a
2013-05-28,1059.0,31.75395,781.87383872,2462.28844544,2375,119,sh880008,sh_sz_active_a
2013-05-29,1065.96,31.007811,716.5781296,2310.96008704,2378,119,sh880008,sh_sz_active_a
2013-05-30,1073.87,30.137918,655.73078272,2175.76669184,2379,119,sh880008,sh_sz_active_a
2013-05-31,1073.02,28.123458,606.4072816,2156.23303168,2378,119,sh880008,sh_sz_active_a
2013-06-03,1052.14,29.558782,586.5514176,1984.35586048,2375,119,sh880008,sh_sz_active_a
2013-06-04,1022.46,29.941992,587.63302016,1962.57153024,2380,119,sh880008,sh_sz_active_a
2013-06-05,1032.76,31.814932,474.69388096,1492.0474624,2379,119,sh880008,sh_sz_active_a
2013-06-06,1022.13,33.586069,532.05678528,1584.1591296,2381,120,sh880008,sh_sz_active_a
2013-06-07,1030.14,34.15066,578.75974016,1694.7249152,2374,119,sh880008,sh_sz_active_a
2013-06-13,1029.28,35.088657,561.52469776,1600.30261248,2364,119,sh880008,sh_sz_active_a
2013-06-14,1068.15,35.275753,537.55255664,1523.85847296,2369,119,sh880008,sh_sz_active_a
2013-06-17,1073.69,34.133572,548.01128608,1605.49060608,2360,118,sh880008,sh_sz_active_a
2013-06-18,1072.93,35.388745,501.42849696,1416.91518976,2362,119,sh880008,sh_sz_active_a
2013-06-19,1067.63,34.451697,502.01489152,1457.15576832,2364,119,sh880008,sh_sz_active_a
2013-06-20,1029.53,34.860208,505.26947648,1449.41613056,2358,118,sh880008,sh_sz_active_a
2013-06-21,1025.5,36.421966,513.63552656,1410.2355968,2362,119,sh880008,sh_sz_active_a
2013-06-24,971.45,37.569605,660.84073056,1758.97706496,2361,119,sh880008,sh_sz_active_a
2013-06-25,984.75,37.463459,783.80014496,2092.17241088,2361,119,sh880008,sh_sz_active_a
2013-06-26,1038.98,36.740304,656.16756416,1785.96118528,2360,118,sh880008,sh_sz_active_a
2013-06-27,1022.5,35.060273,650.42145984,1855.15229184,2364,119,sh880008,sh_sz_active_a
2013-06-28,1011.66,38.61828,608.87037104,1576.63772672,2368,119,sh880008,sh_sz_active_a
2013-07-01,1055.84,37.199846,520.06470992,1398.02918912,2371,119,sh880008,sh_sz_active_a
2013-07-02,1083.25,35.65782,607.12962944,1702.65493504,2371,119,sh880008,sh_sz_active_a
2013-07-03,1104.58,35.423326,623.22532384,1759.36421888,2374,119,sh880008,sh_sz_active_a
2013-07-04,1087.9,33.675164,628.24833536,1865.613312,2367,119,sh880008,sh_sz_active_a
2013-07-05,1057.27,35.338276,590.65060656,1671.41883904,2367,119,sh880008,sh_sz_active_a
2013-07-08,1030.6,34.338204,506.0742336,1473.79355648,2362,119,sh880008,sh_sz_active_a
2013-07-09,1050.72,37.381835,429.0081112,1147.63792384,2361,119,sh880008,sh_sz_active_a
2013-07-10,1068.86,36.61526,571.27541632,1560.21129216,2363,119,sh880008,sh_sz_active_a
2013-07-11,1080.78,39.42368,986.26498752,2501.70703872,2367,119,sh880008,sh_sz_active_a
2013-07-12,1096.3,37.735743,806.53364672,2137.32016128,2366,119,sh880008,sh_sz_active_a
2013-07-15,1139.57,36.152361,722.40063488,1998.2114816,2361,119,sh880008,sh_sz_active_a
2013-07-16,1143.2,32.40481,631.5799904,1949.0316288,2360,118,sh880008,sh_sz_active_a
2013-07-17,1129.48,32.432815,646.00384608,1991.8217216,2361,119,sh880008,sh_sz_active_a
2013-07-18,1127.97,33.366811,587.22370224,1759.90358016,2357,118,sh880008,sh_sz_active_a
2013-07-19,1116.01,35.153496,724.81755744,2061.86479616,2363,119,sh880008,sh_sz_active_a
2013-07-22,1153.77,35.214119,576.95234544,1638.41196032,2353,118,sh880008,sh_sz_active_a
2013-07-23,1178.59,33.262507,719.67623456,2163.625984,2354,118,sh880008,sh_sz_active_a
2013-07-24,1203.31,34.202991,769.83486176,2250.7823104,2354,118,sh880008,sh_sz_active_a
2013-07-25,1150.39,33.323393,697.35563648,2092.69096448,2357,118,sh880008,sh_sz_active_a
2013-07-26,1158.35,33.450412,531.12004736,1587.7832704,2355,118,sh880008,sh_sz_active_a
2013-07-29,1136.98,35.163992,551.4536384,1568.2338816,2354,118,sh880008,sh_sz_active_a
2013-07-30,1124.1,35.093519,543.82389808,1549.64197376,2356,118,sh880008,sh_sz_active_a
2013-07-31,1134.02,34.654077,491.82232928,1419.2336896,2359,118,sh880008,sh_sz_active_a
2013-08-01,1190.11,32.038542,590.04643264,1841.67694336,2358,118,sh880008,sh_sz_active_a
2013-08-02,1188.85,29.398024,575.42452608,1957.35781376,2364,119,sh880008,sh_sz_active_a
2013-08-05,1202.83,28.145122,490.39762976,1742.38941184,2358,118,sh880008,sh_sz_active_a
2013-08-06,1211.78,30.165322,628.64800224,2084.00891904,2356,118,sh880008,sh_sz_active_a
2013-08-07,1175.7,30.021443,633.29573792,2109.47801088,2349,118,sh880008,sh_sz_active_a
2013-08-08,1185.96,30.738302,520.5355808,1693.4428672,2347,118,sh880008,sh_sz_active_a
2013-08-09,1172.52,31.356403,591.7575384,1887.1984128,2352,118,sh880008,sh_sz_active_a
2013-08-12,1161.87,34.253708,818.17524448,2388.574208,2347,118,sh880008,sh_sz_active_a
2013-08-13,1172.33,32.700326,655.00688576,2003.05917952,2346,118,sh880008,sh_sz_active_a
2013-08-14,1180.66,31.522896,656.89657792,2083.87129344,2349,118,sh880008,sh_sz_active_a
2013-08-15,1167.09,31.211552,582.2599624,1865.52713216,2347,118,sh880008,sh_sz_active_a
2013-08-16,1132.09,37.375723,913.47899936,2444.04371456,2348,118,sh880008,sh_sz_active_a
2013-08-19,1171.4,36.649993,636.94275472,1737.90691328,2345,118,sh880008,sh_sz_active_a
2013-08-20,1175.78,34.065366,651.6284608,1912.87672832,2353,118,sh880008,sh_sz_active_a
2013-08-21,1181.34,32.539051,545.43439648,1676.24556544,2356,118,sh880008,sh_sz_active_a
2013-08-22,1197.13,32.617815,584.17211632,1790.96027136,2353,118,sh880008,sh_sz_active_a
2013-08-23,1219.83,33.245501,723.04217312,2174.857216,2356,118,sh880008,sh_sz_active_a
2013-08-26,1238.17,31.312911,659.55191136,2106.32572928,2358,118,sh880008,sh_sz_active_a
2013-08-27,1250.75,31.034494,663.62739168,2138.35415552,2355,118,sh880008,sh_sz_active_a
2013-08-28,1228.0,32.017739,831.64130528,2597.43924224,2353,118,sh880008,sh_sz_active_a
2013-08-29,1226.3,31.755547,662.79877728,2087.190528,2355,118,sh880008,sh_sz_active_a
2013-08-30,1185.15,31.132417,799.67938944,2568.63895552,2359,118,sh880008,sh_sz_active_a
2013-09-02,1210.19,36.630534,790.72513568,2158.65032704,2354,118,sh880008,sh_sz_active_a
2013-09-03,1234.59,33.98079,731.25297472,2151.95992064,2360,118,sh880008,sh_sz_active_a
2013-09-04,1236.35,35.730221,792.88872256,2219.09827584,2361,119,sh880008,sh_sz_active_a
2013-09-05,1267.26,34.075316,725.85396832,2130.14593536,2364,119,sh880008,sh_sz_active_a
2013-09-06,1282.75,35.286051,784.68293024,2223.7765632,2363,119,sh880008,sh_sz_active_a
2013-09-09,1275.91,40.045985,1241.55815744,3100.3312128,2358,118,sh880008,sh_sz_active_a
2013-09-10,1263.59,38.414379,1247.28572288,3246.92410368,2358,118,sh880008,sh_sz_active_a
2013-09-11,1220.71,36.280755,1244.86390944,3431.1962624,2357,118,sh880008,sh_sz_active_a
2013-09-12,1220.63,41.600074,1154.66446944,2775.63080704,2354,118,sh880008,sh_sz_active_a
2013-09-13,1253.45,38.638117,947.50004416,2452.24177664,2352,118,sh880008,sh_sz_active_a
2013-09-16,1278.8,40.790089,984.38092544,2413.2845568,2352,118,sh880008,sh_sz_active_a
2013-09-17,1269.36,40.054651,949.40719456,2370.27950592,2354,118,sh880008,sh_sz_active_a
2013-09-18,1289.64,39.727288,760.89359712,1915.2920576,2354,118,sh880008,sh_sz_active_a
2013-09-23,1326.09,37.319401,879.82156064,2357.54471424,2351,118,sh880008,sh_sz_active_a
2013-09-24,1328.4,38.897782,1058.33033344,2720.79863808,2355,118,sh880008,sh_sz_active_a
2013-09-25,1323.04,38.22551,1036.51384896,2711.57624832,2351,118,sh880008,sh_sz_active_a
2013-09-26,1306.34,36.984071,890.38897216,2407.49314048,2352,118,sh880008,sh_sz_active_a
2013-09-27,1323.76,39.134173,756.83136464,1933.93983488,2358,118,sh880008,sh_sz_active_a
2013-09-30,1367.91,39.522125,705.7333792,1785.66660096,2363,119,sh880008,sh_sz_active_a
2013-10-08,1387.66,39.416512,932.43064448,2365.58385152,2365,119,sh880008,sh_sz_active_a
2013-10-09,1415.83,35.396082,866.69782464,2448.5699584,2361,119,sh880008,sh_sz_active_a
2013-10-10,1378.15,37.015626,1030.63405696,2784.321536,2364,119,sh880008,sh_sz_active_a
2013-10-11,1379.9,35.497908,985.7508032,2776.92645376,2365,119,sh880008,sh_sz_active_a
2013-10-14,1393.6,32.834589,981.7502416,2989.98792192,2358,118,sh880008,sh_sz_active_a
2013-10-15,1389.75,31.695264,902.27240576,2846.71049728,2356,118,sh880008,sh_sz_active_a
2013-10-16,1335.1,33.156957,914.03265376,2756.68434944,2353,118,sh880008,sh_sz_active_a
2013-10-17,1322.99,33.728565,792.2403824,2348.87069696,2355,118,sh880008,sh_sz_active_a
2013-10-18,1349.94,35.224165,680.25603424,1931.2197632,2359,118,sh880008,sh_sz_active_a
2013-10-21,1400.97,33.244554,868.39455936,2612.14076928,2355,118,sh880008,sh_sz_active_a
2013-10-22,1350.47,33.705557,987.85309888,2930.83152384,2355,118,sh880008,sh_sz_active_a
2013-10-23,1311.23,32.819981,861.33836416,2624.43286528,2359,118,sh880008,sh_sz_active_a
2013-10-24,1295.93,33.652035,620.29585984,1843.26406144,2363,119,sh880008,sh_sz_active_a
2013-10-25,1269.17,35.974781,747.50376736,2077.8549248,2349,118,sh880008,sh_sz_active_a
2013-10-28,1279.05,35.513726,595.42042848,1676.59241472,2353,118,sh880008,sh_sz_active_a
2013-10-29,1261.68,36.727971,895.01441504,2436.87407616,2356,118,sh880008,sh_sz_active_a
2013-10-30,1273.29,39.259019,755.78154944,1925.11574016,2359,118,sh880008,sh_sz_active_a
2013-10-31,1235.56,38.124804,698.87656384,1833.12826368,2350,118,sh880008,sh_sz_active_a
2013-11-01,1221.96,38.459815,597.00872944,1552.2922496,2351,118,sh880008,sh_sz_active_a
2013-11-04,1222.46,36.511519,504.79176496,1382.5548288,2345,118,sh880008,sh_sz_active_a
2013-11-05,1260.03,35.981912,589.84788512,1639.28997888,2350,118,sh880008,sh_sz_active_a
2013-11-06,1241.79,34.936709,646.91342944,1851.67249408,2351,118,sh880008,sh_sz_active_a
2013-11-07,1224.05,35.644176,531.5400032,1491.23940352,2352,118,sh880008,sh_sz_active_a
2013-11-08,1211.11,36.840273,530.73505648,1440.63823872,2357,118,sh880008,sh_sz_active_a
2013-11-11,1212.69,37.129981,463.37663104,1247.98509056,2350,118,sh880008,sh_sz_active_a
2013-11-12,1228.35,37.717511,541.91981056,1436.78570496,2357,118,sh880008,sh_sz_active_a
2013-11-13,1212.08,36.522508,542.67616608,1485.86774528,2355,118,sh880008,sh_sz_active_a
2013-11-14,1249.67,36.979393,580.294228,1569.23674624,2351,118,sh880008,sh_sz_active_a
2013-11-15,1269.05,35.593076,813.97549472,2286.89281024,2351,118,sh880008,sh_sz_active_a
2013-11-18,1291.15,37.527834,1006.74092192,2682.65127936,2344,118,sh880008,sh_sz_active_a
2013-11-19,1298.17,35.588053,821.44012672,2308.19069952,2346,118,sh880008,sh_sz_active_a
2013-11-20,1299.26,34.730236,734.31361568,2114.33521152,2345,118,sh880008,sh_sz_active_a
2013-11-21,1298.95,36.557332,872.67161536,2387.1315968,2343,118,sh880008,sh_sz_active_a
2013-11-22,1295.07,37.364731,773.5294368,2070.21277184,2338,117,sh880008,sh_sz_active_a
2013-11-25,1293.8,36.216202,717.28336992,1980.55936,2338,117,sh880008,sh_sz_active_a
2013-11-26,1291.85,33.085769,612.77158688,1852.06996992,2340,117,sh880008,sh_sz_active_a
2013-11-27,1329.48,34.998258,771.79031072,2205.22496,2339,117,sh880008,sh_sz_active_a
2013-11-28,1336.66,31.647443,788.09567968,2490.23496192,2336,117,sh880008,sh_sz_active_a
2013-11-29,1366.83,29.575863,673.00448608,2275.51936512,2337,117,sh880008,sh_sz_active_a
2013-12-02,1253.93,35.246738,1071.28662432,3039.39223552,2337,117,sh880008,sh_sz_active_a
2013-12-03,1255.33,33.794204,716.34211168,2119.71883008,2342,118,sh880008,sh_sz_active_a
2013-12-04,1240.29,32.157929,861.4743968,2678.8864,2343,118,sh880008,sh_sz_active_a
2013-12-05,1202.07,33.674789,744.20203904,2209.96796416,2343,118,sh880008,sh_sz_active_a
2013-12-06,1206.78,34.773359,651.36485568,1873.1720704,2344,118,sh880008,sh_sz_active_a
2013-12-09,1241.72,33.035713,596.91032096,1806.86372864,2339,117,sh880008,sh_sz_active_a
2013-12-10,1231.92,31.941918,628.65715584,1968.12587008,2343,118,sh880008,sh_sz_active_a
2013-12-11,1244.51,34.031007,640.48511536,1882.06333952,2347,118,sh880008,sh_sz_active_a
2013-12-12,1279.32,32.520751,544.35398384,1673.86660864,2342,118,sh880008,sh_sz_active_a
2013-12-13,1278.14,31.671559,517.23147824,1633.11026176,2343,118,sh880008,sh_sz_active_a
2013-12-16,1279.96,32.324681,604.3976912,1869.7715712,2343,118,sh880008,sh_sz_active_a
2013-12-17,1267.67,33.602587,501.98205056,1493.8791936,2342,118,sh880008,sh_sz_active_a
2013-12-18,1256.0,33.199738,426.9726464,1286.07232,2337,117,sh880008,sh_sz_active_a
2013-12-19,1256.08,34.700473,479.02596368,1380.45947904,2339,117,sh880008,sh_sz_active_a
2013-12-20,1253.71,36.561352,550.21827216,1504.91774976,2344,118,sh880008,sh_sz_active_a
2013-12-23,1242.81,34.212873,443.69350128,1296.86126592,2341,118,sh880008,sh_sz_active_a
2013-12-24,1258.82,33.773579,468.6189792,1387.53130496,2347,118,sh880008,sh_sz_active_a
2013-12-25,1288.34,32.046397,463.24391568,1445.54131456,2347,118,sh880008,sh_sz_active_a
2013-12-26,1269.54,31.184605,501.03954608,1606.688768,2350,118,sh880008,sh_sz_active_a
2013-12-27,1294.3,31.14112,497.55479184,1597.74212096,2349,118,sh880008,sh_sz_active_a
2013-12-30,1307.99,30.161488,478.47961616,1586.39259648,2350,118,sh880008,sh_sz_active_a
2013-12-31,1304.44,33.306949,537.695732,1614.36499968,2349,118,sh880008,sh_sz_active_a
2014-01-02,1333.0,30.319865,478.20928912,1577.21444352,2351,118,sh880008,sh_sz_active_a
2014-01-03,1352.84,30.949325,565.31146976,1826.57122304,2342,118,sh880008,sh_sz_active_a
2014-01-06,1323.33,31.355271,558.51113072,1781.23522048,2343,118,sh880008,sh_sz_active_a
2014-01-07,1352.28,31.081789,432.80879152,1392.4835328,2348,118,sh880008,sh_sz_active_a
2014-01-08,1405.02,31.611132,548.8844872,1736.36452352,2344,118,sh880008,sh_sz_active_a
2014-01-09,1380.24,33.013593,593.566712,1797.94640896,2345,118,sh880008,sh_sz_active_a
2014-01-10,1353.3,31.491025,462.5009712,1468.67552256,2340,117,sh880008,sh_sz_active_a
2014-01-13,1362.79,33.415189,450.18845904,1347.25697536,2339,117,sh880008,sh_sz_active_a
2014-01-14,1400.92,32.539834,470.38319216,1445.5611392,2339,117,sh880008,sh_sz_active_a
2014-01-15,1415.32,31.491859,483.46920688,1535.21963008,2340,117,sh880008,sh_sz_active_a
2014-01-16,1395.16,31.282077,502.92374176,1607.70572288,2335,117,sh880008,sh_sz_active_a
2014-01-17,1395.51,32.925447,472.0301656,1433.63325952,2339,117,sh880008,sh_sz_active_a
2014-01-20,1372.74,32.368102,435.1315456,1344.32210944,2342,118,sh880008,sh_sz_active_a
2014-01-21,1407.15,34.007783,500.4829664,1471.67182848,2355,118,sh880008,sh_sz_active_a
2014-01-22,1431.74,31.781822,676.07414816,2127.23531776,2359,118,sh880008,sh_sz_active_a
2014-01-23,1461.53,31.488448,659.10726368,2093.17167104,2369,119,sh880008,sh_sz_active_a
2014-01-24,1484.43,28.578097,641.37550816,2244.29047808,2372,119,sh880008,sh_sz_active_a
2014-01-27,1477.67,31.384093,681.85903328,2172.62620672,2378,119,sh880008,sh_sz_active_a
2014-01-28,1471.34,31.56048,552.48414176,1750.55683584,2388,120,sh880008,sh_sz_active_a
2014-01-29,1496.53,32.885202,587.52298208,1786.58770944,2391,120,sh880008,sh_sz_active_a
2014-01-30,1495.98,33.562795,525.27654304,1565.05604096,2396,120,sh880008,sh_sz_active_a
2014-02-07,1532.69,31.48173,566.59159424,1799.74733824,2393,120,sh880008,sh_sz_active_a
2014-02-10,1553.42,26.752239,768.52160256,2872.73746432,2386,120,sh880008,sh_sz_active_a
2014-02-11,1527.15,28.096648,860.63024448,3063.10643712,2384,120,sh880008,sh_sz_active_a
2014-02-12,1539.97,26.170776,726.81035808,2777.1830272,2387,120,sh880008,sh_sz_active_a
2014-02-13,1485.13,28.514694,854.67946784,2997.32992,2379,119,sh880008,sh_sz_active_a
2014-02-14,1515.78,27.129445,660.30441088,2433.90316544,2372,119,sh880008,sh_sz_active_a
2014-02-17,1558.62,25.540103,785.50818496,3075.58744064,2369,119,sh880008,sh_sz_active_a
2014-02-18,1545.34,26.472609,835.54158272,3156.24947712,2369,119,sh880008,sh_sz_active_a
2014-02-19,1544.4,27.116801,818.54899904,3018.604544,2374,119,sh880008,sh_sz_active_a
2014-02-20,1515.16,27.197907,803.22907712,2953.27531008,2366,119,sh880008,sh_sz_active_a
2014-02-21,1519.67,27.64372,637.17332928,2304.9478144,2372,119,sh880008,sh_sz_active_a
2014-02-24,1540.03,28.238346,717.1332096,2539.57226496,2373,119,sh880008,sh_sz_active_a
2014-02-25,1472.69,27.187482,897.88946304,3302.58415616,2374,119,sh880008,sh_sz_active_a
2014-02-26,1465.99,29.398201,695.0964896,2364.4184576,2368,119,sh880008,sh_sz_active_a
2014-02-27,1414.66,30.069059,815.76297696,2712.96479232,2373,119,sh880008,sh_sz_active_a
2014-02-28,1434.89,30.364904,691.56209056,2277.5046144,2379,119,sh880008,sh_sz_active_a
2014-03-03,1465.14,28.706429,686.75150368,2392.32647168,2376,119,sh880008,sh_sz_active_a
2014-03-04,1460.45,30.212825,722.68911584,2391.99453184,2382,120,sh880008,sh_sz_active_a
2014-03-05,1464.58,27.622448,601.94245376,2179.178496,2384,120,sh880008,sh_sz_active_a
2014-03-06,1462.53,29.375741,644.62728224,2194.4205312,2375,119,sh880008,sh_sz_active_a
2014-03-07,1460.61,29.487146,631.64493504,2142.10265088,2376,119,sh880008,sh_sz_active_a
2014-03-10,1407.07,28.321964,614.68657088,2170.35292672,2379,119,sh880008,sh_sz_active_a
2014-03-11,1395.81,30.218457,543.44044192,1798.3725568,2376,119,sh880008,sh_sz_active_a
2014-03-12,1399.27,32.292849,596.40869168,1846.87542272,2373,119,sh880008,sh_sz_active_a
2014-03-13,1436.86,31.911414,547.20158128,1714.7518976,2368,119,sh880008,sh_sz_active_a
2014-03-14,1434.02,31.52729,502.7493064,1594.64800256,2367,119,sh880008,sh_sz_active_a
2014-03-17,1477.42,28.021914,484.9136224,1730.48004608,2366,119,sh880008,sh_sz_active_a
2014-03-18,1485.64,27.71005,555.19774176,2003.59706624,2368,119,sh880008,sh_sz_active_a
2014-03-19,1466.22,28.578878,545.06699872,1907.23719168,2366,119,sh880008,sh_sz_active_a
2014-03-20,1417.66,28.090529,581.4773472,2070.01206784,2369,119,sh880008,sh_sz_active_a
2014-03-21,1419.84,31.704923,714.02509888,2252.09532416,2366,119,sh880008,sh_sz_active_a
2014-03-24,1397.29,31.537755,707.84270784,2244.42957824,2352,118,sh880008,sh_sz_active_a
2014-03-25,1394.82,29.441627,604.14793184,2052.01948672,2355,118,sh880008,sh_sz_active_a
2014-03-26,1417.61,29.410378,518.94808848,1764.50666496,2354,118,sh880008,sh_sz_active_a
2014-03-27,1367.96,31.133335,623.9378336,2004.08285184,2351,118,sh880008,sh_sz_active_a
2014-03-28,1330.5,29.357074,594.58342304,2025.34977536,2353,118,sh880008,sh_sz_active_a
2014-03-31,1327.8,30.378094,448.56441552,1476.60488704,2340,117,sh880008,sh_sz_active_a
2014-04-01,1355.05,31.224201,430.13158736,1377.55836416,2340,117,sh880008,sh_sz_active_a
2014-04-02,1327.98,32.540953,532.41825984,1636.14834688,2338,117,sh880008,sh_sz_active_a
2014-04-03,1326.18,32.930664,542.31893072,1646.8508672,2343,118,sh880008,sh_sz_active_a
2014-04-04,1346.74,31.480787,454.24227504,1442.91905536,2347,118,sh880008,sh_sz_active_a
2014-04-08,1351.18,36.082534,728.64249728,2019.37731584,2341,118,sh880008,sh_sz_active_a
2014-04-09,1370.46,30.201729,567.37445632,1878.61581824,2339,117,sh880008,sh_sz_active_a
2014-04-10,1381.14,35.784127,895.5656208,2502.6895872,2336,117,sh880008,sh_sz_active_a
2014-04-11,1363.9,36.762742,774.81043072,2107.59696384,2329,117,sh880008,sh_sz_active_a
2014-04-14,1372.73,31.537769,562.20023136,1782.62523904,2325,117,sh880008,sh_sz_active_a
2014-04-15,1369.89,31.601514,594.24809024,1880.44181504,2322,117,sh880008,sh_sz_active_a
2014-04-16,1359.3,31.621228,498.84420384,1577.56112896,2319,116,sh880008,sh_sz_active_a
2014-04-17,1367.59,30.768908,483.07479632,1570.00957952,2322,117,sh880008,sh_sz_active_a
2014-04-18,1377.42,31.042518,461.12843968,1485.47371008,2324,117,sh880008,sh_sz_active_a
2014-04-21,1363.85,29.223386,507.65121376,1737.14030592,2317,116,sh880008,sh_sz_active_a
2014-04-22,1336.19,31.089498,540.24383632,1737.70522624,2319,116,sh880008,sh_sz_active_a
2014-04-23,1326.44,32.489371,452.02757984,1391.30912768,2325,117,sh880008,sh_sz_active_a
2014-04-24,1319.51,31.424296,442.8980512,1409.41279232,2323,117,sh880008,sh_sz_active_a
2014-04-25,1291.9,32.596067,504.95796176,1549.13767424,2319,116,sh880008,sh_sz_active_a
2014-04-28,1257.26,29.86694,449.45932736,1504.87236608,2305,116,sh880008,sh_sz_active_a
2014-04-29,1266.54,32.241038,390.6255992,1211.57885952,2311,116,sh880008,sh_sz_active_a
2014-04-30,1283.21,33.129784,389.75439776,1176.44713984,2315,116,sh880008,sh_sz_active_a
2014-05-05,1302.15,32.531279,405.1057864,1245.28082944,2308,116,sh880008,sh_sz_active_a
2014-05-06,1316.86,30.709521,420.54949248,1369.44336896,2310,116,sh880008,sh_sz_active_a
2014-05-07,1290.03,31.098253,408.8789408,1314.7971584,2315,116,sh880008,sh_sz_active_a
2014-05-08,1279.84,32.168671,415.34130416,1291.13604096,2309,116,sh880008,sh_sz_active_a
2014-05-09,1258.58,31.070759,391.92545136,1261.39645952,2307,116,sh880008,sh_sz_active_a
2014-05-12,1278.28,33.189415,574.8128304,1731.91610368,2305,116,sh880008,sh_sz_active_a
2014-05-13,1276.24,34.309727,520.44048944,1516.88904704,2309,116,sh880008,sh_sz_active_a
2014-05-14,1278.66,32.970142,408.54856992,1239.14715136,2313,116,sh880008,sh_sz_active_a
2014-05-15,1253.88,29.996132,405.04587408,1350.32700928,2315,116,sh880008,sh_sz_active_a
2014-05-16,1226.47,30.523311,359.47779712,1177.71558912,2313,116,sh880008,sh_sz_active_a
2014-05-19,1228.37,35.02269,389.4564752,1112.01189888,2312,116,sh880008,sh_sz_active_a
2014-05-20,1244.65,31.49457,370.399704,1176.07481344,2316,116,sh880008,sh_sz_active_a
2014-05-21,1257.8,31.073946,346.03444656,1113.58386176,2312,116,sh880008,sh_sz_active_a
2014-05-22,1269.51,29.805638,419.82775296,1408.55148544,2317,116,sh880008,sh_sz_active_a
2014-05-23,1296.0,32.000054,403.94552528,1262.32764416,2315,116,sh880008,sh_sz_active_a
2014-05-26,1320.76,30.064029,458.37086352,1524.64883712,2309,116,sh880008,sh_sz_active_a
2014-05-27,1306.28,31.482864,432.77847872,1374.64774656,2312,116,sh880008,sh_sz_active_a
2014-05-28,1338.97,31.761279,536.70377328,1689.80529152,2310,116,sh880008,sh_sz_active_a
2014-05-29,1314.21,33.685744,566.79653472,1682.60059136,2309,116,sh880008,sh_sz_active_a
2014-05-30,1318.13,35.014782,518.38359184,1480.47069184,2308,116,sh880008,sh_sz_active_a
2014-06-03,1319.63,34.880538,484.5276872,1389.10613504,2307,116,sh880008,sh_sz_active_a
2014-06-04,1321.72,31.882336,434.34767568,1362.34582016,2312,116,sh880008,sh_sz_active_a
2014-06-05,1355.48,33.0467,456.04432608,1379.99958016,2303,116,sh880008,sh_sz_active_a
2014-06-06,1350.45,33.031536,465.75476976,1410.03063296,2303,116,sh880008,sh_sz_active_a
2014-06-09,1326.68,33.954293,452.08494208,1331.4514944,2301,116,sh880008,sh_sz_active_a
2014-06-10,1353.87,34.666219,546.51536128,1576.5069824,2307,116,sh880008,sh_sz_active_a
2014-06-11,1367.39,32.09054,513.51383456,1600.2031616,2304,116,sh880008,sh_sz_active_a
2014-06-12,1363.74,32.918527,539.45720896,1638.76470784,2299,115,sh880008,sh_sz_active_a
2014-06-13,1382.73,30.99255,598.8429904,1932.2159104,2294,115,sh880008,sh_sz_active_a
2014-06-16,1395.61,30.563899,593.26531744,1941.06556416,2296,115,sh880008,sh_sz_active_a
2014-06-17,1377.43,32.045379,564.35855088,1761.12304128,2307,116,sh880008,sh_sz_active_a
2014-06-18,1363.99,31.394136,523.81934576,1668.52608,2304,116,sh880008,sh_sz_active_a
2014-06-19,1320.66,30.747964,534.80857648,1739.33002752,2304,116,sh880008,sh_sz_active_a
2014-06-20,1333.98,31.632917,394.98745776,1248.65961984,2310,116,sh880008,sh_sz_active_a
2014-06-23,1361.28,29.921076,426.65933344,1425.94916352,2304,116,sh880008,sh_sz_active_a
2014-06-24,1369.44,31.70405,472.18831664,1489.36278016,2309,116,sh880008,sh_sz_active_a
2014-06-25,1358.71,31.192331,437.0094936,1401.01582848,2299,115,sh880008,sh_sz_active_a
2014-06-26,1386.27,28.127579,494.85748272,1759.3319424,2300,115,sh880008,sh_sz_active_a
2014-06-27,1388.82,28.350829,555.69632576,1960.07084032,2303,116,sh880008,sh_sz_active_a
2014-06-30,1404.71,27.862234,565.41820512,2029.33551104,2298,115,sh880008,sh_sz_active_a
2014-07-01,1411.74,30.237583,630.42076448,2084.89136128,2306,116,sh880008,sh_sz_active_a
2014-07-02,1419.94,28.876403,632.95024992,2191.92901632,2314,116,sh880008,sh_sz_active_a
2014-07-03,1422.6,26.993275,633.23850016,2345.91207424,2306,116,sh880008,sh_sz_active_a
2014-07-04,1411.64,28.921911,613.01160064,2119.54040832,2300,115,sh880008,sh_sz_active_a
2014-07-07,1393.89,29.498915,597.64488576,2025.98940672,2302,116,sh880008,sh_sz_active_a
2014-07-08,1410.73,30.737216,640.4908752,2083.76348672,2302,116,sh880008,sh_sz_active_a
2014-07-09,1384.58,29.742732,726.38241152,2442.21820928,2302,116,sh880008,sh_sz_active_a
2014-07-10,1363.88,32.237856,661.49778176,2051.92855552,2301,116,sh880008,sh_sz_active_a
2014-07-11,1359.34,31.605203,651.05630336,2059.96556288,2297,115,sh880008,sh_sz_active_a
2014-07-14,1367.07,29.470325,686.53190208,2329.57018112,2295,115,sh880008,sh_sz_active_a
2014-07-15,1341.27,29.891517,739.45751392,2473.80393984,2299,115,sh880008,sh_sz_active_a
2014-07-16,1318.62,28.410132,640.53096864,2254.58634752,2300,115,sh880008,sh_sz_active_a
2014-07-17,1312.81,30.595356,538.6971936,1760.7155712,2294,115,sh880008,sh_sz_active_a
2014-07-18,1305.92,31.688916,561.90666992,1773.19624704,2298,115,sh880008,sh_sz_active_a
2014-07-21,1306.97,31.553406,535.39781136,1696.79880192,2289,115,sh880008,sh_sz_active_a
2014-07-22,1329.35,31.338867,655.01000288,2090.08836608,2290,115,sh880008,sh_sz_active_a
2014-07-23,1293.09,30.052828,679.56963392,2261.25021184,2299,115,sh880008,sh_sz_active_a
2014-07-24,1271.88,33.907107,864.02626368,2548.215808,2300,115,sh880008,sh_sz_active_a
2014-07-25,1285.77,32.035129,696.83274336,2175.2143872,2304,116,sh880008,sh_sz_active_a
2014-07-28,1314.53,35.61424,1173.91377984,3296.1921024,2304,116,sh880008,sh_sz_active_a
2014-07-29,1331.76,31.081638,982.1193904,3159.80578816,2306,116,sh880008,sh_sz_active_a
2014-07-30,1342.74,31.957085,964.02688512,3016.62961664,2306,116,sh880008,sh_sz_active_a
2014-07-31,1344.54,32.179578,883.2499312,2744.75302912,2315,116,sh880008,sh_sz_active_a
2014-08-01,1325.94,29.404141,918.66221632,3124.26135552,2317,116,sh880008,sh_sz_active_a
2014-08-04,1329.82,31.820455,884.89761792,2780.90809344,2316,116,sh880008,sh_sz_active_a
2014-08-05,1360.69,30.102387,896.88954784,2979.463168,2319,116,sh880008,sh_sz_active_a
2014-08-06,1365.74,30.610931,892.38846688,2915.2608256,2316,116,sh880008,sh_sz_active_a
2014-08-07,1362.03,30.056717,861.71783552,2866.97259008,2318,116,sh880008,sh_sz_active_a
2014-08-08,1377.44,31.05181,743.1416112,2393.23119616,2321,117,sh880008,sh_sz_active_a
2014-08-11,1397.78,27.05313,743.5355136,2748.42697728,2319,116,sh880008,sh_sz_active_a
2014-08-12,1396.44,29.171373,839.04156416,2876.24986624,2314,116,sh880008,sh_sz_active_a
2014-08-13,1384.31,28.602815,883.1648384,3087.68505856,2311,116,sh880008,sh_sz_active_a
2014-08-14,1380.3,27.034608,821.16423552,3037.45564672,2311,116,sh880008,sh_sz_active_a
2014-08-15,1392.45,28.81444,818.60824928,2840.96528384,2314,116,sh880008,sh_sz_active_a
2014-08-18,1428.74,26.379263,847.37411072,3212.27358208,2303,116,sh880008,sh_sz_active_a
2014-08-19,1436.4,27.643248,985.23735936,3564.11572224,2311,116,sh880008,sh_sz_active_a
2014-08-20,1427.4,27.079167,861.0766304,3179.84899072,2312,116,sh880008,sh_sz_active_a
2014-08-21,1447.88,29.052258,905.42320832,3116.53302272,2319,116,sh880008,sh_sz_active_a
2014-08-22,1461.72,28.55468,886.19222528,3103.49201408,2320,116,sh880008,sh_sz_active_a
2014-08-25,1443.81,28.411592,845.1497488,2974.66527744,2314,116,sh880008,sh_sz_active_a
2014-08-26,1411.15,28.621819,841.88730176,2941.4178816,2310,116,sh880008,sh_sz_active_a
2014-08-27,1420.54,32.185755,747.1347904,2321.32132864,2311,116,sh880008,sh_sz_active_a
2014-08-28,1403.8,31.212733,737.71411552,2363.50373888,2304,116,sh880008,sh_sz_active_a
2014-08-29,1424.47,31.285356,626.47443456,2002.45264384,2308,116,sh880008,sh_sz_active_a
2014-09-01,1452.84,29.141947,754.81422336,2590.12968448,2304,116,sh880008,sh_sz_active_a
2014-09-02,1465.03,29.129298,1055.42571072,3623.2445952,2309,116,sh880008,sh_sz_active_a
2014-09-03,1477.67,28.212294,1122.62984512,3979.22205696,2312,116,sh880008,sh_sz_active_a
2014-09-04,1495.51,27.698789,1085.18780352,3917.81679104,2307,116,sh880008,sh_sz_active_a
2014-09-05,1489.84,27.900653,1088.54470272,3901.50258688,2321,117,sh880008,sh_sz_active_a
2014-09-09,1494.02,26.781517,989.9518624,3696.39948288,2310,116,sh880008,sh_sz_active_a
2014-09-10,1504.91,25.962933,933.24004128,3594.50935296,2315,116,sh880008,sh_sz_active_a
2014-09-11,1513.01,25.523188,1099.48066112,4307.77171968,2307,116,sh880008,sh_sz_active_a
2014-09-12,1524.12,26.113178,904.07135968,3462.12696064,2316,116,sh880008,sh_sz_active_a
2014-09-15,1526.14,24.285389,981.53726432,4041.67819264,2311,116,sh880008,sh_sz_active_a
2014-09-16,1473.13,24.309871,1201.29374336,4941.58839808,2310,116,sh880008,sh_sz_active_a
2014-09-17,1479.12,25.483987,854.32578048,3352.4023296,2315,116,sh880008,sh_sz_active_a
2014-09-18,1490.79,25.932143,780.10154304,3008.241664,2313,116,sh880008,sh_sz_active_a
2014-09-19,1499.12,25.845366,782.90869152,3029.2033536,2313,116,sh880008,sh_sz_active_a
2014-09-22,1483.35,25.546947,809.13886528,3167.26247424,2302,116,sh880008,sh_sz_active_a
2014-09-23,1500.99,25.527548,757.92069344,2969.03049216,2304,116,sh880008,sh_sz_active_a
2014-09-24,1517.42,27.93382,1073.32789856,3842.39566848,2306,116,sh880008,sh_sz_active_a
2014-09-25,1508.42,26.72562,1080.95008224,4044.62108672,2311,116,sh880008,sh_sz_active_a
2014-09-26,1511.36,26.244951,844.78280736,3218.83930624,2320,116,sh880008,sh_sz_active_a
2014-09-29,1526.18,25.450669,944.01485824,3709.19473152,2310,116,sh880008,sh_sz_active_a
2014-09-30,1540.87,24.702767,857.63805888,3471.82989312,2330,117,sh880008,sh_sz_active_a
2014-10-08,1557.57,24.614253,952.26527776,3868.7555584,2315,116,sh880008,sh_sz_active_a
2014-10-09,1561.17,24.441906,1090.64986688,4462.21287424,2321,117,sh880008,sh_sz_active_a
2014-10-10,1554.22,26.907897,1120.41567808,4163.89169152,2319,116,sh880008,sh_sz_active_a
2014-10-13,1548.33,26.371731,995.22471168,3773.8315776,2304,116,sh880008,sh_sz_active_a
2014-10-14,1539.12,26.174337,963.24795744,3680.12361728,2308,116,sh880008,sh_sz_active_a
2014-10-15,1545.62,28.559576,1041.09666752,3645.35054336,2311,116,sh880008,sh_sz_active_a
2014-10-16,1526.56,27.891065,1146.60093248,4110.99725824,2314,116,sh880008,sh_sz_active_a
2014-10-17,1511.05,26.503701,999.16721696,3769.9158016,2318,116,sh880008,sh_sz_active_a
2014-10-20,1532.38,27.752754,836.20844608,3013.06478592,2323,117,sh880008,sh_sz_active_a
2014-10-21,1517.48,27.758586,852.65125408,3071.66674944,2321,117,sh880008,sh_sz_active_a
2014-10-22,1504.55,27.081538,783.31845344,2892.4444672,2326,117,sh880008,sh_sz_active_a
2014-10-23,1477.84,27.334726,799.6898272,2925.54539008,2316,116,sh880008,sh_sz_active_a
2014-10-24,1477.59,30.042395,706.72816064,2352.43618304,2318,116,sh880008,sh_sz_active_a
2014-10-27,1492.01,30.333293,723.38727648,2384.79638528,2316,116,sh880008,sh_sz_active_a
2014-10-28,1522.05,28.066432,923.44177024,3290.20014592,2321,117,sh880008,sh_sz_active_a
2014-10-29,1530.08,28.342086,1278.89809728,4512.36397056,2312,116,sh880008,sh_sz_active_a
2014-10-30,1525.77,27.763621,1201.10570752,4326.1853696,2320,116,sh880008,sh_sz_active_a
2014-10-31,1513.27,33.364357,1510.81184512,4528.22106112,2325,117,sh880008,sh_sz_active_a
2014-11-03,1529.89,30.171243,1272.71849984,4218.3163904,2323,117,sh880008,sh_sz_active_a
2014-11-04,1516.4,30.920463,1314.97960448,4252.78111744,2329,117,sh880008,sh_sz_active_a
2014-11-05,1512.49,33.753424,1281.41485248,3796.39955456,2336,117,sh880008,sh_sz_active_a
2014-11-06,1532.52,29.778809,1055.89868096,3545.8056192,2336,117,sh880008,sh_sz_active_a
2014-11-07,1522.63,33.12878,1544.57477184,4662.33524224,2342,118,sh880008,sh_sz_active_a
2014-11-10,1514.82,37.167974,1617.82499456,4352.73924608,2334,117,sh880008,sh_sz_active_a
2014-11-11,1461.51,37.669408,2162.37587392,5740.4030976,2337,117,sh880008,sh_sz_active_a
2014-11-12,1475.75,35.880442,1343.31964704,3743.87703808,2339,117,sh880008,sh_sz_active_a
2014-11-13,1442.86,35.671641,1608.73561472,4509.84476672,2337,117,sh880008,sh_sz_active_a
2014-11-14,1441.21,35.725237,1209.64155616,3385.95807232,2340,117,sh880008,sh_sz_active_a
2014-11-17,1471.69,35.670687,1247.37038656,3496.9059328,2325,117,sh880008,sh_sz_active_a
2014-11-18,1481.86,35.077235,1103.7884224,3146.7372544,2330,117,sh880008,sh_sz_active_a
2014-11-19,1505.55,31.628639,1019.47505024,3223.26560768,2325,117,sh880008,sh_sz_active_a
2014-11-20,1494.59,32.619617,950.48441056,2913.84295424,2308,116,sh880008,sh_sz_active_a
2014-11-21,1504.83,36.283403,1325.29023232,3652.60734464,2310,116,sh880008,sh_sz_active_a
2014-11-24,1507.81,37.786379,2170.03296064,5742.89739776,2306,116,sh880008,sh_sz_active_a
2014-11-25,1541.92,31.25258,1635.11961216,5231.95088896,2307,116,sh880008,sh_sz_active_a
2014-11-26,1554.22,34.740159,1964.87788416,5655.92653824,2309,116,sh880008,sh_sz_active_a
2014-11-27,1563.41,36.250524,2207.3420032,6089.13129472,2300,115,sh880008,sh_sz_active_a
2014-11-28,1570.85,39.746609,2780.18649152,6994.77655552,2305,116,sh880008,sh_sz_active_a
2014-12-01,1552.31,40.423196,2746.23769344,6793.7173504,2292,115,sh880008,sh_sz_active_a
2014-12-02,1565.42,43.092475,2854.61727552,6624.3985408,2304,116,sh880008,sh_sz_active_a
2014-12-03,1604.45,41.455889,3717.68727168,8967.81451264,2315,116,sh880008,sh_sz_active_a
2014-12-04,1621.85,39.595508,3437.92709504,8682.61888,2311,116,sh880008,sh_sz_active_a
2014-12-05,1581.91,44.507298,4671.04991232,10495.0202368,2319,116,sh880008,sh_sz_active_a
2014-12-08,1567.16,46.360745,4449.58888192,9597.75113216,2307,116,sh880008,sh_sz_active_a
2014-12-09,1504.62,47.829198,5942.33174016,12424.06715392,2312,116,sh880008,sh_sz_active_a
2014-12-10,1572.69,49.30301,4134.91181696,8386.73301504,2318,116,sh880008,sh_sz_active_a
2014-12-11,1587.67,42.749944,3312.61790464,7748.82394112,2318,116,sh880008,sh_sz_active_a
2014-12-12,1623.57,42.250503,2883.52273984,6824.82466816,2324,117,sh880008,sh_sz_active_a
2014-12-15,1657.5,38.674633,2690.43339008,6956.5841408,2329,117,sh880008,sh_sz_active_a
2014-12-16,1649.58,47.84118,3713.0106688,7761.11849472,2337,117,sh880008,sh_sz_active_a
2014-12-17,1644.21,53.264607,4736.33243648,8892.0817664,2337,117,sh880008,sh_sz_active_a
2014-12-18,1634.05,50.981589,3671.73582336,7202.0819968,2326,117,sh880008,sh_sz_active_a
2014-12-19,1596.81,47.692681,3740.91974656,7843.80264448,2322,117,sh880008,sh_sz_active_a
2014-12-22,1517.93,50.519935,4631.09158144,9166.85979648,2322,117,sh880008,sh_sz_active_a
2014-12-23,1496.53,52.102039,3270.6584608,6277.40966912,2325,117,sh880008,sh_sz_active_a
2014-12-24,1519.8,51.542267,2938.22172544,5700.6063616,2320,116,sh880008,sh_sz_active_a
2014-12-25,1529.47,51.649155,2940.77814208,5693.75850496,2323,117,sh880008,sh_sz_active_a
2014-12-26,1536.08,56.17541,3985.4889088,7094.72157696,2323,117,sh880008,sh_sz_active_a
2014-12-29,1499.4,54.828121,4477.79577088,8166.96918016,2319,116,sh880008,sh_sz_active_a
2014-12-30,1460.11,53.063309,3475.67533376,6550.05384704,2338,117,sh880008,sh_sz_active_a
2014-12-31,1471.76,57.266874,3664.42501632,6398.8563968,2342,118,sh880008,sh_sz_active_a
2015-01-05,1464.77,52.257938,4320.53910656,8267.71832832,2339,117,sh880008,sh_sz_active_a
2015-01-06,1539.83,48.928414,4008.25863168,8192.08781824,2338,117,sh880008,sh_sz_active_a
2015-01-07,1523.39,50.754044,3373.5158304,6646.792192,2343,118,sh880008,sh_sz_active_a
2015-01-08,1541.89,48.057076,2983.27641728,6207.77766912,2340,117,sh880008,sh_sz_active_a
2015-01-09,1553.24,53.152819,3634.71237568,6838.23071232,2339,117,sh880008,sh_sz_active_a
2015-01-12,1586.12,50.910468,2834.6031936,5567.81993984,2335,117,sh880008,sh_sz_active_a
2015-01-13,1601.17,45.337214,2083.28685184,4595.09235712,2332,117,sh880008,sh_sz_active_a
2015-01-14,1588.01,46.586968,2081.79503552,4468.62098432,2331,117,sh880008,sh_sz_active_a
2015-01-15,1586.34,54.999136,2840.94668672,5165.43873024,2324,117,sh880008,sh_sz_active_a
2015-01-16,1639.56,52.020475,3182.28771328,6117.37534464,2333,117,sh880008,sh_sz_active_a
2015-01-19,1630.06,43.514699,2981.29456448,6851.23567616,2323,117,sh880008,sh_sz_active_a
2015-01-20,1700.85,48.685574,3367.30149888,6916.42564608,2323,117,sh880008,sh_sz_active_a
2015-01-21,1722.58,46.152412,3649.74862464,7908.03447808,2325,117,sh880008,sh_sz_active_a
2015-01-22,1744.04,41.671773,2899.19574784,6957.21721856,2330,117,sh880008,sh_sz_active_a
2015-01-23,1697.29,45.37461,3159.52748736,6963.20589824,2332,117,sh880008,sh_sz_active_a
2015-01-26,1739.79,42.060361,2641.98341312,6281.4093312,2334,117,sh880008,sh_sz_active_a
2015-01-27,1743.68,41.750851,2974.74372992,7124.98937856,2339,117,sh880008,sh_sz_active_a
2015-01-28,1731.41,40.030757,2374.94831552,5932.80892928,2348,118,sh880008,sh_sz_active_a
2015-01-29,1711.37,42.52235,2193.11903872,5157.56785664,2352,118,sh880008,sh_sz_active_a
2015-01-30,1680.58,42.017612,2089.8499456,4973.74756864,2352,118,sh880008,sh_sz_active_a
2015-02-02,1696.83,42.909012,1956.7683936,4560.27373568,2344,118,sh880008,sh_sz_active_a
2015-02-03,1750.91,42.396334,2144.03800064,5057.13065984,2350,118,sh880008,sh_sz_active_a
2015-02-04,1757.74,41.210332,2153.18537216,5224.86775808,2349,118,sh880008,sh_sz_active_a
2015-02-05,1774.31,44.627284,2761.82274816,6188.64181248,2346,118,sh880008,sh_sz_active_a
2015-02-06,1730.97,39.955656,1961.1084,4908.212224,2344,118,sh880008,sh_sz_active_a
2015-02-09,1708.85,47.569283,2025.2751648,4257.52723456,2343,118,sh880008,sh_sz_active_a
2015-02-10,1747.68,48.114738,1882.04004608,3911.56662272,2344,118,sh880008,sh_sz_active_a
2015-02-11,1772.85,43.241101,1746.93700224,4039.99195136,2352,118,sh880008,sh_sz_active_a
2015-02-12,1788.81,42.347748,1824.45858624,4308.2776576,2355,118,sh880008,sh_sz_active_a
2015-02-13,1825.49,38.858144,2147.34794304,5526.12069376,2356,118,sh880008,sh_sz_active_a
2015-02-16,1896.63,37.602781,2000.15567104,5319.16947456,2362,119,sh880008,sh_sz_active_a
2015-02-17,1894.31,37.242194,1875.25484544,5035.2963584,2391,120,sh880008,sh_sz_active_a
2015-02-25,1876.75,36.110026,1837.18763328,5087.74940672,2383,120,sh880008,sh_sz_active_a
2015-02-26,1880.39,42.358016,2485.08221376,5866.85218816,2383,120,sh880008,sh_sz_active_a
2015-02-27,1928.04,38.382344,2348.29870208,6118.17422848,2384,120,sh880008,sh_sz_active_a
2015-03-02,1986.99,35.506367,2781.05862016,7832.56322048,2375,119,sh880008,sh_sz_active_a
2015-03-03,1961.74,34.143365,2844.23536256,8330.27244032,2374,119,sh880008,sh_sz_active_a
2015-03-04,2009.83,31.407991,2142.96827008,6823.00342272,2374,119,sh880008,sh_sz_active_a
2015-03-05,2014.79,32.543925,2371.80075008,7287.99838208,2366,119,sh880008,sh_sz_active_a
2015-03-06,1951.4,31.647378,2034.04216384,6427.20595968,2366,119,sh880008,sh_sz_active_a
2015-03-09,1994.39,38.608948,2492.92761152,6456.86493184,2360,118,sh880008,sh_sz_active_a
2015-03-10,2045.32,32.792116,2104.75685952,6418.4844288,2363,119,sh880008,sh_sz_active_a
2015-03-11,2035.83,31.930377,2024.85667008,6341.47438592,2367,119,sh880008,sh_sz_active_a
2015-03-12,2018.13,40.256665,2904.78372032,7215.65908992,2364,119,sh880008,sh_sz_active_a
2015-03-13,2069.07,38.512255,2544.88357056,6607.98373888,2355,118,sh880008,sh_sz_active_a
2015-03-16,2142.67,31.387057,2815.88643584,8971.48911616,2347,118,sh880008,sh_sz_active_a
2015-03-17,2137.46,33.550219,3683.894688,10980.24026112,2346,118,sh880008,sh_sz_active_a
2015-03-18,2182.92,34.774329,3835.92383616,11030.90679808,2352,118,sh880008,sh_sz_active_a
2015-03-19,2183.88,34.108574,3709.3326656,10875.07398656,2347,118,sh880008,sh_sz_active_a
2015-03-20,2213.77,39.962755,4578.85696,11457.81092352,2355,118,sh880008,sh_sz_active_a
2015-03-23,2293.65,33.751428,4072.95900544,12067.51592448,2343,118,sh880008,sh_sz_active_a
2015-03-24,2357.97,32.171693,4553.28786048,14153.08771328,2350,118,sh880008,sh_sz_active_a
2015-03-25,2385.01,31.96165,3951.61883904,12363.62592256,2347,118,sh880008,sh_sz_active_a
2015-03-26,2291.79,32.497102,3833.1086336,11795.23219456,2340,117,sh880008,sh_sz_active_a
2015-03-27,2323.82,33.898775,3156.85110272,9312.58171392,2342,118,sh880008,sh_sz_active_a
2015-03-30,2290.48,37.836031,4533.6761472,11982.43053568,2325,117,sh880008,sh_sz_active_a
2015-03-31,2335.17,38.876953,4953.07737216,12740.395008,2338,117,sh880008,sh_sz_active_a
2015-04-01,2404.91,34.148935,3787.85470592,11092.16067584,2338,117,sh880008,sh_sz_active_a
2015-04-02,2475.33,30.329601,3683.05315584,12143.427584,2332,117,sh880008,sh_sz_active_a
2015-04-03,2510.16,30.555002,3779.9384448,12370.93187584,2343,118,sh880008,sh_sz_active_a
2015-04-07,2556.7,32.286906,4471.34952576,13848.80144384,2328,117,sh880008,sh_sz_active_a
2015-04-08,2488.16,35.913441,5472.73995776,15238.69548544,2329,117,sh880008,sh_sz_active_a
2015-04-09,2496.49,38.40883,5623.27897216,14640.58904576,2320,116,sh880008,sh_sz_active_a
2015-04-10,2552.83,34.890803,4296.01606784,12312.7463936,2323,117,sh880008,sh_sz_active_a
2015-04-13,2577.78,34.232736,4858.3836352,14192.21532672,2322,117,sh880008,sh_sz_active_a
2015-04-14,2558.85,34.580502,4918.99636992,14224.76836864,2327,117,sh880008,sh_sz_active_a
2015-04-15,2441.74,37.355233,4960.07436288,13278.1244416,2312,116,sh880008,sh_sz_active_a
2015-04-16,2484.33,39.606649,4716.21913344,11907.64478464,2311,116,sh880008,sh_sz_active_a
2015-04-17,2463.99,40.154829,6029.04599552,15014.49814016,2318,116,sh880008,sh_sz_active_a
2015-04-20,2424.85,44.078346,7811.34724096,17721.50718464,2318,116,sh880008,sh_sz_active_a
2015-04-21,2566.09,41.350189,5828.33644928,14095.06607104,2327,117,sh880008,sh_sz_active_a
2015-04-22,2634.93,39.036755,6350.20716544,16267.25154816,2340,117,sh880008,sh_sz_active_a
2015-04-23,2706.19,37.543431,6191.05216512,16490.37410304,2350,118,sh880008,sh_sz_active_a
2015-04-24,2734.75,38.235378,5946.16486144,15551.47390976,2357,118,sh880008,sh_sz_active_a
2015-04-27,2747.5,39.253532,6317.9401088,16095.21430528,2361,119,sh880008,sh_sz_active_a
2015-04-28,2687.97,44.087187,7375.166272,16728.59353088,2368,119,sh880008,sh_sz_active_a
2015-04-29,2797.52,41.920211,5354.81157376,12773.818368,2372,119,sh880008,sh_sz_active_a
2015-04-30,2857.89,39.53664,5214.58717696,13189.25238272,2365,119,sh880008,sh_sz_active_a
2015-05-04,2845.25,39.891853,4845.11197312,12145.61779712,2357,118,sh880008,sh_sz_active_a
2015-05-05,2783.44,41.945613,5618.53792384,13394.81653248,2347,118,sh880008,sh_sz_active_a
2015-05-06,2846.56,41.070929,5057.89599104,12315.0270464,2349,118,sh880008,sh_sz_active_a
2015-05-07,2806.05,37.947531,3661.9975232,9650.16027136,2350,118,sh880008,sh_sz_active_a
2015-05-08,2973.6,35.896601,3843.40684544,10706.88239616,2347,118,sh880008,sh_sz_active_a
2015-05-11,3146.83,34.49047,4764.5195328,13814.01755648,2359,118,sh880008,sh_sz_active_a
2015-05-12,3250.3,33.65677,5087.29855744,15115.23090432,2366,119,sh880008,sh_sz_active_a
2015-05-13,3192.15,32.242881,4868.59568512,15099.75392256,2357,118,sh880008,sh_sz_active_a
2015-05-14,3141.59,32.185563,4389.34669568,13637.62610176,2357,118,sh880008,sh_sz_active_a
2015-05-15,3145.34,32.669789,4254.98030336,13024.2052096,2368,119,sh880008,sh_sz_active_a
2015-05-18,3278.48,28.949494,3551.72419456,12268.69178368,2357,118,sh880008,sh_sz_active_a
2015-05-19,3322.77,30.917295,4296.1827264,13895.72653056,2357,118,sh880008,sh_sz_active_a
2015-05-20,3406.28,28.44026,4602.86039808,16184.311808,2361,119,sh880008,sh_sz_active_a
2015-05-21,3527.41,26.231575,3983.1634368,15184.61386752,2359,118,sh880008,sh_sz_active_a
2015-05-22,3516.63,30.021674,5872.66265088,19561.40941312,2349,118,sh880008,sh_sz_active_a
2015-05-25,3467.92,30.820944,6129.20087552,19886.4797696,2327,117,sh880008,sh_sz_active_a
2015-05-26,3618.23,30.217654,6371.04928512,21083.86443264,2335,117,sh880008,sh_sz_active_a
2015-05-27,3628.67,29.301684,6165.48454912,21041.39972608,2341,118,sh880008,sh_sz_active_a
2015-05-28,3432.98,29.428238,6938.04286464,23576.14084096,2335,117,sh880008,sh_sz_active_a
2015-05-29,3542.84,28.401114,5261.33421824,18525.09782016,2334,117,sh880008,sh_sz_active_a
2015-06-01,3718.75,29.220667,5145.65491712,17609.64247552,2318,116,sh880008,sh_sz_active_a
2015-06-02,3901.54,26.238637,5052.3615488,19255.427072,2315,116,sh880008,sh_sz_active_a
2015-06-03,3982.25,26.486087,5225.68890624,19729.93916928,2313,116,sh880008,sh_sz_active_a
2015-06-04,3943.47,29.083814,5764.74502912,19821.14562048,2320,116,sh880008,sh_sz_active_a
2015-06-05,3885.83,28.686135,6456.15208704,22506.176512,2315,116,sh880008,sh_sz_active_a
2015-06-08,3704.55,33.649151,7602.3814016,22593.08511232,2299,115,sh880008,sh_sz_active_a
2015-06-09,3705.54,36.651159,7077.77220352,19311.18247936,2304,116,sh880008,sh_sz_active_a
2015-06-10,3834.7,30.05854,5455.65171968,18150.08903168,2310,116,sh880008,sh_sz_active_a
2015-06-11,3862.14,28.055029,5033.6385536,17942.01878528,2319,116,sh880008,sh_sz_active_a
2015-06-12,3899.71,26.48343,5197.57459456,19625.76052224,2324,117,sh880008,sh_sz_active_a
2015-06-15,3696.03,27.53348,5487.35641088,19929.759744,2314,116,sh880008,sh_sz_active_a
2015-06-16,3590.67,28.44347,4831.33312,16985.73713408,2324,117,sh880008,sh_sz_active_a
2015-06-17,3741.36,28.910853,4435.25363456,15341.13742848,2326,117,sh880008,sh_sz_active_a
2015-06-18,3504.55,29.129907,4250.77829888,14592.4882432,2322,117,sh880008,sh_sz_active_a
2015-06-19,3314.98,30.223483,3881.1473472,12841.49608448,2327,117,sh880008,sh_sz_active_a
2015-06-23,3393.94,31.177586,4039.6693504,12956.96658432,2332,117,sh880008,sh_sz_active_a
2015-06-24,3383.4,32.157324,4785.74191744,14882.27663872,2346,118,sh880008,sh_sz_active_a
2015-06-25,3206.38,33.531107,5190.62162688,15480.01869824,2347,118,sh880008,sh_sz_active_a
2015-06-26,2920.7,37.245704,4991.05676416,13400.3556352,2360,118,sh880008,sh_sz_active_a
2015-06-29,2689.76,38.067334,5833.68657664,15324.65250304,2348,118,sh880008,sh_sz_active_a
2015-06-30,2858.61,35.282861,5856.73950208,16599.38930688,2335,117,sh880008,sh_sz_active_a
2015-07-01,2759.41,34.14553,5214.03527936,15270.03742208,2342,118,sh880008,sh_sz_active_a
2015-07-02,2649.32,36.710974,4720.78331648,12859.32449792,2320,116,sh880008,sh_sz_active_a
2015-07-03,2605.28,35.502999,4083.53238656,11501.93631232,2269,114,sh880008,sh_sz_active_a
2015-07-06,2493.83,40.58632,6288.62957568,15494.45627904,2216,111,sh880008,sh_sz_active_a
2015-07-07,2352.01,57.491242,6185.7652608,10759.49142016,2017,101,sh880008,sh_sz_active_a
2015-07-08,2364.05,47.418678,5280.152,11135.17326336,1465,74,sh880008,sh_sz_active_a
2015-07-09,2435.76,44.211853,4195.34412288,9489.18419456,1339,67,sh880008,sh_sz_active_a
2015-07-10,2535.89,53.345619,4940.723584,9261.72315648,1395,70,sh880008,sh_sz_active_a
2015-07-13,2683.07,42.248352,4949.33534464,11714.86015488,1749,88,sh880008,sh_sz_active_a
2015-07-14,2726.05,34.77807,4589.13544448,13195.48616704,1999,100,sh880008,sh_sz_active_a
2015-07-15,2590.03,31.693071,3942.84038784,12440.70150144,2095,105,sh880008,sh_sz_active_a
2015-07-16,2627.08,29.567485,3182.91569664,10764.91845632,2111,106,sh880008,sh_sz_active_a
2015-07-17,2783.32,30.593381,3363.44296064,10994.02182656,2149,108,sh880008,sh_sz_active_a
2015-07-20,2848.3,28.823452,3800.55581952,13185.63741696,2217,111,sh880008,sh_sz_active_a
2015-07-21,2882.9,29.127942,3512.7894464,12059.86131968,2241,113,sh880008,sh_sz_active_a
2015-07-22,2897.37,27.722829,3556.17168896,12827.59327744,2256,113,sh880008,sh_sz_active_a
2015-07-23,2967.95,26.872775,3753.0960128,13966.16462336,2254,113,sh880008,sh_sz_active_a
2015-07-24,2897.82,26.684537,4231.42834176,15857.22949632,2259,113,sh880008,sh_sz_active_a
2015-07-27,2683.45,27.825115,3860.15771264,13872.92655616,2251,113,sh880008,sh_sz_active_a
2015-07-28,2581.96,29.441824,3833.32364928,13019.99386624,2255,113,sh880008,sh_sz_active_a
2015-07-29,2693.87,29.85247,3221.59186304,10791.70957312,2263,114,sh880008,sh_sz_active_a
2015-07-30,2561.19,29.697501,3431.42697216,11554.59842048,2268,114,sh880008,sh_sz_active_a
2015-07-31,2539.84,29.291507,2569.24196608,8771.28646656,2276,114,sh880008,sh_sz_active_a
2015-08-03,2399.27,27.89685,2363.37921664,8471.84986112,2268,114,sh880008,sh_sz_active_a
2015-08-04,2546.16,25.690877,2326.00125568,9053.80233216,2265,114,sh880008,sh_sz_active_a
2015-08-05,2502.04,26.098273,2503.34646784,9592.00034816,2270,114,sh880008,sh_sz_active_a
2015-08-06,2480.93,26.928942,1902.56640192,7065.13600512,2268,114,sh880008,sh_sz_active_a
2015-08-07,2576.99,26.183478,2339.06718848,8933.37075712,2270,114,sh880008,sh_sz_active_a
2015-08-10,2706.72,26.890888,3296.66115328,12259.39877888,2267,114,sh880008,sh_sz_active_a
2015-08-11,2698.91,27.37562,3652.0508096,13340.52257792,2275,114,sh880008,sh_sz_active_a
2015-08-12,2622.19,27.638318,3046.77446016,11023.73322752,2276,114,sh880008,sh_sz_active_a
2015-08-13,2684.26,27.855156,2995.01068544,10752.08716288,2279,114,sh880008,sh_sz_active_a
2015-08-14,2674.02,25.533557,3115.7882624,12202.71931392,2292,115,sh880008,sh_sz_active_a
2015-08-17,2666.29,26.192734,3105.64843136,11856.90812416,2292,115,sh880008,sh_sz_active_a
2015-08-18,2504.17,26.187339,3635.3358464,13882.03606016,2292,115,sh880008,sh_sz_active_a
2015-08-19,2570.69,26.91676,3082.71667584,11452.77775872,2297,115,sh880008,sh_sz_active_a
2015-08-20,2508.82,27.843097,2731.89167872,9811.73796864,2301,116,sh880008,sh_sz_active_a
2015-08-21,2341.95,27.644966,2400.1785472,8682.15422976,2304,116,sh880008,sh_sz_active_a
2015-08-24,2152.61,34.986708,2204.94102528,6302.22487552,2300,115,sh880008,sh_sz_active_a
2015-08-25,1990.71,33.276363,2146.20506624,6449.63827712,2297,115,sh880008,sh_sz_active_a
2015-08-26,1890.04,29.253202,2610.85610496,8925.0267136,2285,115,sh880008,sh_sz_active_a
2015-08-27,1959.49,31.734003,2425.31290048,7642.6313728,2266,114,sh880008,sh_sz_active_a
2015-08-28,2082.12,29.559109,2655.56189056,8983.90360064,2275,114,sh880008,sh_sz_active_a
2015-08-31,1996.87,33.33379,2652.12202752,7956.2571776,2281,115,sh880008,sh_sz_active_a
2015-09-01,1889.49,37.619586,2726.7459392,7248.20819968,2282,115,sh880008,sh_sz_active_a
2015-09-02,1855.03,36.324636,2716.9489344,7479.63154432,2287,115,sh880008,sh_sz_active_a
2015-09-07,1893.52,31.338869,1886.45165184,6019.52681984,2278,114,sh880008,sh_sz_active_a
2015-09-08,2001.16,29.537722,1545.97664768,5233.90615552,2298,115,sh880008,sh_sz_active_a
2015-09-09,2071.72,28.814517,2431.11984128,8437.13544192,2305,116,sh880008,sh_sz_active_a
2015-09-10,2039.12,29.197817,1780.81383872,6099.13339904,2311,116,sh880008,sh_sz_active_a
2015-09-11,2060.5,28.955658,1492.1971904,5153.3873152,2317,116,sh880008,sh_sz_active_a
2015-09-14,1906.21,31.285652,2127.33869376,6799.72634624,2315,116,sh880008,sh_sz_active_a
2015-09-15,1797.56,28.811051,1374.23456512,4769.81755904,2320,116,sh880008,sh_sz_active_a
2015-09-16,1926.25,29.102387,1646.95295232,5659.1679488,2325,117,sh880008,sh_sz_active_a
2015-09-17,1933.3,28.762806,2005.31589504,6971.9064576,2324,117,sh880008,sh_sz_active_a
2015-09-18,1983.3,30.794659,1453.06949312,4718.57627136,2328,117,sh880008,sh_sz_active_a
2015-09-21,2079.06,29.364263,1681.10908288,5725.01721088,2331,117,sh880008,sh_sz_active_a
2015-09-22,2078.72,27.95356,1878.16612928,6718.87982592,2340,117,sh880008,sh_sz_active_a
2015-09-23,2077.99,28.268215,1635.02286336,5783.96225536,2326,117,sh880008,sh_sz_active_a
2015-09-24,2106.59,29.404574,1616.74438848,5498.27510272,2331,117,sh880008,sh_sz_active_a
2015-09-25,2020.97,28.491697,1598.5898272,5610.72177152,2341,118,sh880008,sh_sz_active_a
2015-09-28,2122.26,28.533284,1152.63344128,4039.61020416,2338,117,sh880008,sh_sz_active_a
2015-09-29,2098.57,27.998755,1176.98675648,4203.71103744,2340,117,sh880008,sh_sz_active_a
2015-09-30,2082.67,29.383733,1089.2936832,3707.13165824,2349,118,sh880008,sh_sz_active_a
2015-10-08,2190.31,26.47843,1553.29797312,5866.27678208,2344,118,sh880008,sh_sz_active_a
2015-10-09,2216.66,24.506589,1459.96807936,5957.45112064,2353,118,sh880008,sh_sz_active_a
2015-10-12,2316.78,25.303739,2337.0340096,9235.92359936,2350,118,sh880008,sh_sz_active_a
2015-10-13,2342.04,24.751486,1894.4990144,7654.08182272,2348,118,sh880008,sh_sz_active_a
2015-10-14,2305.0,25.014588,1921.93396224,7683.25255168,2352,118,sh880008,sh_sz_active_a
2015-10-15,2404.53,25.001879,2062.1998112,8248.17942528,2335,117,sh880008,sh_sz_active_a
2015-10-16,2449.03,24.951003,2477.6897728,9930.2211584,2334,117,sh880008,sh_sz_active_a
2015-10-19,2433.6,26.716025,2659.68924032,9955.40795392,2321,117,sh880008,sh_sz_active_a
2015-10-20,2511.16,26.091163,2358.632832,9039.96833792,2323,117,sh880008,sh_sz_active_a
2015-10-21,2344.74,26.034454,3047.34601472,11705.0507264,2326,117,sh880008,sh_sz_active_a
2015-10-22,2458.14,27.270696,2432.4780096,8919.75041024,2340,117,sh880008,sh_sz_active_a
2015-10-23,2538.38,25.815881,2683.16909696,10393.48269056,2350,118,sh880008,sh_sz_active_a
2015-10-26,2527.48,25.379373,2805.43194496,11053.98464512,2361,119,sh880008,sh_sz_active_a
2015-10-27,2563.96,26.510423,2629.24298112,9917.77062912,2358,118,sh880008,sh_sz_active_a
2015-10-28,2485.24,24.919431,2281.443936,9155.280896,2368,119,sh880008,sh_sz_active_a
2015-10-29,2485.28,25.396853,1901.135632,7485.71328512,2379,119,sh880008,sh_sz_active_a
2015-10-30,2478.28,26.350225,2110.37207616,8008.93370368,2384,120,sh880008,sh_sz_active_a
2015-11-02,2432.04,24.715228,1834.33344256,7421.87532288,2381,120,sh880008,sh_sz_active_a
2015-11-03,2429.27,24.771339,1548.86291328,6252.64099328,2385,120,sh880008,sh_sz_active_a
2015-11-04,2584.32,25.428313,2524.18518656,9926.67172864,2393,120,sh880008,sh_sz_active_a
2015-11-05,2564.72,31.702173,4350.11561344,13721.82151168,2398,120,sh880008,sh_sz_active_a
2015-11-06,2661.41,29.384238,3446.96298752,11730.65302016,2394,120,sh880008,sh_sz_active_a
2015-11-09,2724.62,29.65842,4053.55525632,13667.46857472,2407,121,sh880008,sh_sz_active_a
2015-11-10,2746.61,27.687696,3471.77004032,12539.035648,2416,121,sh880008,sh_sz_active_a
2015-11-11,2804.68,24.994241,2849.9172096,11402.29537792,2416,121,sh880008,sh_sz_active_a
2015-11-12,2783.3,24.310475,2991.41734784,12305.05508864,2427,122,sh880008,sh_sz_active_a
2015-11-13,2710.16,25.697662,2920.41735936,11364.5256704,2432,122,sh880008,sh_sz_active_a
2015-11-16,2797.16,25.634399,2326.79089408,9076.83037184,2429,122,sh880008,sh_sz_active_a
2015-11-17,2717.05,26.749817,3400.2174912,12711.18036992,2432,122,sh880008,sh_sz_active_a
2015-11-18,2661.17,27.862747,2625.32621952,9422.35254784,2441,123,sh880008,sh_sz_active_a
2015-11-19,2770.75,26.748172,2297.08248192,8587.8112256,2441,123,sh880008,sh_sz_active_a
2015-11-20,2800.15,24.573687,2650.1920896,10784.67428352,2441,123,sh880008,sh_sz_active_a
2015-11-23,2770.58,24.587616,2635.49162368,10718.7765248,2447,123,sh880008,sh_sz_active_a
2015-11-24,2816.05,23.676471,2030.83747072,8577.449984,2453,123,sh880008,sh_sz_active_a
2015-11-25,2897.57,22.327728,2274.47814656,10186.78738944,2461,124,sh880008,sh_sz_active_a
2015-11-26,2833.2,22.734495,2513.1346304,11054.27955712,2461,124,sh880008,sh_sz_active_a
2015-11-27,2649.55,22.367454,2552.40288896,11411.23579904,2461,124,sh880008,sh_sz_active_a
2015-11-30,2672.58,23.336848,2290.11300608,9813.2918272,2471,124,sh880008,sh_sz_active_a
2015-12-01,2655.35,24.778735,2082.65830912,8405.02280192,2472,124,sh880008,sh_sz_active_a
2015-12-02,2613.26,29.55577,2474.0334208,8370.72912384,2475,124,sh880008,sh_sz_active_a
2015-12-03,2708.12,28.579886,2269.31006848,7940.23493632,2475,124,sh880008,sh_sz_active_a
2015-12-04,2692.16,24.963485,2050.2929824,8213.168128,2479,124,sh880008,sh_sz_active_a
2015-12-07,2738.15,24.671416,1847.07580352,7486.70353408,2484,125,sh880008,sh_sz_active_a
2015-12-08,2691.66,24.305715,1913.37123136,7872.10436608,2496,125,sh880008,sh_sz_active_a
2015-12-09,2667.91,27.170454,1946.23303808,7163.04941056,2502,126,sh880008,sh_sz_active_a
2015-12-10,2695.51,28.283347,2056.58564288,7271.36600064,2507,126,sh880008,sh_sz_active_a
2015-12-11,2671.29,27.629058,1744.26088704,6313.13924096,2504,126,sh880008,sh_sz_active_a
2015-12-14,2709.27,28.97733,1943.50630464,6706.98897408,2509,126,sh880008,sh_sz_active_a
2015-12-15,2745.7,28.069088,2001.58539904,7130.92431872,2515,126,sh880008,sh_sz_active_a
2015-12-16,2763.11,25.357502,1842.88823488,7267.62520576,2516,126,sh880008,sh_sz_active_a
2015-12-17,2835.7,23.774961,2364.30519424,9944.5178368,2510,126,sh880008,sh_sz_active_a
2015-12-18,2830.26,25.296639,2421.56040448,9572.6567424,2511,126,sh880008,sh_sz_active_a
2015-12-21,2829.92,26.906337,2531.07137664,9406.97124864,2511,126,sh880008,sh_sz_active_a
2015-12-22,2839.85,25.893601,2258.46387584,8722.09252352,2518,126,sh880008,sh_sz_active_a
2015-12-23,2783.94,27.808121,2765.65363072,9945.48908032,2524,127,sh880008,sh_sz_active_a
2015-12-24,2795.78,26.247769,1962.52375168,7476.91638784,2517,126,sh880008,sh_sz_active_a
2015-12-25,2794.73,25.440859,1736.264176,6824.70735872,2531,127,sh880008,sh_sz_active_a
2015-12-28,2735.49,22.880433,2042.73898944,8927.88604928,2534,127,sh880008,sh_sz_active_a
2015-12-29,2749.82,24.030455,1578.44666176,6568.525824,2531,127,sh880008,sh_sz_active_a
2015-12-30,2779.51,24.496701,1766.153408,7209.76019456,2525,127,sh880008,sh_sz_active_a
2015-12-31,2714.05,24.1137,1652.56620736,6853.22534912,2542,128,sh880008,sh_sz_active_a
2016-01-04,2491.24,23.200302,1379.25061376,5944.96847872,2546,128,sh880008,sh_sz_active_a
2016-01-05,2416.73,23.142197,1872.92879488,8093.13304576,2550,128,sh880008,sh_sz_active_a
2016-01-06,2468.37,25.054229,1748.57639616,6979.16653568,2553,128,sh880008,sh_sz_active_a
2016-01-07,2256.52,28.198179,528.62328976,1874.67169792,2553,128,sh880008,sh_sz_active_a
2016-01-08,2248.99,25.049636,1902.33775552,7594.27301376,2545,128,sh880008,sh_sz_active_a
2016-01-11,2106.36,25.212267,1668.96164224,6619.64128256,2543,128,sh880008,sh_sz_active_a
2016-01-12,2147.53,25.406781,1396.06928768,5494.86886912,2551,128,sh880008,sh_sz_active_a
2016-01-13,2059.78,26.174388,1355.0424128,5176.97830912,2551,128,sh880008,sh_sz_active_a
2016-01-14,2175.01,25.370382,1397.6613312,5509.02759424,2555,128,sh880008,sh_sz_active_a
2016-01-15,2112.9,25.409416,1364.76502784,5371.0995456,2559,128,sh880008,sh_sz_active_a
2016-01-18,2174.93,25.353983,1195.67065024,4715.90862848,2544,128,sh880008,sh_sz_active_a
2016-01-19,2241.7,25.745689,1498.36971584,5819.88581376,2554,128,sh880008,sh_sz_active_a
2016-01-20,2204.65,25.110388,1493.5135808,5947.7917696,2561,129,sh880008,sh_sz_active_a
2016-01-21,2112.4,24.337224,1302.08162752,5350.16505344,2558,128,sh880008,sh_sz_active_a
2016-01-22,2149.59,25.218413,1123.5471552,4455.2650752,2559,128,sh880008,sh_sz_active_a
2016-01-25,2158.82,24.9087,1051.36678016,4220.88179712,2563,129,sh880008,sh_sz_active_a
2016-01-26,1994.05,23.988283,1251.81193408,5218.43081216,2560,128,sh880008,sh_sz_active_a
2016-01-27,1997.47,24.698802,1257.33870592,5090.68705792,2558,128,sh880008,sh_sz_active_a
2016-01-28,1906.46,25.987086,1035.66185248,3985.29429504,2560,128,sh880008,sh_sz_active_a
2016-01-29,1994.07,26.394593,1129.06147904,4277.62417664,2555,128,sh880008,sh_sz_active_a
2016-02-01,1992.7,26.297118,972.29876384,3697.35860224,2552,128,sh880008,sh_sz_active_a
2016-02-02,2075.29,25.732664,1035.84661312,4025.41543424,2552,128,sh880008,sh_sz_active_a
2016-02-03,2090.51,26.247856,985.16116736,3753.30144256,2553,128,sh880008,sh_sz_active_a
2016-02-04,2126.64,24.516416,1081.44008512,4411.0856192,2551,128,sh880008,sh_sz_active_a
2016-02-05,2096.99,26.084341,946.1885648,3627.41989376,2556,128,sh880008,sh_sz_active_a
2016-02-15,2116.84,27.058323,888.13360544,3282.2935552,2558,128,sh880008,sh_sz_active_a
2016-02-16,2201.93,25.667224,1281.6046944,4993.1567104,2560,128,sh880008,sh_sz_active_a
2016-02-17,2215.34,24.925806,1417.69585024,5687.6630016,2564,129,sh880008,sh_sz_active_a
2016-02-18,2190.91,24.369309,1436.69673664,5895.5169792,2567,129,sh880008,sh_sz_active_a
2016-02-19,2211.01,25.860882,1242.7998176,4805.71326464,2563,129,sh880008,sh_sz_active_a
2016-02-22,2245.56,23.903974,1436.66182848,6010.13813248,2551,128,sh880008,sh_sz_active_a
2016-02-23,2218.12,23.958099,1370.79905152,5721.65193728,2551,128,sh880008,sh_sz_active_a
2016-02-24,2203.74,23.493994,1361.82797824,5796.49404928,2544,128,sh880008,sh_sz_active_a
2016-02-25,2037.14,23.241044,1545.16070208,6648.41355264,2539,127,sh880008,sh_sz_active_a
2016-02-26,2014.92,23.769017,1154.0483968,4855.26339584,2539,127,sh880008,sh_sz_active_a
2016-02-29,1880.15,23.690228,1091.59220672,4607.77422848,2535,127,sh880008,sh_sz_active_a
2016-03-01,1934.92,25.571097,1181.03501888,4618.63256064,2540,127,sh880008,sh_sz_active_a
2016-03-02,2017.6,24.953928,1528.16621184,6123.95057152,2543,128,sh880008,sh_sz_active_a
2016-03-03,2007.08,25.675947,1701.52239936,6626.9118464,2540,127,sh880008,sh_sz_active_a
2016-03-04,1907.04,28.356752,1814.4472288,6398.64274944,2542,128,sh880008,sh_sz_active_a
2016-03-07,1953.33,25.963108,1241.08808896,4780.19846144,2538,127,sh880008,sh_sz_active_a
2016-03-08,2002.19,24.995623,1329.89164992,5320.49821696,2539,127,sh880008,sh_sz_active_a
2016-03-09,1970.81,26.164288,1114.87257664,4261.04684544,2542,128,sh880008,sh_sz_active_a
2016-03-10,1936.97,26.157456,927.5205584,3545.91277056,2551,128,sh880008,sh_sz_active_a
2016-03-11,1934.87,26.931919,818.0182512,3037.356032,2558,128,sh880008,sh_sz_active_a
2016-03-14,2023.13,24.532554,1234.45702208,5031.91404544,2556,128,sh880008,sh_sz_active_a
2016-03-15,1996.92,27.166414,1161.17641344,4274.3087104,2558,128,sh880008,sh_sz_active_a
2016-03-16,1977.54,30.303335,1281.6344256,4229.3510144,2563,129,sh880008,sh_sz_active_a
2016-03-17,2087.29,26.020376,1486.78894464,5713.94097152,2560,128,sh880008,sh_sz_active_a
2016-03-18,2177.87,24.71355,2016.14025984,8158.035968,2555,128,sh880008,sh_sz_active_a
2016-03-21,2227.03,27.115924,2447.01181696,9024.2613248,2547,128,sh880008,sh_sz_active_a
2016-03-22,2221.7,27.710619,2095.64695744,7562.61322752,2547,128,sh880008,sh_sz_active_a
2016-03-23,2259.11,28.587558,1914.10518784,6695.58833152,2549,128,sh880008,sh_sz_active_a
2016-03-24,2219.77,27.564255,2031.53502464,7370.17921536,2537,127,sh880008,sh_sz_active_a
2016-03-25,2216.09,27.579991,1524.75175296,5528.47081472,2538,127,sh880008,sh_sz_active_a
2016-03-28,2199.69,24.551939,1535.03644864,6252.20059136,2529,127,sh880008,sh_sz_active_a
2016-03-29,2152.55,26.472699,1421.10989952,5368.209408,2530,127,sh880008,sh_sz_active_a
2016-03-30,2248.78,27.171897,1705.15263232,6275.42720512,2525,127,sh880008,sh_sz_active_a
2016-03-31,2238.29,25.697277,1788.8544512,6961.26078976,2533,127,sh880008,sh_sz_active_a
2016-04-01,2205.37,26.041396,1516.3311232,5822.7720192,2523,127,sh880008,sh_sz_active_a
2016-04-05,2279.52,23.711165,1690.11245184,7127.9181824,2516,126,sh880008,sh_sz_active_a
2016-04-06,2297.04,23.525367,1648.27377216,7006.36790784,2511,126,sh880008,sh_sz_active_a
2016-04-07,2248.68,24.284608,1694.64614144,6978.27262464,2513,126,sh880008,sh_sz_active_a
2016-04-08,2229.93,25.282228,1477.15866816,5842.67595776,2518,126,sh880008,sh_sz_active_a
2016-04-11,2283.14,24.151407,1610.09174208,6666.65811968,2507,126,sh880008,sh_sz_active_a
2016-04-12,2264.02,24.237256,1410.3510816,5818.93881856,2513,126,sh880008,sh_sz_active_a
2016-04-13,2294.02,23.685023,1948.43087872,8226.4260608,2515,126,sh880008,sh_sz_active_a
2016-04-14,2324.39,22.837684,1425.17558656,6240.4558848,2519,126,sh880008,sh_sz_active_a
2016-04-15,2309.68,21.956021,1284.15588992,5848.76425216,2512,126,sh880008,sh_sz_active_a
2016-04-18,2265.59,23.931263,1331.6986912,5564.68207616,2514,126,sh880008,sh_sz_active_a
2016-04-19,2272.52,24.53446,1239.78065536,5053.22176512,2520,126,sh880008,sh_sz_active_a
2016-04-20,2145.24,22.936023,1833.56007424,7994.23725568,2514,126,sh880008,sh_sz_active_a
2016-04-21,2110.16,27.578481,1493.0766816,5413.9191296,2518,126,sh880008,sh_sz_active_a
2016-04-22,2136.92,26.721182,1127.42206624,4219.20735232,2518,126,sh880008,sh_sz_active_a
2016-04-25,2126.83,24.919969,973.33031296,3905.82468608,2519,126,sh880008,sh_sz_active_a
2016-04-26,2155.7,24.37826,930.14932224,3815.48691456,2517,126,sh880008,sh_sz_active_a
2016-04-27,2146.61,24.895062,1064.24343392,4274.91786752,2526,127,sh880008,sh_sz_active_a
2016-04-28,2155.23,25.420419,1095.44735712,4309.32066304,2526,127,sh880008,sh_sz_active_a
2016-04-29,2138.74,27.170547,994.7345456,3661.07656192,2526,127,sh880008,sh_sz_active_a
2016-05-03,2217.23,24.270391,1302.83887552,5368.0177152,2535,127,sh880008,sh_sz_active_a
2016-05-04,2211.02,24.703285,1321.40758464,5349.11680512,2544,128,sh880008,sh_sz_active_a
2016-05-05,2224.1,25.974669,1230.56578304,4737.56106752,2542,128,sh880008,sh_sz_active_a
2016-05-06,2129.19,24.354464,1609.64773248,6609.25120512,2545,128,sh880008,sh_sz_active_a
2016-05-09,2053.6,24.587351,1226.34633344,4987.7123072,2543,128,sh880008,sh_sz_active_a
2016-05-10,2054.22,27.764637,960.76160352,3460.37878784,2544,128,sh880008,sh_sz_active_a
2016-05-11,2034.93,27.0331,1061.0206976,3924.89467904,2547,128,sh880008,sh_sz_active_a
2016-05-12,2034.57,28.559758,1084.64801408,3797.819392,2542,128,sh880008,sh_sz_active_a
2016-05-13,2025.22,30.440189,1056.53193952,3470.8455424,2539,127,sh880008,sh_sz_active_a
2016-05-16,2057.86,29.702218,1074.087656,3616.18669568,2543,128,sh880008,sh_sz_active_a
2016-05-17,2081.44,31.606973,1361.04180416,4306.14413312,2546,128,sh880008,sh_sz_active_a
2016-05-18,2020.48,29.22282,1215.30539168,4158.75465216,2546,128,sh880008,sh_sz_active_a
2016-05-19,2037.4,33.343222,1251.2074496,3752.50911232,2543,128,sh880008,sh_sz_active_a
2016-05-20,2065.3,34.046324,1244.1321168,3654.2332928,2546,128,sh880008,sh_sz_active_a
2016-05-23,2098.23,30.232155,1266.25663168,4188.44311552,2541,128,sh880008,sh_sz_active_a
2016-05-24,2075.51,30.494447,1131.8749232,3711.7411328,2545,128,sh880008,sh_sz_active_a
2016-05-25,2067.25,30.751212,1141.5366736,3712.16809984,2547,128,sh880008,sh_sz_active_a
2016-05-26,2086.01,30.618189,1197.43373856,3910.8575232,2550,128,sh880008,sh_sz_active_a
2016-05-27,2069.89,32.040451,1211.46683552,3781.05430016,2549,128,sh880008,sh_sz_active_a
2016-05-30,2058.52,30.045919,1001.21892544,3332.2958848,2554,128,sh880008,sh_sz_active_a
2016-05-31,2159.8,26.972019,1700.28696832,6303.89211136,2553,128,sh880008,sh_sz_active_a
2016-06-01,2168.82,28.846993,1885.1960416,6535.15620352,2550,128,sh880008,sh_sz_active_a
2016-06-02,2188.56,27.31664,1530.15436672,5601.54673152,2551,128,sh880008,sh_sz_active_a
2016-06-03,2204.97,28.764972,1853.07101504,6442.10950144,2557,128,sh880008,sh_sz_active_a
2016-06-06,2199.3,27.970971,1475.73668544,5275.95798528,2555,128,sh880008,sh_sz_active_a
2016-06-07,2196.73,28.346132,1442.1296384,5087.5711488,2567,129,sh880008,sh_sz_active_a
2016-06-08,2186.54,30.12761,1643.53515776,5455.24580352,2569,129,sh880008,sh_sz_active_a
2016-06-13,2054.71,28.18226,1658.5844672,5885.20751104,2564,129,sh880008,sh_sz_active_a
2016-06-14,2058.31,30.219372,1246.01953472,4123.24757504,2565,129,sh880008,sh_sz_active_a
2016-06-15,2128.8,28.878422,1653.68031424,5726.35283456,2572,129,sh880008,sh_sz_active_a
2016-06-16,2101.42,30.736068,1824.40677376,5935.71938304,2570,129,sh880008,sh_sz_active_a
2016-06-17,2122.89,28.659189,1633.93934272,5701.27548416,2567,129,sh880008,sh_sz_active_a
2016-06-20,2119.63,27.176322,1358.00607936,4997.01940224,2563,129,sh880008,sh_sz_active_a
2016-06-21,2092.0,27.878602,1651.4091584,5923.57228544,2566,129,sh880008,sh_sz_active_a
2016-06-22,2144.82,27.726752,1346.50282816,4856.33097728,2574,129,sh880008,sh_sz_active_a
2016-06-23,2137.49,26.574313,1390.52725632,5232.59904,2576,129,sh880008,sh_sz_active_a
2016-06-24,2127.36,26.295484,1699.35175936,6462.52331008,2581,130,sh880008,sh_sz_active_a
2016-06-27,2191.81,25.26748,1471.93227776,5825.40197888,2576,129,sh880008,sh_sz_active_a
2016-06-28,2216.71,24.23586,1610.46302656,6644.95915008,2581,130,sh880008,sh_sz_active_a
2016-06-29,2209.79,25.849248,1664.3171392,6438.551552,2582,130,sh880008,sh_sz_active_a
2016-06-30,2227.79,26.390707,1516.9907552,5748.20057088,2582,130,sh880008,sh_sz_active_a
2016-07-01,2211.18,25.467793,1324.21018432,5199.54825216,2590,130,sh880008,sh_sz_active_a
2016-07-04,2248.71,24.313522,1600.04276032,6580.8760832,2590,130,sh880008,sh_sz_active_a
2016-07-05,2246.02,24.65614,1744.12064704,7073.77823744,2600,130,sh880008,sh_sz_active_a
2016-07-06,2241.56,26.773066,1775.19042304,6630.50846208,2602,131,sh880008,sh_sz_active_a
2016-07-07,2233.92,26.628582,1951.78793664,7329.67272448,2604,131,sh880008,sh_sz_active_a
2016-07-08,2239.0,26.980442,1591.42354304,5898.43398656,2604,131,sh880008,sh_sz_active_a
2016-07-11,2218.59,26.466985,1850.75888768,6992.707584,2601,131,sh880008,sh_sz_active_a
2016-07-12,2247.35,25.039591,1838.38299648,7341.90501888,2610,131,sh880008,sh_sz_active_a
2016-07-13,2285.37,25.46761,1855.54611008,7285.9058176,2605,131,sh880008,sh_sz_active_a
2016-07-14,2293.08,25.050236,1471.75725312,5875.22310144,2609,131,sh880008,sh_sz_active_a
2016-07-15,2263.78,25.308049,1436.6943968,5676.82793472,2612,131,sh880008,sh_sz_active_a
2016-07-18,2249.87,26.219357,1461.15131904,5572.79608832,2616,131,sh880008,sh_sz_active_a
2016-07-19,2273.72,27.094563,1398.71023936,5162.328064,2619,131,sh880008,sh_sz_active_a
2016-07-20,2268.53,26.012988,1313.28136576,5048.56018944,2618,131,sh880008,sh_sz_active_a
2016-07-21,2265.13,25.638132,1426.22551296,5562.90736128,2619,131,sh880008,sh_sz_active_a
2016-07-22,2250.0,27.067864,1460.1045728,5394.23637504,2621,132,sh880008,sh_sz_active_a
2016-07-25,2245.89,27.490122,1350.33709568,4912.08114176,2621,132,sh880008,sh_sz_active_a
2016-07-26,2279.55,25.271916,1224.83570432,4846.62771712,2631,132,sh880008,sh_sz_active_a
2016-07-27,2155.39,22.571061,1818.73374528,8057.81241856,2636,132,sh880008,sh_sz_active_a
2016-07-28,2139.74,25.430513,1414.86873216,5563.6656128,2642,133,sh880008,sh_sz_active_a
2016-07-29,2122.41,26.533681,1143.53075776,4309.73288448,2643,133,sh880008,sh_sz_active_a
2016-08-01,2099.18,24.325147,1014.19818016,4169.34035456,2646,133,sh880008,sh_sz_active_a
2016-08-02,2113.21,27.673144,891.57005024,3221.78809856,2655,133,sh880008,sh_sz_active_a
2016-08-03,2108.31,27.955704,1066.1621104,3813.75512576,2652,133,sh880008,sh_sz_active_a
2016-08-04,2129.65,29.756751,1203.46113952,4044.3297792,2652,133,sh880008,sh_sz_active_a
2016-08-05,2109.06,30.680246,1233.06477536,4019.0836736,2655,133,sh880008,sh_sz_active_a
2016-08-08,2130.59,28.737715,1189.22277856,4138.1953536,2661,134,sh880008,sh_sz_active_a
2016-08-09,2154.51,28.61388,1324.55818464,4629.07572224,2667,134,sh880008,sh_sz_active_a
2016-08-10,2137.0,29.380459,1375.33812672,4681.13227776,2671,134,sh880008,sh_sz_active_a
2016-08-11,2103.4,30.826014,1387.21456384,4500.1424896,2672,134,sh880008,sh_sz_active_a
2016-08-12,2123.84,32.871964,1401.43451584,4263.31242496,2679,134,sh880008,sh_sz_active_a
2016-08-15,2193.21,31.883893,2392.25237504,7503.01216768,2676,134,sh880008,sh_sz_active_a
2016-08-16,2201.1,32.049833,2272.11234304,7089.3109248,2679,134,sh880008,sh_sz_active_a
2016-08-17,2208.2,30.913144,1910.72635456,6180.95116288,2683,135,sh880008,sh_sz_active_a
2016-08-18,2201.59,31.450777,1996.26297856,6347.26121472,2687,135,sh880008,sh_sz_active_a
2016-08-19,2204.56,31.611573,1694.94942336,5361.80031488,2687,135,sh880008,sh_sz_active_a
2016-08-22,2167.4,29.535155,1576.79619648,5338.70968832,2690,135,sh880008,sh_sz_active_a
2016-08-23,2174.16,30.439263,1399.55219008,4597.8517504,2691,135,sh880008,sh_sz_active_a
2016-08-24,2192.17,30.41405,1364.47060736,4486.31668736,2692,135,sh880008,sh_sz_active_a
2016-08-25,2180.66,29.758876,1519.67688512,5106.6339328,2683,135,sh880008,sh_sz_active_a
2016-08-26,2189.75,28.524909,1354.6881504,4749.14095104,2684,135,sh880008,sh_sz_active_a
2016-08-29,2193.2,27.581094,1190.29657024,4315.62489856,2677,134,sh880008,sh_sz_active_a
2016-08-30,2195.53,27.878358,1176.6830464,4220.77595648,2685,135,sh880008,sh_sz_active_a
2016-08-31,2191.76,30.949507,1364.23594944,4407.94087424,2684,135,sh880008,sh_sz_active_a
2016-09-01,2181.33,29.506462,1341.22336544,4545.52420352,2692,135,sh880008,sh_sz_active_a
2016-09-02,2170.86,28.828365,1241.431,4306.28306944,2690,135,sh880008,sh_sz_active_a
2016-09-05,2182.69,29.562473,1211.1329744,4096.85950464,2696,135,sh880008,sh_sz_active_a
2016-09-06,2222.84,28.184181,1499.44658752,5320.17086464,2696,135,sh880008,sh_sz_active_a
2016-09-07,2212.05,25.617491,1434.92235008,5601.33832704,2692,135,sh880008,sh_sz_active_a
2016-09-08,2223.47,27.325217,1226.15274752,4487.25712896,2694,135,sh880008,sh_sz_active_a
2016-09-09,2202.97,25.821228,1241.26730624,4807.15833344,2690,135,sh880008,sh_sz_active_a
2016-09-12,2145.56,24.885128,1342.39515328,5394.36711936,2683,135,sh880008,sh_sz_active_a
2016-09-13,2145.87,30.248723,1199.48745984,3965.41526016,2685,135,sh880008,sh_sz_active_a
2016-09-14,2144.56,30.221038,1131.75092672,3744.91086848,2680,134,sh880008,sh_sz_active_a
2016-09-19,2165.21,27.635783,954.20880928,3452.8018432,2676,134,sh880008,sh_sz_active_a
2016-09-20,2158.43,30.436111,1082.86802976,3557.8396672,2685,135,sh880008,sh_sz_active_a
2016-09-21,2162.13,28.938804,1016.77291488,3513.52782848,2682,135,sh880008,sh_sz_active_a
2016-09-22,2168.42,29.37687,1224.57101792,4168.48707584,2683,135,sh880008,sh_sz_active_a
2016-09-23,2156.51,29.24473,1156.44774976,3954.3799808,2681,135,sh880008,sh_sz_active_a
2016-09-26,2122.9,24.725074,1050.04785056,4246.89467392,2685,135,sh880008,sh_sz_active_a
2016-09-27,2140.8,26.286314,920.1350992,3500.43406336,2689,135,sh880008,sh_sz_active_a
2016-09-28,2139.63,28.595963,872.03965344,3049.52016896,2697,135,sh880008,sh_sz_active_a
2016-09-29,2146.18,26.886847,868.44729824,3230.00795136,2696,135,sh880008,sh_sz_active_a
2016-09-30,2149.9,26.552342,792.03987264,2982.93788672,2702,136,sh880008,sh_sz_active_a
2016-10-10,2208.47,23.065094,1046.69821568,4538.01836544,2702,136,sh880008,sh_sz_active_a
2016-10-11,2210.86,26.266444,1215.9729216,4629.3778432,2702,136,sh880008,sh_sz_active_a
2016-10-12,2209.69,26.275061,1116.72457152,4250.13116928,2719,136,sh880008,sh_sz_active_a
2016-10-13,2208.57,25.545361,1103.00756896,4317.83903232,2718,136,sh880008,sh_sz_active_a
2016-10-14,2194.23,27.260127,1153.71163872,4232.2313216,2723,137,sh880008,sh_sz_active_a
2016-10-17,2167.86,24.745125,1146.4538976,4633.0494976,2726,137,sh880008,sh_sz_active_a
2016-10-18,2198.14,26.76008,1290.8580352,4823.8198784,2725,137,sh880008,sh_sz_active_a
2016-10-19,2184.91,27.206416,1345.98252352,4947.29822208,2725,137,sh880008,sh_sz_active_a
2016-10-20,2193.26,26.505303,1257.780272,4745.39098112,2724,137,sh880008,sh_sz_active_a
2016-10-21,2181.0,27.556036,1393.06466368,5055.38838528,2727,137,sh880008,sh_sz_active_a
2016-10-24,2200.8,28.882633,1626.73460736,5632.22413312,2734,137,sh880008,sh_sz_active_a
2016-10-25,2200.21,26.901325,1447.60960512,5381.18324224,2740,137,sh880008,sh_sz_active_a
2016-10-26,2184.49,26.735147,1461.76144512,5467.56460544,2746,138,sh880008,sh_sz_active_a
2016-10-27,2182.48,27.743577,1258.08686976,4534.69601792,2746,138,sh880008,sh_sz_active_a
2016-10-28,2165.43,28.836516,1472.79341696,5107.39021824,2748,138,sh880008,sh_sz_active_a
2016-10-31,2159.76,27.994385,1217.3011728,4348.37618688,2749,138,sh880008,sh_sz_active_a
2016-11-01,2176.45,28.1243,1359.55783488,4834.10378752,2754,138,sh880008,sh_sz_active_a
2016-11-02,2146.4,29.576334,1620.45737408,5478.89872896,2749,138,sh880008,sh_sz_active_a
2016-11-03,2153.18,32.168982,2058.79167552,6399.9279104,2757,138,sh880008,sh_sz_active_a
2016-11-04,2145.23,29.509263,1670.30518016,5660.27419648,2760,138,sh880008,sh_sz_active_a
2016-11-07,2130.3,28.841101,1473.90591616,5110.43567616,2759,138,sh880008,sh_sz_active_a
2016-11-08,2150.3,28.199551,1482.16618816,5255.9921152,2758,138,sh880008,sh_sz_active_a
2016-11-09,2123.84,28.88292,1886.45954176,6531.40164608,2759,138,sh880008,sh_sz_active_a
2016-11-10,2143.32,28.70251,1878.94940672,6546.2894592,2759,138,sh880008,sh_sz_active_a
2016-11-11,2147.11,30.430208,2312.07863872,7597.9718656,2758,138,sh880008,sh_sz_active_a
2016-11-14,2161.69,30.616975,2349.57561536,7674.09455104,2757,138,sh880008,sh_sz_active_a
2016-11-15,2179.3,28.541072,1798.61388224,6301.84411136,2753,138,sh880008,sh_sz_active_a
2016-11-16,2182.47,26.488582,1660.66611904,6269.36578048,2755,138,sh880008,sh_sz_active_a
2016-11-17,2163.04,27.581051,1503.39653952,5450.83129856,2746,138,sh880008,sh_sz_active_a
2016-11-18,2157.96,28.930963,1573.252608,5437.9544576,2747,138,sh880008,sh_sz_active_a
2016-11-21,2152.6,29.262227,1734.36732992,5926.98343424,2747,138,sh880008,sh_sz_active_a
2016-11-22,2177.65,27.844125,1846.78517568,6632.58464256,2754,138,sh880008,sh_sz_active_a
2016-11-23,2165.71,27.820727,1890.38606848,6794.8838912,2758,138,sh880008,sh_sz_active_a
2016-11-24,2146.63,28.779478,1822.63697024,6333.11330304,2760,138,sh880008,sh_sz_active_a
2016-11-25,2167.53,27.996099,1713.34069632,6119.92666112,2759,138,sh880008,sh_sz_active_a
2016-11-28,2166.04,33.684292,2160.96805184,6415.3583616,2757,138,sh880008,sh_sz_active_a
2016-11-29,2160.35,34.330625,2366.25173056,6892.5390848,2762,139,sh880008,sh_sz_active_a
2016-11-30,2183.05,33.505485,1886.38776384,5630.0863488,2771,139,sh880008,sh_sz_active_a
2016-12-01,2181.93,35.816528,2002.61333504,5591.31066368,2770,139,sh880008,sh_sz_active_a
2016-12-02,2143.45,33.025264,1971.28101376,5969.0090496,2774,139,sh880008,sh_sz_active_a
2016-12-05,2143.88,37.480803,1913.6851488,5105.77410048,2777,139,sh880008,sh_sz_active_a
2016-12-06,2122.26,35.059067,1471.10224384,4196.06790144,2782,140,sh880008,sh_sz_active_a
2016-12-07,2134.99,31.836111,1392.09756672,4372.69987328,2782,140,sh880008,sh_sz_active_a
2016-12-08,2114.71,32.789082,1489.50615808,4542.68944384,2786,140,sh880008,sh_sz_active_a
2016-12-09,2099.89,34.529405,1679.51139904,4864.0032768,2786,140,sh880008,sh_sz_active_a
2016-12-12,1984.39,28.627411,1864.02366976,6511.32469248,2784,140,sh880008,sh_sz_active_a
2016-12-13,1985.04,31.618581,1446.75741056,4575.65569024,2790,140,sh880008,sh_sz_active_a
2016-12-14,1963.08,33.664741,1577.08508544,4684.67908608,2798,140,sh880008,sh_sz_active_a
2016-12-15,1975.85,32.467512,1487.05642816,4580.13671424,2790,140,sh880008,sh_sz_active_a
2016-12-16,1998.11,31.65878,1371.704208,4332.7766528,2790,140,sh880008,sh_sz_active_a
2016-12-19,1980.41,30.963765,1235.87300416,3991.35244288,2788,140,sh880008,sh_sz_active_a
2016-12-20,1982.3,31.098499,1194.32412608,3840.45580288,2797,140,sh880008,sh_sz_active_a
2016-12-21,1991.7,31.31715,1344.44428416,4292.99695616,2800,140,sh880008,sh_sz_active_a
2016-12-22,1986.27,30.0365,1191.62954272,3967.27156736,2797,140,sh880008,sh_sz_active_a
2016-12-23,1964.54,30.521845,1234.1288384,4043.42800384,2803,141,sh880008,sh_sz_active_a
2016-12-26,1974.01,29.060295,1098.50691008,3780.09550848,2809,141,sh880008,sh_sz_active_a
2016-12-27,1968.62,31.084709,1127.49610976,3627.17282304,2816,141,sh880008,sh_sz_active_a
2016-12-28,1957.15,31.28329,1098.97119296,3512.9655296,2819,141,sh880008,sh_sz_active_a
2016-12-29,1959.24,30.507674,1043.9604752,3421.96027392,2819,141,sh880008,sh_sz_active_a
2016-12-30,1962.06,30.719691,1053.56016416,3429.5922688,2831,142,sh880008,sh_sz_active_a
2017-01-03,1963.26,28.185373,1011.97408512,3590.42285568,2829,142,sh880008,sh_sz_active_a
2017-01-04,1991.57,27.191748,1224.53990048,4503.35113216,2837,142,sh880008,sh_sz_active_a
2017-01-05,1983.97,28.522204,1282.47387136,4496.4052992,2836,142,sh880008,sh_sz_active_a
2017-01-06,1965.03,28.284957,1285.19371264,4543.73572608,2842,143,sh880008,sh_sz_active_a
2017-01-09,1961.62,28.701452,1191.30126496,4150.66554368,2842,143,sh880008,sh_sz_active_a
2017-01-10,1951.68,29.706594,1239.17272,4171.37262592,2846,143,sh880008,sh_sz_active_a
2017-01-11,1937.55,29.192957,1180.13151552,4042.52131328,2847,143,sh880008,sh_sz_active_a
2017-01-12,1930.14,28.597464,1039.35640768,3634.43552256,2853,143,sh880008,sh_sz_active_a
2017-01-13,1899.94,27.257786,1045.05944832,3833.98510592,2859,143,sh880008,sh_sz_active_a
2017-01-16,1830.85,26.693922,1391.65608,5213.38191872,2853,143,sh880008,sh_sz_active_a
2017-01-17,1867.87,27.663424,982.7958336,3552.69050368,2858,143,sh880008,sh_sz_active_a
2017-01-18,1845.79,32.945116,1042.58289824,3164.60531712,2863,144,sh880008,sh_sz_active_a
2017-01-19,1844.14,32.44368,965.79457248,2976.83419136,2862,144,sh880008,sh_sz_active_a
2017-01-20,1880.75,29.816153,962.15100928,3226.94545408,2873,144,sh880008,sh_sz_active_a
2017-01-23,1887.32,29.46393,976.83497056,3315.35876096,2879,144,sh880008,sh_sz_active_a
2017-01-24,1861.22,31.139982,952.30888736,3058.15486464,2882,145,sh880008,sh_sz_active_a
2017-01-25,1870.7,32.166086,910.94723968,2832.01142784,2888,145,sh880008,sh_sz_active_a
2017-01-26,1886.23,32.359233,872.46258688,2696.17823744,2890,145,sh880008,sh_sz_active_a
2017-02-03,1876.76,32.82007,786.9014768,2397.62276352,2883,145,sh880008,sh_sz_active_a
2017-02-06,1900.45,29.407623,967.29752384,3289.2747776,2884,145,sh880008,sh_sz_active_a
2017-02-07,1889.13,29.067668,1019.85976864,3508.57101312,2886,145,sh880008,sh_sz_active_a
2017-02-08,1903.63,30.265851,1168.66308096,3861.32574208,2893,145,sh880008,sh_sz_active_a
2017-02-09,1914.08,28.879955,1323.4460672,4582.57661952,2891,145,sh880008,sh_sz_active_a
2017-02-10,1904.68,30.869699,1537.51129344,4980.64883712,2892,145,sh880008,sh_sz_active_a
2017-02-13,1913.68,30.352349,1469.31766784,4840.86972416,2893,145,sh880008,sh_sz_active_a
2017-02-14,1909.4,31.586503,1360.785184,4308.12233728,2894,145,sh880008,sh_sz_active_a
2017-02-15,1892.36,29.410786,1526.81059904,5191.32872704,2901,146,sh880008,sh_sz_active_a
2017-02-16,1897.63,30.231541,1363.32957376,4509.62653184,2900,145,sh880008,sh_sz_active_a
2017-02-17,1882.87,31.074965,1550.2625152,4988.78283776,2902,146,sh880008,sh_sz_active_a
2017-02-20,1894.96,30.368029,1512.67038976,4981.12790528,2885,145,sh880008,sh_sz_active_a
2017-02-21,1921.08,27.110745,1351.16513344,4983.87320832,2892,145,sh880008,sh_sz_active_a
2017-02-22,1919.97,27.502251,1379.44234176,5015.74336512,2893,145,sh880008,sh_sz_active_a
2017-02-23,1925.95,26.40282,1366.53207808,5175.70494464,2895,145,sh880008,sh_sz_active_a
2017-02-24,1938.44,26.524701,1262.41495616,4759.39373056,2895,145,sh880008,sh_sz_active_a
2017-02-27,1926.77,26.077493,1217.3157152,4668.0702976,2894,145,sh880008,sh_sz_active_a
2017-02-28,1927.16,28.558461,1196.04102592,4188.04432896,2894,145,sh880008,sh_sz_active_a
2017-03-01,1931.97,28.812576,1428.79829568,4958.93970944,2898,145,sh880008,sh_sz_active_a
2017-03-02,1920.4,29.229421,1421.51992704,4863.31875328,2902,146,sh880008,sh_sz_active_a
2017-03-03,1928.29,29.112023,1307.5631728,4491.4884608,2901,146,sh880008,sh_sz_active_a
2017-03-06,1962.77,25.633828,1226.7474944,4785.65859328,2903,146,sh880008,sh_sz_active_a
2017-03-07,1977.85,26.891969,1331.56830208,4951.5462656,2908,146,sh880008,sh_sz_active_a
2017-03-08,1964.63,27.358789,1245.69493792,4553.18011904,2907,146,sh880008,sh_sz_active_a
2017-03-09,1953.94,28.265725,1271.97826784,4500.07302144,2907,146,sh880008,sh_sz_active_a
2017-03-10,1950.01,56.747512,1259.48537792,2219.45479168,2913,146,sh880008,sh_sz_active_a
2017-03-13,1970.88,29.196161,1384.57392,4742.31504896,2910,146,sh880008,sh_sz_active_a
2017-03-14,1958.02,28.322008,1301.78362688,4596.36768768,2913,146,sh880008,sh_sz_active_a
2017-03-15,1957.82,30.263015,1338.4695856,4422.79002112,2915,146,sh880008,sh_sz_active_a
2017-03-16,1966.73,29.169175,1604.4353632,5500.44827648,2913,146,sh880008,sh_sz_active_a
2017-03-17,1949.66,28.80161,1727.74127424,5998.76632576,2921,147,sh880008,sh_sz_active_a
2017-03-20,1953.82,29.695229,1471.20107712,4954.3348224,2913,146,sh880008,sh_sz_active_a
2017-03-21,1961.06,31.129981,1544.29712224,4960.8032256,2920,146,sh880008,sh_sz_active_a
2017-03-22,1948.58,29.196584,1592.66105408,5454.95678976,2921,147,sh880008,sh_sz_active_a
2017-03-23,1948.37,29.177862,1687.68779136,5784.13789184,2926,147,sh880008,sh_sz_active_a
2017-03-24,1965.14,32.464157,1824.74847104,5620.809728,2932,147,sh880008,sh_sz_active_a
2017-03-27,1947.53,30.741347,1650.35641024,5368.52332544,2929,147,sh880008,sh_sz_active_a
2017-03-28,1944.36,30.977375,1442.22200448,4655.72691968,2931,147,sh880008,sh_sz_active_a
2017-03-29,1929.2,30.985686,1671.75020224,5395.23383296,2942,148,sh880008,sh_sz_active_a
2017-03-30,1893.7,29.024402,1688.27820992,5816.75450368,2944,148,sh880008,sh_sz_active_a
2017-03-31,1907.34,32.013046,1483.15415296,4632.96790528,2943,148,sh880008,sh_sz_active_a
2017-04-05,1943.16,32.722585,1883.62911232,5756.3578368,2940,147,sh880008,sh_sz_active_a
2017-04-06,1944.23,34.128848,1886.43276864,5527.3848832,2939,147,sh880008,sh_sz_active_a
2017-04-07,1946.05,34.140853,1932.34261312,5659.91309312,2943,148,sh880008,sh_sz_active_a
2017-04-10,1912.45,33.229316,2077.41973248,6251.76805376,2937,147,sh880008,sh_sz_active_a
2017-04-11,1917.63,34.993017,2483.2923808,7096.53692416,2932,147,sh880008,sh_sz_active_a
2017-04-12,1897.51,39.075364,2550.40733376,6526.89342464,2951,148,sh880008,sh_sz_active_a
2017-04-13,1910.48,36.443942,1795.83377984,4927.66068736,2942,148,sh880008,sh_sz_active_a
2017-04-14,1887.46,34.815796,1777.99659904,5106.86756864,2942,148,sh880008,sh_sz_active_a
2017-04-17,1868.28,37.968433,1898.37324288,4999.872512,2959,148,sh880008,sh_sz_active_a
2017-04-18,1848.2,38.597216,1804.38862144,4674.91913728,2962,149,sh880008,sh_sz_active_a
2017-04-19,1845.38,34.752539,1713.65615808,4931.02432256,2967,149,sh880008,sh_sz_active_a
2017-04-20,1850.39,37.787155,1755.4364736,4645.59046656,2955,148,sh880008,sh_sz_active_a
2017-04-21,1839.01,39.248695,1500.27630816,3822.4871424,2959,148,sh880008,sh_sz_active_a
2017-04-24,1809.91,33.757671,1389.2313168,4115.30559488,2952,148,sh880008,sh_sz_active_a
2017-04-25,1818.87,39.369134,1522.024808,3866.0358144,2960,148,sh880008,sh_sz_active_a
2017-04-26,1820.48,42.305913,1820.43400288,4303.0249472,2964,149,sh880008,sh_sz_active_a
2017-04-27,1842.92,38.010741,1978.4843264,5205.06638336,2963,149,sh880008,sh_sz_active_a
2017-04-28,1850.73,39.671221,1650.82449312,4161.26468096,2960,148,sh880008,sh_sz_active_a
2017-05-02,1850.85,41.131476,1650.66153056,4013.1346432,2945,148,sh880008,sh_sz_active_a
2017-05-03,1840.45,41.052841,1769.47616864,4310.2404608,2963,149,sh880008,sh_sz_active_a
2017-05-04,1838.1,42.319068,1916.36128192,4528.36360192,2961,149,sh880008,sh_sz_active_a
2017-05-05,1818.19,39.294707,1714.0257856,4361.9762176,2964,149,sh880008,sh_sz_active_a
2017-05-08,1788.71,39.437574,1652.012512,4188.93037568,2963,149,sh880008,sh_sz_active_a
2017-05-09,1802.49,35.698368,1241.92571712,3478.9425152,2969,149,sh880008,sh_sz_active_a
2017-05-10,1771.32,36.973981,1486.97624352,4021.68283136,2966,149,sh880008,sh_sz_active_a
2017-05-11,1772.41,33.185432,1415.7892896,4266.29758976,2973,149,sh880008,sh_sz_active_a
2017-05-12,1774.63,40.953157,1528.95581184,3733.42601216,2965,149,sh880008,sh_sz_active_a
2017-05-15,1778.64,40.717854,1422.31211328,3493.09206528,2964,149,sh880008,sh_sz_active_a
2017-05-16,1814.94,37.954995,1747.3444896,4603.72738048,2958,148,sh880008,sh_sz_active_a
2017-05-17,1822.64,37.70195,1783.80609024,4731.33645824,2963,149,sh880008,sh_sz_active_a
2017-05-18,1813.51,39.467476,1578.03130592,3998.30810624,2967,149,sh880008,sh_sz_active_a
2017-05-19,1801.08,39.912637,1411.52694752,3536.54145024,2979,149,sh880008,sh_sz_active_a
2017-05-22,1788.08,35.192722,1361.34554688,3868.25879552,2980,149,sh880008,sh_sz_active_a
2017-05-23,1758.23,35.272384,1482.88558368,4204.09802752,2983,150,sh880008,sh_sz_active_a
2017-05-24,1776.28,35.384034,1210.43451584,3420.84943872,2986,150,sh880008,sh_sz_active_a
2017-05-25,1777.69,40.909826,1752.83092608,4284.6208,2983,150,sh880008,sh_sz_active_a
2017-05-26,1759.63,40.904616,1551.57327296,3793.14962432,2984,150,sh880008,sh_sz_active_a
2017-05-31,1763.73,38.524381,1497.56330112,3887.31305984,2983,150,sh880008,sh_sz_active_a
2017-06-01,1728.49,36.687307,1400.55664768,3817.55097088,2980,149,sh880008,sh_sz_active_a
2017-06-02,1745.93,33.937778,1157.34903808,3410.20868608,2979,149,sh880008,sh_sz_active_a
2017-06-05,1761.25,36.321172,1168.86677824,3218.14167552,2972,149,sh880008,sh_sz_active_a
2017-06-06,1766.39,36.506289,1086.65358656,2976.62021632,2973,149,sh880008,sh_sz_active_a
2017-06-07,1799.85,33.428453,1522.47984448,4554.44299776,2977,149,sh880008,sh_sz_active_a
2017-06-08,1794.75,35.035496,1493.24535648,4262.0928,2978,149,sh880008,sh_sz_active_a
2017-06-09,1796.13,36.451421,1476.76091552,4051.31231232,2983,150,sh880008,sh_sz_active_a
2017-06-12,1775.55,35.717157,1382.01511712,3869.33129216,2985,150,sh880008,sh_sz_active_a
2017-06-13,1795.63,33.47056,1194.18342432,3567.86208768,2987,150,sh880008,sh_sz_active_a
2017-06-14,1790.64,35.059903,1339.86791456,3821.6531968,2993,150,sh880008,sh_sz_active_a
2017-06-15,1816.26,30.735655,1268.96139712,4128.62971904,2995,150,sh880008,sh_sz_active_a
2017-06-16,1810.05,34.778129,1262.33760704,3629.68809472,3004,151,sh880008,sh_sz_active_a
2017-06-19,1816.4,33.894846,1188.82000768,3507.3769472,3004,151,sh880008,sh_sz_active_a
2017-06-20,1820.98,34.571391,1376.77513376,3982.41169408,3011,151,sh880008,sh_sz_active_a
2017-06-21,1824.69,36.733579,1439.99763008,3920.11251712,3018,151,sh880008,sh_sz_active_a
2017-06-22,1798.38,37.08872,1771.75610496,4777.07534336,3014,151,sh880008,sh_sz_active_a
2017-06-23,1807.43,35.571769,1440.90667104,4050.70282752,3020,151,sh880008,sh_sz_active_a
2017-06-26,1821.28,39.045156,1713.43934784,4388.35314688,3018,151,sh880008,sh_sz_active_a
2017-06-27,1819.93,34.487529,1319.74221504,3826.72306176,3022,152,sh880008,sh_sz_active_a
2017-06-28,1808.2,36.932667,1371.89690976,3714.58932736,3022,152,sh880008,sh_sz_active_a
2017-06-29,1813.55,36.920765,1296.77382688,3512.31574016,3022,152,sh880008,sh_sz_active_a
2017-06-30,1818.07,35.10125,1185.0957824,3376.22106112,3019,151,sh880008,sh_sz_active_a
2017-07-03,1835.99,34.680641,1281.37920704,3694.7968,3019,151,sh880008,sh_sz_active_a
2017-07-04,1829.51,36.326049,1394.16490432,3837.92054272,3023,152,sh880008,sh_sz_active_a
2017-07-05,1836.63,35.245283,1443.79808416,4096.4292608,3028,152,sh880008,sh_sz_active_a
2017-07-06,1839.0,34.158058,1626.34933088,4761.24643328,3024,152,sh880008,sh_sz_active_a
2017-07-07,1835.44,33.181067,1546.22865024,4659.97266944,3024,152,sh880008,sh_sz_active_a
2017-07-10,1803.25,33.289634,1665.4728096,5002.97728,3022,152,sh880008,sh_sz_active_a
2017-07-11,1783.91,36.659615,1675.29307968,4569.86001408,3026,152,sh880008,sh_sz_active_a
2017-07-12,1786.75,36.41527,1632.22778528,4482.26197504,3028,152,sh880008,sh_sz_active_a
2017-07-13,1778.86,39.506984,1729.30936704,4377.22447872,3025,152,sh880008,sh_sz_active_a
2017-07-14,1745.57,37.351498,1438.81444352,3852.0930304,3030,152,sh880008,sh_sz_active_a
2017-07-17,1656.43,35.808649,2037.4578976,5689.8486272,3030,152,sh880008,sh_sz_active_a
2017-07-18,1667.49,38.376123,1580.94079904,4119.59492608,3019,151,sh880008,sh_sz_active_a
2017-07-19,1684.77,41.614882,2181.05907712,5241.05547776,3020,151,sh880008,sh_sz_active_a
2017-07-20,1688.61,39.96395,2009.77330688,5028.9655808,3021,152,sh880008,sh_sz_active_a
2017-07-21,1690.15,39.45655,1750.8157312,4437.32590592,3030,152,sh880008,sh_sz_active_a
2017-07-24,1686.44,38.806135,1911.15314752,4924.87376896,3034,152,sh880008,sh_sz_active_a
2017-07-25,1688.09,39.482533,1713.6370336,4340.24087552,3035,152,sh880008,sh_sz_active_a
2017-07-26,1681.31,41.593074,1915.07857408,4604.32080896,3036,152,sh880008,sh_sz_active_a
2017-07-27,1742.19,36.253545,2001.48732416,5520.80441344,3045,153,sh880008,sh_sz_active_a
2017-07-28,1734.07,38.764497,1777.51837952,4585.42874624,3046,153,sh880008,sh_sz_active_a
2017-07-31,1736.3,39.562157,2136.42582208,5400.17524736,3047,153,sh880008,sh_sz_active_a
2017-08-01,1741.07,39.016036,2112.86096448,5415.36550912,3052,153,sh880008,sh_sz_active_a
2017-08-02,1724.83,40.383629,2359.13367168,5841.8069504,3064,154,sh880008,sh_sz_active_a
2017-08-03,1733.12,40.098646,2092.39015424,5218.10673664,3066,154,sh880008,sh_sz_active_a
2017-08-04,1719.62,40.087175,2271.1449408,5665.5151104,3063,154,sh880008,sh_sz_active_a
2017-08-07,1732.43,41.293958,1896.48568512,4592.64688128,3068,154,sh880008,sh_sz_active_a
2017-08-08,1762.42,40.628754,2139.88804736,5266.9300736,3072,154,sh880008,sh_sz_active_a
2017-08-09,1763.05,40.537876,2014.52355712,4969.48477952,3078,154,sh880008,sh_sz_active_a
2017-08-10,1753.67,38.854959,2034.11016512,5235.13659392,3084,155,sh880008,sh_sz_active_a
2017-08-11,1742.14,39.487606,2114.47834688,5354.78992896,3085,155,sh880008,sh_sz_active_a
2017-08-14,1793.48,39.882731,1881.51547456,4717.61944576,3089,155,sh880008,sh_sz_active_a
2017-08-15,1798.57,39.150926,1781.00164416,4549.06642432,3089,155,sh880008,sh_sz_active_a
2017-08-16,1825.19,37.114341,1821.5876096,4908.04248576,3093,155,sh880008,sh_sz_active_a
2017-08-17,1833.4,36.297452,1905.7305696,5250.3150592,3088,155,sh880008,sh_sz_active_a
2017-08-18,1821.8,36.911937,1770.21494144,4795.77899008,3094,155,sh880008,sh_sz_active_a
2017-08-21,1829.22,37.047885,1686.70880768,4552.78034944,3101,156,sh880008,sh_sz_active_a
2017-08-22,1814.92,39.219959,1899.72348288,4843.76707072,3099,155,sh880008,sh_sz_active_a
2017-08-23,1807.37,38.381555,1653.12765216,4307.08883456,3106,156,sh880008,sh_sz_active_a
2017-08-24,1795.74,35.931739,1463.85266336,4073.98219776,3105,156,sh880008,sh_sz_active_a
2017-08-25,1812.88,39.599455,1844.6625408,4658.30281216,3110,156,sh880008,sh_sz_active_a
2017-08-28,1842.83,40.0709,2565.99480832,6403.63659264,3115,156,sh880008,sh_sz_active_a
2017-08-29,1831.59,36.419894,2057.3268608,5648.90959872,3114,156,sh880008,sh_sz_active_a
2017-08-30,1838.63,38.015159,2131.5229216,5607.0340608,3112,156,sh880008,sh_sz_active_a
2017-08-31,1849.38,37.755217,2059.3048416,5454.35844608,3113,156,sh880008,sh_sz_active_a
2017-09-01,1865.25,38.411347,2459.4718592,6402.98254336,3129,157,sh880008,sh_sz_active_a
2017-09-04,1883.62,35.163554,2271.24601856,6459.09118976,3125,157,sh880008,sh_sz_active_a
2017-09-05,1885.16,35.031024,1969.28228416,5621.53783296,3132,157,sh880008,sh_sz_active_a
2017-09-06,1902.86,36.318742,2181.74714432,6007.22112512,3132,157,sh880008,sh_sz_active_a
2017-09-07,1890.38,34.748752,2183.0276736,6282.31962624,3130,157,sh880008,sh_sz_active_a
2017-09-08,1885.27,35.34464,1951.47268288,5521.26906368,3121,157,sh880008,sh_sz_active_a
2017-09-11,1896.38,36.649532,2159.0254336,5891.00417024,3121,157,sh880008,sh_sz_active_a
2017-09-12,1884.48,38.248676,2893.1027872,7563.9291904,3123,157,sh880008,sh_sz_active_a
2017-09-13,1888.43,37.268914,2008.87355008,5390.21213696,3127,157,sh880008,sh_sz_active_a
2017-09-14,1879.25,34.977951,2048.35811968,5856.14098432,3129,157,sh880008,sh_sz_active_a
2017-09-15,1875.63,37.670476,2127.67067456,5648.1120256,3133,157,sh880008,sh_sz_active_a
2017-09-18,1894.8,36.965897,1906.6838016,5157.953536,3135,157,sh880008,sh_sz_active_a
2017-09-19,1880.3,35.788712,1873.19156544,5234.02903552,3145,158,sh880008,sh_sz_active_a
2017-09-20,1892.67,35.260746,1908.24545984,5411.81247488,3147,158,sh880008,sh_sz_active_a
2017-09-21,1872.77,34.885892,1925.84261888,5520.4052992,3156,158,sh880008,sh_sz_active_a
2017-09-22,1866.42,33.904386,1650.70182976,4868.69696512,3163,159,sh880008,sh_sz_active_a
2017-09-25,1843.62,34.373742,1608.3958352,4679.1409664,3165,159,sh880008,sh_sz_active_a
2017-09-26,1839.46,35.017588,1404.460264,4010.72816128,3174,159,sh880008,sh_sz_active_a
2017-09-27,1854.94,38.084542,1590.74809088,4176.88649728,3172,159,sh880008,sh_sz_active_a
2017-09-28,1854.73,35.734799,1575.95756576,4410.14812672,3176,159,sh880008,sh_sz_active_a
2017-09-29,1866.98,37.31537,1619.15511104,4339.11037952,3179,159,sh880008,sh_sz_active_a
2017-10-09,1889.84,37.801952,2032.27235136,5376.10420224,3177,159,sh880008,sh_sz_active_a
2017-10-10,1917.46,35.772687,1938.03465408,5417.63796992,3180,159,sh880008,sh_sz_active_a
2017-10-11,1901.55,34.457012,1956.75017856,5678.8156416,3180,159,sh880008,sh_sz_active_a
2017-10-12,1899.99,33.351364,1603.73556928,4808.605696,3182,160,sh880008,sh_sz_active_a
2017-10-13,1926.07,33.296253,1525.91283872,4582.83646976,3189,160,sh880008,sh_sz_active_a
2017-10-16,1882.69,32.733573,1785.12364352,5453.4946816,3190,160,sh880008,sh_sz_active_a
2017-10-17,1876.99,35.116041,1366.3953536,3891.08596736,3186,160,sh880008,sh_sz_active_a
2017-10-18,1868.16,35.498444,1567.60284576,4415.9762432,3187,160,sh880008,sh_sz_active_a
2017-10-19,1862.61,34.645369,1499.92885088,4329.37762816,3186,160,sh880008,sh_sz_active_a
2017-10-20,1880.21,36.086121,1307.07563616,3622.10066432,3189,160,sh880008,sh_sz_active_a
2017-10-23,1898.76,35.058411,1343.90770784,3833.33892096,3192,160,sh880008,sh_sz_active_a
2017-10-24,1901.69,35.486403,1443.6879552,4068.2848256,3189,160,sh880008,sh_sz_active_a
2017-10-25,1913.26,35.115802,1365.89066816,3889.67530496,3194,160,sh880008,sh_sz_active_a
2017-10-26,1910.72,38.969757,1993.92506368,5116.59606016,3194,160,sh880008,sh_sz_active_a
2017-10-27,1896.22,37.392089,1730.10876608,4626.93793792,3197,160,sh880008,sh_sz_active_a
2017-10-30,1855.99,37.594785,2111.9008896,5617.53686016,3203,161,sh880008,sh_sz_active_a
2017-10-31,1869.79,40.432848,1744.52781056,4314.63006208,3212,161,sh880008,sh_sz_active_a
2017-11-01,1872.75,40.079255,1929.34466112,4813.82367232,3217,161,sh880008,sh_sz_active_a
2017-11-02,1847.56,37.469996,1759.5403456,4695.86477056,3227,162,sh880008,sh_sz_active_a
2017-11-03,1832.97,38.665916,1797.68432512,4649.27391744,3232,162,sh880008,sh_sz_active_a
2017-11-06,1850.3,40.493528,1880.7676592,4644.61299712,3235,162,sh880008,sh_sz_active_a
2017-11-07,1859.07,42.207015,2217.01169344,5252.70908928,3238,162,sh880008,sh_sz_active_a
2017-11-08,1866.14,41.006576,2287.44261504,5578.23361024,3242,163,sh880008,sh_sz_active_a
2017-11-09,1884.11,40.288882,1940.37742592,4816.16101376,3245,163,sh880008,sh_sz_active_a
2017-11-10,1900.63,41.116399,2333.26405952,5674.77731328,3245,163,sh880008,sh_sz_active_a
2017-11-13,1906.44,40.320645,2402.67174528,5958.91191808,3241,163,sh880008,sh_sz_active_a
2017-11-14,1896.72,39.666842,2392.08659456,6030.44380672,3241,163,sh880008,sh_sz_active_a
2017-11-15,1868.08,42.124095,2206.76756224,5238.7299328,3243,163,sh880008,sh_sz_active_a
2017-11-16,1878.26,42.520102,2084.93215616,4903.40352,3236,162,sh880008,sh_sz_active_a
2017-11-17,1833.9,41.293135,2665.46718144,6454.98863616,3243,163,sh880008,sh_sz_active_a
2017-11-20,1859.75,44.324371,2166.95925248,4888.86632448,3240,162,sh880008,sh_sz_active_a
2017-11-21,1856.96,48.740721,2739.7918496,5621.15575808,3241,163,sh880008,sh_sz_active_a
2017-11-22,1853.38,48.655804,2751.7209792,5655.48351488,3240,162,sh880008,sh_sz_active_a
2017-11-23,1794.78,47.121216,2610.54586816,5540.06478848,3239,162,sh880008,sh_sz_active_a
2017-11-24,1782.66,47.70351,2097.9652288,4397.92631808,3237,162,sh880008,sh_sz_active_a
2017-11-27,1760.9,48.413624,2086.64001568,4310.02648576,3241,163,sh880008,sh_sz_active_a
2017-11-28,1793.87,45.02779,1671.00027168,3711.04219136,3232,162,sh880008,sh_sz_active_a
2017-11-29,1787.38,44.188612,2018.02428096,4566.84240896,3235,162,sh880008,sh_sz_active_a
2017-11-30,1770.3,44.486115,1789.36653728,4022.30345728,3232,162,sh880008,sh_sz_active_a
2017-12-01,1804.62,45.376012,1757.58216288,3873.37289728,3235,162,sh880008,sh_sz_active_a
2017-12-04,1797.77,41.727469,1698.20020416,4069.74169088,3230,162,sh880008,sh_sz_active_a
2017-12-05,1758.59,44.783999,2159.71715136,4822.51964416,3236,162,sh880008,sh_sz_active_a
2017-12-06,1784.31,44.480695,1748.3944528,3930.68150784,3235,162,sh880008,sh_sz_active_a
2017-12-07,1776.99,44.406506,1553.05119488,3497.35059456,3228,162,sh880008,sh_sz_active_a
2017-12-08,1792.16,43.004043,1602.50925536,3726.41529856,3232,162,sh880008,sh_sz_active_a
2017-12-11,1816.98,44.168095,1774.42005824,4017.42495744,3227,162,sh880008,sh_sz_active_a
2017-12-12,1798.69,43.984606,1664.29193696,3783.80550144,3228,162,sh880008,sh_sz_active_a
2017-12-13,1806.09,44.443313,1492.6307472,3358.50471424,3226,162,sh880008,sh_sz_active_a
2017-12-14,1794.34,42.748834,1529.91953152,3578.85673472,3231,162,sh880008,sh_sz_active_a
2017-12-15,1783.97,42.755282,1608.93874784,3763.134464,3238,162,sh880008,sh_sz_active_a
2017-12-18,1780.64,42.673206,1460.8990576,3423.45744384,3238,162,sh880008,sh_sz_active_a
2017-12-19,1798.5,43.032896,1431.59429696,3326.74400256,3237,162,sh880008,sh_sz_active_a
2017-12-20,1782.41,42.54065,1541.45341376,3623.48347392,3245,163,sh880008,sh_sz_active_a
2017-12-21,1789.74,43.384142,1669.57274944,3848.34797568,3241,163,sh880008,sh_sz_active_a
2017-12-22,1779.34,41.925641,1413.31245728,3370.99784192,3244,163,sh880008,sh_sz_active_a
2017-12-25,1755.81,42.110214,1604.75208448,3810.8381184,3248,163,sh880008,sh_sz_active_a
2017-12-26,1758.82,40.919659,1490.7960048,3643.22684928,3247,163,sh880008,sh_sz_active_a
2017-12-27,1745.24,42.14216,1727.11836416,4098.31473152,3247,163,sh880008,sh_sz_active_a
2017-12-28,1745.02,43.069431,1826.45251328,4240.7165952,3242,163,sh880008,sh_sz_active_a
2017-12-29,1752.65,41.620127,1521.73570144,3656.24950784,3249,163,sh880008,sh_sz_active_a
2018-01-02,1769.67,44.457596,1979.2647376,4452.02825216,3250,163,sh880008,sh_sz_active_a
2018-01-03,1795.38,42.869332,2277.76669824,5313.27778816,3258,163,sh880008,sh_sz_active_a
2018-01-04,1794.61,43.160044,2141.09403264,4960.8245248,3256,163,sh880008,sh_sz_active_a
2018-01-05,1801.42,43.123518,2150.39458944,4986.59360768,3260,163,sh880008,sh_sz_active_a
2018-01-08,1806.16,45.06086,2514.9678976,5581.26923776,3261,164,sh880008,sh_sz_active_a
2018-01-09,1803.59,43.092463,2077.6779136,4821.44157696,3263,164,sh880008,sh_sz_active_a
2018-01-10,1791.08,43.272368,2232.83075072,5159.9458304,3264,164,sh880008,sh_sz_active_a
2018-01-11,1804.23,43.384405,2069.23881088,4769.54525696,3267,164,sh880008,sh_sz_active_a
2018-01-12,1785.7,42.18747,1944.61086464,4609.45129472,3267,164,sh880008,sh_sz_active_a
2018-01-15,1732.62,44.73717,2618.42425216,5852.905472,3272,164,sh880008,sh_sz_active_a
2018-01-16,1729.6,47.178866,2523.67134144,5349.1564544,3275,164,sh880008,sh_sz_active_a
2018-01-17,1742.03,48.684048,2967.81538112,6096.0735232,3271,164,sh880008,sh_sz_active_a
2018-01-18,1738.0,48.963211,2372.24852672,4844.96113664,3270,164,sh880008,sh_sz_active_a
2018-01-19,1728.14,49.423528,2674.05501952,5410.4899584,3276,164,sh880008,sh_sz_active_a
2018-01-22,1768.21,46.803918,2418.95662016,5168.27807744,3269,164,sh880008,sh_sz_active_a
2018-01-23,1767.83,50.992907,2657.09651264,5210.71788032,3271,164,sh880008,sh_sz_active_a
2018-01-24,1813.28,48.020566,2883.18249536,6004.0577024,3278,164,sh880008,sh_sz_active_a
2018-01-25,1810.83,44.142251,2564.34382592,5809.27291392,3272,164,sh880008,sh_sz_active_a
2018-01-26,1816.8,47.292462,2372.05335424,5015.71125248,3269,164,sh880008,sh_sz_active_a
2018-01-29,1799.77,47.994247,2662.81578432,5548.19780608,3265,164,sh880008,sh_sz_active_a
2018-01-30,1782.4,47.312209,2069.295152,4373.7022464,3265,164,sh880008,sh_sz_active_a
2018-01-31,1735.06,42.808452,2113.19497728,4936.39663616,3261,164,sh880008,sh_sz_active_a
2018-02-01,1697.39,43.446017,2461.434128,5665.50003712,3257,163,sh880008,sh_sz_active_a
2018-02-02,1702.43,45.329218,2095.93596544,4623.80793856,3213,161,sh880008,sh_sz_active_a
2018-02-05,1688.27,53.370328,2386.17892352,4470.98421248,3165,159,sh880008,sh_sz_active_a
2018-02-06,1598.12,50.6815,2833.19382784,5590.19327488,3159,158,sh880008,sh_sz_active_a
2018-02-07,1616.4,52.37656,2755.56998208,5261.07475968,3147,158,sh880008,sh_sz_active_a
2018-02-08,1641.43,52.857996,2175.59456128,4115.92327168,3142,158,sh880008,sh_sz_active_a
2018-02-09,1592.51,51.117896,2523.15681792,4935.95590656,3148,158,sh880008,sh_sz_active_a
2018-02-12,1648.07,47.168215,1648.11061568,3494.11278848,3164,159,sh880008,sh_sz_active_a
2018-02-13,1648.58,47.808994,1658.35755904,3468.71463936,3171,159,sh880008,sh_sz_active_a
2018-02-14,1646.77,47.465048,1123.4225216,2366.8416512,3185,160,sh880008,sh_sz_active_a
2018-02-22,1677.76,48.256906,1568.25663232,3249.80768768,3196,160,sh880008,sh_sz_active_a
2018-02-23,1668.83,46.363406,1541.02300832,3323.79160576,3205,161,sh880008,sh_sz_active_a
2018-02-26,1729.15,44.384141,2072.40402752,4669.24437504,3221,162,sh880008,sh_sz_active_a
2018-02-27,1743.54,43.459065,2002.33837056,4607.41246976,3230,162,sh880008,sh_sz_active_a
2018-02-28,1753.63,42.499036,1804.31999968,4245.55511808,3225,162,sh880008,sh_sz_active_a
2018-03-01,1789.85,41.506889,1793.9133056,4321.96517888,3222,162,sh880008,sh_sz_active_a
2018-03-02,1772.01,40.623828,1692.270456,4165.7090048,3233,162,sh880008,sh_sz_active_a
2018-03-05,1795.69,41.485015,1601.77777856,3861.09964288,3227,162,sh880008,sh_sz_active_a
2018-03-06,1797.61,41.738111,2078.80602048,4980.59444224,3228,162,sh880008,sh_sz_active_a
2018-03-07,1785.27,40.8283,1748.47865312,4282.51643904,3232,162,sh880008,sh_sz_active_a
2018-03-08,1793.22,39.152814,1577.04885696,4027.93234432,3229,162,sh880008,sh_sz_active_a
2018-03-09,1856.46,36.823079,1884.31541632,5117.2130816,3231,162,sh880008,sh_sz_active_a
2018-03-12,1882.41,37.605933,2281.32886208,6066.40668672,3234,162,sh880008,sh_sz_active_a
2018-03-13,1872.68,35.880842,1801.53757184,5020.8899072,3230,162,sh880008,sh_sz_active_a
2018-03-14,1841.29,38.299469,1706.3959552,4455.40368384,3229,162,sh880008,sh_sz_active_a
2018-03-15,1848.71,37.301267,1622.5301456,4349.79897344,3236,162,sh880008,sh_sz_active_a
2018-03-16,1821.32,38.857096,1537.9166976,3957.87862016,3239,162,sh880008,sh_sz_active_a
2018-03-19,1842.92,38.58836,1530.59764096,3966.47497728,3242,163,sh880008,sh_sz_active_a
2018-03-20,1864.62,35.298068,1418.80681088,4019.50277632,3238,162,sh880008,sh_sz_active_a
2018-03-21,1829.91,36.181676,1741.35666368,4812.81376256,3242,163,sh880008,sh_sz_active_a
2018-03-22,1817.23,37.507012,1588.72033248,4235.79549696,3244,163,sh880008,sh_sz_active_a
2018-03-23,1726.02,36.645284,2325.99976512,6347.33723648,3249,163,sh880008,sh_sz_active_a
2018-03-26,1780.61,39.299178,1849.62469888,4706.52256256,3250,163,sh880008,sh_sz_active_a
2018-03-27,1844.69,37.264792,2012.78634496,5401.3083648,3244,163,sh880008,sh_sz_active_a
2018-03-28,1835.15,38.483152,1922.6602528,4996.1091072,3241,163,sh880008,sh_sz_active_a
2018-03-29,1842.19,39.902969,1910.10849408,4786.88313344,3241,163,sh880008,sh_sz_active_a
2018-03-30,1900.48,35.225649,1749.10394688,4965.42711808,3247,163,sh880008,sh_sz_active_a
2018-04-02,1900.25,34.902197,2004.35528832,5742.77681152,3251,163,sh880008,sh_sz_active_a
2018-04-03,1872.47,34.62331,1671.47773056,4827.60818688,3252,163,sh880008,sh_sz_active_a
2018-04-04,1836.81,34.468183,1626.0075712,4717.41595648,3255,163,sh880008,sh_sz_active_a
2018-04-09,1841.65,34.415062,1502.44718464,4365.6675328,3250,163,sh880008,sh_sz_active_a
2018-04-10,1835.52,34.850967,1690.28283072,4850.03132928,3255,163,sh880008,sh_sz_active_a
2018-04-11,1834.63,34.372971,1654.71403328,4813.9976704,3255,163,sh880008,sh_sz_active_a
2018-04-12,1826.89,33.04184,1415.87607488,4285.10052352,3263,164,sh880008,sh_sz_active_a
2018-04-13,1824.59,33.980669,1346.14525696,3961.50308864,3264,164,sh880008,sh_sz_active_a
2018-04-16,1838.71,37.821009,1703.57867136,4504.31844352,3261,164,sh880008,sh_sz_active_a
2018-04-17,1783.74,38.723775,1805.05789312,4661.36858624,3259,163,sh880008,sh_sz_active_a
2018-04-18,1822.26,40.413154,1997.18893696,4941.92787456,3254,163,sh880008,sh_sz_active_a
2018-04-19,1820.28,40.343934,1948.17164992,4828.90842112,3255,163,sh880008,sh_sz_active_a
2018-04-20,1782.81,38.871723,1737.89776416,4470.85346816,3253,163,sh880008,sh_sz_active_a
2018-04-23,1753.05,39.973057,1573.223232,3935.70910208,3258,163,sh880008,sh_sz_active_a
2018-04-24,1806.86,40.737104,1841.9304512,4521.5055872,3259,163,sh880008,sh_sz_active_a
2018-04-25,1819.41,37.291389,1563.74471424,4193.31309568,3264,164,sh880008,sh_sz_active_a
2018-04-26,1781.28,39.656916,1684.64839712,4248.05695488,3264,164,sh880008,sh_sz_active_a
2018-04-27,1805.6,42.625933,1755.59535776,4118.60860928,3270,164,sh880008,sh_sz_active_a
2018-05-02,1801.57,37.918748,1459.79046048,3849.78550784,3266,164,sh880008,sh_sz_active_a
2018-05-03,1826.79,36.90765,1503.0021632,4072.33232896,3277,164,sh880008,sh_sz_active_a
2018-05-04,1814.85,36.073449,1299.54571168,3602.4991744,3276,164,sh880008,sh_sz_active_a
2018-05-07,1852.34,35.582587,1500.4318976,4216.75892736,3281,165,sh880008,sh_sz_active_a
2018-05-08,1856.87,36.217583,1606.23937888,4434.97119744,3279,164,sh880008,sh_sz_active_a
2018-05-09,1855.81,33.334969,1274.70005728,3823.9125504,3279,164,sh880008,sh_sz_active_a
2018-05-10,1865.36,33.495732,1381.62868704,4124.79029248,3284,165,sh880008,sh_sz_active_a
2018-05-11,1834.78,35.262914,1459.68781184,4139.44184832,3289,165,sh880008,sh_sz_active_a
2018-05-14,1830.98,39.210403,1595.47111904,4068.99949568,3294,165,sh880008,sh_sz_active_a
2018-05-15,1858.01,36.541816,1380.81203136,3778.71761408,3294,165,sh880008,sh_sz_active_a
2018-05-16,1846.67,35.369501,1420.61967296,4016.51040256,3303,166,sh880008,sh_sz_active_a
2018-05-17,1831.2,35.633498,1271.80584128,3569.1298816,3307,166,sh880008,sh_sz_active_a
2018-05-18,1836.75,35.151038,1321.58107616,3759.72134912,3307,166,sh880008,sh_sz_active_a
2018-05-21,1862.48,34.478338,1589.29982944,4609.56041216,3303,166,sh880008,sh_sz_active_a
2018-05-22,1876.0,33.933286,1486.43100736,4380.45114368,3303,166,sh880008,sh_sz_active_a
2018-05-23,1845.97,34.986649,1611.09152384,4604.87524352,3305,166,sh880008,sh_sz_active_a
2018-05-24,1838.4,34.931113,1334.26610208,3819.7067776,3301,166,sh880008,sh_sz_active_a
2018-05-25,1804.55,33.266945,1324.97570976,3982.85963264,3304,166,sh880008,sh_sz_active_a
2018-05-28,1796.91,33.981077,1351.67721216,3977.73504512,3311,166,sh880008,sh_sz_active_a
2018-05-29,1773.65,36.136399,1472.14866112,4073.86652672,3307,166,sh880008,sh_sz_active_a
2018-05-30,1726.22,34.458559,1508.42433312,4377.50267904,3303,166,sh880008,sh_sz_active_a
2018-05-31,1743.74,39.514403,1608.0415408,4069.50739968,3300,165,sh880008,sh_sz_active_a
2018-06-01,1709.55,36.638753,1374.74852576,3752.17061888,3301,166,sh880008,sh_sz_active_a
2018-06-04,1702.93,41.562604,1435.78352224,3454.50807296,3307,166,sh880008,sh_sz_active_a
2018-06-05,1746.11,40.200608,1489.48632512,3705.13379328,3310,166,sh880008,sh_sz_active_a
2018-06-06,1743.25,38.375601,1380.5341056,3597.426688,3307,166,sh880008,sh_sz_active_a
2018-06-07,1730.38,38.919119,1400.6792816,3598.94908928,3301,166,sh880008,sh_sz_active_a
2018-06-08,1711.52,37.330819,1321.05389504,3538.77557248,3299,165,sh880008,sh_sz_active_a
2018-06-11,1688.62,40.342773,1293.7584384,3206.91503104,3305,166,sh880008,sh_sz_active_a
2018-06-12,1712.77,40.441879,1418.81263424,3508.27577344,3305,166,sh880008,sh_sz_active_a
2018-06-13,1685.89,41.098032,1408.35508064,3426.81878528,3307,166,sh880008,sh_sz_active_a
2018-06-14,1673.32,41.187694,1306.29971584,3171.57769216,3304,166,sh880008,sh_sz_active_a
2018-06-15,1641.66,37.017765,1316.91131872,3557.51165952,3299,165,sh880008,sh_sz_active_a
2018-06-19,1547.15,42.146769,1994.03087328,4731.15951104,3283,165,sh880008,sh_sz_active_a
2018-06-20,1563.79,38.649649,1344.81879776,3479.51104,3287,165,sh880008,sh_sz_active_a
2018-06-21,1521.68,39.561552,1408.77954848,3560.98146304,3286,165,sh880008,sh_sz_active_a
2018-06-22,1549.66,40.385327,1207.98196288,2991.14070016,3290,165,sh880008,sh_sz_active_a
2018-06-25,1538.56,43.185934,1328.87198208,3077.09444096,3297,165,sh880008,sh_sz_active_a
2018-06-26,1564.92,42.056477,1369.45723392,3256.23382016,3301,166,sh880008,sh_sz_active_a
2018-06-27,1546.23,43.153297,1406.89088704,3260.21644288,3311,166,sh880008,sh_sz_active_a
2018-06-28,1543.66,41.943196,1283.18115456,3059.33090816,3316,166,sh880008,sh_sz_active_a
2018-06-29,1606.71,37.936375,1300.78926944,3428.87071744,3323,167,sh880008,sh_sz_active_a
2018-07-02,1588.37,39.450868,1410.04481216,3574.1794304,3334,167,sh880008,sh_sz_active_a
2018-07-03,1607.12,42.439215,1670.734464,3936.7704576,3344,168,sh880008,sh_sz_active_a
2018-07-04,1565.61,39.605372,1305.05229056,3295.13959424,3344,168,sh880008,sh_sz_active_a
2018-07-05,1532.68,39.959665,1259.97088,3153.10669824,3348,168,sh880008,sh_sz_active_a
2018-07-06,1541.31,40.692514,1449.49891648,3562.07755264,3348,168,sh880008,sh_sz_active_a
2018-07-09,1581.93,40.603998,1322.69039488,3257.5373312,3357,168,sh880008,sh_sz_active_a
2018-07-10,1592.98,38.957595,1269.37069216,3258.33949184,3360,168,sh880008,sh_sz_active_a
2018-07-11,1563.01,37.590105,1281.5130352,3409.17649408,3358,168,sh880008,sh_sz_active_a
2018-07-12,1614.63,39.545738,1643.25996544,4155.34022656,3356,168,sh880008,sh_sz_active_a
2018-07-13,1618.46,40.262221,1473.0688256,3658.68744704,3363,169,sh880008,sh_sz_active_a
2018-07-16,1616.91,40.325666,1311.48706592,3252.23907328,3372,169,sh880008,sh_sz_active_a
2018-07-17,1621.63,40.299919,1243.29769696,3085.1121152,3374,169,sh880008,sh_sz_active_a
2018-07-18,1607.88,38.917545,1312.45489376,3372.3990016,3377,169,sh880008,sh_sz_active_a
2018-07-19,1590.06,39.278249,1220.68015776,3107.77643008,3379,169,sh880008,sh_sz_active_a
2018-07-20,1609.55,43.534507,1515.793416,3481.82052864,3383,170,sh880008,sh_sz_active_a
2018-07-23,1620.97,41.708604,1713.30115008,4107.788288,3384,170,sh880008,sh_sz_active_a
2018-07-24,1629.61,41.485297,2043.27780896,4925.30597888,3383,170,sh880008,sh_sz_active_a
2018-07-25,1632.32,38.255243,1519.09787584,3970.95337984,3386,170,sh880008,sh_sz_active_a
2018-07-26,1606.12,36.673279,1393.85105952,3800.72656896,3387,170,sh880008,sh_sz_active_a
2018-07-27,1594.57,35.16866,1092.05870112,3105.20414208,3387,170,sh880008,sh_sz_active_a
2018-07-30,1559.64,36.528651,1192.60763936,3264.85540864,3389,170,sh880008,sh_sz_active_a
2018-07-31,1561.26,39.247829,1071.24564736,2729.439232,3393,170,sh880008,sh_sz_active_a
2018-08-01,1541.86,39.499548,1296.6917456,3282.8014592,3397,170,sh880008,sh_sz_active_a
2018-08-02,1510.09,38.209708,1447.83241728,3789.17421056,3399,170,sh880008,sh_sz_active_a
2018-08-03,1481.61,41.546652,1182.24403584,2845.58196736,3403,171,sh880008,sh_sz_active_a
2018-08-06,1440.8,40.899739,1189.00434688,2907.119616,3406,171,sh880008,sh_sz_active_a
2018-08-07,1479.44,41.03543,1298.50184224,3164.34317312,3411,171,sh880008,sh_sz_active_a
2018-08-08,1447.76,39.10304,1192.8597456,3050.5549824,3409,171,sh880008,sh_sz_active_a
2018-08-09,1497.61,38.6207,1339.46812864,3468.26473472,3411,171,sh880008,sh_sz_active_a
2018-08-10,1511.71,38.284454,1102.63411264,2880.10928128,3411,171,sh880008,sh_sz_active_a
2018-08-13,1531.34,40.110639,1204.70588544,3003.45720832,3411,171,sh880008,sh_sz_active_a
2018-08-14,1518.49,39.55408,1061.01476704,2682.44074496,3413,171,sh880008,sh_sz_active_a
2018-08-15,1478.51,39.31214,1091.79584832,2777.2485632,3415,171,sh880008,sh_sz_active_a
2018-08-16,1463.87,41.288262,1116.63618016,2704.48820224,3415,171,sh880008,sh_sz_active_a
2018-08-17,1434.31,41.070967,1089.54148512,2652.82650112,3419,171,sh880008,sh_sz_active_a
2018-08-20,1435.69,41.798054,1105.59523872,2645.0878464,3422,172,sh880008,sh_sz_active_a
2018-08-21,1456.97,43.411822,1218.30979232,2806.40094208,3424,172,sh880008,sh_sz_active_a
2018-08-22,1439.55,39.786152,911.61904256,2291.29732096,3424,172,sh880008,sh_sz_active_a
2018-08-23,1455.5,42.366061,1067.75868928,2520.31614976,3422,172,sh880008,sh_sz_active_a
2018-08-24,1450.09,41.948665,1002.6673696,2390.22473216,3426,172,sh880008,sh_sz_active_a
2018-08-27,1493.43,42.009128,1357.07023776,3230.41755136,3429,172,sh880008,sh_sz_active_a
2018-08-28,1493.11,41.193948,1199.66213952,2912.22913024,3433,172,sh880008,sh_sz_active_a
2018-08-29,1481.19,40.632753,1000.18283072,2461.51872512,3433,172,sh880008,sh_sz_active_a
2018-08-30,1457.92,40.358457,1022.1895104,2532.77650944,3435,172,sh880008,sh_sz_active_a
2018-08-31,1435.2,43.565307,1081.93333776,2483.47459584,3437,172,sh880008,sh_sz_active_a
2018-09-03,1443.69,40.309409,978.94340592,2428.57295872,3439,172,sh880008,sh_sz_active_a
2018-09-04,1455.5,40.736784,1090.65918272,2677.33254144,3440,172,sh880008,sh_sz_active_a
2018-09-05,1430.24,40.458384,1046.12651648,2585.68536064,3441,173,sh880008,sh_sz_active_a
2018-09-06,1422.87,42.792449,1067.11229248,2493.69296896,3440,172,sh880008,sh_sz_active_a
2018-09-07,1425.23,42.50325,1155.67304224,2719.02277632,3437,172,sh880008,sh_sz_active_a
2018-09-10,1390.82,41.187461,1020.0436032,2476.58774528,3436,172,sh880008,sh_sz_active_a
2018-09-11,1395.17,40.621719,897.53842128,2209.50380544,3439,172,sh880008,sh_sz_active_a
2018-09-12,1385.8,41.571997,904.71828112,2176.26853376,3440,172,sh880008,sh_sz_active_a
2018-09-13,1391.28,43.551256,1135.44637536,2607.14954752,3447,173,sh880008,sh_sz_active_a
2018-09-14,1366.57,41.211313,1032.9125536,2506.38106624,3448,173,sh880008,sh_sz_active_a
2018-09-17,1349.78,38.105939,787.52403696,2066.67005952,3447,173,sh880008,sh_sz_active_a
2018-09-18,1377.3,40.735317,1032.63260896,2534.98114048,3451,173,sh880008,sh_sz_active_a
2018-09-19,1392.4,40.459388,1293.29376352,3196.5233152,3450,173,sh880008,sh_sz_active_a
2018-09-20,1387.62,38.930262,974.36159648,2502.83851776,3452,173,sh880008,sh_sz_active_a
2018-09-21,1411.12,42.742305,1373.06294432,3212.42136576,3457,173,sh880008,sh_sz_active_a
2018-09-25,1405.81,41.8438,1013.61858048,2422.38652416,3463,174,sh880008,sh_sz_active_a
2018-09-26,1420.75,43.624894,1352.97978688,3101.39387904,3466,174,sh880008,sh_sz_active_a
2018-09-27,1400.36,39.676492,1134.19208384,2858.59971072,3467,174,sh880008,sh_sz_active_a
2018-09-28,1411.34,42.898703,1128.10317408,2629.69065472,3468,174,sh880008,sh_sz_active_a
2018-10-08,1353.67,44.005351,1270.10271648,2886.24607232,3464,174,sh880008,sh_sz_active_a
2018-10-09,1345.95,42.258745,978.94322,2316.54588416,3474,174,sh880008,sh_sz_active_a
2018-10-10,1346.7,42.570313,1003.84022176,2358.07571968,3478,174,sh880008,sh_sz_active_a
2018-10-11,1261.88,38.124265,1365.2840496,3581.14197504,3476,174,sh880008,sh_sz_active_a
2018-10-12,1268.41,38.525161,1188.9112512,3086.06435328,3480,174,sh880008,sh_sz_active_a
2018-10-15,1250.22,40.145028,957.71689184,2385.64261888,3478,174,sh880008,sh_sz_active_a
2018-10-16,1216.69,39.386048,928.75426592,2358.07932416,3483,175,sh880008,sh_sz_active_a
2018-10-17,1231.86,41.390123,1069.19931904,2583.22333696,3485,175,sh880008,sh_sz_active_a
2018-10-18,1205.03,40.884419,979.05624112,2394.6928128,3481,175,sh880008,sh_sz_active_a
2018-10-19,1249.89,44.229121,1268.20330176,2867.3490944,3478,174,sh880008,sh_sz_active_a
2018-10-22,1314.94,43.680403,1841.48978368,4215.8260224,3473,174,sh880008,sh_sz_active_a
2018-10-23,1292.06,44.539334,1591.41117952,3573.04664064,3474,174,sh880008,sh_sz_active_a
2018-10-24,1284.1,46.363104,1376.65926944,2969.29918976,3474,174,sh880008,sh_sz_active_a
2018-10-25,1273.6,43.681672,1277.04413216,2923.52393216,3470,174,sh880008,sh_sz_active_a
2018-10-26,1263.19,42.650386,1204.5736464,2824.29718528,3472,174,sh880008,sh_sz_active_a
2018-10-29,1250.48,45.694379,1166.26152096,2552.3085312,3479,174,sh880008,sh_sz_active_a
2018-10-30,1259.95,46.001755,1429.36864512,3107.20462848,3483,175,sh880008,sh_sz_active_a
2018-10-31,1275.57,40.713051,1281.02108576,3146.46298624,3478,174,sh880008,sh_sz_active_a
2018-11-01,1286.33,40.838688,1564.41930304,3830.72862208,3480,174,sh880008,sh_sz_active_a
2018-11-02,1348.28,42.174695,1901.86168,4509.48530176,3481,175,sh880008,sh_sz_active_a
2018-11-05,1348.88,36.871342,1450.22631392,3933.20726528,3491,175,sh880008,sh_sz_active_a
2018-11-06,1349.11,36.907393,1157.79371904,3137.02383616,3490,175,sh880008,sh_sz_active_a
2018-11-07,1345.77,37.764593,1279.14076384,3387.1429632,3494,175,sh880008,sh_sz_active_a
2018-11-08,1329.59,36.500709,1081.89080768,2964.02681856,3497,175,sh880008,sh_sz_active_a
2018-11-09,1322.83,39.423277,1080.61332448,2741.05401344,3501,176,sh880008,sh_sz_active_a
2018-11-12,1368.79,35.201576,1193.3565072,3390.06554112,3505,176,sh880008,sh_sz_active_a
2018-11-13,1392.05,32.36431,1473.3583296,4552.41695232,3507,176,sh880008,sh_sz_active_a
2018-11-14,1385.73,32.021233,1314.97865216,4106.58340864,3508,176,sh880008,sh_sz_active_a
2018-11-15,1405.25,30.633138,1236.35258048,4035.99720448,3513,176,sh880008,sh_sz_active_a
2018-11-16,1403.28,33.354368,1585.38612896,4753.1589632,3519,176,sh880008,sh_sz_active_a
2018-11-19,1394.4,34.046261,1497.27203456,4397.75756288,3519,176,sh880008,sh_sz_active_a
2018-11-20,1355.33,33.507586,1412.67454752,4215.98429184,3519,176,sh880008,sh_sz_active_a
2018-11-21,1363.03,34.457437,1195.55636864,3469.66130688,3518,176,sh880008,sh_sz_active_a
2018-11-22,1353.92,33.292567,1015.90805952,3051.4561024,3523,177,sh880008,sh_sz_active_a
2018-11-23,1308.74,31.93195,1143.77583168,3581.91661056,3525,177,sh880008,sh_sz_active_a
2018-11-26,1304.56,34.511633,879.24434656,2547.67529984,3524,177,sh880008,sh_sz_active_a
2018-11-27,1315.43,35.289452,885.2625152,2508.57537536,3525,177,sh880008,sh_sz_active_a
2018-11-28,1341.08,34.355161,1003.5594416,2921.13154048,3532,177,sh880008,sh_sz_active_a
2018-11-29,1312.72,34.611397,1074.33647488,3103.9963136,3532,177,sh880008,sh_sz_active_a
2018-11-30,1329.39,35.021666,934.78948192,2669.174784,3535,177,sh880008,sh_sz_active_a
2018-12-03,1372.79,37.394636,1588.09094688,4246.84158976,3537,177,sh880008,sh_sz_active_a
2018-12-04,1378.75,33.987359,1121.84081568,3300.75897856,3539,177,sh880008,sh_sz_active_a
2018-12-05,1381.77,34.827124,1121.57215104,3220.39840768,3539,177,sh880008,sh_sz_active_a
2018-12-06,1345.76,37.532016,1166.25422304,3107.3583104,3540,177,sh880008,sh_sz_active_a
2018-12-07,1341.02,35.5042,854.9070096,2407.90388736,3543,178,sh880008,sh_sz_active_a
2018-12-10,1326.85,35.576173,855.75484208,2405.41564928,3547,178,sh880008,sh_sz_active_a
2018-12-11,1338.08,34.179068,746.20294,2183.21616896,3543,178,sh880008,sh_sz_active_a
2018-12-12,1338.73,34.571548,769.39104608,2225.50360064,3546,178,sh880008,sh_sz_active_a
2018-12-13,1348.5,36.872753,1123.3773392,3046.6326528,3547,178,sh880008,sh_sz_active_a
2018-12-14,1310.46,34.648895,1011.1450944,2918.260736,3547,178,sh880008,sh_sz_active_a
2018-12-17,1299.17,35.045522,834.51834976,2381.24105728,3546,178,sh880008,sh_sz_active_a
2018-12-18,1293.34,35.169011,808.32286144,2298.39519744,3544,178,sh880008,sh_sz_active_a
2018-12-19,1268.81,37.679481,817.88266912,2170.63145472,3543,178,sh880008,sh_sz_active_a
2018-12-20,1278.16,39.826886,920.08849856,2310.21953024,3548,178,sh880008,sh_sz_active_a
2018-12-21,1270.3,40.53967,957.15446256,2361.03172096,3548,178,sh880008,sh_sz_active_a
2018-12-24,1284.33,36.528385,778.81729104,2132.08793088,3548,178,sh880008,sh_sz_active_a
2018-12-25,1273.45,34.641266,955.26387424,2757.5894016,3543,178,sh880008,sh_sz_active_a
2018-12-26,1264.07,36.415173,842.0657344,2312.40351744,3542,178,sh880008,sh_sz_active_a
2018-12-27,1248.08,37.124066,979.32250848,2637.97211136,3542,178,sh880008,sh_sz_active_a
2018-12-28,1250.53,38.642867,926.17156912,2396.7465472,3549,178,sh880008,sh_sz_active_a
2019-01-02,1228.77,40.719226,920.7829376,2261.29772544,3553,178,sh880008,sh_sz_active_a
2019-01-03,1214.5,38.648566,973.49610144,2518.84142592,3554,178,sh880008,sh_sz_active_a
2019-01-04,1245.16,39.021955,1256.61113504,3220.267008,3554,178,sh880008,sh_sz_active_a
2019-01-07,1268.06,36.417808,1263.91588064,3470.59847168,3553,178,sh880008,sh_sz_active_a
2019-01-08,1263.51,36.810116,1102.66265216,2995.5424256,3556,178,sh880008,sh_sz_active_a
2019-01-09,1262.52,37.316123,1414.17171488,3789.70701824,3556,178,sh880008,sh_sz_active_a
2019-01-10,1258.99,39.050141,1223.06610816,3132.04015104,3558,178,sh880008,sh_sz_active_a
2019-01-11,1261.56,36.851502,1090.64080768,2959.55595264,3559,178,sh880008,sh_sz_active_a
2019-01-14,1246.0,37.064195,1049.02352736,2830.28815872,3556,178,sh880008,sh_sz_active_a
2019-01-15,1266.27,39.280794,1254.5624608,3193.83175168,3556,178,sh880008,sh_sz_active_a
2019-01-16,1267.3,37.152052,1131.07174784,3044.43949056,3558,178,sh880008,sh_sz_active_a
2019-01-17,1251.41,37.368207,1098.50957728,2939.69035264,3561,179,sh880008,sh_sz_active_a
2019-01-18,1269.5,40.271461,1314.5867232,3264.31342592,3559,178,sh880008,sh_sz_active_a
2019-01-21,1274.79,39.506252,1236.4101568,3129.6569344,3559,178,sh880008,sh_sz_active_a
2019-01-22,1252.24,36.898602,1027.63494816,2785.02408192,3560,178,sh880008,sh_sz_active_a
2019-01-23,1251.13,36.108427,880.52358336,2438.55425536,3559,178,sh880008,sh_sz_active_a
2019-01-24,1265.16,38.278615,1149.7826688,3003.72066304,3562,179,sh880008,sh_sz_active_a
2019-01-25,1265.49,38.98697,1219.17368032,3127.13117696,3562,179,sh880008,sh_sz_active_a
2019-01-28,1259.74,38.987338,1168.21324864,2996.39144448,3564,179,sh880008,sh_sz_active_a
2019-01-29,1243.59,35.750685,1049.6607376,2936.05769216,3564,179,sh880008,sh_sz_active_a
2019-01-30,1230.82,38.672787,916.9323872,2371.0015488,3568,179,sh880008,sh_sz_active_a
2019-01-31,1227.99,38.394673,1096.4943312,2855.85014784,3567,179,sh880008,sh_sz_active_a
2019-02-01,1271.27,39.998307,1046.16094432,2615.513088,3568,179,sh880008,sh_sz_active_a
2019-02-11,1316.1,39.506916,1262.65811904,3196.043264,3570,179,sh880008,sh_sz_active_a
2019-02-12,1332.27,37.548295,1370.117552,3648.94748672,3570,179,sh880008,sh_sz_active_a
2019-02-13,1357.67,37.714229,1786.7050896,4737.482752,3571,179,sh880008,sh_sz_active_a
2019-02-14,1361.94,38.143941,1590.977544,4170.98366976,3572,179,sh880008,sh_sz_active_a
2019-02-15,1357.84,39.615131,1656.05659488,4180.36383744,3572,179,sh880008,sh_sz_active_a
2019-02-18,1413.6,36.230509,1982.83097792,5472.821248,3571,179,sh880008,sh_sz_active_a
2019-02-19,1406.04,35.079952,2123.75136896,6054.03152384,3571,179,sh880008,sh_sz_active_a
2019-02-20,1408.38,36.009243,1796.9086128,4990.13156864,3566,179,sh880008,sh_sz_active_a
2019-02-21,1412.54,35.922085,2220.53155328,6181.52198144,3571,179,sh880008,sh_sz_active_a
2019-02-22,1456.3,38.615158,2401.0887488,6217.99538688,3573,179,sh880008,sh_sz_active_a
2019-02-25,1536.37,36.572552,3801.98135424,10395.7233664,3569,179,sh880008,sh_sz_active_a
2019-02-26,1546.99,37.684823,4133.28602752,10968.03876864,3569,179,sh880008,sh_sz_active_a
2019-02-27,1520.42,37.880926,3373.64282624,8905.91444992,3568,179,sh880008,sh_sz_active_a
2019-02-28,1535.68,36.428461,2411.00440448,6618.46360064,3569,179,sh880008,sh_sz_active_a
2019-03-01,1567.87,39.778942,2641.44401344,6640.3074048,3573,179,sh880008,sh_sz_active_a
2019-03-04,1619.71,37.197916,3890.03386112,10457.66602752,3573,179,sh880008,sh_sz_active_a
2019-03-05,1676.57,33.833686,3031.21463168,8959.16179456,3571,179,sh880008,sh_sz_active_a
2019-03-06,1700.5,34.125612,3772.85940992,11055.79999232,3567,179,sh880008,sh_sz_active_a
2019-03-07,1692.42,33.766719,3936.87988864,11659.05362944,3571,179,sh880008,sh_sz_active_a
2019-03-08,1654.49,35.359664,4184.31224064,11833.57468672,3574,179,sh880008,sh_sz_active_a
2019-03-11,1727.8,35.33422,3335.4596384,9439.7431808,3575,179,sh880008,sh_sz_active_a
2019-03-12,1773.43,32.434579,3686.1099808,11364.75373568,3572,179,sh880008,sh_sz_active_a
2019-03-13,1693.86,33.845997,3555.92989568,10506.20526592,3570,179,sh880008,sh_sz_active_a
2019-03-14,1650.19,33.880639,2751.11215488,8120.01263616,3572,179,sh880008,sh_sz_active_a
2019-03-15,1662.62,35.054742,2629.18268736,7500.21967872,3574,179,sh880008,sh_sz_active_a
2019-03-18,1707.06,35.479367,2952.38169792,8321.40476416,3570,179,sh880008,sh_sz_active_a
2019-03-19,1708.87,33.08381,2564.96651904,7752.93566976,3571,179,sh880008,sh_sz_active_a
2019-03-20,1687.9,33.129188,2582.6193056,7795.60091648,3573,179,sh880008,sh_sz_active_a
2019-03-21,1703.85,33.732583,2986.93164224,8854.73738752,3572,179,sh880008,sh_sz_active_a
2019-03-22,1693.87,32.456326,2601.15984512,8014.3384576,3570,179,sh880008,sh_sz_active_a
2019-03-25,1668.84,32.849868,2690.21039168,8189.41001728,3564,179,sh880008,sh_sz_active_a
2019-03-26,1630.19,32.135064,2467.86358912,7679.65986816,3565,179,sh880008,sh_sz_active_a
2019-03-27,1637.77,34.002388,2259.47330432,6645.04303616,3560,178,sh880008,sh_sz_active_a
2019-03-28,1626.82,35.150453,2332.00991552,6634.3665664,3562,179,sh880008,sh_sz_active_a
2019-03-29,1693.55,37.615574,3144.11058176,8358.53418496,3565,179,sh880008,sh_sz_active_a
2019-04-01,1760.89,34.360609,3584.4379584,10431.82321664,3569,179,sh880008,sh_sz_active_a
2019-04-02,1754.16,33.62995,3490.59856448,10379.4343936,3574,179,sh880008,sh_sz_active_a
2019-04-03,1768.18,34.763104,3242.76281472,9328.17403904,3566,179,sh880008,sh_sz_active_a
2019-04-04,1777.26,33.71463,3385.64021248,10042.05047808,3568,179,sh880008,sh_sz_active_a
2019-04-08,1739.66,32.635572,3480.08871296,10663.48314624,3575,179,sh880008,sh_sz_active_a
2019-04-09,1741.17,33.769714,2835.94009088,8397.88003328,3575,179,sh880008,sh_sz_active_a
2019-04-10,1726.64,35.965525,3231.27403392,8984.36497408,3578,179,sh880008,sh_sz_active_a
2019-04-11,1691.1,33.497145,2736.42289024,8169.12269312,3574,179,sh880008,sh_sz_active_a
2019-04-12,1695.73,34.004917,2233.69465152,6568.74012672,3579,179,sh880008,sh_sz_active_a
2019-04-15,1666.9,35.008506,2714.24617984,7753.10475264,3580,179,sh880008,sh_sz_active_a
2019-04-16,1697.53,36.257717,2866.80581696,7906.74669568,3579,179,sh880008,sh_sz_active_a
2019-04-17,1717.44,34.999564,2904.28899328,8298.07198208,3585,180,sh880008,sh_sz_active_a
2019-04-18,1704.55,35.38751,2664.99185216,7530.8826624,3589,180,sh880008,sh_sz_active_a
2019-04-19,1715.8,36.209235,2607.42105216,7200.98361344,3587,180,sh880008,sh_sz_active_a
2019-04-22,1697.51,37.368406,3003.9498016,8038.74209792,3586,180,sh880008,sh_sz_active_a
2019-04-23,1683.8,36.289615,2658.90731648,7326.90972672,3585,180,sh880008,sh_sz_active_a
2019-04-24,1718.85,37.655639,2455.14336448,6519.98855168,3587,180,sh880008,sh_sz_active_a
2019-04-25,1669.98,34.980778,2564.22898368,7330.39427584,3579,179,sh880008,sh_sz_active_a
2019-04-26,1657.82,36.443907,2273.024912,6237.05063424,3577,179,sh880008,sh_sz_active_a
2019-04-29,1615.62,36.234666,2338.67449088,6454.24611328,3568,179,sh880008,sh_sz_active_a
2019-04-30,1623.78,37.753738,1873.73744576,4963.05143808,3552,178,sh880008,sh_sz_active_a
2019-05-06,1494.89,38.657463,2540.90336512,6572.86627328,3575,179,sh880008,sh_sz_active_a
2019-05-07,1504.16,38.932118,2093.59359744,5377.54861568,3577,179,sh880008,sh_sz_active_a
2019-05-08,1481.87,37.478477,1830.98130976,4885.42076928,3577,179,sh880008,sh_sz_active_a
2019-05-09,1469.48,39.860349,1729.1942528,4338.13127168,3583,180,sh880008,sh_sz_active_a
2019-05-10,1533.87,38.456035,2345.41202944,6098.944,3584,180,sh880008,sh_sz_active_a
2019-05-13,1503.06,38.078275,1774.61812416,4660.44780544,3581,180,sh880008,sh_sz_active_a
2019-05-14,1494.6,39.895764,1816.7747744,4553.80369408,3582,180,sh880008,sh_sz_active_a
2019-05-15,1528.69,39.628562,2031.37103424,5126.0276736,3583,180,sh880008,sh_sz_active_a
2019-05-16,1533.67,37.279117,1946.0874576,5220.31529984,3586,180,sh880008,sh_sz_active_a
2019-05-17,1478.75,36.765124,2108.37008128,5734.7014656,3589,180,sh880008,sh_sz_active_a
2019-05-20,1469.31,39.363511,1820.61990688,4625.14618368,3586,180,sh880008,sh_sz_active_a
2019-05-21,1493.72,39.858889,1910.47778848,4793.10348288,3590,180,sh880008,sh_sz_active_a
2019-05-22,1488.63,41.65602,1954.32783648,4691.58559744,3592,180,sh880008,sh_sz_active_a
2019-05-23,1451.24,41.161622,1911.8110128,4644.6444544,3593,180,sh880008,sh_sz_active_a
2019-05-24,1443.75,40.7062,1549.92807712,3807.59703552,3595,180,sh880008,sh_sz_active_a
2019-05-27,1491.95,39.503822,1787.5639728,4525.04059904,3598,180,sh880008,sh_sz_active_a
2019-05-28,1505.16,40.61436,2027.58638464,4992.28934144,3597,180,sh880008,sh_sz_active_a
2019-05-29,1497.89,41.579779,1853.6324992,4458.0143104,3600,180,sh880008,sh_sz_active_a
2019-05-30,1485.24,39.386317,1785.83768256,4534.15763968,3598,180,sh880008,sh_sz_active_a
2019-05-31,1483.66,39.010972,1706.10396064,4373.39521024,3599,180,sh880008,sh_sz_active_a
2019-06-03,1468.98,38.741125,1855.79231808,4790.23857664,3595,180,sh880008,sh_sz_active_a
2019-06-04,1456.27,40.032607,1690.61749824,4223.10117376,3596,180,sh880008,sh_sz_active_a
2019-06-05,1451.18,40.102536,1634.75415104,4076.4358656,3596,180,sh880008,sh_sz_active_a
2019-06-06,1416.06,38.137488,1474.18824352,3865.45713152,3599,180,sh880008,sh_sz_active_a
2019-06-10,1431.34,41.332181,1515.23205376,3665.98619136,3595,180,sh880008,sh_sz_active_a
2019-06-11,1487.35,40.2187,2273.02368384,5651.65883392,3596,180,sh880008,sh_sz_active_a
2019-06-12,1473.9,41.884356,2149.72170752,5132.51704832,3595,180,sh880008,sh_sz_active_a
2019-06-13,1479.83,39.505388,1776.37347936,4496.5347328,3595,180,sh880008,sh_sz_active_a
2019-06-14,1453.96,37.07899,1663.91565696,4487.4891264,3597,180,sh880008,sh_sz_active_a
2019-06-17,1442.35,38.943538,1306.90210816,3355.88950016,3596,180,sh880008,sh_sz_active_a
2019-06-18,1455.75,39.338092,1265.39752224,3216.7231488,3598,180,sh880008,sh_sz_active_a
2019-06-19,1469.99,39.87072,2008.82354176,5038.34279936,3599,180,sh880008,sh_sz_active_a
2019-06-20,1498.01,41.632537,2509.35584768,6027.39113984,3601,181,sh880008,sh_sz_active_a
2019-06-21,1523.81,37.381744,2323.11063104,6214.5593344,3602,181,sh880008,sh_sz_active_a
2019-06-24,1514.46,39.114418,1935.6084256,4948.58043392,3605,181,sh880008,sh_sz_active_a
2019-06-25,1498.47,41.2742,2117.93201152,5131.37016832,3605,181,sh880008,sh_sz_active_a
2019-06-26,1504.55,38.010042,1488.34339712,3915.65836288,3605,181,sh880008,sh_sz_active_a
2019-06-27,1525.24,39.40208,1873.98431904,4756.05434368,3607,181,sh880008,sh_sz_active_a
2019-06-28,1511.51,36.726821,1525.31466336,4153.13559552,3612,181,sh880008,sh_sz_active_a
2019-07-01,1568.16,39.659348,2434.14920704,6137.643008,3610,181,sh880008,sh_sz_active_a
2019-07-02,1570.51,38.097784,2051.41527808,5384.60520448,3611,181,sh880008,sh_sz_active_a
2019-07-03,1544.36,39.636981,1933.99449088,4879.26792192,3610,181,sh880008,sh_sz_active_a
2019-07-04,1532.74,38.50428,1687.77590528,4383.34619648,3607,181,sh880008,sh_sz_active_a
2019-07-05,1547.74,38.462719,1438.78509056,3740.72639488,3612,181,sh880008,sh_sz_active_a
2019-07-08,1506.66,37.248552,1742.84134592,4678.95058432,3609,181,sh880008,sh_sz_active_a
2019-07-09,1517.79,40.891365,1437.90217792,3516.39568384,3605,181,sh880008,sh_sz_active_a
2019-07-10,1510.43,39.062098,1294.52133536,3314.00871936,3607,181,sh880008,sh_sz_active_a
2019-07-11,1514.2,39.849654,1387.93491616,3482.92841472,3605,181,sh880008,sh_sz_active_a
2019-07-12,1518.07,39.838304,1314.10221888,3298.58973696,3609,181,sh880008,sh_sz_active_a
2019-07-15,1547.47,39.040479,1648.56590784,4222.70926848,3611,181,sh880008,sh_sz_active_a
2019-07-16,1545.27,38.646975,1361.53777792,3523.01252608,3613,181,sh880008,sh_sz_active_a
2019-07-17,1550.22,40.77129,1554.89645216,3813.70433536,3612,181,sh880008,sh_sz_active_a
2019-07-18,1524.48,39.99688,1451.58939776,3629.25654016,3613,181,sh880008,sh_sz_active_a
2019-07-19,1541.98,40.896688,1430.6339904,3498.1658624,3613,181,sh880008,sh_sz_active_a
2019-07-22,1515.97,42.532272,1760.73720544,4139.76756224,3640,182,sh880008,sh_sz_active_a
2019-07-23,1534.93,42.625865,1377.44065376,3231.46678272,3640,182,sh880008,sh_sz_active_a
2019-07-24,1553.72,41.4731,1659.62466144,4001.68943616,3638,182,sh880008,sh_sz_active_a
2019-07-25,1566.08,44.708815,1785.39541056,3993.38569728,3641,183,sh880008,sh_sz_active_a
2019-07-26,1561.86,41.944076,1475.37514464,3517.48161536,3642,183,sh880008,sh_sz_active_a
2019-07-29,1566.52,42.317271,1454.18299936,3436.3817984,3644,183,sh880008,sh_sz_active_a
2019-07-30,1580.13,41.22136,1583.36407744,3841.12525312,3644,183,sh880008,sh_sz_active_a
2019-07-31,1570.39,41.964262,1499.76637504,3573.91335424,3646,183,sh880008,sh_sz_active_a
2019-08-01,1573.87,42.554169,1590.64363328,3737.92669696,3646,183,sh880008,sh_sz_active_a
2019-08-02,1556.74,43.91192,1996.7430784,4547.15506688,3648,183,sh880008,sh_sz_active_a
2019-08-05,1531.37,44.433794,1847.87236224,4158.70943232,3649,183,sh880008,sh_sz_active_a
2019-08-06,1507.91,42.58086,2228.29134496,5233.08204032,3651,183,sh880008,sh_sz_active_a
2019-08-07,1500.25,43.482002,1635.68451168,3761.75067136,3650,183,sh880008,sh_sz_active_a
2019-08-08,1522.97,45.630058,1674.73375968,3670.24242688,3650,183,sh880008,sh_sz_active_a
2019-08-09,1507.71,43.895628,1670.47164576,3805.55362304,3652,183,sh880008,sh_sz_active_a
2019-08-12,1539.91,45.535125,1651.13515008,3626.0691968,3653,183,sh880008,sh_sz_active_a
2019-08-13,1524.36,44.164052,1499.46322816,3395.2120832,3652,183,sh880008,sh_sz_active_a
2019-08-14,1536.66,44.009115,1770.0449024,4021.99609344,3650,183,sh880008,sh_sz_active_a
2019-08-15,1555.77,41.739931,1643.65798752,3937.8550784,3655,183,sh880008,sh_sz_active_a
2019-08-16,1567.99,42.805347,1841.0386992,4300.95499264,3654,183,sh880008,sh_sz_active_a
2019-08-19,1622.84,41.273765,2399.5311712,5813.69593856,3651,183,sh880008,sh_sz_active_a
2019-08-20,1611.59,38.15414,1997.46570336,5235.25292032,3651,183,sh880008,sh_sz_active_a
2019-08-21,1609.83,39.345948,1787.40122912,4542.783488,3651,183,sh880008,sh_sz_active_a
2019-08-22,1613.46,39.259253,1727.43153376,4400.06213632,3651,183,sh880008,sh_sz_active_a
2019-08-23,1615.56,39.919239,1874.00291168,4694.48556544,3651,183,sh880008,sh_sz_active_a
2019-08-26,1600.8,40.029139,1844.91365344,4608.92667904,3653,183,sh880008,sh_sz_active_a
2019-08-27,1628.12,39.443155,2201.09859392,5580.43234304,3654,183,sh880008,sh_sz_active_a
2019-08-28,1625.19,37.937708,1872.10469728,4934.680576,3657,183,sh880008,sh_sz_active_a
2019-08-29,1620.86,39.381727,1882.443792,4779.99300608,3656,183,sh880008,sh_sz_active_a
2019-08-30,1610.9,40.287235,2234.12085312,5545.48068352,3660,183,sh880008,sh_sz_active_a
2019-09-02,1652.29,38.587663,2134.18417024,5530.74229248,3661,184,sh880008,sh_sz_active_a
2019-09-03,1660.43,39.878288,2250.05273536,5642.30029312,3662,184,sh880008,sh_sz_active_a
2019-09-04,1669.41,39.140084,2370.46826368,6056.36984832,3661,184,sh880008,sh_sz_active_a
2019-09-05,1689.05,38.226423,3047.43054208,7972.05266432,3663,184,sh880008,sh_sz_active_a
2019-09-06,1692.24,40.080472,2540.26158592,6337.90332928,3663,184,sh880008,sh_sz_active_a
2019-09-09,1733.23,38.272429,2739.59659392,7158.1466624,3665,184,sh880008,sh_sz_active_a
2019-09-10,1725.31,37.774651,2629.59590464,6961.27127552,3662,184,sh880008,sh_sz_active_a
2019-09-11,1703.54,38.914883,2500.65156672,6425.95160064,3662,184,sh880008,sh_sz_active_a
2019-09-12,1710.57,37.896038,2035.59102432,5371.5140608,3662,184,sh880008,sh_sz_active_a
2019-09-16,1714.37,36.286569,2108.81840512,5811.56732928,3662,184,sh880008,sh_sz_active_a
2019-09-17,1677.99,35.76894,2095.20674688,5857.61488896,3665,184,sh880008,sh_sz_active_a
2019-09-18,1679.31,38.38496,1869.56106656,4870.55622144,3664,184,sh880008,sh_sz_active_a
2019-09-19,1705.6,37.880894,1861.33258464,4913.64483072,3662,184,sh880008,sh_sz_active_a
2019-09-20,1705.05,38.551044,2107.56337344,5466.94234112,3665,184,sh880008,sh_sz_active_a
2019-09-23,1684.32,38.851462,1973.24424352,5078.94464512,3663,184,sh880008,sh_sz_active_a
2019-09-24,1694.6,40.070172,2195.67608896,5479.57735424,3662,184,sh880008,sh_sz_active_a
2019-09-25,1672.65,38.866697,2043.02286144,5256.486912,3665,184,sh880008,sh_sz_active_a
2019-09-26,1623.79,38.537639,2072.93158656,5378.97926656,3663,184,sh880008,sh_sz_active_a
2019-09-27,1647.53,39.328891,1563.69118368,3975.93509888,3664,184,sh880008,sh_sz_active_a
2019-09-30,1627.55,40.295552,1420.03088288,3524.03881984,3670,184,sh880008,sh_sz_active_a
2019-10-08,1616.58,41.067688,1531.52039744,3729.2589056,3666,184,sh880008,sh_sz_active_a
2019-10-09,1622.42,40.984843,1498.8622544,3657.1136,3666,184,sh880008,sh_sz_active_a
2019-10-10,1666.97,41.336505,1737.78817952,4204.00365568,3667,184,sh880008,sh_sz_active_a
2019-10-11,1666.83,40.778416,1861.290384,4564.40086528,3669,184,sh880008,sh_sz_active_a
2019-10-14,1679.38,38.983742,2085.38780608,5349.37829376,3670,184,sh880008,sh_sz_active_a
2019-10-15,1660.89,36.774525,1688.17745632,4590.616576,3672,184,sh880008,sh_sz_active_a
2019-10-16,1656.37,39.079152,1654.22742592,4233.0177536,3672,184,sh880008,sh_sz_active_a
2019-10-17,1658.26,38.446789,1388.29233632,3610.94479872,3671,184,sh880008,sh_sz_active_a
2019-10-18,1648.63,37.397944,1554.51472448,4156.68502528,3673,184,sh880008,sh_sz_active_a
2019-10-21,1644.51,37.831977,1399.7429808,3699.8938624,3671,184,sh880008,sh_sz_active_a
2019-10-22,1666.87,38.721763,1382.01973312,3569.10333952,3673,184,sh880008,sh_sz_active_a
2019-10-23,1650.29,39.088952,1439.40080416,3682.37248512,3674,184,sh880008,sh_sz_active_a
2019-10-24,1653.86,39.569286,1425.2762656,3601.97619712,3675,184,sh880008,sh_sz_active_a
2019-10-25,1675.34,42.315445,1716.61939968,4056.72067072,3676,184,sh880008,sh_sz_active_a
2019-10-28,1704.42,39.05924,2031.78549824,5201.80498432,3678,184,sh880008,sh_sz_active_a
2019-10-29,1686.58,41.266711,2223.75271808,5388.73266176,3681,185,sh880008,sh_sz_active_a
2019-10-30,1684.08,41.192138,1924.70433536,4672.50413568,3680,184,sh880008,sh_sz_active_a
2019-10-31,1671.31,42.312306,1908.34920992,4510.15180288,3682,185,sh880008,sh_sz_active_a
2019-11-01,1687.0,43.363275,1885.27763616,4347.63661312,3683,185,sh880008,sh_sz_active_a
2019-11-04,1699.92,42.83143,2009.95672864,4692.71445504,3685,185,sh880008,sh_sz_active_a
2019-11-05,1713.29,42.725487,2056.66533024,4813.6732672,3691,185,sh880008,sh_sz_active_a
2019-11-06,1703.02,41.729549,1888.01553248,4524.40915968,3691,185,sh880008,sh_sz_active_a
2019-11-07,1715.58,40.077571,1598.45109024,3988.3931648,3696,185,sh880008,sh_sz_active_a
2019-11-08,1711.22,41.029425,1843.48285664,4493.07508736,3699,185,sh880008,sh_sz_active_a
2019-11-11,1673.13,38.29401,1619.37200864,4228.78674944,3701,186,sh880008,sh_sz_active_a
2019-11-12,1671.44,40.573419,1482.70549152,3654.37648896,3703,186,sh880008,sh_sz_active_a
2019-11-13,1681.79,42.42431,1524.16757632,3592.67500032,3697,185,sh880008,sh_sz_active_a
2019-11-14,1692.58,42.579926,1650.95893568,3877.31750912,3701,186,sh880008,sh_sz_active_a
2019-11-15,1674.78,41.782943,1675.50493312,4010.02135552,3703,186,sh880008,sh_sz_active_a
2019-11-18,1682.49,42.401434,1544.01570592,3641.42329856,3708,186,sh880008,sh_sz_active_a
2019-11-19,1729.08,40.060805,1675.43159392,4182.22145536,3707,186,sh880008,sh_sz_active_a
2019-11-20,1719.66,40.914574,1742.4481488,4258.74685952,3707,186,sh880008,sh_sz_active_a
2019-11-21,1713.2,40.765353,1471.5664848,3609.84608768,3710,186,sh880008,sh_sz_active_a
2019-11-22,1679.8,42.847482,2017.8663072,4709.41630464,3712,186,sh880008,sh_sz_active_a
2019-11-25,1661.77,41.386891,1737.57908864,4198.3803392,3715,186,sh880008,sh_sz_active_a
2019-11-26,1679.08,42.785375,1682.92553824,3933.41304832,3715,186,sh880008,sh_sz_active_a
2019-11-27,1674.39,42.930319,1525.8836272,3554.32628224,3714,186,sh880008,sh_sz_active_a
2019-11-28,1673.79,41.613718,1322.53545888,3178.12375552,3712,186,sh880008,sh_sz_active_a
2019-11-29,1664.9,44.939888,1533.92334688,3413.27806464,3713,186,sh880008,sh_sz_active_a
2019-12-02,1669.54,42.578537,1457.7624704,3423.70254848,3711,186,sh880008,sh_sz_active_a
2019-12-03,1675.39,42.253757,1465.99649728,3469.50565888,3716,186,sh880008,sh_sz_active_a
2019-12-04,1673.78,43.252156,1537.91079488,3555.68582656,3716,186,sh880008,sh_sz_active_a
2019-12-05,1709.83,43.204424,1830.5127232,4236.86406144,3719,186,sh880008,sh_sz_active_a
2019-12-06,1726.8,42.00678,1721.14360384,4097.29957888,3719,186,sh880008,sh_sz_active_a
2019-12-09,1721.07,42.082159,1938.91520512,4607.45179136,3720,186,sh880008,sh_sz_active_a
2019-12-10,1734.02,41.81782,1950.89690592,4665.22865664,3719,186,sh880008,sh_sz_active_a
2019-12-11,1718.26,41.515772,1936.6943936,4664.9606144,3722,187,sh880008,sh_sz_active_a
2019-12-12,1720.99,40.064301,1798.01333696,4487.81910016,3724,187,sh880008,sh_sz_active_a
2019-12-13,1755.41,43.206198,2442.91912768,5654.09415168,3727,187,sh880008,sh_sz_active_a
2019-12-16,1780.33,41.077436,2556.5903488,6223.83136768,3731,187,sh880008,sh_sz_active_a
2019-12-17,1801.62,39.867406,2995.12867712,7512.72525824,3731,187,sh880008,sh_sz_active_a
2019-12-18,1792.42,39.044606,2607.27741312,6677.6891392,3731,187,sh880008,sh_sz_active_a
2019-12-19,1790.44,38.165385,2206.50175424,5781.42142464,3732,187,sh880008,sh_sz_active_a
2019-12-20,1771.71,37.478394,2137.5724992,5703.47945984,3731,187,sh880008,sh_sz_active_a
2019-12-23,1736.62,37.797158,2029.85535872,5370.39142912,3735,187,sh880008,sh_sz_active_a
2019-12-24,1769.87,38.402765,1698.1321152,4421.9006976,3738,187,sh880008,sh_sz_active_a
2019-12-25,1784.39,39.633477,1993.9557632,5030.98867712,3735,187,sh880008,sh_sz_active_a
2019-12-26,1793.64,38.044536,1915.47361792,5034.81925632,3736,187,sh880008,sh_sz_active_a
2019-12-27,1767.58,38.806786,2452.07446016,6318.67441152,3738,187,sh880008,sh_sz_active_a
2019-12-30,1790.24,40.040197,2445.6987136,6108.10855424,3740,187,sh880008,sh_sz_active_a
2019-12-31,1798.12,37.5321,1998.42253888,5324.5689856,3741,188,sh880008,sh_sz_active_a
2020-01-02,1832.74,39.427012,2962.0151776,7512.65447936,3740,187,sh880008,sh_sz_active_a
2020-01-03,1836.01,37.401089,2600.18074688,6952.15259648,3741,188,sh880008,sh_sz_active_a
2020-01-06,1859.92,36.061318,2898.88867328,8038.77617664,3743,188,sh880008,sh_sz_active_a
2020-01-07,1893.21,34.316082,2512.32683456,7321.13534976,3743,188,sh880008,sh_sz_active_a
2020-01-08,1862.7,34.349067,2675.89732928,7790.30560768,3742,188,sh880008,sh_sz_active_a
2020-01-09,1913.14,36.476699,2576.77318784,7064.16214016,3742,188,sh880008,sh_sz_active_a
2020-01-10,1904.19,35.902363,2297.71384448,6399.89579776,3740,187,sh880008,sh_sz_active_a
2020-01-13,1935.07,38.086609,2543.28364224,6677.63212288,3740,187,sh880008,sh_sz_active_a
2020-01-14,1922.56,36.497023,2561.05920448,7017.17282816,3743,188,sh880008,sh_sz_active_a
2020-01-15,1924.24,36.836227,2250.3091328,6108.95659008,3743,188,sh880008,sh_sz_active_a
2020-01-16,1929.96,39.00966,2389.71280768,6125.9513856,3744,188,sh880008,sh_sz_active_a
2020-01-17,1932.51,39.143743,2377.01673152,6072.532992,3748,188,sh880008,sh_sz_active_a
2020-01-20,1982.18,38.924184,2642.82998528,6789.68623104,3751,188,sh880008,sh_sz_active_a
2020-01-21,1967.03,37.419895,2583.08723328,6902.97831424,3753,188,sh880008,sh_sz_active_a
2020-01-22,1993.9,40.251128,2848.7827968,7077.52296448,3757,188,sh880008,sh_sz_active_a
2020-01-23,1927.74,40.023568,3236.3721248,8086.1659136,3760,188,sh880008,sh_sz_active_a
2020-02-03,1795.77,56.023693,2907.06811136,5188.99761152,3760,188,sh880008,sh_sz_active_a
2020-02-04,1882.69,39.29906,3574.72915968,9096.22050816,3761,189,sh880008,sh_sz_active_a
2020-02-05,1939.62,39.917655,3480.47548864,8719.13816064,3764,189,sh880008,sh_sz_active_a
2020-02-06,2012.25,39.219915,3581.07317312,9130.75208192,3765,189,sh880008,sh_sz_active_a
2020-02-07,2015.8,40.16341,3732.3512608,9292.91436032,3766,189,sh880008,sh_sz_active_a
2020-02-10,2042.18,39.023217,3455.38238528,8854.683648,3767,189,sh880008,sh_sz_active_a
2020-02-11,2028.44,39.533127,3106.60211072,7858.225152,3769,189,sh880008,sh_sz_active_a
2020-02-12,2085.28,40.007065,3160.04518208,7898.71788032,3771,189,sh880008,sh_sz_active_a
2020-02-13,2064.6,41.09948,3579.27788352,8708.81558528,3773,189,sh880008,sh_sz_active_a
2020-02-14,2069.22,42.4477,3450.17193856,8128.05390336,3774,189,sh880008,sh_sz_active_a
2020-02-17,2146.18,38.098413,3569.54507648,9369.27494144,3775,189,sh880008,sh_sz_active_a
2020-02-18,2170.95,36.913877,3690.33754432,9997.15504128,3775,189,sh880008,sh_sz_active_a
2020-02-19,2139.44,38.323284,3980.06277248,10385.49516288,3777,189,sh880008,sh_sz_active_a
2020-02-20,2186.74,38.985075,4164.01512704,10681.04941568,3777,189,sh880008,sh_sz_active_a
2020-02-21,2226.64,39.008386,4566.87378944,11707.41526528,3780,189,sh880008,sh_sz_active_a
2020-02-24,2263.97,37.872956,4627.04363776,12217.27617024,3781,190,sh880008,sh_sz_active_a
2020-02-25,2287.31,38.542735,5453.30688512,14148.72825856,3781,190,sh880008,sh_sz_active_a
2020-02-26,2180.7,38.942615,5110.66985728,13123.59186432,3782,190,sh880008,sh_sz_active_a
2020-02-27,2196.71,39.568025,4156.0507904,10503.55892224,3782,190,sh880008,sh_sz_active_a
2020-02-28,2071.57,38.850201,4386.51238912,11290.83568128,3783,190,sh880008,sh_sz_active_a
2020-03-02,2135.42,40.177257,4134.2655552,10290.06426112,3782,190,sh880008,sh_sz_active_a
2020-03-03,2173.35,37.990603,4466.5416192,11756.96441344,3781,190,sh880008,sh_sz_active_a
2020-03-04,2169.44,38.496326,3818.17539456,9918.28508672,3778,189,sh880008,sh_sz_active_a
2020-03-05,2209.59,37.534897,4397.73040384,11716.37796864,3779,189,sh880008,sh_sz_active_a
2020-03-06,2192.94,35.489466,3397.386208,9572.94247936,3778,189,sh880008,sh_sz_active_a
2020-03-09,2093.06,35.932797,3902.0566208,10859.31782144,3777,189,sh880008,sh_sz_active_a
2020-03-10,2148.81,37.465586,4050.88603008,10812.28525568,3778,189,sh880008,sh_sz_active_a
2020-03-11,2101.46,36.566594,3556.65663168,9726.5188864,3776,189,sh880008,sh_sz_active_a
2020-03-12,2045.93,38.199824,3198.75013632,8373.73001728,3777,189,sh880008,sh_sz_active_a
2020-03-13,2030.58,39.01955,3770.80568,9663.88809728,3778,189,sh880008,sh_sz_active_a
2020-03-16,1910.77,39.041508,3759.82241024,9630.32055808,3777,189,sh880008,sh_sz_active_a
2020-03-17,1917.7,39.928913,3265.46695936,8178.2013952,3777,189,sh880008,sh_sz_active_a
2020-03-18,1887.04,40.96358,3427.73417408,8367.76034304,3777,189,sh880008,sh_sz_active_a
2020-03-19,1894.94,42.473192,3492.04748032,8221.76841728,3781,190,sh880008,sh_sz_active_a
2020-03-20,1915.05,40.872964,2929.75291904,7167.94822656,3783,190,sh880008,sh_sz_active_a
2020-03-23,1827.05,38.796088,2666.04180544,6871.9345664,3786,190,sh880008,sh_sz_active_a
2020-03-24,1876.91,39.697275,2827.70780992,7123.17861888,3785,190,sh880008,sh_sz_active_a
2020-03-25,1937.85,39.215309,2945.60723264,7511.37062912,3784,190,sh880008,sh_sz_active_a
2020-03-26,1927.28,38.270761,2458.24228032,6423.29083904,3787,190,sh880008,sh_sz_active_a
2020-03-27,1903.88,39.10194,2478.12321216,6337.5966208,3790,190,sh880008,sh_sz_active_a
2020-03-30,1860.48,38.614078,2444.13433408,6329.64579328,3789,190,sh880008,sh_sz_active_a
2020-03-31,1871.92,39.388068,2212.10697536,5616.18550784,3789,190,sh880008,sh_sz_active_a
2020-04-01,1864.8,41.57196,2430.85011904,5847.33097984,3791,190,sh880008,sh_sz_active_a
2020-04-02,1916.95,42.452294,2536.99183936,5976.10070016,3791,190,sh880008,sh_sz_active_a
2020-04-03,1906.67,41.35887,2366.63799168,5722.20178432,3792,190,sh880008,sh_sz_active_a
2020-04-07,1969.78,39.355088,2880.19698368,7318.48704,3789,190,sh880008,sh_sz_active_a
2020-04-08,1964.76,38.873348,2619.60462208,6738.81915392,3789,190,sh880008,sh_sz_active_a
2020-04-09,1997.14,37.20696,2429.83360448,6530.58899968,3791,190,sh880008,sh_sz_active_a
2020-04-10,1949.88,36.956357,2483.24312384,6719.39362816,3792,190,sh880008,sh_sz_active_a
2020-04-13,1923.08,38.001863,1895.98917952,4989.20062976,3791,190,sh880008,sh_sz_active_a
2020-04-14,1985.43,41.022502,2417.04539072,5891.99900672,3792,190,sh880008,sh_sz_active_a
2020-04-15,1977.51,39.641031,2540.72491264,6409.33101568,3791,190,sh880008,sh_sz_active_a
2020-04-16,2008.39,39.115334,2326.852112,5948.69551104,3797,190,sh880008,sh_sz_active_a
2020-04-17,2020.77,41.499748,3071.59601088,7401.48117504,3800,190,sh880008,sh_sz_active_a
2020-04-20,2043.44,39.523004,2439.20763584,6171.61490432,3797,190,sh880008,sh_sz_active_a
2020-04-21,2023.94,39.56405,2568.41598528,6491.79234304,3798,190,sh880008,sh_sz_active_a
2020-04-22,2043.17,37.719216,2285.10342912,6058.19437056,3802,191,sh880008,sh_sz_active_a
2020-04-23,2029.52,37.331383,2502.70564288,6704.02609152,3803,191,sh880008,sh_sz_active_a
2020-04-24,2003.75,36.709034,2294.56669056,6250.68670976,3802,191,sh880008,sh_sz_active_a
2020-04-27,2018.67,37.9313,2111.03392704,5565.41411328,3802,191,sh880008,sh_sz_active_a
2020-04-28,2030.72,38.067664,2564.693088,6737.1958272,3794,190,sh880008,sh_sz_active_a
2020-04-29,2030.48,38.863301,2070.0048064,5326.37417472,3785,190,sh880008,sh_sz_active_a
2020-04-30,2069.43,40.191485,2728.41687168,6788.54459392,3771,189,sh880008,sh_sz_active_a
2020-05-06,2110.27,40.90193,2948.71259712,7209.22607616,3798,190,sh880008,sh_sz_active_a
2020-05-07,2106.84,39.082445,2607.10536384,6670.78361088,3804,191,sh880008,sh_sz_active_a
2020-05-08,2125.24,39.844759,2738.5219744,6872.97921024,3806,191,sh880008,sh_sz_active_a
2020-05-11,2102.83,39.818638,2725.83023296,6845.61399808,3807,191,sh880008,sh_sz_active_a
2020-05-12,2124.15,39.086295,2340.97869888,5989.25705216,3807,191,sh880008,sh_sz_active_a
2020-05-13,2140.68,38.986552,2265.24760064,5810.33066496,3810,191,sh880008,sh_sz_active_a
2020-05-14,2117.65,39.199935,2390.62025408,6098.5311232,3812,191,sh880008,sh_sz_active_a
2020-05-15,2124.31,41.451072,2597.63407296,6266.74761728,3813,191,sh880008,sh_sz_active_a
2020-05-18,2114.86,42.565396,3113.43413568,7314.47230464,3812,191,sh880008,sh_sz_active_a
2020-05-19,2144.12,41.41509,2655.96076608,6413.02659072,3811,191,sh880008,sh_sz_active_a
2020-05-20,2118.12,40.076982,2751.42071552,6865.33902336,3813,191,sh880008,sh_sz_active_a
2020-05-21,2099.43,38.983667,2440.25773696,6259.69266688,3814,191,sh880008,sh_sz_active_a
2020-05-22,2046.6,38.290119,2268.76544896,5925.1982336,3817,191,sh880008,sh_sz_active_a
2020-05-25,2052.3,38.596288,1892.78428992,4904.05789696,3817,191,sh880008,sh_sz_active_a
2020-05-26,2112.97,37.836497,2004.34551488,5297.38661888,3817,191,sh880008,sh_sz_active_a
2020-05-27,2071.47,37.373134,2141.40997824,5729.81116928,3811,191,sh880008,sh_sz_active_a
2020-05-28,2054.96,37.875703,2189.5164704,5780.79424512,3814,191,sh880008,sh_sz_active_a
2020-05-29,2086.67,37.477835,2142.02651392,5715.44895488,3813,191,sh880008,sh_sz_active_a
2020-06-01,2158.22,37.34916,2843.58903872,7613.52880128,3812,191,sh880008,sh_sz_active_a
2020-06-02,2145.29,39.150645,3022.03283392,7718.98605568,3817,191,sh880008,sh_sz_active_a
2020-06-03,2143.12,39.874649,3099.63738048,7773.45368064,3818,191,sh880008,sh_sz_active_a
2020-06-04,2151.39,37.59619,2445.41525504,6504.42309632,3818,191,sh880008,sh_sz_active_a
2020-06-05,2166.38,37.839315,2388.95277504,6313.41449216,3819,191,sh880008,sh_sz_active_a
2020-06-08,2153.56,39.543425,2704.8426592,6840.18302976,3823,192,sh880008,sh_sz_active_a
2020-06-09,2181.59,39.461419,2447.1737408,6201.43378432,3828,192,sh880008,sh_sz_active_a
2020-06-10,2201.99,39.847267,2450.41257984,6149.51223296,3827,192,sh880008,sh_sz_active_a
2020-06-11,2195.64,39.872998,2873.88861632,7207.60602624,3826,192,sh880008,sh_sz_active_a
2020-06-12,2206.76,39.604311,2768.58749056,6990.62157312,3827,192,sh880008,sh_sz_active_a
2020-06-15,2219.55,39.037917,2964.13688128,7592.96884736,3830,192,sh880008,sh_sz_active_a
2020-06-16,2260.46,38.865807,2768.2287072,7122.52981248,3835,192,sh880008,sh_sz_active_a
2020-06-17,2263.96,37.161672,2745.02978368,7386.7231232,3833,192,sh880008,sh_sz_active_a
2020-06-18,2266.03,40.643051,3082.15704896,7583.4785792,3836,192,sh880008,sh_sz_active_a
2020-06-19,2319.45,41.808502,3255.2192256,7786.02217472,3838,192,sh880008,sh_sz_active_a
2020-06-22,2342.88,41.850123,3466.92292992,8284.1403392,3838,192,sh880008,sh_sz_active_a
2020-06-23,2382.05,41.02699,3110.62392832,7581.89654016,3837,192,sh880008,sh_sz_active_a
2020-06-24,2382.47,41.02538,2989.05736704,7285.87370496,3836,192,sh880008,sh_sz_active_a
2020-06-29,2372.54,40.675942,2913.06706112,7161.6462848,3840,192,sh880008,sh_sz_active_a
2020-06-30,2438.2,40.435178,3018.49583488,7465.02422528,3835,192,sh880008,sh_sz_active_a
2020-07-01,2419.63,41.407643,3755.98642432,9070.75649536,3846,193,sh880008,sh_sz_active_a
2020-07-02,2424.39,41.441075,4474.55436288,10797.38957824,3848,193,sh880008,sh_sz_active_a
2020-07-03,2462.56,42.354519,4960.78614784,11712.53100544,3850,193,sh880008,sh_sz_active_a
2020-07-06,2529.49,39.460086,6177.13185664,15654.12687872,3850,193,sh880008,sh_sz_active_a
2020-07-07,2591.26,39.623918,6891.60055552,17392.5269504,3848,193,sh880008,sh_sz_active_a
2020-07-08,2651.97,39.700083,6122.1490752,15420.99828736,3854,193,sh880008,sh_sz_active_a
2020-07-09,2757.65,37.186255,6417.0809024,17256.59348992,3856,193,sh880008,sh_sz_active_a
2020-07-10,2778.46,38.089151,6139.93176064,16119.8964736,3858,193,sh880008,sh_sz_active_a
2020-07-13,2889.43,37.885206,6334.1285184,16719.26644736,3860,193,sh880008,sh_sz_active_a
2020-07-14,2858.67,36.977295,6301.12423296,17040.52260864,3864,194,sh880008,sh_sz_active_a
2020-07-15,2813.06,38.184599,5999.0112384,15710.552064,3863,194,sh880008,sh_sz_active_a
2020-07-16,2646.26,41.934481,6314.0893952,15057.03493632,3865,194,sh880008,sh_sz_active_a
2020-07-17,2662.4,41.252192,4602.89396544,11157.93784832,3869,194,sh880008,sh_sz_active_a
2020-07-20,2697.3,40.048558,4776.48498048,11926.73411072,3869,194,sh880008,sh_sz_active_a
2020-07-21,2736.51,38.990263,4299.62575296,11027.4347008,3872,194,sh880008,sh_sz_active_a
2020-07-22,2769.03,38.913502,4662.22030976,11980.9835008,3878,194,sh880008,sh_sz_active_a
2020-07-23,2799.67,38.770011,4829.93149696,12457.90601216,3880,194,sh880008,sh_sz_active_a
2020-07-24,2627.84,39.036595,5209.69655168,13345.67370752,3882,195,sh880008,sh_sz_active_a
2020-07-27,2631.76,39.972878,3705.46495424,9269.94792448,3884,195,sh880008,sh_sz_active_a
2020-07-28,2666.52,40.362825,3623.77739776,8978.00732672,3883,195,sh880008,sh_sz_active_a
2020-07-29,2767.4,40.676972,4256.90700864,10465.1522048,3886,195,sh880008,sh_sz_active_a
2020-07-30,2743.63,39.591176,4329.43261824,10935.34744576,3889,195,sh880008,sh_sz_active_a
2020-07-31,2795.4,40.166119,4602.09797248,11457.66150144,3894,195,sh880008,sh_sz_active_a
2020-08-03,2868.88,37.581206,5012.05396352,13336.59697152,3894,195,sh880008,sh_sz_active_a
2020-08-04,2832.84,38.332507,5261.36469632,13725.59507456,3895,195,sh880008,sh_sz_active_a
2020-08-05,2860.24,37.49301,4486.09243648,11965.1434496,3898,195,sh880008,sh_sz_active_a
2020-08-06,2814.37,39.595885,5112.95420672,12912.84250624,3901,196,sh880008,sh_sz_active_a
2020-08-07,2749.95,40.52383,5113.9868544,12619.70259968,3901,196,sh880008,sh_sz_active_a
2020-08-10,2735.26,40.697857,4710.51817728,11574.36407808,3906,196,sh880008,sh_sz_active_a
2020-08-11,2688.7,37.191083,4218.95300416,11343.99062016,3905,196,sh880008,sh_sz_active_a
2020-08-12,2635.5,38.711462,4194.0951456,10834.24636928,3909,196,sh880008,sh_sz_active_a
2020-08-13,2622.64,38.129715,3360.4577824,8813.2255744,3910,196,sh880008,sh_sz_active_a
2020-08-14,2668.71,38.684218,3286.67904768,8496.1755136,3911,196,sh880008,sh_sz_active_a
2020-08-17,2696.39,40.368957,4657.09176128,11536.31911936,3915,196,sh880008,sh_sz_active_a
2020-08-18,2701.06,37.386618,4074.1010112,10897.21729024,3918,196,sh880008,sh_sz_active_a
2020-08-19,2612.84,37.365563,4065.75077952,10881.01023744,3919,196,sh880008,sh_sz_active_a
2020-08-20,2587.86,36.840385,3211.06918976,8716.16610304,3922,197,sh880008,sh_sz_active_a
2020-08-21,2632.45,37.407107,3157.31181376,8440.40634368,3923,197,sh880008,sh_sz_active_a
2020-08-24,2684.63,37.710597,3381.36387648,8966.61454848,3940,197,sh880008,sh_sz_active_a
2020-08-25,2701.6,35.789012,3370.49053824,9417.66868992,3943,198,sh880008,sh_sz_active_a
2020-08-26,2644.14,35.613324,3482.65822592,9779.08793344,3944,198,sh880008,sh_sz_active_a
2020-08-27,2689.17,35.294075,2955.98684224,8375.30615808,3944,198,sh880008,sh_sz_active_a
2020-08-28,2757.84,38.072361,3606.91570624,9473.84287232,3948,198,sh880008,sh_sz_active_a
2020-08-31,2728.31,38.10342,3939.90486784,10340.02956288,3950,198,sh880008,sh_sz_active_a
2020-09-01,2750.42,36.717748,3125.0226464,8510.93225472,3953,198,sh880008,sh_sz_active_a
2020-09-02,2771.85,35.496415,3438.69075584,9687.43124992,3957,198,sh880008,sh_sz_active_a
2020-09-03,2746.95,35.633047,3356.39943296,9419.34444544,3961,199,sh880008,sh_sz_active_a
2020-09-04,2732.15,35.622542,2986.49361984,8383.71835904,3958,198,sh880008,sh_sz_active_a
2020-09-07,2641.2,35.839375,3660.0505792,10212.37264384,3958,198,sh880008,sh_sz_active_a
2020-09-08,2650.63,35.594411,3289.04247744,9240.33417216,3962,199,sh880008,sh_sz_active_a
2020-09-09,2523.4,33.304718,3450.17161792,10359.40790272,3957,198,sh880008,sh_sz_active_a
2020-09-10,2483.03,32.388363,2827.37468352,8729.60032768,3963,199,sh880008,sh_sz_active_a
2020-09-11,2536.62,36.613289,2505.64785728,6843.547648,3966,199,sh880008,sh_sz_active_a
2020-09-14,2572.6,36.852046,2835.01429888,7692.9630208,3963,199,sh880008,sh_sz_active_a
2020-09-15,2595.15,37.617993,2728.7013632,7253.71322368,3969,199,sh880008,sh_sz_active_a
2020-09-16,2554.8,38.113058,2607.21622208,6840.7427072,3973,199,sh880008,sh_sz_active_a
2020-09-17,2557.32,39.255881,2957.45991808,7533.80098048,3978,199,sh880008,sh_sz_active_a
2020-09-18,2596.08,39.892301,3332.65766144,8354.13737472,3985,200,sh880008,sh_sz_active_a
2020-09-21,2569.22,38.228939,2885.88282432,7548.94831616,3986,200,sh880008,sh_sz_active_a
2020-09-22,2555.54,38.180773,2680.87704448,7021.5368704,3994,200,sh880008,sh_sz_active_a
2020-09-23,2599.88,40.108918,2649.71289344,6606.29356544,3993,200,sh880008,sh_sz_active_a
2020-09-24,2535.87,37.601704,2553.7141728,6791.48519424,3997,200,sh880008,sh_sz_active_a
2020-09-25,2540.43,39.117389,2226.62848576,5692.17056768,4003,201,sh880008,sh_sz_active_a
2020-09-28,2521.25,39.074534,2110.3340032,5400.79128576,4006,201,sh880008,sh_sz_active_a
2020-09-29,2563.38,38.73881,2110.8052432,5448.81278976,4012,201,sh880008,sh_sz_active_a
2020-09-30,2574.76,39.308249,2122.07108992,5398.53881344,4015,201,sh880008,sh_sz_active_a
2020-10-09,2672.93,40.36252,2869.87591616,7110.2496768,4018,201,sh880008,sh_sz_active_a
2020-10-12,2777.39,39.258164,3812.22036288,9710.64344576,4017,201,sh880008,sh_sz_active_a
2020-10-13,2784.72,39.68109,3312.2608864,8347.2023552,4022,202,sh880008,sh_sz_active_a
2020-10-14,2764.24,38.29221,3167.93154688,8273.04443904,4020,201,sh880008,sh_sz_active_a
2020-10-15,2737.96,39.23146,2996.50635968,7638.01894912,4022,202,sh880008,sh_sz_active_a
2020-10-16,2724.5,38.808308,2749.23901568,7084.15062016,4024,202,sh880008,sh_sz_active_a
2020-10-19,2689.67,38.922121,2876.12125696,7389.42582784,4027,202,sh880008,sh_sz_active_a
2020-10-20,2740.58,38.269844,2553.35190912,6671.96850176,4028,202,sh880008,sh_sz_active_a
2020-10-21,2700.53,38.306386,2704.77827904,7060.90696704,4029,202,sh880008,sh_sz_active_a
2020-10-22,2673.59,39.353232,2611.30888832,6635.56390912,4033,202,sh880008,sh_sz_active_a
2020-10-23,2600.84,38.308996,2633.6532064,6874.76441088,4035,202,sh880008,sh_sz_active_a
2020-10-26,2617.74,39.809319,2521.52695744,6334.0118016,4036,202,sh880008,sh_sz_active_a
2020-10-27,2650.76,38.630164,2437.91955712,6310.92215808,4037,202,sh880008,sh_sz_active_a
2020-10-28,2670.48,39.753625,2913.78869888,7329.61767424,4038,202,sh880008,sh_sz_active_a
2020-10-29,2699.92,40.972677,3196.26471744,7800.9663488,4043,203,sh880008,sh_sz_active_a
2020-10-30,2655.86,39.540965,3442.45698624,8706.05193216,4044,203,sh880008,sh_sz_active_a
2020-11-02,2708.39,41.030878,3332.481296,8121.8863104,4044,203,sh880008,sh_sz_active_a
2020-11-03,2744.31,39.859884,3127.12258496,7845.28769024,4044,203,sh880008,sh_sz_active_a
2020-11-04,2750.55,40.448083,2950.87174272,7295.45506816,4045,203,sh880008,sh_sz_active_a
2020-11-05,2787.88,40.426496,3474.71186816,8595.1348736,4049,203,sh880008,sh_sz_active_a
2020-11-06,2733.07,42.848484,3763.37550976,8782.9839872,4050,203,sh880008,sh_sz_active_a
2020-11-09,2814.0,41.366469,4481.15394944,10832.81702912,4056,203,sh880008,sh_sz_active_a
2020-11-10,2773.22,42.479141,4167.00101824,9809.52285184,4057,203,sh880008,sh_sz_active_a
2020-11-11,2681.52,43.24133,3758.9808704,8693.02796288,4059,203,sh880008,sh_sz_active_a
2020-11-12,2700.51,41.827426,2960.45670528,7077.78838528,4062,204,sh880008,sh_sz_active_a
2020-11-13,2706.81,44.239156,3216.16936,7269.9609088,4059,203,sh880008,sh_sz_active_a
2020-11-16,2712.41,41.217289,3300.39217728,8007.30054656,4060,203,sh880008,sh_sz_active_a
2020-11-17,2658.09,41.862127,3571.85040448,8532.41495552,4062,204,sh880008,sh_sz_active_a
2020-11-18,2620.67,42.596335,3498.82932416,8213.92113664,4066,204,sh880008,sh_sz_active_a
2020-11-19,2645.16,40.071307,3101.57280768,7740.13386752,4065,204,sh880008,sh_sz_active_a
2020-11-20,2667.09,39.380577,2956.37812352,7507.19860736,4065,204,sh880008,sh_sz_active_a
2020-11-23,2686.36,40.705471,3881.86253248,9536.46383104,4066,204,sh880008,sh_sz_active_a
2020-11-24,2674.8,41.178291,3417.73123072,8299.83752192,4065,204,sh880008,sh_sz_active_a
2020-11-25,2615.53,39.359532,3396.90690688,8630.4555008,4064,204,sh880008,sh_sz_active_a
2020-11-26,2609.39,40.469052,2966.24346432,7329.65896192,4069,204,sh880008,sh_sz_active_a
2020-11-27,2618.99,40.97164,2971.80309376,7253.31738624,4069,204,sh880008,sh_sz_active_a
2020-11-30,2631.89,45.773295,4348.51865408,9500.1214976,4067,204,sh880008,sh_sz_active_a
2020-12-01,2698.44,42.585211,3681.64825408,8645.3682176,4069,204,sh880008,sh_sz_active_a
2020-12-02,2682.97,41.843881,3684.69296896,8805.81083136,4069,204,sh880008,sh_sz_active_a
2020-12-03,2712.52,41.198717,3403.28653888,8260.66141184,4072,204,sh880008,sh_sz_active_a
2020-12-04,2730.84,43.130603,3228.65140608,7485.75522816,4073,204,sh880008,sh_sz_active_a
2020-12-07,2726.48,42.524906,3268.93243712,7687.1008256,4074,204,sh880008,sh_sz_active_a
2020-12-08,2746.28,42.615378,2989.47335808,7015.01079552,4079,204,sh880008,sh_sz_active_a
2020-12-09,2697.83,41.269734,3265.86803456,7913.47003392,4079,204,sh880008,sh_sz_active_a
2020-12-10,2718.55,41.415994,2936.68239936,7090.69635584,4080,204,sh880008,sh_sz_active_a
2020-12-11,2687.78,40.293084,3363.25999232,8346.99067392,4083,205,sh880008,sh_sz_active_a
2020-12-14,2726.6,42.940195,3046.91588736,7095.71969024,4086,205,sh880008,sh_sz_active_a
2020-12-15,2758.85,45.929005,3258.32221952,7094.25823744,4089,205,sh880008,sh_sz_active_a
2020-12-16,2760.64,43.736139,3065.14947264,7008.27631616,4093,205,sh880008,sh_sz_active_a
2020-12-17,2785.62,43.7677,3464.55063168,7915.77034752,4092,205,sh880008,sh_sz_active_a
2020-12-18,2780.73,44.070619,3397.9136192,7710.1563904,4095,205,sh880008,sh_sz_active_a
2020-12-21,2882.44,44.793573,3870.83145728,8641.4884864,4097,205,sh880008,sh_sz_active_a
2020-12-22,2811.75,43.990784,4211.52294144,9573.64830208,4096,205,sh880008,sh_sz_active_a
2020-12-23,2842.97,45.689233,4243.84375552,9288.49854464,4099,205,sh880008,sh_sz_active_a
2020-12-24,2820.75,41.758998,3448.82968256,8258.88997376,4101,206,sh880008,sh_sz_active_a
2020-12-25,2840.8,42.796132,3396.30774592,7936.01572864,4104,206,sh880008,sh_sz_active_a
2020-12-28,2842.81,42.697974,3761.10218496,8808.61970432,4107,206,sh880008,sh_sz_active_a
2020-12-29,2813.0,44.123998,3792.62011136,8595.36818176,4113,206,sh880008,sh_sz_active_a
2020-12-30,2900.54,47.114497,3989.7156288,8468.12741632,4115,206,sh880008,sh_sz_active_a
2020-12-31,2966.26,47.041277,4523.10400128,9615.18108672,4117,206,sh880008,sh_sz_active_a
2021-01-04,3078.11,46.400323,5401.15131136,11640.33130496,4120,206,sh880008,sh_sz_active_a
2021-01-05,3097.98,47.697346,6038.88698496,12660.84478976,4121,207,sh880008,sh_sz_active_a
2021-01-06,3115.09,46.819124,5463.46748544,11669.307392,4123,207,sh880008,sh_sz_active_a
2021-01-07,3162.4,46.024174,5597.3432064,12161.74620672,4128,207,sh880008,sh_sz_active_a
2021-01-08,3150.78,49.809507,5638.19423104,11319.51423488,4129,207,sh880008,sh_sz_active_a
2021-01-11,3092.86,51.306727,6215.65227776,12114.69266944,4125,207,sh880008,sh_sz_active_a
2021-01-12,3180.35,52.166108,5685.39639424,10898.6400768,4126,207,sh880008,sh_sz_active_a
2021-01-13,3130.3,52.104142,6430.4646208,12341.56126208,4128,207,sh880008,sh_sz_active_a
2021-01-14,3089.18,51.890173,5817.20927872,11210.61830656,4125,207,sh880008,sh_sz_active_a
2021-01-15,3089.94,52.349122,5424.67876864,10362.50185728,4122,207,sh880008,sh_sz_active_a
2021-01-18,3149.2,49.538987,4943.66645056,9979.34497792,4125,207,sh880008,sh_sz_active_a
2021-01-19,3084.49,48.537441,5052.32563392,10409.13072128,4129,207,sh880008,sh_sz_active_a
2021-01-20,3204.93,48.687654,4456.73722048,9153.73162496,4129,207,sh880008,sh_sz_active_a
2021-01-21,3283.72,48.981464,5316.47774976,10854.06052352,4132,207,sh880008,sh_sz_active_a
2021-01-22,3358.24,49.430491,5503.83587968,11134.49562112,4137,207,sh880008,sh_sz_active_a
2021-01-25,3355.24,51.961523,6276.53682944,12079.20099328,4136,207,sh880008,sh_sz_active_a
2021-01-26,3258.36,50.588842,5128.6768256,10137.960448,4138,207,sh880008,sh_sz_active_a
2021-01-27,3281.03,50.487291,4659.3620544,9228.78214144,4142,208,sh880008,sh_sz_active_a
2021-01-28,3161.86,49.941563,4571.39980096,9153.49766144,4148,208,sh880008,sh_sz_active_a
2021-01-29,3128.87,49.744585,4735.56026048,9519.75018496,4150,208,sh880008,sh_sz_active_a
2021-02-01,3159.99,48.308044,4137.33074176,8564.47582208,4153,208,sh880008,sh_sz_active_a
2021-02-02,3228.7,50.268997,4527.13448512,9005.81818368,4154,208,sh880008,sh_sz_active_a
2021-02-03,3223.77,51.275603,4888.61351104,9533.99508992,4155,208,sh880008,sh_sz_active_a
2021-02-04,3200.55,50.49466,4757.76432576,9422.31191552,4156,208,sh880008,sh_sz_active_a
2021-02-05,3193.71,52.60867,4686.74877184,8908.70038528,4156,208,sh880008,sh_sz_active_a
2021-02-08,3278.06,53.471398,4309.41968576,8059.29877504,4158,208,sh880008,sh_sz_active_a
2021-02-09,3334.24,53.024839,4438.44122752,8370.49450496,4165,209,sh880008,sh_sz_active_a
2021-02-10,3413.81,55.321094,4840.768496,8750.31232512,4173,209,sh880008,sh_sz_active_a
2021-02-18,3320.14,53.925881,5850.08372992,10848.37855232,4168,209,sh880008,sh_sz_active_a
2021-02-19,3285.53,50.442233,5256.98701184,10421.796864,4172,209,sh880008,sh_sz_active_a
2021-02-22,3138.67,48.609514,6283.392352,12926.26034688,4172,209,sh880008,sh_sz_active_a
2021-02-23,3112.36,49.205547,5024.08186496,10210.3973888,4172,209,sh880008,sh_sz_active_a
2021-02-24,3007.46,51.73835,5501.717312,10633.73176832,4175,209,sh880008,sh_sz_active_a
2021-02-25,2977.18,49.755689,4645.80102976,9337.22587136,4176,209,sh880008,sh_sz_active_a
2021-02-26,2914.11,49.8569,4519.04825856,9064.03774464,4177,209,sh880008,sh_sz_active_a
2021-03-01,2994.75,47.497545,4146.13512256,8729.15664896,4178,209,sh880008,sh_sz_active_a
2021-03-02,2966.89,48.799288,4476.07203008,9172.41266176,4179,209,sh880008,sh_sz_active_a
2021-03-03,2997.75,46.873671,4044.77419712,8629.09628416,4180,209,sh880008,sh_sz_active_a
2021-03-04,2851.87,48.304873,4694.1440096,9717.74427136,4180,209,sh880008,sh_sz_active_a
2021-03-05,2871.97,46.328601,4059.37150784,8762.12846592,4181,210,sh880008,sh_sz_active_a
2021-03-08,2728.84,46.812134,4582.61144896,9789.36659968,4183,210,sh880008,sh_sz_active_a
2021-03-09,2633.45,46.978956,4634.13986816,9864.2886656,4184,210,sh880008,sh_sz_active_a
2021-03-10,2676.7,47.539198,3563.32164928,7495.54434048,4185,210,sh880008,sh_sz_active_a
2021-03-11,2746.58,49.454448,3974.79471104,8037.28457728,4185,210,sh880008,sh_sz_active_a
2021-03-12,2756.81,47.367593,3868.75840896,8167.52164864,4186,210,sh880008,sh_sz_active_a
2021-03-15,2644.02,48.480567,3911.50777216,8068.19725312,4187,210,sh880008,sh_sz_active_a
2021-03-16,2672.12,45.360154,3335.33760192,7353.01206016,4189,210,sh880008,sh_sz_active_a
2021-03-17,2704.14,45.536804,3235.71774336,7105.71982848,4190,210,sh880008,sh_sz_active_a
2021-03-18,2748.73,44.245576,3258.75967744,7365.165056,4192,210,sh880008,sh_sz_active_a
2021-03-19,2671.52,44.82822,3459.96353472,7718.27105792,4191,210,sh880008,sh_sz_active_a
2021-03-22,2698.26,42.634345,3238.86608512,7596.84726784,4201,211,sh880008,sh_sz_active_a
2021-03-23,2668.08,41.69786,3287.43489856,7883.9414784,4203,211,sh880008,sh_sz_active_a
2021-03-24,2634.61,43.290978,3299.55887616,7621.81648384,4204,211,sh880008,sh_sz_active_a
2021-03-25,2656.0,43.045451,2909.0864032,6758.1739008,4207,211,sh880008,sh_sz_active_a
2021-03-26,2745.4,45.640967,3412.92730944,7477.77163264,4210,211,sh880008,sh_sz_active_a
2021-03-29,2733.96,44.144316,3344.48863872,7576.26109952,4214,211,sh880008,sh_sz_active_a
2021-03-30,2771.32,43.520214,3260.39472,7491.6790272,4217,211,sh880008,sh_sz_active_a
2021-03-31,2758.5,43.515816,2990.63394624,6872.52176896,4215,211,sh880008,sh_sz_active_a
2021-04-01,2815.41,42.217994,2775.78057024,6574.87560704,4220,211,sh880008,sh_sz_active_a
2021-04-02,2852.23,43.84504,3141.74239552,7165.55943936,4220,211,sh880008,sh_sz_active_a
2021-04-06,2831.6,42.248258,2788.58524672,6600.47396864,4227,212,sh880008,sh_sz_active_a
2021-04-07,2807.2,42.441655,3139.74434368,7397.78953216,4225,212,sh880008,sh_sz_active_a
2021-04-08,2826.99,41.234394,3163.00442496,7670.79153664,4228,212,sh880008,sh_sz_active_a
2021-04-09,2783.33,42.437266,2947.10570048,6944.6172672,4232,212,sh880008,sh_sz_active_a
2021-04-12,2719.95,43.244593,3353.63832832,7755.04658432,4236,212,sh880008,sh_sz_active_a
2021-04-13,2742.85,42.789143,2872.32188224,6712.73517056,4239,212,sh880008,sh_sz_active_a
2021-04-14,2804.41,44.494144,2909.12212736,6538.21345792,4241,213,sh880008,sh_sz_active_a
2021-04-15,2790.64,43.630507,2881.65454528,6604.67810304,4240,212,sh880008,sh_sz_active_a
2021-04-16,2783.37,40.454244,2798.77991424,6918.38386176,4244,213,sh880008,sh_sz_active_a
2021-04-19,2898.73,43.442902,3741.37552768,8612.16768,4248,213,sh880008,sh_sz_active_a
2021-04-20,2896.11,43.590891,3684.52877696,8452.52001792,4251,213,sh880008,sh_sz_active_a
2021-04-21,2916.97,44.129902,3280.23177728,7433.12719872,4259,213,sh880008,sh_sz_active_a
2021-04-22,2939.4,43.284873,3206.0461152,7406.85119488,4259,213,sh880008,sh_sz_active_a
2021-04-23,2994.49,45.355017,3530.46027328,7784.05675008,4251,213,sh880008,sh_sz_active_a
2021-04-26,2969.4,45.877809,4166.55247744,9081.84715264,4257,213,sh880008,sh_sz_active_a
2021-04-27,2986.03,43.816566,3349.55905088,7644.50373632,4246,213,sh880008,sh_sz_active_a
2021-04-28,3050.58,45.743206,3604.27123584,7879.35854592,4259,213,sh880008,sh_sz_active_a
2021-04-29,3051.42,45.915982,3774.45509632,8220.35152896,4244,213,sh880008,sh_sz_active_a
2021-04-30,3091.4,46.516738,4030.81502208,8665.30033664,4239,212,sh880008,sh_sz_active_a
2021-05-06,3014.81,48.448343,4240.29958592,8752.20762624,4266,214,sh880008,sh_sz_active_a
2021-05-07,2910.41,47.070466,4158.98965696,8835.66706688,4265,214,sh880008,sh_sz_active_a
2021-05-10,2921.72,45.595126,3896.78322176,8546.4907776,4266,214,sh880008,sh_sz_active_a
2021-05-11,2921.34,46.234068,3897.26285568,8429.41792256,4269,214,sh880008,sh_sz_active_a
2021-05-12,2960.36,42.723562,3269.38853568,7652.42507264,4275,214,sh880008,sh_sz_active_a
2021-05-13,2943.62,43.13288,3456.53658368,8013.692928,4282,215,sh880008,sh_sz_active_a
2021-05-14,3033.81,44.416159,4003.79937984,9014.28543488,4280,214,sh880008,sh_sz_active_a
2021-05-17,3112.74,44.985539,4182.89246784,9298.30469632,4283,215,sh880008,sh_sz_active_a
2021-05-18,3090.12,43.292627,3255.27207552,7519.22970624,4279,214,sh880008,sh_sz_active_a
2021-05-19,3114.72,45.371703,3590.32265792,7913.13186816,4280,214,sh880008,sh_sz_active_a
2021-05-20,3143.62,44.942105,3884.23759232,8642.75857408,4294,215,sh880008,sh_sz_active_a
2021-05-21,3113.26,46.66441,3769.64282496,8078.196736,4295,215,sh880008,sh_sz_active_a
2021-05-24,3139.69,46.406322,3907.3166592,8419.79396096,4293,215,sh880008,sh_sz_active_a
2021-05-25,3227.36,48.871865,4917.81326464,10062.66744832,4299,215,sh880008,sh_sz_active_a
2021-05-26,3196.85,45.44706,4393.08842496,9666.3863296,4304,216,sh880008,sh_sz_active_a
2021-05-27,3226.11,43.722853,4107.15849088,9393.61959936,4306,216,sh880008,sh_sz_active_a
2021-05-28,3232.29,45.153899,4587.21450112,10159.0663168,4309,216,sh880008,sh_sz_active_a
2021-05-31,3309.07,44.714918,4512.62515584,10091.9902208,4311,216,sh880008,sh_sz_active_a
2021-06-01,3300.16,42.573481,4456.0466656,10466.71917056,4312,216,sh880008,sh_sz_active_a
2021-06-02,3243.02,41.772776,4230.3580896,10127.06967552,4315,216,sh880008,sh_sz_active_a
2021-06-03,3201.78,43.212524,4128.4750048,9553.88526592,4318,216,sh880008,sh_sz_active_a
2021-06-04,3242.61,44.174926,4139.77208512,9371.31638784,4319,216,sh880008,sh_sz_active_a
2021-06-07,3228.24,43.868878,4162.8849024,9489.38080256,4319,216,sh880008,sh_sz_active_a
2021-06-08,3208.57,44.94528,4427.77714112,9851.48424192,4323,217,sh880008,sh_sz_active_a
2021-06-09,3207.63,42.294579,3725.39870016,8808.21796864,4324,217,sh880008,sh_sz_active_a
2021-06-10,3285.51,43.236562,4332.37755776,10020.17128448,4325,217,sh880008,sh_sz_active_a
2021-06-11,3298.5,44.407268,4977.90561152,11209.6641024,4331,217,sh880008,sh_sz_active_a
2021-06-15,3262.19,44.661736,4467.49685568,10002.9628416,4328,217,sh880008,sh_sz_active_a
2021-06-16,3125.7,45.984046,4285.64724736,9319.85686528,4329,217,sh880008,sh_sz_active_a
2021-06-17,3188.59,45.796239,4083.98637248,8917.73321216,4334,217,sh880008,sh_sz_active_a
2021-06-18,3239.23,47.315492,4778.24517888,10098.69062144,4335,217,sh880008,sh_sz_active_a
2021-06-21,3270.58,44.509789,4513.653696,10140.811264,4331,217,sh880008,sh_sz_active_a
2021-06-22,3281.99,43.065748,4354.70164288,10111.75194624,4339,217,sh880008,sh_sz_active_a
2021-06-23,3318.95,45.199008,4850.06394944,10730.46552576,4340,217,sh880008,sh_sz_active_a
2021-06-24,3279.16,44.474532,4504.16066432,10127.50548992,4343,218,sh880008,sh_sz_active_a
2021-06-25,3347.7,46.514782,4904.399664,10543.74428672,4348,218,sh880008,sh_sz_active_a
2021-06-28,3412.86,45.042062,4581.91432768,10172.52347904,4352,218,sh880008,sh_sz_active_a
2021-06-29,3406.24,45.162611,4503.73560512,9972.2657792,4356,218,sh880008,sh_sz_active_a
2021-06-30,3477.18,44.699982,4212.17831744,9423.2215552,4358,218,sh880008,sh_sz_active_a
2021-07-01,3455.36,44.445638,4532.01473344,10196.7593472,4360,218,sh880008,sh_sz_active_a
2021-07-02,3333.9,46.68752,4681.08625088,10026.41883136,4362,219,sh880008,sh_sz_active_a
2021-07-05,3352.12,47.055039,4731.84719232,10055.98408704,4364,219,sh880008,sh_sz_active_a
2021-07-06,3291.99,48.08124,5384.32636352,11198.39322112,4369,219,sh880008,sh_sz_active_a
2021-07-07,3409.59,47.763451,5015.5328448,10500.77560832,4374,219,sh880008,sh_sz_active_a
2021-07-08,3432.96,46.924603,5616.13804992,11968.42942464,4378,219,sh880008,sh_sz_active_a
2021-07-09,3409.31,46.982569,5296.68959808,11273.73340672,4379,219,sh880008,sh_sz_active_a
2021-07-12,3534.76,46.907877,6180.60204416,13176.04294656,4379,219,sh880008,sh_sz_active_a
2021-07-13,3514.98,45.403348,5538.57809408,12198.61151744,4381,220,sh880008,sh_sz_active_a
2021-07-14,3488.63,46.203308,5612.43718528,12147.26275072,4379,219,sh880008,sh_sz_active_a
2021-07-15,3537.39,46.104325,5400.63303232,11713.94002944,4379,219,sh880008,sh_sz_active_a
2021-07-16,3432.65,46.829852,5532.01856704,11813.01735424,4383,220,sh880008,sh_sz_active_a
2021-07-19,3449.53,45.548936,5108.2875104,11214.94368256,4382,220,sh880008,sh_sz_active_a
2021-07-20,3463.79,44.030916,4255.48482752,9664.76562432,4385,220,sh880008,sh_sz_active_a
2021-07-21,3560.05,47.01582,5684.02967872,12089.61073152,4384,220,sh880008,sh_sz_active_a
2021-07-22,3544.44,46.34889,6028.26452352,13006.27587072,4390,220,sh880008,sh_sz_active_a
2021-07-23,3469.87,45.01932,6206.00329216,13785.20006656,4392,220,sh880008,sh_sz_active_a
2021-07-26,3371.23,46.724524,6628.26563712,14185.83867392,4396,220,sh880008,sh_sz_active_a
2021-07-27,3232.84,48.467292,7433.62520576,15337.40580864,4397,220,sh880008,sh_sz_active_a
2021-07-28,3284.92,46.341845,5883.49302656,12695.85412096,4401,221,sh880008,sh_sz_active_a
2021-07-29,3459.72,47.637009,5950.84412544,12492.06075392,4403,221,sh880008,sh_sz_active_a
2021-07-30,3440.18,46.992969,6294.55795328,13394.6802176,4406,221,sh880008,sh_sz_active_a
2021-08-02,3493.36,47.647319,7207.01659008,15125.7546752,4407,221,sh880008,sh_sz_active_a
2021-08-03,3477.23,45.580425,6453.71645184,14158.96498176,4409,221,sh880008,sh_sz_active_a
2021-08-04,3563.13,46.968145,6053.1174016,12887.70813952,4415,221,sh880008,sh_sz_active_a
2021-08-05,3532.5,45.8644,5919.51577472,12906.55891456,4419,221,sh880008,sh_sz_active_a
2021-08-06,3490.9,47.257106,5787.68088576,12247.21825792,4421,222,sh880008,sh_sz_active_a
2021-08-09,3456.75,46.112081,5758.3993856,12487.8323712,4420,221,sh880008,sh_sz_active_a
2021-08-10,3468.67,46.756131,6283.25107968,13438.3468544,4424,222,sh880008,sh_sz_active_a
2021-08-11,3437.06,43.122164,5530.02332416,12824.08579072,4424,222,sh880008,sh_sz_active_a
2021-08-12,3386.43,44.090494,5752.01921152,13045.93956864,4428,222,sh880008,sh_sz_active_a
2021-08-13,3345.13,44.698958,5797.18317952,12969.39220992,4433,222,sh880008,sh_sz_active_a
2021-08-16,3301.39,43.388448,5453.280832,12568.50849792,4435,222,sh880008,sh_sz_active_a
2021-08-17,3224.15,42.275878,5529.77740032,13080.2188288,4438,222,sh880008,sh_sz_active_a
2021-08-18,3248.37,44.896742,5373.9026688,11969.47144704,4438,222,sh880008,sh_sz_active_a
2021-08-19,3278.36,46.736751,5677.12382208,12147.02288896,4441,223,sh880008,sh_sz_active_a
2021-08-20,3192.9,47.858799,5992.98487936,12522.22173184,4444,223,sh880008,sh_sz_active_a
2021-08-23,3293.77,45.003689,5950.94667136,13223.24197376,4444,223,sh880008,sh_sz_active_a
2021-08-24,3330.58,45.190816,6363.01294976,14080.32309248,4448,223,sh880008,sh_sz_active_a
2021-08-25,3348.66,43.900353,5769.43892224,13142.1241344,4447,223,sh880008,sh_sz_active_a
2021-08-26,3264.45,42.009523,5772.31483264,13740.49140736,4449,223,sh880008,sh_sz_active_a
2021-08-27,3257.07,44.140151,5932.49920128,13440.1425408,4450,223,sh880008,sh_sz_active_a
2021-08-30,3271.8,45.915831,7244.7220992,15778.26648064,4450,223,sh880008,sh_sz_active_a
2021-08-31,3214.12,44.796372,6637.44805248,14816.93200384,4449,223,sh880008,sh_sz_active_a
2021-09-01,3186.85,46.497335,7954.50010752,17107.4322432,4450,223,sh880008,sh_sz_active_a
2021-09-02,3138.8,44.453954,6373.42054656,14337.12852992,4448,223,sh880008,sh_sz_active_a
2021-09-03,3102.15,43.938493,6910.50234368,15727.67268864,4448,223,sh880008,sh_sz_active_a
2021-09-06,3228.09,44.696974,6373.1506816,14258.57314816,4450,223,sh880008,sh_sz_active_a
2021-09-07,3251.49,42.712965,5988.20815744,14019.64986368,4454,223,sh880008,sh_sz_active_a
2021-09-08,3219.95,41.436928,6109.29705344,14743.60508416,4456,223,sh880008,sh_sz_active_a
2021-09-09,3221.94,40.97072,5866.15704192,14317.9251712,4461,224,sh880008,sh_sz_active_a
2021-09-10,3232.01,43.6934,6744.53307136,15436.04535296,4462,224,sh880008,sh_sz_active_a
2021-09-13,3194.27,43.998876,6436.2644096,14628.24730624,4468,224,sh880008,sh_sz_active_a
2021-09-14,3236.55,43.48193,6578.07059072,15128.28567552,4472,224,sh880008,sh_sz_active_a
2021-09-15,3200.4,44.194667,5985.45403392,13543.38533376,4472,224,sh880008,sh_sz_active_a
2021-09-16,3128.84,42.932856,6345.57453696,14780.2292224,4472,224,sh880008,sh_sz_active_a
2021-09-17,3193.26,43.657735,5862.36238848,13428.00396288,4473,224,sh880008,sh_sz_active_a
2021-09-22,3164.33,43.02069,4957.19276544,11522.81083904,4470,224,sh880008,sh_sz_active_a
2021-09-23,3182.47,42.464412,5609.8932032,13210.81110528,4470,224,sh880008,sh_sz_active_a
2021-09-24,3207.82,42.987578,5515.44932736,12830.33268224,4471,224,sh880008,sh_sz_active_a
2021-09-27,3231.58,43.425869,5928.9114496,13652.94841856,4469,224,sh880008,sh_sz_active_a
2021-09-28,3211.45,44.512515,4644.9902624,10435.24550656,4473,224,sh880008,sh_sz_active_a
2021-09-29,3175.15,44.189078,4761.37312064,10774.9998592,4478,224,sh880008,sh_sz_active_a
2021-09-30,3244.65,45.630862,4335.95951552,9502.25207296,4480,224,sh880008,sh_sz_active_a
2021-10-08,3243.2,45.075937,4779.60039552,10603.44102912,4482,225,sh880008,sh_sz_active_a
2021-10-11,3196.19,43.285632,4293.49530432,9918.9850112,4483,225,sh880008,sh_sz_active_a
2021-10-12,3138.26,42.704867,4254.48847232,9962.53761536,4486,225,sh880008,sh_sz_active_a
2021-10-13,3210.16,44.870449,3990.82801152,8894.11207168,4487,225,sh880008,sh_sz_active_a
2021-10-14,3215.74,43.38273,3733.71880384,8606.46342656,4488,225,sh880008,sh_sz_active_a
2021-10-15,3276.32,45.58018,4506.9773056,9888.01990656,4490,225,sh880008,sh_sz_active_a
2021-10-18,3276.48,46.807501,4690.01694016,10019.79772928,4495,225,sh880008,sh_sz_active_a
2021-10-19,3297.29,44.360891,4316.70404864,9730.87768576,4497,225,sh880008,sh_sz_active_a
2021-10-20,3285.12,44.975041,4586.36836992,10197.58575616,4499,225,sh880008,sh_sz_active_a
2021-10-21,3279.49,44.022027,4370.30089536,9927.53221632,4503,226,sh880008,sh_sz_active_a
2021-10-22,3284.91,44.761088,4543.2422016,10149.98171648,4504,226,sh880008,sh_sz_active_a
2021-10-25,3338.62,45.15188,4580.91874752,10145.57704192,4504,226,sh880008,sh_sz_active_a
2021-10-26,3327.54,45.706647,4946.10898816,10821.42162944,4507,226,sh880008,sh_sz_active_a
2021-10-27,3308.96,44.424006,4782.58475904,10765.76649216,4513,226,sh880008,sh_sz_active_a
2021-10-28,3278.36,45.706802,5061.04250752,11072.84328448,4519,226,sh880008,sh_sz_active_a
2021-10-29,3350.67,47.189082,5370.8801984,11381.61614848,4520,226,sh880008,sh_sz_active_a
2021-11-01,3331.91,45.970008,5621.59364096,12228.82885632,4521,227,sh880008,sh_sz_active_a
2021-11-02,3339.6,42.954395,5403.00282496,12578.46341632,4524,227,sh880008,sh_sz_active_a
2021-11-03,3327.09,44.763988,4476.471552,10000.16248832,4524,227,sh880008,sh_sz_active_a
2021-11-04,3362.25,43.546037,4696.30169472,10784.68214784,4525,227,sh880008,sh_sz_active_a
2021-11-05,3352.75,42.362159,4874.8916928,11507.6562944,4525,227,sh880008,sh_sz_active_a
2021-11-08,3380.29,44.230159,4593.93409856,10386.42905088,4526,227,sh880008,sh_sz_active_a
2021-11-09,3409.94,42.770504,4322.67134592,10106.66438656,4522,227,sh880008,sh_sz_active_a
2021-11-10,3399.66,43.137977,4658.58938112,10799.27635968,4525,227,sh880008,sh_sz_active_a
2021-11-11,3433.24,41.445656,4653.85928704,11228.82289664,4524,227,sh880008,sh_sz_active_a
2021-11-12,3430.14,38.556784,4236.79345664,10988.45126656,4529,227,sh880008,sh_sz_active_a
2021-11-15,3401.87,37.692912,4364.29482368,11578.55576064,4531,227,sh880008,sh_sz_active_a
2021-11-16,3393.71,37.519753,4177.64808512,11134.52969984,4534,227,sh880008,sh_sz_active_a
2021-11-17,3421.33,38.041726,3944.58816,10369.1091968,4535,227,sh880008,sh_sz_active_a
2021-11-18,3383.91,38.479195,4325.52482496,11241.20395776,4541,228,sh880008,sh_sz_active_a
2021-11-19,3418.96,39.238131,4366.78170176,11128.9237504,4543,228,sh880008,sh_sz_active_a
2021-11-22,3505.73,40.779932,5115.67120256,12544.5799936,4546,228,sh880008,sh_sz_active_a
2021-11-23,3492.77,39.695513,4875.28621824,12281.70592256,4547,228,sh880008,sh_sz_active_a
2021-11-24,3478.66,39.832122,4788.41451712,12021.48999168,4546,228,sh880008,sh_sz_active_a
2021-11-25,3474.45,37.834673,4210.51552704,11128.72189952,4547,228,sh880008,sh_sz_active_a
2021-11-26,3468.87,38.122508,4198.76699968,11013.87923456,4548,228,sh880008,sh_sz_active_a
2021-11-29,3503.41,39.22338,4617.77765248,11773.02335488,4549,228,sh880008,sh_sz_active_a
2021-11-30,3495.59,37.028436,4518.87698048,12203.80196864,4550,228,sh880008,sh_sz_active_a
2021-12-01,3473.37,37.204932,4264.21081408,11461.41278208,4551,228,sh880008,sh_sz_active_a
2021-12-02,3466.91,37.05997,4273.14916096,11530.36320768,4553,228,sh880008,sh_sz_active_a
2021-12-03,3478.67,39.972523,4536.83696128,11349.88886016,4553,228,sh880008,sh_sz_active_a
2021-12-06,3405.93,39.422371,4743.54379968,12032.6193152,4558,228,sh880008,sh_sz_active_a
2021-12-07,3368.78,40.372834,4842.81942272,11995.24282368,4560,228,sh880008,sh_sz_active_a
2021-12-08,3424.7,41.300612,4548.45141184,11013.0364416,4561,229,sh880008,sh_sz_active_a
2021-12-09,3459.32,41.7416,5275.39429248,12638.2178304,4563,229,sh880008,sh_sz_active_a
2021-12-10,3466.8,41.459738,5121.14044992,12352.0811008,4566,229,sh880008,sh_sz_active_a
2021-12-13,3496.96,42.10955,5350.07033216,12705.1235328,4566,229,sh880008,sh_sz_active_a
2021-12-14,3495.06,37.723176,4303.87761408,11409.10718976,4566,229,sh880008,sh_sz_active_a
2021-12-15,3464.76,37.383178,4246.45700096,11359.27230464,4567,229,sh880008,sh_sz_active_a
2021-12-16,3490.45,37.452955,4169.859856,11133.59384576,4569,229,sh880008,sh_sz_active_a
2021-12-17,3434.34,36.923107,4279.728704,11590.92240384,4569,229,sh880008,sh_sz_active_a
2021-12-20,3332.61,37.629633,4357.59100928,11580.2112,4572,229,sh880008,sh_sz_active_a
2021-12-21,3350.43,35.084566,3509.05045184,10001.69275392,4571,229,sh880008,sh_sz_active_a
2021-12-22,3368.7,34.573903,3672.71710656,10622.80167424,4575,229,sh880008,sh_sz_active_a
2021-12-23,3373.7,36.908604,3975.54647616,10771.32722176,4582,230,sh880008,sh_sz_active_a
2021-12-24,3297.11,37.991285,4299.19093696,11316.25578496,4585,230,sh880008,sh_sz_active_a
2021-12-27,3293.81,37.08498,3614.23070528,9745.80744192,4586,230,sh880008,sh_sz_active_a
2021-12-28,3328.56,38.703335,3879.93014336,10024.79550464,4589,230,sh880008,sh_sz_active_a
2021-12-29,3281.9,38.132595,3802.3663808,9971.433472,4590,230,sh880008,sh_sz_active_a
2021-12-30,3322.79,36.369083,3701.40945664,10177.35151616,4592,230,sh880008,sh_sz_active_a
2021-12-31,3322.67,37.125956,3935.51031488,10600.4283392,4591,230,sh880008,sh_sz_active_a
2022-01-04,3250.16,35.866076,4540.9613952,12660.88148992,4592,230,sh880008,sh_sz_active_a
2022-01-05,3161.51,36.938631,4820.04503296,13048.79169536,4593,230,sh880008,sh_sz_active_a
2022-01-06,3127.48,37.360971,4245.97845248,11364.74324992,4595,230,sh880008,sh_sz_active_a
2022-01-07,3096.88,35.565578,4292.83325568,12070.191104,4598,230,sh880008,sh_sz_active_a
2022-01-10,3095.69,36.503356,3837.20286528,10511.91803904,4597,230,sh880008,sh_sz_active_a
2022-01-11,3056.15,35.697601,3768.03602048,10555.43197696,4600,230,sh880008,sh_sz_active_a
2022-01-12,3136.69,37.233585,3950.4030272,10609.78425856,4602,231,sh880008,sh_sz_active_a
2022-01-13,3083.14,36.097481,3946.77459456,10933.65661696,4603,231,sh880008,sh_sz_active_a
2022-01-14,3119.41,35.160853,3891.68298176,11068.22692864,4603,231,sh880008,sh_sz_active_a
2022-01-17,3170.41,34.782986,3893.86449664,11194.73893376,4604,231,sh880008,sh_sz_active_a
2022-01-18,3144.33,35.489223,4243.76272448,11957.89123584,4608,231,sh880008,sh_sz_active_a
2022-01-19,3075.98,36.514905,3889.3894176,10651.51168512,4607,231,sh880008,sh_sz_active_a
2022-01-20,3065.99,36.995471,4176.26668864,11288.5891072,4608,231,sh880008,sh_sz_active_a
2022-01-21,3034.68,38.055163,3745.58512,9842.51498496,4609,231,sh880008,sh_sz_active_a
2022-01-24,3056.43,38.792229,3351.74242752,8640.24199168,4612,231,sh880008,sh_sz_active_a
2022-01-25,2974.96,35.082535,3285.82636544,9365.9889664,4612,231,sh880008,sh_sz_active_a
2022-01-26,3004.41,38.734309,3075.66922368,7940.42630144,4613,231,sh880008,sh_sz_active_a
2022-01-27,2906.76,39.08125,3215.64479936,8228.10116096,4619,231,sh880008,sh_sz_active_a
2022-01-28,2908.94,40.687832,3330.76017088,8186.13321728,4624,232,sh880008,sh_sz_active_a
2022-02-07,2917.86,39.391599,3241.6138208,8229.20085504,4624,232,sh880008,sh_sz_active_a
2022-02-08,2846.48,40.152819,3527.69033728,8785.66047744,4623,232,sh880008,sh_sz_active_a
2022-02-09,2883.6,38.400432,3577.16957312,9315.4410496,4625,232,sh880008,sh_sz_active_a
2022-02-10,2826.52,40.897532,3828.55563456,9361.33656576,4628,232,sh880008,sh_sz_active_a
2022-02-11,2746.38,40.803215,4044.92175488,9913.24274688,4628,232,sh880008,sh_sz_active_a
2022-02-14,2732.01,41.052346,3539.6699552,8622.33296896,4629,232,sh880008,sh_sz_active_a
2022-02-15,2816.44,41.154455,3404.84286848,8273.32755456,4631,232,sh880008,sh_sz_active_a
2022-02-16,2818.4,38.824343,3132.65761792,8068.79756288,4633,232,sh880008,sh_sz_active_a
2022-02-17,2839.83,39.72129,3609.32066496,9086.61489664,4633,232,sh880008,sh_sz_active_a
2022-02-18,2826.81,38.531446,3110.88672576,8073.63084288,4636,232,sh880008,sh_sz_active_a
2022-02-21,2804.6,37.329543,3360.44360768,9002.10229248,4636,232,sh880008,sh_sz_active_a
2022-02-22,2765.91,39.140251,3828.06107136,9780.36916224,4637,232,sh880008,sh_sz_active_a
2022-02-23,2843.87,38.76322,4034.05885312,10406.92412416,4638,232,sh880008,sh_sz_active_a
2022-02-24,2783.9,36.13099,4922.50214272,13624.04442112,4639,232,sh880008,sh_sz_active_a
2022-02-25,2855.8,38.880268,3959.88708672,10184.82458624,4639,232,sh880008,sh_sz_active_a
2022-02-28,2881.31,38.905367,3691.35953088,9488.04714496,4640,232,sh880008,sh_sz_active_a
2022-03-01,2885.79,40.917038,3963.7380736,9687.25561344,4641,233,sh880008,sh_sz_active_a
2022-03-02,2834.64,38.622335,3467.47454272,8977.89984768,4640,232,sh880008,sh_sz_active_a
2022-03-03,2791.95,37.41169,3778.59030976,10100.02558976,4640,232,sh880008,sh_sz_active_a
2022-03-04,2748.64,37.892573,3812.24619776,10060.66860032,4641,233,sh880008,sh_sz_active_a
2022-03-07,2630.37,39.459974,4042.04811904,10243.41311488,4642,233,sh880008,sh_sz_active_a
2022-03-08,2582.99,39.538194,4387.50924928,11096.88844288,4640,232,sh880008,sh_sz_active_a
2022-03-09,2566.72,38.481872,4469.48347328,11614.51667456,4639,232,sh880008,sh_sz_active_a
2022-03-10,2635.19,40.256822,4341.76372288,10785.16252672,4641,233,sh880008,sh_sz_active_a
2022-03-11,2665.46,39.837968,4182.89874368,10499.77946112,4644,233,sh880008,sh_sz_active_a
2022-03-14,2570.45,40.67266,3943.7541824,9696.32710656,4649,233,sh880008,sh_sz_active_a
2022-03-15,2504.78,39.885544,4482.30681856,11237.9232256,4653,233,sh880008,sh_sz_active_a
2022-03-16,2635.08,41.94283,4998.29712832,11916.9286144,4654,233,sh880008,sh_sz_active_a
2022-03-17,2710.73,42.282844,5391.81018048,12751.76812544,4656,233,sh880008,sh_sz_active_a
2022-03-18,2713.79,40.815234,4041.58309504,9902.14356992,4658,233,sh880008,sh_sz_active_a
2022-03-21,2726.18,38.711162,3929.05384896,10149.66648832,4659,233,sh880008,sh_sz_active_a
2022-03-22,2688.23,39.298211,3783.0336832,9626.4781824,4665,234,sh880008,sh_sz_active_a
2022-03-23,2715.95,38.708452,3648.96773248,9426.79851008,4668,234,sh880008,sh_sz_active_a
2022-03-24,2706.21,39.597554,3642.79542336,9199.54653184,4667,234,sh880008,sh_sz_active_a
2022-03-25,2637.94,39.732233,3647.85920512,9181.10797824,4667,234,sh880008,sh_sz_active_a
2022-03-28,2594.13,39.153242,3407.05169344,8701.83796736,4669,234,sh880008,sh_sz_active_a
2022-03-29,2592.67,39.450329,3407.53146624,8637.5235584,4672,234,sh880008,sh_sz_active_a
2022-03-30,2696.83,40.872054,3915.83124864,9580.70587392,4673,234,sh880008,sh_sz_active_a
2022-03-31,2659.49,39.497672,3984.41661568,10087.72513792,4669,234,sh880008,sh_sz_active_a
2022-04-01,2666.97,39.426762,3687.4265856,9352.59799552,4669,234,sh880008,sh_sz_active_a
2022-04-06,2633.91,37.600192,3631.08098432,9657.08087296,4668,234,sh880008,sh_sz_active_a
2022-04-07,2578.53,36.775157,3393.21124672,9226.911744,4669,234,sh880008,sh_sz_active_a
2022-04-08,2569.91,37.880603,3508.2880672,9261.43676416,4670,234,sh880008,sh_sz_active_a
2022-04-11,2462.04,38.563785,3715.29638592,9634.1590016,4670,234,sh880008,sh_sz_active_a
2022-04-12,2523.69,38.328521,3511.19675968,9160.79378432,4675,234,sh880008,sh_sz_active_a
2022-04-13,2466.84,38.398717,3352.61641984,8731.06374656,4679,234,sh880008,sh_sz_active_a
2022-04-14,2466.29,40.743113,3543.62241088,8697.4758912,4680,234,sh880008,sh_sz_active_a
2022-04-15,2460.36,39.845874,3629.19557888,9108.08383488,4677,234,sh880008,sh_sz_active_a
2022-04-18,2487.77,39.403098,3065.80330496,7780.61479936,4674,234,sh880008,sh_sz_active_a
2022-04-19,2453.55,39.123833,3048.29616384,7791.4046464,4680,234,sh880008,sh_sz_active_a
2022-04-20,2363.65,38.052728,3121.72819712,8203.69096704,4683,235,sh880008,sh_sz_active_a
2022-04-21,2312.46,37.378366,3199.91553344,8560.8759296,4688,235,sh880008,sh_sz_active_a
2022-04-22,2296.6,37.172838,2799.33955648,7530.60478976,4691,235,sh880008,sh_sz_active_a
2022-04-25,2169.0,37.674072,3377.42166336,8964.84376576,4692,235,sh880008,sh_sz_active_a
2022-04-26,2150.51,38.242843,3206.7236672,8385.16015104,4690,235,sh880008,sh_sz_active_a
2022-04-27,2269.17,40.100026,3678.73328896,9173.89246464,4686,235,sh880008,sh_sz_active_a
2022-04-28,2227.65,41.922318,3522.647088,8402.796544,4679,234,sh880008,sh_sz_active_a
2022-04-29,2319.14,41.534122,4006.83159488,9647.08401152,4679,234,sh880008,sh_sz_active_a
2022-05-05,2288.4,40.661241,3661.39216128,9004.62477312,4626,232,sh880008,sh_sz_active_a
2022-05-06,2244.97,39.425509,2994.27221952,7594.75863552,4661,234,sh880008,sh_sz_active_a
2022-05-09,2228.07,39.323031,2639.37902144,6712.04376576,4660,233,sh880008,sh_sz_active_a
2022-05-10,2276.35,39.379404,3333.74351552,8465.70323968,4663,234,sh880008,sh_sz_active_a
2022-05-11,2346.15,40.405557,4354.72213184,10777.5328256,4663,234,sh880008,sh_sz_active_a
2022-05-12,2351.27,39.984157,3282.902656,8210.50867712,4664,234,sh880008,sh_sz_active_a
2022-05-13,2358.16,39.736982,3007.63422336,7568.8542208,4666,234,sh880008,sh_sz_active_a
2022-05-16,2331.23,39.070949,3070.72052288,7859.34450688,4665,234,sh880008,sh_sz_active_a
2022-05-17,2369.09,41.012651,3238.87317504,7897.25380608,4667,234,sh880008,sh_sz_active_a
2022-05-18,2365.38,39.005825,3003.75260736,7700.77949952,4666,234,sh880008,sh_sz_active_a
2022-05-19,2377.13,39.643364,3196.71445952,8063.68116736,4664,234,sh880008,sh_sz_active_a
2022-05-20,2417.35,41.562659,3824.94131776,9202.83119616,4669,234,sh880008,sh_sz_active_a
2022-05-23,2410.12,39.797727,3419.90461248,8593.21597952,4668,234,sh880008,sh_sz_active_a
2022-05-24,2318.07,37.466869,3709.67375168,9901.21099264,4669,234,sh880008,sh_sz_active_a
2022-05-25,2325.6,39.035535,2974.17407936,7619.14523648,4673,234,sh880008,sh_sz_active_a
2022-05-26,2321.13,38.295992,3150.30513216,8226.20061696,4679,234,sh880008,sh_sz_active_a
2022-05-27,2322.48,38.797127,3163.5875392,8154.17982976,4678,234,sh880008,sh_sz_active_a
2022-05-30,2350.38,38.274547,3102.75663744,8106.57972224,4681,235,sh880008,sh_sz_active_a
2022-05-31,2405.08,38.558346,3604.66820608,9348.60685312,4687,235,sh880008,sh_sz_active_a
2022-06-01,2428.96,36.854728,3261.22040832,8848.85225472,4688,235,sh880008,sh_sz_active_a
2022-06-02,2458.26,36.902374,3288.51884224,8911.4017792,4688,235,sh880008,sh_sz_active_a
2022-06-06,2554.66,39.557912,4399.64619968,11122.03853824,4702,236,sh880008,sh_sz_active_a
2022-06-07,2554.63,39.086346,4059.71116416,10386.52014592,4704,236,sh880008,sh_sz_active_a
2022-06-08,2576.34,41.029755,4517.1725152,11009.5040512,4708,236,sh880008,sh_sz_active_a
2022-06-09,2500.21,40.370902,3942.6536416,9766.07772672,4707,236,sh880008,sh_sz_active_a
2022-06-10,2556.47,40.894974,4294.70246464,10501.78551808,4712,236,sh880008,sh_sz_active_a
2022-06-13,2546.49,41.402479,4515.428048,10906.17802752,4716,236,sh880008,sh_sz_active_a
2022-06-14,2548.31,40.500257,4451.5112096,10991.31584512,4714,236,sh880008,sh_sz_active_a
2022-06-15,2575.09,42.942428,5575.60997184,12983.91891968,4716,236,sh880008,sh_sz_active_a
2022-06-16,2585.47,40.368259,4361.5172416,10804.32328704,4712,236,sh880008,sh_sz_active_a
2022-06-17,2657.21,41.726593,4560.50978176,10929.504256,4709,236,sh880008,sh_sz_active_a
2022-06-20,2710.14,41.184726,4794.1594496,11640.62490624,4711,236,sh880008,sh_sz_active_a
2022-06-21,2692.98,38.841508,4194.08043136,10797.9341824,4713,236,sh880008,sh_sz_active_a
2022-06-22,2677.29,39.331813,3918.06232832,9961.5604736,4709,236,sh880008,sh_sz_active_a
2022-06-23,2760.1,40.246615,4328.91149888,10755.96427264,4712,236,sh880008,sh_sz_active_a
2022-06-24,2824.44,40.023519,4642.48025216,11599.38048,4710,236,sh880008,sh_sz_active_a
2022-06-27,2830.6,40.34254,4955.57700544,12283.75064576,4709,236,sh880008,sh_sz_active_a
2022-06-28,2840.42,39.126478,4776.79799936,12208.60706816,4707,236,sh880008,sh_sz_active_a
2022-06-29,2768.61,39.457256,5191.52548608,13157.34028288,4706,236,sh880008,sh_sz_active_a
2022-06-30,2810.6,40.785139,4728.35952832,11593.33937152,4707,236,sh880008,sh_sz_active_a
2022-07-01,2781.94,41.386861,4349.91282368,10510.37138944,4712,236,sh880008,sh_sz_active_a
2022-07-04,2834.69,41.563714,4697.62098944,11302.21666304,4706,236,sh880008,sh_sz_active_a
2022-07-05,2825.13,41.322017,4878.909424,11807.04571392,4710,236,sh880008,sh_sz_active_a
2022-07-06,2802.72,42.070656,4570.34828672,10863.5062272,4714,236,sh880008,sh_sz_active_a
2022-07-07,2849.71,43.172837,4545.11005888,10527.70762752,4715,236,sh880008,sh_sz_active_a
2022-07-08,2817.64,42.037184,4326.06839936,10291.05188864,4718,236,sh880008,sh_sz_active_a
2022-07-11,2767.46,41.667856,4202.20932736,10085.01456896,4717,236,sh880008,sh_sz_active_a
2022-07-12,2702.69,41.773491,4079.20776512,9765.06322944,4716,236,sh880008,sh_sz_active_a
2022-07-13,2746.86,42.497807,4003.61107648,9420.7475712,4716,236,sh880008,sh_sz_active_a
2022-07-14,2819.13,41.392346,4253.17995648,10275.2813056,4720,236,sh880008,sh_sz_active_a
2022-07-15,2760.5,39.666163,4314.27076736,10876.45089792,4724,237,sh880008,sh_sz_active_a
2022-07-18,2800.36,38.901388,3972.18798464,10210.91577856,4726,237,sh880008,sh_sz_active_a
2022-07-19,2750.87,37.192377,3706.35163648,9965.35304192,4725,237,sh880008,sh_sz_active_a
2022-07-20,2765.16,35.412314,3372.04345024,9522.23399936,4725,237,sh880008,sh_sz_active_a
2022-07-21,2751.41,37.718105,3839.51910144,10179.51223808,4725,237,sh880008,sh_sz_active_a
2022-07-22,2737.31,37.268319,3507.44743616,9411.33791232,4727,237,sh880008,sh_sz_active_a
2022-07-25,2704.95,37.048021,3193.1916992,8619.06141184,4725,237,sh880008,sh_sz_active_a
2022-07-26,2713.46,38.53476,3213.45602688,8339.10996992,4729,237,sh880008,sh_sz_active_a
2022-07-27,2714.25,37.824554,3282.4606016,8678.12114432,4730,237,sh880008,sh_sz_active_a
2022-07-28,2705.9,36.625313,3688.25197248,10070.22637056,4731,237,sh880008,sh_sz_active_a
2022-07-29,2670.45,36.567054,3709.06364928,10143.18432256,4733,237,sh880008,sh_sz_active_a
2022-08-01,2733.74,37.267028,3702.4584512,9934.94433792,4735,237,sh880008,sh_sz_active_a
2022-08-02,2678.62,34.724543,4101.4345888,11811.34225408,4843,243,sh880008,sh_sz_bj_active_a
2022-08-03,2628.82,37.006978,4126.67975296,11151.08540416,4844,243,sh880008,sh_sz_bj_active_a
2022-08-04,2640.78,37.721528,3392.62851328,8993.8788352,4845,243,sh880008,sh_sz_bj_active_a
2022-08-05,2683.6,38.068505,3789.71130048,9954.97803776,4849,243,sh880008,sh_sz_bj_active_a
2022-08-08,2675.69,38.047965,3626.44035328,9531.23340288,4854,243,sh880008,sh_sz_bj_active_a
2022-08-09,2694.8,38.006243,3623.16112768,9533.06841088,4855,243,sh880008,sh_sz_bj_active_a
2022-08-10,2658.58,38.175039,3691.51975424,9669.98294528,4855,243,sh880008,sh_sz_bj_active_a
2022-08-11,2721.49,36.847854,3932.74142592,10672.91836416,4855,243,sh880008,sh_sz_bj_active_a
2022-08-12,2690.83,35.306203,3530.55013504,9999.80138496,4858,243,sh880008,sh_sz_bj_active_a
2022-08-15,2718.59,38.005985,3712.32067136,9767.72661248,4856,243,sh880008,sh_sz_bj_active_a
2022-08-19,2734.22,36.868991,4131.13437824,11204.90225664,4873,244,sh880008,sh_sz_bj_active_a
2022-08-22,2779.02,38.496426,3953.28893568,10269.23626496,4874,244,sh880008,sh_sz_bj_active_a
2022-08-23,2780.31,37.88123,3797.40141824,10024.49338368,4875,244,sh880008,sh_sz_bj_active_a
2022-08-24,2679.05,35.461581,3993.46200192,11261.37593856,4875,244,sh880008,sh_sz_bj_active_a
2022-08-25,2667.3,37.361903,3685.73478144,9864.95451136,4879,244,sh880008,sh_sz_bj_active_a
2022-08-26,2640.29,37.963683,3527.55939264,9291.93132032,4881,245,sh880008,sh_sz_bj_active_a
2022-08-29,2630.51,36.413865,3080.18635584,8458.82851328,4885,245,sh880008,sh_sz_bj_active_a
2022-08-30,2612.14,36.676809,3075.58514368,8385.63987456,4885,245,sh880008,sh_sz_bj_active_a
2022-08-31,2570.41,39.00614,3909.57562304,10022.97491456,4891,245,sh880008,sh_sz_bj_active_a
2022-09-01,2533.85,36.908039,2934.08936,7949.729792,4891,245,sh880008,sh_sz_bj_active_a
2022-09-02,2533.02,35.753196,2670.32176384,7468.76370944,4898,245,sh880008,sh_sz_bj_active_a
2022-09-05,2538.2,36.774809,2830.95784,7698.08990208,4899,245,sh880008,sh_sz_bj_active_a
2022-09-06,2540.64,38.530623,3348.96948992,8691.7087232,4898,245,sh880008,sh_sz_bj_active_a
2022-09-07,2570.8,37.026024,3228.97503872,8720.82571264,4898,245,sh880008,sh_sz_bj_active_a
2022-09-08,2523.01,35.907781,2830.85969152,7883.69440768,4902,246,sh880008,sh_sz_bj_active_a
2022-09-09,2548.22,39.374617,3069.67976128,7796.08784896,4907,246,sh880008,sh_sz_bj_active_a
2022-09-13,2550.63,37.999295,2931.41282624,7714.38739456,4907,246,sh880008,sh_sz_bj_active_a
2022-09-14,2503.82,36.431268,2633.46505536,7228.5847552,4908,246,sh880008,sh_sz_bj_active_a
2022-09-15,2424.19,37.361641,3434.7257312,9193.18757376,4906,246,sh880008,sh_sz_bj_active_a
2022-09-16,2367.4,37.740639,3019.8760512,8001.65593088,4907,246,sh880008,sh_sz_bj_active_a
2022-09-19,2350.38,36.877751,2456.82400032,6662.07649792,4912,246,sh880008,sh_sz_bj_active_a
2022-09-20,2366.9,39.60335,2581.29114912,6517.86059776,4914,246,sh880008,sh_sz_bj_active_a
2022-09-21,2331.52,38.230921,2439.95521312,6382.1512704,4920,246,sh880008,sh_sz_bj_active_a
2022-09-22,2319.42,39.121386,2503.51898112,6399.36167936,4919,246,sh880008,sh_sz_bj_active_a
2022-09-23,2303.91,36.927147,2468.43664768,6684.61236224,4922,247,sh880008,sh_sz_bj_active_a
2022-09-26,2323.05,38.815761,2593.57278016,6681.75171584,4926,247,sh880008,sh_sz_bj_active_a
2022-09-27,2374.74,38.554456,2571.09649152,6668.7401984,4930,247,sh880008,sh_sz_bj_active_a
2022-09-28,2313.77,37.266726,2417.15854304,6486.10381824,4934,247,sh880008,sh_sz_bj_active_a
2022-09-29,2333.0,37.760254,2362.48530432,6256.53972992,4935,247,sh880008,sh_sz_bj_active_a
2022-09-30,2288.97,39.076532,2194.6814624,5616.36704256,4936,247,sh880008,sh_sz_bj_active_a
2022-10-10,2236.24,40.158669,2524.53874464,6286.41038336,4940,247,sh880008,sh_sz_bj_active_a
2022-10-11,2261.89,40.275399,2273.06839904,5643.81351936,4941,248,sh880008,sh_sz_bj_active_a
2022-10-12,2343.3,40.091835,2849.4713952,7107.36084992,4943,248,sh880008,sh_sz_bj_active_a
2022-10-13,2350.69,37.879368,2761.37581312,7289.92055296,4945,248,sh880008,sh_sz_bj_active_a
2022-10-14,2434.22,39.751835,3425.75492864,8617.85358336,4948,248,sh880008,sh_sz_bj_active_a
2022-10-17,2435.02,37.682362,3045.56766144,8082.21016064,4945,248,sh880008,sh_sz_bj_active_a
2022-10-18,2446.93,35.76744,2843.5235968,7950.03387904,4948,248,sh880008,sh_sz_bj_active_a
2022-10-19,2425.96,37.833264,2873.01803712,7593.89421568,4954,248,sh880008,sh_sz_bj_active_a
2022-10-20,2401.72,37.064234,2954.71250176,7971.86981888,4954,248,sh880008,sh_sz_bj_active_a
2022-10-21,2395.16,36.675983,2616.1547552,7133.15516416,4955,248,sh880008,sh_sz_bj_active_a
2022-10-25,2314.55,37.016157,2973.77179136,8033.71286528,4956,248,sh880008,sh_sz_bj_active_a
2022-10-26,2372.88,36.186711,3310.42074496,9148.1669632,4958,248,sh880008,sh_sz_bj_active_a
2022-10-27,2337.25,38.377465,3548.36978368,9245.97223424,4960,248,sh880008,sh_sz_bj_active_a
2022-10-28,2250.51,35.99885,3277.773472,9105.21729024,4964,249,sh880008,sh_sz_bj_active_a
2022-10-31,2265.08,37.528671,3316.32558784,8836.77855744,4966,249,sh880008,sh_sz_bj_active_a
2022-11-01,2337.65,39.600994,3873.08737728,9780.2780672,4969,249,sh880008,sh_sz_bj_active_a
2022-11-02,2375.86,38.232682,4025.6636096,10529.37814016,4968,249,sh880008,sh_sz_bj_active_a
2022-11-03,2376.06,37.800196,3353.48335232,8871.60307712,4969,249,sh880008,sh_sz_bj_active_a
2022-11-04,2451.22,39.015188,4218.68090816,10812.91964416,4971,249,sh880008,sh_sz_bj_active_a
2022-11-07,2454.69,37.316991,3758.05730368,10070.63334912,4974,249,sh880008,sh_sz_bj_active_a
2022-11-08,2432.4,36.836161,3080.67857088,8363.19117312,4973,249,sh880008,sh_sz_bj_active_a
2022-11-09,2399.34,35.797912,2790.12486848,7794.09948672,4975,249,sh880008,sh_sz_bj_active_a
2022-11-10,2357.13,34.800922,2935.31967104,8434.60313088,4979,249,sh880008,sh_sz_bj_active_a
2022-11-11,2405.32,38.203371,4675.29551744,12237.91345664,4982,250,sh880008,sh_sz_bj_active_a
2022-11-14,2375.21,38.658378,4127.77951232,10677.5805952,4981,250,sh880008,sh_sz_bj_active_a
2022-11-15,2431.73,37.346621,3955.06864448,10590.16474624,4981,250,sh880008,sh_sz_bj_active_a
2022-11-16,2402.91,36.02063,3397.329888,9431.62261504,4984,250,sh880008,sh_sz_bj_active_a
2022-11-17,2385.86,37.083355,3387.28940288,9134.25825792,4984,250,sh880008,sh_sz_bj_active_a
2022-11-18,2389.76,35.77692,3504.02385472,9794.09043456,4988,250,sh880008,sh_sz_bj_active_a
2022-11-21,2387.3,35.608849,3028.10294464,8503.79341824,4990,250,sh880008,sh_sz_bj_active_a
2022-11-22,2343.55,35.244649,3119.93024512,8852.209664,4994,250,sh880008,sh_sz_bj_active_a
2022-11-23,2340.34,35.24977,2929.27025728,8310.04082176,4995,250,sh880008,sh_sz_bj_active_a
2022-11-24,2335.52,36.852241,2758.45962368,7485.18834176,4998,250,sh880008,sh_sz_bj_active_a
2022-11-25,2309.36,37.224659,2756.10097984,7403.9656448,5000,250,sh880008,sh_sz_bj_active_a
2022-11-28,2298.8,37.069514,2813.05360704,7588.5903872,5002,251,sh880008,sh_sz_bj_active_a
2022-11-29,2339.79,39.171603,3793.71115008,9684.85044224,5005,251,sh880008,sh_sz_bj_active_a
2022-11-30,2345.31,38.500444,3586.96883776,9316.69475328,5006,251,sh880008,sh_sz_bj_active_a
2022-12-01,2381.18,38.749094,4102.67615488,10587.79889664,5008,251,sh880008,sh_sz_bj_active_a
2022-12-02,2383.32,35.678269,3086.15050688,8649.94459648,5009,251,sh880008,sh_sz_bj_active_a
2022-12-05,2377.11,36.801994,3884.46497856,10555.03941632,5007,251,sh880008,sh_sz_bj_active_a
2022-12-06,2393.28,38.331831,3827.43338368,9985.00007936,5008,251,sh880008,sh_sz_bj_active_a
2022-12-07,2414.04,38.197849,3625.9379328,9492.51866624,5010,251,sh880008,sh_sz_bj_active_a
2022-12-08,2411.81,36.023168,3135.12717376,8703.0857728,5014,251,sh880008,sh_sz_bj_active_a
2022-12-09,2420.63,37.587856,3794.43234304,10094.83579392,5016,251,sh880008,sh_sz_bj_active_a
2022-12-12,2401.52,35.650325,3245.20383488,9102.87306752,5022,252,sh880008,sh_sz_bj_active_a
2022-12-13,2376.2,36.005076,2941.13816384,8168.67639296,5023,252,sh880008,sh_sz_bj_active_a
2022-12-14,2368.08,38.119268,3092.23863104,8112.00937984,5024,252,sh880008,sh_sz_bj_active_a
2022-12-15,2399.12,38.014288,2914.53740928,7666.95243776,5028,252,sh880008,sh_sz_bj_active_a
2022-12-16,2373.72,36.346133,2768.75398208,7617.74014464,5033,252,sh880008,sh_sz_bj_active_a
2022-12-19,2346.7,37.846492,2865.3412224,7570.95596032,5029,252,sh880008,sh_sz_bj_active_a
2022-12-20,2310.8,40.807837,2612.0155264,6400.76939264,5031,252,sh880008,sh_sz_bj_active_a
2022-12-21,2303.7,38.644917,2222.66735968,5751.51276032,5029,252,sh880008,sh_sz_bj_active_a
2022-12-22,2295.32,39.543974,2601.64540736,6579.1197184,5039,252,sh880008,sh_sz_bj_active_a
2022-12-23,2286.19,39.901371,2336.75559392,5856.32907264,5044,253,sh880008,sh_sz_bj_active_a
2022-12-26,2331.41,39.470594,2465.3576832,6246.06183424,5045,253,sh880008,sh_sz_bj_active_a
2022-12-27,2359.5,39.081175,2614.61877184,6690.22552064,5050,253,sh880008,sh_sz_bj_active_a
2022-12-28,2338.26,40.127561,2612.83737376,6511.32862464,5051,253,sh880008,sh_sz_bj_active_a
2022-12-29,2349.38,38.961903,2397.42346944,6153.2504064,5056,253,sh880008,sh_sz_bj_active_a
2022-12-30,2346.77,38.787969,2344.15826112,6043.51889408,5060,253,sh880008,sh_sz_bj_active_a
2023-01-03,2356.42,36.365591,2869.44307904,7890.5442304,5061,254,sh880008,sh_sz_bj_active_a
2023-01-04,2335.12,37.534781,2942.37734144,7839.0689792,5063,254,sh880008,sh_sz_bj_active_a
2023-01-05,2399.46,41.028775,3458.33526464,8429.04829952,5063,254,sh880008,sh_sz_bj_active_a
2023-01-06,2422.14,39.278593,3292.4436416,8382.28508672,5063,254,sh880008,sh_sz_bj_active_a
2023-01-09,2440.37,39.931256,3223.60938112,8072.89749504,5060,253,sh880008,sh_sz_bj_active_a
2023-01-10,2474.01,41.087739,3070.41184768,7472.8177664,5064,254,sh880008,sh_sz_bj_active_a
2023-01-11,2445.97,39.939533,2962.98134336,7418.66799104,5065,254,sh880008,sh_sz_bj_active_a
2023-01-12,2458.49,40.5588,2764.12611552,6815.1083008,5062,254,sh880008,sh_sz_bj_active_a
2023-01-13,2493.13,41.130124,2889.1658064,7024.45191168,5063,254,sh880008,sh_sz_bj_active_a
2023-01-16,2539.52,42.143722,3865.6206304,9172.4709888,5064,254,sh880008,sh_sz_bj_active_a
2023-01-17,2545.55,39.858704,2819.17096704,7072.91185152,5062,254,sh880008,sh_sz_bj_active_a
2023-01-18,2543.9,38.221741,2431.21363776,6360.81340416,5064,254,sh880008,sh_sz_bj_active_a
2023-01-19,2571.44,38.788516,2665.54813024,6872.0033792,5065,254,sh880008,sh_sz_bj_active_a
2023-01-20,2585.96,39.819909,2983.89170752,7493.46684928,5066,254,sh880008,sh_sz_bj_active_a
2023-01-30,2613.89,38.81045,4123.80230144,10625.49454848,5066,254,sh880008,sh_sz_bj_active_a
2023-01-31,2580.84,37.48277,3382.012544,9022.8457472,5065,254,sh880008,sh_sz_bj_active_a
2023-02-01,2613.69,35.837898,3607.2173216,10065.37080832,5067,254,sh880008,sh_sz_bj_active_a
2023-02-02,2602.32,35.146583,3604.86730944,10256.66514944,5070,254,sh880008,sh_sz_bj_active_a
2023-02-03,2580.11,34.979864,3202.60869632,9155.57777408,5067,254,sh880008,sh_sz_bj_active_a
2023-02-06,2544.09,36.477943,3193.41444672,8754.3709696,5069,254,sh880008,sh_sz_bj_active_a
2023-02-07,2537.97,34.334061,2905.60623872,8462.75149824,5071,254,sh880008,sh_sz_bj_active_a
2023-02-08,2525.88,34.567108,2784.08387904,8054.1417472,5071,254,sh880008,sh_sz_bj_active_a
2023-02-09,2569.73,35.022992,3158.35436928,9017.94562048,5075,254,sh880008,sh_sz_bj_active_a
2023-02-10,2545.16,34.276961,3062.33219328,8934.08313344,5076,254,sh880008,sh_sz_bj_active_a
2023-02-13,2573.18,34.780241,3408.70083008,9800.68204544,5077,254,sh880008,sh_sz_bj_active_a
2023-02-14,2565.15,34.707416,3174.42275008,9146.23758336,5077,254,sh880008,sh_sz_bj_active_a
2023-02-15,2547.2,35.50326,3330.23177216,9380.07330816,5078,254,sh880008,sh_sz_bj_active_a
2023-02-16,2512.5,34.312258,4096.58942144,11939.14269696,5083,255,sh880008,sh_sz_bj_active_a
2023-02-17,2449.35,36.930956,3379.14885312,9149.90891008,5085,255,sh880008,sh_sz_bj_active_a
2023-02-20,2480.79,38.288251,3639.10576768,9504.49733632,5088,255,sh880008,sh_sz_bj_active_a
2023-02-21,2469.81,37.711226,3477.20627328,9220.61307904,5089,255,sh880008,sh_sz_bj_active_a
2023-02-22,2451.9,37.302089,2924.36802944,7839.68960512,5091,255,sh880008,sh_sz_bj_active_a
2023-02-23,2457.48,37.058875,2994.12937728,8079.38555904,5091,255,sh880008,sh_sz_bj_active_a
2023-02-24,2428.94,38.818615,2819.5706864,7263.4499072,5090,255,sh880008,sh_sz_bj_active_a
2023-02-27,2409.79,36.450445,2748.81501728,7541.23866112,5090,255,sh880008,sh_sz_bj_active_a
2023-02-28,2429.03,37.289613,2824.3532304,7574.10168832,5092,255,sh880008,sh_sz_bj_active_a
2023-03-01,2443.95,40.105924,3688.2139648,9196.18256896,5094,255,sh880008,sh_sz_bj_active_a
2023-03-02,2418.6,38.071183,3556.11319296,9340.6953472,5096,255,sh880008,sh_sz_bj_active_a
2023-03-03,2422.44,38.639749,3361.55070976,8699.72180992,5097,255,sh880008,sh_sz_bj_active_a
2023-03-06,2431.56,39.161093,3725.23175872,9512.58382336,5098,255,sh880008,sh_sz_bj_active_a
2023-03-07,2383.73,38.30751,3573.95032128,9329.63352576,5099,255,sh880008,sh_sz_bj_active_a
2023-03-08,2377.58,38.778134,2787.53654784,7188.42363904,5100,255,sh880008,sh_sz_bj_active_a
2023-03-09,2372.68,38.753162,2933.41290112,7569.4800896,5101,256,sh880008,sh_sz_bj_active_a
2023-03-10,2370.36,38.065315,3083.13777664,8099.59882752,5103,256,sh880008,sh_sz_bj_active_a
2023-03-13,2357.07,39.341535,3303.46224384,8396.88192,5108,256,sh880008,sh_sz_bj_active_a
2023-03-14,2343.11,40.271804,3756.6923264,9328.34377728,5110,256,sh880008,sh_sz_bj_active_a
2023-03-15,2337.46,39.098813,3202.064112,8189.67085056,5113,256,sh880008,sh_sz_bj_active_a
2023-03-16,2302.05,40.398097,3415.35614144,8454.25016832,5113,256,sh880008,sh_sz_bj_active_a
2023-03-17,2293.67,42.007791,4089.18669184,9734.35305984,5114,256,sh880008,sh_sz_bj_active_a
2023-03-20,2291.92,41.985411,4441.13337088,10577.80137984,5114,256,sh880008,sh_sz_bj_active_a
2023-03-21,2337.26,40.109977,3583.44947264,8934.06019584,5117,256,sh880008,sh_sz_bj_active_a
2023-03-22,2341.92,40.83189,3912.87005696,9582.87773696,5116,256,sh880008,sh_sz_bj_active_a
2023-03-23,2361.41,43.50992,4444.0253152,10213.82098944,5119,256,sh880008,sh_sz_bj_active_a
2023-03-24,2370.38,42.374457,4557.85224576,10756.13138944,5120,256,sh880008,sh_sz_bj_active_a
2023-03-27,2398.02,43.338221,4943.3810496,11406.51589632,5122,257,sh880008,sh_sz_bj_active_a
2023-03-28,2369.17,41.893965,4209.16067008,10047.176704,5123,257,sh880008,sh_sz_bj_active_a
2023-03-29,2371.19,43.426022,4262.67916992,9815.9558656,5126,257,sh880008,sh_sz_bj_active_a
2023-03-30,2383.04,44.058012,4162.71826688,9448.2661376,5126,257,sh880008,sh_sz_bj_active_a
2023-03-31,2399.5,43.997015,4195.25797696,9535.32416,5126,257,sh880008,sh_sz_bj_active_a
2023-04-03,2440.21,45.215208,5667.60475968,12534.73124352,5128,257,sh880008,sh_sz_bj_active_a
2023-04-04,2421.65,45.399723,6015.75020224,13250.6320896,5133,257,sh880008,sh_sz_bj_active_a
2023-04-06,2426.57,46.142299,5507.9697632,11936.92102656,5133,257,sh880008,sh_sz_bj_active_a
2023-04-07,2446.95,43.58435,4594.69802048,10542.08229376,5132,257,sh880008,sh_sz_bj_active_a
2023-04-10,2443.52,44.45569,5449.9012128,12259.17595648,5142,258,sh880008,sh_sz_bj_active_a
2023-04-11,2439.4,45.483311,4927.96594304,10834.66842112,5143,258,sh880008,sh_sz_bj_active_a
2023-04-12,2429.29,44.470507,5035.7851872,11323.87631104,5142,258,sh880008,sh_sz_bj_active_a
2023-04-13,2405.76,42.540636,4838.45407552,11373.72299264,5144,258,sh880008,sh_sz_bj_active_a
2023-04-14,2428.09,42.730782,4766.35679232,11154.38710784,5142,258,sh880008,sh_sz_bj_active_a
2023-04-17,2434.44,41.098651,4608.40995392,11213.04444928,5144,258,sh880008,sh_sz_bj_active_a
2023-04-18,2431.1,43.794077,4644.57372352,10605.48378624,5151,258,sh880008,sh_sz_bj_active_a
2023-04-19,2415.76,44.1303,4780.45984576,10832.60207104,5151,258,sh880008,sh_sz_bj_active_a
2023-04-20,2386.67,44.959596,5122.47940224,11393.51748608,5154,258,sh880008,sh_sz_bj_active_a
2023-04-21,2341.19,43.161991,5259.79367552,12186.1701632,5153,258,sh880008,sh_sz_bj_active_a
2023-04-24,2301.24,44.246202,4798.24872704,10844.43066368,5154,258,sh880008,sh_sz_bj_active_a
2023-04-25,2259.19,43.165373,4900.16788864,11352.080384,5155,258,sh880008,sh_sz_bj_active_a
2023-04-26,2294.06,45.191533,5077.74572992,11236.0554496,5147,258,sh880008,sh_sz_bj_active_a
2023-04-27,2307.27,44.09595,4614.00284992,10463.55247104,5143,258,sh880008,sh_sz_bj_active_a
2023-04-28,2324.72,42.833331,4788.56307328,11179.52540672,5130,257,sh880008,sh_sz_bj_active_a
2023-05-04,2297.67,42.11336,4940.07548864,11730.42364416,5094,255,sh880008,sh_sz_bj_active_a
2023-05-05,2267.63,43.636022,4685.1150336,10736.80613376,5134,257,sh880008,sh_sz_bj_active_a
2023-05-08,2273.4,45.018013,5129.33168384,11393.95395584,5135,257,sh880008,sh_sz_bj_active_a
2023-05-09,2245.82,45.9841,5628.83358464,12240.82587648,5133,257,sh880008,sh_sz_bj_active_a
2023-05-10,2262.22,46.471626,4746.43273984,10213.61455104,5135,257,sh880008,sh_sz_bj_active_a
2023-05-11,2276.57,43.56989,3909.6576992,8973.30184192,5138,257,sh880008,sh_sz_bj_active_a
2023-05-12,2252.38,42.511632,3611.78762432,8495.9985664,5141,258,sh880008,sh_sz_bj_active_a
2023-05-15,2299.93,43.847376,4120.70196544,9397.83028736,5142,258,sh880008,sh_sz_bj_active_a
2023-05-16,2294.19,42.768237,3710.706656,8676.3143168,5147,258,sh880008,sh_sz_bj_active_a
2023-05-17,2293.64,41.662864,3261.34137984,7827.93375744,5150,258,sh880008,sh_sz_bj_active_a
2023-05-18,2277.97,42.912494,3786.02663424,8822.66734592,5153,258,sh880008,sh_sz_bj_active_a
2023-05-19,2278.59,42.089725,3577.10204992,8498.75369984,5156,258,sh880008,sh_sz_bj_active_a
2023-05-22,2280.15,39.155193,3121.7704928,7972.81353728,5157,258,sh880008,sh_sz_bj_active_a
2023-05-23,2253.33,39.065687,2999.45262528,7677.97231616,5159,258,sh880008,sh_sz_bj_active_a
2023-05-24,2245.26,41.792401,3362.40962944,8045.50475776,5161,259,sh880008,sh_sz_bj_active_a
2023-05-25,2244.18,41.958115,3603.3802016,8588.04125696,5162,259,sh880008,sh_sz_bj_active_a
2023-05-26,2229.27,42.711849,3514.79540096,8229.08747776,5162,259,sh880008,sh_sz_bj_active_a
2023-05-29,2203.84,42.954715,3963.5174976,9227.2001024,5158,258,sh880008,sh_sz_bj_active_a
2023-05-30,2218.6,44.230694,4134.91770624,9348.52558848,5160,258,sh880008,sh_sz_bj_active_a
2023-05-31,2193.41,44.300889,4166.24483072,9404.42714112,5163,259,sh880008,sh_sz_bj_active_a
2023-06-01,2206.43,43.095658,4259.12485184,9882.95593984,5165,259,sh880008,sh_sz_bj_active_a
2023-06-02,2233.27,41.378555,3898.28987072,9421.0392064,5167,259,sh880008,sh_sz_bj_active_a
2023-06-05,2202.14,40.969623,3584.58574848,8749.37450496,5167,259,sh880008,sh_sz_bj_active_a
2023-06-06,2164.81,40.671898,3819.26717376,9390.43258368,5168,259,sh880008,sh_sz_bj_active_a
2023-06-07,2129.9,42.093813,3434.0259008,8158.03006976,5168,259,sh880008,sh_sz_bj_active_a
2023-06-08,2123.96,41.20014,3547.27635456,8609.86474496,5170,259,sh880008,sh_sz_bj_active_a
2023-06-09,2143.01,42.64057,4225.17580608,9908.81644544,5174,259,sh880008,sh_sz_bj_active_a
2023-06-12,2152.42,40.748132,3938.7636864,9666.1209088,5176,259,sh880008,sh_sz_bj_active_a
2023-06-13,2166.96,43.925135,4144.20852736,9434.70870528,5176,259,sh880008,sh_sz_bj_active_a
2023-06-14,2163.34,44.306571,4438.63554688,10018.00728576,5174,259,sh880008,sh_sz_bj_active_a
2023-06-15,2237.74,43.69737,4691.91095296,10737.28454656,5177,259,sh880008,sh_sz_bj_active_a
2023-06-16,2270.06,43.560296,4655.90978304,10688.42549248,5175,259,sh880008,sh_sz_bj_active_a
2023-06-19,2265.18,44.003992,4876.10946816,11081.06149888,5181,260,sh880008,sh_sz_bj_active_a
2023-06-20,2271.42,45.897005,5010.42711424,10916.675584,5183,260,sh880008,sh_sz_bj_active_a
2023-06-21,2211.84,44.260303,4531.85038528,10239.0857728,5188,260,sh880008,sh_sz_bj_active_a
2023-06-26,2186.25,42.411565,4152.48648448,9790.92963328,5188,260,sh880008,sh_sz_bj_active_a
2023-06-27,2191.83,40.325184,3396.65476224,8423.15988992,5191,260,sh880008,sh_sz_bj_active_a
2023-06-28,2182.1,41.58476,3699.9506912,8897.37183232,5197,260,sh880008,sh_sz_bj_active_a
2023-06-29,2180.06,40.845741,3542.47599424,8672.81600512,5199,260,sh880008,sh_sz_bj_active_a
2023-06-30,2215.0,39.187511,3606.88469184,9204.16878592,5204,261,sh880008,sh_sz_bj_active_a
2023-07-03,2228.21,39.928484,4096.99778752,10260.83979264,5205,261,sh880008,sh_sz_bj_active_a
2023-07-04,2232.75,39.903004,3714.81864512,9309.6214528,5206,261,sh880008,sh_sz_bj_active_a
2023-07-05,2212.42,39.103189,3401.73056832,8699.36857088,5207,261,sh880008,sh_sz_bj_active_a
2023-07-06,2192.19,40.911044,3360.51538432,8214.20097536,5205,261,sh880008,sh_sz_bj_active_a
2023-07-07,2169.21,40.545666,3249.5493056,8014.5416192,5208,261,sh880008,sh_sz_bj_active_a
2023-07-10,2198.86,38.923747,2969.53850624,7629.1178496,5209,261,sh880008,sh_sz_bj_active_a
2023-07-11,2216.78,39.508557,3060.70875584,7746.9515776,5208,261,sh880008,sh_sz_bj_active_a
2023-07-12,2196.85,40.720247,3718.97002176,9132.97506304,5211,261,sh880008,sh_sz_bj_active_a
2023-07-13,2237.52,40.556255,3739.67731712,9220.96304128,5210,261,sh880008,sh_sz_bj_active_a
2023-07-14,2224.1,41.77379,3860.90075584,9242.39986688,5211,261,sh880008,sh_sz_bj_active_a
2023-07-17,2207.44,39.787007,3198.45183552,8038.93542912,5214,261,sh880008,sh_sz_bj_active_a
2023-07-18,2200.62,38.961673,3032.65318848,7783.68319488,5214,261,sh880008,sh_sz_bj_active_a
2023-07-19,2177.25,38.642858,2718.98591872,7036.19268608,5219,261,sh880008,sh_sz_bj_active_a
2023-07-20,2155.65,39.375623,3101.44026624,7876.5490176,5222,262,sh880008,sh_sz_bj_active_a
2023-07-21,2163.12,38.491906,2741.51373536,7122.31223296,5222,262,sh880008,sh_sz_bj_active_a
2023-07-24,2146.93,38.739848,2556.78048384,6599.87234816,5223,262,sh880008,sh_sz_bj_active_a
2023-07-25,2192.9,42.411088,4025.20500416,9490.92614144,5226,262,sh880008,sh_sz_bj_active_a
2023-07-26,2191.17,38.912749,3086.1307168,7930.89867776,5230,262,sh880008,sh_sz_bj_active_a
2023-07-27,2184.1,37.7981,2952.0082496,7809.9382272,5230,262,sh880008,sh_sz_bj_active_a
2023-07-28,2219.54,43.126144,4094.5926848,9494.4559104,5232,262,sh880008,sh_sz_bj_active_a
2023-07-31,2236.67,42.309484,4680.21894464,11061.8673152,5232,262,sh880008,sh_sz_bj_active_a
2023-08-01,2223.8,41.087323,3934.57206208,9576.12163072,5233,262,sh880008,sh_sz_bj_active_a
2023-08-02,2218.57,40.722241,3408.26036224,8369.5304704,5232,262,sh880008,sh_sz_bj_active_a
2023-08-03,2241.98,43.067299,3590.69615296,8337.40734464,5235,262,sh880008,sh_sz_bj_active_a
2023-08-04,2263.37,46.958756,4931.09973504,10500.91651072,5236,262,sh880008,sh_sz_bj_active_a
2023-08-07,2240.77,43.050358,3835.81371904,8910.06222336,5237,262,sh880008,sh_sz_bj_active_a
2023-08-08,2228.91,42.178346,3373.22415104,7997.52585216,5239,262,sh880008,sh_sz_bj_active_a
2023-08-09,2228.73,40.873311,3013.97058688,7373.93311744,5243,263,sh880008,sh_sz_bj_active_a
2023-08-10,2239.31,42.897989,2981.7269568,6950.7383296,5246,263,sh880008,sh_sz_bj_active_a
2023-08-11,2187.04,40.758972,3115.2286496,7643.05014784,5247,263,sh880008,sh_sz_bj_active_a
2023-08-14,2164.69,40.946745,3040.33072192,7425.08527616,5246,263,sh880008,sh_sz_bj_active_a
2023-08-15,2148.67,40.93058,2893.91759936,7070.30679552,5248,263,sh880008,sh_sz_bj_active_a
2023-08-16,2132.97,42.412849,2990.11053344,7050.01095168,5251,263,sh880008,sh_sz_bj_active_a
2023-08-17,2147.06,40.083465,2968.7190368,7406.34329088,5253,263,sh880008,sh_sz_bj_active_a
2023-08-18,2118.92,38.245258,2851.33028416,7455.38256896,5256,263,sh880008,sh_sz_bj_active_a
2023-08-21,2084.97,39.482138,2680.6206304,6789.45161216,5256,263,sh880008,sh_sz_bj_active_a
2023-08-22,2086.94,40.063554,3282.35868096,8192.87949312,5257,263,sh880008,sh_sz_bj_active_a
2023-08-23,2038.98,40.616638,2871.49227168,7069.74384128,5261,264,sh880008,sh_sz_bj_active_a
2023-08-24,2064.57,41.60178,3272.97657728,7867.39560448,5261,264,sh880008,sh_sz_bj_active_a
2023-08-25,2040.4,38.331089,2941.62528704,7674.25445888,5262,264,sh880008,sh_sz_bj_active_a
2023-08-28,2060.04,41.115952,4637.17926592,11278.29733376,5263,264,sh880008,sh_sz_bj_active_a
2023-08-29,2118.19,38.040211,3949.21686784,10381.69014272,5262,264,sh880008,sh_sz_bj_active_a
2023-08-30,2117.13,38.131331,3757.2554784,9853.46015232,5264,264,sh880008,sh_sz_bj_active_a
2023-08-31,2102.58,37.732902,3129.91512512,8294.92297728,5264,264,sh880008,sh_sz_bj_active_a
2023-09-01,2100.26,38.056662,2842.75697056,7469.80114432,5265,264,sh880008,sh_sz_bj_active_a
2023-09-04,2118.03,38.152345,3388.45861184,8881.39022336,5264,264,sh880008,sh_sz_bj_active_a
2023-09-05,2111.33,38.709781,3119.4081248,8058.44942848,5267,264,sh880008,sh_sz_bj_active_a
2023-09-06,2101.4,37.904158,2928.77420992,7726.78877184,5268,264,sh880008,sh_sz_bj_active_a
2023-09-07,2056.98,38.196866,2934.4327232,7682.39140864,5269,264,sh880008,sh_sz_bj_active_a
2023-09-08,2049.77,39.259501,2681.05755168,6829.06681344,5270,264,sh880008,sh_sz_bj_active_a
2023-09-11,2063.19,38.925357,3277.4376576,8419.80116992,5271,264,sh880008,sh_sz_bj_active_a
2023-09-12,2051.04,40.007404,2837.14465952,7091.5489792,5272,264,sh880008,sh_sz_bj_active_a
2023-09-13,2027.73,37.63931,2631.2880688,6990.79786496,5272,264,sh880008,sh_sz_bj_active_a
2023-09-14,2011.88,40.071629,2671.35028032,6666.43791872,5273,264,sh880008,sh_sz_bj_active_a
2023-09-15,2002.73,39.084898,2823.66974528,7224.45205504,5274,264,sh880008,sh_sz_bj_active_a
2023-09-18,2020.47,38.185228,2670.402792,6993.2875776,5275,264,sh880008,sh_sz_bj_active_a
2023-09-19,2002.66,38.06668,2420.08387872,6357.48614144,5275,264,sh880008,sh_sz_bj_active_a
2023-09-20,1987.3,38.735393,2223.4770528,5740.16913408,5277,264,sh880008,sh_sz_bj_active_a
2023-09-21,1967.61,40.222383,2331.76773056,5797.18938624,5278,264,sh880008,sh_sz_bj_active_a
2023-09-22,2013.34,43.09801,3303.34505056,7664.72749056,5279,264,sh880008,sh_sz_bj_active_a
2023-09-25,2005.26,41.458343,2979.54352512,7186.83701248,5280,264,sh880008,sh_sz_bj_active_a
2023-09-26,1989.83,43.77612,2917.42136544,6664.41285632,5281,265,sh880008,sh_sz_bj_active_a
2023-09-27,2006.22,40.938763,2936.36939904,7172.58948608,5281,265,sh880008,sh_sz_bj_active_a
2023-09-28,2003.91,40.520876,2909.39448288,7179.98915584,5281,265,sh880008,sh_sz_bj_active_a
2023-10-09,1998.61,39.624366,3053.75804928,7706.7681792,5281,265,sh880008,sh_sz_bj_active_a
2023-10-10,1987.94,41.338895,3205.06114432,7753.13686528,5284,265,sh880008,sh_sz_bj_active_a
2023-10-11,2003.9,41.446172,3478.47382976,8392.75053056,5283,265,sh880008,sh_sz_bj_active_a
2023-10-12,2019.1,43.144362,3588.84086464,8318.21512704,5284,265,sh880008,sh_sz_bj_active_a
2023-10-13,1996.6,42.433054,3433.4938432,8091.55493888,5285,265,sh880008,sh_sz_bj_active_a
2023-10-16,1956.72,41.472548,3374.56504064,8136.8645632,5285,265,sh880008,sh_sz_bj_active_a
2023-10-17,1961.89,42.086462,3097.42220288,7359.66396416,5287,265,sh880008,sh_sz_bj_active_a
2023-10-18,1938.44,44.611479,3422.24566784,7671.22210816,5286,265,sh880008,sh_sz_bj_active_a
2023-10-19,1913.7,46.069736,3746.8368128,8132.96779264,5289,265,sh880008,sh_sz_bj_active_a
2023-10-20,1896.95,43.776319,3205.2093296,7321.78808832,5290,265,sh880008,sh_sz_bj_active_a
2023-10-23,1864.91,41.257257,2977.50164192,7216.9160704,5291,265,sh880008,sh_sz_bj_active_a
2023-10-24,1880.81,42.88812,3450.80046656,8046.05198336,5290,265,sh880008,sh_sz_bj_active_a
2023-10-25,1863.8,42.286549,3697.19351232,8743.190528,5292,265,sh880008,sh_sz_bj_active_a
2023-10-26,1875.86,42.591521,3590.29489984,8429.60011264,5292,265,sh880008,sh_sz_bj_active_a
2023-10-27,1929.91,38.872474,3755.10993408,9660.07455744,5293,265,sh880008,sh_sz_bj_active_a
2023-10-30,1977.69,38.45495,3996.3979968,10392.41510912,5293,265,sh880008,sh_sz_bj_active_a
2023-10-31,1968.23,39.5006,3631.38211776,9193.2327936,5296,265,sh880008,sh_sz_bj_active_a
2023-11-01,1959.13,39.98706,3252.72511744,8134.44431872,5299,265,sh880008,sh_sz_bj_active_a
2023-11-02,1939.7,39.614291,3043.0031872,7681.5794176,5299,265,sh880008,sh_sz_bj_active_a
2023-11-03,1968.21,38.15682,3094.91269696,8111.03420416,5301,266,sh880008,sh_sz_bj_active_a
2023-11-06,2032.34,38.593254,4113.57828288,10658.8012544,5295,265,sh880008,sh_sz_bj_active_a
2023-11-07,2022.77,40.700338,4049.18352128,9948.7711232,5298,265,sh880008,sh_sz_bj_active_a
2023-11-08,2023.13,40.41027,4201.82127616,10397.90440448,5301,266,sh880008,sh_sz_bj_active_a
2023-11-09,2018.38,41.796936,4032.88072576,9648.7473152,5300,265,sh880008,sh_sz_bj_active_a
2023-11-10,2005.24,41.538338,3446.65228224,8297.52082432,5301,266,sh880008,sh_sz_bj_active_a
2023-11-13,2009.21,38.459291,3348.62910592,8706.94453248,5303,266,sh880008,sh_sz_bj_active_a
2023-11-14,2004.81,39.2053,3513.25041024,8961.16195328,5303,266,sh880008,sh_sz_bj_active_a
2023-11-15,2015.36,38.693453,3843.03795584,9932.01094656,5302,266,sh880008,sh_sz_bj_active_a
2023-11-16,1978.12,38.665,3300.20202496,8535.37325056,5303,266,sh880008,sh_sz_bj_active_a
2023-11-17,1986.53,38.432619,3185.28454656,8287.97157376,5304,266,sh880008,sh_sz_bj_active_a
2023-11-20,1992.97,35.683481,3322.27316352,9310.39543296,5306,266,sh880008,sh_sz_bj_active_a
2023-11-21,1984.27,36.104406,3640.04358656,10081.992704,5308,266,sh880008,sh_sz_bj_active_a
2023-11-22,1950.01,37.098473,3296.02761536,8884.53726208,5307,266,sh880008,sh_sz_bj_active_a
2023-11-23,1961.35,37.424532,3142.40400384,8396.64205824,5309,266,sh880008,sh_sz_bj_active_a
2023-11-24,1937.94,36.15922,3002.91319296,8304.6957056,5309,266,sh880008,sh_sz_bj_active_a
2023-11-27,1926.2,35.3366,3035.23150848,8589.48370432,5311,266,sh880008,sh_sz_bj_active_a
2023-11-28,1938.42,35.703093,2839.7173424,7953.7012736,5309,266,sh880008,sh_sz_bj_active_a
2023-11-29,1917.9,36.176969,2867.45476032,7926.18860544,5311,266,sh880008,sh_sz_bj_active_a
2023-11-30,1922.59,36.052437,2831.6415904,7854.2307328,5311,266,sh880008,sh_sz_bj_active_a
2023-12-01,1926.28,38.413856,3244.2897216,8445.62366464,5314,266,sh880008,sh_sz_bj_active_a
2023-12-04,1908.92,37.90559,3256.00527104,8589.77599488,5312,266,sh880008,sh_sz_bj_active_a
2023-12-05,1871.1,37.041,3105.43861056,8383.78717184,5314,266,sh880008,sh_sz_bj_active_a
2023-12-06,1881.94,38.343958,3188.33479616,8315.09037056,5315,266,sh880008,sh_sz_bj_active_a
2023-12-07,1877.21,38.422131,3204.49079872,8340.22146048,5313,266,sh880008,sh_sz_bj_active_a
2023-12-08,1892.18,38.741427,3780.7776032,9759.00442624,5316,266,sh880008,sh_sz_bj_active_a
2023-12-11,1915.74,37.132971,3426.262976,9227.010048,5317,266,sh880008,sh_sz_bj_active_a
2023-12-12,1903.87,38.43836,3067.67114304,7980.7545344,5318,266,sh880008,sh_sz_bj_active_a
2023-12-13,1872.34,37.080093,2909.71820736,7847.1168,5320,266,sh880008,sh_sz_bj_active_a
2023-12-14,1860.51,37.110252,2812.28604672,7578.19179008,5322,267,sh880008,sh_sz_bj_active_a
2023-12-15,1848.5,37.711277,2822.12076672,7483.49292544,5322,267,sh880008,sh_sz_bj_active_a
2023-12-18,1820.0,35.744785,2534.61698368,7090.87199232,5322,267,sh880008,sh_sz_bj_active_a
2023-12-19,1827.67,37.182868,2447.72337824,6582.93325824,5320,266,sh880008,sh_sz_bj_active_a
2023-12-20,1802.88,37.032803,2524.89667264,6818.00040448,5323,267,sh880008,sh_sz_bj_active_a
2023-12-21,1832.62,37.106561,2801.90262816,7550.9628928,5324,267,sh880008,sh_sz_bj_active_a
2023-12-22,1825.84,37.218758,2949.43086336,7924.58166272,5324,267,sh880008,sh_sz_bj_active_a
2023-12-25,1831.57,36.343874,2265.53346112,6233.60475136,5324,267,sh880008,sh_sz_bj_active_a
2023-12-26,1808.5,36.84207,2313.76369056,6280.22181888,5326,267,sh880008,sh_sz_bj_active_a
2023-12-27,1809.83,38.681152,2524.5792144,6526.63914496,5327,267,sh880008,sh_sz_bj_active_a
2023-12-28,1879.5,38.295961,3455.9730048,9024.37994496,5325,267,sh880008,sh_sz_bj_active_a
2023-12-29,1891.37,36.3785,3060.72196352,8413.54641408,5328,267,sh880008,sh_sz_bj_active_a
2024-01-02,1855.92,35.255651,2856.0540416,8100.98229248,5328,267,sh880008,sh_sz_bj_active_a
2024-01-03,1834.73,35.120994,2656.85142528,7564.85259264,5329,267,sh880008,sh_sz_bj_active_a
2024-01-04,1801.76,37.124987,2561.9780096,6900.95325184,5329,267,sh880008,sh_sz_bj_active_a
2024-01-05,1775.58,34.808495,2626.80385408,7546.44484096,5331,267,sh880008,sh_sz_bj_active_a
2024-01-08,1744.41,35.18536,2358.53458592,6703.17019136,5331,267,sh880008,sh_sz_bj_active_a
2024-01-09,1750.78,36.180816,2485.75224576,6870.35973632,5331,267,sh880008,sh_sz_bj_active_a
2024-01-10,1743.2,37.04417,2433.42509376,6568.98260992,5333,267,sh880008,sh_sz_bj_active_a
2024-01-11,1777.27,37.585572,2714.27842176,7221.59665152,5335,267,sh880008,sh_sz_bj_active_a
2024-01-12,1761.16,35.711637,2461.14411104,6891.71464192,5332,267,sh880008,sh_sz_bj_active_a
2024-01-15,1745.61,35.034316,2168.31664704,6189.12219136,5333,267,sh880008,sh_sz_bj_active_a
2024-01-16,1752.23,35.946554,2506.90033696,6973.96559872,5335,267,sh880008,sh_sz_bj_active_a
2024-01-17,1699.62,37.495811,2434.74117792,6493.36848384,5335,267,sh880008,sh_sz_bj_active_a
2024-01-18,1732.36,37.797372,3313.77650112,8767.21405952,5338,267,sh880008,sh_sz_bj_active_a
2024-01-19,1715.44,40.296649,2741.85848288,6804.18476032,5338,267,sh880008,sh_sz_bj_active_a
2024-01-22,1666.88,36.195251,2914.4471088,8052.015104,5338,267,sh880008,sh_sz_bj_active_a
2024-01-23,1687.61,38.262305,2729.06186016,7132.50766848,5338,267,sh880008,sh_sz_bj_active_a
2024-01-24,1696.19,38.012389,2954.68042144,7772.94053376,5339,267,sh880008,sh_sz_bj_active_a
2024-01-25,1720.78,38.727375,3497.3757792,9030.75856384,5340,267,sh880008,sh_sz_bj_active_a
2024-01-26,1682.48,38.536512,3235.08757696,8394.8634112,5341,268,sh880008,sh_sz_bj_active_a
2024-01-29,1623.81,39.439129,3214.59451328,8150.7745792,5342,268,sh880008,sh_sz_bj_active_a
2024-01-30,1583.77,37.903094,2544.154232,6712.26003456,5342,268,sh880008,sh_sz_bj_active_a
2024-01-31,1573.37,35.375025,2713.33322432,7670.19450368,5343,268,sh880008,sh_sz_bj_active_a
2024-02-01,1589.04,36.7865,2615.16453024,7109.03332864,5343,268,sh880008,sh_sz_bj_active_a
2024-02-02,1550.37,35.40851,2882.64828,8141.11719424,5344,268,sh880008,sh_sz_bj_active_a
2024-02-05,1562.61,36.104188,3195.1029696,8849.67407616,5343,268,sh880008,sh_sz_bj_active_a
2024-02-06,1667.45,35.119773,3286.94290432,9359.23744768,5344,268,sh880008,sh_sz_bj_active_a
2024-02-07,1707.02,33.910711,3502.90465472,10329.78825216,5345,268,sh880008,sh_sz_bj_active_a
2024-02-08,1726.86,31.681401,3246.96576576,10248.80738304,5347,268,sh880008,sh_sz_bj_active_a
2024-02-19,1746.42,34.989657,3375.43395712,9646.94769664,5347,268,sh880008,sh_sz_bj_active_a
2024-02-20,1746.18,39.114604,3123.36572032,7985.1651072,5347,268,sh880008,sh_sz_bj_active_a
2024-02-21,1752.48,38.366919,3798.19846272,9899.67024128,5347,268,sh880008,sh_sz_bj_active_a
2024-02-22,1757.87,38.740065,3218.0356448,8306.73780736,5347,268,sh880008,sh_sz_bj_active_a
2024-02-23,1758.19,37.443652,3482.57897792,9300.852736,5346,268,sh880008,sh_sz_bj_active_a
2024-02-26,1751.7,34.966345,3487.09637184,9972.72190976,5345,268,sh880008,sh_sz_bj_active_a
2024-02-27,1793.98,38.080976,3818.42414016,10027.11744512,5346,268,sh880008,sh_sz_bj_active_a
2024-02-28,1748.97,34.992056,4798.27455232,13712.46821376,5346,268,sh880008,sh_sz_bj_active_a
2024-02-29,1807.03,37.777074,4017.30731776,10634.24688128,5346,268,sh880008,sh_sz_bj_active_a
2024-03-01,1824.03,40.307771,4295.37453184,10656.44261376,5347,268,sh880008,sh_sz_bj_active_a
2024-03-04,1834.83,41.361199,4491.8896192,10860.15340544,5347,268,sh880008,sh_sz_bj_active_a
2024-03-05,1833.66,43.480516,4674.81824704,10751.52420864,5347,268,sh880008,sh_sz_bj_active_a
2024-03-06,1832.58,40.740917,3826.8910688,9393.23752448,5345,268,sh880008,sh_sz_bj_active_a
2024-03-07,1789.94,38.994301,3858.19178496,9894.2451712,5345,268,sh880008,sh_sz_bj_active_a
2024-03-08,1807.29,40.994502,3552.06054144,8664.7242752,5346,268,sh880008,sh_sz_bj_active_a
2024-03-11,1890.41,41.468532,4197.47709184,10122.0777984,5345,268,sh880008,sh_sz_bj_active_a
2024-03-12,1906.04,41.136507,4736.8543328,11514.96486912,5347,268,sh880008,sh_sz_bj_active_a
2024-03-13,1895.15,39.895053,4230.3214016,10603.62387456,5349,268,sh880008,sh_sz_bj_active_a
2024-03-14,1883.02,40.179265,4069.56225536,10128.5134336,5349,268,sh880008,sh_sz_bj_active_a
2024-03-15,1884.09,40.36817,3849.26286336,9535.39100672,5348,268,sh880008,sh_sz_bj_active_a
2024-03-18,1926.4,39.394659,4511.07486912,11450.9807616,5347,268,sh880008,sh_sz_bj_active_a
2024-03-19,1906.94,39.267545,4258.72924736,10845.41763584,5349,268,sh880008,sh_sz_bj_active_a
2024-03-20,1909.25,38.512739,3872.392496,10054.83524096,5350,268,sh880008,sh_sz_bj_active_a
2024-03-21,1897.09,37.922607,4071.84276032,10737.24391424,5350,268,sh880008,sh_sz_bj_active_a
2024-03-22,1869.17,38.494553,4244.92839616,11027.34819328,5350,268,sh880008,sh_sz_bj_active_a
2024-03-25,1833.44,38.559189,4044.55268544,10489.20588288,5351,268,sh880008,sh_sz_bj_active_a
2024-03-26,1841.54,40.1117,3854.00009728,9608.16939008,5352,268,sh880008,sh_sz_bj_active_a
2024-03-27,1789.82,38.120571,3408.96476032,8942.58577408,5354,268,sh880008,sh_sz_bj_active_a
2024-03-28,1806.9,39.596647,3710.7257632,9371.31311104,5355,268,sh880008,sh_sz_bj_active_a
2024-03-29,1818.2,38.442833,3318.38892928,8632.00935936,5355,268,sh880008,sh_sz_bj_active_a
2024-04-01,1872.12,38.034042,3817.27694976,10036.4746752,5357,268,sh880008,sh_sz_bj_active_a
2024-04-02,1860.49,36.992454,3597.3049088,9724.42894336,5358,268,sh880008,sh_sz_bj_active_a
2024-04-03,1840.41,37.545032,3463.57446208,9225.12064512,5357,268,sh880008,sh_sz_bj_active_a
2024-04-08,1807.05,38.079167,3563.49120384,9358.11219456,5360,268,sh880008,sh_sz_bj_active_a
2024-04-09,1827.58,37.825792,3024.79411136,7996.64439296,5361,269,sh880008,sh_sz_bj_active_a
2024-04-10,1789.94,36.710946,3073.91043072,8373.28044032,5361,269,sh880008,sh_sz_bj_active_a
2024-04-11,1782.09,38.418292,3141.93437952,8178.22498816,5362,269,sh880008,sh_sz_bj_active_a
2024-04-12,1762.88,38.807516,3161.21228608,8145.87641856,5362,269,sh880008,sh_sz_bj_active_a
2024-04-15,1795.52,35.322903,3539.07552256,10019.209216,5362,269,sh880008,sh_sz_bj_active_a
2024-04-16,1760.2,35.772242,3404.77466624,9517.92369664,5362,269,sh880008,sh_sz_bj_active_a
2024-04-17,1797.31,36.504919,3371.81400448,9236.60189696,5361,269,sh880008,sh_sz_bj_active_a
2024-04-18,1787.49,39.424553,3766.43656384,9553.5300608,5360,268,sh880008,sh_sz_bj_active_a
2024-04-19,1756.0,39.924546,3454.03200896,8651.39949568,5358,268,sh880008,sh_sz_bj_active_a
2024-04-22,1750.46,39.263223,3241.43367488,8255.6485632,5357,268,sh880008,sh_sz_bj_active_a
2024-04-23,1753.16,39.010518,3039.45124352,7791.36335872,5356,268,sh880008,sh_sz_bj_active_a
2024-04-24,1765.41,38.76495,3097.84377088,7991.35236096,5357,268,sh880008,sh_sz_bj_active_a
2024-04-25,1764.73,37.71111,2933.55364224,7779.01703168,5354,268,sh880008,sh_sz_bj_active_a
2024-04-26,1823.74,40.263561,4392.56006784,10909.51708672,5345,268,sh880008,sh_sz_bj_active_a
2024-04-29,1887.57,38.645449,4701.96727168,12166.93665792,5336,267,sh880008,sh_sz_bj_active_a
2024-04-30,1858.39,37.277916,3859.541344,10353.42577664,5300,265,sh880008,sh_sz_bj_active_a
2024-05-06,1895.21,38.005132,4206.93860096,11069.39609088,5341,268,sh880008,sh_sz_bj_active_a
2024-05-07,1892.54,37.07191,3606.09079168,9727.28631296,5341,268,sh880008,sh_sz_bj_active_a
2024-05-08,1865.11,34.756283,3018.81543872,8685.66827008,5339,267,sh880008,sh_sz_bj_active_a
2024-05-09,1900.01,35.746911,3237.03686144,9055.43090176,5340,267,sh880008,sh_sz_bj_active_a
2024-05-10,1878.17,35.816111,3282.7565888,9165.586432,5340,267,sh880008,sh_sz_bj_active_a
2024-05-13,1860.37,36.095376,3296.50880832,9132.77321216,5339,267,sh880008,sh_sz_bj_active_a
2024-05-14,1855.6,36.965545,3058.6713792,8274.38465024,5342,268,sh880008,sh_sz_bj_active_a
2024-05-15,1838.89,37.984354,2901.2727968,7638.073344,5343,268,sh880008,sh_sz_bj_active_a
2024-05-16,1844.21,39.63998,3370.60920896,8503.05482752,5342,268,sh880008,sh_sz_bj_active_a
2024-05-17,1864.94,39.875693,3548.84412864,8899.76782848,5342,268,sh880008,sh_sz_bj_active_a
2024-05-20,1875.93,38.904783,3882.58194944,9979.70345984,5338,267,sh880008,sh_sz_bj_active_a
2024-05-21,1861.48,38.206839,3063.28335616,8017.63098624,5341,268,sh880008,sh_sz_bj_active_a
2024-05-22,1877.93,38.99124,3252.47528832,8341.55380736,5342,268,sh880008,sh_sz_bj_active_a
2024-05-23,1852.07,36.965934,3163.25789632,8557.22426368,5342,268,sh880008,sh_sz_bj_active_a
2024-05-24,1818.56,38.264075,2942.80434176,7690.77608448,5342,268,sh880008,sh_sz_bj_active_a
2024-05-27,1830.96,37.414264,2912.36275584,7784.0973824,5340,267,sh880008,sh_sz_bj_active_a
2024-05-28,1806.25,38.435766,2864.69991424,7453.21398272,5340,267,sh880008,sh_sz_bj_active_a
2024-05-29,1811.07,38.87433,2766.80802336,7117.31380224,5340,267,sh880008,sh_sz_bj_active_a
2024-05-30,1813.15,39.333407,2858.3473504,7266.97115648,5341,268,sh880008,sh_sz_bj_active_a
2024-05-31,1805.11,37.035238,2658.04284736,7177.06428416,5340,267,sh880008,sh_sz_bj_active_a
2024-06-03,1819.46,37.417231,3119.4861824,8337.031168,5340,267,sh880008,sh_sz_bj_active_a
2024-06-04,1843.59,37.185435,2784.4104768,7487.90611968,5339,267,sh880008,sh_sz_bj_active_a
2024-06-05,1833.55,37.874813,2618.35111328,6913.17243904,5344,268,sh880008,sh_sz_bj_active_a
2024-06-06,1820.45,36.856287,3129.38357312,8490.77272576,5346,268,sh880008,sh_sz_bj_active_a
2024-06-07,1781.07,41.123751,2956.87088416,7190.17803776,5343,268,sh880008,sh_sz_bj_active_a
2024-06-11,1787.3,42.435849,2992.53655328,7051.90690816,5343,268,sh880008,sh_sz_bj_active_a
2024-06-12,1779.42,41.396351,2873.11985632,6940.5147136,5347,268,sh880008,sh_sz_bj_active_a
2024-06-13,1777.79,40.946843,3091.41910048,7549.83501824,5348,268,sh880008,sh_sz_bj_active_a
2024-06-14,1791.36,44.324463,3770.812832,8507.29500672,5349,268,sh880008,sh_sz_bj_active_a
2024-06-17,1806.19,42.40141,3196.63840256,7538.99077632,5348,268,sh880008,sh_sz_bj_active_a
2024-06-18,1811.36,41.445198,3064.85759584,7394.9642752,5346,268,sh880008,sh_sz_bj_active_a
2024-06-19,1788.5,41.173143,2918.2733744,7087.80818432,5345,268,sh880008,sh_sz_bj_active_a
2024-06-20,1762.7,38.153574,2776.5741648,7277.3632,5344,268,sh880008,sh_sz_bj_active_a
2024-06-21,1755.88,41.336606,2576.84246848,6233.80267008,5344,268,sh880008,sh_sz_bj_active_a
2024-06-24,1731.51,38.6934,2702.97811616,6985.63100672,5342,268,sh880008,sh_sz_bj_active_a
2024-06-25,1700.02,41.130844,2677.72397856,6510.2577664,5337,267,sh880008,sh_sz_bj_active_a
2024-06-26,1730.64,38.323595,2476.22925504,6461.36987648,5344,268,sh880008,sh_sz_bj_active_a
2024-06-27,1703.2,39.922031,2511.28980064,6290.4860672,5338,267,sh880008,sh_sz_bj_active_a
2024-06-28,1683.43,40.754361,2876.3238416,7057.70815488,5337,267,sh880008,sh_sz_bj_active_a
2024-07-01,1682.69,39.977988,2640.63279008,6605.21680896,5335,267,sh880008,sh_sz_bj_active_a
2024-07-02,1665.04,39.906917,2582.78342016,6472.01947648,5335,267,sh880008,sh_sz_bj_active_a
2024-07-03,1660.12,39.87907,2324.54074112,5828.97434624,5334,267,sh880008,sh_sz_bj_active_a
2024-07-04,1647.22,38.23008,2240.04105824,5859.36797696,5335,267,sh880008,sh_sz_bj_active_a
2024-07-05,1655.59,42.383815,2446.60519552,5772.49869824,5334,267,sh880008,sh_sz_bj_active_a
2024-07-08,1628.76,41.131757,2402.94593376,5842.06974976,5333,267,sh880008,sh_sz_bj_active_a
2024-07-09,1652.12,42.096666,3060.3725072,7269.8691584,5339,267,sh880008,sh_sz_bj_active_a
2024-07-10,1651.11,43.324505,2945.66302752,6799.06902016,5341,268,sh880008,sh_sz_bj_active_a
2024-07-11,1685.12,41.809768,3302.41097472,7898.65889792,5341,268,sh880008,sh_sz_bj_active_a
2024-07-12,1683.63,43.744798,3017.8149872,6898.6830848,5341,268,sh880008,sh_sz_bj_active_a
2024-07-15,1673.01,42.866387,2593.01850112,6049.07175936,5342,268,sh880008,sh_sz_bj_active_a
2024-07-16,1696.34,47.085736,3043.48732704,6463.7140992,5342,268,sh880008,sh_sz_bj_active_a
2024-07-17,1696.45,45.541855,3132.83946208,6879.03342592,5339,267,sh880008,sh_sz_bj_active_a
2024-07-18,1717.71,44.379856,3025.429608,6817.1235328,5336,267,sh880008,sh_sz_bj_active_a
2024-07-19,1725.49,45.87353,3103.36962752,6765.0551808,5335,267,sh880008,sh_sz_bj_active_a
2024-07-22,1723.91,44.968998,2973.70752864,6612.79473664,5334,267,sh880008,sh_sz_bj_active_a
2024-07-23,1671.44,42.608539,2840.679816,6666.92616192,5334,267,sh880008,sh_sz_bj_active_a
2024-07-24,1650.91,42.114724,2659.27837344,6314.3673856,5334,267,sh880008,sh_sz_bj_active_a
2024-07-25,1644.45,44.310768,2627.06026624,5928.7175168,5332,267,sh880008,sh_sz_bj_active_a
2024-07-26,1659.53,43.605216,2661.53214528,6103.70125824,5334,267,sh880008,sh_sz_bj_active_a
2024-07-29,1635.67,42.495787,2505.97240384,5896.99022848,5332,267,sh880008,sh_sz_bj_active_a
2024-07-30,1630.95,42.510542,2565.57941216,6035.16043264,5333,267,sh880008,sh_sz_bj_active_a
2024-07-31,1688.14,40.711833,3696.94030656,9080.75139072,5333,267,sh880008,sh_sz_bj_active_a
2024-08-01,1665.97,40.123193,3155.7236768,7865.08611584,5333,267,sh880008,sh_sz_bj_active_a
2024-08-02,1638.3,41.545117,3016.81294176,7261.53428992,5335,267,sh880008,sh_sz_bj_active_a
2024-08-05,1607.29,41.461934,3290.56259072,7936.34603008,5333,267,sh880008,sh_sz_bj_active_a
2024-08-06,1627.36,41.681388,2737.89479616,6568.62674944,5334,267,sh880008,sh_sz_bj_active_a
2024-08-07,1620.33,41.121593,2444.9497792,5945.65922816,5335,267,sh880008,sh_sz_bj_active_a
2024-08-08,1611.51,39.786124,2478.6897152,6230.0356608,5336,267,sh880008,sh_sz_bj_active_a
2024-08-09,1595.64,40.64039,2299.94149024,5659.25052416,5336,267,sh880008,sh_sz_bj_active_a
2024-08-12,1592.39,37.841243,1886.98095744,4986.57230848,5337,267,sh880008,sh_sz_bj_active_a
2024-08-13,1607.19,40.204602,1929.32666528,4798.77070848,5337,267,sh880008,sh_sz_bj_active_a
2024-08-14,1584.33,39.713107,1906.97370464,4801.87482112,5338,267,sh880008,sh_sz_bj_active_a
2024-08-15,1592.71,38.746199,2302.85691392,5943.43952384,5338,267,sh880008,sh_sz_bj_active_a
2024-08-16,1591.46,39.225906,2330.56236224,5941.3856256,5338,267,sh880008,sh_sz_bj_active_a
2024-08-19,1589.29,40.257195,2307.85139616,5732.76749824,5337,267,sh880008,sh_sz_bj_active_a
2024-08-20,1567.97,39.414289,2211.8874416,5611.89224448,5338,267,sh880008,sh_sz_bj_active_a
2024-08-21,1558.51,41.619926,2133.79871744,5126.8681728,5339,267,sh880008,sh_sz_bj_active_a
2024-08-22,1546.63,41.686673,2301.27223136,5520.40267776,5339,267,sh880008,sh_sz_bj_active_a
2024-08-23,1546.9,41.344229,2120.38268736,5128.60618752,5337,267,sh880008,sh_sz_bj_active_a
2024-08-26,1545.31,41.503349,2195.12721376,5289.03634944,5339,267,sh880008,sh_sz_bj_active_a
2024-08-27,1530.74,40.541912,2083.82593984,5139.93015296,5338,267,sh880008,sh_sz_bj_active_a
2024-08-28,1531.45,40.886783,2040.05411968,4989.51979008,5338,267,sh880008,sh_sz_bj_active_a
2024-08-29,1541.4,41.388696,2524.43399424,6099.33197312,5338,267,sh880008,sh_sz_bj_active_a
2024-08-30,1580.46,41.095336,3616.53843648,8800.36216832,5338,267,sh880008,sh_sz_bj_active_a
2024-09-02,1536.95,39.743169,2814.97994016,7082.9277184,5336,267,sh880008,sh_sz_bj_active_a
2024-09-03,1556.32,39.945196,2327.37109728,5826.41057792,5337,267,sh880008,sh_sz_bj_active_a
2024-09-04,1554.64,40.891784,2296.372176,5615.73003264,5337,267,sh880008,sh_sz_bj_active_a
2024-09-05,1564.72,39.839176,2138.87611392,5368.77596672,5337,267,sh880008,sh_sz_bj_active_a
2024-09-06,1538.07,40.612276,2212.62484224,5448.16758784,5337,267,sh880008,sh_sz_bj_active_a
2024-09-09,1539.04,42.599279,2217.13299328,5204.62565376,5335,267,sh880008,sh_sz_bj_active_a
2024-09-10,1539.98,39.545235,2093.59501344,5294.17764864,5335,267,sh880008,sh_sz_bj_active_a
2024-09-11,1558.33,43.622244,2186.1737328,5011.60312832,5339,267,sh880008,sh_sz_bj_active_a
2024-09-12,1551.81,41.977556,2171.60031936,5173.2414464,5339,267,sh880008,sh_sz_bj_active_a
2024-09-13,1535.17,43.022865,2273.74471232,5284.96820224,5340,267,sh880008,sh_sz_bj_active_a
2024-09-18,1533.47,39.970113,1925.49571136,4817.33869568,5336,267,sh880008,sh_sz_bj_active_a
2024-09-19,1546.47,40.74449,2564.43128896,6293.93391616,5341,268,sh880008,sh_sz_bj_active_a
2024-09-20,1536.6,42.742113,2465.34785888,5767.95967488,5341,268,sh880008,sh_sz_bj_active_a
2024-09-23,1530.51,42.459092,2347.38305504,5528.57567232,5342,268,sh880008,sh_sz_bj_active_a
2024-09-24,1615.32,42.118091,4104.0900448,9744.24506368,5343,268,sh880008,sh_sz_bj_active_a
2024-09-25,1641.54,40.615673,4718.22979392,11616.77111296,5346,268,sh880008,sh_sz_bj_active_a
2024-09-26,1714.14,42.259298,4928.97726528,11663.6516352,5347,268,sh880008,sh_sz_bj_active_a
2024-09-27,1885.49,41.348607,6018.87411776,14556.41329664,5347,268,sh880008,sh_sz_bj_active_a
2024-09-30,2175.09,37.322147,9746.75401984,26115.20208896,5344,268,sh880008,sh_sz_bj_active_a
2024-10-08,2550.28,36.489307,12711.4412672,34836.07236608,5340,267,sh880008,sh_sz_bj_active_a
2024-10-09,2280.1,43.761566,12982.14008064,29665.62013184,5340,267,sh880008,sh_sz_bj_active_a
2024-10-10,2212.91,44.512341,9618.76246272,21609.20363008,5342,268,sh880008,sh_sz_bj_active_a
2024-10-11,2100.87,42.919757,6810.51754304,15868.02458624,5343,268,sh880008,sh_sz_bj_active_a
2024-10-14,2155.4,44.404193,7322.43324928,16490.40949248,5344,268,sh880008,sh_sz_bj_active_a
2024-10-15,2085.99,44.974023,7427.58540672,16515.27909376,5345,268,sh880008,sh_sz_bj_active_a
2024-10-16,2039.95,45.127121,6270.79156864,13895.83794176,5348,268,sh880008,sh_sz_bj_active_a
2024-10-17,2033.48,44.766343,6801.21433728,15192.69576704,5351,268,sh880008,sh_sz_bj_active_a
2024-10-18,2195.1,44.51612,9484.5998976,21305.9895296,5350,268,sh880008,sh_sz_bj_active_a
2024-10-21,2210.34,42.465824,9465.292448,22289.1999232,5350,268,sh880008,sh_sz_bj_active_a
2024-10-22,2216.99,41.629942,8162.6582656,19607.66210048,5349,268,sh880008,sh_sz_bj_active_a
2024-10-23,2205.3,41.876263,8227.77394304,19647.82256128,5346,268,sh880008,sh_sz_bj_active_a
2024-10-24,2175.1,42.998286,6722.5090272,15634.36515328,5348,268,sh880008,sh_sz_bj_active_a
2024-10-25,2238.9,39.826976,7291.44268544,18307.79879424,5348,268,sh880008,sh_sz_bj_active_a
2024-10-28,2229.12,37.432879,7127.49825408,19040.74293248,5345,268,sh880008,sh_sz_bj_active_a
2024-10-29,2177.31,38.938191,8234.96738944,21148.81847296,5347,268,sh880008,sh_sz_bj_active_a
2024-10-30,2151.51,40.940174,7751.601568,18933.972992,5345,268,sh880008,sh_sz_bj_active_a
2024-10-31,2164.46,42.49416,9612.98310912,22621.89211648,5348,268,sh880008,sh_sz_bj_active_a
2024-11-01,2123.74,42.321361,9597.60221568,22677.91491072,5348,268,sh880008,sh_sz_bj_active_a
2024-11-04,2185.98,43.748103,7540.02550016,17235.09112832,5349,268,sh880008,sh_sz_bj_active_a
2024-11-05,2289.84,42.446431,9977.70692608,23506.58617344,5352,268,sh880008,sh_sz_bj_active_a
2024-11-06,2265.83,42.085557,11043.51632896,26240.63275008,5353,268,sh880008,sh_sz_bj_active_a
2024-11-07,2350.76,41.964607,10755.98840192,25631.09552128,5353,268,sh880008,sh_sz_bj_active_a
2024-11-08,2321.59,41.038786,11213.0251008,27322.9938688,5355,268,sh880008,sh_sz_bj_active_a
2024-11-11,2392.44,41.047067,10452.7781568,25465.34711296,5351,268,sh880008,sh_sz_bj_active_a
2024-11-12,2390.8,40.320665,10431.08938112,25870.33075712,5352,268,sh880008,sh_sz_bj_active_a
2024-11-13,2417.25,42.126765,8601.4143296,20417.93216512,5352,268,sh880008,sh_sz_bj_active_a
2024-11-14,2334.96,41.365719,7740.37057792,18712.0418816,5353,268,sh880008,sh_sz_bj_active_a
2024-11-15,2243.62,42.349424,7890.92492416,18632.89798656,5354,268,sh880008,sh_sz_bj_active_a
2024-11-18,2190.95,40.139799,7209.05655936,17959.8721024,5351,268,sh880008,sh_sz_bj_active_a
2024-11-19,2256.61,41.669826,6653.16653824,15966.38887936,5354,268,sh880008,sh_sz_bj_active_a
2024-11-20,2267.85,39.047133,6449.0515904,16516.06945792,5358,268,sh880008,sh_sz_bj_active_a
2024-11-21,2265.87,40.561173,6716.27247616,16558.3781888,5358,268,sh880008,sh_sz_bj_active_a
2024-11-22,2175.57,38.798034,7108.57602816,18322.00044544,5360,268,sh880008,sh_sz_bj_active_a
2024-11-25,2175.18,40.214246,6118.17287232,15213.94384896,5359,268,sh880008,sh_sz_bj_active_a
2024-11-26,2150.1,38.618777,5153.93248832,13345.66453248,5360,268,sh880008,sh_sz_bj_active_a
2024-11-27,2208.78,38.936089,5791.696544,14874.88024576,5359,268,sh880008,sh_sz_bj_active_a
2024-11-28,2169.8,38.527506,5877.90102272,15256.37578752,5357,268,sh880008,sh_sz_bj_active_a
2024-11-29,2224.0,39.227694,6850.61205248,17463.71346432,5363,269,sh880008,sh_sz_bj_active_a
2024-12-02,2255.5,36.596502,6680.09574784,18253.37245696,5361,269,sh880008,sh_sz_bj_active_a
2024-12-03,2245.5,37.285353,6547.16143744,17559.60705024,5361,269,sh880008,sh_sz_bj_active_a
2024-12-04,2213.41,38.347971,6509.17439872,16973.97342208,5361,269,sh880008,sh_sz_bj_active_a
2024-12-05,2221.46,38.105705,5817.04277568,15265.5429632,5365,269,sh880008,sh_sz_bj_active_a
2024-12-06,2267.06,37.980086,6903.16961664,18175.7607936,5363,269,sh880008,sh_sz_bj_active_a
2024-12-09,2248.63,36.596882,6079.55029248,16612.20814848,5361,269,sh880008,sh_sz_bj_active_a
2024-12-10,2264.05,37.249969,8298.96343552,22279.11524352,5364,269,sh880008,sh_sz_bj_active_a
2024-12-11,2261.58,36.38693,6543.81777152,17983.97886464,5365,269,sh880008,sh_sz_bj_active_a
2024-12-12,2292.15,35.065007,6618.16512896,18873.9878912,5366,269,sh880008,sh_sz_bj_active_a
2024-12-13,2235.26,36.67188,7663.73048832,20898.11181568,5365,269,sh880008,sh_sz_bj_active_a
2024-12-16,2201.53,36.734693,6306.86213888,17168.68087808,5369,269,sh880008,sh_sz_bj_active_a
2024-12-17,2201.18,37.014516,5645.44691008,15251.98094336,5366,269,sh880008,sh_sz_bj_active_a
2024-12-18,2202.14,39.546053,5438.84890944,13753.20276992,5368,269,sh880008,sh_sz_bj_active_a
2024-12-19,2213.54,40.897604,5990.47675712,14647.50047232,5367,269,sh880008,sh_sz_bj_active_a
2024-12-20,2209.66,40.28036,6174.0099456,15327.59375872,5372,269,sh880008,sh_sz_bj_active_a
2024-12-23,2187.94,38.352073,5927.94716224,15456.65380352,5370,269,sh880008,sh_sz_bj_active_a
2024-12-24,2213.55,39.831814,5263.03966464,13213.15598336,5370,269,sh880008,sh_sz_bj_active_a
2024-12-25,2201.3,39.717142,5142.00595264,12946.56602112,5367,269,sh880008,sh_sz_bj_active_a
2024-12-26,2209.85,41.804684,5377.60650688,12863.64594176,5371,269,sh880008,sh_sz_bj_active_a
2024-12-27,2204.9,41.289489,5976.48972928,14474.60339712,5369,269,sh880008,sh_sz_bj_active_a
2024-12-30,2206.29,40.574011,5227.87525568,12884.78785536,5366,269,sh880008,sh_sz_bj_active_a
2024-12-31,2141.6,39.886554,5419.10666816,13586.29961728,5369,269,sh880008,sh_sz_bj_active_a
2025-01-02,2060.44,39.436265,5558.55207104,14095.02674944,5368,269,sh880008,sh_sz_bj_active_a
2025-01-03,2015.97,37.199231,4769.84398528,12822.4264192,5371,269,sh880008,sh_sz_bj_active_a
2025-01-06,2014.19,38.177248,4089.59884032,10712.13641728,5369,269,sh880008,sh_sz_bj_active_a
2025-01-07,2028.36,40.86421,4450.83785472,10891.7751808,5372,269,sh880008,sh_sz_bj_active_a
2025-01-08,2008.44,39.989537,5029.25794624,12576.43442176,5372,269,sh880008,sh_sz_bj_active_a
2025-01-09,2010.66,42.146023,4760.45288896,11295.14139648,5373,269,sh880008,sh_sz_bj_active_a
2025-01-10,1975.3,41.806372,4861.92064896,11629.61616896,5374,269,sh880008,sh_sz_bj_active_a
2025-01-13,1982.46,41.57901,4058.97622976,9762.08003072,5373,269,sh880008,sh_sz_bj_active_a
2025-01-14,2075.76,40.773959,5594.2399488,13720.12937216,5376,269,sh880008,sh_sz_bj_active_a
2025-01-15,2037.93,42.134187,5106.2011328,12118.90270208,5378,269,sh880008,sh_sz_bj_active_a
2025-01-16,2051.35,42.822449,5536.89987904,12929.90021632,5378,269,sh880008,sh_sz_bj_active_a
2025-01-17,2067.27,41.469642,4773.5090464,11510.85182976,5377,269,sh880008,sh_sz_bj_active_a
2025-01-20,2104.73,40.381801,4830.85388352,11962.9479936,5376,269,sh880008,sh_sz_bj_active_a
2025-01-21,2112.39,43.331162,5275.83764608,12175.62017792,5378,269,sh880008,sh_sz_bj_active_a
2025-01-22,2101.03,44.925684,5156.16015936,11477.08768256,5382,270,sh880008,sh_sz_bj_active_a
2025-01-23,2093.31,42.936428,5880.10229888,13694.90325504,5383,270,sh880008,sh_sz_bj_active_a
2025-01-24,2121.84,42.054992,5188.54044096,12337.51375872,5380,269,sh880008,sh_sz_bj_active_a
2025-01-27,2063.82,42.182999,4756.52996736,11275.9406592,5381,270,sh880008,sh_sz_bj_active_a
2025-02-05,2062.92,44.703623,5812.75018496,13002.86144512,5383,270,sh880008,sh_sz_bj_active_a
2025-02-06,2120.75,43.699972,6794.50971136,15548.08700928,5384,270,sh880008,sh_sz_bj_active_a
2025-02-07,2174.35,43.552668,8675.25604352,19919.00004352,5385,270,sh880008,sh_sz_bj_active_a
2025-02-10,2183.88,42.344526,7450.82539648,17595.72262912,5386,270,sh880008,sh_sz_bj_active_a
2025-02-11,2152.73,42.683861,7162.28023168,16779.83219712,5385,270,sh880008,sh_sz_bj_active_a
2025-02-12,2191.76,43.02357,7365.19852032,17118.98492928,5385,270,sh880008,sh_sz_bj_active_a
2025-02-13,2176.16,44.038133,8164.56575872,18539.76346624,5386,270,sh880008,sh_sz_bj_active_a
2025-02-14,2215.3,44.06391,7688.2609344,17447.97696,5385,270,sh880008,sh_sz_bj_active_a
2025-02-17,2226.62,43.239096,8525.8219968,19717.85433088,5388,270,sh880008,sh_sz_bj_active_a
2025-02-18,2182.57,41.543285,7587.01898112,18262.92498432,5387,270,sh880008,sh_sz_bj_active_a
2025-02-19,2226.98,43.418716,7594.92988032,17492.29502464,5387,270,sh880008,sh_sz_bj_active_a
2025-02-20,2225.58,41.28868,7396.77427584,17914.77547008,5386,270,sh880008,sh_sz_bj_active_a
2025-02-21,2281.51,43.504348,9706.06342784,22310.55941632,5388,270,sh880008,sh_sz_bj_active_a
2025-02-24,2266.24,42.090071,8903.67558528,21153.86212352,5385,270,sh880008,sh_sz_bj_active_a
2025-02-25,2240.59,42.47792,8179.03718272,19254.79661568,5383,270,sh880008,sh_sz_bj_active_a
2025-02-26,2268.22,40.364845,7950.69189888,19697.07024384,5384,270,sh880008,sh_sz_bj_active_a
2025-02-27,2256.51,40.108323,8189.68499584,20418.91651584,5382,270,sh880008,sh_sz_bj_active_a
2025-02-28,2170.39,38.949984,7421.93153152,19055.0310912,5382,270,sh880008,sh_sz_bj_active_a
2025-03-03,2196.52,37.969468,6319.13254144,16642.66797056,5380,269,sh880008,sh_sz_bj_active_a
2025-03-04,2190.08,38.603931,5713.22091264,14799.58331392,5382,270,sh880008,sh_sz_bj_active_a
2025-03-05,2190.36,38.668175,5976.94832,15457.02211584,5381,270,sh880008,sh_sz_bj_active_a
2025-03-06,2234.69,39.174024,7651.66623104,19532.5001728,5379,269,sh880008,sh_sz_bj_active_a
2025-03-07,2205.31,38.872667,7236.50630016,18615.92416256,5380,269,sh880008,sh_sz_bj_active_a
2025-03-10,2199.88,37.006424,5713.9722048,15440.48738304,5380,269,sh880008,sh_sz_bj_active_a
2025-03-11,2204.03,37.226742,5657.87890432,15198.42623488,5383,270,sh880008,sh_sz_bj_active_a
2025-03-12,2191.27,36.764652,6343.94533248,17255.5567104,5382,270,sh880008,sh_sz_bj_active_a
2025-03-13,2166.0,35.716453,5887.5184384,16484.05118976,5384,270,sh880008,sh_sz_bj_active_a
2025-03-14,2226.72,38.060354,7006.85655808,18409.85669632,5384,270,sh880008,sh_sz_bj_active_a
2025-03-17,2215.13,35.666735,5781.61154816,16210.09498112,5379,269,sh880008,sh_sz_bj_active_a
2025-03-18,2228.64,36.28357,5675.66100672,15642.50996736,5386,270,sh880008,sh_sz_bj_active_a
2025-03-19,2222.35,36.440611,5491.28311616,15069.13026048,5383,270,sh880008,sh_sz_bj_active_a
2025-03-20,2200.03,35.676119,5268.20093184,14766.74322432,5385,270,sh880008,sh_sz_bj_active_a
2025-03-21,2152.28,34.746984,5489.193472,15797.61139712,5386,270,sh880008,sh_sz_bj_active_a
2025-03-24,2152.55,32.598179,4806.48987712,14744.65759232,5386,270,sh880008,sh_sz_bj_active_a
2025-03-25,2145.48,34.804828,4481.1857152,12875.18420992,5389,270,sh880008,sh_sz_bj_active_a
2025-03-26,2139.9,34.972636,4127.389664,11801.7687552,5390,270,sh880008,sh_sz_bj_active_a
2025-03-27,2145.1,33.995763,4136.50627328,12167.71129344,5391,270,sh880008,sh_sz_bj_active_a
2025-03-28,2128.21,33.133083,3793.79455552,11450.17073664,5390,270,sh880008,sh_sz_bj_active_a
2025-03-31,2103.7,34.597133,4301.43518592,12432.92368896,5392,270,sh880008,sh_sz_bj_active_a
2025-04-01,2101.88,33.940104,3912.55739136,11527.82958592,5391,270,sh880008,sh_sz_bj_active_a
2025-04-02,2104.63,34.688457,3443.53292288,9927.02824448,5393,270,sh880008,sh_sz_bj_active_a
2025-04-03,2065.4,35.711902,4136.24717056,11582.26509824,5392,270,sh880008,sh_sz_bj_active_a
2025-04-07,1807.21,38.710942,6263.30854144,16179.6849664,5390,270,sh880008,sh_sz_bj_active_a
2025-04-08,1840.31,35.823401,5922.442048,16532.3276288,5391,270,sh880008,sh_sz_bj_active_a
2025-04-09,1858.36,36.197225,6301.97058304,17410.09321984,5394,270,sh880008,sh_sz_bj_active_a
2025-04-10,1900.53,36.175958,6001.84767488,16590.70840832,5394,270,sh880008,sh_sz_bj_active_a
2025-04-11,1926.37,36.970855,5141.48688832,13906.86502912,5393,270,sh880008,sh_sz_bj_active_a
2025-04-14,1932.91,35.729624,4690.10825728,13126.66550272,5392,270,sh880008,sh_sz_bj_active_a
2025-04-15,1930.4,34.754521,3858.52669632,11102.22962688,5390,270,sh880008,sh_sz_bj_active_a
2025-04-16,1907.11,35.527782,4053.0381088,11408.080896,5394,270,sh880008,sh_sz_bj_active_a
2025-04-17,1908.78,35.346014,3642.10879936,10304.15712256,5394,270,sh880008,sh_sz_bj_active_a
2025-04-18,1913.97,34.487106,3273.54356224,9492.07957504,5393,270,sh880008,sh_sz_bj_active_a
2025-04-21,1944.32,34.606444,3715.27979008,10735.80343296,5393,270,sh880008,sh_sz_bj_active_a
2025-04-22,1928.43,34.615712,3881.14891456,11212.1020416,5391,270,sh880008,sh_sz_bj_active_a
2025-04-23,1949.16,36.11966,4559.9761216,12624.63746048,5393,270,sh880008,sh_sz_bj_active_a
2025-04-24,1935.86,33.644563,3831.84696192,11389.20128512,5393,270,sh880008,sh_sz_bj_active_a
2025-04-25,1947.19,34.791035,3955.89543744,11370.44488192,5392,270,sh880008,sh_sz_bj_active_a
2025-04-28,1934.46,33.150479,3569.69223744,10768.14675968,5386,270,sh880008,sh_sz_bj_active_a
2025-04-29,1931.94,33.552057,3495.37010112,10417.75198208,5360,268,sh880008,sh_sz_bj_active_a
2025-04-30,1948.03,34.59108,4127.09816384,11931.10536192,5359,268,sh880008,sh_sz_bj_active_a
2025-05-06,1986.41,33.807564,4612.87240192,13644.49820672,5379,269,sh880008,sh_sz_bj_active_a
2025-05-07,1996.51,33.91785,5104.89659584,15050.76707328,5381,270,sh880008,sh_sz_bj_active_a
2025-05-08,2029.45,34.398807,4546.84306816,13218.02530816,5382,270,sh880008,sh_sz_bj_active_a
2025-05-09,2011.77,33.810295,4132.95409216,12223.9516672,5382,270,sh880008,sh_sz_bj_active_a
2025-05-12,2064.71,35.984036,4825.05021568,13408.86351872,5382,270,sh880008,sh_sz_bj_active_a
2025-05-13,2062.26,34.158388,4529.53470016,13260.38777856,5384,270,sh880008,sh_sz_bj_active_a
2025-05-14,2083.14,36.5251,4930.62487808,13499.27829504,5384,270,sh880008,sh_sz_bj_active_a
2025-05-15,2043.25,34.815363,4144.5444032,11904.35487744,5383,270,sh880008,sh_sz_bj_active_a
2025-05-16,2039.45,33.846265,3804.7103744,11241.15283968,5384,270,sh880008,sh_sz_bj_active_a
2025-05-19,2032.76,31.664887,3542.96410816,11188.93637632,5381,270,sh880008,sh_sz_bj_active_a
2025-05-20,2048.46,32.228373,3903.68194432,12112.56274944,5387,270,sh880008,sh_sz_bj_active_a
2025-05-21,2065.39,33.587094,4078.7248608,12143.72642816,5383,270,sh880008,sh_sz_bj_active_a
2025-05-22,2045.57,31.640991,3606.14037056,11397.05249792,5379,269,sh880008,sh_sz_bj_active_a
2025-05-23,2021.5,32.855533,3885.38594944,11825.66711296,5381,270,sh880008,sh_sz_bj_active_a
2025-05-26,2005.26,34.957767,3614.1864096,10338.72211968,5378,269,sh880008,sh_sz_bj_active_a
2025-05-27,1991.64,33.919249,3473.77238848,10241.3008896,5378,269,sh880008,sh_sz_bj_active_a
2025-05-28,1985.38,34.601208,3577.326144,10338.73195008,5376,269,sh880008,sh_sz_bj_active_a
2025-05-29,2012.55,32.593973,3955.00936704,12134.1739008,5379,269,sh880008,sh_sz_bj_active_a
2025-05-30,1993.19,33.340791,3881.71527552,11642.54117888,5377,269,sh880008,sh_sz_bj_active_a
2025-06-03,2002.7,33.874966,3942.5029344,11638.39668224,5373,269,sh880008,sh_sz_bj_active_a
2025-06-04,2024.93,33.133915,3901.24835072,11774.1846528,5379,269,sh880008,sh_sz_bj_active_a
2025-06-05,2048.62,34.396022,4529.87068224,13169.75149056,5381,270,sh880008,sh_sz_bj_active_a
2025-06-06,2039.44,33.55355,3949.97524736,11772.1530368,5384,270,sh880008,sh_sz_bj_active_a
2025-06-09,2061.29,33.809804,4438.06223552,13126.55409152,5380,269,sh880008,sh_sz_bj_active_a
2025-06-10,2037.27,32.027179,4648.54351552,14514.37064192,5388,270,sh880008,sh_sz_bj_active_a
2025-06-11,2061.87,35.33425,4546.39360896,12866.81788416,5391,270,sh880008,sh_sz_bj_active_a
2025-06-12,2067.15,34.839241,4541.74585984,13036.29398016,5391,270,sh880008,sh_sz_bj_active_a
2025-06-13,2043.82,32.678093,4914.84922112,15040.19611648,5391,270,sh880008,sh_sz_bj_active_a
2025-06-16,2057.32,35.719076,4442.30427328,12436.78375936,5393,270,sh880008,sh_sz_bj_active_a
2025-06-17,2049.94,35.580677,4401.84081984,12371.43650304,5399,270,sh880008,sh_sz_bj_active_a
2025-06-18,2054.73,36.617743,4473.82368,12217.63923968,5399,270,sh880008,sh_sz_bj_active_a
2025-06-19,2026.82,33.925696,4345.63560448,12809.27465472,5398,270,sh880008,sh_sz_bj_active_a
2025-06-20,2009.89,34.73815,3792.50135936,10917.39582464,5400,270,sh880008,sh_sz_bj_active_a
2025-06-23,2017.63,35.642421,4088.19668672,11470.03076608,5395,270,sh880008,sh_sz_bj_active_a
2025-06-24,2064.13,34.774867,5035.93389952,14481.53317376,5399,270,sh880008,sh_sz_bj_active_a
2025-06-25,2128.39,37.188345,6097.34776448,16395.85677312,5400,270,sh880008,sh_sz_bj_active_a
2025-06-26,2114.43,37.628739,6108.09895808,16232.53712896,5403,271,sh880008,sh_sz_bj_active_a
2025-06-27,2124.34,38.67526,6094.03686144,15756.9384448,5398,270,sh880008,sh_sz_bj_active_a
2025-06-30,2153.01,35.442037,5377.86955328,15173.70343424,5398,270,sh880008,sh_sz_bj_active_a
2025-07-01,2147.92,34.635732,5183.37808576,14965.40643328,5397,270,sh880008,sh_sz_bj_active_a
2025-07-02,2123.72,33.224992,4668.48481984,14051.12418304,5396,270,sh880008,sh_sz_bj_active_a
2025-07-03,2164.09,34.976613,4664.15174208,13335.05818624,5396,270,sh880008,sh_sz_bj_active_a
2025-07-04,2156.23,36.006818,5237.30291776,14545.3088768,5398,270,sh880008,sh_sz_bj_active_a
2025-07-07,2130.19,35.837225,4397.4669824,12270.66834944,5396,270,sh880008,sh_sz_bj_active_a
2025-07-08,2181.08,35.11256,5177.78776384,14746.25536,5396,270,sh880008,sh_sz_bj_active_a
2025-07-09,2184.67,34.721644,5303.4912192,15274.30905856,5399,270,sh880008,sh_sz_bj_active_a
2025-07-10,2189.58,37.536192,5686.9954816,15150.69898752,5399,270,sh880008,sh_sz_bj_active_a
2025-07-11,2207.1,38.857888,6748.32595968,17366.68217344,5402,271,sh880008,sh_sz_bj_active_a
2025-07-14,2197.07,35.367349,5237.78735872,14809.66930432,5401,271,sh880008,sh_sz_bj_active_a
2025-07-15,2235.05,35.619049,5823.80459776,16350.25289216,5401,271,sh880008,sh_sz_bj_active_a
2025-07-16,2230.19,36.597769,5349.66767168,14617.46925568,5400,270,sh880008,sh_sz_bj_active_a
2025-07-17,2269.33,36.612299,5712.59579904,15602.941952,5400,270,sh880008,sh_sz_bj_active_a
2025-07-18,2277.15,37.119196,5914.3347072,15933.35873536,5399,270,sh880008,sh_sz_bj_active_a
2025-07-21,2296.88,34.094566,5888.63465344,17271.4754048,5397,270,sh880008,sh_sz_bj_active_a
2025-07-22,2310.86,34.330675,6621.21947648,19286.59861504,5395,270,sh880008,sh_sz_bj_active_a
2025-07-23,2310.67,35.840296,6803.82764928,18983.73709824,5399,270,sh880008,sh_sz_bj_active_a
2025-07-24,2345.37,36.730968,6882.97927424,18738.89984512,5398,270,sh880008,sh_sz_bj_active_a
2025-07-25,2340.06,36.446721,6616.76655104,18154.62805504,5400,270,sh880008,sh_sz_bj_active_a
2025-07-28,2362.6,36.515251,6449.14537728,17661.51159808,5401,271,sh880008,sh_sz_bj_active_a
2025-07-29,2406.59,36.882973,6747.06004096,18293.15674112,5405,271,sh880008,sh_sz_bj_active_a
2025-07-30,2367.68,36.026584,6740.50726528,18709.81496832,5405,271,sh880008,sh_sz_bj_active_a
2025-07-31,2328.31,37.496907,7356.34710272,19618.54369792,5402,271,sh880008,sh_sz_bj_active_a
2025-08-01,2322.63,37.130061,6014.6522944,16198.87521792,5403,271,sh880008,sh_sz_bj_active_a
2025-08-04,2334.32,34.740574,5274.36183744,15182.13791744,5400,270,sh880008,sh_sz_bj_active_a
2025-08-05,2343.38,34.357502,5551.66056576,16158.5102848,5401,271,sh880008,sh_sz_bj_active_a
2025-08-06,2358.95,33.111487,5825.16641664,17592.58476544,5403,271,sh880008,sh_sz_bj_active_a
2025-08-07,2342.86,35.000859,6483.83645952,18524.7924224,5402,271,sh880008,sh_sz_bj_active_a
2025-08-08,2333.96,34.372551,5968.1160448,17363.0291968,5404,271,sh880008,sh_sz_bj_active_a
2025-08-11,2379.82,34.169524,6321.09545984,18499.2202752,5406,271,sh880008,sh_sz_bj_active_a
2025-08-12,2409.4,36.493866,6952.84943744,19052.10425344,5409,271,sh880008,sh_sz_bj_active_a
2025-08-13,2496.5,37.169068,8085.08281856,21752.18089984,5405,271,sh880008,sh_sz_bj_active_a
2025-08-14,2469.66,37.701046,8694.92668672,23062.8261888,5406,271,sh880008,sh_sz_bj_active_a
2025-08-15,2534.22,38.986984,8861.13237632,22728.43792384,5405,271,sh880008,sh_sz_bj_active_a
2025-08-18,2606.2,37.492769,10532.22044288,28091.3379328,5403,271,sh880008,sh_sz_bj_active_a
2025-08-19,2601.74,38.107911,10063.08606848,26406.81631744,5406,271,sh880008,sh_sz_bj_active_a
2025-08-20,2607.65,37.644009,9216.82345088,24484.1709568,5404,271,sh880008,sh_sz_bj_active_a
2025-08-21,2595.47,37.605015,9252.09906432,24603.36521216,5407,271,sh880008,sh_sz_bj_active_a
2025-08-22,2682.55,40.20005,10366.96553728,25788.43959296,5408,271,sh880008,sh_sz_bj_active_a
2025-08-25,2762.99,39.081588,12416.02672384,31769.50398976,5408,271,sh880008,sh_sz_bj_active_a
2025-08-26,2742.13,38.810227,10516.92699776,27098.33908224,5409,271,sh880008,sh_sz_bj_active_a
2025-08-27,2723.2,39.471978,12622.30279936,31977.88225536,5410,271,sh880008,sh_sz_bj_active_a
2025-08-28,2827.17,40.156528,12050.54199296,30008.92391424,5410,271,sh880008,sh_sz_bj_active_a
2025-08-29,2890.13,42.783322,12108.62531456,28302.20918784,5407,271,sh880008,sh_sz_bj_active_a
2025-09-01,2956.37,41.932723,11647.462784,27776.54755328,5407,271,sh880008,sh_sz_bj_active_a
2025-09-02,2872.22,41.982875,12227.29809536,29124.48937984,5408,271,sh880008,sh_sz_bj_active_a
2025-09-03,2899.37,43.392054,10395.40004864,23956.9207296,5410,271,sh880008,sh_sz_bj_active_a
2025-09-04,2776.25,44.108214,11388.3312704,25819.07111936,5409,271,sh880008,sh_sz_bj_active_a
2025-09-05,2958.18,43.886574,10306.18847488,23483.69313792,5410,271,sh880008,sh_sz_bj_active_a
2025-09-08,2933.25,42.129236,10377.06113536,24631.4958848,5412,271,sh880008,sh_sz_bj_active_a
2025-09-09,2867.97,41.686821,8971.35739008,21520.84799488,5413,271,sh880008,sh_sz_bj_active_a
2025-09-10,2904.27,43.958349,8809.0557504,20039.55089408,5415,271,sh880008,sh_sz_bj_active_a
2025-09-11,3053.75,44.339149,10927.8140544,24645.97147648,5414,271,sh880008,sh_sz_bj_active_a
2025-09-12,3020.42,43.657102,11125.19297664,25483.1230976,5417,271,sh880008,sh_sz_bj_active_a
2025-09-15,3066.18,43.441952,10005.49023744,23031.86173952,5415,271,sh880008,sh_sz_bj_active_a
2025-09-16,3087.04,42.52413,10065.77651968,23670.74074624,5415,271,sh880008,sh_sz_bj_active_a
2025-09-17,3147.35,42.693218,10258.93578368,24029.42713856,5414,271,sh880008,sh_sz_bj_active_a
2025-09-18,3095.85,43.043694,13630.49090048,31666.63868416,5413,271,sh880008,sh_sz_bj_active_a
2025-09-19,3091.0,43.619658,10248.06910208,23494.15268352,5415,271,sh880008,sh_sz_bj_active_a
2025-09-22,3107.89,44.816055,9601.67306752,21424.62803968,5411,271,sh880008,sh_sz_bj_active_a
2025-09-23,3114.55,44.637822,11241.91130112,25184.72196096,5417,271,sh880008,sh_sz_bj_active_a
2025-09-24,3185.57,46.089516,10817.9203904,23471.54276352,5415,271,sh880008,sh_sz_bj_active_a
2025-09-25,3235.76,46.765325,11185.21640576,23917.756416,5419,271,sh880008,sh_sz_bj_active_a
2025-09-26,3151.53,45.118061,9773.05545472,21661.07144192,5419,271,sh880008,sh_sz_bj_active_a
2025-09-29,3238.01,46.586119,10147.13494784,21781.45583104,5413,271,sh880008,sh_sz_bj_active_a
2025-09-30,3238.16,46.619886,10243.55202048,21972.49458176,5416,271,sh880008,sh_sz_bj_active_a
2025-10-09,3261.82,45.463996,12147.16572032,26718.20931072,5188,260,sh880008,sh_sz_bj_active_a
2025-10-10,3113.26,45.181291,11449.61915648,25341.50504448,5191,260,sh880008,sh_sz_bj_active_a
2025-10-13,3078.76,43.754565,10388.30491904,23742.21955072,5193,260,sh880008,sh_sz_bj_active_a
2025-10-14,2955.98,44.615523,11584.90311808,25966.08147456,5193,260,sh880008,sh_sz_bj_active_a
2025-10-15,3025.87,43.519429,9097.24812544,20903.87767296,5193,260,sh880008,sh_sz_bj_active_a
2025-10-16,3037.44,42.68754,8318.35237376,19486.605312,5197,260,sh880008,sh_sz_bj_active_a
2025-10-17,2935.37,41.427357,8096.59374464,19544.07514112,5200,260,sh880008,sh_sz_bj_active_a
2025-10-20,2993.45,42.902953,7513.57079552,17512.94541824,5199,260,sh880008,sh_sz_bj_active_a
2025-10-21,3083.72,43.846045,8298.70865792,18926.92656128,5198,260,sh880008,sh_sz_bj_active_a
2025-10-22,3059.32,41.658532,7041.37530368,16902.60078592,5198,260,sh880008,sh_sz_bj_active_a
2025-10-23,3062.16,39.284744,6524.052224,16607.08847616,5200,260,sh880008,sh_sz_bj_active_a
2025-10-24,3171.57,43.301175,8623.97540224,19916.26194944,5201,261,sh880008,sh_sz_bj_active_a
2025-10-27,3234.45,44.566718,10502.55938944,23565.92508928,5200,260,sh880008,sh_sz_bj_active_a
2025-10-28,3229.58,43.898876,9505.47306624,21653.11275008,5201,261,sh880008,sh_sz_bj_active_a
2025-10-29,3324.27,44.242893,10134.76811904,22907.11003136,5201,261,sh880008,sh_sz_bj_active_a
2025-10-30,3263.02,44.196575,10891.53978496,24643.40246528,5200,260,sh880008,sh_sz_bj_active_a
2025-10-31,3187.53,42.591096,10008.11317248,23498.13465088,5201,261,sh880008,sh_sz_bj_active_a
2025-11-03,3196.87,40.25332,8585.65990016,21329.07261952,5203,261,sh880008,sh_sz_bj_active_a
2025-11-04,3134.09,40.183574,7789.17122432,19383.96807168,5203,261,sh880008,sh_sz_bj_active_a
2025-11-05,3166.23,40.147156,7605.25255168,18943.44032256,5203,261,sh880008,sh_sz_bj_active_a
2025-11-06,3224.62,42.123206,8744.37678592,20759.04835584,5203,261,sh880008,sh_sz_bj_active_a
2025-11-07,3208.21,40.911222,8264.96127488,20202.1863424,5205,261,sh880008,sh_sz_bj_active_a
2025-11-10,3178.83,41.684363,9147.13892608,21943.81340672,5208,261,sh880008,sh_sz_bj_active_a
2025-11-11,3134.32,39.824764,8020.33028992,20139.05289216,5208,261,sh880008,sh_sz_bj_active_a
2025-11-12,3122.03,40.000461,7859.34595712,19648.1384448,5210,261,sh880008,sh_sz_bj_active_a
2025-11-13,3201.75,40.690373,8405.408672,20656.99569664,5209,261,sh880008,sh_sz_bj_active_a
2025-11-14,3111.51,38.581151,7640.58789376,19803.93979904,5207,261,sh880008,sh_sz_bj_active_a
2025-11-17,3105.2,38.822972,7494.1488,19303.38762752,5206,261,sh880008,sh_sz_bj_active_a
2025-11-18,3069.22,40.731065,7926.132992,19459.67525888,5209,261,sh880008,sh_sz_bj_active_a
2025-11-19,3076.85,39.941314,6960.48013056,17426.76819968,5211,261,sh880008,sh_sz_bj_active_a
2025-11-20,3042.34,41.543371,7156.41630464,17226.3735296,5210,261,sh880008,sh_sz_bj_active_a
2025-11-21,2920.08,38.661228,7668.84732416,19836.01573888,5213,261,sh880008,sh_sz_bj_active_a
2025-11-24,2929.04,41.240368,7177.30748288,17403.59729152,5209,261,sh880008,sh_sz_bj_active_a
2025-11-25,2980.93,41.733988,7621.34919168,18261.73222912,5207,261,sh880008,sh_sz_bj_active_a
2025-11-26,3044.69,43.693798,7852.60760064,17971.904512,5203,261,sh880008,sh_sz_bj_active_a
2025-11-27,3031.3,43.840598,7554.49535104,17231.7343744,5203,261,sh880008,sh_sz_bj_active_a
2025-11-28,3052.59,41.278703,6595.24142464,15977.34649856,5202,261,sh880008,sh_sz_bj_active_a
2025-12-01,3092.5,41.072366,7760.43993344,18894.553088,5201,261,sh880008,sh_sz_bj_active_a
2025-12-02,3071.15,41.303878,6638.64681216,16072.69613568,5205,261,sh880008,sh_sz_bj_active_a
2025-12-03,3036.79,41.54277,6993.9917568,16835.641344,5211,261,sh880008,sh_sz_bj_active_a
2025-12-04,3067.48,41.53849,6486.94759168,15616.71499776,5209,261,sh880008,sh_sz_bj_active_a
2025-12-05,3109.3,42.611686,7410.00236416,17389.60142336,5207,261,sh880008,sh_sz_bj_active_a
2025-12-08,3190.27,44.014922,9030.16546048,20516.14572544,5209,261,sh880008,sh_sz_bj_active_a
2025-12-09,3209.6,44.823111,8595.72871168,19177.00145152,5210,261,sh880008,sh_sz_bj_active_a
2025-12-10,3209.0,43.141543,7729.39761664,17916.36799488,5207,261,sh880008,sh_sz_bj_active_a
2025-12-11,3163.67,43.66729,8232.54132736,18852.8787456,5210,261,sh880008,sh_sz_bj_active_a
2025-12-12,3194.36,43.999897,9323.74072576,21190.36960768,5212,261,sh880008,sh_sz_bj_active_a
2025-12-15,3137.8,42.708227,7663.64900736,17944.19851264,5211,261,sh880008,sh_sz_bj_active_a
2025-12-16,3071.76,41.265179,7213.55370624,17480.97040384,5213,261,sh880008,sh_sz_bj_active_a
2025-12-17,3175.91,43.324135,7947.36211712,18343.96024832,5214,261,sh880008,sh_sz_bj_active_a
2025-12-18,3107.06,43.039352,7216.8607104,16768.05144576,5217,261,sh880008,sh_sz_bj_active_a
2025-12-19,3122.24,40.622089,7103.7820672,17487.48599296,5216,261,sh880008,sh_sz_bj_active_a
2025-12-22,3191.98,42.546273,8008.04804608,18821.97327872,5212,261,sh880008,sh_sz_bj_active_a
2025-12-23,3205.01,43.860802,8427.31524096,19213.77370112,5217,261,sh880008,sh_sz_bj_active_a
2025-12-24,3229.58,42.937607,8146.40403712,18972.65496064,5219,261,sh880008,sh_sz_bj_active_a
2025-12-25,3239.34,42.11538,8186.93678464,19439.30404864,5222,262,sh880008,sh_sz_bj_active_a
2025-12-26,3243.88,42.960172,9370.1013376,21811.13577472,5221,262,sh880008,sh_sz_bj_active_a
2025-12-29,3222.61,42.990341,9275.9815744,21576.89700352,5223,262,sh880008,sh_sz_bj_active_a
2025-12-30,3242.9,44.104568,9533.38426112,21615.41251072,5225,262,sh880008,sh_sz_bj_active_a
2025-12-31,3203.17,44.675643,9229.27052032,20658.39423488,5227,262,sh880008,sh_sz_bj_active_a
2026-01-05,3294.55,43.781531,11239.9850112,25672.89176064,5227,262,sh880008,sh_sz_bj_active_a
2026-01-06,3319.29,43.063621,12197.01770496,28323.25148672,5229,262,sh880008,sh_sz_bj_active_a
2026-01-07,3329.69,43.356667,12493.8338048,28816.40726528,5230,262,sh880008,sh_sz_bj_active_a
2026-01-08,3302.31,42.409603,11986.47074304,28263.57702656,5229,262,sh880008,sh_sz_bj_active_a
2026-01-09,3327.81,41.74109,13158.56323584,31524.2446848,5228,262,sh880008,sh_sz_bj_active_a
2026-01-12,3388.34,39.499369,14396.24386816,36446.76898816,5228,262,sh880008,sh_sz_bj_active_a
2026-01-13,3321.89,40.567115,15005.02893824,36988.15926272,5221,262,sh880008,sh_sz_bj_active_a
2026-01-14,3349.14,40.378332,16098.4185216,39868.95405056,5223,262,sh880008,sh_sz_bj_active_a
2026-01-15,3367.92,41.279597,12129.98362112,29384.93730816,5226,262,sh880008,sh_sz_bj_active_a
2026-01-16,3361.02,41.489771,12681.4756736,30565.30620416,5229,262,sh880008,sh_sz_bj_active_a
2026-01-19,3337.61,40.192446,10981.48988928,27322.2729728,5230,262,sh880008,sh_sz_bj_active_a
2026-01-20,3277.98,40.194915,11271.64435456,28042.46380544,5236,262,sh880008,sh_sz_bj_active_a
2026-01-21,3295.52,40.923601,10737.317952,26237.47129344,5234,262,sh880008,sh_sz_bj_active_a
2026-01-22,3328.65,41.973286,11401.66000512,27164.08741888,5235,262,sh880008,sh_sz_bj_active_a
2026-01-23,3349.5,40.271435,12557.06737152,31181.07721728,5236,262,sh880008,sh_sz_bj_active_a
2026-01-26,3319.15,39.250972,12876.85196288,32806.45390336,5232,262,sh880008,sh_sz_bj_active_a
2026-01-27,3342.6,40.911476,11952.17833728,29214.73245184,5232,262,sh880008,sh_sz_bj_active_a
2026-01-28,3323.56,43.126717,12904.77847296,29922.93281792,5233,262,sh880008,sh_sz_bj_active_a
2026-01-29,3304.51,43.276739,14105.74371328,32594.28503552,5234,262,sh880008,sh_sz_bj_active_a
2026-01-30,3346.36,41.876611,11986.86721024,28624.25309184,5231,262,sh880008,sh_sz_bj_active_a
2026-02-02,3264.11,42.632913,11112.86506624,26066.39874048,5233,262,sh880008,sh_sz_bj_active_a
2026-02-03,3324.89,45.438564,11657.79135616,25656.16173056,5234,262,sh880008,sh_sz_bj_active_a
2026-02-04,3311.51,43.974611,11008.0725184,25032.79116288,5237,262,sh880008,sh_sz_bj_active_a
2026-02-05,3260.28,41.944057,9203.69903488,21942.796288,5237,262,sh880008,sh_sz_bj_active_a
2026-02-06,3236.46,41.571342,8993.94894208,21634.973696,5236,262,sh880008,sh_sz_bj_active_a
2026-02-09,3332.77,42.266477,9595.352416,22702.04002304,5235,262,sh880008,sh_sz_bj_active_a
2026-02-10,3320.54,42.076503,8940.1818496,21247.44491008,5240,262,sh880008,sh_sz_bj_active_a
2026-02-11,3284.74,42.78514,8561.50258688,20010.45815296,5240,262,sh880008,sh_sz_bj_active_a
2026-02-12,3328.06,42.847757,9258.41778944,21607.70678784,5245,263,sh880008,sh_sz_bj_active_a
2026-02-13,3275.96,42.439352,8483.37910656,19989.4171648,5243,263,sh880008,sh_sz_bj_active_a
2026-02-24,3308.26,41.319804,9165.39709312,22181.60816128,5243,263,sh880008,sh_sz_bj_active_a
2026-02-25,3354.82,41.633542,10328.83214336,24808.92018688,5240,262,sh880008,sh_sz_bj_active_a
2026-02-26,3344.98,42.278697,10809.1389568,25566.39576064,5240,262,sh880008,sh_sz_bj_active_a
2026-02-27,3310.3,42.393796,10621.71670272,25054.8846592,5240,262,sh880008,sh_sz_bj_active_a
2026-03-02,3294.16,40.512818,12339.3027328,30457.77473536,5239,262,sh880008,sh_sz_bj_active_a
2026-03-03,3209.48,39.974739,12622.30289152,31575.69830912,5241,263,sh880008,sh_sz_bj_active_a
2026-03-04,3164.37,41.274416,9856.12266368,23879.4964992,5243,263,sh880008,sh_sz_bj_active_a
2026-03-05,3216.94,42.654832,10290.94327552,24126.09011712,5245,263,sh880008,sh_sz_bj_active_a
2026-03-06,3229.3,40.625294,9015.7557376,22192.4687872,5246,263,sh880008,sh_sz_bj_active_a
2026-03-09,3208.58,41.077907,10970.21670144,26705.8806784,5250,263,sh880008,sh_sz_bj_active_a
2026-03-10,3306.14,42.049471,10162.65787008,24168.33724416,5248,263,sh880008,sh_sz_bj_active_a
2026-03-11,3349.53,42.308822,10696.93488768,25282.9892608,5251,263,sh880008,sh_sz_bj_active_a
2026-03-12,3317.52,41.508117,10213.30101504,24605.55149312,5251,263,sh880008,sh_sz_bj_active_a
2026-03-13,3310.28,40.982584,9906.61948544,24172.75437056,5250,263,sh880008,sh_sz_bj_active_a
2026-03-16,3357.02,41.747574,9768.60223104,23399.2093696,5249,263,sh880008,sh_sz_bj_active_a
2026-03-17,3280.06,41.320536,9192.03488896,22245.68139776,5247,263,sh880008,sh_sz_bj_active_a
2026-03-18,3346.37,42.736365,8808.10979456,20610.33930752,5248,263,sh880008,sh_sz_bj_active_a
2026-03-19,3309.1,41.926665,8919.03757312,21272.94758912,5248,263,sh880008,sh_sz_bj_active_a
2026-03-20,3352.1,43.924397,10115.018624,23028.24677376,5250,263,sh880008,sh_sz_bj_active_a
2026-03-23,3235.22,39.434791,9654.08965888,24481.14843648,5252,263,sh880008,sh_sz_bj_active_a
2026-03-24,3251.55,41.257251,8647.94439168,20961.02899712,5250,263,sh880008,sh_sz_bj_active_a
2026-03-25,3316.97,43.482793,9535.15968,21928.5815296,5251,263,sh880008,sh_sz_bj_active_a
2026-03-26,3272.49,42.973587,8409.83239552,19569.770496,5250,263,sh880008,sh_sz_bj_active_a
2026-03-27,3295.88,41.977705,7823.94916608,18638.34402816,5247,263,sh880008,sh_sz_bj_active_a
2026-03-30,3273.36,40.890755,7881.92348544,19275.56366336,5245,263,sh880008,sh_sz_bj_active_a
2026-03-31,3184.95,42.171735,8459.27942912,20059.1212544,5251,263,sh880008,sh_sz_bj_active_a
2026-04-01,3247.52,42.179388,8540.6930944,20248.49932288,5254,263,sh880008,sh_sz_bj_active_a
2026-04-02,3172.65,40.710572,7563.2244736,18578.03517952,5254,263,sh880008,sh_sz_bj_active_a
2026-04-03,3149.6,41.833592,6981.6747648,16689.15920896,5255,263,sh880008,sh_sz_bj_active_a
2026-04-07,3160.82,42.632641,6921.75462272,16235.8099968,5253,263,sh880008,sh_sz_bj_active_a
2026-04-08,3347.61,42.679638,10459.2643904,24506.45057536,5259,263,sh880008,sh_sz_bj_active_a
2026-04-09,3323.3,43.987546,9445.63271808,21473.42483456,5260,263,sh880008,sh_sz_bj_active_a
2026-04-10,3448.79,45.914101,10732.95098368,23376.1538048,5264,264,sh880008,sh_sz_bj_active_a
2026-04-13,3476.44,45.126373,9761.30395904,21631.04022528,5263,264,sh880008,sh_sz_bj_active_a
2026-04-14,3558.53,45.668376,10945.83409152,23968.08282112,5265,264,sh880008,sh_sz_bj_active_a
2026-04-15,3514.96,44.762848,10875.0880448,24294.89774592,5263,264,sh880008,sh_sz_bj_active_a
2026-04-16,3626.27,44.137366,10394.22580864,23549.7193472,5267,264,sh880008,sh_sz_bj_active_a
2026-04-17,3678.29,44.442575,10901.42756736,24529.24399616,5266,264,sh880008,sh_sz_bj_active_a
2026-04-20,3677.58,44.450396,11586.18993536,26065.436672,5262,264,sh880008,sh_sz_bj_active_a
2026-04-21,3688.94,44.3807,10769.72258688,24266.68056576,5267,264,sh880008,sh_sz_bj_active_a
2026-04-22,3752.76,45.326049,11689.01383168,25788.73319424,5266,264,sh880008,sh_sz_bj_active_a
2026-04-23,3720.25,45.573491,12866.91339264,28233.3282304,5264,264,sh880008,sh_sz_bj_active_a
2026-04-24,3667.79,47.116709,12521.84348032,26576.22687744,5265,264,sh880008,sh_sz_bj_active_a
2026-04-27,3648.79,45.120074,11752.91771648,26048.09060352,5264,264,sh880008,sh_sz_bj_active_a
2026-04-28,3596.71,42.784582,10912.09292032,25504.73162752,5257,263,sh880008,sh_sz_bj_active_a
2026-04-29,3687.17,43.884011,11448.78485376,26088.73865216,5232,262,sh880008,sh_sz_bj_active_a
2026-04-30,3677.15,44.393878,12249.26850688,27592.24721408,5231,262,sh880008,sh_sz_bj_active_a
2026-05-06,3778.16,44.783522,14539.40162816,32465.96292608,5260,263,sh880008,sh_sz_bj_active_a
2026-05-07,3833.06,44.669709,14152.71181568,31683.01744128,5263,264,sh880008,sh_sz_bj_active_a
2026-05-08,3796.13,43.689882,13437.92683264,30757.5259136,5261,264,sh880008,sh_sz_bj_active_a
2026-05-11,3928.97,44.023462,15696.70622464,35655.319552,5261,264,sh880008,sh_sz_bj_active_a
2026-05-12,3934.88,44.303608,14486.21367808,32697.59336448,5260,263,sh880008,sh_sz_bj_active_a
2026-05-13,4038.33,44.787485,14619.68950016,32642.3543808,5264,264,sh880008,sh_sz_bj_active_a
2026-05-14,3951.14,44.978206,15239.10629632,33881.0896384,5264,264,sh880008,sh_sz_bj_active_a
2026-05-15,3929.06,45.113325,15204.2455808,33702.33888768,5266,264,sh880008,sh_sz_bj_active_a
2026-05-18,3914.88,43.841307,12788.8322048,29170.73682432,5270,264,sh880008,sh_sz_bj_active_a
2026-05-19,3908.44,44.198192,12857.19458304,29089.86540032,5265,264,sh880008,sh_sz_bj_active_a
2026-05-20,3921.79,44.576261,13268.01850368,29764.76299264,5269,264,sh880008,sh_sz_bj_active_a
2026-05-21,3829.78,44.124114,15475.5676672,35072.81199104,5272,264,sh880008,sh_sz_bj_active_a
2026-05-22,3938.5,45.652125,13351.78005248,29246.78742016,5275,264,sh880008,sh_sz_bj_active_a
2026-05-25,4021.16,46.802207,15102.8683648,32269.56464128,5275,264,sh880008,sh_sz_bj_active_a
2026-05-26,4043.07,47.678873,15564.20414208,32643.81714432,5275,264,sh880008,sh_sz_bj_active_a
2026-05-27,4045.77,48.548096,15826.21461504,32599.04294912,5276,264,sh880008,sh_sz_bj_active_a
2026-05-28,4125.07,47.952531,14325.04935424,29873.39546624,5276,264,sh880008,sh_sz_bj_active_a
2026-05-29,4037.95,47.578485,15895.3698816,33408.73498624,5276,264,sh880008,sh_sz_bj_active_a
2026-06-01,3950.94,47.531869,13768.67788672,28967.25540864,5278,264,sh880008,sh_sz_bj_active_a
2026-06-02,4055.87,48.265865,13576.4913344,28128.55713792,5277,264,sh880008,sh_sz_bj_active_a
2026-06-03,4122.99,50.853221,16034.65451776,31531.24655104,5281,265,sh880008,sh_sz_bj_active_a
2026-06-04,4088.88,48.481498,13473.81704192,27791.6680192,5281,265,sh880008,sh_sz_bj_active_a
2026-06-05,3957.94,49.221291,15262.01370624,31006.93495808,5284,265,sh880008,sh_sz_bj_active_a
2026-06-08,3811.79,46.708676,13187.93301504,28234.43972096,5286,265,sh880008,sh_sz_bj_active_a
2026-06-09,3961.75,48.808297,13015.9297536,26667.45298944,5286,265,sh880008,sh_sz_bj_active_a
2026-06-10,3854.79,47.716658,12616.98172288,26441.46126848,5283,265,sh880008,sh_sz_bj_active_a
2026-06-11,3811.25,48.21735,12415.71544576,25749.47713024,5282,265,sh880008,sh_sz_bj_active_a
2026-06-12,3830.35,48.74132,15773.32953344,32361.3097984,5283,265,sh880008,sh_sz_bj_active_a
2026-06-15,4033.53,47.887356,14609.27953408,30507.59258112,5279,264,sh880008,sh_sz_bj_active_a
2026-06-16,4102.94,48.880472,15086.29495552,30863.64442624,5284,265,sh880008,sh_sz_bj_active_a
2026-06-17,4167.05,50.23107,15642.1971456,31140.48159744,5280,264,sh880008,sh_sz_bj_active_a
2026-06-18,4252.39,50.991662,16988.98829056,33317.18905856,5278,264,sh880008,sh_sz_bj_active_a
2026-06-22,4359.39,49.941054,18788.40037632,37621.15313664,5281,265,sh880008,sh_sz_bj_active_a
2026-06-23,4192.19,51.0412,17691.02342656,34660.28122112,5283,265,sh880008,sh_sz_bj_active_a
2026-06-24,4251.42,50.900822,16832.62706688,33069.46035712,5282,265,sh880008,sh_sz_bj_active_a
2026-06-25,4371.99,52.338023,18940.855744,36189.47465216,5281,265,sh880008,sh_sz_bj_active_a
2026-06-26,4194.21,52.821207,18885.9745152,35754.53057024,5283,265,sh880008,sh_sz_bj_active_a
2026-06-29,4216.7,51.95392,18388.43767808,35393.74440448,5280,264,sh880008,sh_sz_bj_active_a
2026-06-30,4342.71,51.419702,16937.32256768,32939.3635328,5278,264,sh880008,sh_sz_bj_active_a
2026-07-01,4260.72,50.646272,18651.99307776,36827.9683072,5281,265,sh880008,sh_sz_bj_active_a
2026-07-02,4017.27,49.696997,17264.43135232,34739.38579456,5287,265,sh880008,sh_sz_bj_active_a
2026-07-03,4019.93,49.105987,15739.79505664,32052.7007744,5286,265,sh880008,sh_sz_bj_active_a
2026-07-06,3948.86,48.520194,15101.63154432,31124.42527744,5287,265,sh880008,sh_sz_bj_active_a
2026-07-07,3911.91,49.274867,12803.94389248,25984.7356416,5287,265,sh880008,sh_sz_bj_active_a
2026-07-08,3845.35,50.757149,13108.59555584,25826.10706432,5288,265,sh880008,sh_sz_bj_active_a
2026-07-09,4018.17,53.399571,15658.16474368,29322.641408,5289,265,sh880008,sh_sz_bj_active_a
2026-07-10,3842.73,52.630519,17950.70078976,34107.0184448,5290,265,sh880008,sh_sz_bj_active_a
2026-07-13,3723.52,50.469237,14306.64633216,28347.26125568,5293,265,sh880008,sh_sz_bj_active_a
2026-07-14,3851.14,53.248545,14480.9540608,27195.02303232,5293,265,sh880008,sh_sz_bj_active_a
2026-07-15,3804.7,50.764798,13134.97593856,25874.18165248,5294,265,sh880008,sh_sz_bj_active_a
2026-07-16,3692.46,49.830931,12053.8283712,24189.45032192,5294,265,sh880008,sh_sz_bj_active_a
2026-07-17,3428.63,48.975458,13084.5359808,26716.51586048,5292,265,sh880008,sh_sz_bj_active_a
2026-07-20,3443.1,48.259305,13117.37998464,27181.03764992,5294,265,sh880008,sh_sz_bj_active_a
2026-07-21,3685.97,50.169564,14921.49945856,29742.13472256,5295,265,sh880008,sh_sz_bj_active_a
2026-07-22,3566.73,54.185996,14460.3204928,26686.45318656,5525,277,sh880008,sh_sz_bj_active_a
2026-07-23,3575.52,51.937594,11475.59551488,22094.96956928,5525,277,sh880008,sh_sz_bj_active_a
2026-07-24,3480.87,50.837399,9885.19328512,19444.72649728,5525,277,sh880008,sh_sz_bj_active_a
2026-07-27,3590.79,54.153075,11310.94116224,20886.97856,5522,277,sh880008,sh_sz_bj_active_a
2026-07-28,3327.03,52.855419,10778.09665152,20391.65878272,5523,277,sh880008,sh_sz_bj_active_a
2026-07-29,3378.7,51.039551,11798.95119872,23117.27087616,5523,277,sh880008,sh_sz_bj_active_a
2026-07-30,3244.62,51.66198,12184.09936128,23584.26730496,5527,277,sh880008,sh_sz_bj_active_a
2026-07-31,3343.96,51.364764,13148.86925184,25599.00647424,5527,277,sh880008,sh_sz_bj_active_a
2026-08-03,3302.55,48.18979,9691.24885248,20110.58536448,5528,277,sh880008,sh_sz_bj_active_a
2026-08-04,3488.97,49.923274,11125.1046336,22284.40530944,5528,277,sh880008,sh_sz_bj_active_a
2026-08-05,3535.14,52.481949,14064.56433152,26798.86053376,5531,277,sh880008,sh_sz_bj_active_a
2026-08-06,3515.56,50.461222,12855.14533888,25475.29547776,5532,277,sh880008,sh_sz_bj_active_a
2026-08-07,3563.12,51.444559,13804.66723328,26834.06647296,5534,277,sh880008,sh_sz_bj_active_a
2026-08-10,3537.21,50.444432,12806.38477568,25387.1128576,5537,277,sh880008,sh_sz_bj_active_a
2026-08-11,3549.16,49.233454,11499.09988608,23356.27280384,5538,277,sh880008,sh_sz_bj_active_a
2026-08-12,3602.08,48.567577,10525.546272,21671.96090368,5538,277,sh880008,sh_sz_bj_active_a
2026-08-13,3586.04,49.458758,12700.89800448,25679.77566208,5539,277,sh880008,sh_sz_bj_active_a
2026-08-14,3626.3,48.290602,10414.23326848,21565.75588352,5539,277,sh880008,sh_sz_bj_active_a
2026-08-17,3740.16,50.511987,12135.56430592,24025.1174912,5538,277,sh880008,sh_sz_bj_active_a
2026-08-18,3705.56,48.936681,11841.72945792,24198.06437376,5539,277,sh880008,sh_sz_bj_active_a
2026-08-19,3473.49,49.192431,12445.7363968,25300.10464256,5540,277,sh880008,sh_sz_bj_active_a
2026-08-20,3495.59,47.473962,9940.64177664,20939.145216,5540,277,sh880008,sh_sz_bj_active_a
2026-08-21,3545.58,48.216803,9123.87966592,18922.61429248,5542,278,sh880008,sh_sz_bj_active_a
2026-08-24,3431.89,48.851828,9874.00617472,20212.15305728,5544,278,sh880008,sh_sz_bj_active_a
2026-08-25,3397.52,45.900024,8465.24130944,18442.78198272,5545,278,sh880008,sh_sz_bj_active_a
2026-08-26,3414.88,45.376599,8266.78552064,18218.1691392,5546,278,sh880008,sh_sz_bj_active_a
2026-08-27,3473.35,48.304167,10341.74002048,21409.62291712,5546,278,sh880008,sh_sz_bj_active_a
2026-08-28,3424.4,47.888838,10141.57433728,21177.32401152,5546,278,sh880008,sh_sz_bj_active_a
2026-08-31,3438.68,45.694763,9803.16147712,21453.57791232,5544,278,sh880008,sh_sz_bj_active_a
2026-09-01,3393.43,43.218763,8868.36585728,20519.71219456,5545,278,sh880008,sh_sz_bj_active_a
