date,total_margin_y,a_share_total_market_cap_yi,chinext_close,sh_sz_margin_to_all_a_market_cap_pct,chinext_normalized,date_alignment_status,market_cap_vendor_status,reporting_eligible
2014-01-02,3448.08840120,271910.98000000,1333,1.26809458,100.00000000,exact_date_with_local_tdx_chinext_calendar,date_validated_by_local_tdx_only,False
2014-01-03,3445.76607537,272130.80000000,1352.84,1.26621686,101.48837209,exact_date_with_local_tdx_chinext_calendar,date_validated_by_local_tdx_only,False
2014-01-06,3451.69192680,269670.08000000,1323.33,1.27996844,99.27456864,exact_date_with_local_tdx_chinext_calendar,date_validated_by_local_tdx_only,False
2014-01-07,3456.37757465,264487.41000000,1352.28,1.30682121,101.44636159,exact_date_with_local_tdx_chinext_calendar,date_validated_by_local_tdx_only,False
2014-01-08,3467.33678652,264929.85000000,1405.02,1.30877543,105.40285071,exact_date_with_local_tdx_chinext_calendar,date_validated_by_local_tdx_only,False
2014-01-09,3480.53637370,265529.30000000,1380.24,1.31079183,103.54388597,exact_date_with_local_tdx_chinext_calendar,date_validated_by_local_tdx_only,False
2014-01-10,3480.21229136,262883.66000000,1353.3,1.32386025,101.52288072,exact_date_with_local_tdx_chinext_calendar,date_validated_by_local_tdx_only,False
2014-01-13,3477.67316461,260413.01000000,1362.79,1.33544525,102.23480870,exact_date_with_local_tdx_chinext_calendar,date_validated_by_local_tdx_only,False
2014-01-14,3478.42896803,260134.48000000,1400.92,1.33716567,105.09527382,exact_date_with_local_tdx_chinext_calendar,date_validated_by_local_tdx_only,False
2014-01-15,3485.81689502,263167.93000000,1415.32,1.32455991,106.17554389,exact_date_with_local_tdx_chinext_calendar,date_validated_by_local_tdx_only,False
2014-01-16,3490.73742784,263452.36000000,1395.16,1.32499759,104.66316579,exact_date_with_local_tdx_chinext_calendar,date_validated_by_local_tdx_only,False
2014-01-17,3497.46815349,263319.64000000,1395.51,1.32822153,104.68942236,exact_date_with_local_tdx_chinext_calendar,date_validated_by_local_tdx_only,False
2014-01-20,3505.79819077,261179.57000000,1372.74,1.34229419,102.98124531,exact_date_with_local_tdx_chinext_calendar,date_validated_by_local_tdx_only,False
2014-01-21,3509.14700562,259185.42000000,1407.15,1.35391374,105.56264066,exact_date_with_local_tdx_chinext_calendar,date_validated_by_local_tdx_only,False
2014-01-22,3518.26066078,262194.15000000,1431.74,1.34185323,107.40735184,exact_date_with_local_tdx_chinext_calendar,date_validated_by_local_tdx_only,False
2014-01-23,3530.86577943,267898.65000000,1461.53,1.31798566,109.64216054,exact_date_with_local_tdx_chinext_calendar,date_validated_by_local_tdx_only,False
2014-01-24,3529.88376906,267942.03000000,1484.43,1.31740577,111.36009002,exact_date_with_local_tdx_chinext_calendar,date_validated_by_local_tdx_only,False
2014-01-27,3543.45840025,270188.48000000,1477.67,1.31147649,110.85296324,exact_date_with_local_tdx_chinext_calendar,date_validated_by_local_tdx_only,False
2014-01-28,3538.82567895,268064.34000000,1471.34,1.32014041,110.37809452,exact_date_with_local_tdx_chinext_calendar,date_validated_by_local_tdx_only,False
2014-01-29,3520.71514873,269132.92000000,1496.53,1.30816964,112.26781695,exact_date_with_local_tdx_chinext_calendar,date_validated_by_local_tdx_only,False
2014-01-30,3471.83997942,271043.62000000,1495.98,1.28091559,112.22655664,exact_date_with_local_tdx_chinext_calendar,date_validated_by_local_tdx_only,False
2014-02-07,3517.92010282,268877.37000000,1532.69,1.30837344,114.98049512,exact_date_with_local_tdx_chinext_calendar,date_validated_by_local_tdx_only,False
2014-02-10,3575.77636554,271164.53000000,1553.42,1.31867408,116.53563391,exact_date_with_local_tdx_chinext_calendar,date_validated_by_local_tdx_only,False
2014-02-11,3632.03087537,277212.89000000,1527.15,1.31019552,114.56489122,exact_date_with_local_tdx_chinext_calendar,date_validated_by_local_tdx_only,False
2014-02-12,3675.77348237,279484.17000000,1539.97,1.31519917,115.52663166,exact_date_with_local_tdx_chinext_calendar,date_validated_by_local_tdx_only,False
2014-02-13,3712.57642670,281063.15000000,1485.13,1.32090472,111.41260315,exact_date_with_local_tdx_chinext_calendar,date_validated_by_local_tdx_only,False
2014-02-14,3714.92516511,278668.56000000,1515.78,1.33309806,113.71192798,exact_date_with_local_tdx_chinext_calendar,date_validated_by_local_tdx_only,False
2014-02-17,3752.44073414,281641.22000000,1558.62,1.33234785,116.92573143,exact_date_with_local_tdx_chinext_calendar,date_validated_by_local_tdx_only,False
2014-02-18,3793.87781660,285170.58000000,1545.34,1.33038893,115.92948237,exact_date_with_local_tdx_chinext_calendar,date_validated_by_local_tdx_only,False
2014-02-19,3822.36134046,283258.41000000,1544.4,1.34942554,115.85896474,exact_date_with_local_tdx_chinext_calendar,date_validated_by_local_tdx_only,False
2014-02-20,3841.63705416,285771.23000000,1515.16,1.34430504,113.66541635,exact_date_with_local_tdx_chinext_calendar,date_validated_by_local_tdx_only,False
2014-02-21,3839.13192904,283939.57000000,1519.67,1.35209472,114.00375094,exact_date_with_local_tdx_chinext_calendar,date_validated_by_local_tdx_only,False
2014-02-24,3851.63184549,281428.97000000,1540.03,1.36859821,115.53113278,exact_date_with_local_tdx_chinext_calendar,date_validated_by_local_tdx_only,False
2014-02-25,3842.24090197,278153.49000000,1472.69,1.38133838,110.47936984,exact_date_with_local_tdx_chinext_calendar,date_validated_by_local_tdx_only,False
2014-02-26,3850.01979766,270974.00000000,1465.99,1.42080783,109.97674419,exact_date_with_local_tdx_chinext_calendar,date_validated_by_local_tdx_only,False
2014-02-27,3845.12324535,272052.75000000,1414.66,1.41337415,106.12603151,exact_date_with_local_tdx_chinext_calendar,date_validated_by_local_tdx_only,False
2014-02-28,3836.86330345,271128.22000000,1434.89,1.41514716,107.64366092,exact_date_with_local_tdx_chinext_calendar,date_validated_by_local_tdx_only,False
2014-03-03,3852.74868667,273060.42000000,1465.14,1.41095099,109.91297824,exact_date_with_local_tdx_chinext_calendar,date_validated_by_local_tdx_only,False
2014-03-04,3863.17102229,276089.45000000,1460.45,1.39924616,109.56114029,exact_date_with_local_tdx_chinext_calendar,date_validated_by_local_tdx_only,False
2014-03-05,3877.57092604,275493.53000000,1464.58,1.40749982,109.87096774,exact_date_with_local_tdx_chinext_calendar,date_validated_by_local_tdx_only,False
2014-03-06,3884.52329957,273648.95000000,1462.53,1.41952794,109.71717929,exact_date_with_local_tdx_chinext_calendar,date_validated_by_local_tdx_only,False
2014-03-07,3869.83703633,274450.44000000,1460.61,1.41003127,109.57314329,exact_date_with_local_tdx_chinext_calendar,date_validated_by_local_tdx_only,False
2014-03-10,3857.02986559,274011.90000000,1407.07,1.40761400,105.55663916,exact_date_with_local_tdx_chinext_calendar,date_validated_by_local_tdx_only,False
2014-03-11,3847.91640078,265853.25000000,1395.81,1.44738362,104.71192798,exact_date_with_local_tdx_chinext_calendar,date_validated_by_local_tdx_only,False
2014-03-12,3838.75654346,266017.76000000,1399.27,1.44304521,104.97149287,exact_date_with_local_tdx_chinext_calendar,date_validated_by_local_tdx_only,False
2014-03-13,3844.55824158,265638.38000000,1436.86,1.44729020,107.79144786,exact_date_with_local_tdx_chinext_calendar,date_validated_by_local_tdx_only,False
2014-03-14,3835.94757382,269176.77000000,1434.02,1.42506635,107.57839460,exact_date_with_local_tdx_chinext_calendar,date_validated_by_local_tdx_only,False
2014-03-17,3844.97055798,267530.59000000,1477.42,1.43720782,110.83420855,exact_date_with_local_tdx_chinext_calendar,date_validated_by_local_tdx_only,False
2014-03-18,3862.22759785,271020.81000000,1485.64,1.42506680,111.45086272,exact_date_with_local_tdx_chinext_calendar,date_validated_by_local_tdx_only,False
2014-03-19,3883.29387785,271534.34000000,1466.22,1.43012993,109.99399850,exact_date_with_local_tdx_chinext_calendar,date_validated_by_local_tdx_only,False
2014-03-20,3884.97065902,270739.55000000,1417.66,1.43494759,106.35108777,exact_date_with_local_tdx_chinext_calendar,date_validated_by_local_tdx_only,False
2014-03-21,3888.85173146,266072.61000000,1419.84,1.46157537,106.51462866,exact_date_with_local_tdx_chinext_calendar,date_validated_by_local_tdx_only,False
2014-03-24,3906.93503566,272490.06000000,1397.29,1.43378993,104.82295574,exact_date_with_local_tdx_chinext_calendar,date_validated_by_local_tdx_only,False
2014-03-25,3924.26730844,274171.84000000,1394.82,1.43131669,104.63765941,exact_date_with_local_tdx_chinext_calendar,date_validated_by_local_tdx_only,False
2014-03-26,3938.77918952,274011.46000000,1417.61,1.43745053,106.34733683,exact_date_with_local_tdx_chinext_calendar,date_validated_by_local_tdx_only,False
2014-03-27,3946.88264973,274322.37000000,1367.96,1.43877535,102.62265566,exact_date_with_local_tdx_chinext_calendar,date_validated_by_local_tdx_only,False
2014-03-28,3931.05177567,271266.29000000,1330.5,1.44914865,99.81245311,exact_date_with_local_tdx_chinext_calendar,date_validated_by_local_tdx_only,False
2014-03-31,3926.25476065,269331.27000000,1327.8,1.45777902,99.60990248,exact_date_with_local_tdx_chinext_calendar,date_validated_by_local_tdx_only,False
2014-04-01,3918.45922478,268362.67000000,1355.05,1.46013573,101.65416354,exact_date_with_local_tdx_chinext_calendar,date_validated_by_local_tdx_only,False
2014-04-02,3914.12551215,271030.97000000,1327.98,1.44416172,99.62340585,exact_date_with_local_tdx_chinext_calendar,date_validated_by_local_tdx_only,False
2014-04-03,3927.05920852,271879.61000000,1326.18,1.44441108,99.48837209,exact_date_with_local_tdx_chinext_calendar,date_validated_by_local_tdx_only,False
2014-04-04,3912.65820886,270483.08000000,1346.74,1.44654453,101.03075769,exact_date_with_local_tdx_chinext_calendar,date_validated_by_local_tdx_only,False
2014-04-08,3921.65770056,272858.62000000,1351.18,1.43724897,101.36384096,exact_date_with_local_tdx_chinext_calendar,date_validated_by_local_tdx_only,False
2014-04-09,3937.97472158,277706.64000000,1370.46,1.41803405,102.81020255,exact_date_with_local_tdx_chinext_calendar,date_validated_by_local_tdx_only,False
2014-04-10,3971.01746687,279090.77000000,1381.14,1.42284084,103.61140285,exact_date_with_local_tdx_chinext_calendar,date_validated_by_local_tdx_only,False
2014-04-11,3973.11532380,282336.38000000,1363.9,1.40722755,102.31807952,exact_date_with_local_tdx_chinext_calendar,date_validated_by_local_tdx_only,False
2014-04-14,3995.75453748,281514.21000000,1372.73,1.41937934,102.98049512,exact_date_with_local_tdx_chinext_calendar,date_validated_by_local_tdx_only,False
2014-04-15,4016.45081260,282174.34000000,1369.89,1.42339336,102.76744186,exact_date_with_local_tdx_chinext_calendar,date_validated_by_local_tdx_only,False
2014-04-16,4022.87624287,278749.29000000,1359.3,1.44318798,101.97299325,exact_date_with_local_tdx_chinext_calendar,date_validated_by_local_tdx_only,False
2014-04-17,4029.13458689,279057.25000000,1367.59,1.44383799,102.59489872,exact_date_with_local_tdx_chinext_calendar,date_validated_by_local_tdx_only,False
2014-04-18,4020.70950350,278553.20000000,1377.42,1.44342607,103.33233308,exact_date_with_local_tdx_chinext_calendar,date_validated_by_local_tdx_only,False
2014-04-21,4019.84687392,278674.81000000,1363.85,1.44248663,102.31432858,exact_date_with_local_tdx_chinext_calendar,date_validated_by_local_tdx_only,False
2014-04-22,4023.56631929,274713.82000000,1336.19,1.46463921,100.23930983,exact_date_with_local_tdx_chinext_calendar,date_validated_by_local_tdx_only,False
2014-04-23,4027.54578201,274731.52000000,1326.44,1.46599334,99.50787697,exact_date_with_local_tdx_chinext_calendar,date_validated_by_local_tdx_only,False
2014-04-24,4020.01501802,274091.55000000,1319.51,1.46666872,98.98799700,exact_date_with_local_tdx_chinext_calendar,date_validated_by_local_tdx_only,False
2014-04-25,3999.83358149,272616.28000000,1291.9,1.46720276,96.91672918,exact_date_with_local_tdx_chinext_calendar,date_validated_by_local_tdx_only,False
2014-04-28,3984.29668681,269363.95000000,1257.26,1.47914993,94.31807952,exact_date_with_local_tdx_chinext_calendar,date_validated_by_local_tdx_only,False
2014-04-29,3967.12813081,264197.87000000,1266.54,1.50157461,95.01425356,exact_date_with_local_tdx_chinext_calendar,date_validated_by_local_tdx_only,False
2014-04-30,3937.87481347,266684.01000000,1283.21,1.47660702,96.26481620,exact_date_with_local_tdx_chinext_calendar,date_validated_by_local_tdx_only,False
2014-05-05,3952.69868742,267705.91000000,1302.15,1.47650782,97.68567142,exact_date_with_local_tdx_chinext_calendar,date_validated_by_local_tdx_only,False
2014-05-06,3964.27090032,268564.99000000,1316.86,1.47609370,98.78919730,exact_date_with_local_tdx_chinext_calendar,date_validated_by_local_tdx_only,False
2014-05-07,3961.73829953,269192.04000000,1290.03,1.47171451,96.77644411,exact_date_with_local_tdx_chinext_calendar,date_validated_by_local_tdx_only,False
2014-05-08,3960.01092119,266364.85000000,1279.84,1.48668675,96.01200300,exact_date_with_local_tdx_chinext_calendar,date_validated_by_local_tdx_only,False
2014-05-09,3949.05247633,266608.75000000,1258.58,1.48121638,94.41710428,exact_date_with_local_tdx_chinext_calendar,date_validated_by_local_tdx_only,False
2014-05-12,3957.42024208,265570.17000000,1278.28,1.49015992,95.89497374,exact_date_with_local_tdx_chinext_calendar,date_validated_by_local_tdx_only,False
2014-05-13,3965.25774766,271115.43000000,1276.24,1.46257177,95.74193548,exact_date_with_local_tdx_chinext_calendar,date_validated_by_local_tdx_only,False
2014-05-14,3963.53985031,270805.04000000,1278.66,1.46361377,95.92348087,exact_date_with_local_tdx_chinext_calendar,date_validated_by_local_tdx_only,False
2014-05-15,3957.41098991,270683.22000000,1253.88,1.46200824,94.06451613,exact_date_with_local_tdx_chinext_calendar,date_validated_by_local_tdx_only,False
2014-05-16,3943.60646215,267318.78000000,1226.47,1.47524482,92.00825206,exact_date_with_local_tdx_chinext_calendar,date_validated_by_local_tdx_only,False
2014-05-19,3945.42578378,267158.71000000,1228.37,1.47680972,92.15078770,exact_date_with_local_tdx_chinext_calendar,date_validated_by_local_tdx_only,False
2014-05-20,3945.55816133,264920.21000000,1244.65,1.48933830,93.37209302,exact_date_with_local_tdx_chinext_calendar,date_validated_by_local_tdx_only,False
2014-05-21,3951.36781907,265563.50000000,1257.8,1.48791826,94.35858965,exact_date_with_local_tdx_chinext_calendar,date_validated_by_local_tdx_only,False
2014-05-22,3944.37586930,267852.00000000,1269.51,1.47259527,95.23705926,exact_date_with_local_tdx_chinext_calendar,date_validated_by_local_tdx_only,False
2014-05-23,3927.88010087,267786.96000000,1296,1.46679289,97.22430608,exact_date_with_local_tdx_chinext_calendar,date_validated_by_local_tdx_only,False
2014-05-26,3927.22471258,269891.15000000,1320.76,1.45511430,99.08177044,exact_date_with_local_tdx_chinext_calendar,date_validated_by_local_tdx_only,False
2014-05-27,3930.39899307,271504.62000000,1306.28,1.44763614,97.99549887,exact_date_with_local_tdx_chinext_calendar,date_validated_by_local_tdx_only,False
2014-05-28,3936.83895352,270745.47000000,1338.97,1.45407380,100.44786197,exact_date_with_local_tdx_chinext_calendar,date_validated_by_local_tdx_only,False
2014-05-29,3933.87496851,273460.05000000,1314.21,1.43855564,98.59039760,exact_date_with_local_tdx_chinext_calendar,date_validated_by_local_tdx_only,False
2014-05-30,3914.52445083,271597.43000000,1318.13,1.44129657,98.88447112,exact_date_with_local_tdx_chinext_calendar,date_validated_by_local_tdx_only,False
2014-06-03,3912.65591709,271778.47000000,1319.63,1.43964896,98.99699925,exact_date_with_local_tdx_chinext_calendar,date_validated_by_local_tdx_only,False
2014-06-04,3915.51196190,271740.64000000,1321.72,1.44090040,99.15378845,exact_date_with_local_tdx_chinext_calendar,date_validated_by_local_tdx_only,False
2014-06-05,3909.75091484,269829.01000000,1355.48,1.44897352,101.68642161,exact_date_with_local_tdx_chinext_calendar,date_validated_by_local_tdx_only,False
2014-06-06,3907.81306903,272439.92000000,1350.45,1.43437609,101.30907727,exact_date_with_local_tdx_chinext_calendar,date_validated_by_local_tdx_only,False
2014-06-09,3912.46832523,271155.03000000,1326.68,1.44288982,99.52588147,exact_date_with_local_tdx_chinext_calendar,date_validated_by_local_tdx_only,False
2014-06-10,3915.81081215,270787.29000000,1353.87,1.44608368,101.56564141,exact_date_with_local_tdx_chinext_calendar,date_validated_by_local_tdx_only,False
2014-06-11,3920.80587191,274017.88000000,1367.39,1.43085768,102.57989497,exact_date_with_local_tdx_chinext_calendar,date_validated_by_local_tdx_only,False
2014-06-12,3932.62154631,274641.75000000,1363.74,1.43190959,102.30607652,exact_date_with_local_tdx_chinext_calendar,date_validated_by_local_tdx_only,False
2014-06-13,3924.97296521,274141.19000000,1382.73,1.43173412,103.73068267,exact_date_with_local_tdx_chinext_calendar,date_validated_by_local_tdx_only,False
2014-06-16,3942.23249750,276974.38000000,1395.61,1.42332027,104.69692423,exact_date_with_local_tdx_chinext_calendar,date_validated_by_local_tdx_only,False
2014-06-17,3975.62283978,278988.27000000,1377.43,1.42501433,103.33308327,exact_date_with_local_tdx_chinext_calendar,date_validated_by_local_tdx_only,False
2014-06-18,4013.56861340,276333.72000000,1363.99,1.45243534,102.32483121,exact_date_with_local_tdx_chinext_calendar,date_validated_by_local_tdx_only,False
2014-06-19,4027.51400998,274738.00000000,1320.66,1.46594720,99.07426857,exact_date_with_local_tdx_chinext_calendar,date_validated_by_local_tdx_only,False
2014-06-20,4026.81050574,269618.90000000,1333.98,1.49351937,100.07351838,exact_date_with_local_tdx_chinext_calendar,date_validated_by_local_tdx_only,False
2014-06-23,4026.40528944,270686.25000000,1361.28,1.48748054,102.12153038,exact_date_with_local_tdx_chinext_calendar,date_validated_by_local_tdx_only,False
2014-06-24,4027.11184879,271358.97000000,1369.44,1.48405334,102.73368342,exact_date_with_local_tdx_chinext_calendar,date_validated_by_local_tdx_only,False
2014-06-25,4034.80424773,272790.74000000,1358.71,1.47908402,101.92873218,exact_date_with_local_tdx_chinext_calendar,date_validated_by_local_tdx_only,False
2014-06-26,4026.77242324,271649.08000000,1386.27,1.48234348,103.99624906,exact_date_with_local_tdx_chinext_calendar,date_validated_by_local_tdx_only,False
2014-06-27,4014.26655194,274214.69000000,1388.82,1.46391375,104.18754689,exact_date_with_local_tdx_chinext_calendar,date_validated_by_local_tdx_only,False
2014-06-30,4034.10904442,274414.86000000,1404.71,1.47007675,105.37959490,exact_date_with_local_tdx_chinext_calendar,date_validated_by_local_tdx_only,False
2014-07-01,4049.09783410,276519.70000000,1411.74,1.46430718,105.90697674,exact_date_with_local_tdx_chinext_calendar,date_validated_by_local_tdx_only,False
2014-07-02,4064.54880756,277161.15000000,1419.94,1.46649298,106.52213053,exact_date_with_local_tdx_chinext_calendar,date_validated_by_local_tdx_only,False
2014-07-03,4084.06747933,278481.07000000,1422.6,1.46655120,106.72168042,exact_date_with_local_tdx_chinext_calendar,date_validated_by_local_tdx_only,False
2014-07-04,4084.73321021,279700.53000000,1411.64,1.46039523,105.89947487,exact_date_with_local_tdx_chinext_calendar,date_validated_by_local_tdx_only,False
2014-07-07,4113.84234213,279490.08000000,1393.89,1.47190997,104.56789197,exact_date_with_local_tdx_chinext_calendar,date_validated_by_local_tdx_only,False
2014-07-08,4138.29801417,279516.23000000,1410.73,1.48052155,105.83120780,exact_date_with_local_tdx_chinext_calendar,date_validated_by_local_tdx_only,False
2014-07-09,4158.35660013,280692.66000000,1384.58,1.48146254,103.86946737,exact_date_with_local_tdx_chinext_calendar,date_validated_by_local_tdx_only,False
2014-07-10,4180.68766297,276931.79000000,1363.88,1.50964527,102.31657914,exact_date_with_local_tdx_chinext_calendar,date_validated_by_local_tdx_only,False
2014-07-11,4187.70891028,275974.75000000,1359.34,1.51742466,101.97599400,exact_date_with_local_tdx_chinext_calendar,date_validated_by_local_tdx_only,False
2014-07-14,4213.98761346,277208.08000000,1367.07,1.52015324,102.55588897,exact_date_with_local_tdx_chinext_calendar,date_validated_by_local_tdx_only,False
2014-07-15,4227.81764930,280112.89000000,1341.27,1.50932635,100.62040510,exact_date_with_local_tdx_chinext_calendar,date_validated_by_local_tdx_only,False
2014-07-16,4247.84891723,280031.83000000,1318.62,1.51691646,98.92123031,exact_date_with_local_tdx_chinext_calendar,date_validated_by_local_tdx_only,False
2014-07-17,4254.75502222,278805.26000000,1312.81,1.52606698,98.48537134,exact_date_with_local_tdx_chinext_calendar,date_validated_by_local_tdx_only,False
2014-07-18,4237.23702757,277317.61000000,1305.92,1.52793652,97.96849212,exact_date_with_local_tdx_chinext_calendar,date_validated_by_local_tdx_only,False
2014-07-21,4239.23034908,277819.12000000,1306.97,1.52589582,98.04726182,exact_date_with_local_tdx_chinext_calendar,date_validated_by_local_tdx_only,False
2014-07-22,4253.15631652,277275.47000000,1329.35,1.53391006,99.72618155,exact_date_with_local_tdx_chinext_calendar,date_validated_by_local_tdx_only,False
2014-07-23,4286.06361962,280348.78000000,1293.09,1.52883263,97.00600150,exact_date_with_local_tdx_chinext_calendar,date_validated_by_local_tdx_only,False
2014-07-24,4308.42222399,279772.80000000,1271.88,1.53997180,95.41485371,exact_date_with_local_tdx_chinext_calendar,date_validated_by_local_tdx_only,False
2014-07-25,4297.39514045,282099.47000000,1285.77,1.52336165,96.45686422,exact_date_with_local_tdx_chinext_calendar,date_validated_by_local_tdx_only,False
2014-07-28,4280.48503817,284879.59000000,1314.53,1.50255939,98.61440360,exact_date_with_local_tdx_chinext_calendar,date_validated_by_local_tdx_only,False
2014-07-29,4302.69994926,291605.20000000,1331.76,1.47552237,99.90697674,exact_date_with_local_tdx_chinext_calendar,date_validated_by_local_tdx_only,False
2014-07-30,4357.81897812,293135.62000000,1342.74,1.48662212,100.73068267,exact_date_with_local_tdx_chinext_calendar,date_validated_by_local_tdx_only,False
2014-07-31,4400.26555887,293234.52000000,1344.54,1.50059603,100.86571643,exact_date_with_local_tdx_chinext_calendar,date_validated_by_local_tdx_only,False
2014-08-01,4392.61069827,295950.50000000,1325.94,1.48423831,99.47036759,exact_date_with_local_tdx_chinext_calendar,date_validated_by_local_tdx_only,False
2014-08-04,4434.86149504,293636.11000000,1329.82,1.51032565,99.76144036,exact_date_with_local_tdx_chinext_calendar,date_validated_by_local_tdx_only,False
2014-08-05,4471.06929764,298306.41000000,1360.69,1.49881771,102.07726932,exact_date_with_local_tdx_chinext_calendar,date_validated_by_local_tdx_only,False
2014-08-06,4521.18475926,298805.73000000,1365.74,1.51308503,102.45611403,exact_date_with_local_tdx_chinext_calendar,date_validated_by_local_tdx_only,False
2014-08-07,4563.04666486,298979.41000000,1362.03,1.52620766,102.17779445,exact_date_with_local_tdx_chinext_calendar,date_validated_by_local_tdx_only,False
2014-08-08,4576.11106886,295396.19000000,1377.44,1.54914357,103.33383346,exact_date_with_local_tdx_chinext_calendar,date_validated_by_local_tdx_only,False
2014-08-11,4602.67744094,296838.28000000,1397.78,1.55056735,104.85971493,exact_date_with_local_tdx_chinext_calendar,date_validated_by_local_tdx_only,False
2014-08-12,4654.30439265,300953.89000000,1396.44,1.54651744,104.75918980,exact_date_with_local_tdx_chinext_calendar,date_validated_by_local_tdx_only,False
2014-08-13,4716.21664417,300881.84000000,1384.31,1.56746470,103.84921230,exact_date_with_local_tdx_chinext_calendar,date_validated_by_local_tdx_only,False
2014-08-14,4764.27308558,301024.04000000,1380.3,1.58268857,103.54838710,exact_date_with_local_tdx_chinext_calendar,date_validated_by_local_tdx_only,False
2014-08-15,4779.91773620,298967.98000000,1392.45,1.59880591,104.45986497,exact_date_with_local_tdx_chinext_calendar,date_validated_by_local_tdx_only,False
2014-08-18,4829.32120381,301834.62000000,1428.74,1.59998916,107.18229557,exact_date_with_local_tdx_chinext_calendar,date_validated_by_local_tdx_only,False
2014-08-19,4868.48075606,304330.40000000,1436.4,1.59973527,107.75693923,exact_date_with_local_tdx_chinext_calendar,date_validated_by_local_tdx_only,False
2014-08-20,4917.07237500,305181.66000000,1427.4,1.61119524,107.08177044,exact_date_with_local_tdx_chinext_calendar,date_validated_by_local_tdx_only,False
2014-08-21,4965.71510310,304624.40000000,1447.88,1.63011075,108.61815454,exact_date_with_local_tdx_chinext_calendar,date_validated_by_local_tdx_only,False
2014-08-22,4983.08258387,303999.20000000,1461.72,1.63917622,109.65641410,exact_date_with_local_tdx_chinext_calendar,date_validated_by_local_tdx_only,False
2014-08-25,5024.43747081,305645.22000000,1443.81,1.64387896,108.31282821,exact_date_with_local_tdx_chinext_calendar,date_validated_by_local_tdx_only,False
2014-08-26,5063.26189794,303878.04000000,1411.15,1.66621514,105.86271568,exact_date_with_local_tdx_chinext_calendar,date_validated_by_local_tdx_only,False
2014-08-27,5102.96667265,300447.03000000,1420.54,1.69845802,106.56714179,exact_date_with_local_tdx_chinext_calendar,date_validated_by_local_tdx_only,False
2014-08-28,5181.53792564,301231.29000000,1403.8,1.72011942,105.31132783,exact_date_with_local_tdx_chinext_calendar,date_validated_by_local_tdx_only,False
2014-08-29,5200.94215479,299044.53000000,1424.47,1.73918652,106.86196549,exact_date_with_local_tdx_chinext_calendar,date_validated_by_local_tdx_only,False
2014-09-01,5241.41733399,302094.11000000,1452.84,1.73502798,108.99024756,exact_date_with_local_tdx_chinext_calendar,date_validated_by_local_tdx_only,False
2014-09-02,5232.93210523,305296.75000000,1465.03,1.71404776,109.90472618,exact_date_with_local_tdx_chinext_calendar,date_validated_by_local_tdx_only,False
2014-09-03,5236.33889868,309477.04000000,1477.67,1.69199592,110.85296324,exact_date_with_local_tdx_chinext_calendar,date_validated_by_local_tdx_only,False
2014-09-04,5292.16567376,312384.13000000,1495.51,1.69412117,112.19129782,exact_date_with_local_tdx_chinext_calendar,date_validated_by_local_tdx_only,False
2014-09-05,5293.45175786,314864.66000000,1489.84,1.68118320,111.76594149,exact_date_with_local_tdx_chinext_calendar,date_validated_by_local_tdx_only,False
2014-09-09,5373.96626001,317238.14000000,1494.02,1.69398492,112.07951988,exact_date_with_local_tdx_chinext_calendar,date_validated_by_local_tdx_only,False
2014-09-10,5448.89067728,317816.70000000,1504.91,1.71447588,112.89647412,exact_date_with_local_tdx_chinext_calendar,date_validated_by_local_tdx_only,False
2014-09-11,5519.84603616,318490.96000000,1513.01,1.73312487,113.50412603,exact_date_with_local_tdx_chinext_calendar,date_validated_by_local_tdx_only,False
2014-09-12,5563.83218243,317873.33000000,1524.12,1.75032998,114.33758440,exact_date_with_local_tdx_chinext_calendar,date_validated_by_local_tdx_only,False
2014-09-15,5655.77660455,320857.10000000,1526.14,1.76270888,114.48912228,exact_date_with_local_tdx_chinext_calendar,date_validated_by_local_tdx_only,False
2014-09-16,5713.40434965,322266.39000000,1473.13,1.77288247,110.51237809,exact_date_with_local_tdx_chinext_calendar,date_validated_by_local_tdx_only,False
2014-09-17,5762.34816769,315249.95000000,1479.12,1.82786648,110.96174044,exact_date_with_local_tdx_chinext_calendar,date_validated_by_local_tdx_only,False
2014-09-18,5804.17700023,316998.33000000,1490.79,1.83098031,111.83720930,exact_date_with_local_tdx_chinext_calendar,date_validated_by_local_tdx_only,False
2014-09-19,5810.79563002,318479.38000000,1499.12,1.82454375,112.46211553,exact_date_with_local_tdx_chinext_calendar,date_validated_by_local_tdx_only,False
2014-09-22,5910.23352751,320690.89000000,1483.35,1.84296895,111.27906977,exact_date_with_local_tdx_chinext_calendar,date_validated_by_local_tdx_only,False
2014-09-23,5969.33270736,315821.51000000,1500.99,1.89009694,112.60240060,exact_date_with_local_tdx_chinext_calendar,date_validated_by_local_tdx_only,False
2014-09-24,6097.28509071,318859.60000000,1517.42,1.91221625,113.83495874,exact_date_with_local_tdx_chinext_calendar,date_validated_by_local_tdx_only,False
2014-09-25,6188.32223387,323468.74000000,1508.42,1.91311291,113.15978995,exact_date_with_local_tdx_chinext_calendar,date_validated_by_local_tdx_only,False
2014-09-26,6223.37937813,323656.47000000,1511.36,1.92283484,113.38034509,exact_date_with_local_tdx_chinext_calendar,date_validated_by_local_tdx_only,False
2014-09-29,6194.10498282,324434.49000000,1526.18,1.90920052,114.49212303,exact_date_with_local_tdx_chinext_calendar,date_validated_by_local_tdx_only,False
2014-09-30,6074.10666700,326394.03000000,1540.87,1.86097358,115.59414854,exact_date_with_local_tdx_chinext_calendar,date_validated_by_local_tdx_only,False
2014-10-08,6256.04878942,327755.87000000,1557.57,1.90875263,116.84696174,exact_date_with_local_tdx_chinext_calendar,date_validated_by_local_tdx_only,False
2014-10-09,6363.32121498,330981.97000000,1561.17,1.92255826,117.11702926,exact_date_with_local_tdx_chinext_calendar,date_validated_by_local_tdx_only,False
2014-10-10,6427.00436000,332017.64000000,1554.22,1.93574184,116.59564891,exact_date_with_local_tdx_chinext_calendar,date_validated_by_local_tdx_only,False
2014-10-13,6525.36064971,330415.42000000,1548.33,1.97489592,116.15378845,exact_date_with_local_tdx_chinext_calendar,date_validated_by_local_tdx_only,False
2014-10-14,6590.10980940,329542.68000000,1539.12,1.99977430,115.46286572,exact_date_with_local_tdx_chinext_calendar,date_validated_by_local_tdx_only,False
2014-10-15,6659.75434537,328771.88000000,1545.62,2.02564597,115.95048762,exact_date_with_local_tdx_chinext_calendar,date_validated_by_local_tdx_only,False
2014-10-16,6685.37916676,330612.63000000,1526.56,2.02211850,114.52063016,exact_date_with_local_tdx_chinext_calendar,date_validated_by_local_tdx_only,False
2014-10-17,6692.42844765,327794.53000000,1511.05,2.04165349,113.35708927,exact_date_with_local_tdx_chinext_calendar,date_validated_by_local_tdx_only,False
2014-10-20,6730.44877260,325699.87000000,1532.38,2.06645731,114.95723931,exact_date_with_local_tdx_chinext_calendar,date_validated_by_local_tdx_only,False
2014-10-21,6766.72557187,328546.25000000,1517.48,2.05959605,113.83945986,exact_date_with_local_tdx_chinext_calendar,date_validated_by_local_tdx_only,False
2014-10-22,6807.04309104,326212.09000000,1504.55,2.08669246,112.86946737,exact_date_with_local_tdx_chinext_calendar,date_validated_by_local_tdx_only,False
2014-10-23,6873.56680828,323918.54000000,1477.84,2.12200475,110.86571643,exact_date_with_local_tdx_chinext_calendar,date_validated_by_local_tdx_only,False
2014-10-24,6903.68787705,320213.04000000,1477.59,2.15596713,110.84696174,exact_date_with_local_tdx_chinext_calendar,date_validated_by_local_tdx_only,False
2014-10-27,6946.60611421,320206.56000000,1492.01,2.16941405,111.92873218,exact_date_with_local_tdx_chinext_calendar,date_validated_by_local_tdx_only,False
2014-10-28,6916.08833377,319475.66000000,1522.05,2.16482481,114.18229557,exact_date_with_local_tdx_chinext_calendar,date_validated_by_local_tdx_only,False
2014-10-29,6914.82895795,326342.10000000,1530.08,2.11888964,114.78469617,exact_date_with_local_tdx_chinext_calendar,date_validated_by_local_tdx_only,False
2014-10-30,6968.38232674,330945.81000000,1525.77,2.10559618,114.46136534,exact_date_with_local_tdx_chinext_calendar,date_validated_by_local_tdx_only,False
2014-10-31,6975.90568747,332657.79000000,1513.27,2.09702159,113.52363091,exact_date_with_local_tdx_chinext_calendar,date_validated_by_local_tdx_only,False
2014-11-03,7054.60444528,335661.34000000,1529.89,2.10170300,114.77044261,exact_date_with_local_tdx_chinext_calendar,date_validated_by_local_tdx_only,False
2014-11-04,7117.35369353,337307.92000000,1516.4,2.11004642,113.75843961,exact_date_with_local_tdx_chinext_calendar,date_validated_by_local_tdx_only,False
2014-11-05,7172.74540641,336991.64000000,1512.49,2.12846390,113.46511628,exact_date_with_local_tdx_chinext_calendar,date_validated_by_local_tdx_only,False
2014-11-06,7222.64651324,336021.40000000,1532.52,2.14946028,114.96774194,exact_date_with_local_tdx_chinext_calendar,date_validated_by_local_tdx_only,False
2014-11-07,7230.28477119,337627.13000000,1522.63,2.14149994,114.22580645,exact_date_with_local_tdx_chinext_calendar,date_validated_by_local_tdx_only,False
2014-11-10,7276.89902489,336437.28000000,1514.82,2.16292886,113.63990998,exact_date_with_local_tdx_chinext_calendar,date_validated_by_local_tdx_only,False
2014-11-11,7328.40458346,342476.55000000,1461.51,2.13982668,109.64066017,exact_date_with_local_tdx_chinext_calendar,date_validated_by_local_tdx_only,False
2014-11-12,7367.12388569,339410.62000000,1475.75,2.17056375,110.70892723,exact_date_with_local_tdx_chinext_calendar,date_validated_by_local_tdx_only,False
2014-11-13,7397.78456304,343040.27000000,1442.86,2.15653531,108.24156039,exact_date_with_local_tdx_chinext_calendar,date_validated_by_local_tdx_only,False
2014-11-14,7406.33852746,340702.66000000,1441.21,2.17384230,108.11777944,exact_date_with_local_tdx_chinext_calendar,date_validated_by_local_tdx_only,False
2014-11-17,7441.40539653,340076.92000000,1471.69,2.18815361,110.40435109,exact_date_with_local_tdx_chinext_calendar,date_validated_by_local_tdx_only,False
2014-11-18,7477.38570433,340476.92000000,1481.86,2.19615054,111.16729182,exact_date_with_local_tdx_chinext_calendar,date_validated_by_local_tdx_only,False
2014-11-19,7510.96863295,338848.63000000,1505.55,2.21661473,112.94448612,exact_date_with_local_tdx_chinext_calendar,date_validated_by_local_tdx_only,False
2014-11-20,7541.15666618,339180.20000000,1494.59,2.22334814,112.12228057,exact_date_with_local_tdx_chinext_calendar,date_validated_by_local_tdx_only,False
2014-11-21,7574.60354106,339098.45000000,1504.83,2.23374762,112.89047262,exact_date_with_local_tdx_chinext_calendar,date_validated_by_local_tdx_only,False
2014-11-24,7776.66026234,343562.35000000,1507.81,2.26353681,113.11402851,exact_date_with_local_tdx_chinext_calendar,date_validated_by_local_tdx_only,False
2014-11-25,7932.02597668,349217.83000000,1541.92,2.27136913,115.67291823,exact_date_with_local_tdx_chinext_calendar,date_validated_by_local_tdx_only,False
2014-11-26,8061.78294436,354023.90000000,1554.22,2.27718607,116.59564891,exact_date_with_local_tdx_chinext_calendar,date_validated_by_local_tdx_only,False
2014-11-27,8109.93247558,358320.97000000,1563.41,2.26331506,117.28507127,exact_date_with_local_tdx_chinext_calendar,date_validated_by_local_tdx_only,False
2014-11-28,8189.26666261,361746.70000000,1570.85,2.26381240,117.84321080,exact_date_with_local_tdx_chinext_calendar,date_validated_by_local_tdx_only,False
2014-12-01,8315.63476791,367899.76000000,1552.31,2.26029905,116.45236309,exact_date_with_local_tdx_chinext_calendar,date_validated_by_local_tdx_only,False
2014-12-02,8402.40014536,367410.48000000,1565.42,2.28692446,117.43585896,exact_date_with_local_tdx_chinext_calendar,date_validated_by_local_tdx_only,False
2014-12-03,8496.22094630,377505.89000000,1604.45,2.25061944,120.36384096,exact_date_with_local_tdx_chinext_calendar,date_validated_by_local_tdx_only,False
2014-12-04,8735.32569865,380486.62000000,1621.85,2.29582993,121.66916729,exact_date_with_local_tdx_chinext_calendar,date_validated_by_local_tdx_only,False
2014-12-05,8811.03102731,394435.22000000,1581.91,2.23383475,118.67291823,exact_date_with_local_tdx_chinext_calendar,date_validated_by_local_tdx_only,False
2014-12-08,9080.21500554,396933.27000000,1567.16,2.28759232,117.56639160,exact_date_with_local_tdx_chinext_calendar,date_validated_by_local_tdx_only,False
2014-12-09,9199.65039859,406552.98000000,1504.62,2.26284171,112.87471868,exact_date_with_local_tdx_chinext_calendar,date_validated_by_local_tdx_only,False
2014-12-10,9288.84952045,385136.03000000,1572.69,2.41183603,117.98124531,exact_date_with_local_tdx_chinext_calendar,date_validated_by_local_tdx_only,False
2014-12-11,9345.11891141,396919.42000000,1587.67,2.35441212,119.10502626,exact_date_with_local_tdx_chinext_calendar,date_validated_by_local_tdx_only,False
2014-12-12,9367.18925611,396429.83000000,1623.57,2.36288709,121.79819955,exact_date_with_local_tdx_chinext_calendar,date_validated_by_local_tdx_only,False
2014-12-15,9492.92951138,398790.14000000,1657.5,2.38043235,124.34358590,exact_date_with_local_tdx_chinext_calendar,date_validated_by_local_tdx_only,False
2014-12-16,9618.91079348,401433.33000000,1649.58,2.39614154,123.74943736,exact_date_with_local_tdx_chinext_calendar,date_validated_by_local_tdx_only,False
2014-12-17,9768.51969349,408895.43000000,1644.21,2.38900192,123.34658665,exact_date_with_local_tdx_chinext_calendar,date_validated_by_local_tdx_only,False
2014-12-18,9879.20938339,412600.25000000,1634.05,2.39437794,122.58439610,exact_date_with_local_tdx_chinext_calendar,date_validated_by_local_tdx_only,False
2014-12-19,10001.48339895,411173.12000000,1596.81,2.43242637,119.79069767,exact_date_with_local_tdx_chinext_calendar,date_validated_by_local_tdx_only,False
2014-12-22,10037.13741525,414941.84000000,1517.93,2.41892633,113.87321830,exact_date_with_local_tdx_chinext_calendar,date_validated_by_local_tdx_only,False
2014-12-23,9998.39946801,413942.91000000,1496.53,2.41540542,112.26781695,exact_date_with_local_tdx_chinext_calendar,date_validated_by_local_tdx_only,False
2014-12-24,9957.70935867,403068.02000000,1519.8,2.47047864,114.01350338,exact_date_with_local_tdx_chinext_calendar,date_validated_by_local_tdx_only,False
2014-12-25,10006.46498552,397653.29000000,1529.47,2.51637928,114.73893473,exact_date_with_local_tdx_chinext_calendar,date_validated_by_local_tdx_only,False
2014-12-26,10060.48362338,409463.17000000,1536.08,2.45699354,115.23480870,exact_date_with_local_tdx_chinext_calendar,date_validated_by_local_tdx_only,False
2014-12-29,10174.04969016,418992.69000000,1499.4,2.42821651,112.48312078,exact_date_with_local_tdx_chinext_calendar,date_validated_by_local_tdx_only,False
2014-12-30,10210.36418539,419382.17000000,1460.11,2.43462048,109.53563391,exact_date_with_local_tdx_chinext_calendar,date_validated_by_local_tdx_only,False
2014-12-31,10173.72873368,418573.66000000,1471.76,2.43057070,110.40960240,exact_date_with_local_tdx_chinext_calendar,date_validated_by_local_tdx_only,False
2015-01-05,10295.82812808,428163.48000000,1464.77,2.40464883,109.88522131,exact_date_with_local_tdx_chinext_calendar,date_validated_by_local_tdx_only,False
2015-01-06,10377.28743552,441117.49000000,1539.83,2.35249966,115.51612903,exact_date_with_local_tdx_chinext_calendar,date_validated_by_local_tdx_only,False
2015-01-07,10492.99989330,443035.13000000,1523.39,2.36843518,114.28282071,exact_date_with_local_tdx_chinext_calendar,date_validated_by_local_tdx_only,False
2015-01-08,10530.22393707,444264.30000000,1541.89,2.37026111,115.67066767,exact_date_with_local_tdx_chinext_calendar,date_validated_by_local_tdx_only,False
2015-01-09,10604.96907625,435787.63000000,1553.24,2.43351769,116.52213053,exact_date_with_local_tdx_chinext_calendar,date_validated_by_local_tdx_only,False
2015-01-12,10719.49629876,435171.48000000,1586.12,2.46328098,118.98874719,exact_date_with_local_tdx_chinext_calendar,date_validated_by_local_tdx_only,False
2015-01-13,10781.18771536,429299.49000000,1601.17,2.51134417,120.11777944,exact_date_with_local_tdx_chinext_calendar,date_validated_by_local_tdx_only,False
2015-01-14,10909.52010463,431537.20000000,1588.01,2.52806018,119.13053263,exact_date_with_local_tdx_chinext_calendar,date_validated_by_local_tdx_only,False
2015-01-15,11061.75337091,430248.96000000,1586.34,2.57101223,119.00525131,exact_date_with_local_tdx_chinext_calendar,date_validated_by_local_tdx_only,False
2015-01-16,11113.62744580,442586.32000000,1639.56,2.51106438,122.99774944,exact_date_with_local_tdx_chinext_calendar,date_validated_by_local_tdx_only,False
2015-01-19,10928.54311869,448083.98000000,1630.06,2.43894975,122.28507127,exact_date_with_local_tdx_chinext_calendar,date_validated_by_local_tdx_only,False
2015-01-20,10908.88777665,418444.54000000,1700.85,2.60700923,127.59564891,exact_date_with_local_tdx_chinext_calendar,date_validated_by_local_tdx_only,False
2015-01-21,10956.21817354,427580.25000000,1722.58,2.56237704,129.22580645,exact_date_with_local_tdx_chinext_calendar,date_validated_by_local_tdx_only,False
2015-01-22,11059.08266240,445648.73000000,1744.04,2.48156943,130.83570893,exact_date_with_local_tdx_chinext_calendar,date_validated_by_local_tdx_only,False
2015-01-23,11120.16601436,448981.48000000,1697.29,2.47675383,127.32858215,exact_date_with_local_tdx_chinext_calendar,date_validated_by_local_tdx_only,False
2015-01-26,11201.51409461,447511.81000000,1739.79,2.50306558,130.51687922,exact_date_with_local_tdx_chinext_calendar,date_validated_by_local_tdx_only,False
2015-01-27,11245.91896078,455256.17000000,1743.68,2.47023977,130.80870218,exact_date_with_local_tdx_chinext_calendar,date_validated_by_local_tdx_only,False
2015-01-28,11277.85238651,452454.28000000,1731.41,2.49259492,129.88822206,exact_date_with_local_tdx_chinext_calendar,date_validated_by_local_tdx_only,False
2015-01-29,11302.94425950,447131.27000000,1711.37,2.52788052,128.38484621,exact_date_with_local_tdx_chinext_calendar,date_validated_by_local_tdx_only,False
2015-01-30,11259.33019889,442453.16000000,1680.58,2.54475077,126.07501875,exact_date_with_local_tdx_chinext_calendar,date_validated_by_local_tdx_only,False
2015-02-02,11274.27797541,436341.13000000,1696.83,2.58382197,127.29407352,exact_date_with_local_tdx_chinext_calendar,date_validated_by_local_tdx_only,False
2015-02-03,11267.00912061,427673.02000000,1750.91,2.63449144,131.35108777,exact_date_with_local_tdx_chinext_calendar,date_validated_by_local_tdx_only,False
2015-02-04,11294.75711748,437955.29000000,1757.74,2.57897493,131.86346587,exact_date_with_local_tdx_chinext_calendar,date_validated_by_local_tdx_only,False
2015-02-05,11353.60978645,434557.25000000,1774.31,2.61268447,133.10652663,exact_date_with_local_tdx_chinext_calendar,date_validated_by_local_tdx_only,False
2015-02-06,11381.60998949,430843.19000000,1730.97,2.64170590,129.85521380,exact_date_with_local_tdx_chinext_calendar,date_validated_by_local_tdx_only,False
2015-02-09,11478.12022341,422338.73000000,1708.85,2.71775222,128.19579895,exact_date_with_local_tdx_chinext_calendar,date_validated_by_local_tdx_only,False
2015-02-10,11641.29836483,423796.78000000,1747.68,2.74690581,131.10877719,exact_date_with_local_tdx_chinext_calendar,date_validated_by_local_tdx_only,False
2015-02-11,11739.56214654,430295.09000000,1772.85,2.72825845,132.99699925,exact_date_with_local_tdx_chinext_calendar,date_validated_by_local_tdx_only,False
2015-02-12,11729.19606787,433681.42000000,1788.81,2.70456504,134.19429857,exact_date_with_local_tdx_chinext_calendar,date_validated_by_local_tdx_only,False
2015-02-13,11391.65751596,436131.72000000,1825.49,2.61197638,136.94598650,exact_date_with_local_tdx_chinext_calendar,date_validated_by_local_tdx_only,False
2015-02-16,11326.75130374,441424.84000000,1896.63,2.56595241,142.28282071,exact_date_with_local_tdx_chinext_calendar,date_validated_by_local_tdx_only,False
2015-02-17,11057.77285250,446436.86000000,1894.31,2.47689513,142.10877719,exact_date_with_local_tdx_chinext_calendar,date_validated_by_local_tdx_only,False
2015-02-25,11356.00606273,450176.41000000,1876.75,2.52256800,140.79144786,exact_date_with_local_tdx_chinext_calendar,date_validated_by_local_tdx_only,False
2015-02-26,11475.53516050,447331.27000000,1880.39,2.56533266,141.06451613,exact_date_with_local_tdx_chinext_calendar,date_validated_by_local_tdx_only,False
2015-02-27,11523.76881592,455947.24000000,1928.04,2.52743471,144.63915979,exact_date_with_local_tdx_chinext_calendar,date_validated_by_local_tdx_only,False
2015-03-02,11724.73402686,458529.41000000,1986.99,2.55702988,149.06151538,exact_date_with_local_tdx_chinext_calendar,date_validated_by_local_tdx_only,False
2015-03-03,11917.98136927,464109.29000000,1961.74,2.56792562,147.16729182,exact_date_with_local_tdx_chinext_calendar,date_validated_by_local_tdx_only,False
2015-03-04,12047.00366288,455416.56000000,2009.83,2.64527132,150.77494374,exact_date_with_local_tdx_chinext_calendar,date_validated_by_local_tdx_only,False
2015-03-05,12191.98086852,459337.33000000,2014.79,2.65425431,151.14703676,exact_date_with_local_tdx_chinext_calendar,date_validated_by_local_tdx_only,False
2015-03-06,12267.14148687,456566.11000000,1951.4,2.68682699,146.39159790,exact_date_with_local_tdx_chinext_calendar,date_validated_by_local_tdx_only,False
2015-03-09,12416.74660589,453897.17000000,1994.39,2.73558582,149.61665416,exact_date_with_local_tdx_chinext_calendar,date_validated_by_local_tdx_only,False
2015-03-10,12625.01676676,462211.50000000,2045.32,2.73143718,153.43735934,exact_date_with_local_tdx_chinext_calendar,date_validated_by_local_tdx_only,False
2015-03-11,12860.21691212,462233.75000000,2035.83,2.78218908,152.72543136,exact_date_with_local_tdx_chinext_calendar,date_validated_by_local_tdx_only,False
2015-03-12,13082.06252529,462694.56000000,2018.13,2.82736467,151.39759940,exact_date_with_local_tdx_chinext_calendar,date_validated_by_local_tdx_only,False
2015-03-13,13121.97915002,468259.60000000,2069.07,2.80228727,155.21905476,exact_date_with_local_tdx_chinext_calendar,date_validated_by_local_tdx_only,False
2015-03-16,13048.87934928,472297.23000000,2142.67,2.76285325,160.74043511,exact_date_with_local_tdx_chinext_calendar,date_validated_by_local_tdx_only,False
2015-03-17,13145.03602427,484114.36000000,2137.46,2.71527497,160.34958740,exact_date_with_local_tdx_chinext_calendar,date_validated_by_local_tdx_only,False
2015-03-18,13351.87822967,491081.52000000,2182.92,2.71887206,163.75993998,exact_date_with_local_tdx_chinext_calendar,date_validated_by_local_tdx_only,False
2015-03-19,13569.13562704,502005.74000000,2183.88,2.70298416,163.83195799,exact_date_with_local_tdx_chinext_calendar,date_validated_by_local_tdx_only,False
2015-03-20,13769.79098209,503195.77000000,2213.77,2.73646795,166.07426857,exact_date_with_local_tdx_chinext_calendar,date_validated_by_local_tdx_only,False
2015-03-23,13924.29605257,509025.02000000,2293.65,2.73548362,172.06676669,exact_date_with_local_tdx_chinext_calendar,date_validated_by_local_tdx_only,False
2015-03-24,14140.77632798,520956.74000000,2357.97,2.71438591,176.89197299,exact_date_with_local_tdx_chinext_calendar,date_validated_by_local_tdx_only,False
2015-03-25,14356.48371051,523107.66000000,2385.01,2.74446062,178.92048012,exact_date_with_local_tdx_chinext_calendar,date_validated_by_local_tdx_only,False
2015-03-26,14516.22259821,522094.46000000,2291.79,2.78038242,171.92723181,exact_date_with_local_tdx_chinext_calendar,date_validated_by_local_tdx_only,False
2015-03-27,14587.82667858,521758.62000000,2323.82,2.79589567,174.33008252,exact_date_with_local_tdx_chinext_calendar,date_validated_by_local_tdx_only,False
2015-03-30,14764.72054593,524702.14000000,2290.48,2.81392421,171.82895724,exact_date_with_local_tdx_chinext_calendar,date_validated_by_local_tdx_only,False
2015-03-31,14858.80151784,535395.20000000,2335.17,2.77529599,175.18154539,exact_date_with_local_tdx_chinext_calendar,date_validated_by_local_tdx_only,False
2015-04-01,15099.54527971,532769.06000000,2404.91,2.83416332,180.41335334,exact_date_with_local_tdx_chinext_calendar,date_validated_by_local_tdx_only,False
2015-04-02,15298.20700356,542919.29000000,2475.33,2.81776818,185.69617404,exact_date_with_local_tdx_chinext_calendar,date_validated_by_local_tdx_only,False
2015-04-03,15450.16428521,547710.13000000,2510.16,2.82086517,188.30907727,exact_date_with_local_tdx_chinext_calendar,date_validated_by_local_tdx_only,False
2015-04-07,15762.39785608,554669.06000000,2556.7,2.84176620,191.80045011,exact_date_with_local_tdx_chinext_calendar,date_validated_by_local_tdx_only,False
2015-04-08,15980.34967666,568019.68000000,2488.16,2.81334437,186.65866467,exact_date_with_local_tdx_chinext_calendar,date_validated_by_local_tdx_only,False
2015-04-09,16223.01948514,570194.76000000,2496.49,2.84517162,187.28357089,exact_date_with_local_tdx_chinext_calendar,date_validated_by_local_tdx_only,False
2015-04-10,16430.72643118,565748.32000000,2552.83,2.90424661,191.51012753,exact_date_with_local_tdx_chinext_calendar,date_validated_by_local_tdx_only,False
2015-04-13,16719.18319975,578080.54000000,2577.78,2.89218924,193.38184546,exact_date_with_local_tdx_chinext_calendar,date_validated_by_local_tdx_only,False
2015-04-14,16994.33337021,590518.02000000,2558.85,2.87786872,191.96174044,exact_date_with_local_tdx_chinext_calendar,date_validated_by_local_tdx_only,False
2015-04-15,17215.03241084,590930.12000000,2441.74,2.91320950,183.17629407,exact_date_with_local_tdx_chinext_calendar,date_validated_by_local_tdx_only,False
2015-04-16,17374.95443925,579651.37000000,2484.33,2.99748355,186.37134284,exact_date_with_local_tdx_chinext_calendar,date_validated_by_local_tdx_only,False
2015-04-17,17251.38017372,592505.01000000,2463.99,2.91160073,184.84546137,exact_date_with_local_tdx_chinext_calendar,date_validated_by_local_tdx_only,False
2015-04-20,17169.04807674,601860.03000000,2424.85,2.85266461,181.90922731,exact_date_with_local_tdx_chinext_calendar,date_validated_by_local_tdx_only,False
2015-04-21,17301.22295398,590606.58000000,2566.09,2.92939895,192.50487622,exact_date_with_local_tdx_chinext_calendar,date_validated_by_local_tdx_only,False
2015-04-22,17516.80168685,604851.94000000,2634.93,2.89604786,197.66916729,exact_date_with_local_tdx_chinext_calendar,date_validated_by_local_tdx_only,False
2015-04-23,17695.97669435,620274.14000000,2706.19,2.85292833,203.01500375,exact_date_with_local_tdx_chinext_calendar,date_validated_by_local_tdx_only,False
2015-04-24,17804.19829563,623731.33000000,2734.75,2.85446593,205.15753938,exact_date_with_local_tdx_chinext_calendar,date_validated_by_local_tdx_only,False
2015-04-27,18058.89895179,621500.33000000,2747.5,2.90569419,206.11402851,exact_date_with_local_tdx_chinext_calendar,date_validated_by_local_tdx_only,False
2015-04-28,18135.03880247,636075.66000000,2687.97,2.85108202,201.64816204,exact_date_with_local_tdx_chinext_calendar,date_validated_by_local_tdx_only,False
2015-04-29,18254.47338780,627123.76000000,2797.52,2.91082471,209.86646662,exact_date_with_local_tdx_chinext_calendar,date_validated_by_local_tdx_only,False
2015-04-30,18310.16561927,630746.91000000,2857.89,2.90293386,214.39534884,exact_date_with_local_tdx_chinext_calendar,date_validated_by_local_tdx_only,False
2015-05-04,18572.92884446,628271.69000000,2845.25,2.95619382,213.44711178,exact_date_with_local_tdx_chinext_calendar,date_validated_by_local_tdx_only,False
2015-05-05,18675.15605055,633252.49000000,2783.44,2.94908529,208.81020255,exact_date_with_local_tdx_chinext_calendar,date_validated_by_local_tdx_only,False
2015-05-06,18898.74480436,610352.85000000,2846.56,3.09636382,213.54538635,exact_date_with_local_tdx_chinext_calendar,date_validated_by_local_tdx_only,False
2015-05-07,18999.82007147,603293.90000000,2806.05,3.14934729,210.50637659,exact_date_with_local_tdx_chinext_calendar,date_validated_by_local_tdx_only,False
2015-05-08,18757.07625579,590274.45000000,2973.6,3.17768730,223.07576894,exact_date_with_local_tdx_chinext_calendar,date_validated_by_local_tdx_only,False
2015-05-11,18823.06723001,607537.26000000,3146.83,3.09825725,236.07126782,exact_date_with_local_tdx_chinext_calendar,date_validated_by_local_tdx_only,False
2015-05-12,18951.64710478,628792.06000000,3250.3,3.01397685,243.83345836,exact_date_with_local_tdx_chinext_calendar,date_validated_by_local_tdx_only,False
2015-05-13,19140.47462337,639477.40000000,3192.15,2.99314325,239.47111778,exact_date_with_local_tdx_chinext_calendar,date_validated_by_local_tdx_only,False
2015-05-14,19263.96684102,639273.29000000,3141.59,3.01341651,235.67816954,exact_date_with_local_tdx_chinext_calendar,date_validated_by_local_tdx_only,False
2015-05-15,19289.38229097,640159.08000000,3145.34,3.01321701,235.95948987,exact_date_with_local_tdx_chinext_calendar,date_validated_by_local_tdx_only,False
2015-05-18,19478.46353442,632720.81000000,3278.48,3.07852424,245.94748687,exact_date_with_local_tdx_chinext_calendar,date_validated_by_local_tdx_only,False
2015-05-19,19768.79887711,635574.02000000,3322.77,3.11038498,249.27006752,exact_date_with_local_tdx_chinext_calendar,date_validated_by_local_tdx_only,False
2015-05-20,20057.39078890,654459.81000000,3406.28,3.06472460,255.53488372,exact_date_with_local_tdx_chinext_calendar,date_validated_by_local_tdx_only,False
2015-05-21,20247.80335165,657381.89000000,3527.41,3.08006711,264.62190548,exact_date_with_local_tdx_chinext_calendar,date_validated_by_local_tdx_only,False
2015-05-22,20139.89133637,673462.61000000,3516.63,2.99049881,263.81320330,exact_date_with_local_tdx_chinext_calendar,date_validated_by_local_tdx_only,False
2015-05-25,20237.68329382,688160.60000000,3467.92,2.94083725,260.15903976,exact_date_with_local_tdx_chinext_calendar,date_validated_by_local_tdx_only,False
2015-05-26,20427.12199449,706644.44000000,3618.23,2.89072139,271.43510878,exact_date_with_local_tdx_chinext_calendar,date_validated_by_local_tdx_only,False
2015-05-27,20553.08599108,726308.76000000,3628.67,2.82980010,272.21830458,exact_date_with_local_tdx_chinext_calendar,date_validated_by_local_tdx_only,False
2015-05-28,20674.97905712,732814.00000000,3432.98,2.82131333,257.53788447,exact_date_with_local_tdx_chinext_calendar,date_validated_by_local_tdx_only,False
2015-05-29,20719.58219694,691506.55000000,3542.84,2.99629587,265.77944486,exact_date_with_local_tdx_chinext_calendar,date_validated_by_local_tdx_only,False
2015-06-01,21001.35149383,694300.85000000,3718.75,3.02482008,278.97599400,exact_date_with_local_tdx_chinext_calendar,date_validated_by_local_tdx_only,False
2015-06-02,21300.96322974,727667.37000000,3901.54,2.92729400,292.68867217,exact_date_with_local_tdx_chinext_calendar,date_validated_by_local_tdx_only,False
2015-06-03,21500.13699978,744355.00000000,3982.25,2.88842515,298.74343586,exact_date_with_local_tdx_chinext_calendar,date_validated_by_local_tdx_only,False
2015-06-04,21645.91811048,745483.28000000,3943.47,2.90360880,295.83420855,exact_date_with_local_tdx_chinext_calendar,date_validated_by_local_tdx_only,False
2015-06-05,21607.68383347,748938.48000000,3885.83,2.88510798,291.51012753,exact_date_with_local_tdx_chinext_calendar,date_validated_by_local_tdx_only,False
2015-06-08,21655.97899554,758435.72000000,3704.55,2.85534798,277.91072768,exact_date_with_local_tdx_chinext_calendar,date_validated_by_local_tdx_only,False
2015-06-09,21771.15224583,765921.90000000,3705.54,2.84247679,277.98499625,exact_date_with_local_tdx_chinext_calendar,date_validated_by_local_tdx_only,False
2015-06-10,21918.83708574,763599.26000000,3834.7,2.87046337,287.67441860,exact_date_with_local_tdx_chinext_calendar,date_validated_by_local_tdx_only,False
2015-06-11,22058.48192212,769302.39000000,3862.14,2.86733568,289.73293323,exact_date_with_local_tdx_chinext_calendar,date_validated_by_local_tdx_only,False
2015-06-12,22207.02152570,774703.38000000,3899.71,2.86651925,292.55138785,exact_date_with_local_tdx_chinext_calendar,date_validated_by_local_tdx_only,False
2015-06-15,22319.30859100,782896.81000000,3696.03,2.85086212,277.27156789,exact_date_with_local_tdx_chinext_calendar,date_validated_by_local_tdx_only,False
2015-06-16,22394.45979829,766783.79000000,3590.67,2.92057032,269.36759190,exact_date_with_local_tdx_chinext_calendar,date_validated_by_local_tdx_only,False
2015-06-17,22550.42762540,741805.88000000,3741.36,3.03993649,280.67216804,exact_date_with_local_tdx_chinext_calendar,date_validated_by_local_tdx_only,False
2015-06-18,22666.35294021,755237.13000000,3504.55,3.00122333,262.90697674,exact_date_with_local_tdx_chinext_calendar,date_validated_by_local_tdx_only,False
2015-06-19,22610.85353259,728224.07000000,3314.98,3.10493081,248.68567142,exact_date_with_local_tdx_chinext_calendar,date_validated_by_local_tdx_only,False
2015-06-23,22467.85028463,683843.92000000,3393.94,3.28552315,254.60915229,exact_date_with_local_tdx_chinext_calendar,date_validated_by_local_tdx_only,False
2015-06-24,22065.99051084,697652.00000000,3383.4,3.16289361,253.81845461,exact_date_with_local_tdx_chinext_calendar,date_validated_by_local_tdx_only,False
2015-06-25,21818.42704486,713589.34000000,3206.38,3.05756068,240.53863466,exact_date_with_local_tdx_chinext_calendar,date_validated_by_local_tdx_only,False
2015-06-26,21257.56751259,688917.76000000,2920.7,3.08564661,219.10727682,exact_date_with_local_tdx_chinext_calendar,date_validated_by_local_tdx_only,False
2015-06-29,20840.66835266,640317.31000000,2689.76,3.25474074,201.78244561,exact_date_with_local_tdx_chinext_calendar,date_validated_by_local_tdx_only,False
2015-06-30,20446.66506140,615300.61000000,2858.61,3.32303670,214.44936234,exact_date_with_local_tdx_chinext_calendar,date_validated_by_local_tdx_only,False
2015-07-01,20305.67573892,651353.72000000,2759.41,3.11745755,207.00750188,exact_date_with_local_tdx_chinext_calendar,date_validated_by_local_tdx_only,False
2015-07-02,19796.65485706,618332.45000000,2649.32,3.20161991,198.74868717,exact_date_with_local_tdx_chinext_calendar,date_validated_by_local_tdx_only,False
2015-07-03,19067.48251186,594382.87000000,2605.28,3.20794617,195.44486122,exact_date_with_local_tdx_chinext_calendar,date_validated_by_local_tdx_only,False
2015-07-06,17704.47201996,561287.60000000,2493.83,3.15426032,187.08402101,exact_date_with_local_tdx_chinext_calendar,date_validated_by_local_tdx_only,False
2015-07-07,16261.01694487,566881.06000000,2352.01,2.86850595,176.44486122,exact_date_with_local_tdx_chinext_calendar,date_validated_by_local_tdx_only,False
2015-07-08,14560.82818585,554970.32000000,2364.05,2.62371296,177.34808702,exact_date_with_local_tdx_chinext_calendar,date_validated_by_local_tdx_only,False
2015-07-09,14380.08621547,528246.30000000,2435.76,2.72223132,182.72768192,exact_date_with_local_tdx_chinext_calendar,date_validated_by_local_tdx_only,False
2015-07-10,14382.51747980,554475.08000000,2535.89,2.59389790,190.23930983,exact_date_with_local_tdx_chinext_calendar,date_validated_by_local_tdx_only,False
2015-07-13,14369.76422446,577663.20000000,2683.07,2.48756788,201.28057014,exact_date_with_local_tdx_chinext_calendar,date_validated_by_local_tdx_only,False
2015-07-14,14389.19712258,592412.77000000,2726.05,2.42891407,204.50487622,exact_date_with_local_tdx_chinext_calendar,date_validated_by_local_tdx_only,False
2015-07-15,14198.95160981,590135.81000000,2590.03,2.40604813,194.30082521,exact_date_with_local_tdx_chinext_calendar,date_validated_by_local_tdx_only,False
2015-07-16,14186.68046391,571646.47000000,2627.08,2.48172274,197.08027007,exact_date_with_local_tdx_chinext_calendar,date_validated_by_local_tdx_only,False
2015-07-17,14255.94146080,575573.09000000,2783.32,2.47682557,208.80120030,exact_date_with_local_tdx_chinext_calendar,date_validated_by_local_tdx_only,False
2015-07-20,14238.30452084,597416.22000000,2848.3,2.38331402,213.67591898,exact_date_with_local_tdx_chinext_calendar,date_validated_by_local_tdx_only,False
2015-07-21,14326.70926184,604262.19000000,2882.9,2.37094253,216.27156789,exact_date_with_local_tdx_chinext_calendar,date_validated_by_local_tdx_only,False
2015-07-22,14364.17184621,609384.12000000,2897.37,2.35716215,217.35708927,exact_date_with_local_tdx_chinext_calendar,date_validated_by_local_tdx_only,False
2015-07-23,14554.27354257,611934.33000000,2967.95,2.37840448,222.65191298,exact_date_with_local_tdx_chinext_calendar,date_validated_by_local_tdx_only,False
2015-07-24,14544.22169931,627348.45000000,2897.82,2.31836417,217.39084771,exact_date_with_local_tdx_chinext_calendar,date_validated_by_local_tdx_only,False
2015-07-27,14269.25432949,619464.28000000,2683.45,2.30348299,201.30907727,exact_date_with_local_tdx_chinext_calendar,date_validated_by_local_tdx_only,False
2015-07-28,13793.01492121,570403.86000000,2581.96,2.41811388,193.69542386,exact_date_with_local_tdx_chinext_calendar,date_validated_by_local_tdx_only,False
2015-07-29,13691.71632437,560576.02000000,2693.87,2.44243704,202.09077269,exact_date_with_local_tdx_chinext_calendar,date_validated_by_local_tdx_only,False
2015-07-30,13679.02106765,580157.24000000,2561.19,2.35781270,192.13728432,exact_date_with_local_tdx_chinext_calendar,date_validated_by_local_tdx_only,False
2015-07-31,13354.16630899,565086.19000000,2539.84,2.36320875,190.53563391,exact_date_with_local_tdx_chinext_calendar,date_validated_by_local_tdx_only,False
2015-08-03,12938.09923258,559736.56000000,2399.27,2.31146224,179.99024756,exact_date_with_local_tdx_chinext_calendar,date_validated_by_local_tdx_only,False
2015-08-04,13093.77550364,551308.07000000,2546.16,2.37503788,191.00975244,exact_date_with_local_tdx_chinext_calendar,date_validated_by_local_tdx_only,False
2015-08-05,13091.12256702,572818.52000000,2502.04,2.28538745,187.69992498,exact_date_with_local_tdx_chinext_calendar,date_validated_by_local_tdx_only,False
2015-08-06,13053.94070462,564499.24000000,2480.93,2.31248154,186.11627907,exact_date_with_local_tdx_chinext_calendar,date_validated_by_local_tdx_only,False
2015-08-07,13142.32636236,559916.22000000,2576.99,2.34719515,193.32258065,exact_date_with_local_tdx_chinext_calendar,date_validated_by_local_tdx_only,False
2015-08-10,13372.05367683,573727.06000000,2706.72,2.33073435,203.05476369,exact_date_with_local_tdx_chinext_calendar,date_validated_by_local_tdx_only,False
2015-08-11,13511.44208736,600350.89000000,2698.91,2.25059083,202.46886722,exact_date_with_local_tdx_chinext_calendar,date_validated_by_local_tdx_only,False
2015-08-12,13556.80791244,600896.31000000,2622.19,2.25609771,196.71342836,exact_date_with_local_tdx_chinext_calendar,date_validated_by_local_tdx_only,False
2015-08-13,13694.69887129,593724.25000000,2684.26,2.30657563,201.36984246,exact_date_with_local_tdx_chinext_calendar,date_validated_by_local_tdx_only,False
2015-08-14,13748.52636619,604705.55000000,2674.02,2.27359024,200.60165041,exact_date_with_local_tdx_chinext_calendar,date_validated_by_local_tdx_only,False
2015-08-17,13892.29860067,606625.36000000,2666.29,2.29009526,200.02175544,exact_date_with_local_tdx_chinext_calendar,date_validated_by_local_tdx_only,False
2015-08-18,13687.23377174,610729.56000000,2504.17,2.24112843,187.85971493,exact_date_with_local_tdx_chinext_calendar,date_validated_by_local_tdx_only,False
2015-08-19,13618.83433592,573282.82000000,2570.69,2.37558738,192.84996249,exact_date_with_local_tdx_chinext_calendar,date_validated_by_local_tdx_only,False
2015-08-20,13538.12446145,581692.18000000,2508.82,2.32736917,188.20855214,exact_date_with_local_tdx_chinext_calendar,date_validated_by_local_tdx_only,False
2015-08-21,13236.54849916,563340.61000000,2341.95,2.34965281,175.69017254,exact_date_with_local_tdx_chinext_calendar,date_validated_by_local_tdx_only,False
2015-08-24,12454.87048036,537475.98000000,2152.61,2.31728876,161.48612153,exact_date_with_local_tdx_chinext_calendar,date_validated_by_local_tdx_only,False
2015-08-25,11601.89160470,493206.44000000,1990.71,2.35233984,149.34058515,exact_date_with_local_tdx_chinext_calendar,date_validated_by_local_tdx_only,False
2015-08-26,11078.23407106,456675.61000000,1890.04,2.42584316,141.78844711,exact_date_with_local_tdx_chinext_calendar,date_validated_by_local_tdx_only,False
2015-08-27,10745.46333065,449245.77000000,1959.49,2.39188971,146.99849962,exact_date_with_local_tdx_chinext_calendar,date_validated_by_local_tdx_only,False
2015-08-28,10722.38066654,470475.77000000,2082.12,2.27905056,156.19804951,exact_date_with_local_tdx_chinext_calendar,date_validated_by_local_tdx_only,False
2015-08-31,10559.60525892,493142.85000000,1996.87,2.14128731,149.80270068,exact_date_with_local_tdx_chinext_calendar,date_validated_by_local_tdx_only,False
2015-09-01,10122.20422123,485845.20000000,1889.49,2.08342168,141.74718680,exact_date_with_local_tdx_chinext_calendar,date_validated_by_local_tdx_only,False
2015-09-02,9591.53956737,476506.82000000,1855.03,2.01288610,139.16204051,exact_date_with_local_tdx_chinext_calendar,date_validated_by_local_tdx_only,False
2015-09-07,9754.16736389,474182.80000000,1893.52,2.05704791,142.04951238,exact_date_with_local_tdx_chinext_calendar,date_validated_by_local_tdx_only,False
2015-09-08,9729.59392874,464937.81000000,2001.16,2.09266567,150.12453113,exact_date_with_local_tdx_chinext_calendar,date_validated_by_local_tdx_only,False
2015-09-09,9872.76958283,479658.22000000,2071.72,2.05829259,155.41785446,exact_date_with_local_tdx_chinext_calendar,date_validated_by_local_tdx_only,False
2015-09-10,9841.94786440,492071.06000000,2039.12,2.00010703,152.97224306,exact_date_with_local_tdx_chinext_calendar,date_validated_by_local_tdx_only,False
2015-09-11,9818.43576265,485348.27000000,2060.5,2.02296709,154.57614404,exact_date_with_local_tdx_chinext_calendar,date_validated_by_local_tdx_only,False
2015-09-14,9533.97764377,486319.49000000,1906.21,1.96043503,143.00150038,exact_date_with_local_tdx_chinext_calendar,date_validated_by_local_tdx_only,False
2015-09-15,9327.21064261,467634.00000000,1797.56,1.99455357,134.85071268,exact_date_with_local_tdx_chinext_calendar,date_validated_by_local_tdx_only,False
2015-09-16,9351.78089174,449724.05000000,1926.25,2.07944870,144.50487622,exact_date_with_local_tdx_chinext_calendar,date_validated_by_local_tdx_only,False
2015-09-17,9383.36277667,473248.91000000,1933.3,1.98275423,145.03375844,exact_date_with_local_tdx_chinext_calendar,date_validated_by_local_tdx_only,False
2015-09-18,9362.14427590,464577.90000000,1983.3,2.01519364,148.78469617,exact_date_with_local_tdx_chinext_calendar,date_validated_by_local_tdx_only,False
2015-09-21,9378.94562685,467552.33000000,2079.06,2.00596704,155.96849212,exact_date_with_local_tdx_chinext_calendar,date_validated_by_local_tdx_only,False
2015-09-22,9384.78691148,478454.28000000,2078.72,1.96148040,155.94298575,exact_date_with_local_tdx_chinext_calendar,date_validated_by_local_tdx_only,False
2015-09-23,9370.18013206,482572.42000000,2077.99,1.94171481,155.88822206,exact_date_with_local_tdx_chinext_calendar,date_validated_by_local_tdx_only,False
2015-09-24,9372.12257284,474321.71000000,2106.59,1.97589998,158.03375844,exact_date_with_local_tdx_chinext_calendar,date_validated_by_local_tdx_only,False
2015-09-25,9247.02279748,478685.30000000,2020.97,1.93175408,151.61065266,exact_date_with_local_tdx_chinext_calendar,date_validated_by_local_tdx_only,False
2015-09-28,9258.08681194,468648.82000000,2122.26,1.97548493,159.20930233,exact_date_with_local_tdx_chinext_calendar,date_validated_by_local_tdx_only,False
2015-09-29,9182.94985443,473153.32000000,2098.57,1.94079793,157.43210803,exact_date_with_local_tdx_chinext_calendar,date_validated_by_local_tdx_only,False
2015-09-30,9040.50976067,464575.79000000,2082.67,1.94597092,156.23930983,exact_date_with_local_tdx_chinext_calendar,date_validated_by_local_tdx_only,False
2015-10-08,9195.35790442,466437.52000000,2190.31,1.97140185,164.31432858,exact_date_with_local_tdx_chinext_calendar,date_validated_by_local_tdx_only,False
2015-10-09,9208.86681161,481770.69000000,2216.66,1.91146265,166.29107277,exact_date_with_local_tdx_chinext_calendar,date_validated_by_local_tdx_only,False
2015-10-12,9450.13731157,488206.74000000,2316.78,1.93568350,173.80195049,exact_date_with_local_tdx_chinext_calendar,date_validated_by_local_tdx_only,False
2015-10-13,9494.58318492,505558.41000000,2342.04,1.87803882,175.69692423,exact_date_with_local_tdx_chinext_calendar,date_validated_by_local_tdx_only,False
2015-10-14,9548.57715836,507771.30000000,2305,1.88048776,172.91822956,exact_date_with_local_tdx_chinext_calendar,date_validated_by_local_tdx_only,False
2015-10-15,9660.86544099,502596.87000000,2404.53,1.92218973,180.38484621,exact_date_with_local_tdx_chinext_calendar,date_validated_by_local_tdx_only,False
2015-10-16,9698.12069281,515232.73000000,2449.03,1.88227962,183.72318080,exact_date_with_local_tdx_chinext_calendar,date_validated_by_local_tdx_only,False
2015-10-19,9821.88830214,522722.02000000,2433.6,1.87898882,182.56564141,exact_date_with_local_tdx_chinext_calendar,date_validated_by_local_tdx_only,False
2015-10-20,9930.94222956,522824.71000000,2511.16,1.89947836,188.38409602,exact_date_with_local_tdx_chinext_calendar,date_validated_by_local_tdx_only,False
2015-10-21,9850.87873967,530142.92000000,2344.74,1.85815530,175.89947487,exact_date_with_local_tdx_chinext_calendar,date_validated_by_local_tdx_only,False
2015-10-22,9983.04645937,509702.02000000,2458.14,1.95860445,184.40660165,exact_date_with_local_tdx_chinext_calendar,date_validated_by_local_tdx_only,False
2015-10-23,10076.31774527,520665.77000000,2538.38,1.93527563,190.42610653,exact_date_with_local_tdx_chinext_calendar,date_validated_by_local_tdx_only,False
2015-10-26,10209.97552835,530232.01000000,2527.48,1.92556755,189.60840210,exact_date_with_local_tdx_chinext_calendar,date_validated_by_local_tdx_only,False
2015-10-27,10276.42464682,533184.88000000,2563.96,1.92736610,192.34508627,exact_date_with_local_tdx_chinext_calendar,date_validated_by_local_tdx_only,False
2015-10-28,10253.67887823,534934.36000000,2485.24,1.91681067,186.43960990,exact_date_with_local_tdx_chinext_calendar,date_validated_by_local_tdx_only,False
2015-10-29,10321.50487946,525464.78000000,2485.28,1.96426198,186.44261065,exact_date_with_local_tdx_chinext_calendar,date_validated_by_local_tdx_only,False
2015-10-30,10302.06852967,528014.39000000,2478.28,1.95109617,185.91747937,exact_date_with_local_tdx_chinext_calendar,date_validated_by_local_tdx_only,False
2015-11-02,10277.24226218,527347.43000000,2432.04,1.94885604,182.44861215,exact_date_with_local_tdx_chinext_calendar,date_validated_by_local_tdx_only,False
2015-11-03,10289.57118718,519795.84000000,2429.27,1.97954089,182.24081020,exact_date_with_local_tdx_chinext_calendar,date_validated_by_local_tdx_only,False
2015-11-04,10494.58303988,518720.84000000,2584.32,2.02316588,193.87246812,exact_date_with_local_tdx_chinext_calendar,date_validated_by_local_tdx_only,False
2015-11-05,10674.87221573,542653.11000000,2564.72,1.96716319,192.40210053,exact_date_with_local_tdx_chinext_calendar,date_validated_by_local_tdx_only,False
2015-11-06,10808.42214310,549590.20000000,2661.41,1.96663298,199.65566392,exact_date_with_local_tdx_chinext_calendar,date_validated_by_local_tdx_only,False
2015-11-09,11140.34137101,561806.72000000,2724.62,1.98294911,204.39759940,exact_date_with_local_tdx_chinext_calendar,date_validated_by_local_tdx_only,False
2015-11-10,11351.37465041,571763.84000000,2746.61,1.98532573,206.04726182,exact_date_with_local_tdx_chinext_calendar,date_validated_by_local_tdx_only,False
2015-11-11,11499.12800029,573291.18000000,2804.68,2.00580933,210.40360090,exact_date_with_local_tdx_chinext_calendar,date_validated_by_local_tdx_only,False
2015-11-12,11632.66716782,578372.89000000,2783.3,2.01127462,208.79969992,exact_date_with_local_tdx_chinext_calendar,date_validated_by_local_tdx_only,False
2015-11-13,11642.04889228,576989.43000000,2710.16,2.01772308,203.31282821,exact_date_with_local_tdx_chinext_calendar,date_validated_by_local_tdx_only,False
2015-11-16,11769.42064271,566767.33000000,2797.16,2.07658770,209.83945986,exact_date_with_local_tdx_chinext_calendar,date_validated_by_local_tdx_only,False
2015-11-17,11945.28202247,573847.93000000,2717.05,2.08161107,203.82970743,exact_date_with_local_tdx_chinext_calendar,date_validated_by_local_tdx_only,False
2015-11-18,11954.77905100,571967.92000000,2661.17,2.09011356,199.63765941,exact_date_with_local_tdx_chinext_calendar,date_validated_by_local_tdx_only,False
2015-11-19,12093.22095413,564917.43000000,2770.75,2.14070594,207.85821455,exact_date_with_local_tdx_chinext_calendar,date_validated_by_local_tdx_only,False
2015-11-20,12189.24378985,576049.93000000,2800.15,2.11600473,210.06376594,exact_date_with_local_tdx_chinext_calendar,date_validated_by_local_tdx_only,False
2015-11-23,12150.91902051,579985.71000000,2770.58,2.09503766,207.84546137,exact_date_with_local_tdx_chinext_calendar,date_validated_by_local_tdx_only,False
2015-11-24,12171.86293908,576284.74000000,2816.05,2.11212654,211.25656414,exact_date_with_local_tdx_chinext_calendar,date_validated_by_local_tdx_only,False
2015-11-25,12191.75741992,579806.67000000,2897.57,2.10272804,217.37209302,exact_date_with_local_tdx_chinext_calendar,date_validated_by_local_tdx_only,False
2015-11-26,12173.40738501,587296.42000000,2833.2,2.07278760,212.54313578,exact_date_with_local_tdx_chinext_calendar,date_validated_by_local_tdx_only,False
2015-11-27,11943.08072187,584545.53000000,2649.55,2.04313952,198.76594149,exact_date_with_local_tdx_chinext_calendar,date_validated_by_local_tdx_only,False
2015-11-30,11932.56611460,551927.42000000,2672.58,2.16198103,200.49362341,exact_date_with_local_tdx_chinext_calendar,date_validated_by_local_tdx_only,False
2015-12-01,11952.41126180,554980.69000000,2655.35,2.15366255,199.20105026,exact_date_with_local_tdx_chinext_calendar,date_validated_by_local_tdx_only,False
2015-12-02,11908.05006632,555473.78000000,2613.26,2.14376457,196.04351088,exact_date_with_local_tdx_chinext_calendar,date_validated_by_local_tdx_only,False
2015-12-03,11849.45353436,563664.89000000,2708.12,2.10221601,203.15978995,exact_date_with_local_tdx_chinext_calendar,date_validated_by_local_tdx_only,False
2015-12-04,11642.07497258,574503.02000000,2692.16,2.02646019,201.96249062,exact_date_with_local_tdx_chinext_calendar,date_validated_by_local_tdx_only,False
2015-12-07,11632.73766585,567523.62000000,2738.15,2.04973630,205.41260315,exact_date_with_local_tdx_chinext_calendar,date_validated_by_local_tdx_only,False
2015-12-08,11555.87090066,571175.68000000,2691.66,2.02317278,201.92498125,exact_date_with_local_tdx_chinext_calendar,date_validated_by_local_tdx_only,False
2015-12-09,11541.25977202,560783.42000000,2667.91,2.05806009,200.14328582,exact_date_with_local_tdx_chinext_calendar,date_validated_by_local_tdx_only,False
2015-12-10,11520.45174888,560838.30000000,2695.51,2.05414854,202.21380345,exact_date_with_local_tdx_chinext_calendar,date_validated_by_local_tdx_only,False
2015-12-11,11511.80614040,559385.28000000,2671.29,2.05793870,200.39684921,exact_date_with_local_tdx_chinext_calendar,date_validated_by_local_tdx_only,False
2015-12-14,11652.93554815,555781.73000000,2709.27,2.09667481,203.24606152,exact_date_with_local_tdx_chinext_calendar,date_validated_by_local_tdx_only,False
2015-12-15,11686.17180685,568766.37000000,2745.7,2.05465239,205.97899475,exact_date_with_local_tdx_chinext_calendar,date_validated_by_local_tdx_only,False
2015-12-16,11716.77040766,570054.54000000,2763.11,2.05537709,207.28507127,exact_date_with_local_tdx_chinext_calendar,date_validated_by_local_tdx_only,False
2015-12-17,11706.28298175,572380.10000000,2835.7,2.04519392,212.73068267,exact_date_with_local_tdx_chinext_calendar,date_validated_by_local_tdx_only,False
2015-12-18,11710.45842209,584694.86000000,2830.26,2.00283246,212.32258065,exact_date_with_local_tdx_chinext_calendar,date_validated_by_local_tdx_only,False
2015-12-21,11806.73211678,584904.36000000,2829.92,2.01857482,212.29707427,exact_date_with_local_tdx_chinext_calendar,date_validated_by_local_tdx_only,False
2015-12-22,11904.75272200,593783.80000000,2839.85,2.00489685,213.04201050,exact_date_with_local_tdx_chinext_calendar,date_validated_by_local_tdx_only,False
2015-12-23,12024.45782119,596914.82000000,2783.94,2.01443446,208.84771193,exact_date_with_local_tdx_chinext_calendar,date_validated_by_local_tdx_only,False
2015-12-24,12080.80901548,594727.24000000,2795.78,2.03131927,209.73593398,exact_date_with_local_tdx_chinext_calendar,date_validated_by_local_tdx_only,False
2015-12-25,12076.78768541,592426.21000000,2794.73,2.03853028,209.65716429,exact_date_with_local_tdx_chinext_calendar,date_validated_by_local_tdx_only,False
2015-12-28,11864.78264616,595449.05000000,2735.49,1.99257731,205.21305326,exact_date_with_local_tdx_chinext_calendar,date_validated_by_local_tdx_only,False
2015-12-29,11867.69981839,581550.74000000,2749.82,2.04069895,206.28807202,exact_date_with_local_tdx_chinext_calendar,date_validated_by_local_tdx_only,False
2015-12-30,11883.29378503,585833.51000000,2779.51,2.02844214,208.51537884,exact_date_with_local_tdx_chinext_calendar,date_validated_by_local_tdx_only,False
2015-12-31,11713.07207674,590784.71000000,2714.05,1.98262952,203.60465116,exact_date_with_local_tdx_chinext_calendar,date_validated_by_local_tdx_only,False
2016-01-04,11588.25813066,584040.48000000,2491.24,1.98415324,186.88972243,exact_date_with_local_tdx_chinext_calendar,date_validated_by_local_tdx_only,False
2016-01-05,11374.62812465,541784.82000000,2416.73,2.09947339,181.30007502,exact_date_with_local_tdx_chinext_calendar,date_validated_by_local_tdx_only,False
2016-01-06,11315.71545354,537356.70000000,2468.37,2.10581081,185.17404351,exact_date_with_local_tdx_chinext_calendar,date_validated_by_local_tdx_only,False
2016-01-07,11200.63870824,550101.29000000,2256.52,2.03610479,169.28132033,exact_date_with_local_tdx_chinext_calendar,date_validated_by_local_tdx_only,False
2016-01-08,10966.04701732,510257.19000000,2248.99,2.14912151,168.71642911,exact_date_with_local_tdx_chinext_calendar,date_validated_by_local_tdx_only,False
2016-01-11,10620.78650357,518483.16000000,2106.36,2.04843423,158.01650413,exact_date_with_local_tdx_chinext_calendar,date_validated_by_local_tdx_only,False
2016-01-12,10427.37451394,488806.58000000,2147.53,2.13323121,161.10502626,exact_date_with_local_tdx_chinext_calendar,date_validated_by_local_tdx_only,False
2016-01-13,10239.75562996,490169.99000000,2059.78,2.08902133,154.52213053,exact_date_with_local_tdx_chinext_calendar,date_validated_by_local_tdx_only,False
2016-01-14,10142.23219697,476712.13000000,2175.01,2.12753810,163.16654164,exact_date_with_local_tdx_chinext_calendar,date_validated_by_local_tdx_only,False
2016-01-15,9974.95959877,489202.33000000,2112.9,2.03902537,158.50712678,exact_date_with_local_tdx_chinext_calendar,date_validated_by_local_tdx_only,False
2016-01-18,9969.18582205,472292.54000000,2174.93,2.11080739,163.16054014,exact_date_with_local_tdx_chinext_calendar,date_validated_by_local_tdx_only,False
2016-01-19,9953.28061254,476889.86000000,2241.7,2.08712356,168.16954239,exact_date_with_local_tdx_chinext_calendar,date_validated_by_local_tdx_only,False
2016-01-20,9915.59565286,492699.70000000,2204.65,2.01250288,165.39009752,exact_date_with_local_tdx_chinext_calendar,date_validated_by_local_tdx_only,False
2016-01-21,9832.53319287,487830.94000000,2112.4,2.01556162,158.46961740,exact_date_with_local_tdx_chinext_calendar,date_validated_by_local_tdx_only,False
2016-01-22,9790.22339492,471205.67000000,2149.59,2.07769643,161.25956489,exact_date_with_local_tdx_chinext_calendar,date_validated_by_local_tdx_only,False
2016-01-25,9752.57521823,477348.64000000,2158.82,2.04307175,161.95198800,exact_date_with_local_tdx_chinext_calendar,date_validated_by_local_tdx_only,False
2016-01-26,9509.95104061,481352.33000000,1994.05,1.97567363,149.59114779,exact_date_with_local_tdx_chinext_calendar,date_validated_by_local_tdx_only,False
2016-01-27,9297.00379013,449610.70000000,1997.47,2.06778971,149.84771193,exact_date_with_local_tdx_chinext_calendar,date_validated_by_local_tdx_only,False
2016-01-28,9133.98265758,446841.73000000,1906.46,2.04412033,143.02025506,exact_date_with_local_tdx_chinext_calendar,date_validated_by_local_tdx_only,False
2016-01-29,9071.07782480,432085.90000000,1994.07,2.09936909,149.59264816,exact_date_with_local_tdx_chinext_calendar,date_validated_by_local_tdx_only,False
2016-02-01,8976.30767277,446251.70000000,1992.7,2.01148985,149.48987247,exact_date_with_local_tdx_chinext_calendar,date_validated_by_local_tdx_only,False
2016-02-02,8981.04587529,439618.89000000,2075.29,2.04291628,155.68567142,exact_date_with_local_tdx_chinext_calendar,date_validated_by_local_tdx_only,False
2016-02-03,8927.67481080,451419.80000000,2090.51,1.97768791,156.82745686,exact_date_with_local_tdx_chinext_calendar,date_validated_by_local_tdx_only,False
2016-02-04,8883.92779493,451147.52000000,2126.64,1.96918467,159.53788447,exact_date_with_local_tdx_chinext_calendar,date_validated_by_local_tdx_only,False
2016-02-05,8699.35109331,458837.78000000,2096.99,1.89595353,157.31357839,exact_date_with_local_tdx_chinext_calendar,date_validated_by_local_tdx_only,False
2016-02-15,8732.53207722,455304.39000000,2116.84,1.91795473,158.80270068,exact_date_with_local_tdx_chinext_calendar,date_validated_by_local_tdx_only,False
2016-02-16,8789.80310751,453493.28000000,2201.93,1.93824330,165.18604651,exact_date_with_local_tdx_chinext_calendar,date_validated_by_local_tdx_only,False
2016-02-17,8803.60095421,469968.61000000,2215.34,1.87323169,166.19204801,exact_date_with_local_tdx_chinext_calendar,date_validated_by_local_tdx_only,False
2016-02-18,8827.21317845,475614.47000000,2190.91,1.85595976,164.35933983,exact_date_with_local_tdx_chinext_calendar,date_validated_by_local_tdx_only,False
2016-02-19,8817.61659394,474691.17000000,2211.01,1.85754805,165.86721680,exact_date_with_local_tdx_chinext_calendar,date_validated_by_local_tdx_only,False
2016-02-22,8851.46820181,475313.81000000,2245.56,1.86223670,168.45911478,exact_date_with_local_tdx_chinext_calendar,date_validated_by_local_tdx_only,False
2016-02-23,8848.68034087,485957.54000000,2218.12,1.82087520,166.40060015,exact_date_with_local_tdx_chinext_calendar,date_validated_by_local_tdx_only,False
2016-02-24,8870.37775039,482371.49000000,2203.74,1.83891004,165.32183046,exact_date_with_local_tdx_chinext_calendar,date_validated_by_local_tdx_only,False
2016-02-25,8734.19096109,484821.12000000,2037.14,1.80152856,152.82370593,exact_date_with_local_tdx_chinext_calendar,date_validated_by_local_tdx_only,False
2016-02-26,8675.63437668,452686.38000000,2014.92,1.91647789,151.15678920,exact_date_with_local_tdx_chinext_calendar,date_validated_by_local_tdx_only,False
2016-02-29,8508.72121670,455216.55000000,1880.15,1.86915902,141.04651163,exact_date_with_local_tdx_chinext_calendar,date_validated_by_local_tdx_only,False
2016-03-01,8483.16978338,438223.67000000,1934.92,1.93580821,145.15528882,exact_date_with_local_tdx_chinext_calendar,date_validated_by_local_tdx_only,False
2016-03-02,8523.77326873,446588.95000000,2017.6,1.90863954,151.35783946,exact_date_with_local_tdx_chinext_calendar,date_validated_by_local_tdx_only,False
2016-03-03,8542.59201492,466125.32000000,2007.08,1.83268139,150.56864216,exact_date_with_local_tdx_chinext_calendar,date_validated_by_local_tdx_only,False
2016-03-04,8412.03549644,466929.18000000,1907.04,1.80156560,143.06376594,exact_date_with_local_tdx_chinext_calendar,date_validated_by_local_tdx_only,False
2016-03-07,8457.35308453,463923.49000000,1953.33,1.82300601,146.53638410,exact_date_with_local_tdx_chinext_calendar,date_validated_by_local_tdx_only,False
2016-03-08,8438.40596355,469424.02000000,2002.19,1.79760847,150.20180045,exact_date_with_local_tdx_chinext_calendar,date_validated_by_local_tdx_only,False
2016-03-09,8393.40386924,470792.33000000,1970.81,1.78282511,147.84771193,exact_date_with_local_tdx_chinext_calendar,date_validated_by_local_tdx_only,False
2016-03-10,8367.53875139,463499.91000000,1936.97,1.80529458,145.30907727,exact_date_with_local_tdx_chinext_calendar,date_validated_by_local_tdx_only,False
2016-03-11,8334.58325239,455402.16000000,1934.87,1.83015892,145.15153788,exact_date_with_local_tdx_chinext_calendar,date_validated_by_local_tdx_only,False
2016-03-14,8406.25196955,455786.32000000,2023.13,1.84434056,151.77269317,exact_date_with_local_tdx_chinext_calendar,date_validated_by_local_tdx_only,False
2016-03-15,8352.62489827,466658.22000000,1996.92,1.78988059,149.80645161,exact_date_with_local_tdx_chinext_calendar,date_validated_by_local_tdx_only,False
2016-03-16,8267.85334357,465688.47000000,1977.54,1.77540435,148.35258815,exact_date_with_local_tdx_chinext_calendar,date_validated_by_local_tdx_only,False
2016-03-17,8373.88087807,464961.24000000,2087.29,1.80098472,156.58589647,exact_date_with_local_tdx_chinext_calendar,date_validated_by_local_tdx_only,False
2016-03-18,8451.83295230,474536.74000000,2177.87,1.78107030,163.38109527,exact_date_with_local_tdx_chinext_calendar,date_validated_by_local_tdx_only,False
2016-03-21,8632.62238915,485972.36000000,2227.03,1.77636078,167.06901725,exact_date_with_local_tdx_chinext_calendar,date_validated_by_local_tdx_only,False
2016-03-22,8680.12183634,497183.69000000,2221.7,1.74585812,166.66916729,exact_date_with_local_tdx_chinext_calendar,date_validated_by_local_tdx_only,False
2016-03-23,8733.51186892,494702.96000000,2259.11,1.76540522,169.47561890,exact_date_with_local_tdx_chinext_calendar,date_validated_by_local_tdx_only,False
2016-03-24,8728.88702214,497930.84000000,2219.77,1.75303201,166.52438110,exact_date_with_local_tdx_chinext_calendar,date_validated_by_local_tdx_only,False
2016-03-25,8737.38378899,490512.78000000,2216.09,1.78127546,166.24831208,exact_date_with_local_tdx_chinext_calendar,date_validated_by_local_tdx_only,False
2016-03-28,8748.53140436,493582.45000000,2199.69,1.77245593,165.01800450,exact_date_with_local_tdx_chinext_calendar,date_validated_by_local_tdx_only,False
2016-03-29,8735.10448142,490473.84000000,2152.55,1.78095217,161.48162041,exact_date_with_local_tdx_chinext_calendar,date_validated_by_local_tdx_only,False
2016-03-30,8778.39705982,483480.45000000,2248.78,1.81566743,168.70067517,exact_date_with_local_tdx_chinext_calendar,date_validated_by_local_tdx_only,False
2016-03-31,8786.25903323,498392.45000000,2238.29,1.76291977,167.91372843,exact_date_with_local_tdx_chinext_calendar,date_validated_by_local_tdx_only,False
2016-04-01,8718.33902390,499189.88000000,2205.37,1.74649755,165.44411103,exact_date_with_local_tdx_chinext_calendar,date_validated_by_local_tdx_only,False
2016-04-05,8842.61192764,498827.67000000,2279.52,1.77267871,171.00675169,exact_date_with_local_tdx_chinext_calendar,date_validated_by_local_tdx_only,False
2016-04-06,8872.50102617,508126.15000000,2297.04,1.74612171,172.32108027,exact_date_with_local_tdx_chinext_calendar,date_validated_by_local_tdx_only,False
2016-04-07,8866.30850354,508976.69000000,2248.68,1.74198714,168.69317329,exact_date_with_local_tdx_chinext_calendar,date_validated_by_local_tdx_only,False
2016-04-08,8822.64152700,501741.95000000,2229.93,1.75840221,167.28657164,exact_date_with_local_tdx_chinext_calendar,date_validated_by_local_tdx_only,False
2016-04-11,8874.76909561,498012.14000000,2283.14,1.78203871,171.27831958,exact_date_with_local_tdx_chinext_calendar,date_validated_by_local_tdx_only,False
2016-04-12,8838.15152226,507312.15000000,2264.02,1.74215254,169.84396099,exact_date_with_local_tdx_chinext_calendar,date_validated_by_local_tdx_only,False
2016-04-13,8922.86879869,504617.46000000,2294.02,1.76824417,172.09452363,exact_date_with_local_tdx_chinext_calendar,date_validated_by_local_tdx_only,False
2016-04-14,8951.40490877,512401.50000000,2324.39,1.74695135,174.37284321,exact_date_with_local_tdx_chinext_calendar,date_validated_by_local_tdx_only,False
2016-04-15,8914.78164324,515963.86000000,2309.68,1.72779187,173.26931733,exact_date_with_local_tdx_chinext_calendar,date_validated_by_local_tdx_only,False
2016-04-18,8899.88746307,515214.39000000,2265.59,1.72741438,169.96174044,exact_date_with_local_tdx_chinext_calendar,date_validated_by_local_tdx_only,False
2016-04-19,8908.01986970,508383.16000000,2272.52,1.75222560,170.48162041,exact_date_with_local_tdx_chinext_calendar,date_validated_by_local_tdx_only,False
2016-04-20,8777.13504960,510091.80000000,2145.24,1.72069715,160.93323331,exact_date_with_local_tdx_chinext_calendar,date_validated_by_local_tdx_only,False
2016-04-21,8739.83700624,494586.77000000,2110.16,1.76709883,158.30157539,exact_date_with_local_tdx_chinext_calendar,date_validated_by_local_tdx_only,False
2016-04-22,8698.07236543,490412.57000000,2136.92,1.77362345,160.30907727,exact_date_with_local_tdx_chinext_calendar,date_validated_by_local_tdx_only,False
2016-04-25,8682.08414194,493280.74000000,2126.83,1.76006956,159.55213803,exact_date_with_local_tdx_chinext_calendar,date_validated_by_local_tdx_only,False
2016-04-26,8672.32225639,491400.60000000,2155.7,1.76481719,161.71792948,exact_date_with_local_tdx_chinext_calendar,date_validated_by_local_tdx_only,False
2016-04-27,8650.22436388,495458.21000000,2146.61,1.74590393,161.03600900,exact_date_with_local_tdx_chinext_calendar,date_validated_by_local_tdx_only,False
2016-04-28,8643.92728462,493821.62000000,2155.23,1.75041491,161.68267067,exact_date_with_local_tdx_chinext_calendar,date_validated_by_local_tdx_only,False
2016-04-29,8570.36701582,492961.32000000,2138.74,1.73854756,160.44561140,exact_date_with_local_tdx_chinext_calendar,date_validated_by_local_tdx_only,False
2016-05-03,8656.69937806,492255.05000000,2217.23,1.75858011,166.33383346,exact_date_with_local_tdx_chinext_calendar,date_validated_by_local_tdx_only,False
2016-05-04,8666.91373937,503220.41000000,2211.02,1.72228979,165.86796699,exact_date_with_local_tdx_chinext_calendar,date_validated_by_local_tdx_only,False
2016-05-05,8693.23224132,503178.75000000,2224.1,1.72766283,166.84921230,exact_date_with_local_tdx_chinext_calendar,date_validated_by_local_tdx_only,False
2016-05-06,8579.44816018,505851.98000000,2129.19,1.69603926,159.72918230,exact_date_with_local_tdx_chinext_calendar,date_validated_by_local_tdx_only,False
2016-05-09,8521.16232618,490305.97000000,2053.6,1.73792751,154.05851463,exact_date_with_local_tdx_chinext_calendar,date_validated_by_local_tdx_only,False
2016-05-10,8461.41608892,475578.47000000,2054.22,1.77918401,154.10502626,exact_date_with_local_tdx_chinext_calendar,date_validated_by_local_tdx_only,False
2016-05-11,8412.04208408,475627.40000000,2034.93,1.76862016,152.65791448,exact_date_with_local_tdx_chinext_calendar,date_validated_by_local_tdx_only,False
2016-05-12,8380.38671922,475411.65000000,2034.57,1.76276427,152.63090773,exact_date_with_local_tdx_chinext_calendar,date_validated_by_local_tdx_only,False
2016-05-13,8328.92147862,475317.36000000,2025.22,1.75228640,151.92948237,exact_date_with_local_tdx_chinext_calendar,date_validated_by_local_tdx_only,False
2016-05-16,8343.41424567,473965.16000000,2057.86,1.76034336,154.37809452,exact_date_with_local_tdx_chinext_calendar,date_validated_by_local_tdx_only,False
2016-05-17,8329.78827792,479478.92000000,2081.44,1.73725850,156.14703676,exact_date_with_local_tdx_chinext_calendar,date_validated_by_local_tdx_only,False
2016-05-18,8260.14213850,479252.64000000,2020.48,1.72354651,151.57389347,exact_date_with_local_tdx_chinext_calendar,date_validated_by_local_tdx_only,False
2016-05-19,8267.25385643,471178.93000000,2037.4,1.75458904,152.84321080,exact_date_with_local_tdx_chinext_calendar,date_validated_by_local_tdx_only,False
2016-05-20,8245.96987773,472168.99000000,2065.3,1.74640225,154.93623406,exact_date_with_local_tdx_chinext_calendar,date_validated_by_local_tdx_only,False
2016-05-23,8246.08339163,476123.02000000,2098.23,1.73192285,157.40660165,exact_date_with_local_tdx_chinext_calendar,date_validated_by_local_tdx_only,False
2016-05-24,8247.32360367,480618.99000000,2075.51,1.71597955,155.70217554,exact_date_with_local_tdx_chinext_calendar,date_validated_by_local_tdx_only,False
2016-05-25,8233.23378822,476825.61000000,2067.25,1.72667609,155.08252063,exact_date_with_local_tdx_chinext_calendar,date_validated_by_local_tdx_only,False
2016-05-26,8233.35627306,475902.87000000,2086.01,1.73004972,156.48987247,exact_date_with_local_tdx_chinext_calendar,date_validated_by_local_tdx_only,False
2016-05-27,8202.32377144,477642.88000000,2069.89,1.71725030,155.28057014,exact_date_with_local_tdx_chinext_calendar,date_validated_by_local_tdx_only,False
2016-05-30,8186.34395989,477371.06000000,2058.52,1.71488065,154.42760690,exact_date_with_local_tdx_chinext_calendar,date_validated_by_local_tdx_only,False
2016-05-31,8269.82165730,477068.08000000,2159.8,1.73346782,162.02550638,exact_date_with_local_tdx_chinext_calendar,date_validated_by_local_tdx_only,False
2016-06-01,8298.98835985,494142.29000000,2168.82,1.67947341,162.70217554,exact_date_with_local_tdx_chinext_calendar,date_validated_by_local_tdx_only,False
2016-06-02,8353.01751015,495224.26000000,2188.56,1.68671412,164.18304576,exact_date_with_local_tdx_chinext_calendar,date_validated_by_local_tdx_only,False
2016-06-03,8337.43035585,498259.71000000,2204.97,1.67331016,165.41410353,exact_date_with_local_tdx_chinext_calendar,date_validated_by_local_tdx_only,False
2016-06-06,8367.14458884,500735.81000000,2199.3,1.67096989,164.98874719,exact_date_with_local_tdx_chinext_calendar,date_validated_by_local_tdx_only,False
2016-06-07,8382.77525828,501196.90000000,2196.73,1.67255130,164.79594899,exact_date_with_local_tdx_chinext_calendar,date_validated_by_local_tdx_only,False
2016-06-08,8346.20992684,502076.04000000,2186.54,1.66233982,164.03150788,exact_date_with_local_tdx_chinext_calendar,date_validated_by_local_tdx_only,False
2016-06-13,8309.78936655,500572.89000000,2054.71,1.66005581,154.14178545,exact_date_with_local_tdx_chinext_calendar,date_validated_by_local_tdx_only,False
2016-06-14,8287.39370749,481950.41000000,2058.31,1.71955320,154.41185296,exact_date_with_local_tdx_chinext_calendar,date_validated_by_local_tdx_only,False
2016-06-15,8367.38037976,483569.38000000,2128.8,1.73033710,159.69992498,exact_date_with_local_tdx_chinext_calendar,date_validated_by_local_tdx_only,False
2016-06-16,8362.60564124,493901.60000000,2101.42,1.69317241,157.64591148,exact_date_with_local_tdx_chinext_calendar,date_validated_by_local_tdx_only,False
2016-06-17,8340.83578592,492018.19000000,2122.89,1.69522915,159.25656414,exact_date_with_local_tdx_chinext_calendar,date_validated_by_local_tdx_only,False
2016-06-20,8359.66823429,494975.40000000,2119.63,1.68890580,159.01200300,exact_date_with_local_tdx_chinext_calendar,date_validated_by_local_tdx_only,False
2016-06-21,8345.26601880,496388.51000000,2092,1.68119645,156.93923481,exact_date_with_local_tdx_chinext_calendar,date_validated_by_local_tdx_only,False
2016-06-22,8373.99134434,493481.39000000,2144.82,1.69692141,160.90172543,exact_date_with_local_tdx_chinext_calendar,date_validated_by_local_tdx_only,False
2016-06-23,8368.91422431,499590.20000000,2137.49,1.67515580,160.35183796,exact_date_with_local_tdx_chinext_calendar,date_validated_by_local_tdx_only,False
2016-06-24,8350.30619583,497947.79000000,2127.36,1.67694412,159.59189797,exact_date_with_local_tdx_chinext_calendar,date_validated_by_local_tdx_only,False
2016-06-27,8423.16912113,492524.78000000,2191.81,1.71020210,164.42685671,exact_date_with_local_tdx_chinext_calendar,date_validated_by_local_tdx_only,False
2016-06-28,8459.10663061,501623.07000000,2216.71,1.68634721,166.29482371,exact_date_with_local_tdx_chinext_calendar,date_validated_by_local_tdx_only,False
2016-06-29,8498.37554358,505756.95000000,2209.79,1.68032798,165.77569392,exact_date_with_local_tdx_chinext_calendar,date_validated_by_local_tdx_only,False
2016-06-30,8508.93091485,508106.28000000,2227.79,1.67463605,167.12603151,exact_date_with_local_tdx_chinext_calendar,date_validated_by_local_tdx_only,False
2016-07-01,8483.73855072,507551.95000000,2211.18,1.67150152,165.87996999,exact_date_with_local_tdx_chinext_calendar,date_validated_by_local_tdx_only,False
2016-07-04,8569.23184386,507540.07000000,2248.71,1.68838528,168.69542386,exact_date_with_local_tdx_chinext_calendar,date_validated_by_local_tdx_only,False
2016-07-05,8602.25710368,516378.89000000,2246.02,1.66588086,168.49362341,exact_date_with_local_tdx_chinext_calendar,date_validated_by_local_tdx_only,False
2016-07-06,8633.68284980,518587.18000000,2241.56,1.66484695,168.15903976,exact_date_with_local_tdx_chinext_calendar,date_validated_by_local_tdx_only,False
2016-07-07,8669.81172282,520735.03000000,2233.92,1.66491809,167.58589647,exact_date_with_local_tdx_chinext_calendar,date_validated_by_local_tdx_only,False
2016-07-08,8632.34723556,520849.77000000,2239,1.65735837,167.96699175,exact_date_with_local_tdx_chinext_calendar,date_validated_by_local_tdx_only,False
2016-07-11,8651.82178829,517605.01000000,2218.59,1.67151044,166.43585896,exact_date_with_local_tdx_chinext_calendar,date_validated_by_local_tdx_only,False
2016-07-12,8700.53641481,517269.68000000,2247.35,1.68201168,168.59339835,exact_date_with_local_tdx_chinext_calendar,date_validated_by_local_tdx_only,False
2016-07-13,8722.39434827,525649.10000000,2285.37,1.65935685,171.44561140,exact_date_with_local_tdx_chinext_calendar,date_validated_by_local_tdx_only,False
2016-07-14,8737.70395687,528769.15000000,2293.08,1.65246099,172.02400600,exact_date_with_local_tdx_chinext_calendar,date_validated_by_local_tdx_only,False
2016-07-15,8721.07148050,528429.11000000,2263.78,1.65037681,169.82595649,exact_date_with_local_tdx_chinext_calendar,date_validated_by_local_tdx_only,False
2016-07-18,8763.55161189,528075.40000000,2249.87,1.65952658,168.78244561,exact_date_with_local_tdx_chinext_calendar,date_validated_by_local_tdx_only,False
2016-07-19,8812.01551325,526361.62000000,2273.72,1.67413717,170.57164291,exact_date_with_local_tdx_chinext_calendar,date_validated_by_local_tdx_only,False
2016-07-20,8821.96877082,526422.94000000,2268.53,1.67583289,170.18229557,exact_date_with_local_tdx_chinext_calendar,date_validated_by_local_tdx_only,False
2016-07-21,8829.63148535,525795.92000000,2265.13,1.67928870,169.92723181,exact_date_with_local_tdx_chinext_calendar,date_validated_by_local_tdx_only,False
2016-07-22,8802.74860125,527210.40000000,2250,1.66968417,168.79219805,exact_date_with_local_tdx_chinext_calendar,date_validated_by_local_tdx_only,False
2016-07-25,8823.15310232,522608.07000000,2245.89,1.68829255,168.48387097,exact_date_with_local_tdx_chinext_calendar,date_validated_by_local_tdx_only,False
2016-07-26,8841.51385651,523316.65000000,2279.55,1.68951511,171.00900225,exact_date_with_local_tdx_chinext_calendar,date_validated_by_local_tdx_only,False
2016-07-27,8725.99952763,529484.27000000,2155.39,1.64801865,161.69467367,exact_date_with_local_tdx_chinext_calendar,date_validated_by_local_tdx_only,False
2016-07-28,8687.65727064,514563.00000000,2139.74,1.68835639,160.52063016,exact_date_with_local_tdx_chinext_calendar,date_validated_by_local_tdx_only,False
2016-07-29,8637.29060093,514452.38000000,2122.41,1.67892908,159.22055514,exact_date_with_local_tdx_chinext_calendar,date_validated_by_local_tdx_only,False
2016-08-01,8601.18366874,512053.74000000,2099.18,1.67974238,157.47786947,exact_date_with_local_tdx_chinext_calendar,date_validated_by_local_tdx_only,False
2016-08-02,8592.85374791,506684.07000000,2113.21,1.69589972,158.53038260,exact_date_with_local_tdx_chinext_calendar,date_validated_by_local_tdx_only,False
2016-08-03,8592.86577775,511098.88000000,2108.31,1.68125310,158.16279070,exact_date_with_local_tdx_chinext_calendar,date_validated_by_local_tdx_only,False
2016-08-04,8609.63939972,512714.48000000,2129.65,1.67922689,159.76369092,exact_date_with_local_tdx_chinext_calendar,date_validated_by_local_tdx_only,False
2016-08-05,8579.67925431,514660.35000000,2109.06,1.66705658,158.21905476,exact_date_with_local_tdx_chinext_calendar,date_validated_by_local_tdx_only,False
2016-08-08,8611.00690928,513707.06000000,2130.59,1.67624850,159.83420855,exact_date_with_local_tdx_chinext_calendar,date_validated_by_local_tdx_only,False
2016-08-09,8640.80719756,518768.28000000,2154.51,1.66563908,161.62865716,exact_date_with_local_tdx_chinext_calendar,date_validated_by_local_tdx_only,False
2016-08-10,8676.08857029,523568.41000000,2137,1.65710696,160.31507877,exact_date_with_local_tdx_chinext_calendar,date_validated_by_local_tdx_only,False
2016-08-11,8681.04626118,522517.74000000,2103.4,1.66138785,157.79444861,exact_date_with_local_tdx_chinext_calendar,date_validated_by_local_tdx_only,False
2016-08-12,8655.78198507,518720.95000000,2123.84,1.66867793,159.32783196,exact_date_with_local_tdx_chinext_calendar,date_validated_by_local_tdx_only,False
2016-08-15,8765.46087510,526619.89000000,2193.21,1.66447585,164.53188297,exact_date_with_local_tdx_chinext_calendar,date_validated_by_local_tdx_only,False
2016-08-16,8865.09313514,539979.11000000,2201.1,1.64174743,165.12378095,exact_date_with_local_tdx_chinext_calendar,date_validated_by_local_tdx_only,False
2016-08-17,8898.28434642,539895.76000000,2208.2,1.64814859,165.65641410,exact_date_with_local_tdx_chinext_calendar,date_validated_by_local_tdx_only,False
2016-08-18,8942.23871036,540662.48000000,2201.59,1.65394105,165.16054014,exact_date_with_local_tdx_chinext_calendar,date_validated_by_local_tdx_only,False
2016-08-19,8940.45395969,540332.03000000,2204.56,1.65462224,165.38334584,exact_date_with_local_tdx_chinext_calendar,date_validated_by_local_tdx_only,False
2016-08-22,8956.31889950,541356.64000000,2167.4,1.65442118,162.59564891,exact_date_with_local_tdx_chinext_calendar,date_validated_by_local_tdx_only,False
2016-08-23,8961.81482661,536656.14000000,2174.16,1.66993614,163.10277569,exact_date_with_local_tdx_chinext_calendar,date_validated_by_local_tdx_only,False
2016-08-24,8975.06824128,538275.75000000,2192.17,1.66737369,164.45386347,exact_date_with_local_tdx_chinext_calendar,date_validated_by_local_tdx_only,False
2016-08-25,8976.92322714,538511.15000000,2180.66,1.66698930,163.59039760,exact_date_with_local_tdx_chinext_calendar,date_validated_by_local_tdx_only,False
2016-08-26,8955.87406317,535894.58000000,2189.75,1.67120072,164.27231808,exact_date_with_local_tdx_chinext_calendar,date_validated_by_local_tdx_only,False
2016-08-29,8978.07631426,536428.43000000,2193.2,1.67367645,164.53113278,exact_date_with_local_tdx_chinext_calendar,date_validated_by_local_tdx_only,False
2016-08-30,8977.81021415,536885.55000000,2195.53,1.67220187,164.70592648,exact_date_with_local_tdx_chinext_calendar,date_validated_by_local_tdx_only,False
2016-08-31,8997.15256856,537671.85000000,2191.76,1.67335384,164.42310578,exact_date_with_local_tdx_chinext_calendar,date_validated_by_local_tdx_only,False
2016-09-01,8991.06507086,539348.67000000,2181.33,1.66702276,163.64066017,exact_date_with_local_tdx_chinext_calendar,date_validated_by_local_tdx_only,False
2016-09-02,8955.67050951,535886.55000000,2170.86,1.67118777,162.85521380,exact_date_with_local_tdx_chinext_calendar,date_validated_by_local_tdx_only,False
2016-09-05,8961.21870784,535583.75000000,2182.69,1.67316852,163.74268567,exact_date_with_local_tdx_chinext_calendar,date_validated_by_local_tdx_only,False
2016-09-06,9023.85632754,537289.50000000,2222.84,1.67951474,166.75468867,exact_date_with_local_tdx_chinext_calendar,date_validated_by_local_tdx_only,False
2016-09-07,9024.22932815,542277.68000000,2212.05,1.66413438,165.94523631,exact_date_with_local_tdx_chinext_calendar,date_validated_by_local_tdx_only,False
2016-09-08,9038.58403468,542134.40000000,2223.47,1.66722201,166.80195049,exact_date_with_local_tdx_chinext_calendar,date_validated_by_local_tdx_only,False
2016-09-09,9004.11947710,543259.15000000,2202.97,1.65742620,165.26406602,exact_date_with_local_tdx_chinext_calendar,date_validated_by_local_tdx_only,False
2016-09-12,8971.36886101,540444.16000000,2145.56,1.65999922,160.95723931,exact_date_with_local_tdx_chinext_calendar,date_validated_by_local_tdx_only,False
2016-09-13,8960.26302834,528534.96000000,2145.87,1.69530186,160.98049512,exact_date_with_local_tdx_chinext_calendar,date_validated_by_local_tdx_only,False
2016-09-14,8896.44175404,530057.92000000,2144.56,1.67839050,160.88222056,exact_date_with_local_tdx_chinext_calendar,date_validated_by_local_tdx_only,False
2016-09-19,8920.35518129,527069.30000000,2165.21,1.69244446,162.43135784,exact_date_with_local_tdx_chinext_calendar,date_validated_by_local_tdx_only,False
2016-09-20,8928.72537022,532121.51000000,2158.43,1.67794859,161.92273068,exact_date_with_local_tdx_chinext_calendar,date_validated_by_local_tdx_only,False
2016-09-21,8936.95876443,531800.86000000,2162.13,1.68050852,162.20030008,exact_date_with_local_tdx_chinext_calendar,date_validated_by_local_tdx_only,False
2016-09-22,8921.86904389,532834.13000000,2168.42,1.67441771,162.67216804,exact_date_with_local_tdx_chinext_calendar,date_validated_by_local_tdx_only,False
2016-09-23,8880.26487142,536086.03000000,2156.51,1.65649996,161.77869467,exact_date_with_local_tdx_chinext_calendar,date_validated_by_local_tdx_only,False
2016-09-26,8872.26981100,534422.48000000,2122.9,1.66016029,159.25731433,exact_date_with_local_tdx_chinext_calendar,date_validated_by_local_tdx_only,False
2016-09-27,8864.71979878,525903.47000000,2140.8,1.68561729,160.60015004,exact_date_with_local_tdx_chinext_calendar,date_validated_by_local_tdx_only,False
2016-09-28,8849.72819562,529307.74000000,2139.63,1.67194385,160.51237809,exact_date_with_local_tdx_chinext_calendar,date_validated_by_local_tdx_only,False
2016-09-29,8823.69047015,528094.59000000,2146.18,1.67085417,161.00375094,exact_date_with_local_tdx_chinext_calendar,date_validated_by_local_tdx_only,False
2016-09-30,8686.65604391,530126.18000000,2149.9,1.63860160,161.28282071,exact_date_with_local_tdx_chinext_calendar,date_validated_by_local_tdx_only,False
2016-10-10,8784.11187506,532315.95000000,2208.47,1.65016883,165.67666917,exact_date_with_local_tdx_chinext_calendar,date_validated_by_local_tdx_only,False
2016-10-11,8828.96701941,541250.24000000,2210.86,1.63121720,165.85596399,exact_date_with_local_tdx_chinext_calendar,date_validated_by_local_tdx_only,False
2016-10-12,8874.18136148,544216.48000000,2209.69,1.63063444,165.76819205,exact_date_with_local_tdx_chinext_calendar,date_validated_by_local_tdx_only,False
2016-10-13,8904.02703607,544315.41000000,2208.57,1.63582123,165.68417104,exact_date_with_local_tdx_chinext_calendar,date_validated_by_local_tdx_only,False
2016-10-14,8896.77824796,544993.25000000,2194.23,1.63245659,164.60840210,exact_date_with_local_tdx_chinext_calendar,date_validated_by_local_tdx_only,False
2016-10-17,8917.94547903,545268.19000000,2167.86,1.63551545,162.63015754,exact_date_with_local_tdx_chinext_calendar,date_validated_by_local_tdx_only,False
2016-10-18,8974.69423133,541338.59000000,2198.14,1.65787077,164.90172543,exact_date_with_local_tdx_chinext_calendar,date_validated_by_local_tdx_only,False
2016-10-19,8991.30449973,549054.61000000,2184.91,1.63759749,163.90922731,exact_date_with_local_tdx_chinext_calendar,date_validated_by_local_tdx_only,False
2016-10-20,9006.47256575,549005.46000000,2193.26,1.64050692,164.53563391,exact_date_with_local_tdx_chinext_calendar,date_validated_by_local_tdx_only,False
2016-10-21,8983.15775844,549838.07000000,2181,1.63378243,163.61590398,exact_date_with_local_tdx_chinext_calendar,date_validated_by_local_tdx_only,False
2016-10-24,9046.45258450,550094.20000000,2200.8,1.64452790,165.10127532,exact_date_with_local_tdx_chinext_calendar,date_validated_by_local_tdx_only,False
2016-10-25,9084.12990701,556173.03000000,2200.21,1.63332801,165.05701425,exact_date_with_local_tdx_chinext_calendar,date_validated_by_local_tdx_only,False
2016-10-26,9105.60799675,557533.08000000,2184.49,1.63319601,163.87771943,exact_date_with_local_tdx_chinext_calendar,date_validated_by_local_tdx_only,False
2016-10-27,9123.08239868,554979.23000000,2182.48,1.64386015,163.72693173,exact_date_with_local_tdx_chinext_calendar,date_validated_by_local_tdx_only,False
2016-10-28,9058.20865514,554945.57000000,2165.43,1.63226975,162.44786197,exact_date_with_local_tdx_chinext_calendar,date_validated_by_local_tdx_only,False
2016-10-31,9077.00177775,552816.37000000,2159.76,1.64195604,162.02250563,exact_date_with_local_tdx_chinext_calendar,date_validated_by_local_tdx_only,False
2016-11-01,9107.36870331,552353.57000000,2176.45,1.64882952,163.27456864,exact_date_with_local_tdx_chinext_calendar,date_validated_by_local_tdx_only,False
2016-11-02,9101.41113093,557318.85000000,2146.4,1.63307075,161.02025506,exact_date_with_local_tdx_chinext_calendar,date_validated_by_local_tdx_only,False
2016-11-03,9169.31382616,553899.57000000,2153.18,1.65541089,161.52888222,exact_date_with_local_tdx_chinext_calendar,date_validated_by_local_tdx_only,False
2016-11-04,9151.11778040,557931.56000000,2145.23,1.64018644,160.93248312,exact_date_with_local_tdx_chinext_calendar,date_validated_by_local_tdx_only,False
2016-11-07,9177.17888180,557090.61000000,2130.3,1.64734044,159.81245311,exact_date_with_local_tdx_chinext_calendar,date_validated_by_local_tdx_only,False
2016-11-08,9190.68654802,558080.64000000,2150.3,1.64683845,161.31282821,exact_date_with_local_tdx_chinext_calendar,date_validated_by_local_tdx_only,False
2016-11-09,9228.02938079,561244.25000000,2123.84,1.64420916,159.32783196,exact_date_with_local_tdx_chinext_calendar,date_validated_by_local_tdx_only,False
2016-11-10,9285.51524029,558090.24000000,2143.32,1.66380176,160.78919730,exact_date_with_local_tdx_chinext_calendar,date_validated_by_local_tdx_only,False
2016-11-11,9285.87131255,565944.50000000,2147.11,1.64077419,161.07351838,exact_date_with_local_tdx_chinext_calendar,date_validated_by_local_tdx_only,False
2016-11-14,9367.92762257,569880.39000000,2161.69,1.64384102,162.16729182,exact_date_with_local_tdx_chinext_calendar,date_validated_by_local_tdx_only,False
2016-11-15,9415.37604912,572371.09000000,2179.3,1.64497757,163.48837209,exact_date_with_local_tdx_chinext_calendar,date_validated_by_local_tdx_only,False
2016-11-16,9454.66942381,573244.70000000,2182.47,1.64932522,163.72618155,exact_date_with_local_tdx_chinext_calendar,date_validated_by_local_tdx_only,False
2016-11-17,9459.32287533,574756.07000000,2163.04,1.64579782,162.26856714,exact_date_with_local_tdx_chinext_calendar,date_validated_by_local_tdx_only,False
2016-11-18,9439.05561211,574617.33000000,2157.96,1.64266811,161.88747187,exact_date_with_local_tdx_chinext_calendar,date_validated_by_local_tdx_only,False
2016-11-21,9500.33537349,573307.85000000,2152.6,1.65710889,161.48537134,exact_date_with_local_tdx_chinext_calendar,date_validated_by_local_tdx_only,False
2016-11-22,9564.13063414,577053.16000000,2177.65,1.65740894,163.36459115,exact_date_with_local_tdx_chinext_calendar,date_validated_by_local_tdx_only,False
2016-11-23,9561.28924462,582673.41000000,2165.71,1.64093454,162.46886722,exact_date_with_local_tdx_chinext_calendar,date_validated_by_local_tdx_only,False
2016-11-24,9566.32365276,581314.20000000,2146.63,1.64563736,161.03750938,exact_date_with_local_tdx_chinext_calendar,date_validated_by_local_tdx_only,False
2016-11-25,9558.37081234,580633.96000000,2167.53,1.64619562,162.60540135,exact_date_with_local_tdx_chinext_calendar,date_validated_by_local_tdx_only,False
2016-11-28,9637.55055063,584268.72000000,2166.04,1.64950651,162.49362341,exact_date_with_local_tdx_chinext_calendar,date_validated_by_local_tdx_only,False
2016-11-29,9668.07403696,585792.35000000,2160.35,1.65042682,162.06676669,exact_date_with_local_tdx_chinext_calendar,date_validated_by_local_tdx_only,False
2016-11-30,9721.85621453,584897.63000000,2183.05,1.66214662,163.76969242,exact_date_with_local_tdx_chinext_calendar,date_validated_by_local_tdx_only,False
2016-12-01,9695.84399776,580926.34000000,2181.93,1.66903157,163.68567142,exact_date_with_local_tdx_chinext_calendar,date_validated_by_local_tdx_only,False
2016-12-02,9651.21372443,584971.52000000,2143.45,1.64986045,160.79894974,exact_date_with_local_tdx_chinext_calendar,date_validated_by_local_tdx_only,False
2016-12-05,9636.19566285,578487.69000000,2143.88,1.66575639,160.83120780,exact_date_with_local_tdx_chinext_calendar,date_validated_by_local_tdx_only,False
2016-12-06,9636.71388233,572894.72000000,2122.26,1.68210904,159.20930233,exact_date_with_local_tdx_chinext_calendar,date_validated_by_local_tdx_only,False
2016-12-07,9652.10684521,573056.50000000,2134.99,1.68432028,160.16429107,exact_date_with_local_tdx_chinext_calendar,date_validated_by_local_tdx_only,False
2016-12-08,9649.23898505,577472.31000000,2114.71,1.67094401,158.64291073,exact_date_with_local_tdx_chinext_calendar,date_validated_by_local_tdx_only,False
2016-12-09,9618.21426330,575640.78000000,2099.89,1.67087090,157.53113278,exact_date_with_local_tdx_chinext_calendar,date_validated_by_local_tdx_only,False
2016-12-12,9501.63091272,577410.59000000,1984.39,1.64555882,148.86646662,exact_date_with_local_tdx_chinext_calendar,date_validated_by_local_tdx_only,False
2016-12-13,9488.46003769,558540.04000000,1985.04,1.69879675,148.91522881,exact_date_with_local_tdx_chinext_calendar,date_validated_by_local_tdx_only,False
2016-12-14,9492.72804025,559271.01000000,1963.08,1.69733955,147.26781695,exact_date_with_local_tdx_chinext_calendar,date_validated_by_local_tdx_only,False
2016-12-15,9521.40054782,556252.57000000,1975.85,1.71170455,148.22580645,exact_date_with_local_tdx_chinext_calendar,date_validated_by_local_tdx_only,False
2016-12-16,9485.71880035,554631.32000000,1998.11,1.71027464,149.89572393,exact_date_with_local_tdx_chinext_calendar,date_validated_by_local_tdx_only,False
2016-12-19,9476.87711754,557538.37000000,1980.41,1.69977129,148.56789197,exact_date_with_local_tdx_chinext_calendar,date_validated_by_local_tdx_only,False
2016-12-20,9489.23015755,556765.89000000,1982.3,1.70434833,148.70967742,exact_date_with_local_tdx_chinext_calendar,date_validated_by_local_tdx_only,False
2016-12-21,9488.68413983,554844.86000000,1991.7,1.71015086,149.41485371,exact_date_with_local_tdx_chinext_calendar,date_validated_by_local_tdx_only,False
2016-12-22,9477.75526797,560394.68000000,1986.27,1.69126432,149.00750188,exact_date_with_local_tdx_chinext_calendar,date_validated_by_local_tdx_only,False
2016-12-23,9423.44121705,560456.92000000,1964.54,1.68138547,147.37734434,exact_date_with_local_tdx_chinext_calendar,date_validated_by_local_tdx_only,False
2016-12-26,9437.69836500,555657.20000000,1974.01,1.69847495,148.08777194,exact_date_with_local_tdx_chinext_calendar,date_validated_by_local_tdx_only,False
2016-12-27,9444.34486530,558037.75000000,1968.62,1.69242043,147.68342086,exact_date_with_local_tdx_chinext_calendar,date_validated_by_local_tdx_only,False
2016-12-28,9448.91809043,557667.42000000,1957.15,1.69436437,146.82295574,exact_date_with_local_tdx_chinext_calendar,date_validated_by_local_tdx_only,False
2016-12-29,9441.07951047,556166.46000000,1959.24,1.69752766,146.97974494,exact_date_with_local_tdx_chinext_calendar,date_validated_by_local_tdx_only,False
2016-12-30,9357.69676921,555714.83000000,1962.06,1.68390265,147.19129782,exact_date_with_local_tdx_chinext_calendar,date_validated_by_local_tdx_only,False
2017-01-03,9358.32559799,557030.36000000,1963.26,1.68003870,147.28132033,exact_date_with_local_tdx_chinext_calendar,date_validated_by_local_tdx_only,False
2017-01-04,9345.94854977,562956.88000000,1991.57,1.66015354,149.40510128,exact_date_with_local_tdx_chinext_calendar,date_validated_by_local_tdx_only,False
2017-01-05,9329.00065833,568114.97000000,1983.97,1.64209731,148.83495874,exact_date_with_local_tdx_chinext_calendar,date_validated_by_local_tdx_only,False
2017-01-06,9294.53224403,568679.22000000,1965.03,1.63440687,147.41410353,exact_date_with_local_tdx_chinext_calendar,date_validated_by_local_tdx_only,False
2017-01-09,9294.68934803,565936.63000000,1961.62,1.64235514,147.15828957,exact_date_with_local_tdx_chinext_calendar,date_validated_by_local_tdx_only,False
2017-01-10,9278.24461411,568641.84000000,1951.68,1.63165001,146.41260315,exact_date_with_local_tdx_chinext_calendar,date_validated_by_local_tdx_only,False
2017-01-11,9255.85425374,567379.52000000,1937.55,1.63133387,145.35258815,exact_date_with_local_tdx_chinext_calendar,date_validated_by_local_tdx_only,False
2017-01-12,9235.50691401,562794.10000000,1930.14,1.64100990,144.79669917,exact_date_with_local_tdx_chinext_calendar,date_validated_by_local_tdx_only,False
2017-01-13,9165.24592533,559501.46000000,1899.94,1.63810938,142.53113278,exact_date_with_local_tdx_chinext_calendar,date_validated_by_local_tdx_only,False
2017-01-16,8988.77736460,557781.00000000,1830.85,1.61152448,137.34808702,exact_date_with_local_tdx_chinext_calendar,date_validated_by_local_tdx_only,False
2017-01-17,8973.58798905,549547.94000000,1867.87,1.63290358,140.12528132,exact_date_with_local_tdx_chinext_calendar,date_validated_by_local_tdx_only,False
2017-01-18,8941.03909957,552888.27000000,1845.79,1.61715117,138.46886722,exact_date_with_local_tdx_chinext_calendar,date_validated_by_local_tdx_only,False
2017-01-19,8922.29637469,554152.89000000,1844.14,1.61007847,138.34508627,exact_date_with_local_tdx_chinext_calendar,date_validated_by_local_tdx_only,False
2017-01-20,8887.36050548,552495.54000000,1880.75,1.60858502,141.09152288,exact_date_with_local_tdx_chinext_calendar,date_validated_by_local_tdx_only,False
2017-01-23,8861.34954085,558526.91000000,1887.32,1.58655731,141.58439610,exact_date_with_local_tdx_chinext_calendar,date_validated_by_local_tdx_only,False
2017-01-24,8817.29014113,562966.27000000,1861.22,1.56621997,139.62640660,exact_date_with_local_tdx_chinext_calendar,date_validated_by_local_tdx_only,False
2017-01-25,8782.14031653,563757.10000000,1870.7,1.55778798,140.33758440,exact_date_with_local_tdx_chinext_calendar,date_validated_by_local_tdx_only,False
2017-01-26,8650.10437753,565833.27000000,1886.23,1.52873732,141.50262566,exact_date_with_local_tdx_chinext_calendar,date_validated_by_local_tdx_only,False
2017-02-03,8697.08160544,569052.64000000,1876.76,1.52834395,140.79219805,exact_date_with_local_tdx_chinext_calendar,date_validated_by_local_tdx_only,False
2017-02-06,8744.12867242,565884.56000000,1900.45,1.54521422,142.56939235,exact_date_with_local_tdx_chinext_calendar,date_validated_by_local_tdx_only,False
2017-02-07,8747.31205811,569777.23000000,1889.13,1.53521615,141.72018005,exact_date_with_local_tdx_chinext_calendar,date_validated_by_local_tdx_only,False
2017-02-08,8774.90886650,569448.45000000,1903.63,1.54094877,142.80795199,exact_date_with_local_tdx_chinext_calendar,date_validated_by_local_tdx_only,False
2017-02-09,8813.32437848,572997.14000000,1914.08,1.53810966,143.59189797,exact_date_with_local_tdx_chinext_calendar,date_validated_by_local_tdx_only,False
2017-02-10,8795.24853353,576390.58000000,1904.68,1.52591816,142.88672168,exact_date_with_local_tdx_chinext_calendar,date_validated_by_local_tdx_only,False
2017-02-13,8846.64258435,577720.97000000,1913.68,1.53130024,143.56189047,exact_date_with_local_tdx_chinext_calendar,date_validated_by_local_tdx_only,False
2017-02-14,8864.32801744,581491.86000000,1909.4,1.52441137,143.24081020,exact_date_with_local_tdx_chinext_calendar,date_validated_by_local_tdx_only,False
2017-02-15,8882.77067722,581754.56000000,1892.36,1.52689318,141.96249062,exact_date_with_local_tdx_chinext_calendar,date_validated_by_local_tdx_only,False
2017-02-16,8917.53714793,580000.60000000,1897.63,1.53750481,142.35783946,exact_date_with_local_tdx_chinext_calendar,date_validated_by_local_tdx_only,False
2017-02-17,8901.12378170,583151.17000000,1882.87,1.52638359,141.25056264,exact_date_with_local_tdx_chinext_calendar,date_validated_by_local_tdx_only,False
2017-02-20,8949.35868779,578706.61000000,1894.96,1.54644141,142.15753938,exact_date_with_local_tdx_chinext_calendar,date_validated_by_local_tdx_only,False
2017-02-21,8960.21747833,585270.20000000,1921.08,1.53095399,144.11702926,exact_date_with_local_tdx_chinext_calendar,date_validated_by_local_tdx_only,False
2017-02-22,8982.81549718,589327.49000000,1919.97,1.52424851,144.03375844,exact_date_with_local_tdx_chinext_calendar,date_validated_by_local_tdx_only,False
2017-02-23,9014.55373684,591408.93000000,1925.95,1.52425053,144.48237059,exact_date_with_local_tdx_chinext_calendar,date_validated_by_local_tdx_only,False
2017-02-24,9014.14486550,590669.44000000,1938.44,1.52608960,145.41935484,exact_date_with_local_tdx_chinext_calendar,date_validated_by_local_tdx_only,False
2017-02-27,9041.23762538,591750.96000000,1926.77,1.52787883,144.54388597,exact_date_with_local_tdx_chinext_calendar,date_validated_by_local_tdx_only,False
2017-02-28,9063.45261286,587720.42000000,1927.16,1.54213675,144.57314329,exact_date_with_local_tdx_chinext_calendar,date_validated_by_local_tdx_only,False
2017-03-01,9070.90050477,590695.58000000,1931.97,1.53563033,144.93398350,exact_date_with_local_tdx_chinext_calendar,date_validated_by_local_tdx_only,False
2017-03-02,9082.23600038,592095.67000000,1920.4,1.53391360,144.06601650,exact_date_with_local_tdx_chinext_calendar,date_validated_by_local_tdx_only,False
2017-03-03,9055.94570914,589205.91000000,1928.29,1.53697469,144.65791448,exact_date_with_local_tdx_chinext_calendar,date_validated_by_local_tdx_only,False
2017-03-06,9088.38022784,588432.69000000,1962.77,1.54450634,147.24456114,exact_date_with_local_tdx_chinext_calendar,date_validated_by_local_tdx_only,False
2017-03-07,9093.96270740,592780.31000000,1977.85,1.53412024,148.37584396,exact_date_with_local_tdx_chinext_calendar,date_validated_by_local_tdx_only,False
2017-03-08,9094.17261280,594851.33000000,1964.63,1.52881437,147.38409602,exact_date_with_local_tdx_chinext_calendar,date_validated_by_local_tdx_only,False
2017-03-09,9087.67402459,593805.58000000,1953.94,1.53041237,146.58214554,exact_date_with_local_tdx_chinext_calendar,date_validated_by_local_tdx_only,False
2017-03-10,9053.99239809,589730.91000000,1950.01,1.53527520,146.28732183,exact_date_with_local_tdx_chinext_calendar,date_validated_by_local_tdx_only,False
2017-03-13,9076.62977774,589898.83000000,1970.88,1.53867567,147.85296324,exact_date_with_local_tdx_chinext_calendar,date_validated_by_local_tdx_only,False
2017-03-14,9086.47468941,594642.23000000,1958.02,1.52805742,146.88822206,exact_date_with_local_tdx_chinext_calendar,date_validated_by_local_tdx_only,False
2017-03-15,9096.25062147,594735.15000000,1957.82,1.52946242,146.87321830,exact_date_with_local_tdx_chinext_calendar,date_validated_by_local_tdx_only,False
2017-03-16,9165.93352734,595113.03000000,1966.73,1.54020044,147.54163541,exact_date_with_local_tdx_chinext_calendar,date_validated_by_local_tdx_only,False
2017-03-17,9153.58210446,600376.82000000,1949.66,1.52463949,146.26106527,exact_date_with_local_tdx_chinext_calendar,date_validated_by_local_tdx_only,False
2017-03-20,9183.60968221,595433.32000000,1953.82,1.54234057,146.57314329,exact_date_with_local_tdx_chinext_calendar,date_validated_by_local_tdx_only,False
2017-03-21,9198.44527032,597755.88000000,1961.06,1.53882974,147.11627907,exact_date_with_local_tdx_chinext_calendar,date_validated_by_local_tdx_only,False
2017-03-22,9214.74030810,599977.82000000,1948.58,1.53584683,146.18004501,exact_date_with_local_tdx_chinext_calendar,date_validated_by_local_tdx_only,False
2017-03-23,9221.49574982,597352.91000000,1948.37,1.54372660,146.16429107,exact_date_with_local_tdx_chinext_calendar,date_validated_by_local_tdx_only,False
2017-03-24,9216.08275145,598173.18000000,1965.14,1.54070478,147.42235559,exact_date_with_local_tdx_chinext_calendar,date_validated_by_local_tdx_only,False
2017-03-27,9259.24646266,601611.69000000,1947.53,1.53907356,146.10127532,exact_date_with_local_tdx_chinext_calendar,date_validated_by_local_tdx_only,False
2017-03-28,9269.96930003,600965.56000000,1944.36,1.54251257,145.86346587,exact_date_with_local_tdx_chinext_calendar,date_validated_by_local_tdx_only,False
2017-03-29,9266.49661481,599348.43000000,1929.2,1.54609508,144.72618155,exact_date_with_local_tdx_chinext_calendar,date_validated_by_local_tdx_only,False
2017-03-30,9255.57284472,596959.38000000,1893.7,1.55045270,142.06301575,exact_date_with_local_tdx_chinext_calendar,date_validated_by_local_tdx_only,False
2017-03-31,9180.24668375,589428.80000000,1907.34,1.55748187,143.08627157,exact_date_with_local_tdx_chinext_calendar,date_validated_by_local_tdx_only,False
2017-04-05,9231.53694137,591997.14000000,1943.16,1.55938877,145.77344336,exact_date_with_local_tdx_chinext_calendar,date_validated_by_local_tdx_only,False
2017-04-06,9240.44386024,601647.54000000,1944.23,1.53585667,145.85371343,exact_date_with_local_tdx_chinext_calendar,date_validated_by_local_tdx_only,False
2017-04-07,9215.00568361,603647.49000000,1946.05,1.52655413,145.99024756,exact_date_with_local_tdx_chinext_calendar,date_validated_by_local_tdx_only,False
2017-04-10,9255.53433456,604643.14000000,1912.45,1.53074330,143.46961740,exact_date_with_local_tdx_chinext_calendar,date_validated_by_local_tdx_only,False
2017-04-11,9307.53918517,600555.98000000,1917.63,1.54982042,143.85821455,exact_date_with_local_tdx_chinext_calendar,date_validated_by_local_tdx_only,False
2017-04-12,9324.13357851,604346.32000000,1897.51,1.54284609,142.34883721,exact_date_with_local_tdx_chinext_calendar,date_validated_by_local_tdx_only,False
2017-04-13,9356.82102106,601412.03000000,1910.48,1.55580876,143.32183046,exact_date_with_local_tdx_chinext_calendar,date_validated_by_local_tdx_only,False
2017-04-14,9325.74172055,602563.94000000,1887.46,1.54767670,141.59489872,exact_date_with_local_tdx_chinext_calendar,date_validated_by_local_tdx_only,False
2017-04-17,9342.74582154,596152.79000000,1868.28,1.56717304,140.15603901,exact_date_with_local_tdx_chinext_calendar,date_validated_by_local_tdx_only,False
2017-04-18,9326.72169729,590551.70000000,1848.2,1.57932349,138.64966242,exact_date_with_local_tdx_chinext_calendar,date_validated_by_local_tdx_only,False
2017-04-19,9296.02348026,586645.86000000,1845.38,1.58460566,138.43810953,exact_date_with_local_tdx_chinext_calendar,date_validated_by_local_tdx_only,False
2017-04-20,9266.26045316,582252.33000000,1850.39,1.59145099,138.81395349,exact_date_with_local_tdx_chinext_calendar,date_validated_by_local_tdx_only,False
2017-04-21,9185.51460328,582175.39000000,1839.01,1.57779163,137.96024006,exact_date_with_local_tdx_chinext_calendar,date_validated_by_local_tdx_only,False
2017-04-24,9127.55951363,582114.82000000,1809.91,1.56799985,135.77719430,exact_date_with_local_tdx_chinext_calendar,date_validated_by_local_tdx_only,False
2017-04-25,9107.19908970,572154.04000000,1818.87,1.59173902,136.44936234,exact_date_with_local_tdx_chinext_calendar,date_validated_by_local_tdx_only,False
2017-04-26,9097.90779822,574004.31000000,1820.48,1.58498946,136.57014254,exact_date_with_local_tdx_chinext_calendar,date_validated_by_local_tdx_only,False
2017-04-27,9100.10791750,576008.37000000,1842.92,1.57985689,138.25356339,exact_date_with_local_tdx_chinext_calendar,date_validated_by_local_tdx_only,False
2017-04-28,9046.79025964,578640.30000000,1850.73,1.56345665,138.83945986,exact_date_with_local_tdx_chinext_calendar,date_validated_by_local_tdx_only,False
2017-05-02,9063.01039373,579856.89000000,1850.85,1.56297365,138.84846212,exact_date_with_local_tdx_chinext_calendar,date_validated_by_local_tdx_only,False
2017-05-03,9070.66757106,578480.89000000,1840.45,1.56801508,138.06826707,exact_date_with_local_tdx_chinext_calendar,date_validated_by_local_tdx_only,False
2017-05-04,9086.80634763,577055.12000000,1838.1,1.57468603,137.89197299,exact_date_with_local_tdx_chinext_calendar,date_validated_by_local_tdx_only,False
2017-05-05,9029.53308206,575739.09000000,1818.19,1.56833768,136.39834959,exact_date_with_local_tdx_chinext_calendar,date_validated_by_local_tdx_only,False
2017-05-08,8980.34658990,570674.64000000,1788.71,1.57363688,134.18679670,exact_date_with_local_tdx_chinext_calendar,date_validated_by_local_tdx_only,False
2017-05-09,8963.37336084,563961.57000000,1802.49,1.58935889,135.22055514,exact_date_with_local_tdx_chinext_calendar,date_validated_by_local_tdx_only,False
2017-05-10,8907.21283042,565675.92000000,1771.32,1.57461411,132.88222056,exact_date_with_local_tdx_chinext_calendar,date_validated_by_local_tdx_only,False
2017-05-11,8826.69019789,560103.60000000,1772.41,1.57590314,132.96399100,exact_date_with_local_tdx_chinext_calendar,date_validated_by_local_tdx_only,False
2017-05-12,8772.87574914,561058.21000000,1774.63,1.56363022,133.13053263,exact_date_with_local_tdx_chinext_calendar,date_validated_by_local_tdx_only,False
2017-05-15,8749.67116664,564276.60000000,1778.64,1.55059968,133.43135784,exact_date_with_local_tdx_chinext_calendar,date_validated_by_local_tdx_only,False
2017-05-16,8777.60699576,566037.66000000,1814.94,1.55071078,136.15453863,exact_date_with_local_tdx_chinext_calendar,date_validated_by_local_tdx_only,False
2017-05-17,8786.26179307,572744.25000000,1822.64,1.53406373,136.73218305,exact_date_with_local_tdx_chinext_calendar,date_validated_by_local_tdx_only,False
2017-05-18,8796.96445312,571992.90000000,1813.51,1.53794994,136.04726182,exact_date_with_local_tdx_chinext_calendar,date_validated_by_local_tdx_only,False
2017-05-19,8769.12496161,569330.40000000,1801.08,1.54025237,135.11477869,exact_date_with_local_tdx_chinext_calendar,date_validated_by_local_tdx_only,False
2017-05-22,8761.57676280,569287.54000000,1788.08,1.53904243,134.13953488,exact_date_with_local_tdx_chinext_calendar,date_validated_by_local_tdx_only,False
2017-05-23,8712.99876643,565196.43000000,1758.23,1.54158772,131.90022506,exact_date_with_local_tdx_chinext_calendar,date_validated_by_local_tdx_only,False
2017-05-24,8705.31468224,559878.22000000,1776.28,1.55485861,133.25431358,exact_date_with_local_tdx_chinext_calendar,date_validated_by_local_tdx_only,False
2017-05-25,8702.39633008,561250.99000000,1777.69,1.55053559,133.36009002,exact_date_with_local_tdx_chinext_calendar,date_validated_by_local_tdx_only,False
2017-05-26,8639.94052430,568047.01000000,1759.63,1.52099041,132.00525131,exact_date_with_local_tdx_chinext_calendar,date_validated_by_local_tdx_only,False
2017-05-31,8648.15002865,568293.78000000,1763.73,1.52177454,132.31282821,exact_date_with_local_tdx_chinext_calendar,date_validated_by_local_tdx_only,False
2017-06-01,8597.80700615,568965.59000000,1728.49,1.51112952,129.66916729,exact_date_with_local_tdx_chinext_calendar,date_validated_by_local_tdx_only,False
2017-06-02,8580.02686959,563936.55000000,1745.93,1.52145252,130.97749437,exact_date_with_local_tdx_chinext_calendar,date_validated_by_local_tdx_only,False
2017-06-05,8591.52110560,565776.93000000,1761.25,1.51853507,132.12678170,exact_date_with_local_tdx_chinext_calendar,date_validated_by_local_tdx_only,False
2017-06-06,8581.21425847,565181.39000000,1766.39,1.51831154,132.51237809,exact_date_with_local_tdx_chinext_calendar,date_validated_by_local_tdx_only,False
2017-06-07,8617.15437304,567726.29000000,1799.85,1.51783606,135.02250563,exact_date_with_local_tdx_chinext_calendar,date_validated_by_local_tdx_only,False
2017-06-08,8623.41610498,576420.93000000,1794.75,1.49602758,134.63990998,exact_date_with_local_tdx_chinext_calendar,date_validated_by_local_tdx_only,False
2017-06-09,8606.08720575,577975.77000000,1796.13,1.48900484,134.74343586,exact_date_with_local_tdx_chinext_calendar,date_validated_by_local_tdx_only,False
2017-06-12,8625.27986204,579523.80000000,1775.55,1.48833920,133.19954989,exact_date_with_local_tdx_chinext_calendar,date_validated_by_local_tdx_only,False
2017-06-13,8652.73306747,575388.57000000,1795.63,1.50380691,134.70592648,exact_date_with_local_tdx_chinext_calendar,date_validated_by_local_tdx_only,False
2017-06-14,8655.87575529,579594.16000000,1790.64,1.49343737,134.33158290,exact_date_with_local_tdx_chinext_calendar,date_validated_by_local_tdx_only,False
2017-06-15,8689.01639580,576093.68000000,1816.26,1.50826449,136.25356339,exact_date_with_local_tdx_chinext_calendar,date_validated_by_local_tdx_only,False
2017-06-16,8656.12291222,578006.66000000,1810.05,1.49758186,135.78769692,exact_date_with_local_tdx_chinext_calendar,date_validated_by_local_tdx_only,False
2017-06-19,8674.71673328,576609.56000000,1816.4,1.50443512,136.26406602,exact_date_with_local_tdx_chinext_calendar,date_validated_by_local_tdx_only,False
2017-06-20,8674.99490102,580361.18000000,1820.98,1.49475795,136.60765191,exact_date_with_local_tdx_chinext_calendar,date_validated_by_local_tdx_only,False
2017-06-21,8688.09656652,580320.02000000,1824.69,1.49712163,136.88597149,exact_date_with_local_tdx_chinext_calendar,date_validated_by_local_tdx_only,False
2017-06-22,8691.48413833,583146.35000000,1798.38,1.49044646,134.91222806,exact_date_with_local_tdx_chinext_calendar,date_validated_by_local_tdx_only,False
2017-06-23,8667.94774655,579876.74000000,1807.43,1.49479142,135.59114779,exact_date_with_local_tdx_chinext_calendar,date_validated_by_local_tdx_only,False
2017-06-26,8719.16932707,582243.16000000,1821.28,1.49751340,136.63015754,exact_date_with_local_tdx_chinext_calendar,date_validated_by_local_tdx_only,False
2017-06-27,8741.12034118,588580.90000000,1819.93,1.48511791,136.52888222,exact_date_with_local_tdx_chinext_calendar,date_validated_by_local_tdx_only,False
2017-06-28,8770.68551313,589667.61000000,1808.2,1.48739482,135.64891223,exact_date_with_local_tdx_chinext_calendar,date_validated_by_local_tdx_only,False
2017-06-29,8781.49833143,586031.61000000,1813.55,1.49846837,136.05026257,exact_date_with_local_tdx_chinext_calendar,date_validated_by_local_tdx_only,False
2017-06-30,8756.06340707,588972.68000000,1818.07,1.48666716,136.38934734,exact_date_with_local_tdx_chinext_calendar,date_validated_by_local_tdx_only,False
2017-07-03,8775.07578907,589530.11000000,1835.99,1.48848645,137.73368342,exact_date_with_local_tdx_chinext_calendar,date_validated_by_local_tdx_only,False
2017-07-04,8789.19427676,590642.28000000,1829.51,1.48807401,137.24756189,exact_date_with_local_tdx_chinext_calendar,date_validated_by_local_tdx_only,False
2017-07-05,8809.00655833,588178.39000000,1836.63,1.49767600,137.78169542,exact_date_with_local_tdx_chinext_calendar,date_validated_by_local_tdx_only,False
2017-07-06,8811.58300443,592915.28000000,1839,1.48614537,137.95948987,exact_date_with_local_tdx_chinext_calendar,date_validated_by_local_tdx_only,False
2017-07-07,8799.77180950,593735.78000000,1835.44,1.48210233,137.69242311,exact_date_with_local_tdx_chinext_calendar,date_validated_by_local_tdx_only,False
2017-07-10,8827.74959549,594631.23000000,1803.25,1.48457551,135.27756939,exact_date_with_local_tdx_chinext_calendar,date_validated_by_local_tdx_only,False
2017-07-11,8828.31383519,592678.99000000,1783.91,1.48956079,133.82670668,exact_date_with_local_tdx_chinext_calendar,date_validated_by_local_tdx_only,False
2017-07-12,8842.45553954,590569.43000000,1786.75,1.49727620,134.03975994,exact_date_with_local_tdx_chinext_calendar,date_validated_by_local_tdx_only,False
2017-07-13,8846.25346553,589926.56000000,1778.86,1.49955165,133.44786197,exact_date_with_local_tdx_chinext_calendar,date_validated_by_local_tdx_only,False
2017-07-14,8805.64483038,592373.10000000,1745.57,1.48650316,130.95048762,exact_date_with_local_tdx_chinext_calendar,date_validated_by_local_tdx_only,False
2017-07-17,8755.70744628,592153.10000000,1656.43,1.47862224,124.26331583,exact_date_with_local_tdx_chinext_calendar,date_validated_by_local_tdx_only,False
2017-07-18,8757.34638088,578952.69000000,1667.49,1.51261865,125.09302326,exact_date_with_local_tdx_chinext_calendar,date_validated_by_local_tdx_only,False
2017-07-19,8781.04396173,580999.45000000,1684.77,1.51136872,126.38934734,exact_date_with_local_tdx_chinext_calendar,date_validated_by_local_tdx_only,False
2017-07-20,8792.81096357,589110.12000000,1688.61,1.49255813,126.67741935,exact_date_with_local_tdx_chinext_calendar,date_validated_by_local_tdx_only,False
2017-07-21,8782.90350961,591787.77000000,1690.15,1.48413062,126.79294824,exact_date_with_local_tdx_chinext_calendar,date_validated_by_local_tdx_only,False
2017-07-24,8841.79341953,590683.84000000,1686.44,1.49687410,126.51462866,exact_date_with_local_tdx_chinext_calendar,date_validated_by_local_tdx_only,False
2017-07-25,8877.61749955,593456.89000000,1688.09,1.49591616,126.63840960,exact_date_with_local_tdx_chinext_calendar,date_validated_by_local_tdx_only,False
2017-07-26,8903.72896365,592609.68000000,1681.31,1.50246094,126.12978245,exact_date_with_local_tdx_chinext_calendar,date_validated_by_local_tdx_only,False
2017-07-27,8937.60457210,592798.60000000,1742.19,1.50769664,130.69692423,exact_date_with_local_tdx_chinext_calendar,date_validated_by_local_tdx_only,False
2017-07-28,8908.46894868,595528.62000000,1734.07,1.49589267,130.08777194,exact_date_with_local_tdx_chinext_calendar,date_validated_by_local_tdx_only,False
2017-07-31,8962.23311481,596692.62000000,1736.3,1.50198491,130.25506377,exact_date_with_local_tdx_chinext_calendar,date_validated_by_local_tdx_only,False
2017-08-01,8975.62419018,600182.69000000,1741.07,1.49548202,130.61290323,exact_date_with_local_tdx_chinext_calendar,date_validated_by_local_tdx_only,False
2017-08-02,9012.72960822,603837.90000000,1724.83,1.49257435,129.39459865,exact_date_with_local_tdx_chinext_calendar,date_validated_by_local_tdx_only,False
2017-08-03,9054.27417195,601983.72000000,1733.12,1.50407293,130.01650413,exact_date_with_local_tdx_chinext_calendar,date_validated_by_local_tdx_only,False
2017-08-04,9021.06292399,600427.30000000,1719.62,1.50244050,129.00375094,exact_date_with_local_tdx_chinext_calendar,date_validated_by_local_tdx_only,False
2017-08-07,9053.58362615,597913.03000000,1732.43,1.51419741,129.96474119,exact_date_with_local_tdx_chinext_calendar,date_validated_by_local_tdx_only,False
2017-08-08,9044.60685654,601476.57000000,1762.42,1.50373386,132.21455364,exact_date_with_local_tdx_chinext_calendar,date_validated_by_local_tdx_only,False
2017-08-09,9082.94146844,602893.36000000,1763.05,1.50655855,132.26181545,exact_date_with_local_tdx_chinext_calendar,date_validated_by_local_tdx_only,False
2017-08-10,9086.54202075,602314.08000000,1753.67,1.50860528,131.55813953,exact_date_with_local_tdx_chinext_calendar,date_validated_by_local_tdx_only,False
2017-08-11,9048.69339322,599331.65000000,1742.14,1.50979735,130.69317329,exact_date_with_local_tdx_chinext_calendar,date_validated_by_local_tdx_only,False
2017-08-14,9098.79147320,589881.10000000,1793.48,1.54247890,134.54463616,exact_date_with_local_tdx_chinext_calendar,date_validated_by_local_tdx_only,False
2017-08-15,9123.94761035,597280.19000000,1798.57,1.52758249,134.92648162,exact_date_with_local_tdx_chinext_calendar,date_validated_by_local_tdx_only,False
2017-08-16,9149.12654372,600467.75000000,1825.19,1.52366660,136.92348087,exact_date_with_local_tdx_chinext_calendar,date_validated_by_local_tdx_only,False
2017-08-17,9178.61480822,601347.11000000,1833.4,1.52634222,137.53938485,exact_date_with_local_tdx_chinext_calendar,date_validated_by_local_tdx_only,False
2017-08-18,9160.66872284,605188.56000000,1821.8,1.51368835,136.66916729,exact_date_with_local_tdx_chinext_calendar,date_validated_by_local_tdx_only,False
2017-08-21,9196.28249006,604634.98000000,1829.22,1.52096435,137.22580645,exact_date_with_local_tdx_chinext_calendar,date_validated_by_local_tdx_only,False
2017-08-22,9216.66207182,608522.51000000,1814.92,1.51459674,136.15303826,exact_date_with_local_tdx_chinext_calendar,date_validated_by_local_tdx_only,False
2017-08-23,9225.04648399,608471.08000000,1807.37,1.51610270,135.58664666,exact_date_with_local_tdx_chinext_calendar,date_validated_by_local_tdx_only,False
2017-08-24,9237.85282858,608032.50000000,1795.74,1.51930248,134.71417854,exact_date_with_local_tdx_chinext_calendar,date_validated_by_local_tdx_only,False
2017-08-25,9227.06338593,605171.53000000,1812.88,1.52470216,136.00000000,exact_date_with_local_tdx_chinext_calendar,date_validated_by_local_tdx_only,False
2017-08-28,9292.05864210,615032.88000000,1842.83,1.51082307,138.24681170,exact_date_with_local_tdx_chinext_calendar,date_validated_by_local_tdx_only,False
2017-08-29,9331.04972145,621675.99000000,1831.59,1.50095064,137.40360090,exact_date_with_local_tdx_chinext_calendar,date_validated_by_local_tdx_only,False
2017-08-30,9351.28465593,621711.93000000,1838.63,1.50411858,137.93173293,exact_date_with_local_tdx_chinext_calendar,date_validated_by_local_tdx_only,False
2017-08-31,9416.82282587,622119.48000000,1849.38,1.51366789,138.73818455,exact_date_with_local_tdx_chinext_calendar,date_validated_by_local_tdx_only,False
2017-09-01,9429.73468711,622394.42000000,1865.25,1.51507378,139.92873218,exact_date_with_local_tdx_chinext_calendar,date_validated_by_local_tdx_only,False
2017-09-04,9488.43264183,624122.96000000,1883.62,1.52028258,141.30682671,exact_date_with_local_tdx_chinext_calendar,date_validated_by_local_tdx_only,False
2017-09-05,9518.90569299,627324.75000000,1885.16,1.51738086,141.42235559,exact_date_with_local_tdx_chinext_calendar,date_validated_by_local_tdx_only,False
2017-09-06,9568.74614541,629024.83000000,1902.86,1.52120325,142.75018755,exact_date_with_local_tdx_chinext_calendar,date_validated_by_local_tdx_only,False
2017-09-07,9601.47439274,629825.00000000,1890.38,1.52446702,141.81395349,exact_date_with_local_tdx_chinext_calendar,date_validated_by_local_tdx_only,False
2017-09-08,9609.45738694,626868.28000000,1885.27,1.53293087,141.43060765,exact_date_with_local_tdx_chinext_calendar,date_validated_by_local_tdx_only,False
2017-09-11,9691.07967818,627306.91000000,1896.38,1.54487054,142.26406602,exact_date_with_local_tdx_chinext_calendar,date_validated_by_local_tdx_only,False
2017-09-12,9736.37336815,630316.63000000,1884.48,1.54467975,141.37134284,exact_date_with_local_tdx_chinext_calendar,date_validated_by_local_tdx_only,False
2017-09-13,9770.24533140,630290.56000000,1888.43,1.55011767,141.66766692,exact_date_with_local_tdx_chinext_calendar,date_validated_by_local_tdx_only,False
2017-09-14,9799.94921402,631856.11000000,1879.25,1.55097799,140.97899475,exact_date_with_local_tdx_chinext_calendar,date_validated_by_local_tdx_only,False
2017-09-15,9788.63710281,629905.77000000,1875.63,1.55398435,140.70742686,exact_date_with_local_tdx_chinext_calendar,date_validated_by_local_tdx_only,False
2017-09-18,9844.36747141,627301.37000000,1894.8,1.56932026,142.14553638,exact_date_with_local_tdx_chinext_calendar,date_validated_by_local_tdx_only,False
2017-09-19,9873.40433189,629860.27000000,1880.3,1.56755471,141.05776444,exact_date_with_local_tdx_chinext_calendar,date_validated_by_local_tdx_only,False
2017-09-20,9930.69759993,628661.74000000,1892.67,1.57965675,141.98574644,exact_date_with_local_tdx_chinext_calendar,date_validated_by_local_tdx_only,False
2017-09-21,9904.09247389,631738.34000000,1872.77,1.56775232,140.49287322,exact_date_with_local_tdx_chinext_calendar,date_validated_by_local_tdx_only,False
2017-09-22,9871.09997668,629629.56000000,1866.42,1.56776311,140.01650413,exact_date_with_local_tdx_chinext_calendar,date_validated_by_local_tdx_only,False
2017-09-25,9845.44982064,628665.79000000,1843.62,1.56608646,138.30607652,exact_date_with_local_tdx_chinext_calendar,date_validated_by_local_tdx_only,False
2017-09-26,9836.38852309,625165.01000000,1839.46,1.57340676,137.99399850,exact_date_with_local_tdx_chinext_calendar,date_validated_by_local_tdx_only,False
2017-09-27,9828.72492936,625454.86000000,1854.94,1.57145232,139.15528882,exact_date_with_local_tdx_chinext_calendar,date_validated_by_local_tdx_only,False
2017-09-28,9805.54084853,627200.21000000,1854.73,1.56338290,139.13953488,exact_date_with_local_tdx_chinext_calendar,date_validated_by_local_tdx_only,False
2017-09-29,9657.01460511,626290.34000000,1866.98,1.54193894,140.05851463,exact_date_with_local_tdx_chinext_calendar,date_validated_by_local_tdx_only,False
2017-10-09,9815.26882668,629064.59000000,1889.84,1.56029587,141.77344336,exact_date_with_local_tdx_chinext_calendar,date_validated_by_local_tdx_only,False
2017-10-10,9882.26387531,635194.45000000,1917.46,1.55578561,143.84546137,exact_date_with_local_tdx_chinext_calendar,date_validated_by_local_tdx_only,False
2017-10-11,9900.46901251,638299.67000000,1901.55,1.55106911,142.65191298,exact_date_with_local_tdx_chinext_calendar,date_validated_by_local_tdx_only,False
2017-10-12,9902.24542360,638627.94000000,1899.99,1.55054998,142.53488372,exact_date_with_local_tdx_chinext_calendar,date_validated_by_local_tdx_only,False
2017-10-13,9895.92843617,638248.35000000,1926.07,1.55048242,144.49137284,exact_date_with_local_tdx_chinext_calendar,date_validated_by_local_tdx_only,False
2017-10-16,9907.84318670,640816.71000000,1882.69,1.54612747,141.23705926,exact_date_with_local_tdx_chinext_calendar,date_validated_by_local_tdx_only,False
2017-10-17,9904.56973017,636530.15000000,1876.99,1.55602523,140.80945236,exact_date_with_local_tdx_chinext_calendar,date_validated_by_local_tdx_only,False
2017-10-18,9868.07042277,636041.61000000,1868.16,1.55148189,140.14703676,exact_date_with_local_tdx_chinext_calendar,date_validated_by_local_tdx_only,False
2017-10-19,9837.74130320,636860.27000000,1862.61,1.54472524,139.73068267,exact_date_with_local_tdx_chinext_calendar,date_validated_by_local_tdx_only,False
2017-10-20,9821.39120738,634066.08000000,1880.21,1.54895389,141.05101275,exact_date_with_local_tdx_chinext_calendar,date_validated_by_local_tdx_only,False
2017-10-23,9857.58110619,636661.43000000,1898.76,1.54832390,142.44261065,exact_date_with_local_tdx_chinext_calendar,date_validated_by_local_tdx_only,False
2017-10-24,9824.92203868,638254.48000000,1901.69,1.53934243,142.66241560,exact_date_with_local_tdx_chinext_calendar,date_validated_by_local_tdx_only,False
2017-10-25,9847.07686364,639684.35000000,1913.26,1.53936498,143.53038260,exact_date_with_local_tdx_chinext_calendar,date_validated_by_local_tdx_only,False
2017-10-26,9920.42646613,642385.11000000,1910.72,1.54431140,143.33983496,exact_date_with_local_tdx_chinext_calendar,date_validated_by_local_tdx_only,False
2017-10-27,9923.12731127,643948.21000000,1896.22,1.54098220,142.25206302,exact_date_with_local_tdx_chinext_calendar,date_validated_by_local_tdx_only,False
2017-10-30,9924.25480834,645158.38000000,1855.99,1.53826643,139.23405851,exact_date_with_local_tdx_chinext_calendar,date_validated_by_local_tdx_only,False
2017-10-31,9947.10410681,639020.54000000,1869.79,1.55661727,140.26931733,exact_date_with_local_tdx_chinext_calendar,date_validated_by_local_tdx_only,False
2017-11-01,10000.88416449,641417.32000000,1872.75,1.55918524,140.49137284,exact_date_with_local_tdx_chinext_calendar,date_validated_by_local_tdx_only,False
2017-11-02,9996.23359580,641844.20000000,1847.56,1.55742369,138.60165041,exact_date_with_local_tdx_chinext_calendar,date_validated_by_local_tdx_only,False
2017-11-03,9953.02490524,639073.47000000,1832.97,1.55741482,137.50712678,exact_date_with_local_tdx_chinext_calendar,date_validated_by_local_tdx_only,False
2017-11-06,10018.47695281,636310.09000000,1850.3,1.57446457,138.80720180,exact_date_with_local_tdx_chinext_calendar,date_validated_by_local_tdx_only,False
2017-11-07,10072.35378046,640652.73000000,1859.07,1.57220180,139.46511628,exact_date_with_local_tdx_chinext_calendar,date_validated_by_local_tdx_only,False
2017-11-08,10126.99409274,645496.69000000,1866.14,1.56886848,139.99549887,exact_date_with_local_tdx_chinext_calendar,date_validated_by_local_tdx_only,False
2017-11-09,10162.48029791,645925.02000000,1884.11,1.57332198,141.34358590,exact_date_with_local_tdx_chinext_calendar,date_validated_by_local_tdx_only,False
2017-11-10,10180.75032613,649141.65000000,1900.63,1.56834033,142.58289572,exact_date_with_local_tdx_chinext_calendar,date_validated_by_local_tdx_only,False
2017-11-13,10269.17599596,650979.36000000,1906.44,1.57749640,143.01875469,exact_date_with_local_tdx_chinext_calendar,date_validated_by_local_tdx_only,False
2017-11-14,10311.84341276,653736.80000000,1896.72,1.57736927,142.28957239,exact_date_with_local_tdx_chinext_calendar,date_validated_by_local_tdx_only,False
2017-11-15,10325.54644527,649567.02000000,1868.08,1.58960448,140.14103526,exact_date_with_local_tdx_chinext_calendar,date_validated_by_local_tdx_only,False
2017-11-16,10350.13914322,644153.34000000,1878.26,1.60678188,140.90472618,exact_date_with_local_tdx_chinext_calendar,date_validated_by_local_tdx_only,False
2017-11-17,10226.35565151,644838.90000000,1833.9,1.58587760,137.57689422,exact_date_with_local_tdx_chinext_calendar,date_validated_by_local_tdx_only,False
2017-11-20,10239.29408151,637897.88000000,1859.75,1.60516195,139.51612903,exact_date_with_local_tdx_chinext_calendar,date_validated_by_local_tdx_only,False
2017-11-21,10311.91705498,641662.57000000,1856.96,1.60706227,139.30682671,exact_date_with_local_tdx_chinext_calendar,date_validated_by_local_tdx_only,False
2017-11-22,10340.48094587,646066.83000000,1853.38,1.60052807,139.03825956,exact_date_with_local_tdx_chinext_calendar,date_validated_by_local_tdx_only,False
2017-11-23,10315.80163203,649006.35000000,1794.78,1.58947623,134.64216054,exact_date_with_local_tdx_chinext_calendar,date_validated_by_local_tdx_only,False
2017-11-24,10250.04338161,633163.10000000,1782.66,1.61886304,133.73293323,exact_date_with_local_tdx_chinext_calendar,date_validated_by_local_tdx_only,False
2017-11-27,10210.18724059,633136.03000000,1760.9,1.61263721,132.10052513,exact_date_with_local_tdx_chinext_calendar,date_validated_by_local_tdx_only,False
2017-11-28,10229.95438441,625704.57000000,1793.87,1.63494960,134.57389347,exact_date_with_local_tdx_chinext_calendar,date_validated_by_local_tdx_only,False
2017-11-29,10247.96462106,629577.12000000,1787.38,1.62775366,134.08702176,exact_date_with_local_tdx_chinext_calendar,date_validated_by_local_tdx_only,False
2017-11-30,10238.85170071,630452.15000000,1770.3,1.62404898,132.80570143,exact_date_with_local_tdx_chinext_calendar,date_validated_by_local_tdx_only,False
2017-12-01,10219.73954428,626089.70000000,1804.62,1.63231236,135.38034509,exact_date_with_local_tdx_chinext_calendar,date_validated_by_local_tdx_only,False
2017-12-04,10209.75457900,627518.13000000,1797.77,1.62700551,134.86646662,exact_date_with_local_tdx_chinext_calendar,date_validated_by_local_tdx_only,False
2017-12-05,10076.03404955,625262.24000000,1758.59,1.61148929,131.92723181,exact_date_with_local_tdx_chinext_calendar,date_validated_by_local_tdx_only,False
2017-12-06,10083.54560245,621275.44000000,1784.31,1.62303947,133.85671418,exact_date_with_local_tdx_chinext_calendar,date_validated_by_local_tdx_only,False
2017-12-07,10091.13617246,621480.91000000,1776.99,1.62372424,133.30757689,exact_date_with_local_tdx_chinext_calendar,date_validated_by_local_tdx_only,False
2017-12-08,10092.03719622,617414.60000000,1792.16,1.63456407,134.44561140,exact_date_with_local_tdx_chinext_calendar,date_validated_by_local_tdx_only,False
2017-12-11,10109.13104446,622194.29000000,1816.98,1.62475471,136.30757689,exact_date_with_local_tdx_chinext_calendar,date_validated_by_local_tdx_only,False
2017-12-12,10123.10483951,629350.21000000,1798.69,1.60850107,134.93548387,exact_date_with_local_tdx_chinext_calendar,date_validated_by_local_tdx_only,False
2017-12-13,10152.49840950,622409.93000000,1806.09,1.63115945,135.49062266,exact_date_with_local_tdx_chinext_calendar,date_validated_by_local_tdx_only,False
2017-12-14,10175.68913572,627154.46000000,1794.34,1.62251722,134.60915229,exact_date_with_local_tdx_chinext_calendar,date_validated_by_local_tdx_only,False
2017-12-15,10144.54385911,625795.42000000,1783.97,1.62106393,133.83120780,exact_date_with_local_tdx_chinext_calendar,date_validated_by_local_tdx_only,False
2017-12-18,10153.53300545,621767.44000000,1780.64,1.63301137,133.58139535,exact_date_with_local_tdx_chinext_calendar,date_validated_by_local_tdx_only,False
2017-12-19,10167.20141229,620900.17000000,1798.5,1.63749374,134.92123031,exact_date_with_local_tdx_chinext_calendar,date_validated_by_local_tdx_only,False
2017-12-20,10158.52220746,627069.56000000,1782.41,1.61999926,133.71417854,exact_date_with_local_tdx_chinext_calendar,date_validated_by_local_tdx_only,False
2017-12-21,10170.70791557,624645.61000000,1789.74,1.62823652,134.26406602,exact_date_with_local_tdx_chinext_calendar,date_validated_by_local_tdx_only,False
2017-12-22,10161.82513792,627847.46000000,1779.34,1.61851816,133.48387097,exact_date_with_local_tdx_chinext_calendar,date_validated_by_local_tdx_only,False
2017-12-25,10186.97496831,627366.24000000,1755.81,1.62376843,131.71867967,exact_date_with_local_tdx_chinext_calendar,date_validated_by_local_tdx_only,False
2017-12-26,10216.42416385,624591.99000000,1758.82,1.63569567,131.94448612,exact_date_with_local_tdx_chinext_calendar,date_validated_by_local_tdx_only,False
2017-12-27,10234.46915543,629543.41000000,1745.24,1.62569713,130.92573143,exact_date_with_local_tdx_chinext_calendar,date_validated_by_local_tdx_only,False
2017-12-28,10268.80456297,624464.49000000,1745.02,1.64441769,130.90922731,exact_date_with_local_tdx_chinext_calendar,date_validated_by_local_tdx_only,False
2017-12-29,10217.57693531,628304.35000000,1752.65,1.62621458,131.48162041,exact_date_with_local_tdx_chinext_calendar,date_validated_by_local_tdx_only,False
2018-01-02,10251.52603014,631467.32000000,1769.67,1.62344522,132.75843961,exact_date_with_local_tdx_chinext_calendar,date_validated_by_local_tdx_only,False
2018-01-03,10268.53988160,639105.04000000,1795.38,1.60670613,134.68717179,exact_date_with_local_tdx_chinext_calendar,date_validated_by_local_tdx_only,False
2018-01-04,10289.21104820,643157.37000000,1794.61,1.59979680,134.62940735,exact_date_with_local_tdx_chinext_calendar,date_validated_by_local_tdx_only,False
2018-01-05,10288.13557582,645480.14000000,1801.42,1.59387329,135.14028507,exact_date_with_local_tdx_chinext_calendar,date_validated_by_local_tdx_only,False
2018-01-08,10341.94823840,646560.29000000,1806.16,1.59953347,135.49587397,exact_date_with_local_tdx_chinext_calendar,date_validated_by_local_tdx_only,False
2018-01-09,10378.71274971,648949.34000000,1803.59,1.59931016,135.30307577,exact_date_with_local_tdx_chinext_calendar,date_validated_by_local_tdx_only,False
2018-01-10,10425.12530329,650193.33000000,1791.08,1.60338853,134.36459115,exact_date_with_local_tdx_chinext_calendar,date_validated_by_local_tdx_only,False
2018-01-11,10455.77359438,650959.30000000,1804.23,1.60621003,135.35108777,exact_date_with_local_tdx_chinext_calendar,date_validated_by_local_tdx_only,False
2018-01-12,10435.60196198,652609.17000000,1785.7,1.59905843,133.96099025,exact_date_with_local_tdx_chinext_calendar,date_validated_by_local_tdx_only,False
2018-01-15,10451.86304553,652819.24000000,1732.62,1.60103477,129.97899475,exact_date_with_local_tdx_chinext_calendar,date_validated_by_local_tdx_only,False
2018-01-16,10507.88325527,647780.18000000,1729.6,1.62213720,129.75243811,exact_date_with_local_tdx_chinext_calendar,date_validated_by_local_tdx_only,False
2018-01-17,10524.47240918,653003.30000000,1742.03,1.61170279,130.68492123,exact_date_with_local_tdx_chinext_calendar,date_validated_by_local_tdx_only,False
2018-01-18,10598.78314750,654239.12000000,1738,1.62001672,130.38259565,exact_date_with_local_tdx_chinext_calendar,date_validated_by_local_tdx_only,False
2018-01-19,10610.57573211,659780.22000000,1728.14,1.60819852,129.64291073,exact_date_with_local_tdx_chinext_calendar,date_validated_by_local_tdx_only,False
2018-01-22,10662.58651882,661373.65000000,1768.21,1.61218798,132.64891223,exact_date_with_local_tdx_chinext_calendar,date_validated_by_local_tdx_only,False
2018-01-23,10714.05792409,665700.44000000,1767.83,1.60944132,132.62040510,exact_date_with_local_tdx_chinext_calendar,date_validated_by_local_tdx_only,False
2018-01-24,10758.37974238,674050.93000000,1813.28,1.59607817,136.03000750,exact_date_with_local_tdx_chinext_calendar,date_validated_by_local_tdx_only,False
2018-01-25,10763.63897805,676468.95000000,1810.83,1.59115048,135.84621155,exact_date_with_local_tdx_chinext_calendar,date_validated_by_local_tdx_only,False
2018-01-26,10742.74621970,673967.21000000,1816.8,1.59395681,136.29407352,exact_date_with_local_tdx_chinext_calendar,date_validated_by_local_tdx_only,False
2018-01-29,10779.89989116,675689.99000000,1799.77,1.59539139,135.01650413,exact_date_with_local_tdx_chinext_calendar,date_validated_by_local_tdx_only,False
2018-01-30,10784.00270526,667827.66000000,1782.4,1.61478827,133.71342836,exact_date_with_local_tdx_chinext_calendar,date_validated_by_local_tdx_only,False
2018-01-31,10742.73557410,662029.14000000,1735.06,1.62269830,130.16204051,exact_date_with_local_tdx_chinext_calendar,date_validated_by_local_tdx_only,False
2018-02-01,10617.54383196,658387.23000000,1697.39,1.61265944,127.33608402,exact_date_with_local_tdx_chinext_calendar,date_validated_by_local_tdx_only,False
2018-02-02,10527.57954144,648616.33000000,1702.43,1.62308272,127.71417854,exact_date_with_local_tdx_chinext_calendar,date_validated_by_local_tdx_only,False
2018-02-05,10507.67470897,650426.68000000,1688.27,1.61550487,126.65191298,exact_date_with_local_tdx_chinext_calendar,date_validated_by_local_tdx_only,False
2018-02-06,10345.20671199,652977.46000000,1598.12,1.58431299,119.88897224,exact_date_with_local_tdx_chinext_calendar,date_validated_by_local_tdx_only,False
2018-02-07,10291.48567228,629358.88000000,1616.4,1.63523325,121.26031508,exact_date_with_local_tdx_chinext_calendar,date_validated_by_local_tdx_only,False
2018-02-08,10259.34041354,619091.12000000,1641.43,1.65716162,123.13803451,exact_date_with_local_tdx_chinext_calendar,date_validated_by_local_tdx_only,False
2018-02-09,10079.32861964,614523.54000000,1592.51,1.64018593,119.46811703,exact_date_with_local_tdx_chinext_calendar,date_validated_by_local_tdx_only,False
2018-02-12,10004.43611060,591698.97000000,1648.07,1.69079830,123.63615904,exact_date_with_local_tdx_chinext_calendar,date_validated_by_local_tdx_only,False
2018-02-13,9913.34097064,600212.81000000,1648.58,1.65163769,123.67441860,exact_date_with_local_tdx_chinext_calendar,date_validated_by_local_tdx_only,False
2018-02-14,9777.73369054,605089.98000000,1646.77,1.61591400,123.53863466,exact_date_with_local_tdx_chinext_calendar,date_validated_by_local_tdx_only,False
2018-02-22,9825.07802998,607928.32000000,1677.76,1.61615732,125.86346587,exact_date_with_local_tdx_chinext_calendar,date_validated_by_local_tdx_only,False
2018-02-23,9826.66013730,620774.18000000,1668.83,1.58296857,125.19354839,exact_date_with_local_tdx_chinext_calendar,date_validated_by_local_tdx_only,False
2018-02-26,9877.22773340,623732.60000000,1729.15,1.58356766,129.71867967,exact_date_with_local_tdx_chinext_calendar,date_validated_by_local_tdx_only,False
2018-02-27,9887.82427678,641269.83000000,1743.54,1.54191322,130.79819955,exact_date_with_local_tdx_chinext_calendar,date_validated_by_local_tdx_only,False
2018-02-28,9902.96561911,610981.44000000,1753.63,1.62082921,131.55513878,exact_date_with_local_tdx_chinext_calendar,date_validated_by_local_tdx_only,False
2018-03-01,9934.45532019,627049.78000000,1789.85,1.58431685,134.27231808,exact_date_with_local_tdx_chinext_calendar,date_validated_by_local_tdx_only,False
2018-03-02,9927.37281978,632173.26000000,1772.01,1.57035633,132.93398350,exact_date_with_local_tdx_chinext_calendar,date_validated_by_local_tdx_only,False
2018-03-05,9924.47273195,628353.58000000,1795.69,1.57944079,134.71042761,exact_date_with_local_tdx_chinext_calendar,date_validated_by_local_tdx_only,False
2018-03-06,9954.39489574,629574.80000000,1797.61,1.58112982,134.85446362,exact_date_with_local_tdx_chinext_calendar,date_validated_by_local_tdx_only,False
2018-03-07,9944.98634626,636236.53000000,1785.27,1.56309578,133.92873218,exact_date_with_local_tdx_chinext_calendar,date_validated_by_local_tdx_only,False
2018-03-08,9955.21314842,632778.72000000,1793.22,1.57325347,134.52513128,exact_date_with_local_tdx_chinext_calendar,date_validated_by_local_tdx_only,False
2018-03-09,9948.33968696,636870.10000000,1856.46,1.56206732,139.26931733,exact_date_with_local_tdx_chinext_calendar,date_validated_by_local_tdx_only,False
2018-03-12,10001.96057361,642770.08000000,1882.41,1.55607127,141.21605401,exact_date_with_local_tdx_chinext_calendar,date_validated_by_local_tdx_only,False
2018-03-13,10006.01094885,647679.90000000,1872.68,1.54490064,140.48612153,exact_date_with_local_tdx_chinext_calendar,date_validated_by_local_tdx_only,False
2018-03-14,10025.65034743,643962.66000000,1841.29,1.55686827,138.13128282,exact_date_with_local_tdx_chinext_calendar,date_validated_by_local_tdx_only,False
2018-03-15,10037.07563932,639445.34000000,1848.71,1.56965342,138.68792198,exact_date_with_local_tdx_chinext_calendar,date_validated_by_local_tdx_only,False
2018-03-16,10012.98170457,639051.92000000,1821.32,1.56684948,136.63315829,exact_date_with_local_tdx_chinext_calendar,date_validated_by_local_tdx_only,False
2018-03-19,10027.05098679,634717.26000000,1842.92,1.57976655,138.25356339,exact_date_with_local_tdx_chinext_calendar,date_validated_by_local_tdx_only,False
2018-03-20,10032.22620642,637023.64000000,1864.62,1.57485933,139.88147037,exact_date_with_local_tdx_chinext_calendar,date_validated_by_local_tdx_only,False
2018-03-21,10053.01089624,639179.96000000,1829.91,1.57279820,137.27756939,exact_date_with_local_tdx_chinext_calendar,date_validated_by_local_tdx_only,False
2018-03-22,10061.18541380,636276.81000000,1817.23,1.58125917,136.32633158,exact_date_with_local_tdx_chinext_calendar,date_validated_by_local_tdx_only,False
2018-03-23,9896.17289869,632920.67000000,1726.02,1.56357240,129.48387097,exact_date_with_local_tdx_chinext_calendar,date_validated_by_local_tdx_only,False
2018-03-26,9939.85748713,609419.83000000,1780.61,1.63103611,133.57914479,exact_date_with_local_tdx_chinext_calendar,date_validated_by_local_tdx_only,False
2018-03-27,9961.89730862,608894.60000000,1844.69,1.63606268,138.38634659,exact_date_with_local_tdx_chinext_calendar,date_validated_by_local_tdx_only,False
2018-03-28,9958.11678282,617311.81000000,1835.15,1.61314211,137.67066767,exact_date_with_local_tdx_chinext_calendar,date_validated_by_local_tdx_only,False
2018-03-29,9978.44700625,609908.53000000,1842.19,1.63605631,138.19879970,exact_date_with_local_tdx_chinext_calendar,date_validated_by_local_tdx_only,False
2018-03-30,9957.63369815,617333.40000000,1900.48,1.61300744,142.57164291,exact_date_with_local_tdx_chinext_calendar,date_validated_by_local_tdx_only,False
2018-04-02,9988.58314580,621318.52000000,1900.25,1.60764291,142.55438860,exact_date_with_local_tdx_chinext_calendar,date_validated_by_local_tdx_only,False
2018-04-03,9987.61384609,620259.87000000,1872.47,1.61023054,140.47036759,exact_date_with_local_tdx_chinext_calendar,date_validated_by_local_tdx_only,False
2018-04-04,9928.12553717,615339.48000000,1836.81,1.61343874,137.79519880,exact_date_with_local_tdx_chinext_calendar,date_validated_by_local_tdx_only,False
2018-04-09,9958.84511044,613102.58000000,1841.65,1.62433587,138.15828957,exact_date_with_local_tdx_chinext_calendar,date_validated_by_local_tdx_only,False
2018-04-10,9946.54677564,614090.23000000,1835.52,1.61972073,137.69842461,exact_date_with_local_tdx_chinext_calendar,date_validated_by_local_tdx_only,False
2018-04-11,9953.49756507,622884.91000000,1834.63,1.59796736,137.63165791,exact_date_with_local_tdx_chinext_calendar,date_validated_by_local_tdx_only,False
2018-04-12,9956.89695928,626677.85000000,1826.89,1.58883818,137.05101275,exact_date_with_local_tdx_chinext_calendar,date_validated_by_local_tdx_only,False
2018-04-13,9942.30499833,621437.92000000,1824.59,1.59988708,136.87846962,exact_date_with_local_tdx_chinext_calendar,date_validated_by_local_tdx_only,False
2018-04-16,9957.15763658,618158.07000000,1838.71,1.61077856,137.93773443,exact_date_with_local_tdx_chinext_calendar,date_validated_by_local_tdx_only,False
2018-04-17,9933.79485751,610231.04000000,1783.74,1.62787440,133.81395349,exact_date_with_local_tdx_chinext_calendar,date_validated_by_local_tdx_only,False
2018-04-18,9931.75208195,600221.92000000,1822.26,1.65468000,136.70367592,exact_date_with_local_tdx_chinext_calendar,date_validated_by_local_tdx_only,False
2018-04-19,9911.89066759,605810.77000000,1820.28,1.63613642,136.55513878,exact_date_with_local_tdx_chinext_calendar,date_validated_by_local_tdx_only,False
2018-04-20,9860.37432165,610406.21000000,1782.81,1.61537910,133.74418605,exact_date_with_local_tdx_chinext_calendar,date_validated_by_local_tdx_only,False
2018-04-23,9872.48005581,600701.24000000,1753.05,1.64349254,131.51162791,exact_date_with_local_tdx_chinext_calendar,date_validated_by_local_tdx_only,False
2018-04-24,9855.97052507,599009.58000000,1806.86,1.64537778,135.54838710,exact_date_with_local_tdx_chinext_calendar,date_validated_by_local_tdx_only,False
2018-04-25,9869.52547560,611516.29000000,1819.41,1.61394318,136.48987247,exact_date_with_local_tdx_chinext_calendar,date_validated_by_local_tdx_only,False
2018-04-26,9860.84158823,610470.02000000,1781.28,1.61528679,133.62940735,exact_date_with_local_tdx_chinext_calendar,date_validated_by_local_tdx_only,False
2018-04-27,9789.02710919,600547.37000000,1805.6,1.63001748,135.45386347,exact_date_with_local_tdx_chinext_calendar,date_validated_by_local_tdx_only,False
2018-05-02,9781.62000169,602441.10000000,1801.57,1.62366412,135.15153788,exact_date_with_local_tdx_chinext_calendar,date_validated_by_local_tdx_only,False
2018-05-03,9770.42805418,602111.70000000,1826.79,1.62269361,137.04351088,exact_date_with_local_tdx_chinext_calendar,date_validated_by_local_tdx_only,False
2018-05-04,9747.51470505,606641.33000000,1814.85,1.60680030,136.14778695,exact_date_with_local_tdx_chinext_calendar,date_validated_by_local_tdx_only,False
2018-05-07,9770.21715366,604526.31000000,1852.34,1.61617733,138.96024006,exact_date_with_local_tdx_chinext_calendar,date_validated_by_local_tdx_only,False
2018-05-08,9782.00632353,614093.75000000,1856.87,1.59291742,139.30007502,exact_date_with_local_tdx_chinext_calendar,date_validated_by_local_tdx_only,False
2018-05-09,9808.00899624,619689.86000000,1855.81,1.58272866,139.22055514,exact_date_with_local_tdx_chinext_calendar,date_validated_by_local_tdx_only,False
2018-05-10,9828.86794697,619405.88000000,1865.36,1.58682187,139.93698425,exact_date_with_local_tdx_chinext_calendar,date_validated_by_local_tdx_only,False
2018-05-11,9793.12115362,622375.86000000,1834.78,1.57350594,137.64291073,exact_date_with_local_tdx_chinext_calendar,date_validated_by_local_tdx_only,False
2018-05-14,9800.85833888,619242.37000000,1830.98,1.58271766,137.35783946,exact_date_with_local_tdx_chinext_calendar,date_validated_by_local_tdx_only,False
2018-05-15,9810.74970172,620453.28000000,1858.01,1.58122296,139.38559640,exact_date_with_local_tdx_chinext_calendar,date_validated_by_local_tdx_only,False
2018-05-16,9816.67418122,624496.11000000,1846.67,1.57193520,138.53488372,exact_date_with_local_tdx_chinext_calendar,date_validated_by_local_tdx_only,False
2018-05-17,9836.68660983,620599.04000000,1831.2,1.58503091,137.37434359,exact_date_with_local_tdx_chinext_calendar,date_validated_by_local_tdx_only,False
2018-05-18,9817.18779070,617610.00000000,1836.75,1.58954482,137.79069767,exact_date_with_local_tdx_chinext_calendar,date_validated_by_local_tdx_only,False
2018-05-21,9850.04802246,623581.10000000,1862.48,1.57959374,139.72093023,exact_date_with_local_tdx_chinext_calendar,date_validated_by_local_tdx_only,False
2018-05-22,9889.82630745,628186.56000000,1876,1.57434542,140.73518380,exact_date_with_local_tdx_chinext_calendar,date_validated_by_local_tdx_only,False
2018-05-23,9909.97134276,628567.01000000,1845.97,1.57659743,138.48237059,exact_date_with_local_tdx_chinext_calendar,date_validated_by_local_tdx_only,False
2018-05-24,9927.30622465,620258.00000000,1838.4,1.60051240,137.91447862,exact_date_with_local_tdx_chinext_calendar,date_validated_by_local_tdx_only,False
2018-05-25,9892.49339702,617374.67000000,1804.55,1.60234844,135.37509377,exact_date_with_local_tdx_chinext_calendar,date_validated_by_local_tdx_only,False
2018-05-28,9898.09253042,613797.42000000,1796.91,1.61259924,134.80195049,exact_date_with_local_tdx_chinext_calendar,date_validated_by_local_tdx_only,False
2018-05-29,9884.48332410,612884.86000000,1773.65,1.61277982,133.05701425,exact_date_with_local_tdx_chinext_calendar,date_validated_by_local_tdx_only,False
2018-05-30,9839.62286060,608698.94000000,1726.22,1.61650074,129.49887472,exact_date_with_local_tdx_chinext_calendar,date_validated_by_local_tdx_only,False
2018-05-31,9830.45521185,592713.68000000,1743.74,1.65855042,130.81320330,exact_date_with_local_tdx_chinext_calendar,date_validated_by_local_tdx_only,False
2018-06-01,9785.86722006,603030.36000000,1709.55,1.62278185,128.24831208,exact_date_with_local_tdx_chinext_calendar,date_validated_by_local_tdx_only,False
2018-06-04,9760.31880480,597982.65000000,1702.93,1.63220769,127.75168792,exact_date_with_local_tdx_chinext_calendar,date_validated_by_local_tdx_only,False
2018-06-05,9761.21868857,600518.23000000,1746.11,1.62546584,130.99099775,exact_date_with_local_tdx_chinext_calendar,date_validated_by_local_tdx_only,False
2018-06-06,9754.92501323,606819.18000000,1743.25,1.60755054,130.77644411,exact_date_with_local_tdx_chinext_calendar,date_validated_by_local_tdx_only,False
2018-06-07,9754.81367536,606808.96000000,1730.38,1.60755927,129.81095274,exact_date_with_local_tdx_chinext_calendar,date_validated_by_local_tdx_only,False
2018-06-08,9722.42212106,604904.65000000,1711.52,1.60726523,128.39609902,exact_date_with_local_tdx_chinext_calendar,date_validated_by_local_tdx_only,False
2018-06-11,9706.19512696,601291.93000000,1688.62,1.61422342,126.67816954,exact_date_with_local_tdx_chinext_calendar,date_validated_by_local_tdx_only,False
2018-06-12,9703.06155243,599642.35000000,1712.77,1.61814147,128.48987247,exact_date_with_local_tdx_chinext_calendar,date_validated_by_local_tdx_only,False
2018-06-13,9677.40087874,605841.70000000,1685.89,1.59734810,126.47336834,exact_date_with_local_tdx_chinext_calendar,date_validated_by_local_tdx_only,False
2018-06-14,9673.12945177,599478.78000000,1673.32,1.61358997,125.53038260,exact_date_with_local_tdx_chinext_calendar,date_validated_by_local_tdx_only,False
2018-06-15,9590.42705692,597517.54000000,1641.66,1.60504528,123.15528882,exact_date_with_local_tdx_chinext_calendar,date_validated_by_local_tdx_only,False
2018-06-19,9375.33865123,591657.75000000,1547.15,1.58458816,116.06526632,exact_date_with_local_tdx_chinext_calendar,date_validated_by_local_tdx_only,False
2018-06-20,9317.78483696,566359.88000000,1563.79,1.64520567,117.31357839,exact_date_with_local_tdx_chinext_calendar,date_validated_by_local_tdx_only,False
2018-06-21,9242.72340891,569559.84000000,1521.68,1.62278355,114.15453863,exact_date_with_local_tdx_chinext_calendar,date_validated_by_local_tdx_only,False
2018-06-22,9194.65153530,560462.39000000,1549.66,1.64054747,116.25356339,exact_date_with_local_tdx_chinext_calendar,date_validated_by_local_tdx_only,False
2018-06-25,9173.75015925,564562.87000000,1538.56,1.62492977,115.42085521,exact_date_with_local_tdx_chinext_calendar,date_validated_by_local_tdx_only,False
2018-06-26,9178.79036441,559201.43000000,1564.92,1.64141039,117.39834959,exact_date_with_local_tdx_chinext_calendar,date_validated_by_local_tdx_only,False
2018-06-27,9164.32652687,558000.48000000,1546.23,1.64235101,115.99624906,exact_date_with_local_tdx_chinext_calendar,date_validated_by_local_tdx_only,False
2018-06-28,9144.59974441,551350.49000000,1543.66,1.65858196,115.80345086,exact_date_with_local_tdx_chinext_calendar,date_validated_by_local_tdx_only,False
2018-06-29,9129.08972436,545434.70000000,1606.71,1.67372735,120.53338335,exact_date_with_local_tdx_chinext_calendar,date_validated_by_local_tdx_only,False
2018-07-02,9110.55377006,559242.71000000,1588.37,1.62908762,119.15753938,exact_date_with_local_tdx_chinext_calendar,date_validated_by_local_tdx_only,False
2018-07-03,9126.08879461,547183.08000000,1607.12,1.66783096,120.56414104,exact_date_with_local_tdx_chinext_calendar,date_validated_by_local_tdx_only,False
2018-07-04,9072.68786129,550398.40000000,1565.61,1.64838558,117.45011253,exact_date_with_local_tdx_chinext_calendar,date_validated_by_local_tdx_only,False
2018-07-05,9023.75469327,543302.37000000,1532.68,1.66090840,114.97974494,exact_date_with_local_tdx_chinext_calendar,date_validated_by_local_tdx_only,False
2018-07-06,8988.07437645,536578.94000000,1541.31,1.67507028,115.62715679,exact_date_with_local_tdx_chinext_calendar,date_validated_by_local_tdx_only,False
2018-07-09,8969.60828367,539227.45000000,1581.93,1.66341834,118.67441860,exact_date_with_local_tdx_chinext_calendar,date_validated_by_local_tdx_only,False
2018-07-10,8962.79392497,553316.40000000,1592.98,1.61983161,119.50337584,exact_date_with_local_tdx_chinext_calendar,date_validated_by_local_tdx_only,False
2018-07-11,8920.13128529,556066.02000000,1563.01,1.60414968,117.25506377,exact_date_with_local_tdx_chinext_calendar,date_validated_by_local_tdx_only,False
2018-07-12,8941.62397002,546561.46000000,1614.63,1.63597777,121.12753188,exact_date_with_local_tdx_chinext_calendar,date_validated_by_local_tdx_only,False
2018-07-13,8905.99485040,559624.26000000,1618.46,1.59142401,121.41485371,exact_date_with_local_tdx_chinext_calendar,date_validated_by_local_tdx_only,False
2018-07-16,8909.54070852,559396.12000000,1616.91,1.59270692,121.29857464,exact_date_with_local_tdx_chinext_calendar,date_validated_by_local_tdx_only,False
2018-07-17,8918.79738125,556366.62000000,1621.63,1.60304322,121.65266317,exact_date_with_local_tdx_chinext_calendar,date_validated_by_local_tdx_only,False
2018-07-18,8911.07493373,553050.97000000,1607.88,1.61125745,120.62115529,exact_date_with_local_tdx_chinext_calendar,date_validated_by_local_tdx_only,False
2018-07-19,8892.08018198,550335.99000000,1590.06,1.61575480,119.28432108,exact_date_with_local_tdx_chinext_calendar,date_validated_by_local_tdx_only,False
2018-07-20,8864.13979328,547067.53000000,1609.55,1.62030084,120.74643661,exact_date_with_local_tdx_chinext_calendar,date_validated_by_local_tdx_only,False
2018-07-23,8847.95355218,557838.65000000,1620.97,1.58611340,121.60315079,exact_date_with_local_tdx_chinext_calendar,date_validated_by_local_tdx_only,False
2018-07-24,8846.08034664,563055.24000000,1629.61,1.57108570,122.25131283,exact_date_with_local_tdx_chinext_calendar,date_validated_by_local_tdx_only,False
2018-07-25,8857.02705337,571613.50000000,1632.32,1.54947828,122.45461365,exact_date_with_local_tdx_chinext_calendar,date_validated_by_local_tdx_only,False
2018-07-26,8877.89409473,571311.62000000,1606.12,1.55394951,120.48912228,exact_date_with_local_tdx_chinext_calendar,date_validated_by_local_tdx_only,False
2018-07-27,8850.89601405,566770.97000000,1594.57,1.56163538,119.62265566,exact_date_with_local_tdx_chinext_calendar,date_validated_by_local_tdx_only,False
2018-07-30,8849.27402535,564391.75000000,1559.64,1.56793114,117.00225056,exact_date_with_local_tdx_chinext_calendar,date_validated_by_local_tdx_only,False
2018-07-31,8843.63774557,561596.92000000,1561.26,1.57473046,117.12378095,exact_date_with_local_tdx_chinext_calendar,date_validated_by_local_tdx_only,False
2018-08-01,8827.37394603,562617.95000000,1541.86,1.56898193,115.66841710,exact_date_with_local_tdx_chinext_calendar,date_validated_by_local_tdx_only,False
2018-08-02,8806.80040107,552512.89000000,1510.09,1.59395384,113.28507127,exact_date_with_local_tdx_chinext_calendar,date_validated_by_local_tdx_only,False
2018-08-03,8764.70409675,540807.17000000,1481.61,1.62067084,111.14853713,exact_date_with_local_tdx_chinext_calendar,date_validated_by_local_tdx_only,False
2018-08-06,8736.98669189,534515.76000000,1440.8,1.63456110,108.08702176,exact_date_with_local_tdx_chinext_calendar,date_validated_by_local_tdx_only,False
2018-08-07,8716.31625998,526851.26000000,1479.44,1.65441690,110.98574644,exact_date_with_local_tdx_chinext_calendar,date_validated_by_local_tdx_only,False
2018-08-08,8688.42766426,541177.49000000,1447.76,1.60546731,108.60915229,exact_date_with_local_tdx_chinext_calendar,date_validated_by_local_tdx_only,False
2018-08-09,8694.86982843,532982.48000000,1497.61,1.63136128,112.34883721,exact_date_with_local_tdx_chinext_calendar,date_validated_by_local_tdx_only,False
2018-08-10,8662.08338687,544146.91000000,1511.71,1.59186485,113.40660165,exact_date_with_local_tdx_chinext_calendar,date_validated_by_local_tdx_only,False
2018-08-13,8674.18716810,545287.36000000,1531.34,1.59075522,114.87921980,exact_date_with_local_tdx_chinext_calendar,date_validated_by_local_tdx_only,False
2018-08-14,8680.05903568,544141.79000000,1518.49,1.59518331,113.91522881,exact_date_with_local_tdx_chinext_calendar,date_validated_by_local_tdx_only,False
2018-08-15,8676.50086005,542793.01000000,1478.51,1.59849163,110.91597899,exact_date_with_local_tdx_chinext_calendar,date_validated_by_local_tdx_only,False
2018-08-16,8675.54751086,531437.39000000,1463.87,1.63246841,109.81770443,exact_date_with_local_tdx_chinext_calendar,date_validated_by_local_tdx_only,False
2018-08-17,8639.93952569,527852.72000000,1434.31,1.63680875,107.60015004,exact_date_with_local_tdx_chinext_calendar,date_validated_by_local_tdx_only,False
2018-08-20,8621.60339553,520371.01000000,1435.69,1.65681854,107.70367592,exact_date_with_local_tdx_chinext_calendar,date_validated_by_local_tdx_only,False
2018-08-21,8592.37192234,525571.36000000,1456.97,1.63486304,109.30007502,exact_date_with_local_tdx_chinext_calendar,date_validated_by_local_tdx_only,False
2018-08-22,8574.92151786,532527.70000000,1439.55,1.61023014,107.99324831,exact_date_with_local_tdx_chinext_calendar,date_validated_by_local_tdx_only,False
2018-08-23,8576.72124599,528186.77000000,1455.5,1.62380463,109.18979745,exact_date_with_local_tdx_chinext_calendar,date_validated_by_local_tdx_only,False
2018-08-24,8549.70790161,530873.48000000,1450.09,1.61049821,108.78394599,exact_date_with_local_tdx_chinext_calendar,date_validated_by_local_tdx_only,False
2018-08-27,8550.89875633,531530.20000000,1493.43,1.60873244,112.03525881,exact_date_with_local_tdx_chinext_calendar,date_validated_by_local_tdx_only,False
2018-08-28,8546.23992180,542613.20000000,1493.11,1.57501512,112.01125281,exact_date_with_local_tdx_chinext_calendar,date_validated_by_local_tdx_only,False
2018-08-29,8548.18162658,542485.20000000,1481.19,1.57574467,111.11702926,exact_date_with_local_tdx_chinext_calendar,date_validated_by_local_tdx_only,False
2018-08-30,8541.36828059,540320.40000000,1457.92,1.58079693,109.37134284,exact_date_with_local_tdx_chinext_calendar,date_validated_by_local_tdx_only,False
2018-08-31,8502.79823075,533652.31000000,1435.2,1.59332173,107.66691673,exact_date_with_local_tdx_chinext_calendar,date_validated_by_local_tdx_only,False
2018-09-03,8497.13836626,530832.02000000,1443.69,1.60072076,108.30382596,exact_date_with_local_tdx_chinext_calendar,date_validated_by_local_tdx_only,False
2018-09-04,8498.39142147,530033.66000000,1455.5,1.60336825,109.18979745,exact_date_with_local_tdx_chinext_calendar,date_validated_by_local_tdx_only,False
2018-09-05,8491.50273492,535970.96000000,1430.24,1.58432142,107.29482371,exact_date_with_local_tdx_chinext_calendar,date_validated_by_local_tdx_only,False
2018-09-06,8493.10968295,526746.86000000,1422.87,1.61237025,106.74193548,exact_date_with_local_tdx_chinext_calendar,date_validated_by_local_tdx_only,False
2018-09-07,8460.03322391,523736.98000000,1425.23,1.61532096,106.91897974,exact_date_with_local_tdx_chinext_calendar,date_validated_by_local_tdx_only,False
2018-09-10,8432.50927612,525348.46000000,1390.82,1.60512687,104.33758440,exact_date_with_local_tdx_chinext_calendar,date_validated_by_local_tdx_only,False
2018-09-11,8421.08692324,518033.72000000,1395.17,1.62558664,104.66391598,exact_date_with_local_tdx_chinext_calendar,date_validated_by_local_tdx_only,False
2018-09-12,8422.99861212,517702.45000000,1385.8,1.62699609,103.96099025,exact_date_with_local_tdx_chinext_calendar,date_validated_by_local_tdx_only,False
2018-09-13,8419.97226307,515818.79000000,1391.28,1.63235082,104.37209302,exact_date_with_local_tdx_chinext_calendar,date_validated_by_local_tdx_only,False
2018-09-14,8378.14369923,521262.38000000,1366.57,1.60727956,102.51837959,exact_date_with_local_tdx_chinext_calendar,date_validated_by_local_tdx_only,False
2018-09-17,8359.11658371,519439.81000000,1349.78,1.60925605,101.25881470,exact_date_with_local_tdx_chinext_calendar,date_validated_by_local_tdx_only,False
2018-09-18,8357.87226204,513094.18000000,1377.3,1.62891582,103.32333083,exact_date_with_local_tdx_chinext_calendar,date_validated_by_local_tdx_only,False
2018-09-19,8328.54772670,522623.47000000,1392.4,1.59360385,104.45611403,exact_date_with_local_tdx_chinext_calendar,date_validated_by_local_tdx_only,False
2018-09-20,8305.77498790,529494.52000000,1387.62,1.56862341,104.09752438,exact_date_with_local_tdx_chinext_calendar,date_validated_by_local_tdx_only,False
2018-09-21,8263.54126666,529198.57000000,1411.12,1.56151995,105.86046512,exact_date_with_local_tdx_chinext_calendar,date_validated_by_local_tdx_only,False
2018-09-25,8274.81177589,541907.49000000,1405.81,1.52697867,105.46211553,exact_date_with_local_tdx_chinext_calendar,date_validated_by_local_tdx_only,False
2018-09-26,8257.77357775,538543.28000000,1420.75,1.53335375,106.58289572,exact_date_with_local_tdx_chinext_calendar,date_validated_by_local_tdx_only,False
2018-09-27,8232.54979945,543602.80000000,1400.36,1.51444213,105.05326332,exact_date_with_local_tdx_chinext_calendar,date_validated_by_local_tdx_only,False
2018-09-28,8151.42886785,539306.04000000,1411.34,1.51146627,105.87696924,exact_date_with_local_tdx_chinext_calendar,date_validated_by_local_tdx_only,False
2018-10-08,8199.58676518,544753.63000000,1353.67,1.50519176,101.55063766,exact_date_with_local_tdx_chinext_calendar,date_validated_by_local_tdx_only,False
2018-10-09,8199.81529221,524115.26000000,1345.95,1.56450611,100.97149287,exact_date_with_local_tdx_chinext_calendar,date_validated_by_local_tdx_only,False
2018-10-10,8197.23606792,524435.10000000,1346.7,1.56306015,101.02775694,exact_date_with_local_tdx_chinext_calendar,date_validated_by_local_tdx_only,False
2018-10-11,8056.47487183,524933.99000000,1261.88,1.53475961,94.66466617,exact_date_with_local_tdx_chinext_calendar,date_validated_by_local_tdx_only,False
2018-10-12,7930.69675532,495987.31000000,1268.41,1.59897171,95.15453863,exact_date_with_local_tdx_chinext_calendar,date_validated_by_local_tdx_only,False
2018-10-15,7880.83563650,500099.13000000,1250.22,1.57585470,93.78994749,exact_date_with_local_tdx_chinext_calendar,date_validated_by_local_tdx_only,False
2018-10-16,7795.74765308,493197.43000000,1216.69,1.58065456,91.27456864,exact_date_with_local_tdx_chinext_calendar,date_validated_by_local_tdx_only,False
2018-10-17,7750.35060620,488711.74000000,1231.86,1.58587363,92.41260315,exact_date_with_local_tdx_chinext_calendar,date_validated_by_local_tdx_only,False
2018-10-18,7699.51068593,491902.07000000,1205.03,1.56525275,90.39984996,exact_date_with_local_tdx_chinext_calendar,date_validated_by_local_tdx_only,False
2018-10-19,7648.58302341,478191.29000000,1249.89,1.59948188,93.76519130,exact_date_with_local_tdx_chinext_calendar,date_validated_by_local_tdx_only,False
2018-10-22,7655.43108674,491083.44000000,1314.94,1.55888602,98.64516129,exact_date_with_local_tdx_chinext_calendar,date_validated_by_local_tdx_only,False
2018-10-23,7666.04638766,512256.56000000,1292.06,1.49652479,96.92873218,exact_date_with_local_tdx_chinext_calendar,date_validated_by_local_tdx_only,False
2018-10-24,7666.68220780,501008.60000000,1284.1,1.53024962,96.33158290,exact_date_with_local_tdx_chinext_calendar,date_validated_by_local_tdx_only,False
2018-10-25,7658.36609948,502397.72000000,1273.6,1.52436323,95.54388597,exact_date_with_local_tdx_chinext_calendar,date_validated_by_local_tdx_only,False
2018-10-26,7642.22022589,502397.60000000,1263.19,1.52114983,94.76294074,exact_date_with_local_tdx_chinext_calendar,date_validated_by_local_tdx_only,False
2018-10-29,7650.75948354,501785.54000000,1250.48,1.52470705,93.80945236,exact_date_with_local_tdx_chinext_calendar,date_validated_by_local_tdx_only,False
2018-10-30,7629.00396267,491048.31000000,1259.95,1.55361577,94.51987997,exact_date_with_local_tdx_chinext_calendar,date_validated_by_local_tdx_only,False
2018-10-31,7621.14076230,496028.67000000,1275.57,1.53643151,95.69167292,exact_date_with_local_tdx_chinext_calendar,date_validated_by_local_tdx_only,False
2018-11-01,7617.59600011,502480.41000000,1286.33,1.51599860,96.49887472,exact_date_with_local_tdx_chinext_calendar,date_validated_by_local_tdx_only,False
2018-11-02,7591.76452959,504355.06000000,1348.28,1.50524207,101.14628657,exact_date_with_local_tdx_chinext_calendar,date_validated_by_local_tdx_only,False
2018-11-05,7610.36998391,518916.94000000,1348.88,1.46658731,101.19129782,exact_date_with_local_tdx_chinext_calendar,date_validated_by_local_tdx_only,False
2018-11-06,7621.00001143,517163.64000000,1349.11,1.47361481,101.20855214,exact_date_with_local_tdx_chinext_calendar,date_validated_by_local_tdx_only,False
2018-11-07,7623.23241295,515661.15000000,1345.77,1.47834143,100.95798950,exact_date_with_local_tdx_chinext_calendar,date_validated_by_local_tdx_only,False
2018-11-08,7616.75315645,512685.97000000,1329.59,1.48565664,99.74418605,exact_date_with_local_tdx_chinext_calendar,date_validated_by_local_tdx_only,False
2018-11-09,7613.92925944,511259.51000000,1322.83,1.48924941,99.23705926,exact_date_with_local_tdx_chinext_calendar,date_validated_by_local_tdx_only,False
2018-11-12,7639.00713103,505214.67000000,1368.79,1.51203193,102.68492123,exact_date_with_local_tdx_chinext_calendar,date_validated_by_local_tdx_only,False
2018-11-13,7650.39526159,513252.77000000,1392.05,1.49057067,104.42985746,exact_date_with_local_tdx_chinext_calendar,date_validated_by_local_tdx_only,False
2018-11-14,7670.45474311,518956.23000000,1385.73,1.47805428,103.95573893,exact_date_with_local_tdx_chinext_calendar,date_validated_by_local_tdx_only,False
2018-11-15,7690.51789471,515155.29000000,1405.25,1.49285430,105.42010503,exact_date_with_local_tdx_chinext_calendar,date_validated_by_local_tdx_only,False
2018-11-16,7679.34132908,522264.31000000,1403.28,1.47039367,105.27231808,exact_date_with_local_tdx_chinext_calendar,date_validated_by_local_tdx_only,False
2018-11-19,7709.35802222,527146.89000000,1394.4,1.46246865,104.60615154,exact_date_with_local_tdx_chinext_calendar,date_validated_by_local_tdx_only,False
2018-11-20,7733.50309277,531632.61000000,1355.33,1.45467057,101.67516879,exact_date_with_local_tdx_chinext_calendar,date_validated_by_local_tdx_only,False
2018-11-21,7737.07210318,519866.93000000,1363.03,1.48827934,102.25281320,exact_date_with_local_tdx_chinext_calendar,date_validated_by_local_tdx_only,False
2018-11-22,7739.16546841,521700.29000000,1353.92,1.48345048,101.56939235,exact_date_with_local_tdx_chinext_calendar,date_validated_by_local_tdx_only,False
2018-11-23,7688.06215580,521025.25000000,1308.74,1.47556422,98.18004501,exact_date_with_local_tdx_chinext_calendar,date_validated_by_local_tdx_only,False
2018-11-26,7677.77998186,506957.28000000,1304.56,1.51448264,97.86646662,exact_date_with_local_tdx_chinext_calendar,date_validated_by_local_tdx_only,False
2018-11-27,7676.71068332,505927.04000000,1315.43,1.51735529,98.68192048,exact_date_with_local_tdx_chinext_calendar,date_validated_by_local_tdx_only,False
2018-11-28,7671.48741347,506294.51000000,1341.08,1.51522232,100.60615154,exact_date_with_local_tdx_chinext_calendar,date_validated_by_local_tdx_only,False
2018-11-29,7647.53354621,512117.97000000,1312.72,1.49331482,98.47861965,exact_date_with_local_tdx_chinext_calendar,date_validated_by_local_tdx_only,False
2018-11-30,7621.05530466,503995.32000000,1329.39,1.51212819,99.72918230,exact_date_with_local_tdx_chinext_calendar,date_validated_by_local_tdx_only,False
2018-12-03,7629.98285451,508211.98000000,1372.79,1.50133865,102.98499625,exact_date_with_local_tdx_chinext_calendar,date_validated_by_local_tdx_only,False
2018-12-04,7630.89867941,522233.79000000,1378.75,1.46120355,103.43210803,exact_date_with_local_tdx_chinext_calendar,date_validated_by_local_tdx_only,False
2018-12-05,7632.28416667,524341.56000000,1381.77,1.45559398,103.65866467,exact_date_with_local_tdx_chinext_calendar,date_validated_by_local_tdx_only,False
2018-12-06,7646.46886929,521394.07000000,1345.76,1.46654312,100.95723931,exact_date_with_local_tdx_chinext_calendar,date_validated_by_local_tdx_only,False
2018-12-07,7631.59537960,511825.33000000,1341.02,1.49105465,100.60165041,exact_date_with_local_tdx_chinext_calendar,date_validated_by_local_tdx_only,False
2018-12-10,7639.45022534,511909.31000000,1326.85,1.49234446,99.53863466,exact_date_with_local_tdx_chinext_calendar,date_validated_by_local_tdx_only,False
2018-12-11,7634.63222758,506766.16000000,1338.08,1.50653947,100.38109527,exact_date_with_local_tdx_chinext_calendar,date_validated_by_local_tdx_only,False
2018-12-12,7626.86207834,509430.93000000,1338.73,1.49713369,100.42985746,exact_date_with_local_tdx_chinext_calendar,date_validated_by_local_tdx_only,False
2018-12-13,7627.70436120,510909.15000000,1348.5,1.49296687,101.16279070,exact_date_with_local_tdx_chinext_calendar,date_validated_by_local_tdx_only,False
2018-12-14,7589.03310012,517071.05000000,1310.46,1.46769638,98.30907727,exact_date_with_local_tdx_chinext_calendar,date_validated_by_local_tdx_only,False
2018-12-17,7598.76987650,507533.03000000,1299.17,1.49719711,97.46211553,exact_date_with_local_tdx_chinext_calendar,date_validated_by_local_tdx_only,False
2018-12-18,7599.59633331,507629.34000000,1293.34,1.49707587,97.02475619,exact_date_with_local_tdx_chinext_calendar,date_validated_by_local_tdx_only,False
2018-12-19,7581.85743871,503534.80000000,1268.81,1.50572660,95.18454614,exact_date_with_local_tdx_chinext_calendar,date_validated_by_local_tdx_only,False
2018-12-20,7595.46462679,497754.34000000,1278.16,1.52594644,95.88597149,exact_date_with_local_tdx_chinext_calendar,date_validated_by_local_tdx_only,False
2018-12-21,7576.53736223,495999.02000000,1270.3,1.52753071,95.29632408,exact_date_with_local_tdx_chinext_calendar,date_validated_by_local_tdx_only,False
2018-12-24,7578.18244398,491664.09000000,1284.33,1.54133332,96.34883721,exact_date_with_local_tdx_chinext_calendar,date_validated_by_local_tdx_only,False
2018-12-25,7565.57333655,494366.41000000,1273.45,1.53035748,95.53263316,exact_date_with_local_tdx_chinext_calendar,date_validated_by_local_tdx_only,False
2018-12-26,7559.89984281,490408.61000000,1264.07,1.54155121,94.82895724,exact_date_with_local_tdx_chinext_calendar,date_validated_by_local_tdx_only,False
2018-12-27,7551.78715294,488962.19000000,1248.08,1.54445217,93.62940735,exact_date_with_local_tdx_chinext_calendar,date_validated_by_local_tdx_only,False
2018-12-28,7489.80879084,484979.27000000,1250.53,1.54435648,93.81320330,exact_date_with_local_tdx_chinext_calendar,date_validated_by_local_tdx_only,False
2019-01-02,7497.52036777,486950.23000000,1228.77,1.53968925,92.18079520,exact_date_with_local_tdx_chinext_calendar,date_validated_by_local_tdx_only,False
2019-01-03,7489.71154637,481491.86000000,1214.5,1.55552195,91.11027757,exact_date_with_local_tdx_chinext_calendar,date_validated_by_local_tdx_only,False
2019-01-04,7501.64432913,480430.87000000,1245.16,1.56144095,93.41035259,exact_date_with_local_tdx_chinext_calendar,date_validated_by_local_tdx_only,False
2019-01-07,7509.63218970,491334.11000000,1268.06,1.52841662,95.12828207,exact_date_with_local_tdx_chinext_calendar,date_validated_by_local_tdx_only,False
2019-01-08,7503.96086955,496186.13000000,1263.51,1.51232782,94.78694674,exact_date_with_local_tdx_chinext_calendar,date_validated_by_local_tdx_only,False
2019-01-09,7493.26137994,495525.70000000,1262.52,1.51218421,94.71267817,exact_date_with_local_tdx_chinext_calendar,date_validated_by_local_tdx_only,False
2019-01-10,7490.01108590,498995.53000000,1258.99,1.50101767,94.44786197,exact_date_with_local_tdx_chinext_calendar,date_validated_by_local_tdx_only,False
2019-01-11,7472.45545000,497207.75000000,1261.56,1.50288395,94.64066017,exact_date_with_local_tdx_chinext_calendar,date_validated_by_local_tdx_only,False
2019-01-14,7477.77559593,500874.63000000,1246,1.49294357,93.47336834,exact_date_with_local_tdx_chinext_calendar,date_validated_by_local_tdx_only,False
2019-01-15,7470.88351371,497196.66000000,1266.27,1.50260131,94.99399850,exact_date_with_local_tdx_chinext_calendar,date_validated_by_local_tdx_only,False
2019-01-16,7446.78256449,504169.36000000,1267.3,1.47703989,95.07126782,exact_date_with_local_tdx_chinext_calendar,date_validated_by_local_tdx_only,False
2019-01-17,7434.80283879,504443.58000000,1251.41,1.47386212,93.87921980,exact_date_with_local_tdx_chinext_calendar,date_validated_by_local_tdx_only,False
2019-01-18,7402.13859415,501888.87000000,1269.5,1.47485610,95.23630908,exact_date_with_local_tdx_chinext_calendar,date_validated_by_local_tdx_only,False
2019-01-21,7399.56489546,509016.63000000,1274.79,1.45369806,95.63315829,exact_date_with_local_tdx_chinext_calendar,date_validated_by_local_tdx_only,False
2019-01-22,7414.63830405,512484.61000000,1252.24,1.44680214,93.94148537,exact_date_with_local_tdx_chinext_calendar,date_validated_by_local_tdx_only,False
2019-01-23,7410.22110148,506570.09000000,1251.13,1.46282247,93.85821455,exact_date_with_local_tdx_chinext_calendar,date_validated_by_local_tdx_only,False
2019-01-24,7403.68415015,507254.14000000,1265.16,1.45956111,94.91072768,exact_date_with_local_tdx_chinext_calendar,date_validated_by_local_tdx_only,False
2019-01-25,7351.02448926,509649.54000000,1265.49,1.44236851,94.93548387,exact_date_with_local_tdx_chinext_calendar,date_validated_by_local_tdx_only,False
2019-01-28,7329.99634072,511123.77000000,1259.74,1.43409420,94.50412603,exact_date_with_local_tdx_chinext_calendar,date_validated_by_local_tdx_only,False
2019-01-29,7303.78258175,509909.08000000,1243.59,1.43236959,93.29257314,exact_date_with_local_tdx_chinext_calendar,date_validated_by_local_tdx_only,False
2019-01-30,7270.39968572,508118.24000000,1230.82,1.43084800,92.33458365,exact_date_with_local_tdx_chinext_calendar,date_validated_by_local_tdx_only,False
2019-01-31,7219.50469329,504213.86000000,1227.99,1.43183384,92.12228057,exact_date_with_local_tdx_chinext_calendar,date_validated_by_local_tdx_only,False
2019-02-01,7109.21371954,505096.15000000,1271.27,1.40749711,95.36909227,exact_date_with_local_tdx_chinext_calendar,date_validated_by_local_tdx_only,False
2019-02-11,7159.84905255,513669.05000000,1316.1,1.39386421,98.73218305,exact_date_with_local_tdx_chinext_calendar,date_validated_by_local_tdx_only,False
2019-02-12,7193.12181567,523022.49000000,1332.27,1.37529876,99.94523631,exact_date_with_local_tdx_chinext_calendar,date_validated_by_local_tdx_only,False
2019-02-13,7243.18112843,527417.84000000,1357.67,1.37332881,101.85071268,exact_date_with_local_tdx_chinext_calendar,date_validated_by_local_tdx_only,False
2019-02-14,7280.93006967,537004.53000000,1361.94,1.35584146,102.17104276,exact_date_with_local_tdx_chinext_calendar,date_validated_by_local_tdx_only,False
2019-02-15,7323.74080248,537762.78000000,1357.84,1.36189061,101.86346587,exact_date_with_local_tdx_chinext_calendar,date_validated_by_local_tdx_only,False
2019-02-18,7374.87337150,531311.96000000,1413.6,1.38804957,106.04651163,exact_date_with_local_tdx_chinext_calendar,date_validated_by_local_tdx_only,False
2019-02-19,7434.85617661,547471.33000000,1406.04,1.35803571,105.47936984,exact_date_with_local_tdx_chinext_calendar,date_validated_by_local_tdx_only,False
2019-02-20,7480.19246950,548056.72000000,1408.38,1.36485736,105.65491373,exact_date_with_local_tdx_chinext_calendar,date_validated_by_local_tdx_only,False
2019-02-21,7517.70477596,549545.19000000,1412.54,1.36798664,105.96699175,exact_date_with_local_tdx_chinext_calendar,date_validated_by_local_tdx_only,False
2019-02-22,7572.03531639,547815.04000000,1456.3,1.38222480,109.24981245,exact_date_with_local_tdx_chinext_calendar,date_validated_by_local_tdx_only,False
2019-02-25,7751.68219640,558872.40000000,1536.37,1.38702183,115.25656414,exact_date_with_local_tdx_chinext_calendar,date_validated_by_local_tdx_only,False
2019-02-26,7849.14237281,590564.38000000,1546.99,1.32909174,116.05326332,exact_date_with_local_tdx_chinext_calendar,date_validated_by_local_tdx_only,False
2019-02-27,7947.82505830,586476.49000000,1520.42,1.35518221,114.06001500,exact_date_with_local_tdx_chinext_calendar,date_validated_by_local_tdx_only,False
2019-02-28,7965.02575653,587065.94000000,1535.68,1.35675147,115.20480120,exact_date_with_local_tdx_chinext_calendar,date_validated_by_local_tdx_only,False
2019-03-01,7962.16048275,585821.47000000,1567.87,1.35914453,117.61965491,exact_date_with_local_tdx_chinext_calendar,date_validated_by_local_tdx_only,False
2019-03-04,8070.01635205,595946.43000000,1619.71,1.35415130,121.50862716,exact_date_with_local_tdx_chinext_calendar,date_validated_by_local_tdx_only,False
2019-03-05,8202.96344039,604704.30000000,1676.57,1.35652474,125.77419355,exact_date_with_local_tdx_chinext_calendar,date_validated_by_local_tdx_only,False
2019-03-06,8332.78263691,612471.49000000,1700.5,1.36051764,127.56939235,exact_date_with_local_tdx_chinext_calendar,date_validated_by_local_tdx_only,False
2019-03-07,8494.94932755,621651.25000000,1692.42,1.36651367,126.96324081,exact_date_with_local_tdx_chinext_calendar,date_validated_by_local_tdx_only,False
2019-03-08,8549.69817975,622662.64000000,1654.49,1.37308675,124.11777944,exact_date_with_local_tdx_chinext_calendar,date_validated_by_local_tdx_only,False
2019-03-11,8683.86129877,596681.50000000,1727.8,1.45535957,129.61740435,exact_date_with_local_tdx_chinext_calendar,date_validated_by_local_tdx_only,False
2019-03-12,8772.42279360,611793.00000000,1773.43,1.43388741,133.04051013,exact_date_with_local_tdx_chinext_calendar,date_validated_by_local_tdx_only,False
2019-03-13,8811.65369781,619534.14000000,1693.86,1.42230317,127.07126782,exact_date_with_local_tdx_chinext_calendar,date_validated_by_local_tdx_only,False
2019-03-14,8799.98315028,610365.44000000,1650.19,1.44175646,123.79519880,exact_date_with_local_tdx_chinext_calendar,date_validated_by_local_tdx_only,False
2019-03-15,8773.19614007,601188.48000000,1662.62,1.45930876,124.72768192,exact_date_with_local_tdx_chinext_calendar,date_validated_by_local_tdx_only,False
2019-03-18,8835.18690421,608295.86000000,1707.06,1.45244896,128.06151538,exact_date_with_local_tdx_chinext_calendar,date_validated_by_local_tdx_only,False
2019-03-19,8891.43838839,623608.35000000,1708.87,1.42580490,128.19729932,exact_date_with_local_tdx_chinext_calendar,date_validated_by_local_tdx_only,False
2019-03-20,8929.35753260,623259.60000000,1687.9,1.43268672,126.62415604,exact_date_with_local_tdx_chinext_calendar,date_validated_by_local_tdx_only,False
2019-03-21,9022.86442149,622822.96000000,1703.85,1.44870453,127.82070518,exact_date_with_local_tdx_chinext_calendar,date_validated_by_local_tdx_only,False
2019-03-22,9016.89612789,625586.19000000,1693.87,1.44135153,127.07201800,exact_date_with_local_tdx_chinext_calendar,date_validated_by_local_tdx_only,False
2019-03-25,9095.09268943,626259.81000000,1668.84,1.45228746,125.19429857,exact_date_with_local_tdx_chinext_calendar,date_validated_by_local_tdx_only,False
2019-03-26,9083.43926680,614788.01000000,1630.19,1.47749128,122.29482371,exact_date_with_local_tdx_chinext_calendar,date_validated_by_local_tdx_only,False
2019-03-27,9105.70521728,604788.08000000,1637.77,1.50560263,122.86346587,exact_date_with_local_tdx_chinext_calendar,date_validated_by_local_tdx_only,False
2019-03-28,9114.07388028,610217.07000000,1626.82,1.49357898,122.04201050,exact_date_with_local_tdx_chinext_calendar,date_validated_by_local_tdx_only,False
2019-03-29,9132.37386617,604701.69000000,1693.55,1.51022794,127.04801200,exact_date_with_local_tdx_chinext_calendar,date_validated_by_local_tdx_only,False
2019-04-01,9213.82856114,624479.12000000,1760.89,1.47544222,132.09977494,exact_date_with_local_tdx_chinext_calendar,date_validated_by_local_tdx_only,False
2019-04-02,9293.65809451,642785.52000000,1754.16,1.44584123,131.59489872,exact_date_with_local_tdx_chinext_calendar,date_validated_by_local_tdx_only,False
2019-04-03,9352.78835482,644139.63000000,1768.18,1.45198151,132.64666167,exact_date_with_local_tdx_chinext_calendar,date_validated_by_local_tdx_only,False
2019-04-04,9369.24253184,651303.50000000,1777.26,1.43853711,133.32783196,exact_date_with_local_tdx_chinext_calendar,date_validated_by_local_tdx_only,False
2019-04-08,9510.75568356,656924.08000000,1739.66,1.44777090,130.50712678,exact_date_with_local_tdx_chinext_calendar,date_validated_by_local_tdx_only,False
2019-04-09,9555.27529946,655370.08000000,1741.17,1.45799688,130.62040510,exact_date_with_local_tdx_chinext_calendar,date_validated_by_local_tdx_only,False
2019-04-10,9602.15635846,656195.37000000,1726.64,1.46330754,129.53038260,exact_date_with_local_tdx_chinext_calendar,date_validated_by_local_tdx_only,False
2019-04-11,9599.03512307,655878.24000000,1691.1,1.46353920,126.86421605,exact_date_with_local_tdx_chinext_calendar,date_validated_by_local_tdx_only,False
2019-04-12,9571.04750644,644201.75000000,1695.73,1.48572206,127.21155289,exact_date_with_local_tdx_chinext_calendar,date_validated_by_local_tdx_only,False
2019-04-15,9590.72004813,643803.78000000,1666.9,1.48969614,125.04876219,exact_date_with_local_tdx_chinext_calendar,date_validated_by_local_tdx_only,False
2019-04-16,9664.49632851,641200.70000000,1697.53,1.50724981,127.34658665,exact_date_with_local_tdx_chinext_calendar,date_validated_by_local_tdx_only,False
2019-04-17,9717.58270861,656573.22000000,1717.44,1.48004555,128.84021005,exact_date_with_local_tdx_chinext_calendar,date_validated_by_local_tdx_only,False
2019-04-18,9741.30920060,659553.96000000,1704.55,1.47695409,127.87321830,exact_date_with_local_tdx_chinext_calendar,date_validated_by_local_tdx_only,False
2019-04-19,9755.62369957,656064.94000000,1715.8,1.48699056,128.71717929,exact_date_with_local_tdx_chinext_calendar,date_validated_by_local_tdx_only,False
2019-04-22,9800.81439133,661274.38000000,1697.51,1.48211010,127.34508627,exact_date_with_local_tdx_chinext_calendar,date_validated_by_local_tdx_only,False
2019-04-23,9784.77623861,649956.06000000,1683.8,1.50545196,126.31657914,exact_date_with_local_tdx_chinext_calendar,date_validated_by_local_tdx_only,False
2019-04-24,9822.58771682,645048.37000000,1718.85,1.52276762,128.94598650,exact_date_with_local_tdx_chinext_calendar,date_validated_by_local_tdx_only,False
2019-04-25,9769.15526913,647909.28000000,1669.98,1.50779678,125.27981995,exact_date_with_local_tdx_chinext_calendar,date_validated_by_local_tdx_only,False
2019-04-26,9738.58973480,630588.44000000,1657.82,1.54436541,124.36759190,exact_date_with_local_tdx_chinext_calendar,date_validated_by_local_tdx_only,False
2019-04-29,9649.16157778,623181.10000000,1615.62,1.54837199,121.20180045,exact_date_with_local_tdx_chinext_calendar,date_validated_by_local_tdx_only,False
2019-04-30,9524.97290000,615814.23000000,1623.78,1.54672829,121.81395349,exact_date_with_local_tdx_chinext_calendar,date_validated_by_local_tdx_only,False
2019-05-10,9342.37097291,591676.73000000,1533.87,1.57896542,115.06901725,exact_date_with_local_tdx_chinext_calendar,date_validated_by_local_tdx_only,False
2019-05-13,9310.29119089,584681.99000000,1503.06,1.59236839,112.75768942,exact_date_with_local_tdx_chinext_calendar,date_validated_by_local_tdx_only,False
2019-05-15,9301.90970172,592724.83000000,1528.69,1.56934706,114.68042011,exact_date_with_local_tdx_chinext_calendar,date_validated_by_local_tdx_only,False
2019-05-16,9299.45479013,596885.18000000,1533.67,1.55799727,115.05401350,exact_date_with_local_tdx_chinext_calendar,date_validated_by_local_tdx_only,False
2019-05-17,9244.79646305,580950.44000000,1478.75,1.59132274,110.93398350,exact_date_with_local_tdx_chinext_calendar,date_validated_by_local_tdx_only,False
2019-05-20,9242.31630525,578129.64000000,1469.31,1.59865810,110.22580645,exact_date_with_local_tdx_chinext_calendar,date_validated_by_local_tdx_only,False
2019-05-21,9252.46006082,586081.81000000,1493.72,1.57869770,112.05701425,exact_date_with_local_tdx_chinext_calendar,date_validated_by_local_tdx_only,False
2019-05-22,9234.76054170,583199.41000000,1488.63,1.58346534,111.67516879,exact_date_with_local_tdx_chinext_calendar,date_validated_by_local_tdx_only,False
2019-05-23,9206.57306571,573459.54000000,1451.24,1.60544422,108.87021755,exact_date_with_local_tdx_chinext_calendar,date_validated_by_local_tdx_only,False
2019-05-27,9209.13991324,582481.06000000,1491.95,1.58101963,111.92423106,exact_date_with_local_tdx_chinext_calendar,date_validated_by_local_tdx_only,False
2019-05-28,9187.76474255,585759.61000000,1505.16,1.56852138,112.91522881,exact_date_with_local_tdx_chinext_calendar,date_validated_by_local_tdx_only,False
2019-05-29,9191.07122015,586416.46000000,1497.89,1.56732831,112.36984246,exact_date_with_local_tdx_chinext_calendar,date_validated_by_local_tdx_only,False
2019-05-30,9184.65511238,584007.41000000,1485.24,1.57269496,111.42085521,exact_date_with_local_tdx_chinext_calendar,date_validated_by_local_tdx_only,False
2019-06-03,9131.66764623,580011.64000000,1468.98,1.57439386,110.20105026,exact_date_with_local_tdx_chinext_calendar,date_validated_by_local_tdx_only,False
2019-06-04,9095.31314819,573948.76000000,1456.27,1.58469079,109.24756189,exact_date_with_local_tdx_chinext_calendar,date_validated_by_local_tdx_only,False
2019-06-05,9073.39318435,574139.59000000,1451.18,1.58034620,108.86571643,exact_date_with_local_tdx_chinext_calendar,date_validated_by_local_tdx_only,False
2019-06-10,9012.83755076,571921.11000000,1431.34,1.57588825,107.37734434,exact_date_with_local_tdx_chinext_calendar,date_validated_by_local_tdx_only,False
2019-06-11,9029.77196751,588288.23000000,1487.35,1.53492311,111.57914479,exact_date_with_local_tdx_chinext_calendar,date_validated_by_local_tdx_only,False
2019-06-12,9047.55142315,584712.76000000,1473.9,1.54734975,110.57014254,exact_date_with_local_tdx_chinext_calendar,date_validated_by_local_tdx_only,False
2019-06-13,9064.17991324,585289.87000000,1479.83,1.54866509,111.01500375,exact_date_with_local_tdx_chinext_calendar,date_validated_by_local_tdx_only,False
2019-06-17,9019.08217730,578648.87000000,1442.35,1.55864509,108.20330083,exact_date_with_local_tdx_chinext_calendar,date_validated_by_local_tdx_only,False
2019-06-18,9006.06609381,579634.92000000,1455.75,1.55374802,109.20855214,exact_date_with_local_tdx_chinext_calendar,date_validated_by_local_tdx_only,False
2019-06-19,8997.80504424,586410.21000000,1469.99,1.53438751,110.27681920,exact_date_with_local_tdx_chinext_calendar,date_validated_by_local_tdx_only,False
2019-06-20,9020.20687618,599548.62000000,1498.01,1.50449965,112.37884471,exact_date_with_local_tdx_chinext_calendar,date_validated_by_local_tdx_only,False
2019-06-24,9051.17998667,604431.10000000,1514.46,1.49747093,113.61290323,exact_date_with_local_tdx_chinext_calendar,date_validated_by_local_tdx_only,False
2019-06-25,9066.69926335,598746.28000000,1498.47,1.51428068,112.41335334,exact_date_with_local_tdx_chinext_calendar,date_validated_by_local_tdx_only,False
2019-06-26,9062.42770658,598281.55000000,1504.55,1.51474297,112.86946737,exact_date_with_local_tdx_chinext_calendar,date_validated_by_local_tdx_only,False
2019-06-27,9065.55495624,603306.48000000,1525.24,1.50264505,114.42160540,exact_date_with_local_tdx_chinext_calendar,date_validated_by_local_tdx_only,False
2019-07-01,9069.10523587,615239.41000000,1568.16,1.47407742,117.64141035,exact_date_with_local_tdx_chinext_calendar,date_validated_by_local_tdx_only,False
2019-07-02,9083.43237365,615690.91000000,1570.51,1.47532345,117.81770443,exact_date_with_local_tdx_chinext_calendar,date_validated_by_local_tdx_only,False
2019-07-03,9112.07627423,609595.14000000,1544.36,1.49477509,115.85596399,exact_date_with_local_tdx_chinext_calendar,date_validated_by_local_tdx_only,False
2019-07-04,9113.34343414,607219.04000000,1532.74,1.50083295,114.98424606,exact_date_with_local_tdx_chinext_calendar,date_validated_by_local_tdx_only,False
2019-07-08,9085.06288414,593581.84000000,1506.66,1.53054933,113.02775694,exact_date_with_local_tdx_chinext_calendar,date_validated_by_local_tdx_only,False
2019-07-09,9074.90379574,593136.07000000,1517.79,1.52998684,113.86271568,exact_date_with_local_tdx_chinext_calendar,date_validated_by_local_tdx_only,False
2019-07-10,9068.18872375,589615.78000000,1510.43,1.53798271,113.31057764,exact_date_with_local_tdx_chinext_calendar,date_validated_by_local_tdx_only,False
2019-07-11,9045.66135793,589915.41000000,1514.2,1.53338279,113.59339835,exact_date_with_local_tdx_chinext_calendar,date_validated_by_local_tdx_only,False
2019-07-15,9046.82920896,596571.35000000,1547.47,1.51647061,116.08927232,exact_date_with_local_tdx_chinext_calendar,date_validated_by_local_tdx_only,False
2019-07-16,9044.10003057,595929.91000000,1545.27,1.51764492,115.92423106,exact_date_with_local_tdx_chinext_calendar,date_validated_by_local_tdx_only,False
2019-07-17,9053.56598429,595703.33000000,1550.22,1.51981121,116.29557389,exact_date_with_local_tdx_chinext_calendar,date_validated_by_local_tdx_only,False
2019-07-18,9035.54146301,588918.15000000,1524.48,1.53426099,114.36459115,exact_date_with_local_tdx_chinext_calendar,date_validated_by_local_tdx_only,False
2019-07-22,8982.64296903,590917.14000000,1515.97,1.52011887,113.72618155,exact_date_with_local_tdx_chinext_calendar,date_validated_by_local_tdx_only,False
2019-07-23,8967.42999195,593888.96000000,1534.93,1.50995061,115.14853713,exact_date_with_local_tdx_chinext_calendar,date_validated_by_local_tdx_only,False
2019-07-24,8974.57782337,599717.86000000,1553.72,1.49646666,116.55813953,exact_date_with_local_tdx_chinext_calendar,date_validated_by_local_tdx_only,False
2019-07-25,8979.28957149,603231.42000000,1566.08,1.48853148,117.48537134,exact_date_with_local_tdx_chinext_calendar,date_validated_by_local_tdx_only,False
2019-07-29,8984.61734607,603875.19000000,1566.52,1.48782687,117.51837959,exact_date_with_local_tdx_chinext_calendar,date_validated_by_local_tdx_only,False
2019-07-30,8979.63881955,606615.48000000,1580.13,1.48028514,118.53938485,exact_date_with_local_tdx_chinext_calendar,date_validated_by_local_tdx_only,False
2019-07-31,8974.83914167,602653.65000000,1570.39,1.48922008,117.80870218,exact_date_with_local_tdx_chinext_calendar,date_validated_by_local_tdx_only,False
2019-08-01,8980.69083069,598931.08000000,1573.87,1.49945313,118.06976744,exact_date_with_local_tdx_chinext_calendar,date_validated_by_local_tdx_only,False
2019-08-05,8950.24988685,582400.36000000,1531.37,1.53678646,114.88147037,exact_date_with_local_tdx_chinext_calendar,date_validated_by_local_tdx_only,False
2019-08-06,8902.63389650,572675.96000000,1507.91,1.55456742,113.12153038,exact_date_with_local_tdx_chinext_calendar,date_validated_by_local_tdx_only,False
2019-08-07,8865.32680530,570677.34000000,1500.25,1.55347447,112.54688672,exact_date_with_local_tdx_chinext_calendar,date_validated_by_local_tdx_only,False
2019-08-08,8846.48855486,576630.82000000,1522.97,1.53416853,114.25131283,exact_date_with_local_tdx_chinext_calendar,date_validated_by_local_tdx_only,False
2019-08-12,8817.99942562,580736.77000000,1539.91,1.51841590,115.52213053,exact_date_with_local_tdx_chinext_calendar,date_validated_by_local_tdx_only,False
2019-08-13,8822.81123578,576846.68000000,1524.36,1.52948982,114.35558890,exact_date_with_local_tdx_chinext_calendar,date_validated_by_local_tdx_only,False
2019-08-14,8831.60750435,579687.47000000,1536.66,1.52351189,115.27831958,exact_date_with_local_tdx_chinext_calendar,date_validated_by_local_tdx_only,False
2019-08-15,8822.56193063,581695.16000000,1555.77,1.51669853,116.71192798,exact_date_with_local_tdx_chinext_calendar,date_validated_by_local_tdx_only,False
2019-08-19,8930.46713473,597280.75000000,1622.84,1.49518750,121.74343586,exact_date_with_local_tdx_chinext_calendar,date_validated_by_local_tdx_only,False
2019-08-20,8975.32089915,596791.31000000,1611.59,1.50392956,120.89947487,exact_date_with_local_tdx_chinext_calendar,date_validated_by_local_tdx_only,False
2019-08-21,9006.13385862,596209.91000000,1609.83,1.51056427,120.76744186,exact_date_with_local_tdx_chinext_calendar,date_validated_by_local_tdx_only,False
2019-08-22,9039.63376592,597128.45000000,1613.46,1.51385079,121.03975994,exact_date_with_local_tdx_chinext_calendar,date_validated_by_local_tdx_only,False
2019-08-26,9070.24548182,594620.65000000,1600.8,1.52538353,120.09002251,exact_date_with_local_tdx_chinext_calendar,date_validated_by_local_tdx_only,False
2019-08-27,9087.79764532,603586.62000000,1628.12,1.50563272,122.13953488,exact_date_with_local_tdx_chinext_calendar,date_validated_by_local_tdx_only,False
2019-08-28,9114.92419503,602201.05000000,1625.19,1.51360151,121.91972993,exact_date_with_local_tdx_chinext_calendar,date_validated_by_local_tdx_only,False
2019-08-29,9145.74711945,601582.18000000,1620.86,1.52028225,121.59489872,exact_date_with_local_tdx_chinext_calendar,date_validated_by_local_tdx_only,False
2019-09-02,9181.68534536,609350.50000000,1652.29,1.50679869,123.95273818,exact_date_with_local_tdx_chinext_calendar,date_validated_by_local_tdx_only,False
2019-09-03,9208.92330518,611986.91000000,1660.43,1.50475822,124.56339085,exact_date_with_local_tdx_chinext_calendar,date_validated_by_local_tdx_only,False
2019-09-04,9242.52245707,617190.45000000,1669.41,1.49751547,125.23705926,exact_date_with_local_tdx_chinext_calendar,date_validated_by_local_tdx_only,False
2019-09-05,9308.87577125,623180.54000000,1689.05,1.49376869,126.71042761,exact_date_with_local_tdx_chinext_calendar,date_validated_by_local_tdx_only,False
2019-09-09,9427.80295109,633052.13000000,1733.23,1.48926171,130.02475619,exact_date_with_local_tdx_chinext_calendar,date_validated_by_local_tdx_only,False
2019-09-10,9480.37287864,632213.32000000,1725.31,1.49955285,129.43060765,exact_date_with_local_tdx_chinext_calendar,date_validated_by_local_tdx_only,False
2019-09-11,9510.17959269,628972.29000000,1703.54,1.51201885,127.79744936,exact_date_with_local_tdx_chinext_calendar,date_validated_by_local_tdx_only,False
2019-09-16,9546.72742151,633356.49000000,1714.37,1.50732290,128.60990248,exact_date_with_local_tdx_chinext_calendar,date_validated_by_local_tdx_only,False
2019-09-17,9562.45865591,622112.48000000,1677.99,1.53709481,125.88072018,exact_date_with_local_tdx_chinext_calendar,date_validated_by_local_tdx_only,False
2019-09-18,9574.41059865,623827.96000000,1679.31,1.53478382,125.97974494,exact_date_with_local_tdx_chinext_calendar,date_validated_by_local_tdx_only,False
2019-09-19,9602.21606893,627853.92000000,1705.6,1.52937105,127.95198800,exact_date_with_local_tdx_chinext_calendar,date_validated_by_local_tdx_only,False
2019-09-23,9604.66355218,623285.30000000,1684.32,1.54097386,126.35558890,exact_date_with_local_tdx_chinext_calendar,date_validated_by_local_tdx_only,False
2019-09-24,9604.45874274,625102.12000000,1694.6,1.53646235,127.12678170,exact_date_with_local_tdx_chinext_calendar,date_validated_by_local_tdx_only,False
2019-09-25,9572.66196092,617912.35000000,1672.65,1.54919415,125.48012003,exact_date_with_local_tdx_chinext_calendar,date_validated_by_local_tdx_only,False
2019-09-26,9521.55883150,609214.55000000,1623.79,1.56292374,121.81470368,exact_date_with_local_tdx_chinext_calendar,date_validated_by_local_tdx_only,False
2019-10-08,9426.30306463,607609.93000000,1616.58,1.55137410,121.27381845,exact_date_with_local_tdx_chinext_calendar,date_validated_by_local_tdx_only,False
2019-10-09,9441.62447431,610695.89000000,1622.42,1.54604356,121.71192798,exact_date_with_local_tdx_chinext_calendar,date_validated_by_local_tdx_only,False
2019-10-10,9467.93828480,616642.13000000,1666.97,1.53540244,125.05401350,exact_date_with_local_tdx_chinext_calendar,date_validated_by_local_tdx_only,False
2019-10-14,9507.53255699,628868.90000000,1679.38,1.51184652,125.98499625,exact_date_with_local_tdx_chinext_calendar,date_validated_by_local_tdx_only,False
2019-10-15,9494.31451147,624435.50000000,1660.89,1.52046360,124.59789947,exact_date_with_local_tdx_chinext_calendar,date_validated_by_local_tdx_only,False
2019-10-16,9502.58085463,621781.95000000,1656.37,1.52828188,124.25881470,exact_date_with_local_tdx_chinext_calendar,date_validated_by_local_tdx_only,False
2019-10-17,9503.49863750,621633.85000000,1658.26,1.52879362,124.40060015,exact_date_with_local_tdx_chinext_calendar,date_validated_by_local_tdx_only,False
2019-10-21,9474.39068368,614496.78000000,1644.51,1.54181291,123.36909227,exact_date_with_local_tdx_chinext_calendar,date_validated_by_local_tdx_only,False
2019-10-22,9485.49564626,618523.21000000,1666.87,1.53357150,125.04651163,exact_date_with_local_tdx_chinext_calendar,date_validated_by_local_tdx_only,False
2019-10-23,9492.33722553,615640.23000000,1650.29,1.54186435,123.80270068,exact_date_with_local_tdx_chinext_calendar,date_validated_by_local_tdx_only,False
2019-10-24,9505.37830996,615404.24000000,1653.86,1.54457472,124.07051763,exact_date_with_local_tdx_chinext_calendar,date_validated_by_local_tdx_only,False
2019-10-28,9562.16493547,625874.20000000,1704.42,1.52780941,127.86346587,exact_date_with_local_tdx_chinext_calendar,date_validated_by_local_tdx_only,False
2019-10-29,9555.12054206,621374.33000000,1686.58,1.53773983,126.52513128,exact_date_with_local_tdx_chinext_calendar,date_validated_by_local_tdx_only,False
2019-10-30,9554.00268045,617872.22000000,1684.08,1.54627484,126.33758440,exact_date_with_local_tdx_chinext_calendar,date_validated_by_local_tdx_only,False
2019-10-31,9532.48068256,614681.44000000,1671.31,1.55080015,125.37959490,exact_date_with_local_tdx_chinext_calendar,date_validated_by_local_tdx_only,False
2019-11-04,9551.28804518,625458.33000000,1699.92,1.52708623,127.52588147,exact_date_with_local_tdx_chinext_calendar,date_validated_by_local_tdx_only,False
2019-11-05,9567.06836681,629044.54000000,1713.29,1.52088887,128.52888222,exact_date_with_local_tdx_chinext_calendar,date_validated_by_local_tdx_only,False
2019-11-06,9568.41938636,626315.21000000,1703.02,1.52773224,127.75843961,exact_date_with_local_tdx_chinext_calendar,date_validated_by_local_tdx_only,False
2019-11-07,9580.85451945,627852.95000000,1715.58,1.52597109,128.70067517,exact_date_with_local_tdx_chinext_calendar,date_validated_by_local_tdx_only,False
2019-11-11,9545.36559468,613079.91000000,1673.13,1.55695293,125.51612903,exact_date_with_local_tdx_chinext_calendar,date_validated_by_local_tdx_only,False
2019-11-12,9539.52042634,614107.35000000,1671.44,1.55339623,125.38934734,exact_date_with_local_tdx_chinext_calendar,date_validated_by_local_tdx_only,False
2019-11-13,9549.96176505,612834.56000000,1681.79,1.55832624,126.16579145,exact_date_with_local_tdx_chinext_calendar,date_validated_by_local_tdx_only,False
2019-11-14,9569.29215702,614652.72000000,1692.58,1.55686160,126.97524381,exact_date_with_local_tdx_chinext_calendar,date_validated_by_local_tdx_only,False
2019-11-18,9546.30042559,614468.08000000,1682.49,1.55358769,126.21830458,exact_date_with_local_tdx_chinext_calendar,date_validated_by_local_tdx_only,False
2019-11-19,9578.18307865,621689.58000000,1729.08,1.54066971,129.71342836,exact_date_with_local_tdx_chinext_calendar,date_validated_by_local_tdx_only,False
2019-11-20,9584.86414398,616904.94000000,1719.66,1.55370196,129.00675169,exact_date_with_local_tdx_chinext_calendar,date_validated_by_local_tdx_only,False
2019-11-21,9592.35057997,615331.18000000,1713.2,1.55889233,128.52213053,exact_date_with_local_tdx_chinext_calendar,date_validated_by_local_tdx_only,False
2019-11-25,9550.99618487,612033.00000000,1661.77,1.56053615,124.66391598,exact_date_with_local_tdx_chinext_calendar,date_validated_by_local_tdx_only,False
2019-11-26,9519.80376672,613875.28000000,1679.08,1.55077164,125.96249062,exact_date_with_local_tdx_chinext_calendar,date_validated_by_local_tdx_only,False
2019-11-27,9537.70842468,612876.15000000,1674.39,1.55622118,125.61065266,exact_date_with_local_tdx_chinext_calendar,date_validated_by_local_tdx_only,False
2019-11-28,9524.95194685,610620.62000000,1673.79,1.55988049,125.56564141,exact_date_with_local_tdx_chinext_calendar,date_validated_by_local_tdx_only,False
2019-11-29,9519.97894299,607847.50000000,1664.9,1.56617884,124.89872468,exact_date_with_local_tdx_chinext_calendar,date_validated_by_local_tdx_only,False
2019-12-02,9533.68501467,608796.18000000,1669.54,1.56598962,125.24681170,exact_date_with_local_tdx_chinext_calendar,date_validated_by_local_tdx_only,False
2019-12-03,9555.86165718,611223.48000000,1675.39,1.56339898,125.68567142,exact_date_with_local_tdx_chinext_calendar,date_validated_by_local_tdx_only,False
2019-12-04,9563.94774496,611057.12000000,1673.78,1.56514791,125.56489122,exact_date_with_local_tdx_chinext_calendar,date_validated_by_local_tdx_only,False
2019-12-05,9588.44129018,616415.84000000,1709.83,1.55551507,128.26931733,exact_date_with_local_tdx_chinext_calendar,date_validated_by_local_tdx_only,False
2019-12-09,9626.79606892,620354.41000000,1721.07,1.55182198,129.11252813,exact_date_with_local_tdx_chinext_calendar,date_validated_by_local_tdx_only,False
2019-12-10,9649.56340960,626687.97000000,1734.02,1.53977160,130.08402101,exact_date_with_local_tdx_chinext_calendar,date_validated_by_local_tdx_only,False
2019-12-11,9667.43642188,626954.08000000,1718.26,1.54196882,128.90172543,exact_date_with_local_tdx_chinext_calendar,date_validated_by_local_tdx_only,False
2019-12-12,9682.19644696,625545.08000000,1720.99,1.54780155,129.10652663,exact_date_with_local_tdx_chinext_calendar,date_validated_by_local_tdx_only,False
2019-12-16,9771.39208060,641426.03000000,1780.33,1.52338565,133.55813953,exact_date_with_local_tdx_chinext_calendar,date_validated_by_local_tdx_only,False
2019-12-17,9854.83332707,650018.16000000,1801.62,1.51608585,135.15528882,exact_date_with_local_tdx_chinext_calendar,date_validated_by_local_tdx_only,False
2019-12-18,9929.77586373,649973.59000000,1792.42,1.52771990,134.46511628,exact_date_with_local_tdx_chinext_calendar,date_validated_by_local_tdx_only,False
2019-12-19,9968.81166314,651346.14000000,1790.44,1.53049370,134.31657914,exact_date_with_local_tdx_chinext_calendar,date_validated_by_local_tdx_only,False
2019-12-23,9967.01558710,638179.21000000,1736.62,1.56178945,130.27906977,exact_date_with_local_tdx_chinext_calendar,date_validated_by_local_tdx_only,False
2019-12-24,9965.91766413,644124.03000000,1769.87,1.54720476,132.77344336,exact_date_with_local_tdx_chinext_calendar,date_validated_by_local_tdx_only,False
2019-12-25,9983.26786438,645083.07000000,1784.39,1.54759415,133.86271568,exact_date_with_local_tdx_chinext_calendar,date_validated_by_local_tdx_only,False
2019-12-26,10012.79953428,650372.95000000,1793.64,1.53954735,134.55663916,exact_date_with_local_tdx_chinext_calendar,date_validated_by_local_tdx_only,False
2019-12-30,10054.76117908,655607.33000000,1790.24,1.53365600,134.30157539,exact_date_with_local_tdx_chinext_calendar,date_validated_by_local_tdx_only,False
2020-01-02,10106.65789249,667904.26000000,1832.74,1.51318961,137.48987247,exact_date_with_local_tdx_chinext_calendar,date_validated_by_local_tdx_only,False
2020-01-06,10227.32880448,669399.04000000,1859.92,1.52783739,139.52888222,exact_date_with_local_tdx_chinext_calendar,date_validated_by_local_tdx_only,False
2020-01-07,10270.99183389,675364.66000000,1893.21,1.52080682,142.02625656,exact_date_with_local_tdx_chinext_calendar,date_validated_by_local_tdx_only,False
2020-01-08,10301.68660483,667388.14000000,1862.7,1.54358251,139.73743436,exact_date_with_local_tdx_chinext_calendar,date_validated_by_local_tdx_only,False
2020-01-09,10332.83032135,675431.55000000,1913.14,1.52981162,143.52138035,exact_date_with_local_tdx_chinext_calendar,date_validated_by_local_tdx_only,False
2020-01-13,10376.70807811,681389.67000000,1935.07,1.52287429,145.16654164,exact_date_with_local_tdx_chinext_calendar,date_validated_by_local_tdx_only,False
2020-01-14,10402.40085162,680015.59000000,1922.56,1.52972976,144.22805701,exact_date_with_local_tdx_chinext_calendar,date_validated_by_local_tdx_only,False
2020-01-15,10430.96025303,677158.73000000,1924.24,1.54040106,144.35408852,exact_date_with_local_tdx_chinext_calendar,date_validated_by_local_tdx_only,False
2020-01-16,10439.28065371,678280.83000000,1929.96,1.53907942,144.78319580,exact_date_with_local_tdx_chinext_calendar,date_validated_by_local_tdx_only,False
2020-01-20,10450.36238885,685322.56000000,1982.18,1.52488230,148.70067517,exact_date_with_local_tdx_chinext_calendar,date_validated_by_local_tdx_only,False
2020-01-21,10444.38784065,676195.82000000,1967.03,1.54458036,147.56414104,exact_date_with_local_tdx_chinext_calendar,date_validated_by_local_tdx_only,False
2020-01-22,10442.83349246,679464.21000000,1993.9,1.53692179,149.57989497,exact_date_with_local_tdx_chinext_calendar,date_validated_by_local_tdx_only,False
2020-02-03,10155.55421658,606583.71000000,1795.77,1.67422139,134.71642911,exact_date_with_local_tdx_chinext_calendar,date_validated_by_local_tdx_only,False
2020-02-04,10140.65922580,617603.42000000,1882.69,1.64193703,141.23705926,exact_date_with_local_tdx_chinext_calendar,date_validated_by_local_tdx_only,False
2020-02-05,10149.70893249,628365.70000000,1939.62,1.61525509,145.50787697,exact_date_with_local_tdx_chinext_calendar,date_validated_by_local_tdx_only,False
2020-02-06,10238.76230030,641963.36000000,2012.25,1.59491381,150.95648912,exact_date_with_local_tdx_chinext_calendar,date_validated_by_local_tdx_only,False
2020-02-10,10325.22798847,649895.03000000,2042.18,1.58875319,153.20180045,exact_date_with_local_tdx_chinext_calendar,date_validated_by_local_tdx_only,False
2020-02-11,10306.24246075,651605.41000000,2028.44,1.58166926,152.17104276,exact_date_with_local_tdx_chinext_calendar,date_validated_by_local_tdx_only,False
2020-02-12,10372.57591474,659393.43000000,2085.28,1.57304811,156.43510878,exact_date_with_local_tdx_chinext_calendar,date_validated_by_local_tdx_only,False
2020-02-13,10397.65327247,655198.04000000,2064.6,1.58694816,154.88372093,exact_date_with_local_tdx_chinext_calendar,date_validated_by_local_tdx_only,False
2020-02-17,10508.19725744,674874.56000000,2146.18,1.55705932,161.00375094,exact_date_with_local_tdx_chinext_calendar,date_validated_by_local_tdx_only,False
2020-02-18,10620.65261175,678031.25000000,2170.95,1.56639574,162.86196549,exact_date_with_local_tdx_chinext_calendar,date_validated_by_local_tdx_only,False
2020-02-19,10646.03786814,675203.98000000,2139.44,1.57671432,160.49812453,exact_date_with_local_tdx_chinext_calendar,date_validated_by_local_tdx_only,False
2020-02-20,10755.98221413,687614.98000000,2186.74,1.56424489,164.04651163,exact_date_with_local_tdx_chinext_calendar,date_validated_by_local_tdx_only,False
2020-02-21,10828.37530934,692240.22000000,2226.64,1.56425111,167.03975994,exact_date_with_local_tdx_chinext_calendar,date_validated_by_local_tdx_only,False
2020-02-24,10963.66919209,694415.32000000,2263.97,1.57883458,169.84021005,exact_date_with_local_tdx_chinext_calendar,date_validated_by_local_tdx_only,False
2020-02-25,11077.72802724,693469.87000000,2287.31,1.59743466,171.59114779,exact_date_with_local_tdx_chinext_calendar,date_validated_by_local_tdx_only,False
2020-02-26,11109.36888508,682770.72000000,2180.7,1.62710095,163.59339835,exact_date_with_local_tdx_chinext_calendar,date_validated_by_local_tdx_only,False
2020-02-27,11092.73824948,683933.76000000,2196.71,1.62190243,164.79444861,exact_date_with_local_tdx_chinext_calendar,date_validated_by_local_tdx_only,False
2020-03-02,10962.84541207,678067.93000000,2135.42,1.61677686,160.19654914,exact_date_with_local_tdx_chinext_calendar,date_validated_by_local_tdx_only,False
2020-03-03,11020.39691397,683864.95000000,2173.35,1.61148731,163.04201050,exact_date_with_local_tdx_chinext_calendar,date_validated_by_local_tdx_only,False
2020-03-04,11051.47979124,687057.09000000,2169.44,1.60852423,162.74868717,exact_date_with_local_tdx_chinext_calendar,date_validated_by_local_tdx_only,False
2020-03-05,11150.63044237,699920.59000000,2209.59,1.59312794,165.76069017,exact_date_with_local_tdx_chinext_calendar,date_validated_by_local_tdx_only,False
2020-03-09,11078.88626765,669744.19000000,2093.06,1.65419670,157.01875469,exact_date_with_local_tdx_chinext_calendar,date_validated_by_local_tdx_only,False
2020-03-10,11132.63606042,683444.68000000,2148.81,1.62890083,161.20105026,exact_date_with_local_tdx_chinext_calendar,date_validated_by_local_tdx_only,False
2020-03-11,11113.35613787,675416.05000000,2101.46,1.64540895,157.64891223,exact_date_with_local_tdx_chinext_calendar,date_validated_by_local_tdx_only,False
2020-03-12,11079.26926923,664119.22000000,2045.93,1.66826511,153.48312078,exact_date_with_local_tdx_chinext_calendar,date_validated_by_local_tdx_only,False
2020-03-16,10821.44469701,631224.89000000,1910.77,1.71435646,143.34358590,exact_date_with_local_tdx_chinext_calendar,date_validated_by_local_tdx_only,False
2020-03-17,10837.54983908,629235.22000000,1917.7,1.72233681,143.86346587,exact_date_with_local_tdx_chinext_calendar,date_validated_by_local_tdx_only,False
2020-03-18,10746.13146339,618533.96000000,1887.04,1.73735513,141.56339085,exact_date_with_local_tdx_chinext_calendar,date_validated_by_local_tdx_only,False
2020-03-19,10789.19566384,615181.89000000,1894.94,1.75382205,142.15603901,exact_date_with_local_tdx_chinext_calendar,date_validated_by_local_tdx_only,False
2020-03-23,10632.27306364,601799.50000000,1827.05,1.76674674,137.06301575,exact_date_with_local_tdx_chinext_calendar,date_validated_by_local_tdx_only,False
2020-03-24,10623.00087304,615598.43000000,1876.91,1.72563807,140.80345086,exact_date_with_local_tdx_chinext_calendar,date_validated_by_local_tdx_only,False
2020-03-25,10636.85395567,630517.60000000,1937.85,1.68700350,145.37509377,exact_date_with_local_tdx_chinext_calendar,date_validated_by_local_tdx_only,False
2020-03-26,10595.00536803,626513.54000000,1927.28,1.69110557,144.58214554,exact_date_with_local_tdx_chinext_calendar,date_validated_by_local_tdx_only,False
2020-03-27,10537.40434736,626473.62000000,1903.88,1.68201885,142.82670668,exact_date_with_local_tdx_chinext_calendar,date_validated_by_local_tdx_only,False
2020-03-30,10500.85127628,617899.41000000,1860.48,1.69944349,139.57089272,exact_date_with_local_tdx_chinext_calendar,date_validated_by_local_tdx_only,False
2020-03-31,10474.44346031,619797.54000000,1871.92,1.68997822,140.42910728,exact_date_with_local_tdx_chinext_calendar,date_validated_by_local_tdx_only,False
2020-04-01,10429.95475437,617230.56000000,1864.8,1.68979883,139.89497374,exact_date_with_local_tdx_chinext_calendar,date_validated_by_local_tdx_only,False
2020-04-02,10443.33677318,629013.21000000,1916.95,1.66027304,143.80720180,exact_date_with_local_tdx_chinext_calendar,date_validated_by_local_tdx_only,False
2020-04-07,10429.71135376,640976.70000000,1969.78,1.62715920,147.77044261,exact_date_with_local_tdx_chinext_calendar,date_validated_by_local_tdx_only,False
2020-04-08,10426.41019065,639628.24000000,1964.76,1.63007346,147.39384846,exact_date_with_local_tdx_chinext_calendar,date_validated_by_local_tdx_only,False
2020-04-09,10444.72619863,643150.80000000,1997.14,1.62399335,149.82295574,exact_date_with_local_tdx_chinext_calendar,date_validated_by_local_tdx_only,False
2020-04-13,10374.17496803,630545.52000000,1923.08,1.64526979,144.26706677,exact_date_with_local_tdx_chinext_calendar,date_validated_by_local_tdx_only,False
2020-04-14,10377.79232940,641870.57000000,1985.43,1.61680451,148.94448612,exact_date_with_local_tdx_chinext_calendar,date_validated_by_local_tdx_only,False
2020-04-15,10378.54699021,638705.86000000,1977.51,1.62493374,148.35033758,exact_date_with_local_tdx_chinext_calendar,date_validated_by_local_tdx_only,False
2020-04-16,10399.85112337,641175.34000000,2008.39,1.62199799,150.66691673,exact_date_with_local_tdx_chinext_calendar,date_validated_by_local_tdx_only,False
2020-04-20,10414.63360044,649590.22000000,2043.44,1.60326207,153.29632408,exact_date_with_local_tdx_chinext_calendar,date_validated_by_local_tdx_only,False
2020-04-21,10424.87466934,643960.53000000,2023.94,1.61886858,151.83345836,exact_date_with_local_tdx_chinext_calendar,date_validated_by_local_tdx_only,False
2020-04-22,10454.99353406,649005.42000000,2043.17,1.61092546,153.27606902,exact_date_with_local_tdx_chinext_calendar,date_validated_by_local_tdx_only,False
2020-04-23,10453.56755404,647168.89000000,2029.52,1.61527659,152.25206302,exact_date_with_local_tdx_chinext_calendar,date_validated_by_local_tdx_only,False
2020-04-27,10369.12756111,641094.90000000,2018.67,1.61740915,151.43810953,exact_date_with_local_tdx_chinext_calendar,date_validated_by_local_tdx_only,False
2020-04-28,10326.44191201,639504.26000000,2030.72,1.61475733,152.34208552,exact_date_with_local_tdx_chinext_calendar,date_validated_by_local_tdx_only,False
2020-04-29,10285.42583038,641607.10000000,2030.48,1.60307232,152.32408102,exact_date_with_local_tdx_chinext_calendar,date_validated_by_local_tdx_only,False
2020-05-06,10335.07000487,658566.03000000,2110.27,1.56932935,158.30982746,exact_date_with_local_tdx_chinext_calendar,date_validated_by_local_tdx_only,False
2020-05-07,10394.57831455,657060.46000000,2106.84,1.58198202,158.05251313,exact_date_with_local_tdx_chinext_calendar,date_validated_by_local_tdx_only,False
2020-05-11,10471.20603496,663183.39000000,2102.83,1.57893068,157.75168792,exact_date_with_local_tdx_chinext_calendar,date_validated_by_local_tdx_only,False
2020-05-12,10500.66980102,663807.67000000,2124.15,1.58188437,159.35108777,exact_date_with_local_tdx_chinext_calendar,date_validated_by_local_tdx_only,False
2020-05-13,10531.49662390,666657.02000000,2140.68,1.57974735,160.59114779,exact_date_with_local_tdx_chinext_calendar,date_validated_by_local_tdx_only,False
2020-05-14,10548.73888829,660420.19000000,2117.65,1.59727686,158.86346587,exact_date_with_local_tdx_chinext_calendar,date_validated_by_local_tdx_only,False
2020-05-18,10553.00170689,660749.67000000,2114.86,1.59712554,158.65416354,exact_date_with_local_tdx_chinext_calendar,date_validated_by_local_tdx_only,False
2020-05-19,10588.99878260,668209.03000000,2144.12,1.58468358,160.84921230,exact_date_with_local_tdx_chinext_calendar,date_validated_by_local_tdx_only,False
2020-05-20,10588.57146528,663908.75000000,2118.12,1.59488355,158.89872468,exact_date_with_local_tdx_chinext_calendar,date_validated_by_local_tdx_only,False
2020-05-21,10582.12290796,658963.97000000,2099.43,1.60587276,157.49662416,exact_date_with_local_tdx_chinext_calendar,date_validated_by_local_tdx_only,False
2020-05-25,10535.06259468,646495.78000000,2052.3,1.62956402,153.96099025,exact_date_with_local_tdx_chinext_calendar,date_validated_by_local_tdx_only,False
2020-05-26,10559.51797807,656412.02000000,2112.97,1.60867224,158.51237809,exact_date_with_local_tdx_chinext_calendar,date_validated_by_local_tdx_only,False
2020-05-27,10554.87965079,653027.94000000,2071.47,1.61629832,155.39909977,exact_date_with_local_tdx_chinext_calendar,date_validated_by_local_tdx_only,False
2020-05-28,10546.48865960,653897.61000000,2054.96,1.61286545,154.16054014,exact_date_with_local_tdx_chinext_calendar,date_validated_by_local_tdx_only,False
2020-06-01,10620.10969668,673584.31000000,2158.22,1.57665634,161.90697674,exact_date_with_local_tdx_chinext_calendar,date_validated_by_local_tdx_only,False
2020-06-02,10661.43453098,675289.69000000,2145.29,1.57879421,160.93698425,exact_date_with_local_tdx_chinext_calendar,date_validated_by_local_tdx_only,False
2020-06-03,10689.08763320,676161.95000000,2143.12,1.58084726,160.77419355,exact_date_with_local_tdx_chinext_calendar,date_validated_by_local_tdx_only,False
2020-06-04,10708.44014485,676215.64000000,2151.39,1.58358363,161.39459865,exact_date_with_local_tdx_chinext_calendar,date_validated_by_local_tdx_only,False
2020-06-08,10743.35319049,680163.92000000,2153.56,1.57952412,161.55738935,exact_date_with_local_tdx_chinext_calendar,date_validated_by_local_tdx_only,False
2020-06-09,10760.48612994,684440.25000000,2181.59,1.57215858,163.66016504,exact_date_with_local_tdx_chinext_calendar,date_validated_by_local_tdx_only,False
2020-06-10,10780.90781854,683611.05000000,2201.99,1.57705289,165.19054764,exact_date_with_local_tdx_chinext_calendar,date_validated_by_local_tdx_only,False
2020-06-11,10809.90160186,679367.97000000,2195.64,1.59117033,164.71417854,exact_date_with_local_tdx_chinext_calendar,date_validated_by_local_tdx_only,False
2020-06-15,10850.56932757,674764.77000000,2219.55,1.60805214,166.50787697,exact_date_with_local_tdx_chinext_calendar,date_validated_by_local_tdx_only,False
2020-06-16,10922.07962638,685672.70000000,2260.46,1.59289988,169.57689422,exact_date_with_local_tdx_chinext_calendar,date_validated_by_local_tdx_only,False
2020-06-17,10957.62129851,686894.53000000,2263.96,1.59524073,169.83945986,exact_date_with_local_tdx_chinext_calendar,date_validated_by_local_tdx_only,False
2020-06-18,11007.26027947,688120.02000000,2266.03,1.59961343,169.99474869,exact_date_with_local_tdx_chinext_calendar,date_validated_by_local_tdx_only,False
2020-06-22,11114.51811628,696915.07000000,2342.88,1.59481673,175.75993998,exact_date_with_local_tdx_chinext_calendar,date_validated_by_local_tdx_only,False
2020-06-23,11155.91141738,699251.30000000,2382.05,1.59540803,178.69842461,exact_date_with_local_tdx_chinext_calendar,date_validated_by_local_tdx_only,False
2020-06-29,11192.09075978,697678.93000000,2372.54,1.60418930,177.98499625,exact_date_with_local_tdx_chinext_calendar,date_validated_by_local_tdx_only,False
2020-06-30,11313.74169320,706201.94000000,2438.2,1.60205475,182.91072768,exact_date_with_local_tdx_chinext_calendar,date_validated_by_local_tdx_only,False
2020-07-01,11421.61211516,714326.41000000,2419.63,1.59893460,181.51762941,exact_date_with_local_tdx_chinext_calendar,date_validated_by_local_tdx_only,False
2020-07-02,11550.10938190,727142.49000000,2424.39,1.58842449,181.87471868,exact_date_with_local_tdx_chinext_calendar,date_validated_by_local_tdx_only,False
2020-07-06,12035.90117790,778965.99000000,2529.49,1.54511254,189.75918980,exact_date_with_local_tdx_chinext_calendar,date_validated_by_local_tdx_only,False
2020-07-07,12299.93225723,786153.27000000,2591.26,1.56457179,194.39309827,exact_date_with_local_tdx_chinext_calendar,date_validated_by_local_tdx_only,False
2020-07-08,12606.98528942,800553.96000000,2651.97,1.57478270,198.94748687,exact_date_with_local_tdx_chinext_calendar,date_validated_by_local_tdx_only,False
2020-07-09,12846.75887735,815825.07000000,2757.65,1.57469528,206.87546887,exact_date_with_local_tdx_chinext_calendar,date_validated_by_local_tdx_only,False
2020-07-13,13319.16611526,823870.00000000,2889.43,1.61665871,216.76144036,exact_date_with_local_tdx_chinext_calendar,date_validated_by_local_tdx_only,False
2020-07-14,13450.17517388,817138.67000000,2858.67,1.64600889,214.45386347,exact_date_with_local_tdx_chinext_calendar,date_validated_by_local_tdx_only,False
2020-07-15,13464.92008064,802783.60000000,2813.06,1.67727892,211.03225806,exact_date_with_local_tdx_chinext_calendar,date_validated_by_local_tdx_only,False
2020-07-16,13419.39765243,770427.93000000,2646.26,1.74181090,198.51912978,exact_date_with_local_tdx_chinext_calendar,date_validated_by_local_tdx_only,False
2020-07-20,13445.69686415,795812.43000000,2697.3,1.68955603,202.34808702,exact_date_with_local_tdx_chinext_calendar,date_validated_by_local_tdx_only,False
2020-07-21,13449.29215645,799394.23000000,2736.51,1.68243548,205.28957239,exact_date_with_local_tdx_chinext_calendar,date_validated_by_local_tdx_only,False
2020-07-22,13503.96118862,805380.49000000,2769.03,1.67671819,207.72918230,exact_date_with_local_tdx_chinext_calendar,date_validated_by_local_tdx_only,False
2020-07-23,13581.02990985,803885.30000000,2799.67,1.68942384,210.02775694,exact_date_with_local_tdx_chinext_calendar,date_validated_by_local_tdx_only,False
2020-07-27,13449.91275638,770354.53000000,2631.76,1.74593804,197.43135784,exact_date_with_local_tdx_chinext_calendar,date_validated_by_local_tdx_only,False
2020-07-28,13459.10711328,778022.25000000,2666.52,1.72991288,200.03900975,exact_date_with_local_tdx_chinext_calendar,date_validated_by_local_tdx_only,False
2020-07-29,13583.66377100,797433.98000000,2767.4,1.70342174,207.60690173,exact_date_with_local_tdx_chinext_calendar,date_validated_by_local_tdx_only,False
2020-07-30,13653.11054502,795052.79000000,2743.63,1.71725837,205.82370593,exact_date_with_local_tdx_chinext_calendar,date_validated_by_local_tdx_only,False
2020-08-03,13941.12744304,820851.24000000,2868.88,1.69837441,215.21980495,exact_date_with_local_tdx_chinext_calendar,date_validated_by_local_tdx_only,False
2020-08-04,13979.54672102,819852.48000000,2832.84,1.70512953,212.51612903,exact_date_with_local_tdx_chinext_calendar,date_validated_by_local_tdx_only,False
2020-08-05,14087.55370735,823312.20000000,2860.24,1.71108283,214.57164291,exact_date_with_local_tdx_chinext_calendar,date_validated_by_local_tdx_only,False
2020-08-06,14126.66240447,822888.76000000,2814.37,1.71671593,211.13053263,exact_date_with_local_tdx_chinext_calendar,date_validated_by_local_tdx_only,False
2020-08-10,14083.66426505,817452.62000000,2735.26,1.72287224,205.19579895,exact_date_with_local_tdx_chinext_calendar,date_validated_by_local_tdx_only,False
2020-08-11,14028.63729358,806997.56000000,2688.7,1.73837419,201.70292573,exact_date_with_local_tdx_chinext_calendar,date_validated_by_local_tdx_only,False
2020-08-12,13990.90097747,801305.33000000,2635.5,1.74601372,197.71192798,exact_date_with_local_tdx_chinext_calendar,date_validated_by_local_tdx_only,False
2020-08-13,14005.96295571,802336.05000000,2622.64,1.74564797,196.74718680,exact_date_with_local_tdx_chinext_calendar,date_validated_by_local_tdx_only,False
2020-08-19,14170.92262236,820753.35000000,2612.84,1.72657506,196.01200300,exact_date_with_local_tdx_chinext_calendar,date_validated_by_local_tdx_only,False
2020-08-20,14156.71128265,810343.25000000,2587.86,1.74700181,194.13803451,exact_date_with_local_tdx_chinext_calendar,date_validated_by_local_tdx_only,False
2020-08-24,14201.33350436,823069.64000000,2684.63,1.72541093,201.39759940,exact_date_with_local_tdx_chinext_calendar,date_validated_by_local_tdx_only,False
2020-08-25,14189.99430804,821935.15000000,2701.6,1.72641288,202.67066767,exact_date_with_local_tdx_chinext_calendar,date_validated_by_local_tdx_only,False
2020-08-26,14126.63717643,808636.83000000,2644.14,1.74696930,198.36009002,exact_date_with_local_tdx_chinext_calendar,date_validated_by_local_tdx_only,False
2020-08-27,14145.96063666,814608.93000000,2689.17,1.73653395,201.73818455,exact_date_with_local_tdx_chinext_calendar,date_validated_by_local_tdx_only,False
2020-08-31,14256.30910514,826124.15000000,2728.31,1.72568604,204.67441860,exact_date_with_local_tdx_chinext_calendar,date_validated_by_local_tdx_only,False
2020-09-01,14283.18674539,830340.69000000,2750.42,1.72015980,206.33308327,exact_date_with_local_tdx_chinext_calendar,date_validated_by_local_tdx_only,False
2020-09-02,14363.10321194,830734.43000000,2771.85,1.72896448,207.94073518,exact_date_with_local_tdx_chinext_calendar,date_validated_by_local_tdx_only,False
2020-09-03,14361.55797008,825531.03000000,2746.95,1.73967512,206.07276819,exact_date_with_local_tdx_chinext_calendar,date_validated_by_local_tdx_only,False
2020-09-07,14314.20503484,803954.35000000,2641.2,1.78047485,198.13953488,exact_date_with_local_tdx_chinext_calendar,date_validated_by_local_tdx_only,False
2020-09-08,14296.51917516,809008.17000000,2650.63,1.76716623,198.84696174,exact_date_with_local_tdx_chinext_calendar,date_validated_by_local_tdx_only,False
2020-09-09,14254.38027127,789727.33000000,2523.4,1.80497492,189.30232558,exact_date_with_local_tdx_chinext_calendar,date_validated_by_local_tdx_only,False
2020-09-10,14144.56029098,780126.90000000,2483.03,1.81311019,186.27381845,exact_date_with_local_tdx_chinext_calendar,date_validated_by_local_tdx_only,False
2020-09-14,14132.08022894,795769.52000000,2572.6,1.77590117,192.99324831,exact_date_with_local_tdx_chinext_calendar,date_validated_by_local_tdx_only,False
2020-09-15,14140.86426514,800712.44000000,2595.15,1.76603529,194.68492123,exact_date_with_local_tdx_chinext_calendar,date_validated_by_local_tdx_only,False
2020-09-16,14132.68293422,796742.22000000,2554.8,1.77380871,191.65791448,exact_date_with_local_tdx_chinext_calendar,date_validated_by_local_tdx_only,False
2020-09-17,14155.59387024,797056.21000000,2557.32,1.77598439,191.84696174,exact_date_with_local_tdx_chinext_calendar,date_validated_by_local_tdx_only,False
2020-09-21,14180.16065655,807210.30000000,2569.22,1.75668728,192.73968492,exact_date_with_local_tdx_chinext_calendar,date_validated_by_local_tdx_only,False
2020-09-22,14174.94358657,797995.20000000,2555.54,1.77631940,191.71342836,exact_date_with_local_tdx_chinext_calendar,date_validated_by_local_tdx_only,False
2020-09-23,14199.51783415,801897.68000000,2599.88,1.77073936,195.03975994,exact_date_with_local_tdx_chinext_calendar,date_validated_by_local_tdx_only,False
2020-09-24,14186.62387952,786272.46000000,2535.87,1.80428854,190.23780945,exact_date_with_local_tdx_chinext_calendar,date_validated_by_local_tdx_only,False
2020-09-28,14091.06337726,782719.99000000,2521.25,1.80026875,189.14103526,exact_date_with_local_tdx_chinext_calendar,date_validated_by_local_tdx_only,False
2020-09-29,14053.31333527,786840.44000000,2563.38,1.78604360,192.30157539,exact_date_with_local_tdx_chinext_calendar,date_validated_by_local_tdx_only,False
2020-10-12,14113.75161443,828130.54000000,2777.39,1.70429068,208.35633908,exact_date_with_local_tdx_chinext_calendar,date_validated_by_local_tdx_only,False
2020-10-13,14200.70451373,830561.08000000,2784.72,1.70977245,208.90622656,exact_date_with_local_tdx_chinext_calendar,date_validated_by_local_tdx_only,False
2020-10-14,14268.24642754,825850.84000000,2764.24,1.72770260,207.36984246,exact_date_with_local_tdx_chinext_calendar,date_validated_by_local_tdx_only,False
2020-10-15,14279.28773576,825780.05000000,2737.96,1.72918778,205.39834959,exact_date_with_local_tdx_chinext_calendar,date_validated_by_local_tdx_only,False
2020-10-19,14257.03331893,820809.42000000,2689.67,1.73694806,201.77569392,exact_date_with_local_tdx_chinext_calendar,date_validated_by_local_tdx_only,False
2020-10-20,14284.08862854,827355.78000000,2740.58,1.72647475,205.59489872,exact_date_with_local_tdx_chinext_calendar,date_validated_by_local_tdx_only,False
2020-10-21,14275.04878181,823711.88000000,2700.53,1.73301480,202.59039760,exact_date_with_local_tdx_chinext_calendar,date_validated_by_local_tdx_only,False
2020-10-22,14292.64592605,820602.70000000,2673.59,1.74172543,200.56939235,exact_date_with_local_tdx_chinext_calendar,date_validated_by_local_tdx_only,False
2020-10-26,14171.07984204,807593.93000000,2617.74,1.75472837,196.37959490,exact_date_with_local_tdx_chinext_calendar,date_validated_by_local_tdx_only,False
2020-10-27,14172.10728457,810020.91000000,2650.76,1.74959771,198.85671418,exact_date_with_local_tdx_chinext_calendar,date_validated_by_local_tdx_only,False
2020-10-28,14199.43909242,813898.86000000,2670.48,1.74461961,200.33608402,exact_date_with_local_tdx_chinext_calendar,date_validated_by_local_tdx_only,False
2020-10-29,14224.51316096,816485.87000000,2699.92,1.74216281,202.54463616,exact_date_with_local_tdx_chinext_calendar,date_validated_by_local_tdx_only,False
2020-11-02,14163.57465677,807759.41000000,2708.39,1.75343976,203.18004501,exact_date_with_local_tdx_chinext_calendar,date_validated_by_local_tdx_only,False
2020-11-03,14193.89002508,819791.44000000,2744.31,1.73140257,205.87471868,exact_date_with_local_tdx_chinext_calendar,date_validated_by_local_tdx_only,False
2020-11-04,14230.28279513,821954.92000000,2750.55,1.73127290,206.34283571,exact_date_with_local_tdx_chinext_calendar,date_validated_by_local_tdx_only,False
2020-11-05,14284.68524741,834219.56000000,2787.88,1.71234120,209.14328582,exact_date_with_local_tdx_chinext_calendar,date_validated_by_local_tdx_only,False
2020-11-09,14393.48083313,848666.14000000,2814,1.69601215,211.10277569,exact_date_with_local_tdx_chinext_calendar,date_validated_by_local_tdx_only,False
2020-11-10,14417.25581493,842969.69000000,2773.22,1.71029350,208.04351088,exact_date_with_local_tdx_chinext_calendar,date_validated_by_local_tdx_only,False
2020-11-11,14400.36743081,833595.04000000,2681.52,1.72750157,201.16429107,exact_date_with_local_tdx_chinext_calendar,date_validated_by_local_tdx_only,False
2020-11-12,14396.34081819,834037.21000000,2700.51,1.72610294,202.58889722,exact_date_with_local_tdx_chinext_calendar,date_validated_by_local_tdx_only,False
2020-11-16,14443.62167481,837864.78000000,2712.41,1.72386070,203.48162041,exact_date_with_local_tdx_chinext_calendar,date_validated_by_local_tdx_only,False
2020-11-17,14458.97291775,834130.01000000,2658.09,1.73341958,199.40660165,exact_date_with_local_tdx_chinext_calendar,date_validated_by_local_tdx_only,False
2020-11-18,14474.49484271,835097.63000000,2620.67,1.73326978,196.59939985,exact_date_with_local_tdx_chinext_calendar,date_validated_by_local_tdx_only,False
2020-11-19,14463.81975413,839162.08000000,2645.16,1.72360264,198.43660915,exact_date_with_local_tdx_chinext_calendar,date_validated_by_local_tdx_only,False
2020-11-23,14541.82394477,851165.78000000,2686.36,1.70845965,201.52738185,exact_date_with_local_tdx_chinext_calendar,date_validated_by_local_tdx_only,False
2020-11-24,14587.16501527,848946.77000000,2674.8,1.71826615,200.66016504,exact_date_with_local_tdx_chinext_calendar,date_validated_by_local_tdx_only,False
2020-11-25,14604.88051215,837708.61000000,2615.53,1.74343206,196.21380345,exact_date_with_local_tdx_chinext_calendar,date_validated_by_local_tdx_only,False
2020-11-26,14573.62341551,837741.25000000,2609.39,1.73963302,195.75318830,exact_date_with_local_tdx_chinext_calendar,date_validated_by_local_tdx_only,False
2020-11-30,14571.82537819,843162.55000000,2631.89,1.72823442,197.44111028,exact_date_with_local_tdx_chinext_calendar,date_validated_by_local_tdx_only,False
2020-12-01,14629.90221665,857960.30000000,2698.44,1.70519571,202.43360840,exact_date_with_local_tdx_chinext_calendar,date_validated_by_local_tdx_only,False
2020-12-02,14693.59611159,858635.76000000,2682.97,1.71127232,201.27306827,exact_date_with_local_tdx_chinext_calendar,date_validated_by_local_tdx_only,False
2020-12-03,14701.41420164,857377.16000000,2712.52,1.71469627,203.48987247,exact_date_with_local_tdx_chinext_calendar,date_validated_by_local_tdx_only,False
2020-12-07,14740.07024384,853939.16000000,2726.48,1.72612651,204.53713428,exact_date_with_local_tdx_chinext_calendar,date_validated_by_local_tdx_only,False
2020-12-08,14740.68671159,852538.70000000,2746.28,1.72903432,206.02250563,exact_date_with_local_tdx_chinext_calendar,date_validated_by_local_tdx_only,False
2020-12-09,14691.65987662,840400.18000000,2697.83,1.74817429,202.38784696,exact_date_with_local_tdx_chinext_calendar,date_validated_by_local_tdx_only,False
2020-12-10,14686.00882774,840601.88000000,2718.55,1.74708256,203.94223556,exact_date_with_local_tdx_chinext_calendar,date_validated_by_local_tdx_only,False
2020-12-16,14675.00912937,838454.62000000,2760.64,1.75024489,207.09977494,exact_date_with_local_tdx_chinext_calendar,date_validated_by_local_tdx_only,False
2020-12-17,14702.54271570,847705.69000000,2785.62,1.73439236,208.97374344,exact_date_with_local_tdx_chinext_calendar,date_validated_by_local_tdx_only,False
2020-12-21,14776.77271209,855094.51000000,2882.44,1.72808649,216.23705926,exact_date_with_local_tdx_chinext_calendar,date_validated_by_local_tdx_only,False
2020-12-22,14785.32490253,839439.42000000,2811.75,1.76133316,210.93398350,exact_date_with_local_tdx_chinext_calendar,date_validated_by_local_tdx_only,False
2020-12-23,14824.22205793,847084.93000000,2842.97,1.75002783,213.27606902,exact_date_with_local_tdx_chinext_calendar,date_validated_by_local_tdx_only,False
2020-12-24,14825.46305535,840416.73000000,2820.75,1.76406091,211.60915229,exact_date_with_local_tdx_chinext_calendar,date_validated_by_local_tdx_only,False
2020-12-28,14858.07642514,847655.76000000,2842.81,1.75284321,213.26406602,exact_date_with_local_tdx_chinext_calendar,date_validated_by_local_tdx_only,False
2020-12-29,14795.27274359,843004.31000000,2813,1.75506490,211.02775694,exact_date_with_local_tdx_chinext_calendar,date_validated_by_local_tdx_only,False
2020-12-30,14830.72760375,853210.37000000,2900.54,1.73822637,217.59489872,exact_date_with_local_tdx_chinext_calendar,date_validated_by_local_tdx_only,False
2021-01-04,15057.20836807,881856.75000000,3078.11,1.70744380,230.91597899,exact_date_with_local_tdx_chinext_calendar,date_validated_by_local_tdx_only,False
2021-01-05,15155.65562814,890456.79000000,3097.98,1.70200910,232.40660165,exact_date_with_local_tdx_chinext_calendar,date_validated_by_local_tdx_only,False
2021-01-06,15212.80831544,893628.02000000,3115.09,1.70236474,233.69017254,exact_date_with_local_tdx_chinext_calendar,date_validated_by_local_tdx_only,False
2021-01-07,15275.06736251,897643.24000000,3162.4,1.70168578,237.23930983,exact_date_with_local_tdx_chinext_calendar,date_validated_by_local_tdx_only,False
2021-01-08,15263.79569467,895970.66000000,3150.78,1.70360441,236.36759190,exact_date_with_local_tdx_chinext_calendar,date_validated_by_local_tdx_only,False
2021-01-11,15288.56054433,884120.73000000,3092.86,1.72923901,232.02250563,exact_date_with_local_tdx_chinext_calendar,date_validated_by_local_tdx_only,False
2021-01-12,15370.85877206,902018.05000000,3180.35,1.70405224,238.58589647,exact_date_with_local_tdx_chinext_calendar,date_validated_by_local_tdx_only,False
2021-01-13,15402.21819504,896450.22000000,3130.3,1.71813424,234.83120780,exact_date_with_local_tdx_chinext_calendar,date_validated_by_local_tdx_only,False
2021-01-14,15386.78412808,887285.06000000,3089.18,1.73414214,231.74643661,exact_date_with_local_tdx_chinext_calendar,date_validated_by_local_tdx_only,False
2021-01-18,15445.09708363,899442.49000000,3149.2,1.71718562,236.24906227,exact_date_with_local_tdx_chinext_calendar,date_validated_by_local_tdx_only,False
2021-01-19,15480.55238800,892921.23000000,3084.49,1.73369743,231.39459865,exact_date_with_local_tdx_chinext_calendar,date_validated_by_local_tdx_only,False
2021-01-20,15529.02943677,899758.35000000,3204.93,1.72591112,240.42985746,exact_date_with_local_tdx_chinext_calendar,date_validated_by_local_tdx_only,False
2021-01-21,15609.85175674,910870.98000000,3283.72,1.71372808,246.34058515,exact_date_with_local_tdx_chinext_calendar,date_validated_by_local_tdx_only,False
2021-01-25,15665.26516912,913128.54000000,3355.24,1.71555969,251.70592648,exact_date_with_local_tdx_chinext_calendar,date_validated_by_local_tdx_only,False
2021-01-26,15603.02845933,898351.72000000,3258.36,1.73685074,244.43810953,exact_date_with_local_tdx_chinext_calendar,date_validated_by_local_tdx_only,False
2021-01-27,15596.11750904,899823.51000000,3281.03,1.73324183,246.13878470,exact_date_with_local_tdx_chinext_calendar,date_validated_by_local_tdx_only,False
2021-01-28,15552.09859618,879295.83000000,3161.86,1.76869923,237.19879970,exact_date_with_local_tdx_chinext_calendar,date_validated_by_local_tdx_only,False
2021-02-01,15384.73200106,881746.02000000,3159.99,1.74480311,237.05851463,exact_date_with_local_tdx_chinext_calendar,date_validated_by_local_tdx_only,False
2021-02-02,15382.56405585,891222.87000000,3228.7,1.72600643,242.21305326,exact_date_with_local_tdx_chinext_calendar,date_validated_by_local_tdx_only,False
2021-02-03,15370.44947594,884732.68000000,3223.77,1.73729871,241.84321080,exact_date_with_local_tdx_chinext_calendar,date_validated_by_local_tdx_only,False
2021-02-04,15280.51633540,878270.93000000,3200.55,1.73984084,240.10127532,exact_date_with_local_tdx_chinext_calendar,date_validated_by_local_tdx_only,False
2021-02-08,15145.23174872,884548.44000000,3278.06,1.71219925,245.91597899,exact_date_with_local_tdx_chinext_calendar,date_validated_by_local_tdx_only,False
2021-02-09,15167.58529606,903220.53000000,3334.24,1.67927818,250.13053263,exact_date_with_local_tdx_chinext_calendar,date_validated_by_local_tdx_only,False
2021-02-18,15217.34503139,920179.85000000,3320.14,1.65373596,249.07276819,exact_date_with_local_tdx_chinext_calendar,date_validated_by_local_tdx_only,False
2021-02-22,15404.49172517,911791.62000000,3138.67,1.68947503,235.45911478,exact_date_with_local_tdx_chinext_calendar,date_validated_by_local_tdx_only,False
2021-02-23,15387.02443821,908005.58000000,3112.36,1.69459580,233.48537134,exact_date_with_local_tdx_chinext_calendar,date_validated_by_local_tdx_only,False
2021-02-24,15394.45363960,890350.05000000,3007.46,1.72903384,225.61590398,exact_date_with_local_tdx_chinext_calendar,date_validated_by_local_tdx_only,False
2021-02-25,15376.15248887,892636.29000000,2977.18,1.72255516,223.34433608,exact_date_with_local_tdx_chinext_calendar,date_validated_by_local_tdx_only,False
2021-03-01,15341.33623249,890178.94000000,2994.75,1.72339914,224.66241560,exact_date_with_local_tdx_chinext_calendar,date_validated_by_local_tdx_only,False
2021-03-02,15362.00228961,881214.73000000,2966.89,1.74327570,222.57239310,exact_date_with_local_tdx_chinext_calendar,date_validated_by_local_tdx_only,False
2021-03-03,15361.41811915,897230.02000000,2997.75,1.71209364,224.88747187,exact_date_with_local_tdx_chinext_calendar,date_validated_by_local_tdx_only,False
2021-03-04,15326.51313486,876612.97000000,2851.87,1.74837855,213.94373593,exact_date_with_local_tdx_chinext_calendar,date_validated_by_local_tdx_only,False
2021-03-08,15249.35804503,853791.59000000,2728.84,1.78607499,204.71417854,exact_date_with_local_tdx_chinext_calendar,date_validated_by_local_tdx_only,False
2021-03-09,15167.37752025,834813.01000000,2633.45,1.81685927,197.55813953,exact_date_with_local_tdx_chinext_calendar,date_validated_by_local_tdx_only,False
2021-03-10,15100.38929651,835086.65000000,2676.7,1.80824221,200.80270068,exact_date_with_local_tdx_chinext_calendar,date_validated_by_local_tdx_only,False
2021-03-11,15124.93979972,855186.81000000,2746.58,1.76861238,206.04501125,exact_date_with_local_tdx_chinext_calendar,date_validated_by_local_tdx_only,False
2021-03-15,15116.10998410,845892.01000000,2644.02,1.78700234,198.35108777,exact_date_with_local_tdx_chinext_calendar,date_validated_by_local_tdx_only,False
2021-03-16,15098.55948141,853409.11000000,2672.12,1.76920533,200.45911478,exact_date_with_local_tdx_chinext_calendar,date_validated_by_local_tdx_only,False
2021-03-17,15108.32048900,856143.01000000,2704.14,1.76469589,202.86121530,exact_date_with_local_tdx_chinext_calendar,date_validated_by_local_tdx_only,False
2021-03-18,15093.16955296,861348.16000000,2748.73,1.75227280,206.20630158,exact_date_with_local_tdx_chinext_calendar,date_validated_by_local_tdx_only,False
2021-03-22,15127.38483937,857087.60000000,2698.26,1.76497535,202.42010503,exact_date_with_local_tdx_chinext_calendar,date_validated_by_local_tdx_only,False
2021-03-23,15113.48894336,848795.68000000,2668.08,1.78058033,200.15603901,exact_date_with_local_tdx_chinext_calendar,date_validated_by_local_tdx_only,False
2021-03-24,15118.07779960,837400.29000000,2634.61,1.80535856,197.64516129,exact_date_with_local_tdx_chinext_calendar,date_validated_by_local_tdx_only,False
2021-03-25,15078.89168609,836996.61000000,2656,1.80154752,199.24981245,exact_date_with_local_tdx_chinext_calendar,date_validated_by_local_tdx_only,False
2021-03-29,15072.94488921,856253.59000000,2733.96,1.76033655,205.09827457,exact_date_with_local_tdx_chinext_calendar,date_validated_by_local_tdx_only,False
2021-03-30,15075.44419491,860773.94000000,2771.32,1.75138251,207.90097524,exact_date_with_local_tdx_chinext_calendar,date_validated_by_local_tdx_only,False
2021-03-31,15097.21561130,857349.79000000,2758.5,1.76091670,206.93923481,exact_date_with_local_tdx_chinext_calendar,date_validated_by_local_tdx_only,False
2021-04-01,15072.54352312,864771.31000000,2815.41,1.74295138,211.20855214,exact_date_with_local_tdx_chinext_calendar,date_validated_by_local_tdx_only,False
2021-04-06,15108.47047460,871677.83000000,2831.6,1.73326313,212.42310578,exact_date_with_local_tdx_chinext_calendar,date_validated_by_local_tdx_only,False
2021-04-07,15164.61914471,870458.35000000,2807.2,1.74214184,210.59264816,exact_date_with_local_tdx_chinext_calendar,date_validated_by_local_tdx_only,False
2021-04-08,15170.69830026,870908.35000000,2826.99,1.74193970,212.07726932,exact_date_with_local_tdx_chinext_calendar,date_validated_by_local_tdx_only,False
2021-04-12,15139.60283431,850944.69000000,2719.95,1.77915240,204.04726182,exact_date_with_local_tdx_chinext_calendar,date_validated_by_local_tdx_only,False
2021-04-13,15086.42699200,848474.42000000,2742.85,1.77806503,205.76519130,exact_date_with_local_tdx_chinext_calendar,date_validated_by_local_tdx_only,False
2021-04-14,15099.11876698,855913.95000000,2804.41,1.76409308,210.38334584,exact_date_with_local_tdx_chinext_calendar,date_validated_by_local_tdx_only,False
2021-04-15,15108.02313551,851957.01000000,2790.64,1.77333163,209.35033758,exact_date_with_local_tdx_chinext_calendar,date_validated_by_local_tdx_only,False
2021-04-19,15133.58496462,874430.18000000,2898.73,1.73067963,217.45911478,exact_date_with_local_tdx_chinext_calendar,date_validated_by_local_tdx_only,False
2021-04-20,15157.75139092,873110.30000000,2896.11,1.73606375,217.26256564,exact_date_with_local_tdx_chinext_calendar,date_validated_by_local_tdx_only,False
2021-04-21,15170.17136651,873871.70000000,2916.97,1.73597238,218.82745686,exact_date_with_local_tdx_chinext_calendar,date_validated_by_local_tdx_only,False
2021-04-22,15200.51651336,874720.76000000,2939.4,1.73775646,220.51012753,exact_date_with_local_tdx_chinext_calendar,date_validated_by_local_tdx_only,False
2021-04-26,15190.89822437,871504.52000000,2969.4,1.74306591,222.76069017,exact_date_with_local_tdx_chinext_calendar,date_validated_by_local_tdx_only,False
2021-04-27,15166.41437287,871740.16000000,2986.03,1.73978613,224.00825206,exact_date_with_local_tdx_chinext_calendar,date_validated_by_local_tdx_only,False
2021-04-28,15181.42490932,876859.55000000,3050.58,1.73134054,228.85071268,exact_date_with_local_tdx_chinext_calendar,date_validated_by_local_tdx_only,False
2021-04-29,15155.52716203,880261.37000000,3051.42,1.72170763,228.91372843,exact_date_with_local_tdx_chinext_calendar,date_validated_by_local_tdx_only,False
2021-05-06,15111.38576493,870430.42000000,3014.81,1.73608199,226.16729182,exact_date_with_local_tdx_chinext_calendar,date_validated_by_local_tdx_only,False
2021-05-10,15149.59472048,864592.25000000,2921.72,1.75222421,219.18379595,exact_date_with_local_tdx_chinext_calendar,date_validated_by_local_tdx_only,False
2021-05-11,15167.09725949,867637.08000000,2921.34,1.74809233,219.15528882,exact_date_with_local_tdx_chinext_calendar,date_validated_by_local_tdx_only,False
2021-05-12,15203.25181551,874334.15000000,2960.36,1.73883770,222.08252063,exact_date_with_local_tdx_chinext_calendar,date_validated_by_local_tdx_only,False
2021-05-13,15220.90795900,866769.61000000,2943.62,1.75605003,220.82670668,exact_date_with_local_tdx_chinext_calendar,date_validated_by_local_tdx_only,False
2021-05-17,15273.22032522,890650.90000000,3112.74,1.71483803,233.51387847,exact_date_with_local_tdx_chinext_calendar,date_validated_by_local_tdx_only,False
2021-05-18,15327.57022103,893317.52000000,3090.12,1.71580316,231.81695424,exact_date_with_local_tdx_chinext_calendar,date_validated_by_local_tdx_only,False
2021-05-19,15386.79950172,891718.09000000,3114.72,1.72552286,233.66241560,exact_date_with_local_tdx_chinext_calendar,date_validated_by_local_tdx_only,False
2021-05-20,15398.04231077,892079.55000000,3143.62,1.72608399,235.83045761,exact_date_with_local_tdx_chinext_calendar,date_validated_by_local_tdx_only,False
2021-05-24,15449.03387435,892190.52000000,3139.69,1.73158463,235.53563391,exact_date_with_local_tdx_chinext_calendar,date_validated_by_local_tdx_only,False
2021-05-25,15442.80065762,912052.41000000,3227.36,1.69319224,242.11252813,exact_date_with_local_tdx_chinext_calendar,date_validated_by_local_tdx_only,False
2021-05-26,15497.50676869,913743.83000000,3196.85,1.69604502,239.82370593,exact_date_with_local_tdx_chinext_calendar,date_validated_by_local_tdx_only,False
2021-05-27,15565.15879766,919413.96000000,3226.11,1.69294349,242.01875469,exact_date_with_local_tdx_chinext_calendar,date_validated_by_local_tdx_only,False
2021-05-31,15695.88081989,925084.04000000,3309.07,1.69669783,248.24231058,exact_date_with_local_tdx_chinext_calendar,date_validated_by_local_tdx_only,False
2021-06-01,15775.35171123,928159.59000000,3300.16,1.69963785,247.57389347,exact_date_with_local_tdx_chinext_calendar,date_validated_by_local_tdx_only,False
2021-06-02,15789.31672202,919674.87000000,3243.02,1.71683681,243.28732183,exact_date_with_local_tdx_chinext_calendar,date_validated_by_local_tdx_only,False
2021-06-03,15800.08891426,916125.04000000,3201.78,1.72466511,240.19354839,exact_date_with_local_tdx_chinext_calendar,date_validated_by_local_tdx_only,False
2021-06-07,15851.02792849,922130.42000000,3228.24,1.71895727,242.17854464,exact_date_with_local_tdx_chinext_calendar,date_validated_by_local_tdx_only,False
2021-06-08,15857.34972119,916748.79000000,3208.57,1.72973773,240.70292573,exact_date_with_local_tdx_chinext_calendar,date_validated_by_local_tdx_only,False
2021-06-09,15865.30991690,918873.82000000,3207.63,1.72660376,240.63240810,exact_date_with_local_tdx_chinext_calendar,date_validated_by_local_tdx_only,False
2021-06-10,15910.88243564,926888.45000000,3285.51,1.71659086,246.47486872,exact_date_with_local_tdx_chinext_calendar,date_validated_by_local_tdx_only,False
2021-06-15,15944.07396826,914180.14000000,3262.19,1.74408448,244.72543136,exact_date_with_local_tdx_chinext_calendar,date_validated_by_local_tdx_only,False
2021-06-16,15893.41589046,900263.80000000,3125.7,1.76541764,234.48612153,exact_date_with_local_tdx_chinext_calendar,date_validated_by_local_tdx_only,False
2021-06-17,15922.72233823,906593.61000000,3188.59,1.75632413,239.20405101,exact_date_with_local_tdx_chinext_calendar,date_validated_by_local_tdx_only,False
2021-06-21,16019.72261576,914532.00000000,3270.58,1.75168530,245.35483871,exact_date_with_local_tdx_chinext_calendar,date_validated_by_local_tdx_only,False
2021-06-22,16081.47831230,921196.56000000,3281.99,1.74571628,246.21080270,exact_date_with_local_tdx_chinext_calendar,date_validated_by_local_tdx_only,False
2021-06-23,16116.85084166,926488.48000000,3318.95,1.73956300,248.98349587,exact_date_with_local_tdx_chinext_calendar,date_validated_by_local_tdx_only,False
2021-06-24,16129.12482507,923968.60000000,3279.16,1.74563560,245.99849962,exact_date_with_local_tdx_chinext_calendar,date_validated_by_local_tdx_only,False
2021-06-28,16208.23499176,938072.81000000,3412.86,1.72782270,256.02850713,exact_date_with_local_tdx_chinext_calendar,date_validated_by_local_tdx_only,False
2021-06-29,16247.21145093,930027.99000000,3406.24,1.74695941,255.53188297,exact_date_with_local_tdx_chinext_calendar,date_validated_by_local_tdx_only,False
2021-06-30,16281.55901214,937488.17000000,3477.18,1.73672154,260.85371343,exact_date_with_local_tdx_chinext_calendar,date_validated_by_local_tdx_only,False
2021-07-01,16181.22059322,933024.16000000,3455.36,1.73427670,259.21680420,exact_date_with_local_tdx_chinext_calendar,date_validated_by_local_tdx_only,False
2021-07-05,16223.71434140,920982.60000000,3352.12,1.76156578,251.47186797,exact_date_with_local_tdx_chinext_calendar,date_validated_by_local_tdx_only,False
2021-07-06,16222.36698640,918986.11000000,3291.99,1.76524616,246.96099025,exact_date_with_local_tdx_chinext_calendar,date_validated_by_local_tdx_only,False
2021-07-07,16291.42970750,929194.55000000,3409.59,1.75328511,255.78319580,exact_date_with_local_tdx_chinext_calendar,date_validated_by_local_tdx_only,False
2021-07-08,16336.71144622,923114.38000000,3432.96,1.76973859,257.53638410,exact_date_with_local_tdx_chinext_calendar,date_validated_by_local_tdx_only,False
2021-07-12,16445.53100977,933519.83000000,3534.76,1.76166917,265.17329332,exact_date_with_local_tdx_chinext_calendar,date_validated_by_local_tdx_only,False
2021-07-13,16498.22206214,936821.64000000,3514.98,1.76108465,263.68942236,exact_date_with_local_tdx_chinext_calendar,date_validated_by_local_tdx_only,False
2021-07-14,16505.10397106,927181.98000000,3488.63,1.78013641,261.71267817,exact_date_with_local_tdx_chinext_calendar,date_validated_by_local_tdx_only,False
2021-07-15,16501.14153718,932633.95000000,3537.39,1.76930526,265.37059265,exact_date_with_local_tdx_chinext_calendar,date_validated_by_local_tdx_only,False
2021-07-19,16486.13069044,924408.39000000,3449.53,1.78342504,258.77944486,exact_date_with_local_tdx_chinext_calendar,date_validated_by_local_tdx_only,False
2021-07-20,16507.00972878,924721.79000000,3463.79,1.78507849,259.84921230,exact_date_with_local_tdx_chinext_calendar,date_validated_by_local_tdx_only,False
2021-07-21,16590.31412396,934394.34000000,3560.05,1.77551526,267.07051763,exact_date_with_local_tdx_chinext_calendar,date_validated_by_local_tdx_only,False
2021-07-22,16663.77626914,939712.93000000,3544.44,1.77328371,265.89947487,exact_date_with_local_tdx_chinext_calendar,date_validated_by_local_tdx_only,False
2021-07-26,16679.36779386,910576.16000000,3371.23,1.83173781,252.90547637,exact_date_with_local_tdx_chinext_calendar,date_validated_by_local_tdx_only,False
2021-07-27,16600.38115468,886037.38000000,3232.84,1.87355314,242.52363091,exact_date_with_local_tdx_chinext_calendar,date_validated_by_local_tdx_only,False
2021-07-28,16443.97754807,880356.00000000,3284.92,1.86787817,246.43060765,exact_date_with_local_tdx_chinext_calendar,date_validated_by_local_tdx_only,False
2021-07-29,16483.43336928,899569.40000000,3459.72,1.83236928,259.54388597,exact_date_with_local_tdx_chinext_calendar,date_validated_by_local_tdx_only,False
2021-08-02,16588.93217925,916823.99000000,3493.36,1.80939115,262.06751688,exact_date_with_local_tdx_chinext_calendar,date_validated_by_local_tdx_only,False
2021-08-03,16576.49946471,911717.00000000,3477.23,1.81816281,260.85746437,exact_date_with_local_tdx_chinext_calendar,date_validated_by_local_tdx_only,False
2021-08-04,16658.65914443,923572.61000000,3563.13,1.80371949,267.30157539,exact_date_with_local_tdx_chinext_calendar,date_validated_by_local_tdx_only,False
2021-08-05,16701.57851181,919703.26000000,3532.5,1.81597470,265.00375094,exact_date_with_local_tdx_chinext_calendar,date_validated_by_local_tdx_only,False
2021-08-09,16769.82577674,925912.08000000,3456.75,1.81116827,259.32108027,exact_date_with_local_tdx_chinext_calendar,date_validated_by_local_tdx_only,False
2021-08-10,16785.45842159,935690.14000000,3468.67,1.79391208,260.21530383,exact_date_with_local_tdx_chinext_calendar,date_validated_by_local_tdx_only,False
2021-08-11,16857.27993406,937621.40000000,3437.06,1.79787705,257.84396099,exact_date_with_local_tdx_chinext_calendar,date_validated_by_local_tdx_only,False
2021-08-12,16925.88908357,935640.31000000,3386.43,1.80901666,254.04576144,exact_date_with_local_tdx_chinext_calendar,date_validated_by_local_tdx_only,False
2021-08-16,16912.61918391,930827.29000000,3301.39,1.81694492,247.66616654,exact_date_with_local_tdx_chinext_calendar,date_validated_by_local_tdx_only,False
2021-08-17,16826.34358228,911007.08000000,3224.15,1.84700470,241.87171793,exact_date_with_local_tdx_chinext_calendar,date_validated_by_local_tdx_only,False
2021-08-18,16839.06023788,921836.66000000,3248.37,1.82668589,243.68867217,exact_date_with_local_tdx_chinext_calendar,date_validated_by_local_tdx_only,False
2021-08-19,16820.65130427,920717.75000000,3278.36,1.82690638,245.93848462,exact_date_with_local_tdx_chinext_calendar,date_validated_by_local_tdx_only,False
2021-08-23,16932.97759934,931752.49000000,3293.77,1.81732571,247.09452363,exact_date_with_local_tdx_chinext_calendar,date_validated_by_local_tdx_only,False
2021-08-24,16981.55783368,940208.44000000,3330.58,1.80614820,249.85596399,exact_date_with_local_tdx_chinext_calendar,date_validated_by_local_tdx_only,False
2021-08-25,17020.95515438,945405.97000000,3348.66,1.80038583,251.21230308,exact_date_with_local_tdx_chinext_calendar,date_validated_by_local_tdx_only,False
2021-08-26,17058.42147324,933265.85000000,3264.45,1.82782017,244.89497374,exact_date_with_local_tdx_chinext_calendar,date_validated_by_local_tdx_only,False
2021-08-30,17084.90233970,937288.83000000,3271.8,1.82280016,245.44636159,exact_date_with_local_tdx_chinext_calendar,date_validated_by_local_tdx_only,False
2021-08-31,17066.76485741,937860.33000000,3214.12,1.81975549,241.11927982,exact_date_with_local_tdx_chinext_calendar,date_validated_by_local_tdx_only,False
2021-09-01,17080.11341727,939677.07000000,3186.85,1.81765779,239.07351838,exact_date_with_local_tdx_chinext_calendar,date_validated_by_local_tdx_only,False
2021-09-02,17106.61599423,945828.48000000,3138.8,1.80863828,235.46886722,exact_date_with_local_tdx_chinext_calendar,date_validated_by_local_tdx_only,False
2021-09-06,17130.20860353,956047.14000000,3228.09,1.79177447,242.16729182,exact_date_with_local_tdx_chinext_calendar,date_validated_by_local_tdx_only,False
2021-09-07,17200.97261491,969353.92000000,3251.49,1.77447806,243.92273068,exact_date_with_local_tdx_chinext_calendar,date_validated_by_local_tdx_only,False
2021-09-08,17308.46173824,969975.59000000,3219.95,1.78442240,241.55663916,exact_date_with_local_tdx_chinext_calendar,date_validated_by_local_tdx_only,False
2021-09-09,17396.45641746,972891.00000000,3221.94,1.78811978,241.70592648,exact_date_with_local_tdx_chinext_calendar,date_validated_by_local_tdx_only,False
2021-09-13,17527.38184136,977511.03000000,3194.27,1.79306231,239.63015754,exact_date_with_local_tdx_chinext_calendar,date_validated_by_local_tdx_only,False
2021-09-14,17541.74886269,967622.59000000,3236.55,1.81287095,242.80195049,exact_date_with_local_tdx_chinext_calendar,date_validated_by_local_tdx_only,False
2021-09-15,17583.79219453,966226.99000000,3200.4,1.81984072,240.09002251,exact_date_with_local_tdx_chinext_calendar,date_validated_by_local_tdx_only,False
2021-09-16,17478.64132979,949987.69000000,3128.84,1.83988082,234.72168042,exact_date_with_local_tdx_chinext_calendar,date_validated_by_local_tdx_only,False
2021-09-22,17365.45997335,953356.91000000,3164.33,1.82150670,237.38409602,exact_date_with_local_tdx_chinext_calendar,date_validated_by_local_tdx_only,False
2021-09-23,17414.26111012,957089.82000000,3182.47,1.81950124,238.74493623,exact_date_with_local_tdx_chinext_calendar,date_validated_by_local_tdx_only,False
2021-09-27,17194.11130806,940796.71000000,3231.58,1.82761176,242.42910728,exact_date_with_local_tdx_chinext_calendar,date_validated_by_local_tdx_only,False
2021-09-28,17161.40925209,944349.12000000,3211.45,1.81727381,240.91897974,exact_date_with_local_tdx_chinext_calendar,date_validated_by_local_tdx_only,False
2021-09-29,17054.48293662,925650.37000000,3175.15,1.84243247,238.19579895,exact_date_with_local_tdx_chinext_calendar,date_validated_by_local_tdx_only,False
2021-10-11,16995.67295505,943831.71000000,3196.19,1.80071010,239.77419355,exact_date_with_local_tdx_chinext_calendar,date_validated_by_local_tdx_only,False
2021-10-12,16955.96063634,930822.61000000,3138.26,1.82161031,235.42835709,exact_date_with_local_tdx_chinext_calendar,date_validated_by_local_tdx_only,False
2021-10-13,16927.28393639,937788.11000000,3210.16,1.80502224,240.82220555,exact_date_with_local_tdx_chinext_calendar,date_validated_by_local_tdx_only,False
2021-10-14,16944.11103077,938422.07000000,3215.74,1.80559597,241.24081020,exact_date_with_local_tdx_chinext_calendar,date_validated_by_local_tdx_only,False
2021-10-18,16965.89288671,941078.86000000,3276.48,1.80281309,245.79744936,exact_date_with_local_tdx_chinext_calendar,date_validated_by_local_tdx_only,False
2021-10-19,16998.01047991,948219.92000000,3297.29,1.79262322,247.35858965,exact_date_with_local_tdx_chinext_calendar,date_validated_by_local_tdx_only,False
2021-10-20,17046.84474244,946944.79000000,3285.12,1.80019415,246.44561140,exact_date_with_local_tdx_chinext_calendar,date_validated_by_local_tdx_only,False
2021-10-21,17047.46365047,947640.96000000,3279.49,1.79893698,246.02325581,exact_date_with_local_tdx_chinext_calendar,date_validated_by_local_tdx_only,False
2021-10-25,17055.12672392,953214.46000000,3338.62,1.78922241,250.45911478,exact_date_with_local_tdx_chinext_calendar,date_validated_by_local_tdx_only,False
2021-10-26,17084.29599607,950167.74000000,3327.54,1.79802947,249.62790698,exact_date_with_local_tdx_chinext_calendar,date_validated_by_local_tdx_only,False
2021-10-27,17096.20746168,940453.89000000,3308.96,1.81786770,248.23405851,exact_date_with_local_tdx_chinext_calendar,date_validated_by_local_tdx_only,False
2021-10-28,17005.38118787,929461.90000000,3278.36,1.82959422,245.93848462,exact_date_with_local_tdx_chinext_calendar,date_validated_by_local_tdx_only,False
2021-11-01,17012.47340273,941727.95000000,3331.91,1.80651678,249.95573893,exact_date_with_local_tdx_chinext_calendar,date_validated_by_local_tdx_only,False
2021-11-02,16957.40481094,932464.38000000,3339.6,1.81855792,250.53263316,exact_date_with_local_tdx_chinext_calendar,date_validated_by_local_tdx_only,False
2021-11-03,16927.90891116,931829.87000000,3327.09,1.81663085,249.59414854,exact_date_with_local_tdx_chinext_calendar,date_validated_by_local_tdx_only,False
2021-11-04,16972.23859369,941351.53000000,3362.25,1.80296500,252.23180795,exact_date_with_local_tdx_chinext_calendar,date_validated_by_local_tdx_only,False
2021-11-08,16927.61352320,936340.63000000,3380.29,1.80784780,253.58514629,exact_date_with_local_tdx_chinext_calendar,date_validated_by_local_tdx_only,False
2021-11-09,16959.36015398,941007.94000000,3409.94,1.80225473,255.80945236,exact_date_with_local_tdx_chinext_calendar,date_validated_by_local_tdx_only,False
2021-11-10,16979.83495567,938217.53000000,3399.66,1.80979724,255.03825956,exact_date_with_local_tdx_chinext_calendar,date_validated_by_local_tdx_only,False
2021-11-11,16991.34860345,949085.76000000,3433.24,1.79028591,257.55738935,exact_date_with_local_tdx_chinext_calendar,date_validated_by_local_tdx_only,False
2021-11-15,17000.43557104,950496.03000000,3401.87,1.78858565,255.20405101,exact_date_with_local_tdx_chinext_calendar,date_validated_by_local_tdx_only,False
2021-11-16,16966.54598666,946693.12000000,3393.71,1.79219069,254.59189797,exact_date_with_local_tdx_chinext_calendar,date_validated_by_local_tdx_only,False
2021-11-17,17006.47159840,954135.82000000,3421.33,1.78239526,256.66391598,exact_date_with_local_tdx_chinext_calendar,date_validated_by_local_tdx_only,False
2021-11-18,17019.98799091,949560.16000000,3383.91,1.79240755,253.85671418,exact_date_with_local_tdx_chinext_calendar,date_validated_by_local_tdx_only,False
2021-11-22,17111.74261508,969874.60000000,3505.73,1.76432527,262.99549887,exact_date_with_local_tdx_chinext_calendar,date_validated_by_local_tdx_only,False
2021-11-23,17148.61004141,970131.38000000,3492.77,1.76765852,262.02325581,exact_date_with_local_tdx_chinext_calendar,date_validated_by_local_tdx_only,False
2021-11-24,17186.79121450,971168.10000000,3478.66,1.76970302,260.96474119,exact_date_with_local_tdx_chinext_calendar,date_validated_by_local_tdx_only,False
2021-11-25,17212.90639689,968382.74000000,3474.45,1.77749000,260.64891223,exact_date_with_local_tdx_chinext_calendar,date_validated_by_local_tdx_only,False
2021-11-29,17205.24767968,966438.84000000,3503.41,1.78027279,262.82145536,exact_date_with_local_tdx_chinext_calendar,date_validated_by_local_tdx_only,False
2021-11-30,17239.53293728,967147.35000000,3495.59,1.78251359,262.23480870,exact_date_with_local_tdx_chinext_calendar,date_validated_by_local_tdx_only,False
2021-12-01,17269.52787265,970238.06000000,3473.37,1.77992686,260.56789197,exact_date_with_local_tdx_chinext_calendar,date_validated_by_local_tdx_only,False
2021-12-02,17249.78706747,967379.23000000,3466.91,1.78314631,260.08327082,exact_date_with_local_tdx_chinext_calendar,date_validated_by_local_tdx_only,False
2021-12-06,17225.64288771,968048.97000000,3405.93,1.77941854,255.50862716,exact_date_with_local_tdx_chinext_calendar,date_validated_by_local_tdx_only,False
2021-12-07,17196.03482935,966073.60000000,3368.78,1.77999221,252.72168042,exact_date_with_local_tdx_chinext_calendar,date_validated_by_local_tdx_only,False
2021-12-08,17222.34050877,979360.27000000,3424.7,1.75852963,256.91672918,exact_date_with_local_tdx_chinext_calendar,date_validated_by_local_tdx_only,False
2021-12-09,17225.39758121,988274.13000000,3459.32,1.74297769,259.51387847,exact_date_with_local_tdx_chinext_calendar,date_validated_by_local_tdx_only,False
2021-12-13,17289.76805923,992891.97000000,3496.96,1.74135441,262.33758440,exact_date_with_local_tdx_chinext_calendar,date_validated_by_local_tdx_only,False
2021-12-14,17309.64065077,989454.30000000,3495.06,1.74941285,262.19504876,exact_date_with_local_tdx_chinext_calendar,date_validated_by_local_tdx_only,False
2021-12-15,17328.35143041,988701.14000000,3464.76,1.75263795,259.92198050,exact_date_with_local_tdx_chinext_calendar,date_validated_by_local_tdx_only,False
2021-12-16,17328.44806618,995651.65000000,3490.45,1.74041273,261.84921230,exact_date_with_local_tdx_chinext_calendar,date_validated_by_local_tdx_only,False
2021-12-20,17237.80289755,970693.29000000,3332.61,1.77582384,250.00825206,exact_date_with_local_tdx_chinext_calendar,date_validated_by_local_tdx_only,False
2021-12-21,17220.32807580,980062.71000000,3350.43,1.75706390,251.34508627,exact_date_with_local_tdx_chinext_calendar,date_validated_by_local_tdx_only,False
2021-12-22,17232.68396176,982883.56000000,3368.7,1.75327828,252.71567892,exact_date_with_local_tdx_chinext_calendar,date_validated_by_local_tdx_only,False
2021-12-23,17239.32625992,987078.87000000,3373.7,1.74649937,253.09077269,exact_date_with_local_tdx_chinext_calendar,date_validated_by_local_tdx_only,False
2021-12-27,17184.59014192,977552.45000000,3293.81,1.75792001,247.09752438,exact_date_with_local_tdx_chinext_calendar,date_validated_by_local_tdx_only,False
2021-12-28,17212.40763542,983597.50000000,3328.56,1.74994422,249.70442611,exact_date_with_local_tdx_chinext_calendar,date_validated_by_local_tdx_only,False
2021-12-29,17211.47697416,975494.18000000,3281.9,1.76438541,246.20405101,exact_date_with_local_tdx_chinext_calendar,date_validated_by_local_tdx_only,False
2021-12-30,17213.63204509,982732.52000000,3322.79,1.75160908,249.27156789,exact_date_with_local_tdx_chinext_calendar,date_validated_by_local_tdx_only,False
2022-01-04,17190.28439852,986865.02000000,3250.16,1.74190837,243.82295574,exact_date_with_local_tdx_chinext_calendar,date_validated_by_local_tdx_only,False
2022-01-05,17163.21973743,986508.61000000,3161.51,1.73979422,237.17254314,exact_date_with_local_tdx_chinext_calendar,date_validated_by_local_tdx_only,False
2022-01-06,17178.49438047,984811.02000000,3127.48,1.74434425,234.61965491,exact_date_with_local_tdx_chinext_calendar,date_validated_by_local_tdx_only,False
2022-01-10,17045.37299956,984720.65000000,3095.69,1.73098564,232.23480870,exact_date_with_local_tdx_chinext_calendar,date_validated_by_local_tdx_only,False
2022-01-11,17036.03869104,976656.47000000,3056.15,1.74432251,229.26856714,exact_date_with_local_tdx_chinext_calendar,date_validated_by_local_tdx_only,False
2022-01-12,17057.91530537,987239.10000000,3136.69,1.72784033,235.31057764,exact_date_with_local_tdx_chinext_calendar,date_validated_by_local_tdx_only,False
2022-01-13,17052.46447417,974632.85000000,3083.14,1.74962956,231.29332333,exact_date_with_local_tdx_chinext_calendar,date_validated_by_local_tdx_only,False
2022-01-17,17053.34168612,979156.50000000,3170.41,1.74163596,237.84021005,exact_date_with_local_tdx_chinext_calendar,date_validated_by_local_tdx_only,False
2022-01-18,17020.17732406,982556.78000000,3144.33,1.73223346,235.88372093,exact_date_with_local_tdx_chinext_calendar,date_validated_by_local_tdx_only,False
2022-01-19,16987.69658037,976764.61000000,3075.98,1.73918019,230.75618905,exact_date_with_local_tdx_chinext_calendar,date_validated_by_local_tdx_only,False
2022-01-20,16884.73242634,973046.19000000,3065.99,1.73524470,230.00675169,exact_date_with_local_tdx_chinext_calendar,date_validated_by_local_tdx_only,False
2022-01-24,16740.00097224,965899.63000000,3056.43,1.73309943,229.28957239,exact_date_with_local_tdx_chinext_calendar,date_validated_by_local_tdx_only,False
2022-01-25,16648.54792401,938526.83000000,2974.96,1.77390218,223.17779445,exact_date_with_local_tdx_chinext_calendar,date_validated_by_local_tdx_only,False
2022-01-26,16575.58254312,945848.15000000,3004.41,1.75245705,225.38709677,exact_date_with_local_tdx_chinext_calendar,date_validated_by_local_tdx_only,False
2022-01-27,16484.04453734,926091.04000000,2906.76,1.77995940,218.06151538,exact_date_with_local_tdx_chinext_calendar,date_validated_by_local_tdx_only,False
2022-02-07,16237.91638542,936198.29000000,2917.86,1.73445269,218.89422356,exact_date_with_local_tdx_chinext_calendar,date_validated_by_local_tdx_only,False
2022-02-08,16224.76434064,940084.68000000,2846.48,1.72588328,213.53938485,exact_date_with_local_tdx_chinext_calendar,date_validated_by_local_tdx_only,False
2022-02-09,16251.11953950,951830.03000000,2883.6,1.70735520,216.32408102,exact_date_with_local_tdx_chinext_calendar,date_validated_by_local_tdx_only,False
2022-02-10,16241.58047074,950139.84000000,2826.52,1.70938843,212.04201050,exact_date_with_local_tdx_chinext_calendar,date_validated_by_local_tdx_only,False
2022-02-14,16209.67058056,932261.63000000,2732.01,1.73874694,204.95198800,exact_date_with_local_tdx_chinext_calendar,date_validated_by_local_tdx_only,False
2022-02-15,16217.15362408,939626.61000000,2816.44,1.72591468,211.28582146,exact_date_with_local_tdx_chinext_calendar,date_validated_by_local_tdx_only,False
2022-02-16,16232.66716602,945477.50000000,2818.4,1.71687504,211.43285821,exact_date_with_local_tdx_chinext_calendar,date_validated_by_local_tdx_only,False
2022-02-17,16236.48372691,946226.19000000,2839.83,1.71591992,213.04051013,exact_date_with_local_tdx_chinext_calendar,date_validated_by_local_tdx_only,False
2022-02-21,16268.18273093,954223.18000000,2804.6,1.70486141,210.39759940,exact_date_with_local_tdx_chinext_calendar,date_validated_by_local_tdx_only,False
2022-02-22,16296.78176463,944221.09000000,2765.91,1.72594977,207.49512378,exact_date_with_local_tdx_chinext_calendar,date_validated_by_local_tdx_only,False
2022-02-23,16362.22284911,956222.09000000,2843.87,1.71113207,213.34358590,exact_date_with_local_tdx_chinext_calendar,date_validated_by_local_tdx_only,False
2022-02-24,16314.83045935,937406.67000000,2783.9,1.74042184,208.84471118,exact_date_with_local_tdx_chinext_calendar,date_validated_by_local_tdx_only,False
2022-02-28,16311.15584992,948549.66000000,2881.31,1.71958902,216.15228807,exact_date_with_local_tdx_chinext_calendar,date_validated_by_local_tdx_only,False
2022-03-01,16326.48729898,954307.01000000,2885.79,1.71082127,216.48837209,exact_date_with_local_tdx_chinext_calendar,date_validated_by_local_tdx_only,False
2022-03-02,16346.32732179,951426.14000000,2834.64,1.71808684,212.65116279,exact_date_with_local_tdx_chinext_calendar,date_validated_by_local_tdx_only,False
2022-03-03,16334.49371353,948423.61000000,2791.95,1.72227827,209.44861215,exact_date_with_local_tdx_chinext_calendar,date_validated_by_local_tdx_only,False
2022-03-07,16313.54292087,917045.06000000,2630.37,1.77892490,197.32708177,exact_date_with_local_tdx_chinext_calendar,date_validated_by_local_tdx_only,False
2022-03-08,16294.09843842,894337.46000000,2582.99,1.82191837,193.77269317,exact_date_with_local_tdx_chinext_calendar,date_validated_by_local_tdx_only,False
2022-03-09,16215.87889053,884603.51000000,2566.72,1.83312396,192.55213803,exact_date_with_local_tdx_chinext_calendar,date_validated_by_local_tdx_only,False
2022-03-10,16194.87036942,898029.37000000,2635.19,1.80337870,197.68867217,exact_date_with_local_tdx_chinext_calendar,date_validated_by_local_tdx_only,False
2022-03-14,16147.70054078,878565.99000000,2570.45,1.83796103,192.83195799,exact_date_with_local_tdx_chinext_calendar,date_validated_by_local_tdx_only,False
2022-03-15,16023.65610313,837997.23000000,2504.78,1.91213712,187.90547637,exact_date_with_local_tdx_chinext_calendar,date_validated_by_local_tdx_only,False
2022-03-16,15980.27475544,866950.84000000,2635.08,1.84327346,197.68042011,exact_date_with_local_tdx_chinext_calendar,date_validated_by_local_tdx_only,False
2022-03-17,15938.23899439,881487.98000000,2710.73,1.80810622,203.35558890,exact_date_with_local_tdx_chinext_calendar,date_validated_by_local_tdx_only,False
2022-03-21,15914.68115379,893557.73000000,2726.18,1.78104678,204.51462866,exact_date_with_local_tdx_chinext_calendar,date_validated_by_local_tdx_only,False
2022-03-22,15917.00179880,893815.34000000,2688.23,1.78079309,201.66766692,exact_date_with_local_tdx_chinext_calendar,date_validated_by_local_tdx_only,False
2022-03-23,15917.40182070,897589.51000000,2715.95,1.77334980,203.74718680,exact_date_with_local_tdx_chinext_calendar,date_validated_by_local_tdx_only,False
2022-03-24,15912.78046597,892170.57000000,2706.21,1.78360293,203.01650413,exact_date_with_local_tdx_chinext_calendar,date_validated_by_local_tdx_only,False
2022-03-28,15859.48924735,879165.61000000,2594.13,1.80392512,194.60840210,exact_date_with_local_tdx_chinext_calendar,date_validated_by_local_tdx_only,False
2022-03-29,15838.34092285,875902.86000000,2592.67,1.80823030,194.49887472,exact_date_with_local_tdx_chinext_calendar,date_validated_by_local_tdx_only,False
2022-03-30,15864.27863516,894116.44000000,2696.83,1.77429672,202.31282821,exact_date_with_local_tdx_chinext_calendar,date_validated_by_local_tdx_only,False
2022-03-31,15806.91357675,888802.52000000,2659.49,1.77845058,199.51162791,exact_date_with_local_tdx_chinext_calendar,date_validated_by_local_tdx_only,False
2022-04-06,15763.05837056,896040.72000000,2633.91,1.75918996,197.59264816,exact_date_with_local_tdx_chinext_calendar,date_validated_by_local_tdx_only,False
2022-04-07,15724.01567928,881942.95000000,2578.53,1.78288354,193.43810953,exact_date_with_local_tdx_chinext_calendar,date_validated_by_local_tdx_only,False
2022-04-11,15588.77749082,858746.80000000,2462.04,1.81529381,184.69917479,exact_date_with_local_tdx_chinext_calendar,date_validated_by_local_tdx_only,False
2022-04-12,15565.66367080,872169.29000000,2523.69,1.78470669,189.32408102,exact_date_with_local_tdx_chinext_calendar,date_validated_by_local_tdx_only,False
2022-04-13,15514.44896861,862557.56000000,2466.84,1.79865666,185.05926482,exact_date_with_local_tdx_chinext_calendar,date_validated_by_local_tdx_only,False
2022-04-14,15502.14694307,871482.09000000,2466.29,1.77882565,185.01800450,exact_date_with_local_tdx_chinext_calendar,date_validated_by_local_tdx_only,False
2022-04-18,15410.20086668,863931.05000000,2487.77,1.78373041,186.62940735,exact_date_with_local_tdx_chinext_calendar,date_validated_by_local_tdx_only,False
2022-04-19,15400.73032685,863863.51000000,2453.55,1.78277357,184.06226557,exact_date_with_local_tdx_chinext_calendar,date_validated_by_local_tdx_only,False
2022-04-20,15397.04085716,851650.73000000,2363.65,1.80790556,177.31807952,exact_date_with_local_tdx_chinext_calendar,date_validated_by_local_tdx_only,False
2022-04-21,15296.28570279,836957.60000000,2312.46,1.82760581,173.47786947,exact_date_with_local_tdx_chinext_calendar,date_validated_by_local_tdx_only,False
2022-04-25,14934.45392328,792943.84000000,2169,1.88341887,162.71567892,exact_date_with_local_tdx_chinext_calendar,date_validated_by_local_tdx_only,False
2022-04-26,14654.49981821,779126.20000000,2150.51,1.88088911,161.32858215,exact_date_with_local_tdx_chinext_calendar,date_validated_by_local_tdx_only,False
2022-04-27,14540.01431477,801836.77000000,2269.17,1.81333843,170.23030758,exact_date_with_local_tdx_chinext_calendar,date_validated_by_local_tdx_only,False
2022-04-28,14444.56820773,802700.40000000,2227.65,1.79949682,167.11552888,exact_date_with_local_tdx_chinext_calendar,date_validated_by_local_tdx_only,False
2022-05-05,14397.55326348,831436.66000000,2288.4,1.73164764,171.67291823,exact_date_with_local_tdx_chinext_calendar,date_validated_by_local_tdx_only,False
2022-05-09,14408.70101378,817330.33000000,2228.07,1.76289812,167.14703676,exact_date_with_local_tdx_chinext_calendar,date_validated_by_local_tdx_only,False
2022-05-10,14423.43682120,826255.26000000,2276.35,1.74563933,170.76894224,exact_date_with_local_tdx_chinext_calendar,date_validated_by_local_tdx_only,False
2022-05-11,14465.91092850,833831.51000000,2346.15,1.73487218,176.00525131,exact_date_with_local_tdx_chinext_calendar,date_validated_by_local_tdx_only,False
2022-05-12,14458.93452233,833740.05000000,2351.27,1.73422574,176.38934734,exact_date_with_local_tdx_chinext_calendar,date_validated_by_local_tdx_only,False
2022-05-16,14454.66592926,838163.26000000,2331.23,1.72456449,174.88597149,exact_date_with_local_tdx_chinext_calendar,date_validated_by_local_tdx_only,False
2022-05-17,14449.92090738,843936.92000000,2369.09,1.71220391,177.72618155,exact_date_with_local_tdx_chinext_calendar,date_validated_by_local_tdx_only,False
2022-05-18,14464.27234039,843564.30000000,2365.38,1.71466151,177.44786197,exact_date_with_local_tdx_chinext_calendar,date_validated_by_local_tdx_only,False
2022-05-19,14467.38888466,846491.87000000,2377.13,1.70909957,178.32933233,exact_date_with_local_tdx_chinext_calendar,date_validated_by_local_tdx_only,False
2022-05-23,14494.88760556,862118.23000000,2410.12,1.68131088,180.80420105,exact_date_with_local_tdx_chinext_calendar,date_validated_by_local_tdx_only,False
2022-05-24,14472.41395192,838043.82000000,2318.07,1.72692807,173.89872468,exact_date_with_local_tdx_chinext_calendar,date_validated_by_local_tdx_only,False
2022-05-25,14488.00286881,848128.24000000,2325.6,1.70823257,174.46361590,exact_date_with_local_tdx_chinext_calendar,date_validated_by_local_tdx_only,False
2022-05-26,14487.07011380,852054.26000000,2321.13,1.70025206,174.12828207,exact_date_with_local_tdx_chinext_calendar,date_validated_by_local_tdx_only,False
2022-05-30,14450.05450956,860627.15000000,2350.38,1.67901448,176.32258065,exact_date_with_local_tdx_chinext_calendar,date_validated_by_local_tdx_only,False
2022-05-31,14445.64453720,871249.80000000,2405.08,1.65803706,180.42610653,exact_date_with_local_tdx_chinext_calendar,date_validated_by_local_tdx_only,False
2022-06-01,14442.71337081,870957.00000000,2428.96,1.65825791,182.21755439,exact_date_with_local_tdx_chinext_calendar,date_validated_by_local_tdx_only,False
2022-06-06,14498.91516883,890242.15000000,2554.66,1.62864847,191.64741185,exact_date_with_local_tdx_chinext_calendar,date_validated_by_local_tdx_only,False
2022-06-07,14533.54856802,890920.63000000,2554.63,1.63129555,191.64516129,exact_date_with_local_tdx_chinext_calendar,date_validated_by_local_tdx_only,False
2022-06-08,14562.40238450,896844.09000000,2576.34,1.62373846,193.27381845,exact_date_with_local_tdx_chinext_calendar,date_validated_by_local_tdx_only,False
2022-06-09,14580.88981643,886830.99000000,2500.21,1.64415655,187.56264066,exact_date_with_local_tdx_chinext_calendar,date_validated_by_local_tdx_only,False
2022-06-13,14665.28586267,895547.52000000,2546.49,1.63757763,191.03450863,exact_date_with_local_tdx_chinext_calendar,date_validated_by_local_tdx_only,False
2022-06-14,14704.86707154,901796.01000000,2548.31,1.63062011,191.17104276,exact_date_with_local_tdx_chinext_calendar,date_validated_by_local_tdx_only,False
2022-06-15,14754.23947891,905488.88000000,2575.09,1.62942249,193.18004501,exact_date_with_local_tdx_chinext_calendar,date_validated_by_local_tdx_only,False
2022-06-16,14790.31105235,902706.13000000,2585.47,1.63844141,193.95873968,exact_date_with_local_tdx_chinext_calendar,date_validated_by_local_tdx_only,False
2022-06-20,14831.45642717,914911.78000000,2710.14,1.62108050,203.31132783,exact_date_with_local_tdx_chinext_calendar,date_validated_by_local_tdx_only,False
2022-06-21,14809.28049270,912241.40000000,2692.98,1.62339491,202.02400600,exact_date_with_local_tdx_chinext_calendar,date_validated_by_local_tdx_only,False
2022-06-22,14850.53500538,901480.74000000,2677.29,1.64734912,200.84696174,exact_date_with_local_tdx_chinext_calendar,date_validated_by_local_tdx_only,False
2022-06-23,14880.24375079,917906.82000000,2760.1,1.62110613,207.05926482,exact_date_with_local_tdx_chinext_calendar,date_validated_by_local_tdx_only,False
2022-06-27,14961.13860178,935517.71000000,2830.6,1.59923628,212.34808702,exact_date_with_local_tdx_chinext_calendar,date_validated_by_local_tdx_only,False
2022-06-28,15046.69436917,944836.95000000,2840.42,1.59251756,213.08477119,exact_date_with_local_tdx_chinext_calendar,date_validated_by_local_tdx_only,False
2022-06-29,15052.45987750,929041.05000000,2768.61,1.62021472,207.69767442,exact_date_with_local_tdx_chinext_calendar,date_validated_by_local_tdx_only,False
2022-06-30,15097.69354702,939532.41000000,2810.6,1.60693696,210.84771193,exact_date_with_local_tdx_chinext_calendar,date_validated_by_local_tdx_only,False
2022-07-04,15153.67880960,944660.69000000,2834.69,1.60413987,212.65491373,exact_date_with_local_tdx_chinext_calendar,date_validated_by_local_tdx_only,False
2022-07-05,15187.31438768,942341.60000000,2825.13,1.61165700,211.93773443,exact_date_with_local_tdx_chinext_calendar,date_validated_by_local_tdx_only,False
2022-07-06,15231.74672384,930560.81000000,2802.72,1.63683518,210.25656414,exact_date_with_local_tdx_chinext_calendar,date_validated_by_local_tdx_only,False
2022-07-07,15276.90462273,935468.78000000,2849.71,1.63307477,213.78169542,exact_date_with_local_tdx_chinext_calendar,date_validated_by_local_tdx_only,False
2022-07-11,15244.98046501,920574.70000000,2767.46,1.65602862,207.61140285,exact_date_with_local_tdx_chinext_calendar,date_validated_by_local_tdx_only,False
2022-07-12,15222.98938855,909893.04000000,2702.69,1.67305262,202.75243811,exact_date_with_local_tdx_chinext_calendar,date_validated_by_local_tdx_only,False
2022-07-13,15246.35105774,913464.18000000,2746.86,1.66906939,206.06601650,exact_date_with_local_tdx_chinext_calendar,date_validated_by_local_tdx_only,False
2022-07-14,15264.25535515,915591.22000000,2819.13,1.66714741,211.48762191,exact_date_with_local_tdx_chinext_calendar,date_validated_by_local_tdx_only,False
2022-07-18,15263.66641666,915145.66000000,2800.36,1.66789475,210.07951988,exact_date_with_local_tdx_chinext_calendar,date_validated_by_local_tdx_only,False
2022-07-19,15292.84823880,915751.51000000,2750.87,1.66997794,206.36684171,exact_date_with_local_tdx_chinext_calendar,date_validated_by_local_tdx_only,False
2022-07-20,15310.95178393,922597.65000000,2765.16,1.65954810,207.43885971,exact_date_with_local_tdx_chinext_calendar,date_validated_by_local_tdx_only,False
2022-07-21,15306.13969965,914687.96000000,2751.41,1.67337282,206.40735184,exact_date_with_local_tdx_chinext_calendar,date_validated_by_local_tdx_only,False
2022-07-25,15270.34863760,907127.00000000,2704.95,1.68337495,202.92198050,exact_date_with_local_tdx_chinext_calendar,date_validated_by_local_tdx_only,False
2022-07-26,15270.43497087,915129.60000000,2713.46,1.66866365,203.56039010,exact_date_with_local_tdx_chinext_calendar,date_validated_by_local_tdx_only,False
2022-07-27,15309.76634346,915926.90000000,2714.25,1.67150526,203.61965491,exact_date_with_local_tdx_chinext_calendar,date_validated_by_local_tdx_only,False
2022-07-28,15312.64615643,918727.89000000,2705.9,1.66672269,202.99324831,exact_date_with_local_tdx_chinext_calendar,date_validated_by_local_tdx_only,False
2022-08-01,15305.26780112,916952.83000000,2733.74,1.66914451,205.08177044,exact_date_with_local_tdx_chinext_calendar,date_validated_by_local_tdx_only,False
2022-08-02,15184.72476091,893721.82000000,2678.62,1.69904375,200.94673668,exact_date_with_local_tdx_chinext_calendar,date_validated_by_local_tdx_only,False
2022-08-03,15154.01070541,886728.17000000,2628.82,1.70898041,197.21080270,exact_date_with_local_tdx_chinext_calendar,date_validated_by_local_tdx_only,False
2022-08-04,15177.50758138,894363.57000000,2640.78,1.69701764,198.10802701,exact_date_with_local_tdx_chinext_calendar,date_validated_by_local_tdx_only,False
2022-08-08,15186.32194045,911273.14000000,2675.69,1.66649507,200.72693173,exact_date_with_local_tdx_chinext_calendar,date_validated_by_local_tdx_only,False
2022-08-09,15231.87930857,914186.33000000,2694.8,1.66616791,202.16054014,exact_date_with_local_tdx_chinext_calendar,date_validated_by_local_tdx_only,False
2022-08-10,15263.48361774,909944.77000000,2658.58,1.67740770,199.44336084,exact_date_with_local_tdx_chinext_calendar,date_validated_by_local_tdx_only,False
2022-08-11,15278.30160186,924512.06000000,2721.49,1.65258002,204.16279070,exact_date_with_local_tdx_chinext_calendar,date_validated_by_local_tdx_only,False
2022-08-15,15277.77003376,925215.04000000,2718.59,1.65126694,203.94523631,exact_date_with_local_tdx_chinext_calendar,date_validated_by_local_tdx_only,False
2022-08-16,15304.83739115,926995.99000000,2731.39,1.65101441,204.90547637,exact_date_with_local_tdx_chinext_calendar,date_validated_by_local_tdx_only,False
2022-08-17,15330.86559130,932274.18000000,2777.91,1.64445889,208.39534884,exact_date_with_local_tdx_chinext_calendar,date_validated_by_local_tdx_only,False
2022-08-18,15362.74001563,929650.79000000,2775.82,1.65252804,208.23855964,exact_date_with_local_tdx_chinext_calendar,date_validated_by_local_tdx_only,False
2022-08-22,15319.87471412,930808.23000000,2779.02,1.64586799,208.47861965,exact_date_with_local_tdx_chinext_calendar,date_validated_by_local_tdx_only,False
2022-08-23,15348.99195749,930938.85000000,2780.31,1.64876479,208.57539385,exact_date_with_local_tdx_chinext_calendar,date_validated_by_local_tdx_only,False
2022-08-24,15293.59669298,910083.70000000,2679.05,1.68046046,200.97899475,exact_date_with_local_tdx_chinext_calendar,date_validated_by_local_tdx_only,False
2022-08-25,15262.86896277,915156.14000000,2667.3,1.66778851,200.09752438,exact_date_with_local_tdx_chinext_calendar,date_validated_by_local_tdx_only,False
2022-08-29,15218.70409427,913572.22000000,2630.51,1.66584576,197.33758440,exact_date_with_local_tdx_chinext_calendar,date_validated_by_local_tdx_only,False
2022-08-30,15209.34041375,909635.46000000,2612.14,1.67202589,195.95948987,exact_date_with_local_tdx_chinext_calendar,date_validated_by_local_tdx_only,False
2022-08-31,15106.46316582,898381.81000000,2570.41,1.68151926,192.82895724,exact_date_with_local_tdx_chinext_calendar,date_validated_by_local_tdx_only,False
2022-09-01,15067.17685928,893193.94000000,2533.85,1.68688749,190.08627157,exact_date_with_local_tdx_chinext_calendar,date_validated_by_local_tdx_only,False
2022-09-05,15043.79233730,897676.05000000,2538.2,1.67585983,190.41260315,exact_date_with_local_tdx_chinext_calendar,date_validated_by_local_tdx_only,False
2022-09-06,15045.32003931,908397.53000000,2540.64,1.65624845,190.59564891,exact_date_with_local_tdx_chinext_calendar,date_validated_by_local_tdx_only,False
2022-09-07,15066.18355121,910890.05000000,2570.8,1.65400682,192.85821455,exact_date_with_local_tdx_chinext_calendar,date_validated_by_local_tdx_only,False
2022-09-08,15051.85018277,906148.32000000,2523.01,1.66108018,189.27306827,exact_date_with_local_tdx_chinext_calendar,date_validated_by_local_tdx_only,False
2022-09-13,14993.27757312,915305.22000000,2550.63,1.63806316,191.34508627,exact_date_with_local_tdx_chinext_calendar,date_validated_by_local_tdx_only,False
2022-09-14,14989.81047064,907549.89000000,2503.82,1.65167895,187.83345836,exact_date_with_local_tdx_chinext_calendar,date_validated_by_local_tdx_only,False
2022-09-15,14934.09168890,893495.60000000,2424.19,1.67142308,181.85971493,exact_date_with_local_tdx_chinext_calendar,date_validated_by_local_tdx_only,False
2022-09-19,14849.71722508,869960.82000000,2350.38,1.70694092,176.32258065,exact_date_with_local_tdx_chinext_calendar,date_validated_by_local_tdx_only,False
2022-09-20,14857.55413117,874800.04000000,2366.9,1.69839431,177.56189047,exact_date_with_local_tdx_chinext_calendar,date_validated_by_local_tdx_only,False
2022-09-21,14863.73982927,873073.75000000,2331.52,1.70246097,174.90772693,exact_date_with_local_tdx_chinext_calendar,date_validated_by_local_tdx_only,False
2022-09-22,14844.71790186,870347.87000000,2319.42,1.70560743,174.00000000,exact_date_with_local_tdx_chinext_calendar,date_validated_by_local_tdx_only,False
2022-09-26,14726.07296678,854235.68000000,2323.05,1.72388877,174.27231808,exact_date_with_local_tdx_chinext_calendar,date_validated_by_local_tdx_only,False
2022-09-27,14711.95993491,868358.14000000,2374.74,1.69422722,178.15003751,exact_date_with_local_tdx_chinext_calendar,date_validated_by_local_tdx_only,False
2022-09-28,14639.96937749,851784.15000000,2313.77,1.71874170,173.57614404,exact_date_with_local_tdx_chinext_calendar,date_validated_by_local_tdx_only,False
2022-09-29,14598.72885035,851566.14000000,2333,1.71433881,175.01875469,exact_date_with_local_tdx_chinext_calendar,date_validated_by_local_tdx_only,False
2022-10-10,14442.48920913,830669.18000000,2236.24,1.73865716,167.75993998,exact_date_with_local_tdx_chinext_calendar,date_validated_by_local_tdx_only,False
2022-10-11,14434.29697155,833054.59000000,2261.89,1.73269521,169.68417104,exact_date_with_local_tdx_chinext_calendar,date_validated_by_local_tdx_only,False
2022-10-12,14447.95233610,848960.01000000,2343.3,1.70184133,175.79144786,exact_date_with_local_tdx_chinext_calendar,date_validated_by_local_tdx_only,False
2022-10-13,14457.54692572,848075.96000000,2350.69,1.70474670,176.34583646,exact_date_with_local_tdx_chinext_calendar,date_validated_by_local_tdx_only,False
2022-10-17,14463.31392733,869931.24000000,2435.02,1.66258128,182.67216804,exact_date_with_local_tdx_chinext_calendar,date_validated_by_local_tdx_only,False
2022-10-18,14484.46742358,870663.12000000,2446.93,1.66361330,183.56564141,exact_date_with_local_tdx_chinext_calendar,date_validated_by_local_tdx_only,False
2022-10-19,14503.30082370,861085.67000000,2425.96,1.68430405,181.99249812,exact_date_with_local_tdx_chinext_calendar,date_validated_by_local_tdx_only,False
2022-10-20,14509.19260697,858115.82000000,2401.72,1.69081985,180.17404351,exact_date_with_local_tdx_chinext_calendar,date_validated_by_local_tdx_only,False
2022-10-24,14496.55873797,842637.53000000,2336.84,1.72037896,175.30682671,exact_date_with_local_tdx_chinext_calendar,date_validated_by_local_tdx_only,False
2022-10-25,14495.34505123,840747.03000000,2314.55,1.72410303,173.63465866,exact_date_with_local_tdx_chinext_calendar,date_validated_by_local_tdx_only,False
2022-10-26,14535.17222740,850514.14000000,2372.88,1.70898655,178.01050263,exact_date_with_local_tdx_chinext_calendar,date_validated_by_local_tdx_only,False
2022-10-27,14525.67918771,846169.12000000,2337.25,1.71664019,175.33758440,exact_date_with_local_tdx_chinext_calendar,date_validated_by_local_tdx_only,False
2022-10-31,14428.17041461,822303.72000000,2265.08,1.75460357,169.92348087,exact_date_with_local_tdx_chinext_calendar,date_validated_by_local_tdx_only,False
2022-11-01,14464.36491052,844402.23000000,2337.65,1.71297095,175.36759190,exact_date_with_local_tdx_chinext_calendar,date_validated_by_local_tdx_only,False
2022-11-02,14476.94907123,854174.88000000,2375.86,1.69484603,178.23405851,exact_date_with_local_tdx_chinext_calendar,date_validated_by_local_tdx_only,False
2022-11-03,14521.45293927,853248.86000000,2376.06,1.70190124,178.24906227,exact_date_with_local_tdx_chinext_calendar,date_validated_by_local_tdx_only,False
2022-11-07,14588.29674227,876738.56000000,2454.69,1.66392781,184.14778695,exact_date_with_local_tdx_chinext_calendar,date_validated_by_local_tdx_only,False
2022-11-08,14632.18866915,873354.49000000,2432.4,1.67540086,182.47561890,exact_date_with_local_tdx_chinext_calendar,date_validated_by_local_tdx_only,False
2022-11-09,14657.48854094,869195.38000000,2399.34,1.68632840,179.99549887,exact_date_with_local_tdx_chinext_calendar,date_validated_by_local_tdx_only,False
2022-11-10,14663.19609089,863800.22000000,2357.13,1.69752169,176.82895724,exact_date_with_local_tdx_chinext_calendar,date_validated_by_local_tdx_only,False
2022-11-14,14604.45296557,875204.77000000,2375.21,1.66868983,178.18529632,exact_date_with_local_tdx_chinext_calendar,date_validated_by_local_tdx_only,False
2022-11-15,14636.99589763,890381.33000000,2431.73,1.64390193,182.42535634,exact_date_with_local_tdx_chinext_calendar,date_validated_by_local_tdx_only,False
2022-11-16,14655.64893966,885723.41000000,2402.91,1.65465300,180.26331583,exact_date_with_local_tdx_chinext_calendar,date_validated_by_local_tdx_only,False
2022-11-17,14683.77106870,885078.60000000,2385.86,1.65903583,178.98424606,exact_date_with_local_tdx_chinext_calendar,date_validated_by_local_tdx_only,False
2022-11-21,14711.55259533,878673.28000000,2387.3,1.67429156,179.09227307,exact_date_with_local_tdx_chinext_calendar,date_validated_by_local_tdx_only,False
2022-11-22,14711.76180045,876312.92000000,2343.55,1.67882516,175.81020255,exact_date_with_local_tdx_chinext_calendar,date_validated_by_local_tdx_only,False
2022-11-23,14716.33386861,876311.92000000,2340.34,1.67934882,175.56939235,exact_date_with_local_tdx_chinext_calendar,date_validated_by_local_tdx_only,False
2022-11-24,14716.29351588,875508.37000000,2335.52,1.68088553,175.20780195,exact_date_with_local_tdx_chinext_calendar,date_validated_by_local_tdx_only,False
2022-11-28,14642.27520831,870557.91000000,2298.8,1.68194155,172.45311328,exact_date_with_local_tdx_chinext_calendar,date_validated_by_local_tdx_only,False
2022-11-29,14660.97274453,889228.26000000,2339.79,1.64872996,175.52813203,exact_date_with_local_tdx_chinext_calendar,date_validated_by_local_tdx_only,False
2022-11-30,14643.57168827,890834.48000000,2345.31,1.64380387,175.94223556,exact_date_with_local_tdx_chinext_calendar,date_validated_by_local_tdx_only,False
2022-12-01,14655.63180549,897143.08000000,2381.18,1.63358913,178.63315829,exact_date_with_local_tdx_chinext_calendar,date_validated_by_local_tdx_only,False
2022-12-05,14707.45688212,909445.95000000,2377.11,1.61718867,178.32783196,exact_date_with_local_tdx_chinext_calendar,date_validated_by_local_tdx_only,False
2022-12-06,14715.71166144,910302.85000000,2393.28,1.61657317,179.54088522,exact_date_with_local_tdx_chinext_calendar,date_validated_by_local_tdx_only,False
2022-12-07,14742.55596458,907656.61000000,2414.04,1.62424377,181.09827457,exact_date_with_local_tdx_chinext_calendar,date_validated_by_local_tdx_only,False
2022-12-08,14742.01385346,906179.51000000,2411.81,1.62683152,180.93098275,exact_date_with_local_tdx_chinext_calendar,date_validated_by_local_tdx_only,False
2022-12-12,14768.54814941,903061.00000000,2401.52,1.63538766,180.15903976,exact_date_with_local_tdx_chinext_calendar,date_validated_by_local_tdx_only,False
2022-12-13,14769.42207917,900961.49000000,2376.2,1.63929560,178.25956489,exact_date_with_local_tdx_chinext_calendar,date_validated_by_local_tdx_only,False
2022-12-14,14746.76385976,900274.94000000,2368.08,1.63802892,177.65041260,exact_date_with_local_tdx_chinext_calendar,date_validated_by_local_tdx_only,False
2022-12-15,14771.76780232,899843.76000000,2399.12,1.64159251,179.97899475,exact_date_with_local_tdx_chinext_calendar,date_validated_by_local_tdx_only,False
2022-12-19,14697.34484524,880366.54000000,2346.7,1.66945746,176.04651163,exact_date_with_local_tdx_chinext_calendar,date_validated_by_local_tdx_only,False
2022-12-20,14699.84005842,870947.59000000,2310.8,1.68779847,173.35333833,exact_date_with_local_tdx_chinext_calendar,date_validated_by_local_tdx_only,False
2022-12-21,14662.38870488,868618.52000000,2303.7,1.68801244,172.82070518,exact_date_with_local_tdx_chinext_calendar,date_validated_by_local_tdx_only,False
2022-12-22,14617.44920525,864547.16000000,2295.32,1.69076366,172.19204801,exact_date_with_local_tdx_chinext_calendar,date_validated_by_local_tdx_only,False
2022-12-26,14583.21700162,871154.41000000,2331.41,1.67401058,174.89947487,exact_date_with_local_tdx_chinext_calendar,date_validated_by_local_tdx_only,False
2022-12-27,14563.02774265,879881.51000000,2359.5,1.65511237,177.00675169,exact_date_with_local_tdx_chinext_calendar,date_validated_by_local_tdx_only,False
2022-12-28,14529.84653510,875555.78000000,2338.26,1.65949981,175.41335334,exact_date_with_local_tdx_chinext_calendar,date_validated_by_local_tdx_only,False
2022-12-29,14524.47457136,871678.49000000,2349.38,1.66626511,176.24756189,exact_date_with_local_tdx_chinext_calendar,date_validated_by_local_tdx_only,False
2023-01-03,14495.03135462,886176.87000000,2356.42,1.63568153,176.77569392,exact_date_with_local_tdx_chinext_calendar,date_validated_by_local_tdx_only,False
2023-01-04,14505.33682515,888173.03000000,2335.12,1.63316565,175.17779445,exact_date_with_local_tdx_chinext_calendar,date_validated_by_local_tdx_only,False
2023-01-05,14522.06628975,898640.43000000,2399.46,1.61600411,180.00450113,exact_date_with_local_tdx_chinext_calendar,date_validated_by_local_tdx_only,False
2023-01-09,14514.54238691,904961.95000000,2440.37,1.60388427,183.07351838,exact_date_with_local_tdx_chinext_calendar,date_validated_by_local_tdx_only,False
2023-01-10,14512.06102148,904661.59000000,2474.01,1.60414250,185.59714929,exact_date_with_local_tdx_chinext_calendar,date_validated_by_local_tdx_only,False
2023-01-11,14496.96235498,901612.19000000,2445.97,1.60789334,183.49362341,exact_date_with_local_tdx_chinext_calendar,date_validated_by_local_tdx_only,False
2023-01-12,14476.14577723,902727.67000000,2458.49,1.60360054,184.43285821,exact_date_with_local_tdx_chinext_calendar,date_validated_by_local_tdx_only,False
2023-01-16,14433.38562592,920993.51000000,2539.52,1.56715389,190.51162791,exact_date_with_local_tdx_chinext_calendar,date_validated_by_local_tdx_only,False
2023-01-17,14419.37323549,920282.25000000,2545.55,1.56684248,190.96399100,exact_date_with_local_tdx_chinext_calendar,date_validated_by_local_tdx_only,False
2023-01-18,14386.80992751,921560.59000000,2543.9,1.56113554,190.84021005,exact_date_with_local_tdx_chinext_calendar,date_validated_by_local_tdx_only,False
2023-01-19,14363.56809232,927095.13000000,2571.44,1.54930898,192.90622656,exact_date_with_local_tdx_chinext_calendar,date_validated_by_local_tdx_only,False
2023-01-30,14391.92453361,938321.31000000,2613.89,1.53379491,196.09077269,exact_date_with_local_tdx_chinext_calendar,date_validated_by_local_tdx_only,False
2023-01-31,14450.64425461,934604.75000000,2580.84,1.54617706,193.61140285,exact_date_with_local_tdx_chinext_calendar,date_validated_by_local_tdx_only,False
2023-02-01,14531.11568602,945768.40000000,2613.69,1.53643489,196.07576894,exact_date_with_local_tdx_chinext_calendar,date_validated_by_local_tdx_only,False
2023-02-02,14576.97446724,945941.33000000,2602.32,1.54100196,195.22280570,exact_date_with_local_tdx_chinext_calendar,date_validated_by_local_tdx_only,False
2023-02-06,14641.42892683,934195.08000000,2544.09,1.56727746,190.85446362,exact_date_with_local_tdx_chinext_calendar,date_validated_by_local_tdx_only,False
2023-02-07,14694.66500547,936779.78000000,2537.97,1.56863601,190.39534884,exact_date_with_local_tdx_chinext_calendar,date_validated_by_local_tdx_only,False
2023-02-08,14709.43744560,932643.13000000,2525.88,1.57717748,189.48837209,exact_date_with_local_tdx_chinext_calendar,date_validated_by_local_tdx_only,False
2023-02-09,14728.08339856,945292.25000000,2569.73,1.55804550,192.77794449,exact_date_with_local_tdx_chinext_calendar,date_validated_by_local_tdx_only,False
2023-02-13,14769.05075422,950079.89000000,2573.18,1.55450620,193.03675919,exact_date_with_local_tdx_chinext_calendar,date_validated_by_local_tdx_only,False
2023-02-14,14806.09290913,951346.06000000,2565.15,1.55633092,192.43435859,exact_date_with_local_tdx_chinext_calendar,date_validated_by_local_tdx_only,False
2023-02-15,14837.99356036,948947.52000000,2547.2,1.56362636,191.08777194,exact_date_with_local_tdx_chinext_calendar,date_validated_by_local_tdx_only,False
2023-02-16,14810.66081244,937721.26000000,2512.5,1.57943106,188.48462116,exact_date_with_local_tdx_chinext_calendar,date_validated_by_local_tdx_only,False
2023-02-20,14821.19456846,947239.97000000,2480.79,1.56467158,186.10577644,exact_date_with_local_tdx_chinext_calendar,date_validated_by_local_tdx_only,False
2023-02-21,14844.71175607,950368.22000000,2469.81,1.56199581,185.28207052,exact_date_with_local_tdx_chinext_calendar,date_validated_by_local_tdx_only,False
2023-02-22,14876.63774582,946599.80000000,2451.9,1.57158683,183.93848462,exact_date_with_local_tdx_chinext_calendar,date_validated_by_local_tdx_only,False
2023-02-23,14881.94769106,945084.05000000,2457.48,1.57466923,184.35708927,exact_date_with_local_tdx_chinext_calendar,date_validated_by_local_tdx_only,False
2023-02-27,14873.50169168,934985.73000000,2409.79,1.59077312,180.77944486,exact_date_with_local_tdx_chinext_calendar,date_validated_by_local_tdx_only,False
2023-02-28,14880.08992796,942163.15000000,2429.03,1.57935384,182.22280570,exact_date_with_local_tdx_chinext_calendar,date_validated_by_local_tdx_only,False
2023-03-01,14910.53253117,952654.65000000,2443.95,1.56515612,183.34208552,exact_date_with_local_tdx_chinext_calendar,date_validated_by_local_tdx_only,False
2023-03-02,14912.29351255,950748.10000000,2418.6,1.56847997,181.44036009,exact_date_with_local_tdx_chinext_calendar,date_validated_by_local_tdx_only,False
2023-03-06,14939.35872877,954652.70000000,2431.56,1.56489986,182.41260315,exact_date_with_local_tdx_chinext_calendar,date_validated_by_local_tdx_only,False
2023-03-07,14918.73384738,941211.34000000,2383.73,1.58505675,178.82445611,exact_date_with_local_tdx_chinext_calendar,date_validated_by_local_tdx_only,False
2023-03-08,14935.28640462,942335.91000000,2377.58,1.58492171,178.36309077,exact_date_with_local_tdx_chinext_calendar,date_validated_by_local_tdx_only,False
2023-03-09,14956.98640391,941655.96000000,2372.68,1.58837060,177.99549887,exact_date_with_local_tdx_chinext_calendar,date_validated_by_local_tdx_only,False
2023-03-13,14921.60892805,939315.88000000,2357.07,1.58856134,176.82445611,exact_date_with_local_tdx_chinext_calendar,date_validated_by_local_tdx_only,False
2023-03-14,14942.13778420,932468.20000000,2343.11,1.60242867,175.77719430,exact_date_with_local_tdx_chinext_calendar,date_validated_by_local_tdx_only,False
2023-03-15,14944.57259670,936958.63000000,2337.46,1.59500880,175.35333833,exact_date_with_local_tdx_chinext_calendar,date_validated_by_local_tdx_only,False
2023-03-16,14941.06964387,925429.41000000,2302.05,1.61450128,172.69692423,exact_date_with_local_tdx_chinext_calendar,date_validated_by_local_tdx_only,False
2023-03-20,14956.08339392,926336.15000000,2291.92,1.61454170,171.93698425,exact_date_with_local_tdx_chinext_calendar,date_validated_by_local_tdx_only,False
2023-03-21,14975.10374015,934817.01000000,2337.26,1.60192889,175.33833458,exact_date_with_local_tdx_chinext_calendar,date_validated_by_local_tdx_only,False
2023-03-22,15011.59920172,938958.70000000,2341.92,1.59874968,175.68792198,exact_date_with_local_tdx_chinext_calendar,date_validated_by_local_tdx_only,False
2023-03-23,15049.72917910,945072.33000000,2361.41,1.59244205,177.15003751,exact_date_with_local_tdx_chinext_calendar,date_validated_by_local_tdx_only,False
2023-03-27,15153.20697458,938344.23000000,2398.02,1.61488785,179.89647412,exact_date_with_local_tdx_chinext_calendar,date_validated_by_local_tdx_only,False
2023-03-28,15168.86393982,935038.70000000,2369.17,1.62227124,177.73218305,exact_date_with_local_tdx_chinext_calendar,date_validated_by_local_tdx_only,False
2023-03-29,15156.74977986,935451.84000000,2371.19,1.62025976,177.88372093,exact_date_with_local_tdx_chinext_calendar,date_validated_by_local_tdx_only,False
2023-03-30,15165.84131113,939388.42000000,2383.04,1.61443775,178.77269317,exact_date_with_local_tdx_chinext_calendar,date_validated_by_local_tdx_only,False
2023-04-03,15228.10288290,954171.91000000,2440.21,1.59594961,183.06151538,exact_date_with_local_tdx_chinext_calendar,date_validated_by_local_tdx_only,False
2023-04-06,15324.02565909,957688.20000000,2426.57,1.60010593,182.03825956,exact_date_with_local_tdx_chinext_calendar,date_validated_by_local_tdx_only,False
2023-04-10,15319.73862183,960993.82000000,2443.52,1.59415579,183.30982746,exact_date_with_local_tdx_chinext_calendar,date_validated_by_local_tdx_only,False
2023-04-11,15332.40132414,960277.92000000,2439.4,1.59666290,183.00075019,exact_date_with_local_tdx_chinext_calendar,date_validated_by_local_tdx_only,False
2023-04-12,15393.31656415,965201.68000000,2429.29,1.59482903,182.24231058,exact_date_with_local_tdx_chinext_calendar,date_validated_by_local_tdx_only,False
2023-04-13,15392.68709421,960756.70000000,2405.76,1.60214205,180.47711928,exact_date_with_local_tdx_chinext_calendar,date_validated_by_local_tdx_only,False
2023-04-17,15418.82373314,977811.13000000,2434.44,1.57687137,182.62865716,exact_date_with_local_tdx_chinext_calendar,date_validated_by_local_tdx_only,False
2023-04-18,15429.12393981,979177.91000000,2431.1,1.57572222,182.37809452,exact_date_with_local_tdx_chinext_calendar,date_validated_by_local_tdx_only,False
2023-04-19,15452.88042908,972780.61000000,2415.76,1.58852677,181.22730683,exact_date_with_local_tdx_chinext_calendar,date_validated_by_local_tdx_only,False
2023-04-20,15485.27287360,971968.50000000,2386.67,1.59318670,179.04501125,exact_date_with_local_tdx_chinext_calendar,date_validated_by_local_tdx_only,False
2023-04-24,15443.67378168,944423.97000000,2301.24,1.63524797,172.63615904,exact_date_with_local_tdx_chinext_calendar,date_validated_by_local_tdx_only,False
2023-04-25,15368.31056855,937301.87000000,2259.19,1.63963298,169.48162041,exact_date_with_local_tdx_chinext_calendar,date_validated_by_local_tdx_only,False
2023-04-26,15319.76599425,937305.56000000,2294.06,1.63444736,172.09752438,exact_date_with_local_tdx_chinext_calendar,date_validated_by_local_tdx_only,False
2023-04-27,15240.01082557,941959.13000000,2307.27,1.61790574,173.08852213,exact_date_with_local_tdx_chinext_calendar,date_validated_by_local_tdx_only,False
2023-05-04,15243.71184958,959857.76000000,2297.67,1.58812196,172.36834209,exact_date_with_local_tdx_chinext_calendar,date_validated_by_local_tdx_only,False
2023-05-08,15262.20038374,969719.06000000,2273.4,1.57387856,170.54763691,exact_date_with_local_tdx_chinext_calendar,date_validated_by_local_tdx_only,False
2023-05-09,15276.67517978,957945.07000000,2245.82,1.59473394,168.47861965,exact_date_with_local_tdx_chinext_calendar,date_validated_by_local_tdx_only,False
2023-05-10,15281.26137026,950884.02000000,2262.22,1.60705838,169.70892723,exact_date_with_local_tdx_chinext_calendar,date_validated_by_local_tdx_only,False
2023-05-11,15272.31962579,949203.28000000,2276.57,1.60896195,170.78544636,exact_date_with_local_tdx_chinext_calendar,date_validated_by_local_tdx_only,False
2023-05-15,15233.72443904,949422.47000000,2299.93,1.60452537,172.53788447,exact_date_with_local_tdx_chinext_calendar,date_validated_by_local_tdx_only,False
2023-05-16,15219.36985948,943167.88000000,2294.19,1.61364378,172.10727682,exact_date_with_local_tdx_chinext_calendar,date_validated_by_local_tdx_only,False
2023-05-17,15229.85411063,942197.52000000,2293.64,1.61641840,172.06601650,exact_date_with_local_tdx_chinext_calendar,date_validated_by_local_tdx_only,False
2023-05-18,15264.79702792,946109.70000000,2277.97,1.61342781,170.89047262,exact_date_with_local_tdx_chinext_calendar,date_validated_by_local_tdx_only,False
2023-05-22,15213.18243031,948178.05000000,2280.15,1.60446473,171.05401350,exact_date_with_local_tdx_chinext_calendar,date_validated_by_local_tdx_only,False
2023-05-23,15190.73581455,934649.36000000,2253.33,1.62528714,169.04201050,exact_date_with_local_tdx_chinext_calendar,date_validated_by_local_tdx_only,False
2023-05-24,15199.70349806,925018.96000000,2245.26,1.64317751,168.43660915,exact_date_with_local_tdx_chinext_calendar,date_validated_by_local_tdx_only,False
2023-05-25,15190.17435687,924035.57000000,2244.18,1.64389498,168.35558890,exact_date_with_local_tdx_chinext_calendar,date_validated_by_local_tdx_only,False
2023-05-29,15176.76401937,928335.88000000,2203.84,1.63483545,165.32933233,exact_date_with_local_tdx_chinext_calendar,date_validated_by_local_tdx_only,False
2023-05-30,15171.57284941,930957.34000000,2218.6,1.62967434,166.43660915,exact_date_with_local_tdx_chinext_calendar,date_validated_by_local_tdx_only,False
2023-05-31,15186.86855870,925771.90000000,2193.41,1.64045469,164.54688672,exact_date_with_local_tdx_chinext_calendar,date_validated_by_local_tdx_only,False
2023-06-01,15194.23267024,927711.62000000,2206.43,1.63781851,165.52363091,exact_date_with_local_tdx_chinext_calendar,date_validated_by_local_tdx_only,False
2023-06-05,15169.09416443,936307.79000000,2202.14,1.62009697,165.20180045,exact_date_with_local_tdx_chinext_calendar,date_validated_by_local_tdx_only,False
2023-06-06,15132.56929577,926100.03000000,2164.81,1.63401024,162.40135034,exact_date_with_local_tdx_chinext_calendar,date_validated_by_local_tdx_only,False
2023-06-07,15134.74172980,925829.21000000,2129.9,1.63472286,159.78244561,exact_date_with_local_tdx_chinext_calendar,date_validated_by_local_tdx_only,False
2023-06-08,15111.95723419,928387.79000000,2123.96,1.62776346,159.33683421,exact_date_with_local_tdx_chinext_calendar,date_validated_by_local_tdx_only,False
2023-06-12,15119.93145396,936179.18000000,2152.42,1.61506812,161.47186797,exact_date_with_local_tdx_chinext_calendar,date_validated_by_local_tdx_only,False
2023-06-13,15116.69934152,938774.03000000,2166.96,1.61025964,162.56264066,exact_date_with_local_tdx_chinext_calendar,date_validated_by_local_tdx_only,False
2023-06-14,15105.58936808,938004.74000000,2163.34,1.61039585,162.29107277,exact_date_with_local_tdx_chinext_calendar,date_validated_by_local_tdx_only,False
2023-06-15,15098.17683755,945066.83000000,2237.74,1.59757769,167.87246812,exact_date_with_local_tdx_chinext_calendar,date_validated_by_local_tdx_only,False
2023-06-16,15070.78673826,951303.06000000,2270.06,1.58422561,170.29707427,exact_date_with_local_tdx_chinext_calendar,date_validated_by_local_tdx_only,False
2023-06-19,15132.76774449,947903.51000000,2265.18,1.59644601,169.93098275,exact_date_with_local_tdx_chinext_calendar,date_validated_by_local_tdx_only,False
2023-06-20,15162.69956150,944517.21000000,2271.42,1.60533862,170.39909977,exact_date_with_local_tdx_chinext_calendar,date_validated_by_local_tdx_only,False
2023-06-21,15071.57113814,930093.99000000,2211.84,1.62043528,165.92948237,exact_date_with_local_tdx_chinext_calendar,date_validated_by_local_tdx_only,False
2023-06-26,15053.23522793,915788.81000000,2186.25,1.64374527,164.00975244,exact_date_with_local_tdx_chinext_calendar,date_validated_by_local_tdx_only,False
2023-06-27,15045.25109920,928161.43000000,2191.83,1.62097353,164.42835709,exact_date_with_local_tdx_chinext_calendar,date_validated_by_local_tdx_only,False
2023-06-28,15000.06269483,926120.70000000,2182.1,1.61966606,163.69842461,exact_date_with_local_tdx_chinext_calendar,date_validated_by_local_tdx_only,False
2023-06-29,15008.46099188,926038.29000000,2180.06,1.62071711,163.54538635,exact_date_with_local_tdx_chinext_calendar,date_validated_by_local_tdx_only,False
2023-06-30,14952.90061307,933304.02000000,2215,1.60214681,166.16654164,exact_date_with_local_tdx_chinext_calendar,date_validated_by_local_tdx_only,False
2023-07-03,14982.46479269,943799.90000000,2228.21,1.58746200,167.15753938,exact_date_with_local_tdx_chinext_calendar,date_validated_by_local_tdx_only,False
2023-07-04,15005.64751825,945900.55000000,2232.75,1.58638744,167.49812453,exact_date_with_local_tdx_chinext_calendar,date_validated_by_local_tdx_only,False
2023-07-05,15014.97864779,938930.88000000,2212.42,1.59915697,165.97299325,exact_date_with_local_tdx_chinext_calendar,date_validated_by_local_tdx_only,False
2023-07-06,15023.19458923,934810.26000000,2192.19,1.60708491,164.45536384,exact_date_with_local_tdx_chinext_calendar,date_validated_by_local_tdx_only,False
2023-07-07,14981.07830010,930925.79000000,2169.21,1.60926665,162.73143286,exact_date_with_local_tdx_chinext_calendar,date_validated_by_local_tdx_only,False
2023-07-10,14987.72171778,933065.89000000,2198.86,1.60628760,164.95573893,exact_date_with_local_tdx_chinext_calendar,date_validated_by_local_tdx_only,False
2023-07-11,14991.26213737,939317.85000000,2216.78,1.59597331,166.30007502,exact_date_with_local_tdx_chinext_calendar,date_validated_by_local_tdx_only,False
2023-07-12,14963.14128942,930825.53000000,2196.85,1.60751299,164.80495124,exact_date_with_local_tdx_chinext_calendar,date_validated_by_local_tdx_only,False
2023-07-13,14945.77458752,943442.03000000,2237.52,1.58417519,167.85596399,exact_date_with_local_tdx_chinext_calendar,date_validated_by_local_tdx_only,False
2023-07-14,14931.49065363,942857.15000000,2224.1,1.58364294,166.84921230,exact_date_with_local_tdx_chinext_calendar,date_validated_by_local_tdx_only,False
2023-07-17,14953.66206862,935825.80000000,2207.44,1.59791086,165.59939985,exact_date_with_local_tdx_chinext_calendar,date_validated_by_local_tdx_only,False
2023-07-18,14954.79835029,932945.12000000,2200.62,1.60296657,165.08777194,exact_date_with_local_tdx_chinext_calendar,date_validated_by_local_tdx_only,False
2023-07-19,14956.57223161,932851.78000000,2177.25,1.60331711,163.33458365,exact_date_with_local_tdx_chinext_calendar,date_validated_by_local_tdx_only,False
2023-07-20,14905.75163639,924137.22000000,2155.65,1.61293705,161.71417854,exact_date_with_local_tdx_chinext_calendar,date_validated_by_local_tdx_only,False
2023-07-21,14853.69904788,922652.10000000,2163.12,1.60989164,162.27456864,exact_date_with_local_tdx_chinext_calendar,date_validated_by_local_tdx_only,False
2023-07-24,14853.02758974,921005.72000000,2146.93,1.61269656,161.06001500,exact_date_with_local_tdx_chinext_calendar,date_validated_by_local_tdx_only,False
2023-07-25,14848.96294730,940526.92000000,2192.9,1.57879191,164.50862716,exact_date_with_local_tdx_chinext_calendar,date_validated_by_local_tdx_only,False
2023-07-26,14835.53531098,936952.64000000,2191.17,1.58338156,164.37884471,exact_date_with_local_tdx_chinext_calendar,date_validated_by_local_tdx_only,False
2023-07-27,14821.43986486,934459.05000000,2184.1,1.58609838,163.84846212,exact_date_with_local_tdx_chinext_calendar,date_validated_by_local_tdx_only,False
2023-07-28,14790.24477006,949653.50000000,2219.54,1.55743592,166.50712678,exact_date_with_local_tdx_chinext_calendar,date_validated_by_local_tdx_only,False
2023-07-31,14860.71136146,954791.79000000,2236.67,1.55643477,167.79219805,exact_date_with_local_tdx_chinext_calendar,date_validated_by_local_tdx_only,False
2023-08-01,14878.98794652,953942.89000000,2223.8,1.55973571,166.82670668,exact_date_with_local_tdx_chinext_calendar,date_validated_by_local_tdx_only,False
2023-08-02,14908.82570316,947400.56000000,2218.57,1.57365599,166.43435859,exact_date_with_local_tdx_chinext_calendar,date_validated_by_local_tdx_only,False
2023-08-03,14925.66700034,952003.05000000,2241.98,1.56781714,168.19054764,exact_date_with_local_tdx_chinext_calendar,date_validated_by_local_tdx_only,False
2023-08-04,14930.94123328,955860.82000000,2263.37,1.56204135,169.79519880,exact_date_with_local_tdx_chinext_calendar,date_validated_by_local_tdx_only,False
2023-08-07,14985.67060634,950740.31000000,2240.77,1.57621071,168.09977494,exact_date_with_local_tdx_chinext_calendar,date_validated_by_local_tdx_only,False
2023-08-08,14985.13279905,948770.62000000,2228.91,1.57942631,167.21005251,exact_date_with_local_tdx_chinext_calendar,date_validated_by_local_tdx_only,False
2023-08-09,14963.65174272,944596.26000000,2228.73,1.58413201,167.19654914,exact_date_with_local_tdx_chinext_calendar,date_validated_by_local_tdx_only,False
2023-08-10,14957.47706041,947297.42000000,2239.31,1.57896314,167.99024756,exact_date_with_local_tdx_chinext_calendar,date_validated_by_local_tdx_only,False
2023-08-11,14903.99681443,929164.11000000,2187.04,1.60402201,164.06901725,exact_date_with_local_tdx_chinext_calendar,date_validated_by_local_tdx_only,False
2023-08-14,14903.77608331,926807.16000000,2164.69,1.60807736,162.39234809,exact_date_with_local_tdx_chinext_calendar,date_validated_by_local_tdx_only,False
2023-08-15,14901.12209271,925227.02000000,2148.67,1.61053685,161.19054764,exact_date_with_local_tdx_chinext_calendar,date_validated_by_local_tdx_only,False
2023-08-16,14876.23808610,917064.64000000,2132.97,1.62215807,160.01275319,exact_date_with_local_tdx_chinext_calendar,date_validated_by_local_tdx_only,False
2023-08-17,14887.07422044,922343.14000000,2147.06,1.61404943,161.06976744,exact_date_with_local_tdx_chinext_calendar,date_validated_by_local_tdx_only,False
2023-08-18,14840.06725901,911636.82000000,2118.92,1.62784861,158.95873968,exact_date_with_local_tdx_chinext_calendar,date_validated_by_local_tdx_only,False
2023-08-21,14838.24518807,902003.58000000,2084.97,1.64503174,156.41185296,exact_date_with_local_tdx_chinext_calendar,date_validated_by_local_tdx_only,False
2023-08-22,14839.71738798,909477.05000000,2086.94,1.63167585,156.55963991,exact_date_with_local_tdx_chinext_calendar,date_validated_by_local_tdx_only,False
2023-08-23,14812.31994654,895716.20000000,2038.98,1.65368450,152.96174044,exact_date_with_local_tdx_chinext_calendar,date_validated_by_local_tdx_only,False
2023-08-24,14789.74259950,897284.44000000,2064.57,1.64827806,154.88147037,exact_date_with_local_tdx_chinext_calendar,date_validated_by_local_tdx_only,False
2023-08-25,14692.49739399,889249.00000000,2040.4,1.65223659,153.06826707,exact_date_with_local_tdx_chinext_calendar,date_validated_by_local_tdx_only,False
2023-08-28,14754.11408347,899044.34000000,2060.04,1.64108859,154.54163541,exact_date_with_local_tdx_chinext_calendar,date_validated_by_local_tdx_only,False
2023-08-29,14784.78143122,914104.60000000,2118.19,1.61740587,158.90397599,exact_date_with_local_tdx_chinext_calendar,date_validated_by_local_tdx_only,False
2023-08-30,14793.12522594,915911.21000000,2117.13,1.61512656,158.82445611,exact_date_with_local_tdx_chinext_calendar,date_validated_by_local_tdx_only,False
2023-08-31,14771.13583904,911843.88000000,2102.58,1.61991939,157.73293323,exact_date_with_local_tdx_chinext_calendar,date_validated_by_local_tdx_only,False
2023-09-01,14722.81922974,914512.30000000,2100.26,1.60990937,157.55888972,exact_date_with_local_tdx_chinext_calendar,date_validated_by_local_tdx_only,False
2023-09-04,14761.04435575,927502.16000000,2118.03,1.59148356,158.89197299,exact_date_with_local_tdx_chinext_calendar,date_validated_by_local_tdx_only,False
2023-09-05,14779.29464619,921368.08000000,2111.33,1.60405976,158.38934734,exact_date_with_local_tdx_chinext_calendar,date_validated_by_local_tdx_only,False
2023-09-06,14798.08378196,922474.45000000,2101.4,1.60417275,157.64441110,exact_date_with_local_tdx_chinext_calendar,date_validated_by_local_tdx_only,False
2023-09-07,14779.41755524,910281.79000000,2056.98,1.62360905,154.31207802,exact_date_with_local_tdx_chinext_calendar,date_validated_by_local_tdx_only,False
2023-09-08,14737.21220951,909633.23000000,2049.77,1.62012685,153.77119280,exact_date_with_local_tdx_chinext_calendar,date_validated_by_local_tdx_only,False
2023-09-11,14992.54366517,917078.79000000,2063.19,1.63481522,154.77794449,exact_date_with_local_tdx_chinext_calendar,date_validated_by_local_tdx_only,False
2023-09-12,15077.86072549,915897.60000000,2051.04,1.64623870,153.86646662,exact_date_with_local_tdx_chinext_calendar,date_validated_by_local_tdx_only,False
2023-09-13,15126.90551420,910018.17000000,2027.73,1.66226412,152.11777944,exact_date_with_local_tdx_chinext_calendar,date_validated_by_local_tdx_only,False
2023-09-14,15146.23988945,909543.80000000,2011.88,1.66525679,150.92873218,exact_date_with_local_tdx_chinext_calendar,date_validated_by_local_tdx_only,False
2023-09-15,15161.41785148,907200.34000000,2002.73,1.67123150,150.24231058,exact_date_with_local_tdx_chinext_calendar,date_validated_by_local_tdx_only,False
2023-09-18,15195.10153039,909666.25000000,2020.47,1.67040401,151.57314329,exact_date_with_local_tdx_chinext_calendar,date_validated_by_local_tdx_only,False
2023-09-19,15195.58817390,907293.40000000,2002.66,1.67482627,150.23705926,exact_date_with_local_tdx_chinext_calendar,date_validated_by_local_tdx_only,False
2023-09-20,15196.48476598,902789.40000000,1987.3,1.68328126,149.08477119,exact_date_with_local_tdx_chinext_calendar,date_validated_by_local_tdx_only,False
2023-09-21,15205.22786994,896252.12000000,1967.61,1.69653466,147.60765191,exact_date_with_local_tdx_chinext_calendar,date_validated_by_local_tdx_only,False
2023-09-22,15208.88947544,910630.17000000,2013.34,1.67014997,151.03825956,exact_date_with_local_tdx_chinext_calendar,date_validated_by_local_tdx_only,False
2023-09-25,15244.54837984,906045.16000000,2005.26,1.68253737,150.43210803,exact_date_with_local_tdx_chinext_calendar,date_validated_by_local_tdx_only,False
2023-09-26,15243.00076549,901485.11000000,1989.83,1.69087660,149.27456864,exact_date_with_local_tdx_chinext_calendar,date_validated_by_local_tdx_only,False
2023-09-27,15262.72493833,903243.63000000,2006.22,1.68976835,150.50412603,exact_date_with_local_tdx_chinext_calendar,date_validated_by_local_tdx_only,False
2023-09-28,15094.32280146,905515.14000000,2003.91,1.66693213,150.33083271,exact_date_with_local_tdx_chinext_calendar,date_validated_by_local_tdx_only,False
2023-10-09,15213.52617071,903310.41000000,1998.61,1.68419693,149.93323331,exact_date_with_local_tdx_chinext_calendar,date_validated_by_local_tdx_only,False
2023-10-10,15277.19748025,897890.23000000,1987.94,1.70145492,149.13278320,exact_date_with_local_tdx_chinext_calendar,date_validated_by_local_tdx_only,False
2023-10-11,15327.77507969,900012.34000000,2003.9,1.70306277,150.33008252,exact_date_with_local_tdx_chinext_calendar,date_validated_by_local_tdx_only,False
2023-10-12,15369.00874095,908219.64000000,2019.1,1.69221277,151.47036759,exact_date_with_local_tdx_chinext_calendar,date_validated_by_local_tdx_only,False
2023-10-13,15354.48468553,903283.29000000,1996.6,1.69985262,149.78244561,exact_date_with_local_tdx_chinext_calendar,date_validated_by_local_tdx_only,False
2023-10-16,15397.31586159,897361.08000000,1956.72,1.71584396,146.79069767,exact_date_with_local_tdx_chinext_calendar,date_validated_by_local_tdx_only,False
2023-10-17,15403.03425298,900308.18000000,1961.89,1.71086241,147.17854464,exact_date_with_local_tdx_chinext_calendar,date_validated_by_local_tdx_only,False
2023-10-18,15392.65001934,891010.52000000,1938.44,1.72754975,145.41935484,exact_date_with_local_tdx_chinext_calendar,date_validated_by_local_tdx_only,False
2023-10-19,15396.88412700,876560.14000000,1913.7,1.75651201,143.56339085,exact_date_with_local_tdx_chinext_calendar,date_validated_by_local_tdx_only,False
2023-10-20,15367.55935332,869124.44000000,1896.95,1.76816560,142.30682671,exact_date_with_local_tdx_chinext_calendar,date_validated_by_local_tdx_only,False
2023-10-23,15362.51087968,856138.07000000,1864.91,1.79439642,139.90322581,exact_date_with_local_tdx_chinext_calendar,date_validated_by_local_tdx_only,False
2023-10-24,15380.88528188,863085.78000000,1880.81,1.78208072,141.09602401,exact_date_with_local_tdx_chinext_calendar,date_validated_by_local_tdx_only,False
2023-10-25,15390.90522525,866523.88000000,1863.8,1.77616631,139.81995499,exact_date_with_local_tdx_chinext_calendar,date_validated_by_local_tdx_only,False
2023-10-26,15391.60913502,871090.64000000,1875.86,1.76693543,140.72468117,exact_date_with_local_tdx_chinext_calendar,date_validated_by_local_tdx_only,False
2023-10-27,15367.36175889,881665.07000000,1929.91,1.74299315,144.77944486,exact_date_with_local_tdx_chinext_calendar,date_validated_by_local_tdx_only,False
2023-10-30,15464.46551974,885653.90000000,1977.69,1.74610709,148.36384096,exact_date_with_local_tdx_chinext_calendar,date_validated_by_local_tdx_only,False
2023-10-31,15491.44933520,883944.13000000,1968.23,1.75253716,147.65416354,exact_date_with_local_tdx_chinext_calendar,date_validated_by_local_tdx_only,False
2023-11-01,15526.22833078,884512.10000000,1959.13,1.75534380,146.97149287,exact_date_with_local_tdx_chinext_calendar,date_validated_by_local_tdx_only,False
2023-11-02,15503.63700875,879184.82000000,1939.7,1.76341045,145.51387847,exact_date_with_local_tdx_chinext_calendar,date_validated_by_local_tdx_only,False
2023-11-03,15465.29794439,886499.65000000,1968.21,1.74453514,147.65266317,exact_date_with_local_tdx_chinext_calendar,date_validated_by_local_tdx_only,False
2023-11-06,15559.97525823,896224.06000000,2032.34,1.73617022,152.46361590,exact_date_with_local_tdx_chinext_calendar,date_validated_by_local_tdx_only,False
2023-11-07,15616.78861685,897331.55000000,2022.77,1.74035880,151.74568642,exact_date_with_local_tdx_chinext_calendar,date_validated_by_local_tdx_only,False
2023-11-08,15689.62801027,896935.70000000,2023.13,1.74924780,151.77269317,exact_date_with_local_tdx_chinext_calendar,date_validated_by_local_tdx_only,False
2023-11-09,15702.15995641,895727.73000000,2018.38,1.75300590,151.41635409,exact_date_with_local_tdx_chinext_calendar,date_validated_by_local_tdx_only,False
2023-11-10,15696.37806143,892047.30000000,2005.24,1.75959033,150.43060765,exact_date_with_local_tdx_chinext_calendar,date_validated_by_local_tdx_only,False
2023-11-13,15753.43118737,895154.71000000,2009.21,1.75985570,150.72843211,exact_date_with_local_tdx_chinext_calendar,date_validated_by_local_tdx_only,False
2023-11-14,15807.65673526,898069.49000000,2004.81,1.76018191,150.39834959,exact_date_with_local_tdx_chinext_calendar,date_validated_by_local_tdx_only,False
2023-11-15,15851.81706731,903126.69000000,2015.36,1.75521521,151.18979745,exact_date_with_local_tdx_chinext_calendar,date_validated_by_local_tdx_only,False
2023-11-16,15860.43440014,896062.58000000,1978.12,1.77001414,148.39609902,exact_date_with_local_tdx_chinext_calendar,date_validated_by_local_tdx_only,False
2023-11-17,15857.56346892,897871.61000000,1986.53,1.76612817,149.02700675,exact_date_with_local_tdx_chinext_calendar,date_validated_by_local_tdx_only,False
2023-11-20,15938.76410316,902455.11000000,1992.97,1.76615589,149.51012753,exact_date_with_local_tdx_chinext_calendar,date_validated_by_local_tdx_only,False
2023-11-21,15942.50270718,901078.91000000,1984.27,1.76926821,148.85746437,exact_date_with_local_tdx_chinext_calendar,date_validated_by_local_tdx_only,False
2023-11-22,15949.74833629,893392.64000000,1950.01,1.78530107,146.28732183,exact_date_with_local_tdx_chinext_calendar,date_validated_by_local_tdx_only,False
2023-11-23,15958.46578780,899304.81000000,1961.35,1.77453357,147.13803451,exact_date_with_local_tdx_chinext_calendar,date_validated_by_local_tdx_only,False
2023-11-24,15908.09964146,892678.72000000,1937.94,1.78206328,145.38184546,exact_date_with_local_tdx_chinext_calendar,date_validated_by_local_tdx_only,False
2023-11-27,15920.47334290,889867.90000000,1926.2,1.78908278,144.50112528,exact_date_with_local_tdx_chinext_calendar,date_validated_by_local_tdx_only,False
2023-11-28,15924.30565099,892533.37000000,1938.42,1.78416922,145.41785446,exact_date_with_local_tdx_chinext_calendar,date_validated_by_local_tdx_only,False
2023-11-29,15943.96616729,886932.66000000,1917.9,1.79765239,143.87846962,exact_date_with_local_tdx_chinext_calendar,date_validated_by_local_tdx_only,False
2023-11-30,15915.84265718,887908.95000000,1922.59,1.79250842,144.23030758,exact_date_with_local_tdx_chinext_calendar,date_validated_by_local_tdx_only,False
2023-12-01,15914.48710627,889611.50000000,1926.28,1.78892551,144.50712678,exact_date_with_local_tdx_chinext_calendar,date_validated_by_local_tdx_only,False
2023-12-04,15932.01522598,886893.92000000,1908.92,1.79638341,143.20480120,exact_date_with_local_tdx_chinext_calendar,date_validated_by_local_tdx_only,False
2023-12-05,15928.11041918,872412.42000000,1871.1,1.82575466,140.36759190,exact_date_with_local_tdx_chinext_calendar,date_validated_by_local_tdx_only,False
2023-12-06,15932.60592426,872893.77000000,1881.94,1.82526288,141.18079520,exact_date_with_local_tdx_chinext_calendar,date_validated_by_local_tdx_only,False
2023-12-07,15946.26909976,871687.39000000,1877.21,1.82935640,140.82595649,exact_date_with_local_tdx_chinext_calendar,date_validated_by_local_tdx_only,False
2023-12-08,15910.68542396,872902.64000000,1892.18,1.82273311,141.94898725,exact_date_with_local_tdx_chinext_calendar,date_validated_by_local_tdx_only,False
2023-12-11,15944.53416789,879437.28000000,1915.74,1.81303824,143.71642911,exact_date_with_local_tdx_chinext_calendar,date_validated_by_local_tdx_only,False
2023-12-12,15969.65413738,882550.75000000,1903.87,1.80948848,142.82595649,exact_date_with_local_tdx_chinext_calendar,date_validated_by_local_tdx_only,False
2023-12-13,15989.18874987,873121.17000000,1872.34,1.83126802,140.46061515,exact_date_with_local_tdx_chinext_calendar,date_validated_by_local_tdx_only,False
2023-12-14,15967.22689594,869845.12000000,1860.51,1.83564022,139.57314329,exact_date_with_local_tdx_chinext_calendar,date_validated_by_local_tdx_only,False
2023-12-15,15952.75520941,865631.00000000,1848.5,1.84290480,138.67216804,exact_date_with_local_tdx_chinext_calendar,date_validated_by_local_tdx_only,False
2023-12-18,15932.12388222,860155.29000000,1820,1.85223809,136.53413353,exact_date_with_local_tdx_chinext_calendar,date_validated_by_local_tdx_only,False
2023-12-19,15943.03405020,860970.20000000,1827.67,1.85175213,137.10952738,exact_date_with_local_tdx_chinext_calendar,date_validated_by_local_tdx_only,False
2023-12-20,15900.52276996,852276.00000000,1802.88,1.86565417,135.24981245,exact_date_with_local_tdx_chinext_calendar,date_validated_by_local_tdx_only,False
2023-12-21,15914.96142344,857003.57000000,1832.62,1.85704727,137.48087022,exact_date_with_local_tdx_chinext_calendar,date_validated_by_local_tdx_only,False
2023-12-22,15835.85885488,854451.34000000,1825.84,1.85333653,136.97224306,exact_date_with_local_tdx_chinext_calendar,date_validated_by_local_tdx_only,False
2023-12-25,15835.70842502,855893.13000000,1831.57,1.85019693,137.40210053,exact_date_with_local_tdx_chinext_calendar,date_validated_by_local_tdx_only,False
2023-12-26,15812.62597960,849795.10000000,1808.5,1.86075749,135.67141785,exact_date_with_local_tdx_chinext_calendar,date_validated_by_local_tdx_only,False
2023-12-27,15822.53333500,855212.89000000,1809.83,1.85012802,135.77119280,exact_date_with_local_tdx_chinext_calendar,date_validated_by_local_tdx_only,False
2023-12-28,15853.49165253,868551.99000000,1879.5,1.82527838,140.99774944,exact_date_with_local_tdx_chinext_calendar,date_validated_by_local_tdx_only,False
2023-12-29,15781.54322438,876279.59000000,1891.37,1.80097122,141.88822206,exact_date_with_local_tdx_chinext_calendar,date_validated_by_local_tdx_only,False
2024-01-02,15837.88137465,871821.65000000,1855.92,1.81664236,139.22880720,exact_date_with_local_tdx_chinext_calendar,date_validated_by_local_tdx_only,False
2024-01-08,15789.28976363,845138.63000000,1744.41,1.86824850,130.86346587,exact_date_with_local_tdx_chinext_calendar,date_validated_by_local_tdx_only,False
2024-01-09,15755.69167335,847127.99000000,1750.78,1.85989506,131.34133533,exact_date_with_local_tdx_chinext_calendar,date_validated_by_local_tdx_only,False
2024-01-10,15728.98200519,841631.41000000,1743.2,1.86886823,130.77269317,exact_date_with_local_tdx_chinext_calendar,date_validated_by_local_tdx_only,False
2024-01-11,15736.67834910,847265.62000000,1777.27,1.85734886,133.32858215,exact_date_with_local_tdx_chinext_calendar,date_validated_by_local_tdx_only,False
2024-01-12,15686.12351673,843936.60000000,1761.16,1.85868506,132.12003001,exact_date_with_local_tdx_chinext_calendar,date_validated_by_local_tdx_only,False
2024-01-15,15696.00107911,844467.77000000,1745.61,1.85868563,130.95348837,exact_date_with_local_tdx_chinext_calendar,date_validated_by_local_tdx_only,False
2024-01-16,15670.71809000,846281.31000000,1752.23,1.85171502,131.45011253,exact_date_with_local_tdx_chinext_calendar,date_validated_by_local_tdx_only,False
2024-01-17,15665.45169503,827828.50000000,1699.62,1.89235472,127.50337584,exact_date_with_local_tdx_chinext_calendar,date_validated_by_local_tdx_only,False
2024-01-18,15598.10891676,831327.53000000,1732.36,1.87628923,129.95948987,exact_date_with_local_tdx_chinext_calendar,date_validated_by_local_tdx_only,False
2024-01-19,15524.90169861,826180.63000000,1715.44,1.87911712,128.69017254,exact_date_with_local_tdx_chinext_calendar,date_validated_by_local_tdx_only,False
2024-01-22,15374.13385199,800267.29000000,1666.88,1.92112486,125.04726182,exact_date_with_local_tdx_chinext_calendar,date_validated_by_local_tdx_only,False
2024-01-23,15333.50799725,805270.92000000,1687.61,1.90414277,126.60240060,exact_date_with_local_tdx_chinext_calendar,date_validated_by_local_tdx_only,False
2024-01-24,15311.32405039,818516.44000000,1696.19,1.87061900,127.24606152,exact_date_with_local_tdx_chinext_calendar,date_validated_by_local_tdx_only,False
2024-01-25,15352.12011485,842349.01000000,1720.78,1.82253673,129.09077269,exact_date_with_local_tdx_chinext_calendar,date_validated_by_local_tdx_only,False
2024-01-26,15302.07146774,841712.46000000,1682.48,1.81796899,126.21755439,exact_date_with_local_tdx_chinext_calendar,date_validated_by_local_tdx_only,False
2024-01-29,15267.22859600,830775.70000000,1623.81,1.83770765,121.81620405,exact_date_with_local_tdx_chinext_calendar,date_validated_by_local_tdx_only,False
2024-01-30,15187.76590729,813491.46000000,1583.77,1.86698529,118.81245311,exact_date_with_local_tdx_chinext_calendar,date_validated_by_local_tdx_only,False
2024-01-31,14994.23529046,798800.00000000,1573.37,1.87709505,118.03225806,exact_date_with_local_tdx_chinext_calendar,date_validated_by_local_tdx_only,False
2024-02-01,14879.60379430,793472.73000000,1589.04,1.87525081,119.20780195,exact_date_with_local_tdx_chinext_calendar,date_validated_by_local_tdx_only,False
2024-02-02,14588.61190779,779146.78000000,1550.37,1.87238301,116.30682671,exact_date_with_local_tdx_chinext_calendar,date_validated_by_local_tdx_only,False
2024-02-05,14194.20411988,765537.09000000,1562.61,1.85414976,117.22505626,exact_date_with_local_tdx_chinext_calendar,date_validated_by_local_tdx_only,False
2024-02-06,14042.83256515,792966.30000000,1667.45,1.77092426,125.09002251,exact_date_with_local_tdx_chinext_calendar,date_validated_by_local_tdx_only,False
2024-02-07,13911.40021740,802365.78000000,1707.02,1.73379780,128.05851463,exact_date_with_local_tdx_chinext_calendar,date_validated_by_local_tdx_only,False
2024-02-22,14069.00048257,854090.11000000,1757.87,1.64725013,131.87321830,exact_date_with_local_tdx_chinext_calendar,date_validated_by_local_tdx_only,False
2024-02-23,14116.05700096,859762.31000000,1758.19,1.64185576,131.89722431,exact_date_with_local_tdx_chinext_calendar,date_validated_by_local_tdx_only,False
2024-02-26,14203.03032406,855099.30000000,1751.7,1.66098023,131.41035259,exact_date_with_local_tdx_chinext_calendar,date_validated_by_local_tdx_only,False
2024-02-27,14313.67878148,869096.47000000,1793.98,1.64696087,134.58214554,exact_date_with_local_tdx_chinext_calendar,date_validated_by_local_tdx_only,False
2024-02-28,14344.84527979,847244.28000000,1748.97,1.69311798,131.20555139,exact_date_with_local_tdx_chinext_calendar,date_validated_by_local_tdx_only,False
2024-02-29,14397.37075911,866858.20000000,1807.03,1.66086804,135.56114029,exact_date_with_local_tdx_chinext_calendar,date_validated_by_local_tdx_only,False
2024-03-01,14419.12938118,872102.24000000,1824.03,1.65337603,136.83645911,exact_date_with_local_tdx_chinext_calendar,date_validated_by_local_tdx_only,False
2024-03-04,14516.31195982,875657.90000000,1834.83,1.65776063,137.64666167,exact_date_with_local_tdx_chinext_calendar,date_validated_by_local_tdx_only,False
2024-03-05,14470.79636463,876014.73000000,1833.66,1.65188962,137.55888972,exact_date_with_local_tdx_chinext_calendar,date_validated_by_local_tdx_only,False
2024-03-06,14523.27161951,875106.75000000,1832.58,1.65960000,137.47786947,exact_date_with_local_tdx_chinext_calendar,date_validated_by_local_tdx_only,False
2024-03-07,14504.81791881,870018.49000000,1789.94,1.66718502,134.27906977,exact_date_with_local_tdx_chinext_calendar,date_validated_by_local_tdx_only,False
2024-03-08,14517.61935655,877925.44000000,1807.29,1.65362782,135.58064516,exact_date_with_local_tdx_chinext_calendar,date_validated_by_local_tdx_only,False
2024-03-11,14597.10972645,886596.21000000,1890.41,1.64642140,141.81620405,exact_date_with_local_tdx_chinext_calendar,date_validated_by_local_tdx_only,False
2024-03-12,14670.14256702,884886.62000000,1906.04,1.65785562,142.98874719,exact_date_with_local_tdx_chinext_calendar,date_validated_by_local_tdx_only,False
2024-03-13,14740.20354663,882225.03000000,1895.15,1.67079861,142.17179295,exact_date_with_local_tdx_chinext_calendar,date_validated_by_local_tdx_only,False
2024-03-14,14751.27340784,880141.19000000,1883.02,1.67601216,141.26181545,exact_date_with_local_tdx_chinext_calendar,date_validated_by_local_tdx_only,False
2024-03-15,14753.44485532,885343.60000000,1884.09,1.66640893,141.34208552,exact_date_with_local_tdx_chinext_calendar,date_validated_by_local_tdx_only,False
2024-03-18,14889.45308968,895626.06000000,1926.4,1.66246314,144.51612903,exact_date_with_local_tdx_chinext_calendar,date_validated_by_local_tdx_only,False
2024-03-19,14926.06719485,890533.08000000,1906.94,1.67608228,143.05626407,exact_date_with_local_tdx_chinext_calendar,date_validated_by_local_tdx_only,False
2024-03-20,14994.93342611,895458.65000000,1909.25,1.67455342,143.22955739,exact_date_with_local_tdx_chinext_calendar,date_validated_by_local_tdx_only,False
2024-03-21,15050.69944487,894344.48000000,1897.09,1.68287498,142.31732933,exact_date_with_local_tdx_chinext_calendar,date_validated_by_local_tdx_only,False
2024-03-22,15029.95850338,885654.08000000,1869.17,1.69704615,140.22280570,exact_date_with_local_tdx_chinext_calendar,date_validated_by_local_tdx_only,False
2024-03-25,15022.81903524,876335.68000000,1833.44,1.71427678,137.54238560,exact_date_with_local_tdx_chinext_calendar,date_validated_by_local_tdx_only,False
2024-03-26,15012.89185060,878166.95000000,1841.54,1.70957149,138.15003751,exact_date_with_local_tdx_chinext_calendar,date_validated_by_local_tdx_only,False
2024-03-27,14973.27262130,864021.72000000,1789.82,1.73297410,134.27006752,exact_date_with_local_tdx_chinext_calendar,date_validated_by_local_tdx_only,False
2024-03-28,15009.34769527,872088.93000000,1806.9,1.72107995,135.55138785,exact_date_with_local_tdx_chinext_calendar,date_validated_by_local_tdx_only,False
2024-03-29,14952.69424661,880516.41000000,1818.2,1.69817326,136.39909977,exact_date_with_local_tdx_chinext_calendar,date_validated_by_local_tdx_only,False
2024-04-01,15026.13092598,893608.16000000,1872.12,1.68151228,140.44411103,exact_date_with_local_tdx_chinext_calendar,date_validated_by_local_tdx_only,False
2024-04-02,15040.66899345,892638.34000000,1860.49,1.68496784,139.57164291,exact_date_with_local_tdx_chinext_calendar,date_validated_by_local_tdx_only,False
2024-04-03,14974.58587970,889761.50000000,1840.41,1.68298874,138.06526632,exact_date_with_local_tdx_chinext_calendar,date_validated_by_local_tdx_only,False
2024-04-08,15024.45355715,881130.93000000,1807.05,1.70513292,135.56264066,exact_date_with_local_tdx_chinext_calendar,date_validated_by_local_tdx_only,False
2024-04-09,15031.15139107,883210.35000000,1827.58,1.70187673,137.10277569,exact_date_with_local_tdx_chinext_calendar,date_validated_by_local_tdx_only,False
2024-04-10,14999.16172140,874733.76000000,1789.94,1.71471165,134.27906977,exact_date_with_local_tdx_chinext_calendar,date_validated_by_local_tdx_only,False
2024-04-11,14983.74161578,875527.50000000,1782.09,1.71139589,133.69017254,exact_date_with_local_tdx_chinext_calendar,date_validated_by_local_tdx_only,False
2024-04-12,14946.55675736,870058.67000000,1762.88,1.71787918,132.24906227,exact_date_with_local_tdx_chinext_calendar,date_validated_by_local_tdx_only,False
2024-04-15,14920.65505779,877455.82000000,1795.52,1.70044516,134.69767442,exact_date_with_local_tdx_chinext_calendar,date_validated_by_local_tdx_only,False
2024-04-16,14846.71156205,858061.81000000,1760.2,1.73026132,132.04801200,exact_date_with_local_tdx_chinext_calendar,date_validated_by_local_tdx_only,False
2024-04-17,14894.14483905,880084.12000000,1797.31,1.69235469,134.83195799,exact_date_with_local_tdx_chinext_calendar,date_validated_by_local_tdx_only,False
2024-04-18,14917.16102262,880042.33000000,1787.49,1.69505040,134.09527382,exact_date_with_local_tdx_chinext_calendar,date_validated_by_local_tdx_only,False
2024-04-19,14871.80310692,877216.08000000,1756,1.69534091,131.73293323,exact_date_with_local_tdx_chinext_calendar,date_validated_by_local_tdx_only,False
2024-04-22,14877.43640804,871186.41000000,1750.46,1.70772136,131.31732933,exact_date_with_local_tdx_chinext_calendar,date_validated_by_local_tdx_only,False
2024-04-23,14847.43565469,866229.85000000,1753.16,1.71402956,131.51987997,exact_date_with_local_tdx_chinext_calendar,date_validated_by_local_tdx_only,False
2024-04-24,14847.57881032,873578.10000000,1765.41,1.69962809,132.43885971,exact_date_with_local_tdx_chinext_calendar,date_validated_by_local_tdx_only,False
2024-04-25,14841.92832215,875600.37000000,1764.73,1.69505734,132.38784696,exact_date_with_local_tdx_chinext_calendar,date_validated_by_local_tdx_only,False
2024-04-26,14807.82433718,886384.43000000,1823.74,1.67058714,136.81470368,exact_date_with_local_tdx_chinext_calendar,date_validated_by_local_tdx_only,False
2024-04-29,14864.32305061,896261.40000000,1887.57,1.65848078,141.60315079,exact_date_with_local_tdx_chinext_calendar,date_validated_by_local_tdx_only,False
2024-04-30,14728.55448265,891833.09000000,1858.39,1.65149226,139.41410353,exact_date_with_local_tdx_chinext_calendar,date_validated_by_local_tdx_only,False
2024-05-06,14878.97075924,904684.19000000,1895.21,1.64465909,142.17629407,exact_date_with_local_tdx_chinext_calendar,date_validated_by_local_tdx_only,False
2024-05-07,14908.46585474,906766.52000000,1892.54,1.64413501,141.97599400,exact_date_with_local_tdx_chinext_calendar,date_validated_by_local_tdx_only,False
2024-05-08,14946.65886949,899236.03000000,1865.11,1.66215080,139.91822956,exact_date_with_local_tdx_chinext_calendar,date_validated_by_local_tdx_only,False
2024-05-09,14950.84011764,907557.08000000,1900.01,1.64737188,142.53638410,exact_date_with_local_tdx_chinext_calendar,date_validated_by_local_tdx_only,False
2024-05-10,14935.12443408,905621.73000000,1878.17,1.64915703,140.89797449,exact_date_with_local_tdx_chinext_calendar,date_validated_by_local_tdx_only,False
2024-05-13,14954.04738630,901424.28000000,1860.37,1.65893550,139.56264066,exact_date_with_local_tdx_chinext_calendar,date_validated_by_local_tdx_only,False
2024-05-14,14969.64729500,901787.62000000,1855.6,1.65999698,139.20480120,exact_date_with_local_tdx_chinext_calendar,date_validated_by_local_tdx_only,False
2024-05-15,14953.23817974,894697.14000000,1838.89,1.67131843,137.95123781,exact_date_with_local_tdx_chinext_calendar,date_validated_by_local_tdx_only,False
2024-05-16,14979.63262538,896179.79000000,1844.21,1.67149860,138.35033758,exact_date_with_local_tdx_chinext_calendar,date_validated_by_local_tdx_only,False
2024-05-17,14934.34833450,905111.79000000,1864.94,1.65000042,139.90547637,exact_date_with_local_tdx_chinext_calendar,date_validated_by_local_tdx_only,False
2024-05-20,14962.61789059,909400.73000000,1875.93,1.64532724,140.72993248,exact_date_with_local_tdx_chinext_calendar,date_validated_by_local_tdx_only,False
2024-05-21,14976.84498586,905018.90000000,1861.48,1.65486544,139.64591148,exact_date_with_local_tdx_chinext_calendar,date_validated_by_local_tdx_only,False
2024-05-22,14997.88520909,905844.81000000,1877.93,1.65567932,140.87996999,exact_date_with_local_tdx_chinext_calendar,date_validated_by_local_tdx_only,False
2024-05-23,14975.50901591,893247.92000000,1852.07,1.67652325,138.93998500,exact_date_with_local_tdx_chinext_calendar,date_validated_by_local_tdx_only,False
2024-05-24,14909.47826963,884884.18000000,1818.56,1.68490731,136.42610653,exact_date_with_local_tdx_chinext_calendar,date_validated_by_local_tdx_only,False
2024-05-27,14909.58816641,894146.43000000,1830.96,1.66746605,137.35633908,exact_date_with_local_tdx_chinext_calendar,date_validated_by_local_tdx_only,False
2024-05-28,14911.81935900,888429.78000000,1806.25,1.67844659,135.50262566,exact_date_with_local_tdx_chinext_calendar,date_validated_by_local_tdx_only,False
2024-05-29,14905.87339492,889703.17000000,1811.07,1.67537600,135.86421605,exact_date_with_local_tdx_chinext_calendar,date_validated_by_local_tdx_only,False
2024-05-30,14896.51166556,884208.63000000,1813.15,1.68472815,136.02025506,exact_date_with_local_tdx_chinext_calendar,date_validated_by_local_tdx_only,False
2024-05-31,14871.88566475,884322.56000000,1805.11,1.68172637,135.41710428,exact_date_with_local_tdx_chinext_calendar,date_validated_by_local_tdx_only,False
2024-06-03,14858.45788426,881742.65000000,1819.46,1.68512410,136.49362341,exact_date_with_local_tdx_chinext_calendar,date_validated_by_local_tdx_only,False
2024-06-04,14822.78889222,885173.86000000,1843.59,1.67456243,138.30382596,exact_date_with_local_tdx_chinext_calendar,date_validated_by_local_tdx_only,False
2024-06-05,14811.90263166,877071.54000000,1833.55,1.68879070,137.55063766,exact_date_with_local_tdx_chinext_calendar,date_validated_by_local_tdx_only,False
2024-06-06,14750.48970447,869500.06000000,1820.45,1.69643343,136.56789197,exact_date_with_local_tdx_chinext_calendar,date_validated_by_local_tdx_only,False
2024-06-07,14686.46783133,870664.43000000,1781.07,1.68681151,133.61365341,exact_date_with_local_tdx_chinext_calendar,date_validated_by_local_tdx_only,False
2024-06-11,14733.12983847,866890.96000000,1787.3,1.69953668,134.08102026,exact_date_with_local_tdx_chinext_calendar,date_validated_by_local_tdx_only,False
2024-06-12,14750.51029833,871017.55000000,1779.42,1.69348026,133.48987247,exact_date_with_local_tdx_chinext_calendar,date_validated_by_local_tdx_only,False
2024-06-13,14758.45126452,868163.16000000,1777.79,1.69996286,133.36759190,exact_date_with_local_tdx_chinext_calendar,date_validated_by_local_tdx_only,False
2024-06-14,14717.51976516,869343.06000000,1791.36,1.69294729,134.38559640,exact_date_with_local_tdx_chinext_calendar,date_validated_by_local_tdx_only,False
2024-06-17,14748.60593186,865807.31000000,1806.19,1.70345131,135.49812453,exact_date_with_local_tdx_chinext_calendar,date_validated_by_local_tdx_only,False
2024-06-18,14778.70517214,870654.36000000,1811.36,1.69742505,135.88597149,exact_date_with_local_tdx_chinext_calendar,date_validated_by_local_tdx_only,False
2024-06-19,14777.88433413,867217.99000000,1788.5,1.70405648,134.17104276,exact_date_with_local_tdx_chinext_calendar,date_validated_by_local_tdx_only,False
2024-06-20,14749.35632156,860257.16000000,1762.7,1.71452875,132.23555889,exact_date_with_local_tdx_chinext_calendar,date_validated_by_local_tdx_only,False
2024-06-21,14698.12119331,858868.56000000,1755.88,1.71133534,131.72393098,exact_date_with_local_tdx_chinext_calendar,date_validated_by_local_tdx_only,False
2024-06-24,14641.51829349,846676.01000000,1731.51,1.72929410,129.89572393,exact_date_with_local_tdx_chinext_calendar,date_validated_by_local_tdx_only,False
2024-06-25,14578.59934163,842963.84000000,1700.02,1.72944540,127.53338335,exact_date_with_local_tdx_chinext_calendar,date_validated_by_local_tdx_only,False
2024-06-26,14578.83108604,852474.11000000,1730.64,1.71017875,129.83045761,exact_date_with_local_tdx_chinext_calendar,date_validated_by_local_tdx_only,False
2024-06-27,14544.94130612,843889.11000000,1703.2,1.72356073,127.77194299,exact_date_with_local_tdx_chinext_calendar,date_validated_by_local_tdx_only,False
2024-06-28,14482.80458743,849455.15000000,1683.43,1.70495224,126.28882221,exact_date_with_local_tdx_chinext_calendar,date_validated_by_local_tdx_only,False
2024-07-01,14480.58138743,857013.78000000,1682.69,1.68965561,126.23330833,exact_date_with_local_tdx_chinext_calendar,date_validated_by_local_tdx_only,False
2024-07-02,14489.06364142,857069.47000000,1665.04,1.69053550,124.90922731,exact_date_with_local_tdx_chinext_calendar,date_validated_by_local_tdx_only,False
2024-07-03,14479.30635128,852115.13000000,1660.12,1.69921949,124.54013503,exact_date_with_local_tdx_chinext_calendar,date_validated_by_local_tdx_only,False
2024-07-04,14413.69867385,844205.29000000,1647.22,1.70736891,123.57239310,exact_date_with_local_tdx_chinext_calendar,date_validated_by_local_tdx_only,False
2024-07-05,14364.42097448,843075.77000000,1655.59,1.70381139,124.20030008,exact_date_with_local_tdx_chinext_calendar,date_validated_by_local_tdx_only,False
2024-07-08,14317.42117774,833958.59000000,1628.76,1.71680241,122.18754689,exact_date_with_local_tdx_chinext_calendar,date_validated_by_local_tdx_only,False
2024-07-09,14313.28290840,845085.90000000,1652.12,1.69370746,123.93998500,exact_date_with_local_tdx_chinext_calendar,date_validated_by_local_tdx_only,False
2024-07-10,14292.27358734,839599.32000000,1651.11,1.70227313,123.86421605,exact_date_with_local_tdx_chinext_calendar,date_validated_by_local_tdx_only,False
2024-07-11,14321.04322283,850623.05000000,1685.12,1.68359454,126.41560390,exact_date_with_local_tdx_chinext_calendar,date_validated_by_local_tdx_only,False
2024-07-12,14273.75739875,849653.25000000,1683.63,1.67995090,126.30382596,exact_date_with_local_tdx_chinext_calendar,date_validated_by_local_tdx_only,False
2024-07-15,14254.70926650,849712.46000000,1673.01,1.67759212,125.50712678,exact_date_with_local_tdx_chinext_calendar,date_validated_by_local_tdx_only,False
2024-07-16,14250.93145730,851489.95000000,1696.34,1.67364647,127.25731433,exact_date_with_local_tdx_chinext_calendar,date_validated_by_local_tdx_only,False
2024-07-17,14200.22595752,846037.10000000,1696.45,1.67844010,127.26556639,exact_date_with_local_tdx_chinext_calendar,date_validated_by_local_tdx_only,False
2024-07-18,14152.99543667,850391.62000000,1717.71,1.66429150,128.86046512,exact_date_with_local_tdx_chinext_calendar,date_validated_by_local_tdx_only,False
2024-07-19,14097.55204800,851226.98000000,1725.49,1.65614488,129.44411103,exact_date_with_local_tdx_chinext_calendar,date_validated_by_local_tdx_only,False
2024-07-22,14134.55916011,846518.40000000,1723.91,1.66972852,129.32558140,exact_date_with_local_tdx_chinext_calendar,date_validated_by_local_tdx_only,False
2024-07-23,14108.02931297,831557.58000000,1671.44,1.69657876,125.38934734,exact_date_with_local_tdx_chinext_calendar,date_validated_by_local_tdx_only,False
2024-07-24,14082.92851890,826018.96000000,1650.91,1.70491589,123.84921230,exact_date_with_local_tdx_chinext_calendar,date_validated_by_local_tdx_only,False
2024-07-25,14081.15853005,822444.60000000,1644.45,1.71211028,123.36459115,exact_date_with_local_tdx_chinext_calendar,date_validated_by_local_tdx_only,False
2024-07-26,14049.25379195,825431.58000000,1659.53,1.70204947,124.49587397,exact_date_with_local_tdx_chinext_calendar,date_validated_by_local_tdx_only,False
2024-07-29,14069.73859061,825027.52000000,1635.67,1.70536597,122.70592648,exact_date_with_local_tdx_chinext_calendar,date_validated_by_local_tdx_only,False
2024-07-30,14074.21527937,821948.11000000,1630.95,1.71229973,122.35183796,exact_date_with_local_tdx_chinext_calendar,date_validated_by_local_tdx_only,False
2024-07-31,14126.70600975,839997.51000000,1688.14,1.68175570,126.64216054,exact_date_with_local_tdx_chinext_calendar,date_validated_by_local_tdx_only,False
2024-08-01,14149.40991500,837839.37000000,1665.97,1.68879745,124.97899475,exact_date_with_local_tdx_chinext_calendar,date_validated_by_local_tdx_only,False
2024-08-02,14107.87474580,830116.39000000,1638.3,1.69950563,122.90322581,exact_date_with_local_tdx_chinext_calendar,date_validated_by_local_tdx_only,False
2024-08-05,14053.12553393,816160.68000000,1607.29,1.72185770,120.57689422,exact_date_with_local_tdx_chinext_calendar,date_validated_by_local_tdx_only,False
2024-08-06,14069.92357032,819577.03000000,1627.36,1.71672986,122.08252063,exact_date_with_local_tdx_chinext_calendar,date_validated_by_local_tdx_only,False
2024-08-07,14067.28447433,820044.95000000,1620.33,1.71542846,121.55513878,exact_date_with_local_tdx_chinext_calendar,date_validated_by_local_tdx_only,False
2024-08-08,14052.66104755,819942.39000000,1611.51,1.71385956,120.89347337,exact_date_with_local_tdx_chinext_calendar,date_validated_by_local_tdx_only,False
2024-08-09,14034.54559545,817198.06000000,1595.64,1.71739830,119.70292573,exact_date_with_local_tdx_chinext_calendar,date_validated_by_local_tdx_only,False
2024-08-12,14021.84887364,815124.43000000,1592.39,1.72020962,119.45911478,exact_date_with_local_tdx_chinext_calendar,date_validated_by_local_tdx_only,False
2024-08-13,14031.09614183,818627.79000000,1607.19,1.71397750,120.56939235,exact_date_with_local_tdx_chinext_calendar,date_validated_by_local_tdx_only,False
2024-08-14,14039.26453372,813962.08000000,1584.33,1.72480572,118.85446362,exact_date_with_local_tdx_chinext_calendar,date_validated_by_local_tdx_only,False
2024-08-15,14018.58736361,821620.54000000,1592.71,1.70621189,119.48312078,exact_date_with_local_tdx_chinext_calendar,date_validated_by_local_tdx_only,False
2024-08-16,13988.77969740,822275.72000000,1591.46,1.70122738,119.38934734,exact_date_with_local_tdx_chinext_calendar,date_validated_by_local_tdx_only,False
2024-08-19,13990.53768835,825135.24000000,1589.29,1.69554480,119.22655664,exact_date_with_local_tdx_chinext_calendar,date_validated_by_local_tdx_only,False
2024-08-20,13972.97545702,817041.99000000,1567.97,1.71019062,117.62715679,exact_date_with_local_tdx_chinext_calendar,date_validated_by_local_tdx_only,False
2024-08-21,13955.00971949,814267.82000000,1558.51,1.71381079,116.91747937,exact_date_with_local_tdx_chinext_calendar,date_validated_by_local_tdx_only,False
2024-08-22,13896.86575213,809840.91000000,1546.63,1.71599947,116.02625656,exact_date_with_local_tdx_chinext_calendar,date_validated_by_local_tdx_only,False
2024-08-23,13841.77952682,811042.19000000,1546.9,1.70666578,116.04651163,exact_date_with_local_tdx_chinext_calendar,date_validated_by_local_tdx_only,False
2024-08-26,13839.67206767,813027.23000000,1545.31,1.70223967,115.92723181,exact_date_with_local_tdx_chinext_calendar,date_validated_by_local_tdx_only,False
2024-08-27,13803.55689940,809866.84000000,1530.74,1.70442303,114.83420855,exact_date_with_local_tdx_chinext_calendar,date_validated_by_local_tdx_only,False
2024-08-28,13787.31380542,807575.51000000,1531.45,1.70724764,114.88747187,exact_date_with_local_tdx_chinext_calendar,date_validated_by_local_tdx_only,False
2024-08-29,13794.64628198,805658.20000000,1541.4,1.71222068,115.63390848,exact_date_with_local_tdx_chinext_calendar,date_validated_by_local_tdx_only,False
2024-08-30,13804.25674291,813379.78000000,1580.46,1.69714776,118.56414104,exact_date_with_local_tdx_chinext_calendar,date_validated_by_local_tdx_only,False
2024-09-02,13818.72866397,802393.09000000,1536.95,1.72218939,115.30007502,exact_date_with_local_tdx_chinext_calendar,date_validated_by_local_tdx_only,False
2024-09-03,13814.21521860,800211.18000000,1556.32,1.72632120,116.75318830,exact_date_with_local_tdx_chinext_calendar,date_validated_by_local_tdx_only,False
2024-09-04,13800.84775717,794449.45000000,1554.64,1.73715870,116.62715679,exact_date_with_local_tdx_chinext_calendar,date_validated_by_local_tdx_only,False
2024-09-05,13796.58687548,796793.28000000,1564.72,1.73151396,117.38334584,exact_date_with_local_tdx_chinext_calendar,date_validated_by_local_tdx_only,False
2024-09-06,13743.94233443,786502.50000000,1538.07,1.74747599,115.38409602,exact_date_with_local_tdx_chinext_calendar,date_validated_by_local_tdx_only,False
2024-09-09,13748.80027585,778745.02000000,1539.04,1.76550731,115.45686422,exact_date_with_local_tdx_chinext_calendar,date_validated_by_local_tdx_only,False
2024-09-10,13749.76372627,781654.01000000,1539.98,1.75906009,115.52738185,exact_date_with_local_tdx_chinext_calendar,date_validated_by_local_tdx_only,False
2024-09-11,13731.49380199,776421.34000000,1558.33,1.76856213,116.90397599,exact_date_with_local_tdx_chinext_calendar,date_validated_by_local_tdx_only,False
2024-09-12,13719.79723310,774159.43000000,1551.81,1.77221858,116.41485371,exact_date_with_local_tdx_chinext_calendar,date_validated_by_local_tdx_only,False
2024-09-13,13633.37947439,770107.61000000,1535.17,1.77032135,115.16654164,exact_date_with_local_tdx_chinext_calendar,date_validated_by_local_tdx_only,False
2024-09-18,13621.26450925,773113.74000000,1533.47,1.76187071,115.03900975,exact_date_with_local_tdx_chinext_calendar,date_validated_by_local_tdx_only,False
2024-09-19,13640.70822984,782752.42000000,1546.47,1.74265935,116.01425356,exact_date_with_local_tdx_chinext_calendar,date_validated_by_local_tdx_only,False
2024-09-20,13604.76778626,783124.33000000,1536.6,1.73724238,115.27381845,exact_date_with_local_tdx_chinext_calendar,date_validated_by_local_tdx_only,False
2024-09-23,13600.32780025,785971.78000000,1530.51,1.73038373,114.81695424,exact_date_with_local_tdx_chinext_calendar,date_validated_by_local_tdx_only,False
2024-09-24,13617.15539808,817853.23000000,1615.32,1.66498767,121.17929482,exact_date_with_local_tdx_chinext_calendar,date_validated_by_local_tdx_only,False
2024-09-25,13615.57630133,827394.64000000,1641.54,1.64559639,123.14628657,exact_date_with_local_tdx_chinext_calendar,date_validated_by_local_tdx_only,False
2024-09-26,13652.13793441,856945.88000000,1714.14,1.59311553,128.59264816,exact_date_with_local_tdx_chinext_calendar,date_validated_by_local_tdx_only,False
2024-09-27,13837.03675082,887633.32000000,1885.49,1.55886856,141.44711178,exact_date_with_local_tdx_chinext_calendar,date_validated_by_local_tdx_only,False
2024-09-30,14295.01818504,967118.54000000,2175.09,1.47810404,163.17254314,exact_date_with_local_tdx_chinext_calendar,date_validated_by_local_tdx_only,False
2024-10-08,15365.48935327,1025037.25000000,2550.28,1.49901766,191.31882971,exact_date_with_local_tdx_chinext_calendar,date_validated_by_local_tdx_only,False
2024-10-09,15763.90006302,951350.17000000,2280.1,1.65700292,171.05026257,exact_date_with_local_tdx_chinext_calendar,date_validated_by_local_tdx_only,False
2024-10-10,15778.30723449,961796.43000000,2212.91,1.64050383,166.00975244,exact_date_with_local_tdx_chinext_calendar,date_validated_by_local_tdx_only,False
2024-10-11,15700.21010247,934610.64000000,2100.87,1.67986640,157.60465116,exact_date_with_local_tdx_chinext_calendar,date_validated_by_local_tdx_only,False
2024-10-14,15764.19944203,957557.30000000,2155.4,1.64629307,161.69542386,exact_date_with_local_tdx_chinext_calendar,date_validated_by_local_tdx_only,False
2024-10-15,15785.36067751,934059.92000000,2085.99,1.68997302,156.48837209,exact_date_with_local_tdx_chinext_calendar,date_validated_by_local_tdx_only,False
2024-10-16,15802.27955933,933897.32000000,2039.95,1.69207891,153.03450863,exact_date_with_local_tdx_chinext_calendar,date_validated_by_local_tdx_only,False
2024-10-17,15837.94414537,926093.95000000,2033.48,1.71018763,152.54913728,exact_date_with_local_tdx_chinext_calendar,date_validated_by_local_tdx_only,False
2024-10-18,15997.24962404,955749.94000000,2195.1,1.67379028,164.67366842,exact_date_with_local_tdx_chinext_calendar,date_validated_by_local_tdx_only,False
2024-10-21,16226.53021834,962359.20000000,2210.34,1.68611992,165.81695424,exact_date_with_local_tdx_chinext_calendar,date_validated_by_local_tdx_only,False
2024-10-22,16311.19736487,967006.76000000,2216.99,1.68677180,166.31582896,exact_date_with_local_tdx_chinext_calendar,date_validated_by_local_tdx_only,False
2024-10-23,16393.83226746,970392.95000000,2205.3,1.68940142,165.43885971,exact_date_with_local_tdx_chinext_calendar,date_validated_by_local_tdx_only,False
2024-10-24,16467.90764436,963787.91000000,2175.1,1.70866510,163.17329332,exact_date_with_local_tdx_chinext_calendar,date_validated_by_local_tdx_only,False
2024-10-25,16517.80928457,972364.77000000,2238.9,1.69872560,167.95948987,exact_date_with_local_tdx_chinext_calendar,date_validated_by_local_tdx_only,False
2024-10-28,16679.13402828,979611.76000000,2229.12,1.70262697,167.22580645,exact_date_with_local_tdx_chinext_calendar,date_validated_by_local_tdx_only,False
2024-10-29,16740.67963079,968741.86000000,2177.31,1.72808468,163.33908477,exact_date_with_local_tdx_chinext_calendar,date_validated_by_local_tdx_only,False
2024-10-30,16853.31435935,963953.65000000,2151.51,1.74835319,161.40360090,exact_date_with_local_tdx_chinext_calendar,date_validated_by_local_tdx_only,False
2024-10-31,16959.87253977,969046.62000000,2164.46,1.75016064,162.37509377,exact_date_with_local_tdx_chinext_calendar,date_validated_by_local_tdx_only,False
2024-11-01,16883.87751244,960611.17000000,2123.74,1.75761828,159.32033008,exact_date_with_local_tdx_chinext_calendar,date_validated_by_local_tdx_only,False
2024-11-04,17037.88761499,974350.75000000,2185.98,1.74864007,163.98949737,exact_date_with_local_tdx_chinext_calendar,date_validated_by_local_tdx_only,False
2024-11-05,17263.46860775,999762.19000000,2289.84,1.72675750,171.78094524,exact_date_with_local_tdx_chinext_calendar,date_validated_by_local_tdx_only,False
2024-11-06,17488.24053782,999091.86000000,2265.83,1.75041367,169.97974494,exact_date_with_local_tdx_chinext_calendar,date_validated_by_local_tdx_only,False
2024-11-07,17729.54783476,1023698.57000000,2350.76,1.73191097,176.35108777,exact_date_with_local_tdx_chinext_calendar,date_validated_by_local_tdx_only,False
2024-11-08,17908.25693092,1019096.39000000,2321.59,1.75726821,174.16279070,exact_date_with_local_tdx_chinext_calendar,date_validated_by_local_tdx_only,False
2024-11-11,18272.73114843,1028371.54000000,2392.44,1.77686084,179.47786947,exact_date_with_local_tdx_chinext_calendar,date_validated_by_local_tdx_only,False
2024-11-12,18315.15596658,1016245.93000000,2390.8,1.80223659,179.35483871,exact_date_with_local_tdx_chinext_calendar,date_validated_by_local_tdx_only,False
2024-11-13,18391.17415311,1020838.18000000,2417.25,1.80157585,181.33908477,exact_date_with_local_tdx_chinext_calendar,date_validated_by_local_tdx_only,False
2024-11-14,18318.67878709,1000471.43000000,2334.96,1.83100469,175.16579145,exact_date_with_local_tdx_chinext_calendar,date_validated_by_local_tdx_only,False
2024-11-15,18225.36809194,983813.09000000,2243.62,1.85252344,168.31357839,exact_date_with_local_tdx_chinext_calendar,date_validated_by_local_tdx_only,False
2024-11-18,18192.42430227,975566.20000000,2190.95,1.86480675,164.36234059,exact_date_with_local_tdx_chinext_calendar,date_validated_by_local_tdx_only,False
2024-11-19,18221.90548905,986367.14000000,2256.61,1.84737556,169.28807202,exact_date_with_local_tdx_chinext_calendar,date_validated_by_local_tdx_only,False
2024-11-20,18273.62421883,995213.81000000,2267.85,1.83615059,170.13128282,exact_date_with_local_tdx_chinext_calendar,date_validated_by_local_tdx_only,False
2024-11-21,18305.18713532,996013.89000000,2265.87,1.83784456,169.98274569,exact_date_with_local_tdx_chinext_calendar,date_validated_by_local_tdx_only,False
2024-11-22,18183.24645690,965199.79000000,2175.57,1.88388421,163.20855214,exact_date_with_local_tdx_chinext_calendar,date_validated_by_local_tdx_only,False
2024-11-25,18229.92762075,965573.16000000,2175.18,1.88799030,163.17929482,exact_date_with_local_tdx_chinext_calendar,date_validated_by_local_tdx_only,False
2024-11-26,18176.68004439,962430.34000000,2150.1,1.88862293,161.29782446,exact_date_with_local_tdx_chinext_calendar,date_validated_by_local_tdx_only,False
2024-11-27,18208.79736177,978443.07000000,2208.78,1.86099712,165.69992498,exact_date_with_local_tdx_chinext_calendar,date_validated_by_local_tdx_only,False
2024-11-28,18245.50510976,973123.98000000,2169.8,1.87494148,162.77569392,exact_date_with_local_tdx_chinext_calendar,date_validated_by_local_tdx_only,False
2024-11-29,18300.02226320,984754.38000000,2224,1.85833368,166.84171043,exact_date_with_local_tdx_chinext_calendar,date_validated_by_local_tdx_only,False
2024-12-02,18412.82288703,996935.86000000,2255.5,1.84694158,169.20480120,exact_date_with_local_tdx_chinext_calendar,date_validated_by_local_tdx_only,False
2024-12-03,18444.39435606,1000230.49000000,2245.5,1.84401441,168.45461365,exact_date_with_local_tdx_chinext_calendar,date_validated_by_local_tdx_only,False
2024-12-04,18436.05180541,994215.33000000,2213.41,1.85433188,166.04726182,exact_date_with_local_tdx_chinext_calendar,date_validated_by_local_tdx_only,False
2024-12-05,18507.20819824,997399.96000000,2221.46,1.85554531,166.65116279,exact_date_with_local_tdx_chinext_calendar,date_validated_by_local_tdx_only,False
2024-12-06,18492.11561966,1008105.72000000,2267.06,1.83434289,170.07201800,exact_date_with_local_tdx_chinext_calendar,date_validated_by_local_tdx_only,False
2024-12-09,18527.00321442,1006431.64000000,2248.63,1.84086057,168.68942236,exact_date_with_local_tdx_chinext_calendar,date_validated_by_local_tdx_only,False
2024-12-10,18664.05674472,1013286.78000000,2264.05,1.84193232,169.84621155,exact_date_with_local_tdx_chinext_calendar,date_validated_by_local_tdx_only,False
2024-12-11,18717.68278020,1016626.60000000,2261.58,1.84115611,169.66091523,exact_date_with_local_tdx_chinext_calendar,date_validated_by_local_tdx_only,False
2024-12-12,18786.23451339,1026155.84000000,2292.15,1.83073894,171.95423856,exact_date_with_local_tdx_chinext_calendar,date_validated_by_local_tdx_only,False
2024-12-13,18700.32973928,1006645.70000000,2235.26,1.85768734,167.68642161,exact_date_with_local_tdx_chinext_calendar,date_validated_by_local_tdx_only,False
2024-12-16,18703.40622361,1003556.92000000,2201.53,1.86371155,165.15603901,exact_date_with_local_tdx_chinext_calendar,date_validated_by_local_tdx_only,False
2024-12-17,18644.59287549,993064.24000000,2201.18,1.87748105,165.12978245,exact_date_with_local_tdx_chinext_calendar,date_validated_by_local_tdx_only,False
2024-12-18,18658.05657628,999479.92000000,2202.14,1.86677653,165.20180045,exact_date_with_local_tdx_chinext_calendar,date_validated_by_local_tdx_only,False
2024-12-19,18665.48586662,998400.27000000,2213.54,1.86953934,166.05701425,exact_date_with_local_tdx_chinext_calendar,date_validated_by_local_tdx_only,False
2024-12-20,18711.15446774,999600.20000000,2209.66,1.87186382,165.76594149,exact_date_with_local_tdx_chinext_calendar,date_validated_by_local_tdx_only,False
2024-12-23,18651.24268546,990007.39000000,2187.94,1.88394984,164.13653413,exact_date_with_local_tdx_chinext_calendar,date_validated_by_local_tdx_only,False
2024-12-24,18664.73391196,1002486.60000000,2213.55,1.86184373,166.05776444,exact_date_with_local_tdx_chinext_calendar,date_validated_by_local_tdx_only,False
2024-12-25,18654.73718198,998789.74000000,2201.3,1.86773416,165.13878470,exact_date_with_local_tdx_chinext_calendar,date_validated_by_local_tdx_only,False
2024-12-26,18666.23730657,1002017.74000000,2209.85,1.86286495,165.78019505,exact_date_with_local_tdx_chinext_calendar,date_validated_by_local_tdx_only,False
2024-12-27,18625.54655445,1002872.11000000,2204.9,1.85722051,165.40885221,exact_date_with_local_tdx_chinext_calendar,date_validated_by_local_tdx_only,False
2024-12-30,18657.91507869,1004742.03000000,2206.29,1.85698563,165.51312828,exact_date_with_local_tdx_chinext_calendar,date_validated_by_local_tdx_only,False
2024-12-31,18502.95842581,987160.38000000,2141.6,1.87436194,160.66016504,exact_date_with_local_tdx_chinext_calendar,date_validated_by_local_tdx_only,False
2025-01-02,18432.88365315,960853.01000000,2060.44,1.91838746,154.57164291,exact_date_with_local_tdx_chinext_calendar,date_validated_by_local_tdx_only,False
2025-01-03,18256.26907174,943491.98000000,2015.97,1.93496812,151.23555889,exact_date_with_local_tdx_chinext_calendar,date_validated_by_local_tdx_only,False
2025-01-06,18175.98457003,940540.02000000,2014.19,1.93250518,151.10202551,exact_date_with_local_tdx_chinext_calendar,date_validated_by_local_tdx_only,False
2025-01-07,18178.50830787,950919.60000000,2028.36,1.91167669,152.16504126,exact_date_with_local_tdx_chinext_calendar,date_validated_by_local_tdx_only,False
2025-01-08,18134.60094230,950862.26000000,2008.44,1.90717433,150.67066767,exact_date_with_local_tdx_chinext_calendar,date_validated_by_local_tdx_only,False
2025-01-09,18129.77475479,948104.02000000,2010.66,1.91221368,150.83720930,exact_date_with_local_tdx_chinext_calendar,date_validated_by_local_tdx_only,False
2025-01-10,18042.00661655,932151.27000000,1975.3,1.93552347,148.18454614,exact_date_with_local_tdx_chinext_calendar,date_validated_by_local_tdx_only,False
2025-01-13,18033.45262346,930438.82000000,1982.46,1.93816640,148.72168042,exact_date_with_local_tdx_chinext_calendar,date_validated_by_local_tdx_only,False
2025-01-14,18147.69712038,958822.98000000,2075.76,1.89270569,155.72093023,exact_date_with_local_tdx_chinext_calendar,date_validated_by_local_tdx_only,False
2025-01-15,18164.88764538,953917.48000000,2037.93,1.90424099,152.88297074,exact_date_with_local_tdx_chinext_calendar,date_validated_by_local_tdx_only,False
2025-01-16,18176.80910693,957852.85000000,2051.35,1.89766195,153.88972243,exact_date_with_local_tdx_chinext_calendar,date_validated_by_local_tdx_only,False
2025-01-17,18109.61396946,960122.68000000,2067.27,1.88617708,155.08402101,exact_date_with_local_tdx_chinext_calendar,date_validated_by_local_tdx_only,False
2025-01-20,18118.69727608,963031.38000000,2104.73,1.88142335,157.89422356,exact_date_with_local_tdx_chinext_calendar,date_validated_by_local_tdx_only,False
2025-01-21,18132.10446577,963073.13000000,2112.39,1.88273392,158.46886722,exact_date_with_local_tdx_chinext_calendar,date_validated_by_local_tdx_only,False
2025-01-22,18114.26136172,956053.56000000,2101.03,1.89469106,157.61665416,exact_date_with_local_tdx_chinext_calendar,date_validated_by_local_tdx_only,False
2025-01-23,18062.60197348,959020.81000000,2093.31,1.88344213,157.03750938,exact_date_with_local_tdx_chinext_calendar,date_validated_by_local_tdx_only,False
2025-01-24,17950.90983312,966207.55000000,2121.84,1.85787307,159.17779445,exact_date_with_local_tdx_chinext_calendar,date_validated_by_local_tdx_only,False
2025-01-27,17609.48657383,962409.63000000,2063.82,1.82972884,154.82520630,exact_date_with_local_tdx_chinext_calendar,date_validated_by_local_tdx_only,False
2025-02-05,17807.46039727,959343.66000000,2062.92,1.85621286,154.75768942,exact_date_with_local_tdx_chinext_calendar,date_validated_by_local_tdx_only,False
2025-02-06,17953.50021577,971812.77000000,2120.75,1.84742378,159.09602401,exact_date_with_local_tdx_chinext_calendar,date_validated_by_local_tdx_only,False
2025-02-07,18062.25709274,982879.16000000,2174.35,1.83768848,163.11702926,exact_date_with_local_tdx_chinext_calendar,date_validated_by_local_tdx_only,False
2025-02-10,18252.82848946,991853.14000000,2183.88,1.84027531,163.83195799,exact_date_with_local_tdx_chinext_calendar,date_validated_by_local_tdx_only,False
2025-02-11,18312.08610528,990164.49000000,2152.73,1.84939839,161.49512378,exact_date_with_local_tdx_chinext_calendar,date_validated_by_local_tdx_only,False
2025-02-12,18383.23877422,1000194.23000000,2191.76,1.83796689,164.42310578,exact_date_with_local_tdx_chinext_calendar,date_validated_by_local_tdx_only,False
2025-02-13,18374.56166356,994908.82000000,2176.16,1.84685886,163.25281320,exact_date_with_local_tdx_chinext_calendar,date_validated_by_local_tdx_only,False
2025-02-14,18380.44258563,1000519.41000000,2215.3,1.83709006,166.18904726,exact_date_with_local_tdx_chinext_calendar,date_validated_by_local_tdx_only,False
2025-02-17,18541.74485732,1004894.84000000,2226.62,1.84514281,167.03825956,exact_date_with_local_tdx_chinext_calendar,date_validated_by_local_tdx_only,False
2025-02-18,18472.79005725,992515.68000000,2182.57,1.86120889,163.73368342,exact_date_with_local_tdx_chinext_calendar,date_validated_by_local_tdx_only,False
2025-02-19,18572.56254531,1003718.36000000,2226.98,1.85037589,167.06526632,exact_date_with_local_tdx_chinext_calendar,date_validated_by_local_tdx_only,False
2025-02-20,18639.52272276,1004947.38000000,2225.58,1.85477599,166.96024006,exact_date_with_local_tdx_chinext_calendar,date_validated_by_local_tdx_only,False
2025-02-21,18700.30082219,1016619.75000000,2281.51,1.83945874,171.15603901,exact_date_with_local_tdx_chinext_calendar,date_validated_by_local_tdx_only,False
2025-02-24,18818.42945324,1014205.78000000,2266.24,1.85548434,170.01050263,exact_date_with_local_tdx_chinext_calendar,date_validated_by_local_tdx_only,False
2025-02-25,18885.08239504,1005243.59000000,2240.59,1.87865733,168.08627157,exact_date_with_local_tdx_chinext_calendar,date_validated_by_local_tdx_only,False
2025-02-26,18985.23755543,1015256.68000000,2268.22,1.86999386,170.15903976,exact_date_with_local_tdx_chinext_calendar,date_validated_by_local_tdx_only,False
2025-02-27,19003.41228104,1015923.58000000,2256.51,1.87055529,169.28057014,exact_date_with_local_tdx_chinext_calendar,date_validated_by_local_tdx_only,False
2025-02-28,18826.43158538,992581.83000000,2170.39,1.89671330,162.81995499,exact_date_with_local_tdx_chinext_calendar,date_validated_by_local_tdx_only,False
2025-03-03,18817.27347223,992729.13000000,2196.52,1.89550935,164.78019505,exact_date_with_local_tdx_chinext_calendar,date_validated_by_local_tdx_only,False
2025-03-04,18835.33502652,995760.14000000,2190.08,1.89155342,164.29707427,exact_date_with_local_tdx_chinext_calendar,date_validated_by_local_tdx_only,False
2025-03-05,18867.19540502,1001594.02000000,2190.36,1.88371686,164.31807952,exact_date_with_local_tdx_chinext_calendar,date_validated_by_local_tdx_only,False
2025-03-06,19036.17799127,1013968.55000000,2234.69,1.87739334,167.64366092,exact_date_with_local_tdx_chinext_calendar,date_validated_by_local_tdx_only,False
2025-03-07,18941.31618032,1010541.10000000,2205.31,1.87437366,165.43960990,exact_date_with_local_tdx_chinext_calendar,date_validated_by_local_tdx_only,False
2025-03-10,19036.35284979,1009242.62000000,2199.88,1.88620184,165.03225806,exact_date_with_local_tdx_chinext_calendar,date_validated_by_local_tdx_only,False
2025-03-11,19052.37441599,1013880.42000000,2204.03,1.87915399,165.34358590,exact_date_with_local_tdx_chinext_calendar,date_validated_by_local_tdx_only,False
2025-03-12,19168.48238317,1013098.17000000,2191.27,1.89206564,164.38634659,exact_date_with_local_tdx_chinext_calendar,date_validated_by_local_tdx_only,False
2025-03-13,19106.98460210,1006961.14000000,2166,1.89748977,162.49062266,exact_date_with_local_tdx_chinext_calendar,date_validated_by_local_tdx_only,False
2025-03-14,19118.63152137,1026761.02000000,2226.72,1.86203324,167.04576144,exact_date_with_local_tdx_chinext_calendar,date_validated_by_local_tdx_only,False
2025-03-17,19238.63568754,1028161.29000000,2215.13,1.87116903,166.17629407,exact_date_with_local_tdx_chinext_calendar,date_validated_by_local_tdx_only,False
2025-03-18,19320.41012638,1031120.88000000,2228.64,1.87372892,167.18979745,exact_date_with_local_tdx_chinext_calendar,date_validated_by_local_tdx_only,False
2025-03-19,19322.74985921,1028492.77000000,2222.35,1.87874436,166.71792948,exact_date_with_local_tdx_chinext_calendar,date_validated_by_local_tdx_only,False
2025-03-20,19344.72195271,1022975.00000000,2200.03,1.89102588,165.04351088,exact_date_with_local_tdx_chinext_calendar,date_validated_by_local_tdx_only,False
2025-03-21,19205.14370485,1008442.27000000,2152.28,1.90443660,161.46136534,exact_date_with_local_tdx_chinext_calendar,date_validated_by_local_tdx_only,False
2025-03-24,19149.22200194,1007669.02000000,2152.55,1.90034839,161.48162041,exact_date_with_local_tdx_chinext_calendar,date_validated_by_local_tdx_only,False
2025-03-25,19122.36915727,1006400.81000000,2145.48,1.90007490,160.95123781,exact_date_with_local_tdx_chinext_calendar,date_validated_by_local_tdx_only,False
2025-03-26,19128.94217643,1007253.18000000,2139.9,1.89911956,160.53263316,exact_date_with_local_tdx_chinext_calendar,date_validated_by_local_tdx_only,False
2025-03-27,19096.43590796,1009328.77000000,2145.1,1.89199362,160.92273068,exact_date_with_local_tdx_chinext_calendar,date_validated_by_local_tdx_only,False
2025-03-28,19058.07835507,1000975.56000000,2128.21,1.90395042,159.65566392,exact_date_with_local_tdx_chinext_calendar,date_validated_by_local_tdx_only,False
2025-03-31,19020.80611109,996968.33000000,2103.7,1.90786463,157.81695424,exact_date_with_local_tdx_chinext_calendar,date_validated_by_local_tdx_only,False
2025-04-01,18973.14178691,999588.72000000,2101.88,1.89809483,157.68042011,exact_date_with_local_tdx_chinext_calendar,date_validated_by_local_tdx_only,False
2025-04-02,18953.06216208,1000862.43000000,2104.63,1.89367306,157.88672168,exact_date_with_local_tdx_chinext_calendar,date_validated_by_local_tdx_only,False
2025-04-03,18865.35832782,996274.27000000,2065.4,1.89359084,154.94373593,exact_date_with_local_tdx_chinext_calendar,date_validated_by_local_tdx_only,False
2025-04-07,18388.31473096,913536.74000000,1807.21,2.01287085,135.57464366,exact_date_with_local_tdx_chinext_calendar,date_validated_by_local_tdx_only,False
2025-04-08,18003.02290295,926861.28000000,1840.31,1.94236433,138.05776444,exact_date_with_local_tdx_chinext_calendar,date_validated_by_local_tdx_only,False
2025-04-09,17944.68057327,939601.45000000,1858.36,1.90981831,139.41185296,exact_date_with_local_tdx_chinext_calendar,date_validated_by_local_tdx_only,False
2025-04-10,17970.56887442,953617.78000000,1900.53,1.88446244,142.57539385,exact_date_with_local_tdx_chinext_calendar,date_validated_by_local_tdx_only,False
2025-04-11,17930.82556396,958805.19000000,1926.37,1.87012187,144.51387847,exact_date_with_local_tdx_chinext_calendar,date_validated_by_local_tdx_only,False
2025-04-14,18018.67940535,967922.45000000,1932.91,1.86158296,145.00450113,exact_date_with_local_tdx_chinext_calendar,date_validated_by_local_tdx_only,False
2025-04-15,18022.78771529,968763.95000000,1930.4,1.86039001,144.81620405,exact_date_with_local_tdx_chinext_calendar,date_validated_by_local_tdx_only,False
2025-04-16,17971.65459420,967870.73000000,1907.11,1.85682385,143.06901725,exact_date_with_local_tdx_chinext_calendar,date_validated_by_local_tdx_only,False
2025-04-17,17937.00979006,968943.38000000,1908.78,1.85119277,143.19429857,exact_date_with_local_tdx_chinext_calendar,date_validated_by_local_tdx_only,False
2025-04-18,17874.38470160,969066.66000000,1913.97,1.84449486,143.58364591,exact_date_with_local_tdx_chinext_calendar,date_validated_by_local_tdx_only,False
2025-04-21,17930.79279362,976057.26000000,1944.32,1.83706362,145.86046512,exact_date_with_local_tdx_chinext_calendar,date_validated_by_local_tdx_only,False
2025-04-22,17924.53501696,977194.73000000,1928.43,1.83428486,144.66841710,exact_date_with_local_tdx_chinext_calendar,date_validated_by_local_tdx_only,False
2025-04-23,17945.00369434,978632.22000000,1949.16,1.83368208,146.22355589,exact_date_with_local_tdx_chinext_calendar,date_validated_by_local_tdx_only,False
2025-04-24,17915.60350329,976822.44000000,1935.86,1.83406961,145.22580645,exact_date_with_local_tdx_chinext_calendar,date_validated_by_local_tdx_only,False
2025-04-25,17862.15133641,977397.36000000,1947.19,1.82752195,146.07576894,exact_date_with_local_tdx_chinext_calendar,date_validated_by_local_tdx_only,False
2025-04-28,17874.61407069,973787.05000000,1934.46,1.83557730,145.12078020,exact_date_with_local_tdx_chinext_calendar,date_validated_by_local_tdx_only,False
2025-04-29,17861.20477108,973374.48000000,1931.94,1.83497771,144.93173293,exact_date_with_local_tdx_chinext_calendar,date_validated_by_local_tdx_only,False
2025-04-30,17706.55046016,973030.16000000,1948.03,1.81973295,146.13878470,exact_date_with_local_tdx_chinext_calendar,date_validated_by_local_tdx_only,False
2025-05-06,17849.49970028,986897.63000000,1986.41,1.80864754,149.01800450,exact_date_with_local_tdx_chinext_calendar,date_validated_by_local_tdx_only,False
2025-05-07,17921.04654386,994008.56000000,1996.51,1.80290666,149.77569392,exact_date_with_local_tdx_chinext_calendar,date_validated_by_local_tdx_only,False
2025-05-08,17918.96176692,999169.06000000,2029.45,1.79338637,152.24681170,exact_date_with_local_tdx_chinext_calendar,date_validated_by_local_tdx_only,False
2025-05-09,17872.73977926,994374.41000000,2011.77,1.79738533,150.92048012,exact_date_with_local_tdx_chinext_calendar,date_validated_by_local_tdx_only,False
2025-05-12,17917.71232838,1004644.49000000,2064.71,1.78348784,154.89197299,exact_date_with_local_tdx_chinext_calendar,date_validated_by_local_tdx_only,False
2025-05-13,17930.25561068,1005238.14000000,2062.26,1.78368238,154.70817704,exact_date_with_local_tdx_chinext_calendar,date_validated_by_local_tdx_only,False
2025-05-14,17941.89002223,1012907.34000000,2083.14,1.77132590,156.27456864,exact_date_with_local_tdx_chinext_calendar,date_validated_by_local_tdx_only,False
2025-05-15,17913.26218985,1003792.49000000,2043.25,1.78455830,153.28207052,exact_date_with_local_tdx_chinext_calendar,date_validated_by_local_tdx_only,False
2025-05-16,17894.81610300,1001831.67000000,2039.45,1.78620986,152.99699925,exact_date_with_local_tdx_chinext_calendar,date_validated_by_local_tdx_only,False
2025-05-19,17930.24623587,1003290.20000000,2032.76,1.78714456,152.49512378,exact_date_with_local_tdx_chinext_calendar,date_validated_by_local_tdx_only,False
2025-05-20,17952.13398754,1009814.43000000,2048.46,1.77776564,153.67291823,exact_date_with_local_tdx_chinext_calendar,date_validated_by_local_tdx_only,False
2025-05-21,17934.17344164,1011112.60000000,2065.39,1.77370685,154.94298575,exact_date_with_local_tdx_chinext_calendar,date_validated_by_local_tdx_only,False
2025-05-22,17913.07850371,1005820.64000000,2045.57,1.78094163,153.45611403,exact_date_with_local_tdx_chinext_calendar,date_validated_by_local_tdx_only,False
2025-05-23,17838.77942897,997017.83000000,2021.5,1.78921368,151.65041260,exact_date_with_local_tdx_chinext_calendar,date_validated_by_local_tdx_only,False
2025-05-26,17885.63453488,993264.66000000,2005.26,1.80069172,150.43210803,exact_date_with_local_tdx_chinext_calendar,date_validated_by_local_tdx_only,False
2025-05-27,17929.21533903,991546.80000000,1991.64,1.80820667,149.41035259,exact_date_with_local_tdx_chinext_calendar,date_validated_by_local_tdx_only,False
2025-05-28,17932.17189472,989732.18000000,1985.38,1.81182064,148.94073518,exact_date_with_local_tdx_chinext_calendar,date_validated_by_local_tdx_only,False
2025-05-29,17920.25760756,998707.86000000,2012.55,1.79434430,150.97899475,exact_date_with_local_tdx_chinext_calendar,date_validated_by_local_tdx_only,False
2025-05-30,17838.41110090,992649.42000000,1993.19,1.79705047,149.52663166,exact_date_with_local_tdx_chinext_calendar,date_validated_by_local_tdx_only,False
2025-06-03,17872.95715951,997204.21000000,2002.7,1.79230663,150.24006002,exact_date_with_local_tdx_chinext_calendar,date_validated_by_local_tdx_only,False
2025-06-04,17895.57795092,1002982.68000000,2024.93,1.78423599,151.90772693,exact_date_with_local_tdx_chinext_calendar,date_validated_by_local_tdx_only,False
2025-06-05,17940.61343018,1006746.61000000,2048.62,1.78203862,153.68492123,exact_date_with_local_tdx_chinext_calendar,date_validated_by_local_tdx_only,False
2025-06-06,17910.03090822,1006333.26000000,2039.44,1.77973159,152.99624906,exact_date_with_local_tdx_chinext_calendar,date_validated_by_local_tdx_only,False
2025-06-09,17982.83378791,1011569.52000000,2061.29,1.77771606,154.63540885,exact_date_with_local_tdx_chinext_calendar,date_validated_by_local_tdx_only,False
2025-06-10,17992.43184029,1010556.68000000,2037.27,1.78044757,152.83345836,exact_date_with_local_tdx_chinext_calendar,date_validated_by_local_tdx_only,False
2025-06-11,18010.83617932,1025956.77000000,2061.87,1.75551609,154.67891973,exact_date_with_local_tdx_chinext_calendar,date_validated_by_local_tdx_only,False
2025-06-12,18034.57837703,1025812.51000000,2067.15,1.75807745,155.07501875,exact_date_with_local_tdx_chinext_calendar,date_validated_by_local_tdx_only,False
2025-06-13,17989.83099755,1016526.36000000,2043.82,1.76973581,153.32483121,exact_date_with_local_tdx_chinext_calendar,date_validated_by_local_tdx_only,False
2025-06-16,18044.80285258,1021258.94000000,2057.32,1.76691749,154.33758440,exact_date_with_local_tdx_chinext_calendar,date_validated_by_local_tdx_only,False
2025-06-17,18098.63243573,1020599.93000000,2049.94,1.77333271,153.78394599,exact_date_with_local_tdx_chinext_calendar,date_validated_by_local_tdx_only,False
2025-06-18,18111.88513996,1021485.87000000,2054.73,1.77309209,154.14328582,exact_date_with_local_tdx_chinext_calendar,date_validated_by_local_tdx_only,False
2025-06-19,18037.71963941,1013800.11000000,2026.82,1.77921855,152.04951238,exact_date_with_local_tdx_chinext_calendar,date_validated_by_local_tdx_only,False
2025-06-20,17955.82727539,1012169.53000000,2009.89,1.77399405,150.77944486,exact_date_with_local_tdx_chinext_calendar,date_validated_by_local_tdx_only,False
2025-06-23,17997.05081714,1020505.65000000,2017.63,1.76354250,151.36009002,exact_date_with_local_tdx_chinext_calendar,date_validated_by_local_tdx_only,False
2025-06-24,18048.33097178,1034214.09000000,2064.13,1.74512523,154.84846212,exact_date_with_local_tdx_chinext_calendar,date_validated_by_local_tdx_only,False
2025-06-25,18116.38367055,1046153.80000000,2128.39,1.73171322,159.66916729,exact_date_with_local_tdx_chinext_calendar,date_validated_by_local_tdx_only,False
2025-06-26,18207.86957134,1044329.60000000,2114.43,1.74349837,158.62190548,exact_date_with_local_tdx_chinext_calendar,date_validated_by_local_tdx_only,False
2025-06-27,18216.86102938,1039548.33000000,2124.34,1.75238231,159.36534134,exact_date_with_local_tdx_chinext_calendar,date_validated_by_local_tdx_only,False
2025-06-30,18323.35393975,1046724.46000000,2153.01,1.75054225,161.51612903,exact_date_with_local_tdx_chinext_calendar,date_validated_by_local_tdx_only,False
2025-07-01,18360.33171588,1050876.05000000,2147.92,1.74714532,161.13428357,exact_date_with_local_tdx_chinext_calendar,date_validated_by_local_tdx_only,False
2025-07-02,18370.85614686,1047923.34000000,2123.72,1.75307252,159.31882971,exact_date_with_local_tdx_chinext_calendar,date_validated_by_local_tdx_only,False
2025-07-03,18404.67688088,1051958.20000000,2164.09,1.74956352,162.34733683,exact_date_with_local_tdx_chinext_calendar,date_validated_by_local_tdx_only,False
2025-07-04,18341.82269423,1052730.56000000,2156.23,1.74230932,161.75768942,exact_date_with_local_tdx_chinext_calendar,date_validated_by_local_tdx_only,False
2025-07-07,18404.95280722,1052202.27000000,2130.19,1.74918391,159.80420105,exact_date_with_local_tdx_chinext_calendar,date_validated_by_local_tdx_only,False
2025-07-08,18459.74616973,1061790.32000000,2181.08,1.73854911,163.62190548,exact_date_with_local_tdx_chinext_calendar,date_validated_by_local_tdx_only,False
2025-07-09,18498.17469827,1061364.09000000,2184.67,1.74286796,163.89122281,exact_date_with_local_tdx_chinext_calendar,date_validated_by_local_tdx_only,False
2025-07-10,18545.16111649,1065914.00000000,2189.58,1.73983653,164.25956489,exact_date_with_local_tdx_chinext_calendar,date_validated_by_local_tdx_only,False
2025-07-11,18566.83085695,1067438.51000000,2207.1,1.73938177,165.57389347,exact_date_with_local_tdx_chinext_calendar,date_validated_by_local_tdx_only,False
2025-07-14,18664.12234525,1069242.34000000,2197.07,1.74554651,164.82145536,exact_date_with_local_tdx_chinext_calendar,date_validated_by_local_tdx_only,False
2025-07-15,18713.56924087,1066322.15000000,2235.05,1.75496394,167.67066767,exact_date_with_local_tdx_chinext_calendar,date_validated_by_local_tdx_only,False
2025-07-16,18781.65704443,1069172.36000000,2230.19,1.75665381,167.30607652,exact_date_with_local_tdx_chinext_calendar,date_validated_by_local_tdx_only,False
2025-07-17,18851.93930194,1075159.32000000,2269.33,1.75340891,170.24231058,exact_date_with_local_tdx_chinext_calendar,date_validated_by_local_tdx_only,False
2025-07-18,18832.44371086,1079323.80000000,2277.15,1.74483725,170.82895724,exact_date_with_local_tdx_chinext_calendar,date_validated_by_local_tdx_only,False
2025-07-21,18984.84773567,1088114.55000000,2296.88,1.74474716,172.30907727,exact_date_with_local_tdx_chinext_calendar,date_validated_by_local_tdx_only,False
2025-07-22,19134.40236999,1094097.62000000,2310.86,1.74887524,173.35783946,exact_date_with_local_tdx_chinext_calendar,date_validated_by_local_tdx_only,False
2025-07-23,19160.87518085,1092469.16000000,2310.67,1.75390536,173.34358590,exact_date_with_local_tdx_chinext_calendar,date_validated_by_local_tdx_only,False
2025-07-24,19221.12164897,1100532.07000000,2345.37,1.74652990,175.94673668,exact_date_with_local_tdx_chinext_calendar,date_validated_by_local_tdx_only,False
2025-07-25,19276.34164768,1097446.75000000,2340.06,1.75647171,175.54838710,exact_date_with_local_tdx_chinext_calendar,date_validated_by_local_tdx_only,False
2025-07-28,19468.15554194,1100008.74000000,2362.6,1.76981826,177.23930983,exact_date_with_local_tdx_chinext_calendar,date_validated_by_local_tdx_only,False
2025-07-29,19620.87336671,1095134.78000000,2406.59,1.79164005,180.53938485,exact_date_with_local_tdx_chinext_calendar,date_validated_by_local_tdx_only,False
2025-07-30,19642.54730712,1093712.68000000,2367.68,1.79595132,177.62040510,exact_date_with_local_tdx_chinext_calendar,date_validated_by_local_tdx_only,False
2025-07-31,19646.98211351,1079732.04000000,2328.31,1.81961648,174.66691673,exact_date_with_local_tdx_chinext_calendar,date_validated_by_local_tdx_only,False
2025-08-01,19600.39902763,1077210.70000000,2322.63,1.81955109,174.24081020,exact_date_with_local_tdx_chinext_calendar,date_validated_by_local_tdx_only,False
2025-08-04,19713.60752504,1077134.32000000,2334.32,1.83019027,175.11777944,exact_date_with_local_tdx_chinext_calendar,date_validated_by_local_tdx_only,False
2025-08-05,19800.89813707,1087163.33000000,2343.38,1.82133609,175.79744936,exact_date_with_local_tdx_chinext_calendar,date_validated_by_local_tdx_only,False
2025-08-06,19889.57784098,1092664.35000000,2358.95,1.82028249,176.96549137,exact_date_with_local_tdx_chinext_calendar,date_validated_by_local_tdx_only,False
2025-08-07,19924.88926534,1093142.38000000,2342.86,1.82271675,175.75843961,exact_date_with_local_tdx_chinext_calendar,date_validated_by_local_tdx_only,False
2025-08-08,19889.53365036,1091639.18000000,2333.96,1.82198789,175.09077269,exact_date_with_local_tdx_chinext_calendar,date_validated_by_local_tdx_only,False
2025-08-11,20056.90038666,1098424.23000000,2379.82,1.82597032,178.53113278,exact_date_with_local_tdx_chinext_calendar,date_validated_by_local_tdx_only,False
2025-08-12,20137.81550276,1103495.53000000,2409.4,1.82491138,180.75018755,exact_date_with_local_tdx_chinext_calendar,date_validated_by_local_tdx_only,False
2025-08-13,20254.43450689,1108099.59000000,2496.5,1.82785326,187.28432108,exact_date_with_local_tdx_chinext_calendar,date_validated_by_local_tdx_only,False
2025-08-14,20343.06294468,1100686.46000000,2469.66,1.84821597,185.27081770,exact_date_with_local_tdx_chinext_calendar,date_validated_by_local_tdx_only,False
2025-08-15,20418.97132799,1112471.23000000,2534.22,1.83546062,190.11402851,exact_date_with_local_tdx_chinext_calendar,date_validated_by_local_tdx_only,False
2025-08-18,20811.12783039,1131425.26000000,2606.2,1.83937274,195.51387847,exact_date_with_local_tdx_chinext_calendar,date_validated_by_local_tdx_only,False
2025-08-19,21100.95327288,1132961.24000000,2601.74,1.86246030,195.17929482,exact_date_with_local_tdx_chinext_calendar,date_validated_by_local_tdx_only,False
2025-08-20,21254.16951589,1143277.88000000,2607.65,1.85905543,195.62265566,exact_date_with_local_tdx_chinext_calendar,date_validated_by_local_tdx_only,False
2025-08-21,21244.45886795,1144116.16000000,2595.47,1.85684458,194.70892723,exact_date_with_local_tdx_chinext_calendar,date_validated_by_local_tdx_only,False
2025-08-22,21327.88693617,1160159.46000000,2682.55,1.83835823,201.24156039,exact_date_with_local_tdx_chinext_calendar,date_validated_by_local_tdx_only,False
2025-08-25,21655.94433044,1177790.26000000,2762.99,1.83869277,207.27606902,exact_date_with_local_tdx_chinext_calendar,date_validated_by_local_tdx_only,False
2025-08-26,21847.80768028,1175570.57000000,2742.13,1.85848542,205.71117779,exact_date_with_local_tdx_chinext_calendar,date_validated_by_local_tdx_only,False
2025-08-27,22048.81616931,1154533.35000000,2723.2,1.90976001,204.29107277,exact_date_with_local_tdx_chinext_calendar,date_validated_by_local_tdx_only,False
2025-08-28,22210.57090247,1169527.23000000,2827.17,1.89910678,212.09077269,exact_date_with_local_tdx_chinext_calendar,date_validated_by_local_tdx_only,False
2025-08-29,22381.00514487,1173019.37000000,2890.13,1.90798257,216.81395349,exact_date_with_local_tdx_chinext_calendar,date_validated_by_local_tdx_only,False
2025-09-01,22734.96156564,1171421.04000000,2956.37,1.94080188,221.78319580,exact_date_with_local_tdx_chinext_calendar,date_validated_by_local_tdx_only,False
2025-09-02,22650.35436812,1161663.64000000,2872.22,1.94982038,215.47036759,exact_date_with_local_tdx_chinext_calendar,date_validated_by_local_tdx_only,False
2025-09-03,22665.63512355,1147856.42000000,2899.37,1.97460542,217.50712678,exact_date_with_local_tdx_chinext_calendar,date_validated_by_local_tdx_only,False
2025-09-04,22568.47188262,1131061.25000000,2776.25,1.99533596,208.27081770,exact_date_with_local_tdx_chinext_calendar,date_validated_by_local_tdx_only,False
2025-09-05,22637.95662053,1151781.73000000,2958.18,1.96547280,221.91897974,exact_date_with_local_tdx_chinext_calendar,date_validated_by_local_tdx_only,False
2025-09-08,22898.80004039,1157980.99000000,2933.25,1.97747633,220.04876219,exact_date_with_local_tdx_chinext_calendar,date_validated_by_local_tdx_only,False
2025-09-09,22957.96656429,1158376.59000000,2867.97,1.98190871,215.15153788,exact_date_with_local_tdx_chinext_calendar,date_validated_by_local_tdx_only,False
2025-09-10,23015.74638381,1161103.86000000,2904.27,1.98222977,217.87471868,exact_date_with_local_tdx_chinext_calendar,date_validated_by_local_tdx_only,False
2025-09-11,23159.16154127,1182284.13000000,3053.75,1.95884906,229.08852213,exact_date_with_local_tdx_chinext_calendar,date_validated_by_local_tdx_only,False
2025-09-12,23270.97707494,1182024.21000000,3020.42,1.96873946,226.58814704,exact_date_with_local_tdx_chinext_calendar,date_validated_by_local_tdx_only,False
2025-09-15,23454.27666827,1181840.76000000,3066.18,1.98455473,230.02100525,exact_date_with_local_tdx_chinext_calendar,date_validated_by_local_tdx_only,False
2025-09-16,23679.67676734,1184869.15000000,3087.04,1.99850564,231.58589647,exact_date_with_local_tdx_chinext_calendar,date_validated_by_local_tdx_only,False
2025-09-17,23806.13067411,1191585.05000000,3147.35,1.99785409,236.11027757,exact_date_with_local_tdx_chinext_calendar,date_validated_by_local_tdx_only,False
2025-09-18,23779.85808496,1177090.68000000,3095.85,2.02022312,232.24681170,exact_date_with_local_tdx_chinext_calendar,date_validated_by_local_tdx_only,False
2025-09-19,23738.48676870,1174068.33000000,3091,2.02189993,231.88297074,exact_date_with_local_tdx_chinext_calendar,date_validated_by_local_tdx_only,False
2025-09-22,23930.33830318,1176866.25000000,3107.89,2.03339490,233.15003751,exact_date_with_local_tdx_chinext_calendar,date_validated_by_local_tdx_only,False
2025-09-23,23922.50958143,1173626.44000000,3114.55,2.03834106,233.64966242,exact_date_with_local_tdx_chinext_calendar,date_validated_by_local_tdx_only,False
2025-09-24,24063.72090497,1185906.77000000,3185.57,2.02914103,238.97749437,exact_date_with_local_tdx_chinext_calendar,date_validated_by_local_tdx_only,False
2025-09-25,24196.51213277,1187151.93000000,3235.76,2.03819844,242.74268567,exact_date_with_local_tdx_chinext_calendar,date_validated_by_local_tdx_only,False
2025-09-26,24003.98363957,1175357.43000000,3151.53,2.04227097,236.42385596,exact_date_with_local_tdx_chinext_calendar,date_validated_by_local_tdx_only,False
2025-09-29,24048.26959580,1187682.94000000,3238.01,2.02480551,242.91147787,exact_date_with_local_tdx_chinext_calendar,date_validated_by_local_tdx_only,False
2025-09-30,23709.72118303,1193471.32000000,3238.16,1.98661843,242.92273068,exact_date_with_local_tdx_chinext_calendar,date_validated_by_local_tdx_only,False
2025-10-09,24216.81333228,1207599.14000000,3261.82,2.00536855,244.69767442,exact_date_with_local_tdx_chinext_calendar,date_validated_by_local_tdx_only,False
2025-10-10,24181.85651082,1193444.72000000,3113.26,2.02622343,233.55288822,exact_date_with_local_tdx_chinext_calendar,date_validated_by_local_tdx_only,False
2025-10-13,24203.88570480,1190573.07000000,3078.76,2.03296096,230.96474119,exact_date_with_local_tdx_chinext_calendar,date_validated_by_local_tdx_only,False
2025-10-14,24226.74929141,1178935.43000000,2955.98,2.05496829,221.75393848,exact_date_with_local_tdx_chinext_calendar,date_validated_by_local_tdx_only,False
2025-10-15,24249.74005516,1193960.28000000,3025.87,2.03103407,226.99699925,exact_date_with_local_tdx_chinext_calendar,date_validated_by_local_tdx_only,False
2025-10-16,24325.75326416,1193565.86000000,3037.44,2.03807382,227.86496624,exact_date_with_local_tdx_chinext_calendar,date_validated_by_local_tdx_only,False
2025-10-17,24053.82024292,1168608.15000000,2935.37,2.05833069,220.20780195,exact_date_with_local_tdx_chinext_calendar,date_validated_by_local_tdx_only,False
2025-10-20,24057.66692462,1177151.55000000,2993.45,2.04371875,224.56489122,exact_date_with_local_tdx_chinext_calendar,date_validated_by_local_tdx_only,False
2025-10-21,24196.73815243,1193734.70000000,3083.72,2.02697787,231.33683421,exact_date_with_local_tdx_chinext_calendar,date_validated_by_local_tdx_only,False
2025-10-22,24279.67822902,1192716.39000000,3059.32,2.03566233,229.50637659,exact_date_with_local_tdx_chinext_calendar,date_validated_by_local_tdx_only,False
2025-10-23,24263.77191667,1195734.28000000,3062.16,2.02919431,229.71942986,exact_date_with_local_tdx_chinext_calendar,date_validated_by_local_tdx_only,False
2025-10-24,24322.97248557,1207111.67000000,3171.57,2.01497286,237.92723181,exact_date_with_local_tdx_chinext_calendar,date_validated_by_local_tdx_only,False
2025-10-27,24566.67850644,1221011.35000000,3234.45,2.01199428,242.64441110,exact_date_with_local_tdx_chinext_calendar,date_validated_by_local_tdx_only,False
2025-10-28,24693.63777991,1219047.18000000,3229.58,2.02565070,242.27906977,exact_date_with_local_tdx_chinext_calendar,date_validated_by_local_tdx_only,False
2025-10-29,24806.62402813,1229625.80000000,3324.27,2.01741245,249.38259565,exact_date_with_local_tdx_chinext_calendar,date_validated_by_local_tdx_only,False
2025-10-30,24732.70262516,1219152.98000000,3263.02,2.02867918,244.78769692,exact_date_with_local_tdx_chinext_calendar,date_validated_by_local_tdx_only,False
2025-10-31,24609.89122997,1211423.20000000,3187.53,2.03148588,239.12453113,exact_date_with_local_tdx_chinext_calendar,date_validated_by_local_tdx_only,False
2025-11-03,24690.23159919,1218072.75000000,3196.87,2.02699154,239.82520630,exact_date_with_local_tdx_chinext_calendar,date_validated_by_local_tdx_only,False
2025-11-04,24657.12848488,1210208.40000000,3134.09,2.03742830,235.11552888,exact_date_with_local_tdx_chinext_calendar,date_validated_by_local_tdx_only,False
2025-11-05,24655.69782515,1213017.15000000,3166.23,2.03259268,237.52663166,exact_date_with_local_tdx_chinext_calendar,date_validated_by_local_tdx_only,False
2025-11-06,24725.92078662,1225505.27000000,3224.62,2.01761032,241.90697674,exact_date_with_local_tdx_chinext_calendar,date_validated_by_local_tdx_only,False
2025-11-07,24675.73804799,1222130.00000000,3208.21,2.01907637,240.67591898,exact_date_with_local_tdx_chinext_calendar,date_validated_by_local_tdx_only,False
2025-11-10,24752.43848876,1228622.08000000,3178.83,2.01465031,238.47186797,exact_date_with_local_tdx_chinext_calendar,date_validated_by_local_tdx_only,False
2025-11-11,24792.65531870,1222388.96000000,3134.32,2.02821329,235.13278320,exact_date_with_local_tdx_chinext_calendar,date_validated_by_local_tdx_only,False
2025-11-12,24762.41652329,1222889.80000000,3122.03,2.02490989,234.21080270,exact_date_with_local_tdx_chinext_calendar,date_validated_by_local_tdx_only,False
2025-11-13,24802.61416995,1234610.37000000,3201.75,2.00894264,240.19129782,exact_date_with_local_tdx_chinext_calendar,date_validated_by_local_tdx_only,False
2025-11-14,24668.61998344,1221364.79000000,3111.51,2.01975857,233.42160540,exact_date_with_local_tdx_chinext_calendar,date_validated_by_local_tdx_only,False
2025-11-17,24744.40299981,1217619.82000000,3105.2,2.03219450,232.94823706,exact_date_with_local_tdx_chinext_calendar,date_validated_by_local_tdx_only,False
2025-11-18,24770.23966549,1207826.49000000,3069.22,2.05081110,230.24906227,exact_date_with_local_tdx_chinext_calendar,date_validated_by_local_tdx_only,False
2025-11-19,24724.54630074,1208206.26000000,3076.85,2.04638456,230.82145536,exact_date_with_local_tdx_chinext_calendar,date_validated_by_local_tdx_only,False
2025-11-20,24666.19249662,1200429.24000000,3042.34,2.05478105,228.23255814,exact_date_with_local_tdx_chinext_calendar,date_validated_by_local_tdx_only,False
2025-11-21,24375.59646440,1168697.38000000,2920.08,2.08570644,219.06076519,exact_date_with_local_tdx_chinext_calendar,date_validated_by_local_tdx_only,False
2025-11-24,24347.55411919,1171580.73000000,2929.04,2.07817980,219.73293323,exact_date_with_local_tdx_chinext_calendar,date_validated_by_local_tdx_only,False
2025-11-25,24387.94712037,1183821.71000000,2980.93,2.06010305,223.62565641,exact_date_with_local_tdx_chinext_calendar,date_validated_by_local_tdx_only,False
2025-11-26,24447.86656458,1183497.35000000,3044.69,2.06573057,228.40885221,exact_date_with_local_tdx_chinext_calendar,date_validated_by_local_tdx_only,False
2025-11-27,24475.27579329,1185005.65000000,3031.3,2.06541427,227.40435109,exact_date_with_local_tdx_chinext_calendar,date_validated_by_local_tdx_only,False
2025-11-28,24489.73139044,1190571.38000000,3052.59,2.05697296,229.00150038,exact_date_with_local_tdx_chinext_calendar,date_validated_by_local_tdx_only,False
2025-12-01,24591.39618103,1199300.33000000,3092.5,2.05047856,231.99549887,exact_date_with_local_tdx_chinext_calendar,date_validated_by_local_tdx_only,False
2025-12-02,24613.50217002,1193795.12000000,3071.15,2.06178613,230.39384846,exact_date_with_local_tdx_chinext_calendar,date_validated_by_local_tdx_only,False
2025-12-03,24576.65108761,1187552.49000000,3036.79,2.06952125,227.81620405,exact_date_with_local_tdx_chinext_calendar,date_validated_by_local_tdx_only,False
2025-12-04,24589.73561734,1186902.66000000,3067.48,2.07175672,230.11852963,exact_date_with_local_tdx_chinext_calendar,date_validated_by_local_tdx_only,False
2025-12-05,24566.10584650,1199438.50000000,3109.3,2.04813384,233.25581395,exact_date_with_local_tdx_chinext_calendar,date_validated_by_local_tdx_only,False
2025-12-08,24751.80491924,1208260.31000000,3190.27,2.04854903,239.33008252,exact_date_with_local_tdx_chinext_calendar,date_validated_by_local_tdx_only,False
2025-12-09,24853.59874016,1203372.10000000,3209.6,2.06532948,240.78019505,exact_date_with_local_tdx_chinext_calendar,date_validated_by_local_tdx_only,False
2025-12-10,24888.31436012,1203037.47000000,3209,2.06878962,240.73518380,exact_date_with_local_tdx_chinext_calendar,date_validated_by_local_tdx_only,False
2025-12-11,24824.36665596,1193111.82000000,3163.67,2.08064041,237.33458365,exact_date_with_local_tdx_chinext_calendar,date_validated_by_local_tdx_only,False
2025-12-12,24760.16835154,1198171.64000000,3194.36,2.06649594,239.63690923,exact_date_with_local_tdx_chinext_calendar,date_validated_by_local_tdx_only,False
2025-12-15,24808.55593465,1190565.50000000,3137.8,2.08376237,235.39384846,exact_date_with_local_tdx_chinext_calendar,date_validated_by_local_tdx_only,False
2025-12-16,24803.57528954,1176291.12000000,3071.76,2.10862557,230.43960990,exact_date_with_local_tdx_chinext_calendar,date_validated_by_local_tdx_only,False
2025-12-17,24781.54119196,1194995.98000000,3175.91,2.07377611,238.25281320,exact_date_with_local_tdx_chinext_calendar,date_validated_by_local_tdx_only,False
2025-12-18,24748.41169284,1196301.49000000,3107.06,2.06874370,233.08777194,exact_date_with_local_tdx_chinext_calendar,date_validated_by_local_tdx_only,False
2025-12-19,24793.79468494,1200564.77000000,3122.24,2.06517760,234.22655664,exact_date_with_local_tdx_chinext_calendar,date_validated_by_local_tdx_only,False
2025-12-22,24919.13248112,1209850.45000000,3191.98,2.05968700,239.45836459,exact_date_with_local_tdx_chinext_calendar,date_validated_by_local_tdx_only,False
2025-12-23,25067.08381019,1211016.15000000,3205.01,2.06992151,240.43585896,exact_date_with_local_tdx_chinext_calendar,date_validated_by_local_tdx_only,False
2025-12-24,25167.63819265,1218801.09000000,3229.58,2.06495042,242.27906977,exact_date_with_local_tdx_chinext_calendar,date_validated_by_local_tdx_only,False
2025-12-25,25205.47931574,1224882.08000000,3239.34,2.05778823,243.01125281,exact_date_with_local_tdx_chinext_calendar,date_validated_by_local_tdx_only,False
2025-12-26,25184.83462081,1226919.16000000,3243.88,2.05268900,243.35183796,exact_date_with_local_tdx_chinext_calendar,date_validated_by_local_tdx_only,False
2025-12-29,25268.30095079,1226341.40000000,3222.61,2.06046220,241.75618905,exact_date_with_local_tdx_chinext_calendar,date_validated_by_local_tdx_only,False
2025-12-30,25305.34098397,1227123.37000000,3242.9,2.06216764,243.27831958,exact_date_with_local_tdx_chinext_calendar,date_validated_by_local_tdx_only,False
2025-12-31,25161.88348107,1226709.80000000,3203.17,2.05116838,240.29782446,exact_date_with_local_tdx_chinext_calendar,date_validated_by_local_tdx_only,False
2026-01-05,25352.83591915,1247525.72000000,3294.55,2.03224956,247.15303826,exact_date_with_local_tdx_chinext_calendar,date_validated_by_local_tdx_only,False
2026-01-06,25540.20158077,1265122.71000000,3319.29,2.01879244,249.00900225,exact_date_with_local_tdx_chinext_calendar,date_validated_by_local_tdx_only,False
2026-01-07,25789.85286669,1265084.08000000,3329.69,2.03858805,249.78919730,exact_date_with_local_tdx_chinext_calendar,date_validated_by_local_tdx_only,False
2026-01-08,25947.67453263,1265191.63000000,3302.31,2.05088889,247.73518380,exact_date_with_local_tdx_chinext_calendar,date_validated_by_local_tdx_only,False
2026-01-09,26014.86948742,1277525.32000000,3327.81,2.03634864,249.64816204,exact_date_with_local_tdx_chinext_calendar,date_validated_by_local_tdx_only,False
2026-01-12,26470.72209154,1294534.76000000,3388.34,2.04480582,254.18904726,exact_date_with_local_tdx_chinext_calendar,date_validated_by_local_tdx_only,False
2026-01-13,26562.80225099,1287166.92000000,3321.89,2.06366415,249.20405101,exact_date_with_local_tdx_chinext_calendar,date_validated_by_local_tdx_only,False
2026-01-14,26713.42958207,1287026.27000000,3349.14,2.07559319,251.24831208,exact_date_with_local_tdx_chinext_calendar,date_validated_by_local_tdx_only,False
2026-01-15,26921.02218608,1284037.72000000,3367.92,2.09659123,252.65716429,exact_date_with_local_tdx_chinext_calendar,date_validated_by_local_tdx_only,False
2026-01-16,27054.52081653,1280401.62000000,3361.02,2.11297146,252.13953488,exact_date_with_local_tdx_chinext_calendar,date_validated_by_local_tdx_only,False
2026-01-19,26968.20515975,1284567.15000000,3337.61,2.09940019,250.38334584,exact_date_with_local_tdx_chinext_calendar,date_validated_by_local_tdx_only,False
2026-01-20,26830.43990172,1281584.77000000,3277.98,2.09353611,245.90997749,exact_date_with_local_tdx_chinext_calendar,date_validated_by_local_tdx_only,False
2026-01-21,26945.23080321,1285341.35000000,3295.52,2.09634824,247.22580645,exact_date_with_local_tdx_chinext_calendar,date_validated_by_local_tdx_only,False
2026-01-22,26985.57225801,1289321.66000000,3328.65,2.09300542,249.71117779,exact_date_with_local_tdx_chinext_calendar,date_validated_by_local_tdx_only,False
2026-01-23,26971.48070427,1296782.30000000,3349.5,2.07987730,251.27531883,exact_date_with_local_tdx_chinext_calendar,date_validated_by_local_tdx_only,False
2026-01-26,26991.02833268,1292874.97000000,3319.15,2.08767506,248.99849962,exact_date_with_local_tdx_chinext_calendar,date_validated_by_local_tdx_only,False
2026-01-27,26969.48999309,1293669.90000000,3342.6,2.08472733,250.75768942,exact_date_with_local_tdx_chinext_calendar,date_validated_by_local_tdx_only,False
2026-01-28,27162.99659866,1297632.20000000,3323.56,2.09327393,249.32933233,exact_date_with_local_tdx_chinext_calendar,date_validated_by_local_tdx_only,False
2026-01-29,27132.92657149,1297623.07000000,3304.51,2.09097135,247.90022506,exact_date_with_local_tdx_chinext_calendar,date_validated_by_local_tdx_only,False
2026-01-30,26898.75945094,1285713.37000000,3346.36,2.09212723,251.03975994,exact_date_with_local_tdx_chinext_calendar,date_validated_by_local_tdx_only,False
2026-02-02,26839.46105688,1253845.24000000,3264.11,2.14057207,244.86946737,exact_date_with_local_tdx_chinext_calendar,date_validated_by_local_tdx_only,False
2026-02-03,26810.51984202,1273032.44000000,3324.89,2.10603587,249.42910728,exact_date_with_local_tdx_chinext_calendar,date_validated_by_local_tdx_only,False
2026-02-04,26671.51010054,1281891.60000000,3311.51,2.08063694,248.42535634,exact_date_with_local_tdx_chinext_calendar,date_validated_by_local_tdx_only,False
2026-02-05,26553.94024084,1271354.70000000,3260.28,2.08863351,244.58214554,exact_date_with_local_tdx_chinext_calendar,date_validated_by_local_tdx_only,False
2026-02-06,26383.83830521,1268635.30000000,3236.46,2.07970236,242.79519880,exact_date_with_local_tdx_chinext_calendar,date_validated_by_local_tdx_only,False
2026-02-09,26387.81838995,1287759.71000000,3332.77,2.04912595,250.02025506,exact_date_with_local_tdx_chinext_calendar,date_validated_by_local_tdx_only,False
2026-02-10,26350.49141945,1291199.31000000,3320.54,2.04077645,249.10277569,exact_date_with_local_tdx_chinext_calendar,date_validated_by_local_tdx_only,False
2026-02-11,26191.79391302,1291001.17000000,3284.74,2.02879707,246.41710428,exact_date_with_local_tdx_chinext_calendar,date_validated_by_local_tdx_only,False
2026-02-12,26205.97108157,1293769.46000000,3328.06,2.02555184,249.66691673,exact_date_with_local_tdx_chinext_calendar,date_validated_by_local_tdx_only,False
2026-02-13,25640.12285101,1278301.68000000,3275.96,2.00579591,245.75843961,exact_date_with_local_tdx_chinext_calendar,date_validated_by_local_tdx_only,False
2026-02-24,25977.50389722,1292480.11000000,3308.26,2.00989583,248.18154539,exact_date_with_local_tdx_chinext_calendar,date_validated_by_local_tdx_only,False
2026-02-25,26213.83885644,1301912.31000000,3354.82,2.01348729,251.67441860,exact_date_with_local_tdx_chinext_calendar,date_validated_by_local_tdx_only,False
2026-02-26,26413.96664216,1302516.57000000,3344.98,2.02791790,250.93623406,exact_date_with_local_tdx_chinext_calendar,date_validated_by_local_tdx_only,False
2026-02-27,26432.55222910,1306573.88000000,3310.3,2.02304306,248.33458365,exact_date_with_local_tdx_chinext_calendar,date_validated_by_local_tdx_only,False
2026-03-02,26478.33221815,1308401.04000000,3294.16,2.02371684,247.12378095,exact_date_with_local_tdx_chinext_calendar,date_validated_by_local_tdx_only,False
2026-03-03,26253.55638801,1284392.13000000,3209.48,2.04404525,240.77119280,exact_date_with_local_tdx_chinext_calendar,date_validated_by_local_tdx_only,False
2026-03-04,26171.07659727,1274172.59000000,3164.37,2.05396638,237.38709677,exact_date_with_local_tdx_chinext_calendar,date_validated_by_local_tdx_only,False
2026-03-05,26254.35939602,1284376.66000000,3216.94,2.04413240,241.33083271,exact_date_with_local_tdx_chinext_calendar,date_validated_by_local_tdx_only,False
2026-03-06,26193.09085077,1291139.22000000,3229.3,2.02868060,242.25806452,exact_date_with_local_tdx_chinext_calendar,date_validated_by_local_tdx_only,False
2026-03-09,26190.48882638,1285486.39000000,3208.58,2.03739915,240.70367592,exact_date_with_local_tdx_chinext_calendar,date_validated_by_local_tdx_only,False
2026-03-10,26287.77076224,1297858.87000000,3306.14,2.02547221,248.02250563,exact_date_with_local_tdx_chinext_calendar,date_validated_by_local_tdx_only,False
2026-03-11,26341.99544732,1304645.77000000,3349.53,2.01909178,251.27756939,exact_date_with_local_tdx_chinext_calendar,date_validated_by_local_tdx_only,False
2026-03-12,26374.41320399,1301053.38000000,3317.52,2.02715842,248.87621905,exact_date_with_local_tdx_chinext_calendar,date_validated_by_local_tdx_only,False
2026-03-13,26248.33288165,1290831.88000000,3310.28,2.03344318,248.33308327,exact_date_with_local_tdx_chinext_calendar,date_validated_by_local_tdx_only,False
2026-03-16,26345.54002442,1290243.11000000,3357.02,2.04190511,251.83945986,exact_date_with_local_tdx_chinext_calendar,date_validated_by_local_tdx_only,False
2026-03-17,26255.50250825,1275862.57000000,3280.06,2.05786290,246.06601650,exact_date_with_local_tdx_chinext_calendar,date_validated_by_local_tdx_only,False
2026-03-18,26281.24337772,1283170.21000000,3346.37,2.04814943,251.04051013,exact_date_with_local_tdx_chinext_calendar,date_validated_by_local_tdx_only,False
2026-03-19,26238.35315111,1263037.35000000,3309.1,2.07740121,248.24456114,exact_date_with_local_tdx_chinext_calendar,date_validated_by_local_tdx_only,False
2026-03-20,26065.69847833,1248277.62000000,3352.1,2.08813313,251.47036759,exact_date_with_local_tdx_chinext_calendar,date_validated_by_local_tdx_only,False
2026-03-23,25951.70904991,1202540.54000000,3235.22,2.15807353,242.70217554,exact_date_with_local_tdx_chinext_calendar,date_validated_by_local_tdx_only,False
2026-03-24,25882.96184219,1225307.44000000,3251.55,2.11236470,243.92723181,exact_date_with_local_tdx_chinext_calendar,date_validated_by_local_tdx_only,False
2026-03-25,25914.68692480,1243105.08000000,3316.97,2.08467388,248.83495874,exact_date_with_local_tdx_chinext_calendar,date_validated_by_local_tdx_only,False
2026-03-26,25906.04985033,1228527.76000000,3272.49,2.10870692,245.49812453,exact_date_with_local_tdx_chinext_calendar,date_validated_by_local_tdx_only,False
2026-03-27,25826.93415482,1237886.17000000,3295.88,2.08637392,247.25281320,exact_date_with_local_tdx_chinext_calendar,date_validated_by_local_tdx_only,False
2026-03-30,25904.95142289,1239688.68000000,3273.36,2.08963362,245.56339085,exact_date_with_local_tdx_chinext_calendar,date_validated_by_local_tdx_only,False
2026-03-31,25823.38030855,1226861.10000000,3184.95,2.10483325,238.93098275,exact_date_with_local_tdx_chinext_calendar,date_validated_by_local_tdx_only,False
2026-04-01,25830.44909907,1243753.07000000,3247.52,2.07681490,243.62490623,exact_date_with_local_tdx_chinext_calendar,date_validated_by_local_tdx_only,False
2026-04-02,25720.55528853,1231791.75000000,3172.65,2.08806036,238.00825206,exact_date_with_local_tdx_chinext_calendar,date_validated_by_local_tdx_only,False
2026-04-03,25547.21808244,1217196.06000000,3149.6,2.09885810,236.27906977,exact_date_with_local_tdx_chinext_calendar,date_validated_by_local_tdx_only,False
2026-04-07,25585.22218973,1222283.70000000,3160.82,2.09323107,237.12078020,exact_date_with_local_tdx_chinext_calendar,date_validated_by_local_tdx_only,False
2026-04-08,25746.52442848,1260752.28000000,3347.61,2.04215569,251.13353338,exact_date_with_local_tdx_chinext_calendar,date_validated_by_local_tdx_only,False
2026-04-09,25820.72670263,1252790.61000000,3323.3,2.06105685,249.30982746,exact_date_with_local_tdx_chinext_calendar,date_validated_by_local_tdx_only,False
2026-04-10,25874.03798130,1263909.52000000,3448.79,2.04714321,258.72393098,exact_date_with_local_tdx_chinext_calendar,date_validated_by_local_tdx_only,False
2026-04-13,26034.17021680,1267602.88000000,3476.44,2.05381122,260.79819955,exact_date_with_local_tdx_chinext_calendar,date_validated_by_local_tdx_only,False
2026-04-14,26197.62419287,1281208.99000000,3558.53,2.04475807,266.95648912,exact_date_with_local_tdx_chinext_calendar,date_validated_by_local_tdx_only,False
2026-04-15,26299.44594985,1278711.98000000,3514.96,2.05671382,263.68792198,exact_date_with_local_tdx_chinext_calendar,date_validated_by_local_tdx_only,False
2026-04-16,26406.79137139,1293666.48000000,3626.27,2.04123642,272.03825956,exact_date_with_local_tdx_chinext_calendar,date_validated_by_local_tdx_only,False
2026-04-17,26428.47623455,1293627.83000000,3678.29,2.04297369,275.94073518,exact_date_with_local_tdx_chinext_calendar,date_validated_by_local_tdx_only,False
2026-04-20,26719.04542698,1303165.35000000,3677.58,2.05031890,275.88747187,exact_date_with_local_tdx_chinext_calendar,date_validated_by_local_tdx_only,False
2026-04-21,26783.06998070,1306086.47000000,3688.94,2.05063528,276.73968492,exact_date_with_local_tdx_chinext_calendar,date_validated_by_local_tdx_only,False
2026-04-22,26919.68846032,1314121.98000000,3752.76,2.04849237,281.52738185,exact_date_with_local_tdx_chinext_calendar,date_validated_by_local_tdx_only,False
2026-04-23,26957.68367122,1305838.24000000,3720.25,2.06439686,279.08852213,exact_date_with_local_tdx_chinext_calendar,date_validated_by_local_tdx_only,False
2026-04-24,26845.30395510,1302576.32000000,3667.79,2.06093904,275.15303826,exact_date_with_local_tdx_chinext_calendar,date_validated_by_local_tdx_only,False
2026-04-27,27000.72341557,1306882.15000000,3648.79,2.06604118,273.72768192,exact_date_with_local_tdx_chinext_calendar,date_validated_by_local_tdx_only,False
2026-04-28,27002.28761671,1300711.57000000,3596.71,2.07596275,269.82070518,exact_date_with_local_tdx_chinext_calendar,date_validated_by_local_tdx_only,False
2026-04-29,27038.92296907,1313478.80000000,3687.17,2.05857323,276.60690173,exact_date_with_local_tdx_chinext_calendar,date_validated_by_local_tdx_only,False
2026-04-30,26871.50297414,1315773.38000000,3677.15,2.04225921,275.85521380,exact_date_with_local_tdx_chinext_calendar,date_validated_by_local_tdx_only,False
2026-05-06,27282.33110932,1337155.87000000,3778.16,2.04032542,283.43285821,exact_date_with_local_tdx_chinext_calendar,date_validated_by_local_tdx_only,False
2026-05-07,27577.23021996,1347466.40000000,3833.06,2.04659873,287.55138785,exact_date_with_local_tdx_chinext_calendar,date_validated_by_local_tdx_only,False
2026-05-08,27735.28480275,1348027.85000000,3796.13,2.05747120,284.78094524,exact_date_with_local_tdx_chinext_calendar,date_validated_by_local_tdx_only,False
2026-05-11,28040.80579409,1365626.29000000,3928.97,2.05332938,294.74643661,exact_date_with_local_tdx_chinext_calendar,date_validated_by_local_tdx_only,False
2026-05-12,28209.61344960,1360293.73000000,3934.88,2.07378839,295.18979745,exact_date_with_local_tdx_chinext_calendar,date_validated_by_local_tdx_only,False
2026-05-13,28438.86146932,1373030.92000000,4038.33,2.07124698,302.95048762,exact_date_with_local_tdx_chinext_calendar,date_validated_by_local_tdx_only,False
2026-05-14,28530.30724404,1349780.51000000,3951.14,2.11369975,296.40960240,exact_date_with_local_tdx_chinext_calendar,date_validated_by_local_tdx_only,False
2026-05-15,28472.68661690,1338639.43000000,3929.06,2.12698700,294.75318830,exact_date_with_local_tdx_chinext_calendar,date_validated_by_local_tdx_only,False
2026-05-18,28628.38207286,1339300.92000000,3914.88,2.13756159,293.68942236,exact_date_with_local_tdx_chinext_calendar,date_validated_by_local_tdx_only,False
2026-05-19,28680.55773231,1345084.96000000,3908.44,2.13224879,293.20630158,exact_date_with_local_tdx_chinext_calendar,date_validated_by_local_tdx_only,False
2026-05-20,28746.33421166,1343475.14000000,3921.79,2.13969975,294.20780195,exact_date_with_local_tdx_chinext_calendar,date_validated_by_local_tdx_only,False
2026-05-21,28662.81385111,1314824.23000000,3829.78,2.17997305,287.30532633,exact_date_with_local_tdx_chinext_calendar,date_validated_by_local_tdx_only,False
2026-05-22,28692.72686704,1336559.01000000,3938.5,2.14676095,295.46136534,exact_date_with_local_tdx_chinext_calendar,date_validated_by_local_tdx_only,False
2026-05-25,28945.40135255,1349958.28000000,4021.16,2.14417007,301.66241560,exact_date_with_local_tdx_chinext_calendar,date_validated_by_local_tdx_only,False
2026-05-26,29018.81410316,1345774.20000000,4043.07,2.15629146,303.30607652,exact_date_with_local_tdx_chinext_calendar,date_validated_by_local_tdx_only,False
2026-05-27,29059.53157259,1328875.96000000,4045.77,2.18677532,303.50862716,exact_date_with_local_tdx_chinext_calendar,date_validated_by_local_tdx_only,False
2026-05-28,29115.70544937,1334777.05000000,4125.07,2.18131601,309.45761440,exact_date_with_local_tdx_chinext_calendar,date_validated_by_local_tdx_only,False
2026-05-29,28821.53674224,1319011.19000000,4037.95,2.18508660,302.92198050,exact_date_with_local_tdx_chinext_calendar,date_validated_by_local_tdx_only,False
2026-06-01,28744.92304359,1311860.57000000,3950.94,2.19115687,296.39459865,exact_date_with_local_tdx_chinext_calendar,date_validated_by_local_tdx_only,False
2026-06-02,28758.30960728,1319867.98000000,4055.87,2.17887774,304.26631658,exact_date_with_local_tdx_chinext_calendar,date_validated_by_local_tdx_only,False
2026-06-03,28843.25894829,1324203.28000000,4122.99,2.17815946,309.30157539,exact_date_with_local_tdx_chinext_calendar,date_validated_by_local_tdx_only,False
2026-06-04,28908.92143802,1316965.22000000,4088.88,2.19511655,306.74268567,exact_date_with_local_tdx_chinext_calendar,date_validated_by_local_tdx_only,False
2026-06-05,28768.49604298,1304404.67000000,3957.94,2.20548858,296.91972993,exact_date_with_local_tdx_chinext_calendar,date_validated_by_local_tdx_only,False
2026-06-08,28534.92718549,1277448.73000000,3811.79,2.23374344,285.95573893,exact_date_with_local_tdx_chinext_calendar,date_validated_by_local_tdx_only,False
2026-06-09,28571.30072324,1297742.83000000,3961.75,2.20161499,297.20555139,exact_date_with_local_tdx_chinext_calendar,date_validated_by_local_tdx_only,False
2026-06-10,28490.39584836,1285000.35000000,3854.79,2.21715082,289.18154539,exact_date_with_local_tdx_chinext_calendar,date_validated_by_local_tdx_only,False
2026-06-11,28438.16389145,1280215.54000000,3811.25,2.22135750,285.91522881,exact_date_with_local_tdx_chinext_calendar,date_validated_by_local_tdx_only,False
2026-06-12,28434.13920944,1292296.65000000,3830.35,2.20027957,287.34808702,exact_date_with_local_tdx_chinext_calendar,date_validated_by_local_tdx_only,False
2026-06-15,28674.74336592,1318563.56000000,4033.53,2.17469557,302.59039760,exact_date_with_local_tdx_chinext_calendar,date_validated_by_local_tdx_only,False
2026-06-16,28938.39130094,1321167.57000000,4102.94,2.19036494,307.79744936,exact_date_with_local_tdx_chinext_calendar,date_validated_by_local_tdx_only,False
2026-06-17,29218.51069611,1327865.46000000,4167.05,2.20041198,312.60690173,exact_date_with_local_tdx_chinext_calendar,date_validated_by_local_tdx_only,False
2026-06-18,29346.59431610,1325783.99000000,4252.39,2.21352758,319.00900225,exact_date_with_local_tdx_chinext_calendar,date_validated_by_local_tdx_only,False
2026-06-22,29636.77487570,1348411.51000000,4359.39,2.19790284,327.03600900,exact_date_with_local_tdx_chinext_calendar,date_validated_by_local_tdx_only,False
2026-06-23,29698.08893292,1325275.51000000,4192.19,2.24089925,314.49287322,exact_date_with_local_tdx_chinext_calendar,date_validated_by_local_tdx_only,False
2026-06-24,29834.59133226,1335129.20000000,4251.42,2.23458459,318.93623406,exact_date_with_local_tdx_chinext_calendar,date_validated_by_local_tdx_only,False
2026-06-25,30009.42666983,1339624.11000000,4371.99,2.24013785,327.98124531,exact_date_with_local_tdx_chinext_calendar,date_validated_by_local_tdx_only,False
2026-06-26,29803.46094520,1309727.83000000,4194.21,2.27554613,314.64441110,exact_date_with_local_tdx_chinext_calendar,date_validated_by_local_tdx_only,False
2026-06-29,29716.72150165,1316538.40000000,4216.7,2.25718608,316.33158290,exact_date_with_local_tdx_chinext_calendar,date_validated_by_local_tdx_only,False
2026-06-30,29877.88011904,1329916.84000000,4342.71,2.24659762,325.78469617,exact_date_with_local_tdx_chinext_calendar,date_validated_by_local_tdx_only,False
2026-07-01,29975.82784567,1335550.42000000,4260.72,2.24445498,319.63390848,exact_date_with_local_tdx_chinext_calendar,date_validated_by_local_tdx_only,False
2026-07-02,29911.38089764,1308974.03000000,4017.27,2.28510117,301.37059265,exact_date_with_local_tdx_chinext_calendar,date_validated_by_local_tdx_only,False
2026-07-03,29714.71291053,1315042.29000000,4019.93,2.25960132,301.57014254,exact_date_with_local_tdx_chinext_calendar,date_validated_by_local_tdx_only,False
2026-07-06,29609.75633262,1308624.34000000,3948.86,2.26266282,296.23855964,exact_date_with_local_tdx_chinext_calendar,date_validated_by_local_tdx_only,False
2026-07-07,29479.38126108,1291262.92000000,3911.91,2.28298829,293.46661665,exact_date_with_local_tdx_chinext_calendar,date_validated_by_local_tdx_only,False
2026-07-08,29290.26172767,1279515.02000000,3845.35,2.28916904,288.47336834,exact_date_with_local_tdx_chinext_calendar,date_validated_by_local_tdx_only,False
2026-07-09,29251.08130823,1302914.02000000,4018.17,2.24505078,301.43810953,exact_date_with_local_tdx_chinext_calendar,date_validated_by_local_tdx_only,False
2026-07-10,29137.69459433,1289437.74000000,3842.73,2.25972094,288.27681920,exact_date_with_local_tdx_chinext_calendar,date_validated_by_local_tdx_only,False
2026-07-13,28802.36492526,1259271.58000000,3723.52,2.28722425,279.33383346,exact_date_with_local_tdx_chinext_calendar,date_validated_by_local_tdx_only,False
2026-07-14,28692.78937032,1274919.52000000,3851.14,2.25055691,288.90772693,exact_date_with_local_tdx_chinext_calendar,date_validated_by_local_tdx_only,False
2026-07-15,28576.12701293,1268771.53000000,3804.7,2.25226736,285.42385596,exact_date_with_local_tdx_chinext_calendar,date_validated_by_local_tdx_only,False
2026-07-16,28290.25639574,1248492.16000000,3692.46,2.26595387,277.00375094,exact_date_with_local_tdx_chinext_calendar,date_validated_by_local_tdx_only,False
2026-07-17,27491.44882466,1202223.75000000,3428.63,2.28671650,257.21155289,exact_date_with_local_tdx_chinext_calendar,date_validated_by_local_tdx_only,False
2026-07-20,26894.60075224,1205674.33000000,3443.1,2.23066877,258.29707427,exact_date_with_local_tdx_chinext_calendar,date_validated_by_local_tdx_only,False
2026-07-21,26895.22075532,1234452.80000000,3685.97,2.17871601,276.51687922,exact_date_with_local_tdx_chinext_calendar,date_validated_by_local_tdx_only,False
2026-07-22,26902.67596509,1230322.75000000,3566.73,2.18663566,267.57164291,exact_date_with_local_tdx_chinext_calendar,date_validated_by_local_tdx_only,False
2026-07-23,26804.47084597,1235328.08000000,3575.52,2.16982608,268.23105776,exact_date_with_local_tdx_chinext_calendar,date_validated_by_local_tdx_only,False
2026-07-24,26582.51429621,1211908.16000000,3480.87,2.19344297,261.13053263,exact_date_with_local_tdx_chinext_calendar,date_validated_by_local_tdx_only,False
2026-07-27,26682.77615316,1264922.44000000,3590.79,2.10943970,269.37659415,exact_date_with_local_tdx_chinext_calendar,date_validated_by_local_tdx_only,False
2026-07-28,26385.18256626,1240813.80000000,3327.03,2.12644174,249.58964741,exact_date_with_local_tdx_chinext_calendar,date_validated_by_local_tdx_only,False
2026-07-29,26129.69579252,1250860.99000000,3378.7,2.08893682,253.46586647,exact_date_with_local_tdx_chinext_calendar,date_validated_by_local_tdx_only,False
2026-07-30,25763.11045585,1236442.57000000,3244.62,2.08364797,243.40735184,exact_date_with_local_tdx_chinext_calendar,date_validated_by_local_tdx_only,False
2026-07-31,25809.69087282,1251854.50000000,3343.96,2.06171651,250.85971493,exact_date_with_local_tdx_chinext_calendar,date_validated_by_local_tdx_only,False
