date,product,contract,open,high,low,close,volume,open_interest,turnover,settle,pre_settle
2025-04-09,IC,IC2504,5200.0,5442.6,5101.4,5387.2,89534,77524,9497115.088,5408.4,5231.4
2025-04-09,IC,IC2505,5149.8,5381.4,5042.4,5332.0,11166,15188,1172285.68,5350.2,5169.6
2025-04-09,IC,IC2506,5050.0,5306.8,4966.2,5262.8,75409,104653,7792461.92,5277.2,5100.4
2025-04-09,IC,IC2509,4964.6,5185.0,4850.0,5143.0,18707,46844,1890399.376,5156.6,4976.4
2025-04-09,IF,IF2504,3575.2,3674.4,3551.2,3655.0,68912,79905,7488133.332,3658.4,3591.4
2025-04-09,IF,IF2505,3544.0,3659.6,3523.2,3640.2,10922,13251,1181768.97,3645.0,3567.0
2025-04-09,IF,IF2506,3499.6,3634.4,3489.0,3614.0,115307,150590,12357558.522,3620.2,3538.6
2025-04-09,IF,IF2509,3466.6,3583.4,3436.0,3565.4,23525,57306,2482729.494,3567.8,3488.6
2025-04-09,IH,IH2504,2520.0,2588.8,2520.0,2575.2,36445,32993,2795490.594,2576.0,2537.2
2025-04-09,IH,IH2505,2504.8,2586.0,2504.8,2575.8,4466,5606,341891.154,2574.0,2527.6
2025-04-09,IH,IH2506,2500.0,2575.6,2495.0,2564.2,65219,58795,4969107.138,2563.2,2517.4
2025-04-09,IH,IH2509,2470.0,2544.0,2465.2,2532.2,13122,20334,988944.528,2533.8,2488.0
2025-04-09,IM,IM2504,5401.2,5643.8,5186.2,5594.2,141240,106818,15422834.016,5610.0,5414.0
2025-04-09,IM,IM2505,5312.2,5573.4,5128.0,5514.0,18021,19651,1944321.148,5535.6,5340.2
2025-04-09,IM,IM2506,5202.2,5488.0,5053.2,5429.6,307215,184548,32641643.0,5451.0,5270.4
2025-04-09,IM,IM2509,5067.0,5328.0,4900.0,5274.4,49440,77135,5090944.844,5293.8,5108.6
2025-04-10,IC,IC2504,5545.0,5598.8,5467.0,5509.0,60899,65270,6746519.796,5528.6,5408.4
2025-04-10,IC,IC2505,5455.0,5540.2,5431.8,5452.2,7746,15766,849229.648,5470.2,5350.2
2025-04-10,IC,IC2506,5359.8,5469.0,5359.8,5381.2,53950,97111,5836812.868,5399.0,5277.2
2025-04-10,IC,IC2509,5235.0,5348.6,5235.0,5259.6,12652,45043,1338507.812,5278.2,5156.6
2025-04-10,IF,IF2504,3710.0,3750.0,3692.4,3712.2,51403,72066,5736532.5,3717.8,3658.4
2025-04-10,IF,IF2505,3700.0,3738.0,3682.0,3699.8,6892,13205,766795.284,3706.0,3645.0
2025-04-10,IF,IF2506,3678.4,3713.4,3655.0,3673.0,83748,141689,9252784.998,3678.8,3620.2
2025-04-10,IF,IF2509,3638.0,3663.0,3608.0,3624.0,15704,54672,1711943.532,3630.0,3567.8
2025-04-10,IH,IH2504,2602.0,2616.4,2579.6,2598.4,23535,27480,1835171.604,2599.8,2576.0
2025-04-10,IH,IH2505,2600.0,2616.8,2578.0,2596.0,3041,5453,236910.912,2597.8,2574.0
2025-04-10,IH,IH2506,2590.0,2603.6,2568.0,2582.2,43873,48237,3403096.644,2585.6,2563.2
2025-04-10,IH,IH2509,2555.8,2573.0,2539.6,2553.0,8311,19584,637580.19,2556.8,2533.8
2025-04-10,IM,IM2504,5750.0,5865.8,5720.0,5744.8,96804,92361,11205316.688,5767.0,5610.0
2025-04-10,IM,IM2505,5689.8,5791.2,5640.0,5666.2,14381,20103,1642299.912,5689.4,5535.6
2025-04-10,IM,IM2506,5550.4,5701.2,5549.0,5578.2,222566,174420,25035422.392,5598.0,5451.0
2025-04-10,IM,IM2509,5395.0,5542.8,5395.0,5419.0,35576,72984,3890156.372,5440.6,5293.8
2025-04-11,IC,IC2504,5500.0,5620.0,5492.0,5555.8,48540,62461,5387429.772,5569.8,5528.6
2025-04-11,IC,IC2505,5412.8,5561.6,5412.8,5495.4,8580,17659,942563.592,5515.6,5470.2
2025-04-11,IC,IC2506,5381.2,5488.6,5361.8,5424.2,40616,96669,4401292.228,5439.2,5399.0
2025-04-11,IC,IC2509,5233.6,5362.2,5233.6,5303.6,9497,44688,1005219.36,5314.8,5278.2
2025-04-11,IF,IF2504,3712.0,3753.8,3694.2,3732.2,41826,65729,4668865.836,3735.6,3717.8
2025-04-11,IF,IF2505,3699.6,3737.6,3680.4,3717.4,6255,14605,695173.056,3721.6,3706.0
2025-04-11,IF,IF2506,3678.2,3709.0,3650.2,3686.6,69617,139942,7681750.854,3693.0,3678.8
2025-04-11,IF,IF2509,3620.0,3656.0,3598.4,3638.8,12289,55185,1337289.528,3642.8,3630.0
2025-04-11,IH,IH2504,2605.0,2615.6,2588.0,2609.0,17458,26308,1362705.984,2608.6,2599.8
2025-04-11,IH,IH2505,2604.2,2610.4,2584.4,2607.0,2446,5306,190564.122,2606.2,2597.8
2025-04-11,IH,IH2506,2592.6,2602.0,2573.0,2595.6,33127,47569,2571688.962,2595.4,2585.6
2025-04-11,IH,IH2509,2560.0,2571.2,2543.4,2565.6,6052,19379,464364.456,2565.2,2556.8
2025-04-11,IM,IM2504,5722.0,5913.0,5713.6,5835.0,81375,86117,9473861.812,5851.6,5767.0
2025-04-11,IM,IM2505,5650.0,5839.0,5632.0,5763.2,14348,22132,1649388.98,5779.0,5689.4
2025-04-11,IM,IM2506,5555.0,5746.6,5545.0,5672.2,192909,173299,21797306.96,5685.4,5598.0
2025-04-11,IM,IM2509,5391.0,5578.2,5389.0,5511.0,29006,73273,3182580.044,5520.4,5440.6
2025-04-14,IC,IC2504,5615.6,5638.0,5580.2,5584.8,38051,51902,4263782.648,5591.4,5569.8
2025-04-14,IC,IC2505,5547.0,5576.6,5515.8,5515.8,9702,21350,1075396.972,5527.6,5515.6
2025-04-14,IC,IC2506,5470.0,5498.0,5436.0,5437.4,29820,93663,3257808.592,5446.2,5439.2
2025-04-14,IC,IC2509,5351.0,5369.0,5310.0,5310.2,7973,44225,850821.916,5317.8,5314.8
2025-04-14,IF,IF2504,3754.2,3763.0,3738.0,3743.0,31873,57002,3585762.594,3747.0,3735.6
2025-04-14,IF,IF2505,3737.8,3747.8,3722.4,3726.6,7100,17278,795450.0,3729.8,3721.6
2025-04-14,IF,IF2506,3706.2,3717.0,3694.0,3694.8,45569,135018,5063101.74,3699.0,3693.0
2025-04-14,IF,IF2509,3657.0,3666.0,3642.0,3642.0,8096,53976,887207.238,3647.0,3642.8
2025-04-14,IH,IH2504,2611.0,2632.8,2607.0,2622.8,14001,22783,1101971.862,2624.8,2608.6
2025-04-14,IH,IH2505,2612.2,2630.0,2605.0,2618.0,3327,5995,261732.558,2621.0,2606.2
2025-04-14,IH,IH2506,2600.8,2620.0,2595.0,2606.6,26026,46111,2038252.53,2610.0,2595.4
2025-04-14,IH,IH2509,2571.8,2588.6,2565.2,2575.8,4942,18610,382437.732,2577.8,2565.2
2025-04-14,IM,IM2504,5898.6,5951.4,5875.4,5879.8,61023,70795,7206506.52,5891.4,5851.6
2025-04-14,IM,IM2505,5865.8,5867.4,5790.4,5794.0,15822,27006,1841906.332,5804.0,5779.0
2025-04-14,IM,IM2506,5733.0,5769.8,5690.0,5693.0,133293,162218,15258459.724,5702.0,5685.4
2025-04-14,IM,IM2509,5575.0,5601.8,5522.8,5522.8,23757,73695,2640640.744,5534.2,5520.4
2025-04-15,IC,IC2504,5581.0,5598.8,5542.2,5580.0,38649,46610,4300351.036,5571.6,5591.4
2025-04-15,IC,IC2505,5515.8,5535.4,5466.6,5502.6,13002,26596,1427572.336,5493.2,5527.6
2025-04-15,IC,IC2506,5437.4,5453.8,5381.0,5415.6,32729,96651,3539350.752,5407.8,5446.2
2025-04-15,IC,IC2509,5306.0,5323.4,5249.0,5283.4,8099,43831,854335.304,5275.6,5317.8
2025-04-15,IF,IF2504,3743.0,3749.6,3724.6,3744.4,31594,52592,3540499.566,3740.4,3747.0
2025-04-15,IF,IF2505,3725.0,3729.0,3707.4,3722.4,9460,21752,1054673.688,3720.0,3729.8
2025-04-15,IF,IF2506,3692.0,3698.0,3675.4,3690.4,44540,137582,4923408.396,3688.6,3699.0
2025-04-15,IF,IF2509,3642.0,3645.6,3624.0,3638.8,7803,54757,850462.014,3636.6,3647.0
2025-04-15,IH,IH2504,2620.0,2631.4,2610.2,2628.2,14479,21035,1138028.88,2625.2,2624.8
2025-04-15,IH,IH2505,2612.4,2622.6,2605.2,2617.8,5621,8604,440641.572,2615.6,2621.0
2025-04-15,IH,IH2506,2605.0,2611.6,2595.0,2608.8,21919,45206,1711360.626,2606.4,2610.0
2025-04-15,IH,IH2509,2572.8,2579.4,2562.4,2576.0,3763,18198,290140.914,2573.6,2577.8
2025-04-15,IM,IM2504,5887.8,5913.0,5842.6,5888.0,55619,61041,6531233.544,5879.4,5891.4
2025-04-15,IM,IM2505,5805.6,5828.2,5747.8,5793.0,22011,33322,2543551.592,5782.8,5804.0
2025-04-15,IM,IM2506,5689.8,5722.0,5637.0,5680.4,126870,164742,14389164.732,5673.2,5702.0
2025-04-15,IM,IM2509,5530.0,5550.2,5465.0,5508.8,21222,73212,2334237.616,5500.4,5534.2
2025-04-16,IC,IC2504,5571.0,5571.0,5483.8,5540.4,44211,36562,4886288.064,5525.2,5571.6
2025-04-16,IC,IC2505,5490.8,5491.2,5399.2,5454.8,21897,37191,2382559.732,5439.2,5493.2
2025-04-16,IC,IC2506,5400.0,5403.6,5316.2,5366.6,38543,96381,4128663.932,5355.4,5407.8
2025-04-16,IC,IC2509,5255.6,5269.8,5191.0,5239.8,9199,44986,961564.148,5226.4,5275.6
2025-04-16,IF,IF2504,3742.0,3762.4,3710.6,3755.4,36424,45885,4073807.118,3738.8,3740.4
2025-04-16,IF,IF2505,3717.0,3732.4,3685.2,3723.8,18887,32455,2097479.652,3710.2,3720.0
2025-04-16,IF,IF2506,3691.2,3697.8,3652.6,3690.8,58241,141540,6411958.11,3677.6,3688.6
2025-04-16,IF,IF2509,3633.8,3642.4,3600.8,3635.2,9611,54594,1043114.628,3626.8,3636.6
2025-04-16,IH,IH2504,2630.0,2653.0,2611.2,2644.6,17017,17202,1340238.57,2636.2,2625.2
2025-04-16,IH,IH2505,2615.0,2638.8,2602.8,2629.8,9339,12165,732517.338,2623.6,2615.6
2025-04-16,IH,IH2506,2605.0,2627.2,2591.4,2620.0,31223,46398,2438587.392,2612.2,2606.4
2025-04-16,IH,IH2509,2573.0,2593.0,2559.4,2585.6,4575,17888,352802.736,2579.2,2573.6
2025-04-16,IM,IM2504,5876.6,5879.4,5756.0,5819.8,64059,50652,7450637.108,5807.6,5879.4
2025-04-16,IM,IM2505,5780.0,5780.0,5653.0,5713.8,36696,47601,4189413.436,5700.2,5782.8
2025-04-16,IM,IM2506,5660.0,5667.8,5554.6,5603.0,156339,171071,17517610.76,5594.4,5673.2
2025-04-16,IM,IM2509,5480.8,5498.2,5388.2,5434.4,28321,78229,3076229.372,5427.2,5500.4
2025-04-17,IC,IC2504,5523.0,5610.2,5521.8,5551.2,34523,21987,3852603.42,5568.2,5525.2
2025-04-17,IC,IC2505,5429.8,5536.8,5429.8,5483.6,27886,47876,3071361.9,5500.4,5439.2
2025-04-17,IC,IC2506,5351.0,5454.0,5347.0,5406.6,44149,99918,4789119.928,5422.2,5355.4
2025-04-17,IC,IC2509,5215.8,5319.0,5213.0,5280.2,10689,47082,1131727.7,5294.2,5226.4
2025-04-17,IF,IF2504,3736.0,3781.6,3736.0,3765.4,35237,26834,3979969.002,3768.4,3738.8
2025-04-17,IF,IF2505,3717.6,3753.6,3710.4,3737.8,27620,42726,3096966.558,3739.6,3710.2
2025-04-17,IF,IF2506,3680.0,3725.0,3678.2,3710.6,55799,141593,6206627.874,3712.8,3677.6
2025-04-17,IF,IF2509,3625.0,3669.2,3622.0,3656.6,10594,56169,1160382.306,3657.0,3626.8
2025-04-17,IH,IH2504,2639.0,2663.6,2637.2,2656.8,13351,10651,1061842.752,2655.8,2636.2
2025-04-17,IH,IH2505,2622.8,2653.0,2622.2,2644.8,10558,14318,835901.634,2644.8,2623.6
2025-04-17,IH,IH2506,2614.8,2642.6,2612.4,2633.6,28211,44853,2225091.798,2634.6,2612.2
2025-04-17,IH,IH2509,2579.0,2608.0,2577.6,2599.4,4407,17663,343127.772,2600.8,2579.2
2025-04-17,IM,IM2504,5798.8,5905.0,5795.8,5845.8,44139,29741,5181009.528,5859.2,5807.6
2025-04-17,IM,IM2505,5700.2,5816.6,5687.8,5749.8,39973,55797,4618661.768,5768.2,5700.2
2025-04-17,IM,IM2506,5588.0,5715.0,5578.0,5653.8,156019,168300,17708660.504,5672.6,5594.4
2025-04-17,IM,IM2509,5409.2,5545.8,5409.2,5488.0,26102,74750,2873835.552,5505.2,5427.2
2025-04-18,IC,IC2504,5546.0,5564.4,5521.0,5552.2,16485,0,1825842.748,5552.23,5568.2
2025-04-18,IC,IC2505,5473.0,5525.6,5447.0,5481.2,29463,54711,3228180.032,5502.4,5500.4
2025-04-18,IC,IC2506,5406.6,5446.0,5366.0,5400.0,42314,100600,4571413.032,5423.8,5422.2
2025-04-18,IC,IC2509,5261.8,5315.0,5237.4,5272.2,9614,47370,1013571.372,5294.0,5294.2
2025-04-18,IF,IF2504,3762.0,3768.6,3753.0,3764.4,15981,0,1803209.106,3764.52,3768.4
2025-04-18,IF,IF2505,3730.0,3749.4,3724.6,3737.0,26678,51714,2990121.984,3741.8,3739.6
2025-04-18,IF,IF2506,3706.4,3723.4,3694.6,3708.8,45646,139841,5078116.848,3714.6,3712.8
2025-04-18,IF,IF2509,3651.0,3667.8,3640.0,3654.2,7755,55361,849938.052,3659.2,3657.0
2025-04-18,IH,IH2504,2651.4,2656.2,2646.6,2652.4,7642,0,607887.918,2652.38,2655.8
2025-04-18,IH,IH2505,2640.0,2649.6,2635.0,2643.8,12226,17553,969201.432,2644.0,2644.8
2025-04-18,IH,IH2506,2627.0,2637.6,2623.0,2633.4,25557,44395,2017164.402,2633.0,2634.6
2025-04-18,IH,IH2509,2590.6,2604.0,2590.4,2599.6,3956,17619,308287.26,2599.8,2600.8
2025-04-18,IM,IM2504,5844.6,5860.0,5793.4,5826.4,22683,0,2638464.696,5826.48,5859.2
2025-04-18,IM,IM2505,5737.0,5797.0,5692.2,5738.2,50741,70923,5820983.56,5766.2,5768.2
2025-04-18,IM,IM2506,5649.0,5699.0,5593.8,5642.0,150566,168687,16984659.324,5670.4,5672.6
2025-04-18,IM,IM2509,5480.0,5533.0,5430.0,5477.0,24106,76674,2639541.264,5503.8,5505.2
2025-04-21,IC,IC2505,5477.0,5602.2,5457.6,5578.8,30005,53502,3333033.272,5587.0,5502.4
2025-04-21,IC,IC2506,5393.0,5521.8,5375.4,5499.8,42483,99810,4650750.008,5507.6,5423.8
2025-04-21,IC,IC2509,5266.0,5389.0,5248.0,5365.4,11008,47213,1176499.44,5375.2,5294.0
2025-04-21,IC,IC2512,5196.0,5287.6,5122.0,5267.4,3821,3740,400639.284,5275.4,5294.0
2025-04-21,IF,IF2505,3735.0,3772.4,3733.6,3759.6,22397,49652,2525923.014,3765.2,3741.8
2025-04-21,IF,IF2506,3708.2,3745.2,3705.4,3733.2,44191,139536,4948705.062,3738.6,3714.6
2025-04-21,IF,IF2509,3651.0,3688.0,3650.6,3676.2,8630,56051,951868.836,3682.0,3659.2
2025-04-21,IF,IF2512,3630.4,3669.4,3624.6,3660.0,2292,2209,251439.288,3663.6,3659.2
2025-04-21,IH,IH2505,2641.8,2663.6,2640.4,2643.6,12692,18557,1009670.664,2648.0,2644.0
2025-04-21,IH,IH2506,2628.0,2653.0,2627.0,2631.4,23857,43953,1889860.422,2636.2,2633.0
2025-04-21,IH,IH2509,2597.4,2619.0,2595.6,2599.8,4594,17598,359416.386,2604.0,2599.8
2025-04-21,IH,IH2512,2584.4,2614.8,2584.4,2597.8,1118,1096,87339.45,2602.8,2599.8
2025-04-21,IM,IM2505,5734.0,5883.6,5701.6,5867.4,52420,68284,6110095.94,5869.6,5766.2
2025-04-21,IM,IM2506,5627.6,5783.0,5603.6,5770.0,137318,166314,15734603.64,5770.0,5670.4
2025-04-21,IM,IM2509,5472.0,5612.8,5440.8,5601.2,25031,75346,2784358.656,5600.8,5503.8
2025-04-21,IM,IM2512,5333.0,5478.0,5292.4,5470.6,7400,7159,803584.768,5465.0,5503.8
2025-04-22,IC,IC2505,5582.4,5599.0,5553.0,5568.0,22080,52209,2461099.128,5579.8,5587.0
2025-04-22,IC,IC2506,5497.8,5514.6,5467.4,5486.0,37064,97788,4068953.836,5497.0,5507.6
2025-04-22,IC,IC2509,5366.0,5380.8,5336.0,5353.2,9047,45553,969079.336,5363.8,5375.2
2025-04-22,IC,IC2512,5266.0,5283.8,5239.0,5254.0,4180,4997,439597.812,5265.6,5275.4
2025-04-22,IF,IF2505,3763.4,3778.8,3759.6,3760.6,20636,50385,2331446.862,3768.0,3765.2
2025-04-22,IF,IF2506,3733.2,3750.0,3731.4,3733.0,37955,136331,4256623.02,3740.0,3738.6
2025-04-22,IF,IF2509,3675.2,3691.6,3675.0,3675.4,6236,55249,688674.366,3682.2,3682.0
2025-04-22,IF,IF2512,3658.6,3670.0,3652.0,3652.0,1951,2774,214244.328,3660.6,3663.6
2025-04-22,IH,IH2505,2644.6,2661.2,2641.0,2649.8,11522,17976,916981.944,2654.0,2648.0
2025-04-22,IH,IH2506,2629.8,2648.4,2629.8,2637.4,19683,42709,1559060.226,2641.4,2636.2
2025-04-22,IH,IH2509,2600.0,2614.6,2598.0,2604.8,3667,17190,286879.902,2608.6,2604.0
2025-04-22,IH,IH2512,2597.0,2611.0,2597.0,2598.6,780,978,60926.028,2604.6,2602.8
2025-04-22,IM,IM2505,5870.0,5904.8,5835.2,5870.0,42827,67656,5025662.456,5882.6,5869.6
2025-04-22,IM,IM2506,5770.2,5802.8,5732.2,5769.6,130317,163968,15028108.584,5782.6,5770.0
2025-04-22,IM,IM2509,5599.0,5632.8,5565.0,5599.6,22046,73398,2467919.816,5613.6,5600.8
2025-04-22,IM,IM2512,5475.2,5497.0,5429.8,5465.6,7388,8711,806776.884,5475.4,5465.0
2025-04-23,IC,IC2505,5598.0,5644.0,5560.0,5580.4,26260,53436,2937518.4,5580.2,5579.8
2025-04-23,IC,IC2506,5530.0,5564.6,5476.0,5495.0,45995,101966,5067597.136,5495.8,5497.0
2025-04-23,IC,IC2509,5393.0,5429.4,5348.0,5366.6,10365,45398,1114715.42,5367.4,5363.8
2025-04-23,IC,IC2512,5290.2,5331.6,5256.6,5274.4,4496,7658,474656.528,5276.2,5265.6
2025-04-23,IF,IF2505,3777.0,3795.6,3756.8,3765.2,24629,50777,2785383.156,3767.0,3768.0
2025-04-23,IF,IF2506,3753.8,3768.0,3727.8,3734.0,48170,137093,5405702.682,3735.2,3740.0
2025-04-23,IF,IF2509,3697.0,3708.6,3671.2,3677.0,8497,55785,938834.046,3677.2,3682.2
2025-04-23,IF,IF2512,3675.0,3686.8,3644.6,3652.2,2833,4133,310831.65,3651.2,3660.6
2025-04-23,IH,IH2505,2655.2,2661.4,2636.4,2641.0,12176,18225,966111.954,2642.2,2654.0
2025-04-23,IH,IH2506,2644.8,2649.0,2622.0,2627.4,23296,43864,1838399.082,2627.6,2641.4
2025-04-23,IH,IH2509,2610.0,2616.4,2589.2,2595.6,4149,17421,323345.142,2594.6,2608.6
2025-04-23,IH,IH2512,2607.4,2613.6,2586.2,2588.6,880,1185,68506.026,2591.2,2604.6
2025-04-23,IM,IM2505,5918.8,5974.4,5890.8,5915.8,48928,67895,5802004.4,5919.4,5882.6
2025-04-23,IM,IM2506,5840.0,5873.2,5791.8,5820.0,146296,166689,17054699.116,5821.6,5782.6
2025-04-23,IM,IM2509,5640.0,5705.0,5626.0,5652.2,22679,72127,2567855.92,5656.2,5613.6
2025-04-23,IM,IM2512,5511.6,5569.6,5496.0,5525.0,7403,12591,818495.14,5529.8,5475.4
2025-04-24,IC,IC2505,5575.0,5602.6,5530.8,5564.4,23876,51508,2658334.8,5563.0,5580.2
2025-04-24,IC,IC2506,5495.0,5515.6,5443.0,5478.0,39686,99171,4349327.08,5475.4,5495.8
2025-04-24,IC,IC2509,5375.0,5386.2,5316.0,5350.6,8117,44826,868855.184,5346.8,5367.4
2025-04-24,IC,IC2512,5276.6,5292.2,5221.6,5257.4,3624,8043,381071.672,5252.6,5276.2
2025-04-24,IF,IF2505,3767.6,3791.4,3753.8,3771.2,23926,50179,2708035.098,3769.4,3767.0
2025-04-24,IF,IF2506,3736.2,3759.8,3720.6,3736.8,48747,136827,5470278.234,3737.0,3735.2
2025-04-24,IF,IF2509,3676.8,3700.0,3664.0,3681.0,8952,55610,989031.594,3680.4,3677.2
2025-04-24,IF,IF2512,3660.8,3672.8,3639.8,3657.2,1954,4282,214345.44,3654.4,3651.2
2025-04-24,IH,IH2505,2644.8,2662.0,2641.8,2651.0,12585,18335,1001257.836,2650.2,2642.2
2025-04-24,IH,IH2506,2630.0,2647.6,2625.8,2635.8,24156,43465,1911042.618,2635.2,2627.6
2025-04-24,IH,IH2509,2599.6,2614.0,2593.0,2602.6,3713,17053,290044.806,2602.0,2594.6
2025-04-24,IH,IH2512,2592.6,2609.8,2588.4,2600.0,829,1232,64650.312,2598.0,2591.2
2025-04-24,IM,IM2505,5910.2,5923.2,5831.2,5866.0,44305,66410,5206753.464,5862.2,5919.4
2025-04-24,IM,IM2506,5805.0,5823.0,5730.8,5767.4,135094,163863,15603366.064,5761.6,5821.6
2025-04-24,IM,IM2509,5660.2,5660.2,5568.4,5604.0,22261,72504,2498187.444,5599.2,5656.2
2025-04-24,IM,IM2512,5527.8,5527.8,5440.8,5474.2,7381,13693,809605.432,5471.0,5529.8
2025-04-25,IC,IC2505,5579.6,5630.4,5553.0,5582.2,24649,51496,2756888.396,5585.8,5563.0
2025-04-25,IC,IC2506,5491.8,5546.2,5467.0,5498.6,43767,99051,4821185.088,5499.8,5475.4
2025-04-25,IC,IC2509,5363.8,5416.6,5338.2,5371.4,9279,45386,998184.62,5371.6,5346.8
2025-04-25,IC,IC2512,5269.0,5323.0,5243.8,5278.8,3247,9090,343165.188,5278.8,5252.6
2025-04-25,IF,IF2505,3775.8,3792.0,3762.6,3774.8,24910,48945,2822616.474,3770.2,3769.4
2025-04-25,IF,IF2506,3745.0,3760.0,3730.2,3739.2,47168,136227,5298886.164,3737.6,3737.0
2025-04-25,IF,IF2509,3687.0,3702.6,3674.2,3681.6,8160,55598,902754.132,3680.8,3680.4
2025-04-25,IF,IF2512,3664.4,3675.0,3649.2,3658.4,2023,4853,222255.228,3657.0,3654.4
2025-04-25,IH,IH2505,2655.2,2659.0,2636.4,2645.0,12972,18475,1030821.888,2643.2,2650.2
2025-04-25,IH,IH2506,2640.0,2643.6,2620.0,2628.0,26636,44804,2103798.312,2626.4,2635.2
2025-04-25,IH,IH2509,2607.0,2610.0,2587.6,2595.8,3722,17367,290299.416,2593.6,2602.0
2025-04-25,IH,IH2512,2605.0,2607.2,2586.0,2592.2,764,1431,59524.878,2591.0,2598.0
2025-04-25,IM,IM2505,5883.0,5939.8,5842.0,5885.0,46320,67109,5460761.448,5884.2,5862.2
2025-04-25,IM,IM2506,5788.0,5840.0,5744.0,5786.6,147686,167733,17115874.144,5785.0,5761.6
2025-04-25,IM,IM2509,5615.0,5676.0,5582.6,5624.8,24444,71809,2752821.776,5623.8,5599.2
2025-04-25,IM,IM2512,5491.4,5549.2,5454.0,5500.0,7632,16107,840345.2,5497.4,5471.0
2025-04-28,IC,IC2505,5580.2,5594.8,5534.2,5556.0,20610,50145,2291555.284,5560.4,5585.8
2025-04-28,IC,IC2506,5498.0,5509.0,5444.2,5471.0,37058,96080,4055275.884,5474.4,5499.8
2025-04-28,IC,IC2509,5370.0,5380.0,5318.2,5344.8,7129,44165,762159.4,5347.6,5371.6
2025-04-28,IC,IC2512,5278.0,5285.6,5224.2,5252.0,3211,9374,337225.2,5253.8,5278.8
2025-04-28,IF,IF2505,3771.2,3774.6,3750.6,3762.2,22357,49557,2524843.956,3765.6,3770.2
2025-04-28,IF,IF2506,3737.0,3741.0,3716.8,3730.6,38102,134340,4264977.468,3732.8,3737.6
2025-04-28,IF,IF2509,3677.0,3683.4,3661.0,3672.2,6246,54776,688496.16,3675.6,3680.8
2025-04-28,IF,IF2512,3651.4,3657.6,3635.0,3647.4,2015,5358,220563.696,3649.8,3657.0
2025-04-28,IH,IH2505,2639.2,2655.8,2627.8,2645.4,11341,18018,899087.142,2647.6,2643.2
2025-04-28,IH,IH2506,2625.8,2635.4,2611.4,2628.0,21403,42616,1685857.602,2630.4,2626.4
2025-04-28,IH,IH2509,2593.4,2602.4,2578.8,2594.6,3016,16881,234544.14,2597.0,2593.6
2025-04-28,IH,IH2512,2587.8,2597.0,2573.8,2590.4,842,1451,65411.028,2592.6,2591.0
2025-04-28,IM,IM2505,5885.2,5893.4,5797.2,5828.2,41309,68029,4819669.38,5833.0,5884.2
2025-04-28,IM,IM2506,5780.0,5794.6,5700.0,5729.0,120927,159258,13866666.684,5733.2,5785.0
2025-04-28,IM,IM2509,5610.4,5630.0,5542.8,5571.4,19161,71488,2136577.68,5574.6,5623.8
2025-04-28,IM,IM2512,5495.0,5504.0,5420.8,5445.8,6463,16736,704283.088,5447.8,5497.4
2025-04-29,IC,IC2505,5546.8,5591.8,5527.0,5573.8,19806,47845,2204953.992,5572.8,5560.4
2025-04-29,IC,IC2506,5460.0,5505.8,5440.8,5487.2,34048,95869,3731913.936,5487.6,5474.4
2025-04-29,IC,IC2509,5330.8,5377.6,5315.0,5360.8,7370,44957,789232.424,5360.6,5347.6
2025-04-29,IC,IC2512,5235.0,5284.8,5222.0,5275.6,3696,10261,388947.32,5266.6,5253.8
2025-04-29,IF,IF2505,3762.2,3772.8,3748.6,3757.8,17994,46271,2029214.082,3758.4,3765.6
2025-04-29,IF,IF2506,3729.0,3739.0,3715.4,3724.8,37569,134140,4199483.844,3725.8,3732.8
2025-04-29,IF,IF2509,3671.0,3682.6,3659.0,3670.0,6039,54843,664973.922,3670.2,3675.6
2025-04-29,IF,IF2512,3644.0,3655.0,3632.2,3645.6,2045,5819,223521.774,3643.8,3649.8
2025-04-29,IH,IH2505,2647.0,2650.2,2634.2,2639.0,9490,17294,751984.194,2640.0,2647.6
2025-04-29,IH,IH2506,2625.0,2632.6,2617.8,2621.2,20683,43068,1628146.86,2623.2,2630.4
2025-04-29,IH,IH2509,2594.6,2598.6,2585.6,2589.8,2672,16917,207741.48,2590.8,2597.0
2025-04-29,IH,IH2512,2590.4,2595.4,2581.0,2583.4,619,1492,48041.274,2586.2,2592.6
2025-04-29,IM,IM2505,5814.8,5884.4,5795.2,5868.0,38130,63293,4462991.872,5864.8,5833.0
2025-04-29,IM,IM2506,5719.0,5787.6,5700.0,5773.6,116166,159461,13372787.084,5769.0,5733.2
2025-04-29,IM,IM2509,5560.2,5627.8,5543.6,5610.0,18463,69978,2066493.86,5607.0,5574.6
2025-04-29,IM,IM2512,5440.0,5499.2,5416.8,5478.2,6083,17620,665528.288,5478.4,5447.8
2025-04-30,IC,IC2505,5580.8,5618.4,5570.2,5590.2,21929,46587,2455880.928,5598.8,5572.8
2025-04-30,IC,IC2506,5487.2,5531.8,5484.8,5497.0,38409,94639,4235174.88,5512.0,5487.6
2025-04-30,IC,IC2509,5364.8,5403.0,5357.8,5365.6,8218,44900,884612.984,5378.2,5360.6
2025-04-30,IC,IC2512,5270.6,5309.2,5266.0,5273.0,3883,11692,410570.336,5282.4,5266.6
2025-04-30,IF,IF2505,3765.8,3780.0,3751.8,3752.0,20059,48409,2263574.448,3756.4,3758.4
2025-04-30,IF,IF2506,3725.8,3748.0,3715.6,3716.2,42386,136357,4742771.748,3724.0,3725.8
2025-04-30,IF,IF2509,3672.0,3691.2,3663.2,3663.2,6879,55233,758254.212,3669.8,3670.2
2025-04-30,IF,IF2512,3649.0,3666.8,3635.8,3637.8,2373,7044,259593.084,3641.6,3643.8
2025-04-30,IH,IH2505,2643.8,2651.0,2627.0,2627.2,10889,17334,861004.98,2629.4,2640.0
2025-04-30,IH,IH2506,2622.4,2634.4,2608.8,2609.2,26366,44590,2071282.938,2612.0,2623.2
2025-04-30,IH,IH2509,2590.8,2601.4,2578.0,2578.0,3669,17493,284761.254,2581.0,2590.8
2025-04-30,IH,IH2512,2588.8,2596.8,2572.8,2575.8,774,1567,59944.95,2577.4,2586.2
2025-04-30,IM,IM2505,5875.6,5932.8,5870.2,5905.4,36606,61187,4327484.224,5914.8,5864.8
2025-04-30,IM,IM2506,5785.0,5833.0,5775.0,5801.4,108819,153214,12649381.336,5814.0,5769.0
2025-04-30,IM,IM2509,5610.6,5663.6,5610.6,5627.6,20491,69465,2312948.004,5640.2,5607.0
2025-04-30,IM,IM2512,5490.0,5533.8,5485.0,5500.6,6528,18314,719913.544,5510.6,5478.4
2025-05-06,IC,IC2505,5620.4,5710.0,5620.4,5705.6,28439,48094,3233769.48,5704.2,5598.8
2025-05-06,IC,IC2506,5544.0,5625.4,5537.0,5622.0,43200,97319,4835427.256,5619.4,5512.0
2025-05-06,IC,IC2509,5400.2,5488.8,5400.2,5484.0,10467,46098,1143915.004,5483.6,5378.2
2025-05-06,IC,IC2512,5320.0,5391.6,5311.8,5387.0,4097,12787,440099.336,5385.8,5282.4
2025-05-06,IF,IF2505,3771.8,3802.8,3769.2,3797.6,28609,46669,3253033.164,3796.4,3756.4
2025-05-06,IF,IF2506,3734.0,3772.0,3733.2,3766.2,47831,138953,5391730.218,3765.8,3724.0
2025-05-06,IF,IF2509,3683.8,3714.0,3678.4,3708.6,9414,56336,1045478.082,3708.4,3669.8
2025-05-06,IF,IF2512,3657.4,3684.0,3649.2,3681.8,2158,7400,237778.932,3679.0,3641.6
2025-05-06,IH,IH2505,2640.6,2649.4,2630.2,2645.8,11591,17235,918559.86,2644.8,2629.4
2025-05-06,IH,IH2506,2620.0,2632.6,2613.2,2629.6,25377,44285,1998284.946,2629.0,2612.0
2025-05-06,IH,IH2509,2590.6,2600.6,2582.6,2598.4,3729,17811,290091.918,2597.2,2581.0
2025-05-06,IH,IH2512,2590.0,2596.6,2578.6,2594.4,760,1641,59026.806,2593.2,2577.4
2025-05-06,IM,IM2505,5955.0,6063.0,5954.0,6059.6,38439,60416,4628850.952,6052.0,5914.8
2025-05-06,IM,IM2506,5855.0,5955.0,5852.0,5953.2,107389,160100,12712410.052,5947.8,5814.0
2025-05-06,IM,IM2509,5678.0,5775.4,5678.0,5774.0,21597,69401,2480056.164,5768.4,5640.2
2025-05-06,IM,IM2512,5536.0,5641.8,5536.0,5640.0,7833,20886,879164.932,5632.6,5510.6
2025-05-07,IC,IC2505,5818.0,5818.0,5684.0,5718.2,31807,48067,3649641.996,5704.6,5704.2
2025-05-07,IC,IC2506,5700.0,5748.0,5591.4,5620.2,54572,100287,6164708.244,5609.6,5619.4
2025-05-07,IC,IC2509,5558.2,5602.0,5455.0,5482.6,14860,49355,1637650.208,5473.6,5483.6
2025-05-07,IC,IC2512,5484.4,5504.0,5358.0,5386.0,4699,14403,508381.988,5374.8,5385.8
2025-05-07,IF,IF2505,3854.0,3864.2,3803.4,3817.2,28654,45962,3286102.224,3811.8,3796.4
2025-05-07,IF,IF2506,3820.0,3835.0,3770.2,3785.0,56105,141994,6382028.58,3778.2,3765.8
2025-05-07,IF,IF2509,3751.0,3774.6,3713.4,3725.8,12210,58236,1367916.672,3720.0,3708.4
2025-05-07,IF,IF2512,3732.8,3746.0,3683.2,3695.0,3405,8741,378045.198,3688.0,3679.0
2025-05-07,IH,IH2505,2680.0,2685.0,2652.0,2664.8,14757,19214,1178613.84,2660.6,2644.8
2025-05-07,IH,IH2506,2657.0,2669.8,2635.2,2646.4,29460,46351,2338440.408,2643.0,2629.0
2025-05-07,IH,IH2509,2624.6,2636.0,2604.0,2614.0,5485,18645,430117.746,2610.4,2597.2
2025-05-07,IH,IH2512,2625.0,2640.0,2601.0,2611.0,1256,2083,98370.954,2607.6,2593.2
2025-05-07,IM,IM2505,6161.0,6190.6,6026.2,6065.2,51450,66811,6273633.516,6052.4,6052.0
2025-05-07,IM,IM2506,6015.0,6090.0,5920.4,5955.2,158085,174521,18944629.604,5945.0,5947.8
2025-05-07,IM,IM2509,5865.0,5911.0,5744.0,5774.0,28412,73780,3305790.888,5766.4,5768.4
2025-05-07,IM,IM2512,5720.2,5775.0,5610.6,5640.0,9616,23287,1092048.648,5634.6,5632.6
2025-05-08,IC,IC2505,5704.6,5772.4,5704.0,5752.0,25952,46141,2982423.764,5751.8,5704.6
2025-05-08,IC,IC2506,5610.0,5685.6,5609.6,5660.0,43288,98379,4896603.196,5660.8,5609.6
2025-05-08,IC,IC2509,5464.8,5544.8,5464.8,5515.2,11234,48917,1239200.972,5513.2,5473.6
2025-05-08,IC,IC2512,5375.2,5443.4,5370.0,5412.8,4782,14919,517800.92,5409.6,5374.8
2025-05-08,IF,IF2505,3811.0,3865.0,3810.0,3845.8,31414,46173,3621976.458,3846.0,3811.8
2025-05-08,IF,IF2506,3778.0,3836.2,3775.6,3816.0,58985,146021,6746423.574,3815.8,3778.2
2025-05-08,IF,IF2509,3715.0,3774.2,3715.0,3755.4,13083,59520,1472319.354,3755.6,3720.0
2025-05-08,IF,IF2512,3681.8,3741.6,3681.8,3724.6,3136,9133,350107.188,3722.6,3688.0
2025-05-08,IH,IH2505,2657.2,2696.2,2657.2,2679.0,13654,18008,1097676.072,2680.6,2660.6
2025-05-08,IH,IH2506,2641.0,2681.0,2640.4,2664.8,31258,47278,2498193.078,2665.0,2643.0
2025-05-08,IH,IH2509,2607.8,2645.8,2606.4,2631.6,5919,18623,467146.038,2631.2,2610.4
2025-05-08,IH,IH2512,2600.8,2642.6,2600.8,2627.6,1142,2100,89987.424,2627.4,2607.6
2025-05-08,IM,IM2505,6062.6,6147.0,6055.0,6127.6,39672,58969,4851051.932,6123.4,6052.4
2025-05-08,IM,IM2506,5945.0,6042.8,5945.0,6018.8,125065,165679,15028031.044,6015.6,5945.0
2025-05-08,IM,IM2509,5765.2,5858.0,5765.0,5830.0,23819,71644,2775643.556,5828.8,5766.4
2025-05-08,IM,IM2512,5634.6,5721.6,5630.0,5692.2,9124,24515,1038178.736,5688.4,5634.6
2025-05-09,IC,IC2505,5741.0,5751.0,5680.0,5702.4,24125,42009,2755022.14,5704.8,5751.8
2025-05-09,IC,IC2506,5656.0,5658.0,5583.0,5604.8,44378,98899,4981414.156,5605.2,5660.8
2025-05-09,IC,IC2509,5504.8,5508.8,5437.0,5455.8,10157,50380,1109890.552,5455.0,5513.2
2025-05-09,IC,IC2512,5401.4,5407.2,5334.4,5350.8,4972,16544,532950.768,5349.6,5409.6
2025-05-09,IF,IF2505,3838.8,3846.6,3826.2,3840.2,22554,40133,2596096.908,3839.2,3846.0
2025-05-09,IF,IF2506,3813.2,3815.2,3793.4,3808.6,39940,138820,4558687.794,3806.0,3815.8
2025-05-09,IF,IF2509,3756.0,3756.0,3731.4,3743.6,8861,58536,994623.786,3741.6,3755.6
2025-05-09,IF,IF2512,3721.2,3723.0,3697.0,3706.8,2208,9288,245555.79,3705.2,3722.6
2025-05-09,IH,IH2505,2675.4,2687.0,2674.8,2683.6,9178,15918,738328.128,2683.8,2680.6
2025-05-09,IH,IH2506,2659.0,2669.8,2658.0,2666.2,17832,43172,1425380.388,2666.2,2665.0
2025-05-09,IH,IH2509,2628.6,2634.4,2625.0,2632.0,2939,17798,231909.834,2632.0,2631.2
2025-05-09,IH,IH2512,2625.0,2630.4,2620.8,2627.0,792,2119,62389.818,2626.8,2627.4
2025-05-09,IM,IM2505,6112.0,6119.2,6022.2,6056.2,39573,58057,4797618.188,6057.6,6123.4
2025-05-09,IM,IM2506,6012.8,6012.8,5911.6,5945.2,124744,165673,14845821.256,5944.0,6015.6
2025-05-09,IM,IM2509,5820.0,5825.0,5729.6,5759.6,23802,73420,2745618.784,5758.8,5828.8
2025-05-09,IM,IM2512,5684.0,5687.4,5593.4,5620.8,8328,26058,937370.16,5620.0,5688.4
2025-05-12,IC,IC2505,5753.6,5791.0,5722.2,5786.0,25583,39690,2947445.408,5773.8,5704.8
2025-05-12,IC,IC2506,5658.0,5692.0,5625.0,5688.0,52449,101404,5937442.204,5673.2,5605.2
2025-05-12,IC,IC2509,5496.0,5531.2,5477.4,5524.6,12705,52048,1398226.736,5511.8,5455.0
2025-05-12,IC,IC2512,5388.2,5425.4,5372.4,5417.8,5584,18287,602863.044,5404.2,5349.6
2025-05-12,IF,IF2505,3869.2,3890.0,3853.4,3885.0,31355,42225,3642916.032,3882.6,3839.2
2025-05-12,IF,IF2506,3830.6,3858.8,3822.0,3853.0,61843,152926,7124627.904,3849.6,3806.0
2025-05-12,IF,IF2509,3759.2,3793.4,3759.2,3786.6,13346,61534,1511337.72,3783.0,3741.6
2025-05-12,IF,IF2512,3724.6,3756.4,3722.6,3749.6,3543,10741,397318.284,3746.4,3705.2
2025-05-12,IH,IH2505,2690.0,2713.0,2681.0,2703.8,13936,16772,1127958.408,2702.2,2683.8
2025-05-12,IH,IH2506,2680.2,2697.0,2665.6,2686.6,31684,50672,2549347.476,2685.4,2666.2
2025-05-12,IH,IH2509,2640.0,2663.0,2632.6,2653.2,5559,19398,441637.362,2651.6,2632.0
2025-05-12,IH,IH2512,2638.8,2659.4,2628.0,2649.0,1311,2639,103999.062,2647.8,2626.8
2025-05-12,IM,IM2505,6119.6,6153.0,6084.4,6151.6,40716,51530,4984593.32,6137.2,6057.6
2025-05-12,IM,IM2506,6002.0,6039.0,5975.2,6037.0,134023,170704,16106796.612,6022.2,5944.0
2025-05-12,IM,IM2509,5825.0,5845.2,5789.6,5843.4,29274,75460,3407770.688,5832.0,5758.8
2025-05-12,IM,IM2512,5665.8,5703.6,5647.6,5702.2,8380,27117,951803.492,5690.2,5620.0
2025-05-13,IC,IC2505,5815.2,5815.2,5754.0,5767.2,25709,32665,2969891.412,5767.2,5773.8
2025-05-13,IC,IC2506,5705.2,5717.8,5639.8,5654.6,49100,102084,5565453.272,5654.4,5673.2
2025-05-13,IC,IC2509,5556.2,5556.2,5478.4,5492.0,12904,52572,1421074.036,5490.4,5511.8
2025-05-13,IC,IC2512,5449.0,5449.0,5370.2,5382.4,5267,19375,568112.804,5379.6,5404.2
2025-05-13,IF,IF2505,3902.2,3904.8,3881.6,3892.0,24017,33454,2803267.59,3892.2,3882.6
2025-05-13,IF,IF2506,3868.0,3872.0,3842.0,3851.0,45698,143968,5283437.748,3851.4,3849.6
2025-05-13,IF,IF2509,3798.0,3803.8,3774.4,3783.2,10450,60317,1186750.758,3782.6,3783.0
2025-05-13,IF,IF2512,3774.0,3774.0,3737.6,3745.0,3075,10865,345752.394,3744.6,3746.4
2025-05-13,IH,IH2505,2711.0,2712.2,2700.4,2708.6,9974,12875,809634.228,2708.6,2702.2
2025-05-13,IH,IH2506,2691.0,2694.4,2681.2,2688.2,21914,48431,1766433.966,2688.0,2685.4
2025-05-13,IH,IH2509,2666.0,2666.0,2648.4,2654.2,4303,18624,342570.804,2654.0,2651.6
2025-05-13,IH,IH2512,2659.0,2659.0,2645.8,2651.0,896,2541,71241.846,2650.6,2647.8
2025-05-13,IM,IM2505,6160.0,6190.0,6111.2,6126.8,41265,46636,5068274.256,6126.4,6137.2
2025-05-13,IM,IM2506,6075.4,6079.6,5981.0,5996.6,132408,170058,15934063.972,5997.0,6022.2
2025-05-13,IM,IM2509,5883.0,5888.0,5790.0,5802.2,28187,75785,3283920.564,5804.0,5832.0
2025-05-13,IM,IM2512,5750.0,5750.0,5649.2,5660.0,9188,29554,1043985.364,5660.6,5690.2
2025-05-14,IC,IC2505,5770.2,5844.2,5741.0,5800.0,34192,27894,3952516.976,5786.4,5767.2
2025-05-14,IC,IC2506,5663.4,5749.2,5635.8,5697.8,72621,117024,8247631.112,5685.4,5654.4
2025-05-14,IC,IC2509,5490.0,5582.2,5469.2,5533.0,16925,55640,1865723.888,5519.8,5490.4
2025-05-14,IC,IC2512,5381.8,5488.4,5356.8,5420.4,6675,21973,720225.952,5406.8,5379.6
2025-05-14,IF,IF2505,3892.2,3965.4,3891.0,3943.0,33690,30595,3962167.386,3937.2,3892.2
2025-05-14,IF,IF2506,3852.0,3933.2,3851.2,3907.4,81957,164602,9555238.476,3901.8,3851.4
2025-05-14,IF,IF2509,3785.0,3863.4,3782.2,3841.4,18781,65479,2152395.456,3833.8,3782.6
2025-05-14,IF,IF2512,3744.8,3822.4,3741.0,3803.4,4996,12997,565723.23,3796.6,3744.6
2025-05-14,IH,IH2505,2709.0,2770.6,2709.0,2756.0,15043,14028,1234995.234,2750.2,2708.6
2025-05-14,IH,IH2506,2691.0,2754.0,2688.6,2737.6,48329,61472,3944215.29,2733.4,2688.0
2025-05-14,IH,IH2509,2654.8,2719.2,2654.4,2707.0,10349,21973,834438.216,2700.4,2654.0
2025-05-14,IH,IH2512,2650.8,2715.6,2649.4,2704.0,2516,3778,202683.972,2696.4,2650.6
2025-05-14,IM,IM2505,6138.0,6204.4,6096.0,6156.6,49231,39302,6044768.008,6141.6,6126.4
2025-05-14,IM,IM2506,6010.2,6101.8,5973.6,6043.0,189515,196475,22828820.904,6026.0,5997.0
2025-05-14,IM,IM2509,5815.2,5905.4,5779.2,5847.0,39828,82294,4641524.284,5828.8,5804.0
2025-05-14,IM,IM2512,5659.4,5757.4,5635.0,5702.0,12916,32030,1467466.94,5684.0,5660.6
2025-05-15,IC,IC2505,5785.0,5787.2,5708.0,5720.8,21933,15008,2516838.164,5719.4,5786.4
2025-05-15,IC,IC2506,5685.0,5689.8,5602.6,5623.0,58925,117015,6638524.876,5615.8,5685.4
2025-05-15,IC,IC2509,5513.0,5523.0,5437.0,5455.4,12174,54727,1331225.66,5449.8,5519.8
2025-05-15,IC,IC2512,5406.0,5410.4,5323.2,5346.8,5256,21647,562703.816,5336.6,5406.8
2025-05-15,IF,IF2505,3935.0,3938.8,3901.8,3908.2,20365,19193,2392954.584,3908.2,3937.2
2025-05-15,IF,IF2506,3896.4,3905.8,3863.4,3872.8,59965,153318,6981251.088,3871.4,3901.8
2025-05-15,IF,IF2509,3834.6,3841.0,3798.4,3808.2,15855,65235,1815292.176,3806.2,3833.8
2025-05-15,IF,IF2512,3802.4,3804.4,3762.0,3771.2,3433,12676,389139.33,3769.4,3796.6
2025-05-15,IH,IH2505,2747.0,2759.0,2734.8,2740.8,10637,7797,875726.766,2740.0,2750.2
2025-05-15,IH,IH2506,2731.2,2743.8,2716.8,2723.0,36205,56219,2961931.092,2722.6,2733.4
2025-05-15,IH,IH2509,2702.8,2713.0,2685.0,2691.2,6992,21107,565301.844,2690.6,2700.4
2025-05-15,IH,IH2512,2699.8,2709.4,2682.6,2688.2,1579,3457,127516.188,2688.0,2696.4
2025-05-15,IM,IM2505,6139.0,6143.8,6045.8,6058.2,33911,23664,4124346.892,6059.4,6141.6
2025-05-15,IM,IM2506,6026.2,6029.8,5924.4,5949.0,155023,187025,18482466.424,5943.0,6026.0
2025-05-15,IM,IM2509,5833.0,5835.0,5725.0,5750.8,32707,78852,3770184.344,5744.0,5828.8
2025-05-15,IM,IM2512,5697.4,5697.4,5578.6,5604.6,10403,32752,1168845.948,5595.6,5684.0
2025-05-16,IC,IC2505,5719.6,5739.8,5705.6,5723.6,12812,0,1466765.768,5723.01,5719.4
2025-05-16,IC,IC2506,5615.8,5641.6,5601.2,5601.8,47834,116190,5379178.064,5610.0,5615.8
2025-05-16,IC,IC2509,5451.2,5475.6,5429.6,5435.2,11804,55544,1287608.56,5439.6,5449.8
2025-05-16,IC,IC2512,5324.8,5363.2,5311.8,5318.6,6740,24548,719324.18,5322.0,5336.6
2025-05-16,IF,IF2505,3905.6,3911.4,3875.0,3886.6,12359,0,1442501.088,3887.04,3908.2
2025-05-16,IF,IF2506,3868.0,3876.8,3838.4,3846.0,55823,154933,6452204.814,3846.4,3871.4
2025-05-16,IF,IF2509,3803.8,3811.0,3772.0,3779.8,14995,68626,1704041.052,3780.4,3806.2
2025-05-16,IF,IF2512,3767.6,3775.8,3735.2,3741.4,2967,13209,333832.032,3743.0,3769.4
2025-05-16,IH,IH2505,2738.0,2743.2,2706.0,2713.8,6882,0,561455.442,2713.46,2740.0
2025-05-16,IH,IH2506,2720.0,2727.0,2687.4,2695.2,35488,54791,2874259.578,2693.4,2722.6
2025-05-16,IH,IH2509,2693.0,2695.2,2654.6,2661.6,8897,22327,711997.74,2660.0,2690.6
2025-05-16,IH,IH2512,2688.0,2691.8,2653.0,2658.2,2259,3523,180594.942,2658.4,2688.0
2025-05-16,IM,IM2505,6054.6,6102.6,6042.0,6081.4,20693,0,2515453.432,6081.5,6059.4
2025-05-16,IM,IM2506,5939.2,5992.2,5933.2,5933.8,131868,188635,15732517.684,5948.8,5943.0
2025-05-16,IM,IM2509,5749.8,5786.0,5730.0,5730.0,30839,81845,3552943.524,5741.8,5744.0
2025-05-16,IM,IM2512,5588.6,5640.2,5580.2,5580.2,11185,34874,1255246.62,5590.8,5595.6
2025-05-19,IC,IC2506,5600.0,5628.0,5548.2,5623.0,51297,118428,5735197.872,5618.2,5610.0
2025-05-19,IC,IC2507,5542.0,5555.4,5475.2,5551.8,2086,2033,230223.964,5546.6,5610.0
2025-05-19,IC,IC2509,5430.2,5442.4,5372.8,5435.2,14183,57881,1535397.272,5432.8,5439.6
2025-05-19,IC,IC2512,5326.0,5326.0,5253.8,5307.8,7169,25405,758623.224,5307.4,5322.0
2025-05-19,IF,IF2506,3840.0,3848.0,3821.8,3843.2,48882,149439,5623576.806,3841.2,3846.4
2025-05-19,IF,IF2507,3810.2,3810.4,3787.0,3803.2,2484,2396,282992.928,3800.4,3846.4
2025-05-19,IF,IF2509,3780.0,3780.0,3754.8,3774.6,14156,68714,1599789.69,3771.6,3780.4
2025-05-19,IF,IF2512,3741.6,3741.6,3715.0,3733.6,3954,14437,441932.262,3728.8,3743.0
2025-05-19,IH,IH2506,2691.0,2698.0,2679.0,2688.8,27081,51445,2182672.158,2687.4,2693.4
2025-05-19,IH,IH2507,2678.0,2678.0,2650.0,2661.8,1141,1123,91012.392,2659.0,2693.4
2025-05-19,IH,IH2509,2660.0,2664.6,2645.2,2653.2,6480,21241,515601.996,2652.0,2660.0
2025-05-19,IH,IH2512,2651.2,2662.0,2641.8,2651.4,1707,3302,135632.346,2649.0,2658.4
2025-05-19,IM,IM2506,5940.0,5976.8,5870.2,5975.4,140984,192261,16713535.24,5966.6,5948.8
2025-05-19,IM,IM2507,5845.8,5893.0,5787.2,5892.0,4126,4026,482109.484,5883.2,5948.8
2025-05-19,IM,IM2509,5731.0,5754.0,5655.0,5749.0,34550,84527,3944210.788,5741.8,5741.8
2025-05-19,IM,IM2512,5580.6,5593.2,5502.0,5589.0,12298,36935,1365296.12,5581.0,5590.8
2025-05-20,IC,IC2506,5630.2,5663.0,5596.6,5650.8,45384,112947,5110431.136,5648.2,5618.2
2025-05-20,IC,IC2507,5560.2,5586.8,5522.4,5573.4,2709,2508,300851.54,5571.8,5546.6
2025-05-20,IC,IC2509,5452.6,5465.0,5404.2,5455.0,12423,56886,1349899.456,5447.2,5432.8
2025-05-20,IC,IC2512,5312.2,5332.2,5274.6,5320.0,7162,26770,759360.988,5311.6,5307.4
2025-05-20,IF,IF2506,3847.0,3878.0,3839.4,3865.4,52572,150105,6084452.85,3864.6,3841.2
2025-05-20,IF,IF2507,3808.8,3837.8,3800.4,3825.6,2176,2719,249172.164,3825.0,3800.4
2025-05-20,IF,IF2509,3785.0,3806.4,3769.8,3795.0,13301,69475,1511016.258,3794.0,3771.6
2025-05-20,IF,IF2512,3745.0,3760.2,3725.4,3752.4,4201,15418,471648.678,3749.8,3728.8
2025-05-20,IH,IH2506,2695.8,2712.8,2691.4,2699.4,27980,51766,2266994.508,2700.2,2687.4
2025-05-20,IH,IH2507,2665.6,2681.4,2661.6,2671.0,1097,1262,87920.112,2670.6,2659.0
2025-05-20,IH,IH2509,2658.8,2676.6,2656.2,2663.6,6360,22010,508479.336,2664.6,2652.0
2025-05-20,IH,IH2512,2655.8,2672.8,2652.2,2661.0,1771,3813,141397.824,2661.2,2649.0
2025-05-20,IM,IM2506,5984.0,6028.0,5943.0,6019.4,124540,184920,14915575.332,6011.6,5966.6
2025-05-20,IM,IM2507,5894.0,5939.0,5853.2,5926.0,4184,4102,493278.824,5922.4,5883.2
2025-05-20,IM,IM2509,5755.0,5789.0,5708.4,5776.4,31382,81198,3607723.528,5768.2,5741.8
2025-05-20,IM,IM2512,5589.0,5621.0,5545.4,5607.6,13244,38797,1478820.668,5597.8,5581.0
2025-05-21,IC,IC2506,5638.2,5665.8,5628.0,5655.6,39909,111497,4509319.108,5654.4,5648.2
2025-05-21,IC,IC2507,5563.8,5588.8,5551.8,5579.4,2412,3458,268781.236,5576.6,5571.8
2025-05-21,IC,IC2509,5439.8,5464.6,5430.8,5460.8,10665,57620,1162575.904,5456.2,5447.2
2025-05-21,IC,IC2512,5304.8,5331.0,5298.0,5328.2,6283,27621,668150.536,5321.6,5311.6
2025-05-21,IF,IF2506,3865.4,3894.6,3863.8,3881.2,56306,146414,6558679.524,3881.6,3864.6
2025-05-21,IF,IF2507,3827.4,3853.8,3824.4,3840.6,2570,3836,296280.324,3840.6,3825.0
2025-05-21,IF,IF2509,3791.0,3821.0,3791.0,3809.0,15168,69200,1734057.996,3808.4,3794.0
2025-05-21,IF,IF2512,3757.8,3778.2,3750.6,3765.8,3725,15514,421018.926,3765.4,3749.8
2025-05-21,IH,IH2506,2701.2,2724.2,2699.6,2712.6,27164,50924,2211758.622,2712.8,2700.2
2025-05-21,IH,IH2507,2671.0,2693.2,2671.0,2682.4,1397,1679,112507.962,2682.0,2670.6
2025-05-21,IH,IH2509,2668.8,2686.6,2664.2,2676.2,6403,21313,514232.526,2675.4,2664.6
2025-05-21,IH,IH2512,2667.0,2682.4,2662.0,2672.4,1490,3725,119488.56,2670.8,2661.2
2025-05-21,IM,IM2506,6009.0,6018.0,5974.0,6000.6,111291,180860,13346719.268,5998.6,6011.6
2025-05-21,IM,IM2507,5919.0,5924.6,5883.8,5909.4,3432,5352,405386.66,5909.0,5922.4
2025-05-21,IM,IM2509,5764.8,5770.0,5733.0,5758.0,25475,81560,2931355.948,5755.0,5768.2
2025-05-21,IM,IM2512,5600.0,5603.4,5565.0,5591.0,10480,38902,1170408.564,5586.8,5597.8
2025-05-22,IC,IC2506,5650.4,5686.6,5598.0,5614.8,53832,116140,6057754.52,5615.4,5654.4
2025-05-22,IC,IC2507,5569.0,5594.0,5520.6,5538.0,3490,4548,387381.828,5539.8,5576.6
2025-05-22,IC,IC2509,5445.2,5474.8,5402.2,5426.2,13088,58432,1421426.12,5422.0,5456.2
2025-05-22,IC,IC2512,5316.0,5342.0,5270.4,5299.4,7206,28644,763382.076,5294.0,5321.6
2025-05-22,IF,IF2506,3878.0,3889.8,3864.0,3879.6,52835,143884,6147406.53,3880.4,3881.6
2025-05-22,IF,IF2507,3839.0,3847.8,3823.2,3841.2,2459,4367,283080.18,3839.2,3840.6
2025-05-22,IF,IF2509,3802.2,3814.8,3791.6,3807.6,13300,69270,1517734.53,3807.4,3808.4
2025-05-22,IF,IF2512,3765.0,3771.2,3748.2,3763.2,3531,15638,398364.294,3764.6,3765.4
2025-05-22,IH,IH2506,2709.8,2722.0,2699.0,2715.4,28918,51342,2352520.38,2715.2,2712.8
2025-05-22,IH,IH2507,2679.0,2689.4,2668.2,2685.0,1001,1565,80519.088,2684.0,2682.0
2025-05-22,IH,IH2509,2673.0,2683.4,2661.8,2677.2,5988,21559,480362.574,2677.6,2675.4
2025-05-22,IH,IH2512,2671.0,2678.8,2657.6,2671.2,1511,3992,121069.872,2674.2,2670.8
2025-05-22,IM,IM2506,5986.0,6037.8,5930.0,5950.0,148619,195203,17742710.568,5949.2,5998.6
2025-05-22,IM,IM2507,5899.6,5945.6,5840.0,5859.4,4685,6653,550782.796,5858.8,5909.0
2025-05-22,IM,IM2509,5740.0,5786.8,5687.0,5708.2,35004,86126,4006596.36,5706.8,5755.0
2025-05-22,IM,IM2512,5570.8,5620.4,5520.4,5541.6,14611,42558,1623044.868,5540.2,5586.8
2025-05-23,IC,IC2506,5608.0,5664.8,5557.0,5561.8,67871,118330,7618239.54,5576.4,5615.4
2025-05-23,IC,IC2507,5539.8,5589.0,5482.8,5487.0,4310,5966,477367.512,5501.0,5539.8
2025-05-23,IC,IC2509,5423.0,5473.4,5371.6,5377.6,17344,60805,1880585.356,5390.2,5422.0
2025-05-23,IC,IC2512,5294.0,5345.0,5245.8,5253.2,9299,30911,984857.784,5265.2,5294.0
2025-05-23,IF,IF2506,3875.2,3904.8,3846.0,3846.2,78281,152612,9105287.964,3854.6,3880.4
2025-05-23,IF,IF2507,3838.4,3863.8,3805.8,3808.8,4306,6993,495584.784,3814.2,3839.2
2025-05-23,IF,IF2509,3807.0,3831.4,3773.8,3777.8,22249,74373,2538113.358,3783.8,3807.4
2025-05-23,IF,IF2512,3762.8,3788.0,3733.2,3736.0,5281,17165,596068.74,3743.2,3764.6
2025-05-23,IH,IH2506,2714.0,2727.0,2690.4,2693.0,39517,56417,3213197.652,2696.8,2715.2
2025-05-23,IH,IH2507,2684.2,2696.4,2659.4,2664.8,1718,2184,138071.34,2665.0,2684.0
2025-05-23,IH,IH2509,2675.0,2689.6,2652.4,2655.6,8596,22777,688825.188,2659.2,2677.6
2025-05-23,IH,IH2512,2669.0,2685.8,2649.0,2653.8,1973,4153,157931.01,2655.8,2674.2
2025-05-23,IM,IM2506,5949.0,5998.0,5871.0,5872.0,167101,194014,19846785.764,5896.2,5949.2
2025-05-23,IM,IM2507,5860.0,5905.6,5780.0,5780.0,7237,9168,846057.648,5804.0,5858.8
2025-05-23,IM,IM2509,5711.6,5751.0,5633.6,5633.8,42159,87590,4802311.104,5657.0,5706.8
2025-05-23,IM,IM2512,5530.0,5584.0,5467.4,5468.2,17278,45088,1911835.132,5492.4,5540.2
2025-05-26,IC,IC2506,5561.8,5622.0,5560.0,5594.6,56454,110791,6312149.668,5591.6,5576.4
2025-05-26,IC,IC2507,5487.0,5545.4,5485.2,5515.6,3663,6197,403983.776,5515.4,5501.0
2025-05-26,IC,IC2509,5390.6,5426.0,5367.4,5400.0,15526,60264,1675323.836,5396.2,5390.2
2025-05-26,IC,IC2512,5261.6,5296.2,5237.8,5271.8,7944,31688,836929.568,5266.4,5265.2
2025-05-26,IF,IF2506,3846.2,3856.8,3817.4,3831.2,62863,138782,7233890.574,3828.6,3854.6
2025-05-26,IF,IF2507,3805.6,3816.6,3778.0,3791.8,3024,7154,344308.662,3789.4,3814.2
2025-05-26,IF,IF2509,3777.8,3784.6,3746.6,3761.8,16903,72672,1909135.614,3758.2,3783.8
2025-05-26,IF,IF2512,3735.8,3742.8,3706.2,3720.6,3956,17017,442091.16,3717.8,3743.2
2025-05-26,IH,IH2506,2690.4,2705.4,2675.0,2684.4,34244,51685,2762718.294,2682.4,2696.8
2025-05-26,IH,IH2507,2662.0,2673.8,2644.2,2652.2,1584,1894,126370.092,2650.8,2665.0
2025-05-26,IH,IH2509,2650.0,2667.2,2637.2,2646.2,8678,22627,690305.262,2644.2,2659.2
2025-05-26,IH,IH2512,2651.0,2666.0,2635.0,2644.2,1612,4184,128069.202,2641.6,2655.8
2025-05-26,IM,IM2506,5880.0,5941.4,5871.0,5925.0,133893,181503,15827248.004,5921.2,5896.2
2025-05-26,IM,IM2507,5780.0,5845.8,5779.4,5833.4,6181,9249,718824.596,5827.4,5804.0
2025-05-26,IM,IM2509,5651.8,5689.8,5620.2,5669.8,32559,84096,3686155.956,5667.2,5657.0
2025-05-26,IM,IM2512,5478.4,5520.2,5455.0,5495.0,12771,43846,1402488.284,5493.2,5492.4
2025-05-27,IC,IC2506,5591.4,5599.8,5545.2,5578.0,52001,109673,5792721.612,5582.6,5591.6
2025-05-27,IC,IC2507,5512.4,5524.4,5471.4,5503.4,3492,7194,383697.112,5506.8,5515.4
2025-05-27,IC,IC2509,5385.0,5407.8,5350.6,5388.4,12842,60345,1380731.724,5390.6,5396.2
2025-05-27,IC,IC2512,5262.0,5279.4,5220.0,5261.0,6654,32655,698123.056,5261.6,5266.4
2025-05-27,IF,IF2506,3828.2,3834.6,3802.0,3809.2,54529,140116,6243817.308,3812.8,3828.6
2025-05-27,IF,IF2507,3792.4,3794.2,3764.0,3771.4,3656,8864,414421.878,3774.4,3789.4
2025-05-27,IF,IF2509,3761.0,3763.0,3732.0,3740.0,14045,74480,1578463.008,3743.2,3758.2
2025-05-27,IF,IF2512,3727.0,3727.0,3693.4,3707.2,3544,17535,394091.67,3703.8,3717.8
2025-05-27,IH,IH2506,2684.0,2691.0,2666.0,2668.6,28167,51671,2262315.222,2671.0,2682.4
2025-05-27,IH,IH2507,2653.0,2658.8,2634.4,2638.6,1886,2636,149689.836,2640.0,2650.8
2025-05-27,IH,IH2509,2645.0,2653.0,2628.6,2632.0,7361,23516,582922.494,2633.8,2644.2
2025-05-27,IH,IH2512,2647.8,2650.6,2626.4,2629.2,1701,4156,134601.894,2631.2,2641.6
2025-05-27,IM,IM2506,5918.0,5936.0,5861.2,5915.0,140778,186517,16603735.648,5918.0,5921.2
2025-05-27,IM,IM2507,5816.2,5842.6,5769.4,5823.4,6230,10859,723242.744,5824.2,5827.4
2025-05-27,IM,IM2509,5658.0,5685.4,5606.0,5666.8,34062,85500,3846009.748,5668.0,5667.2
2025-05-27,IM,IM2512,5481.4,5508.0,5431.0,5487.0,13993,46158,1530331.784,5490.0,5493.2
2025-05-28,IC,IC2506,5587.2,5596.0,5549.0,5568.0,42102,104395,4687166.344,5563.6,5582.6
2025-05-28,IC,IC2507,5506.8,5521.6,5475.2,5494.2,3310,7675,363578.736,5489.8,5506.8
2025-05-28,IC,IC2509,5403.4,5404.6,5363.6,5383.4,11259,59902,1211266.324,5378.2,5390.6
2025-05-28,IC,IC2512,5268.8,5277.2,5233.4,5261.4,5494,32315,577037.788,5253.6,5261.6
2025-05-28,IF,IF2506,3815.0,3821.6,3800.6,3805.0,45973,129593,5254196.04,3806.8,3812.8
2025-05-28,IF,IF2507,3776.4,3782.0,3762.6,3766.2,2954,9090,334130.7,3768.2,3774.4
2025-05-28,IF,IF2509,3746.2,3750.4,3731.0,3735.2,13469,75559,1510766.964,3736.6,3743.2
2025-05-28,IF,IF2512,3715.0,3715.0,3691.2,3696.8,3082,17594,342117.354,3697.8,3703.8
2025-05-28,IH,IH2506,2673.0,2674.6,2662.4,2665.4,21699,47109,1736944.836,2667.0,2671.0
2025-05-28,IH,IH2507,2645.0,2645.0,2631.0,2635.0,1210,2430,95724.042,2636.0,2640.0
2025-05-28,IH,IH2509,2636.6,2637.0,2625.0,2629.0,5560,22839,438808.86,2629.6,2633.8
2025-05-28,IH,IH2512,2629.8,2635.0,2623.0,2626.0,1171,4143,92357.826,2627.4,2631.2
2025-05-28,IM,IM2506,5925.0,5944.8,5873.6,5899.0,120232,175258,14186425.448,5892.6,5918.0
2025-05-28,IM,IM2507,5829.8,5851.4,5783.0,5809.2,5599,11259,650340.352,5801.2,5824.2
2025-05-28,IM,IM2509,5675.0,5692.0,5628.2,5655.0,27785,84794,3140264.772,5645.8,5668.0
2025-05-28,IM,IM2512,5493.4,5516.4,5456.4,5481.2,11311,45731,1238673.356,5473.8,5490.0
2025-05-29,IC,IC2506,5585.0,5685.2,5572.0,5668.6,68773,112167,7762509.656,5662.4,5563.6
2025-05-29,IC,IC2507,5495.0,5617.4,5495.0,5598.8,5710,9734,636744.0,5593.0,5489.8
2025-05-29,IC,IC2509,5386.6,5518.4,5386.6,5492.8,21846,64612,2390751.124,5486.4,5378.2
2025-05-29,IC,IC2512,5265.0,5407.8,5262.4,5373.2,9944,34568,1065336.64,5365.0,5253.6
2025-05-29,IF,IF2506,3814.6,3853.6,3803.0,3832.8,70602,136268,8118335.382,3835.4,3806.8
2025-05-29,IF,IF2507,3773.8,3816.2,3764.2,3797.6,5164,11354,588337.284,3798.4,3768.2
2025-05-29,IF,IF2509,3739.8,3789.6,3733.4,3767.2,21416,80834,2420258.112,3768.6,3736.6
2025-05-29,IF,IF2512,3705.0,3753.2,3694.4,3732.8,4972,18896,556322.286,3732.6,3697.8
2025-05-29,IH,IH2506,2672.2,2692.6,2660.6,2673.6,37631,54235,3023343.876,2676.0,2667.0
2025-05-29,IH,IH2507,2637.4,2661.8,2629.4,2644.0,2092,3081,166113.114,2645.8,2636.0
2025-05-29,IH,IH2509,2634.4,2657.8,2624.0,2639.2,9684,24859,767713.914,2640.8,2629.6
2025-05-29,IH,IH2512,2629.0,2656.6,2622.0,2639.4,2311,4810,183226.41,2640.8,2627.4
2025-05-29,IM,IM2506,5914.8,6031.4,5906.0,6031.0,166397,187832,19922561.444,6019.0,5892.6
2025-05-29,IM,IM2507,5815.4,5941.8,5815.4,5941.8,7856,13902,927101.912,5928.8,5801.2
2025-05-29,IM,IM2509,5665.8,5791.0,5658.0,5785.2,50589,93417,5811622.856,5774.2,5645.8
2025-05-29,IM,IM2512,5485.0,5638.4,5485.0,5618.0,21657,49439,2419645.972,5607.6,5473.8
2025-05-30,IC,IC2506,5641.8,5645.0,5590.2,5627.8,53557,101945,6013764.78,5619.8,5662.4
2025-05-30,IC,IC2507,5598.2,5598.2,5521.8,5559.4,3500,9107,388349.248,5551.6,5593.0
2025-05-30,IC,IC2509,5466.0,5466.0,5414.0,5452.0,15269,62532,1660636.172,5443.2,5486.4
2025-05-30,IC,IC2512,5347.0,5348.0,5290.0,5332.4,6144,33814,653063.204,5322.2,5365.0
2025-05-30,IF,IF2506,3825.0,3830.8,3792.0,3822.4,63806,122449,7296194.058,3820.6,3835.4
2025-05-30,IF,IF2507,3789.8,3793.6,3755.8,3785.6,4807,11752,544135.446,3782.6,3798.4
2025-05-30,IF,IF2509,3760.6,3763.0,3724.4,3752.0,16576,78268,1861594.968,3750.4,3768.6
2025-05-30,IF,IF2512,3724.2,3726.0,3687.4,3715.2,3855,18255,428573.742,3713.0,3732.6
2025-05-30,IH,IH2506,2671.0,2678.4,2644.2,2667.2,36536,49121,2916375.648,2667.2,2676.0
2025-05-30,IH,IH2507,2641.6,2647.4,2613.4,2633.2,2070,3117,163347.336,2636.0,2645.8
2025-05-30,IH,IH2509,2633.6,2642.0,2608.6,2629.6,8742,23301,688323.492,2630.4,2640.8
2025-05-30,IH,IH2512,2639.0,2642.2,2607.8,2628.4,2017,4475,158787.048,2630.2,2640.8
2025-05-30,IM,IM2506,6001.2,6004.2,5932.0,5966.0,130165,168201,15513936.428,5957.4,6019.0
2025-05-30,IM,IM2507,5930.6,5930.6,5843.0,5877.2,6366,13933,747421.472,5868.4,5928.8
2025-05-30,IM,IM2509,5750.0,5759.6,5688.4,5719.8,36342,87400,4153236.3,5710.4,5774.2
2025-05-30,IM,IM2512,5591.0,5593.4,5519.0,5551.2,14735,48400,1633879.336,5541.8,5607.6
2025-06-03,IC,IC2506,5618.0,5670.8,5603.2,5638.4,46453,104981,5241326.792,5646.0,5619.8
2025-06-03,IC,IC2507,5540.0,5601.4,5532.2,5567.8,3400,9870,378904.908,5575.6,5551.6
2025-06-03,IC,IC2509,5425.2,5491.8,5425.0,5455.2,12929,64092,1411936.436,5462.8,5443.2
2025-06-03,IC,IC2512,5312.8,5366.6,5302.2,5328.8,6598,34712,704003.808,5334.4,5322.2
2025-06-03,IF,IF2506,3815.8,3841.4,3808.2,3824.8,52960,123878,6077252.94,3826.8,3820.6
2025-06-03,IF,IF2507,3775.0,3802.6,3771.2,3787.6,4358,13354,495140.136,3788.4,3782.6
2025-06-03,IF,IF2509,3743.8,3769.0,3739.2,3751.8,14298,79932,1610328.312,3755.6,3750.4
2025-06-03,IF,IF2512,3705.0,3730.8,3701.4,3716.0,3576,19028,398689.83,3718.2,3713.0
2025-06-03,IH,IH2506,2661.8,2681.4,2653.6,2668.6,29234,49619,2340061.842,2669.4,2667.2
2025-06-03,IH,IH2507,2629.0,2650.0,2623.6,2638.0,1711,3389,135377.592,2639.0,2636.0
2025-06-03,IH,IH2509,2624.0,2644.0,2617.6,2632.8,7469,24275,589670.838,2633.4,2630.4
2025-06-03,IH,IH2512,2622.0,2644.2,2618.2,2633.6,1655,4594,130686.294,2633.2,2630.2
2025-06-03,IM,IM2506,5951.0,6027.0,5940.8,5998.0,112727,169461,13524338.88,6004.8,5957.4
2025-06-03,IM,IM2507,5860.0,5937.6,5848.8,5909.8,5932,14756,700817.872,5911.8,5868.4
2025-06-03,IM,IM2509,5708.2,5776.8,5694.0,5745.0,32898,88249,3781231.98,5751.8,5710.4
2025-06-03,IM,IM2512,5525.4,5601.0,5522.4,5569.2,12930,48656,1440541.32,5572.0,5541.8
2025-06-04,IC,IC2506,5643.8,5706.0,5641.4,5688.8,38714,98287,4398632.6,5688.8,5646.0
2025-06-04,IC,IC2507,5577.6,5635.8,5573.6,5619.0,3037,9966,340828.912,5619.2,5575.6
2025-06-04,IC,IC2509,5453.2,5518.0,5453.2,5500.4,11550,63498,1269320.468,5500.4,5462.8
2025-06-04,IC,IC2512,5339.8,5387.4,5332.8,5371.6,4789,34625,513921.604,5370.6,5334.4
2025-06-04,IF,IF2506,3829.6,3855.6,3827.2,3842.4,47487,116411,5476880.328,3843.8,3826.8
2025-06-04,IF,IF2507,3789.0,3818.0,3789.0,3803.2,3641,13559,415789.188,3805.0,3788.4
2025-06-04,IF,IF2509,3755.0,3782.2,3755.0,3769.4,14710,80180,1664314.08,3770.2,3755.6
2025-06-04,IF,IF2512,3722.0,3743.0,3719.4,3730.2,3986,19298,446376.048,3731.6,3718.2
2025-06-04,IH,IH2506,2668.2,2685.0,2667.0,2673.6,22289,47017,1789885.668,2674.4,2669.4
2025-06-04,IH,IH2507,2638.2,2653.6,2637.8,2643.4,1526,3383,121130.424,2644.0,2639.0
2025-06-04,IH,IH2509,2628.2,2648.0,2628.2,2637.4,6687,23701,529663.5,2638.0,2633.4
2025-06-04,IH,IH2512,2633.0,2647.4,2632.6,2637.6,1405,4705,111275.694,2638.2,2633.2
2025-06-04,IM,IM2506,6007.6,6067.0,5992.0,6054.0,100779,161713,12176092.372,6051.8,6004.8
2025-06-04,IM,IM2507,5915.0,5975.2,5901.2,5962.8,6346,15374,755157.772,5959.4,5911.8
2025-06-04,IM,IM2509,5749.8,5810.8,5739.8,5796.6,32368,89186,3744270.032,5793.8,5751.8
2025-06-04,IM,IM2512,5569.0,5633.0,5560.2,5616.0,12012,49216,1346705.456,5613.4,5572.0
2025-06-05,IC,IC2506,5690.0,5741.0,5671.0,5723.6,43186,100210,4926204.172,5726.4,5688.8
2025-06-05,IC,IC2507,5619.2,5668.6,5601.0,5651.6,3403,10959,383309.372,5653.8,5619.2
2025-06-05,IC,IC2509,5499.4,5547.2,5482.4,5530.6,12723,64713,1402438.3,5531.6,5500.4
2025-06-05,IC,IC2512,5379.6,5415.0,5353.0,5399.0,5687,35851,612163.952,5399.2,5370.6
2025-06-05,IF,IF2506,3848.0,3865.0,3835.0,3852.0,49359,116859,5697382.458,3856.0,3843.8
2025-06-05,IF,IF2507,3808.2,3826.2,3796.4,3813.2,3309,14077,378098.898,3817.2,3805.0
2025-06-05,IF,IF2509,3772.4,3789.0,3761.4,3776.0,13900,80891,1573025.688,3779.6,3770.2
2025-06-05,IF,IF2512,3737.0,3750.0,3722.6,3738.6,3202,19587,358638.888,3740.8,3731.6
2025-06-05,IH,IH2506,2675.8,2681.4,2664.2,2674.0,26100,47574,2092825.602,2676.0,2674.4
2025-06-05,IH,IH2507,2647.0,2651.0,2634.6,2643.0,2133,3847,169115.544,2645.0,2644.0
2025-06-05,IH,IH2509,2642.0,2644.8,2628.8,2637.8,7998,24810,632511.492,2638.6,2638.0
2025-06-05,IH,IH2512,2641.2,2645.0,2628.2,2636.0,1851,5120,146358.714,2637.2,2638.2
2025-06-05,IM,IM2506,6060.0,6119.0,6030.0,6101.6,118336,166975,14363239.532,6100.8,6051.8
2025-06-05,IM,IM2507,5979.0,6026.0,5938.8,6008.8,7976,17522,953373.76,6007.2,5959.4
2025-06-05,IM,IM2509,5804.8,5857.6,5771.4,5841.0,39538,93401,4593086.472,5838.0,5793.8
2025-06-05,IM,IM2512,5626.8,5673.6,5593.2,5657.6,14534,51594,1635657.28,5654.6,5613.4
2025-06-06,IC,IC2506,5725.0,5734.6,5708.0,5725.4,34070,94713,3896423.12,5720.6,5726.4
2025-06-06,IC,IC2507,5651.6,5661.8,5635.6,5655.0,4626,12782,522316.648,5647.2,5653.8
2025-06-06,IC,IC2509,5540.0,5540.8,5518.0,5535.2,10324,64692,1141302.704,5530.4,5531.6
2025-06-06,IC,IC2512,5405.0,5415.0,5386.2,5407.8,4615,35705,498250.8,5400.8,5399.2
2025-06-06,IF,IF2506,3857.0,3870.4,3846.8,3855.4,43521,110984,5033111.946,3853.8,3856.0
2025-06-06,IF,IF2507,3821.0,3831.4,3809.8,3818.0,4833,15872,553402.566,3816.4,3817.2
2025-06-06,IF,IF2509,3780.8,3794.2,3773.0,3783.4,12461,80768,1413325.152,3781.0,3779.6
2025-06-06,IF,IF2512,3743.8,3755.2,3735.8,3746.0,3195,19947,358754.904,3743.8,3740.8
2025-06-06,IH,IH2506,2678.0,2688.4,2668.4,2673.6,23950,44741,1922361.132,2672.8,2676.0
2025-06-06,IH,IH2507,2649.0,2656.0,2638.0,2642.8,1733,4030,137477.13,2641.0,2645.0
2025-06-06,IH,IH2509,2640.0,2651.0,2632.0,2636.4,7813,24689,618466.08,2635.4,2638.6
2025-06-06,IH,IH2512,2642.0,2649.6,2631.2,2635.4,1388,4984,109832.556,2635.0,2637.2
2025-06-06,IM,IM2506,6095.0,6114.6,6077.2,6100.2,88977,154557,10840858.548,6094.2,6100.8
2025-06-06,IM,IM2507,6009.6,6021.0,5985.8,6006.2,7173,17977,860696.064,6000.8,6007.2
2025-06-06,IM,IM2509,5841.4,5850.8,5820.2,5840.8,29244,91463,3411606.612,5835.4,5838.0
2025-06-06,IM,IM2512,5651.2,5668.8,5640.0,5661.0,9777,50606,1105445.772,5656.6,5654.6
2025-06-09,IC,IC2506,5739.8,5801.0,5729.8,5766.4,46713,99590,5391845.084,5768.8,5720.6
2025-06-09,IC,IC2507,5670.2,5730.6,5658.8,5696.0,6273,15198,715184.528,5698.0,5647.2
2025-06-09,IC,IC2509,5546.8,5618.4,5539.8,5584.6,17219,69152,1924351.004,5587.8,5530.4
2025-06-09,IC,IC2512,5430.0,5493.8,5410.6,5460.4,6177,36688,674859.872,5462.0,5400.8
2025-06-09,IF,IF2506,3862.0,3883.6,3855.2,3867.8,57026,119577,6619361.316,3867.8,3853.8
2025-06-09,IF,IF2507,3830.6,3846.8,3818.6,3832.2,5657,17126,650234.988,3831.4,3816.4
2025-06-09,IF,IF2509,3790.0,3813.2,3783.4,3802.4,20257,84529,2309751.15,3801.2,3781.0
2025-06-09,IF,IF2512,3754.8,3779.6,3748.0,3770.0,5253,21490,593534.544,3768.6,3743.8
2025-06-09,IH,IH2506,2676.8,2689.6,2665.6,2676.6,30458,47436,2446550.616,2674.2,2672.8
2025-06-09,IH,IH2507,2645.8,2657.6,2634.6,2646.0,2039,4471,161890.056,2643.2,2641.0
2025-06-09,IH,IH2509,2639.8,2653.2,2631.0,2641.4,10366,27244,821663.418,2639.2,2635.4
2025-06-09,IH,IH2512,2639.2,2652.6,2632.2,2642.6,1498,5269,118719.936,2640.2,2635.0
2025-06-09,IM,IM2506,6120.0,6191.2,6108.0,6167.8,105988,156512,13058895.832,6169.0,6094.2
2025-06-09,IM,IM2507,6037.0,6099.2,6015.0,6076.6,8567,20088,1040058.748,6077.0,6000.8
2025-06-09,IM,IM2509,5851.0,5938.6,5846.8,5912.6,42021,95198,4962826.516,5914.8,5835.4
2025-06-09,IM,IM2512,5675.0,5763.0,5668.4,5735.2,15657,52746,1794510.408,5739.6,5656.6
2025-06-10,IC,IC2506,5766.0,5774.0,5685.6,5718.2,52147,93852,5977044.348,5718.4,5768.8
2025-06-10,IC,IC2507,5707.2,5707.2,5617.0,5648.8,8426,18713,954056.98,5646.4,5698.0
2025-06-10,IC,IC2509,5586.8,5592.2,5506.6,5535.4,17768,67870,1972503.7,5536.0,5587.8
2025-06-10,IC,IC2512,5466.2,5468.8,5385.0,5410.2,7783,38650,844903.656,5412.2,5462.0
2025-06-10,IF,IF2506,3870.0,3878.8,3830.0,3841.0,64495,112083,7459193.514,3844.4,3867.8
2025-06-10,IF,IF2507,3835.0,3841.8,3793.0,3804.2,6067,18803,695513.238,3806.2,3831.4
2025-06-10,IF,IF2509,3802.0,3811.0,3763.8,3773.8,22113,85357,2512455.642,3776.8,3801.2
2025-06-10,IF,IF2512,3770.0,3781.2,3735.0,3745.2,6300,22638,710649.612,3747.6,3768.6
2025-06-10,IH,IH2506,2676.0,2686.8,2653.2,2660.0,38481,46099,3082815.168,2661.4,2674.2
2025-06-10,IH,IH2507,2653.2,2655.4,2622.8,2629.0,3031,5295,240063.222,2630.8,2643.2
2025-06-10,IH,IH2509,2645.0,2650.2,2618.8,2623.2,12834,27504,1014443.364,2625.0,2639.2
2025-06-10,IH,IH2512,2644.8,2650.0,2619.0,2624.2,2493,5567,197147.598,2625.4,2640.2
2025-06-10,IM,IM2506,6170.0,6174.0,6062.0,6113.8,132573,158926,16222380.86,6105.6,6169.0
2025-06-10,IM,IM2507,6078.0,6082.6,5974.2,6020.0,12185,23954,1469064.836,6015.0,6077.0
2025-06-10,IM,IM2509,5919.8,5920.0,5810.0,5855.6,50857,100188,5963425.676,5849.6,5914.8
2025-06-10,IM,IM2512,5749.6,5749.6,5638.6,5680.4,17144,55059,1950836.036,5674.4,5739.6
2025-06-11,IC,IC2506,5729.2,5800.0,5725.2,5761.2,47295,89802,5460432.244,5768.0,5718.4
2025-06-11,IC,IC2507,5665.8,5728.6,5653.6,5687.6,9613,21332,1095657.8,5694.8,5646.4
2025-06-11,IC,IC2509,5545.0,5624.8,5543.6,5578.4,16780,68931,1877244.676,5586.2,5536.0
2025-06-11,IC,IC2512,5415.4,5501.6,5415.4,5453.4,6852,38992,749504.74,5462.2,5412.2
2025-06-11,IF,IF2506,3848.8,3902.6,3848.6,3878.8,69002,115340,8038442.352,3881.4,3844.4
2025-06-11,IF,IF2507,3819.2,3863.8,3813.6,3839.4,10407,22692,1200028.584,3841.2,3806.2
2025-06-11,IF,IF2509,3778.2,3834.2,3778.2,3812.2,25538,88500,2923464.63,3815.0,3776.8
2025-06-11,IF,IF2512,3753.2,3807.4,3752.4,3785.8,7178,24617,815793.186,3787.0,3747.6
2025-06-11,IH,IH2506,2662.6,2697.4,2662.2,2682.4,35407,44558,2850068.952,2681.6,2661.4
2025-06-11,IH,IH2507,2632.4,2666.4,2631.8,2650.0,4032,6179,320839.11,2650.2,2630.8
2025-06-11,IH,IH2509,2623.2,2660.0,2623.2,2644.0,12253,27828,972700.512,2645.0,2625.0
2025-06-11,IH,IH2512,2628.0,2659.8,2626.2,2645.6,2281,5438,181064.826,2645.2,2625.4
2025-06-11,IM,IM2506,6124.6,6196.6,6122.4,6144.0,112327,144803,13840698.212,6152.0,6105.6
2025-06-11,IM,IM2507,6029.8,6102.4,6029.8,6051.2,14054,27098,1705528.592,6058.2,6015.0
2025-06-11,IM,IM2509,5864.6,5945.0,5864.6,5887.4,43406,97936,5127475.088,5896.4,5849.6
2025-06-11,IM,IM2512,5686.8,5772.0,5686.8,5714.4,14896,54749,1708251.412,5722.6,5674.4
2025-06-12,IC,IC2506,5752.8,5787.6,5731.4,5780.0,40513,84586,4673734.172,5777.0,5768.0
2025-06-12,IC,IC2507,5667.6,5709.4,5658.0,5700.4,7766,23892,884138.7,5699.0,5694.8
2025-06-12,IC,IC2509,5567.2,5599.4,5548.2,5593.0,13694,67960,1528739.384,5589.0,5586.2
2025-06-12,IC,IC2512,5444.8,5473.4,5424.0,5466.4,5735,39968,625928.052,5462.2,5462.2
2025-06-12,IF,IF2506,3870.2,3889.8,3854.2,3883.6,51953,102508,6039772.242,3881.6,3881.4
2025-06-12,IF,IF2507,3836.4,3847.4,3814.6,3841.6,6497,22652,747442.554,3837.8,3841.2
2025-06-12,IF,IF2509,3805.0,3820.8,3788.0,3812.2,19525,85009,2229975.87,3810.2,3815.0
2025-06-12,IF,IF2512,3775.0,3790.6,3761.6,3781.2,5959,25402,675480.234,3779.0,3787.0
2025-06-12,IH,IH2506,2670.0,2687.8,2660.2,2682.2,30227,42917,2426912.928,2682.2,2681.6
2025-06-12,IH,IH2507,2643.6,2653.8,2629.0,2646.0,4164,7031,330194.928,2646.2,2650.2
2025-06-12,IH,IH2509,2640.0,2648.8,2624.8,2639.8,9734,27389,770339.406,2640.6,2645.0
2025-06-12,IH,IH2512,2640.2,2647.8,2624.2,2639.6,1620,5528,128174.076,2640.2,2645.2
2025-06-12,IM,IM2506,6122.6,6174.6,6103.2,6156.8,99982,142864,12294041.36,6152.8,6152.0
2025-06-12,IM,IM2507,6044.6,6077.0,6008.2,6059.8,10805,28509,1307861.832,6055.4,6058.2
2025-06-12,IM,IM2509,5871.0,5909.8,5842.0,5896.6,35774,98695,4211508.84,5890.8,5896.4
2025-06-12,IM,IM2512,5700.2,5733.2,5671.0,5719.4,12429,56525,1419596.396,5713.2,5722.6
2025-06-13,IC,IC2506,5770.0,5774.0,5705.0,5729.0,53130,81891,6091432.592,5729.8,5777.0
2025-06-13,IC,IC2507,5692.2,5697.4,5630.4,5648.8,9722,26603,1099306.152,5653.2,5699.0
2025-06-13,IC,IC2509,5566.0,5588.4,5523.4,5542.0,18925,71902,2099432.3,5544.0,5589.0
2025-06-13,IC,IC2512,5448.0,5461.4,5397.0,5419.2,5908,40444,640335.676,5417.8,5462.2
2025-06-13,IF,IF2506,3874.0,3878.0,3840.2,3856.4,60941,104348,7049882.19,3855.2,3881.6
2025-06-13,IF,IF2507,3827.0,3834.0,3797.4,3813.0,9225,26566,1055160.594,3811.8,3837.8
2025-06-13,IF,IF2509,3805.0,3807.0,3771.0,3784.0,24168,92383,2744702.19,3783.0,3810.2
2025-06-13,IF,IF2512,3769.8,3774.8,3741.4,3752.4,6331,27030,712979.634,3751.6,3779.0
2025-06-13,IH,IH2506,2678.4,2681.0,2655.2,2665.2,32980,44411,2638073.526,2665.6,2682.2
2025-06-13,IH,IH2507,2636.2,2645.6,2619.8,2626.0,5086,8839,401063.244,2626.0,2646.2
2025-06-13,IH,IH2509,2636.0,2639.4,2615.2,2620.2,11245,28966,885341.766,2620.6,2640.6
2025-06-13,IH,IH2512,2636.2,2638.6,2615.0,2616.2,2435,5881,191666.82,2619.6,2640.2
2025-06-13,IM,IM2506,6127.0,6149.8,6060.0,6084.2,119917,141736,14615680.832,6083.6,6152.8
2025-06-13,IM,IM2507,6050.0,6053.8,5964.4,5989.0,15538,33689,1863079.128,5987.0,6055.4
2025-06-13,IM,IM2509,5870.6,5889.0,5802.8,5826.2,47388,103234,5529878.924,5825.6,5890.8
2025-06-13,IM,IM2512,5690.0,5710.0,5625.0,5650.0,15181,58385,1717476.912,5648.2,5713.2
2025-06-16,IC,IC2506,5724.0,5773.4,5718.4,5756.2,47548,69823,5474016.628,5760.2,5729.8
2025-06-16,IC,IC2507,5646.8,5696.2,5641.6,5688.2,12120,32071,1377654.24,5688.2,5653.2
2025-06-16,IC,IC2509,5530.0,5590.4,5530.0,5582.0,19537,74281,2178792.64,5583.0,5544.0
2025-06-16,IC,IC2512,5409.6,5463.4,5402.0,5457.6,7218,41728,786772.688,5457.0,5417.8
2025-06-16,IF,IF2506,3848.0,3874.4,3847.6,3869.8,57349,83317,6645537.864,3869.0,3855.2
2025-06-16,IF,IF2507,3809.4,3832.6,3804.0,3828.8,12887,30599,1477198.326,3827.4,3811.8
2025-06-16,IF,IF2509,3775.0,3803.8,3774.8,3801.0,26235,94653,2984453.118,3799.4,3783.0
2025-06-16,IF,IF2512,3740.0,3771.8,3740.0,3768.8,5714,28044,644717.022,3767.2,3751.6
2025-06-16,IH,IH2506,2658.0,2683.0,2658.0,2678.4,29457,39603,2360125.566,2678.2,2665.6
2025-06-16,IH,IH2507,2622.0,2645.0,2619.0,2641.6,4385,8675,346380.852,2641.2,2626.0
2025-06-16,IH,IH2509,2618.0,2640.8,2614.0,2637.6,11833,28970,932924.85,2636.4,2620.6
2025-06-16,IH,IH2512,2614.2,2638.6,2611.6,2635.6,2131,5761,167903.532,2634.2,2619.6
2025-06-16,IM,IM2506,6063.8,6142.0,6063.8,6127.4,96721,124057,11843084.876,6128.8,6083.6
2025-06-16,IM,IM2507,5978.0,6047.2,5973.0,6037.2,19903,40460,2399912.612,6035.0,5987.0
2025-06-16,IM,IM2509,5815.0,5884.0,5807.4,5875.8,43340,102382,5084333.12,5874.0,5825.6
2025-06-16,IM,IM2512,5636.6,5703.6,5633.0,5697.0,12864,57342,1462983.664,5693.6,5648.2
2025-06-17,IC,IC2506,5756.2,5768.8,5726.4,5748.4,45830,60777,5263948.888,5736.4,5760.2
2025-06-17,IC,IC2507,5689.0,5698.0,5656.4,5680.8,16254,38181,1843681.796,5667.6,5688.2
2025-06-17,IC,IC2509,5598.8,5598.8,5550.4,5575.4,18282,76903,2035429.288,5561.8,5583.0
2025-06-17,IC,IC2512,5460.6,5466.0,5425.2,5451.2,5947,42375,647186.036,5436.4,5457.0
2025-06-17,IF,IF2506,3870.2,3877.4,3853.0,3868.6,53299,71388,6179998.314,3863.4,3869.0
2025-06-17,IF,IF2507,3826.8,3837.0,3813.0,3827.6,11759,34780,1348924.194,3821.8,3827.4
2025-06-17,IF,IF2509,3805.0,3808.2,3785.6,3799.2,25492,102213,2903370.756,3794.0,3799.4
2025-06-17,IF,IF2512,3778.4,3778.4,3756.0,3767.4,5080,29397,573754.956,3762.4,3767.2
2025-06-17,IH,IH2506,2683.0,2683.0,2664.4,2680.8,28286,32008,2270205.42,2677.2,2678.2
2025-06-17,IH,IH2507,2643.0,2646.0,2629.0,2643.2,6045,10930,478655.058,2639.4,2641.2
2025-06-17,IH,IH2509,2637.0,2644.2,2628.8,2642.8,14105,33575,1116034.056,2638.2,2636.4
2025-06-17,IH,IH2512,2635.6,2641.6,2627.0,2639.4,2243,6063,177314.916,2635.6,2634.2
2025-06-17,IM,IM2506,6135.0,6150.0,6100.0,6130.0,97198,112030,11902266.328,6118.0,6128.8
2025-06-17,IM,IM2507,6053.8,6057.6,6010.6,6038.6,23491,48964,2832655.488,6025.6,6035.0
2025-06-17,IM,IM2509,5884.2,5893.4,5850.0,5877.6,47150,109766,5533508.816,5863.8,5874.0
2025-06-17,IM,IM2512,5705.0,5713.8,5669.0,5699.6,12119,58996,1378717.472,5685.4,5693.6
2025-06-18,IC,IC2506,5742.0,5755.0,5700.0,5738.0,43253,49346,4954038.752,5736.8,5736.4
2025-06-18,IC,IC2507,5670.0,5687.4,5638.2,5671.0,19901,46782,2253593.908,5670.6,5667.6
2025-06-18,IC,IC2509,5568.2,5581.8,5530.2,5563.4,20292,79616,2253898.292,5562.2,5561.8
2025-06-18,IC,IC2512,5449.0,5457.2,5407.6,5437.4,5499,43418,597211.996,5438.0,5436.4
2025-06-18,IF,IF2506,3868.8,3879.2,3849.2,3872.2,52365,55637,6072665.16,3871.2,3863.4
2025-06-18,IF,IF2507,3830.0,3838.0,3812.0,3831.2,17427,42606,2000307.384,3829.8,3821.8
2025-06-18,IF,IF2509,3806.8,3810.0,3782.8,3801.6,29991,108981,3416572.554,3801.4,3794.0
2025-06-18,IF,IF2512,3767.4,3777.8,3752.6,3773.0,5884,31040,665016.702,3771.6,3762.4
2025-06-18,IH,IH2506,2682.4,2687.0,2664.0,2677.4,23851,26177,1914324.408,2676.0,2677.2
2025-06-18,IH,IH2507,2648.0,2651.2,2628.4,2639.6,8114,13615,642451.848,2639.4,2639.4
2025-06-18,IH,IH2509,2650.0,2650.0,2627.4,2638.8,14403,35511,1139868.786,2638.0,2638.2
2025-06-18,IH,IH2512,2641.2,2646.6,2625.2,2636.4,2062,6014,163049.466,2636.4,2635.6
2025-06-18,IM,IM2506,6125.0,6139.8,6078.8,6124.2,87763,88005,10722391.736,6121.2,6118.0
2025-06-18,IM,IM2507,6035.4,6048.4,5991.4,6035.8,29563,57912,3559494.668,6032.0,6025.6
2025-06-18,IM,IM2509,5865.4,5888.0,5831.6,5870.0,57407,116613,6725665.884,5868.8,5863.8
2025-06-18,IM,IM2512,5692.2,5708.8,5653.0,5690.0,13466,59458,1529558.472,5689.8,5685.4
2025-06-19,IC,IC2506,5729.2,5745.0,5655.0,5677.8,40032,35618,4561711.472,5669.6,5736.8
2025-06-19,IC,IC2507,5665.0,5679.6,5590.0,5617.4,30464,60392,3428971.552,5604.2,5670.6
2025-06-19,IC,IC2509,5547.0,5569.6,5477.0,5504.4,27057,85504,2985775.116,5493.2,5562.2
2025-06-19,IC,IC2512,5433.0,5443.4,5354.0,5382.2,8325,46330,897994.084,5368.8,5438.0
2025-06-19,IF,IF2506,3866.8,3867.4,3830.0,3840.4,43781,37486,5057493.066,3837.4,3871.2
2025-06-19,IF,IF2507,3825.2,3828.0,3786.0,3798.4,28537,55095,3258180.858,3794.2,3829.8
2025-06-19,IF,IF2509,3796.0,3798.2,3754.6,3766.0,37749,117192,4275221.124,3762.0,3801.4
2025-06-19,IF,IF2512,3769.8,3769.8,3724.6,3735.4,7441,33220,836084.766,3731.4,3771.6
2025-06-19,IH,IH2506,2673.0,2673.6,2651.8,2659.2,21216,17340,1695122.04,2658.8,2676.0
2025-06-19,IH,IH2507,2636.2,2639.0,2614.8,2620.2,14367,19568,1131572.718,2619.8,2639.4
2025-06-19,IH,IH2509,2636.0,2636.0,2612.6,2617.6,18620,39861,1465549.974,2617.2,2638.0
2025-06-19,IH,IH2512,2633.4,2633.4,2611.2,2616.2,2734,6838,215085.06,2615.2,2636.4
2025-06-19,IM,IM2506,6105.0,6131.8,6030.8,6050.4,81581,56583,9919940.088,6046.6,6121.2
2025-06-19,IM,IM2507,6018.0,6044.6,5946.0,5971.2,49175,79848,5889212.344,5962.6,6032.0
2025-06-19,IM,IM2509,5854.6,5878.2,5783.6,5806.0,80368,136839,9363547.996,5800.4,5868.8
2025-06-19,IM,IM2512,5687.0,5696.0,5608.0,5631.4,17290,63246,1951987.156,5623.6,5689.8
2025-06-20,IC,IC2506,5681.8,5698.2,5645.4,5647.8,22798,0,2583421.456,5648.23,5669.6
2025-06-20,IC,IC2507,5617.6,5633.0,5585.8,5588.4,37576,73087,4211440.524,5590.2,5604.2
2025-06-20,IC,IC2509,5516.6,5520.6,5480.0,5484.0,26566,86194,2920644.116,5485.8,5493.2
2025-06-20,IC,IC2512,5382.2,5397.0,5362.2,5370.0,8908,48749,957737.1,5369.2,5368.8
2025-06-20,IF,IF2506,3841.0,3856.0,3841.0,3849.2,21186,0,2447334.714,3849.47,3837.4
2025-06-20,IF,IF2507,3803.4,3815.0,3797.8,3804.4,30481,60775,3481920.504,3803.0,3794.2
2025-06-20,IF,IF2509,3770.8,3785.2,3766.8,3773.6,35051,119027,3971959.362,3771.6,3762.0
2025-06-20,IF,IF2512,3739.0,3755.8,3738.0,3745.2,6559,33580,737647.218,3744.4,3731.4
2025-06-20,IH,IH2506,2660.0,2678.8,2659.4,2675.2,13729,0,1100460.228,2674.9,2658.8
2025-06-20,IH,IH2507,2619.8,2642.6,2619.8,2636.8,16540,23067,1307151.174,2634.6,2619.8
2025-06-20,IH,IH2509,2621.0,2641.8,2617.6,2635.4,21677,42653,1712278.662,2633.4,2617.2
2025-06-20,IH,IH2512,2615.4,2639.6,2615.4,2633.4,2592,6731,204582.936,2631.6,2615.2
2025-06-20,IM,IM2506,6056.6,6093.0,6008.8,6015.0,45294,0,5465558.272,6015.31,6046.6
2025-06-20,IM,IM2507,5969.0,5988.8,5934.0,5934.8,63458,96496,7558750.48,5941.6,5962.6
2025-06-20,IM,IM2509,5812.0,5826.0,5780.4,5787.8,84705,146127,9824760.816,5792.8,5800.4
2025-06-20,IM,IM2512,5632.6,5649.8,5608.8,5619.4,18504,64979,2082758.504,5626.0,5623.6
2025-06-23,IC,IC2507,5581.8,5642.6,5563.0,5625.8,36618,74146,4107217.116,5630.6,5590.2
2025-06-23,IC,IC2508,5501.0,5591.2,5501.0,5572.8,1245,1211,138341.852,5578.0,5590.2
2025-06-23,IC,IC2509,5458.8,5541.0,5457.2,5524.0,30037,90933,3307339.596,5530.0,5485.8
2025-06-23,IC,IC2512,5317.0,5420.0,5317.0,5407.4,8808,48619,948782.604,5411.4,5369.2
2025-06-23,IF,IF2507,3794.2,3835.6,3790.2,3823.4,37242,66460,4257193.998,3826.0,3803.0
2025-06-23,IF,IF2508,3788.8,3820.0,3771.6,3808.4,1383,1344,157437.588,3811.2,3803.0
2025-06-23,IF,IF2509,3765.0,3809.8,3760.6,3797.4,47208,128778,5357457.696,3799.8,3771.6
2025-06-23,IF,IF2512,3733.8,3780.2,3732.6,3769.8,7034,35134,792167.358,3771.0,3744.4
2025-06-23,IH,IH2507,2629.0,2662.6,2621.6,2654.0,21567,26472,1708518.396,2655.2,2634.6
2025-06-23,IH,IH2508,2622.2,2661.2,2618.6,2653.6,1122,1086,88737.492,2653.0,2634.6
2025-06-23,IH,IH2509,2629.0,2662.6,2621.0,2652.8,28646,49768,2269434.03,2655.0,2633.4
2025-06-23,IH,IH2512,2625.8,2660.0,2619.8,2652.4,3335,7464,264089.448,2653.4,2631.6
2025-06-23,IM,IM2507,5916.8,6014.6,5912.4,6001.4,61615,98395,7360884.92,6005.2,5941.6
2025-06-23,IM,IM2508,5846.0,5941.2,5816.6,5929.6,3300,3252,389568.748,5930.8,5941.6
2025-06-23,IM,IM2509,5770.0,5866.8,5765.0,5851.2,99867,153037,11633310.172,5856.2,5792.8
2025-06-23,IM,IM2512,5575.0,5692.0,5575.0,5676.0,18379,65156,2077722.652,5682.4,5626.0
2025-06-24,IC,IC2507,5638.2,5737.4,5638.2,5726.4,44444,77007,5072778.372,5719.8,5630.6
2025-06-24,IC,IC2508,5590.2,5694.4,5587.4,5678.6,2412,2341,273204.876,5671.8,5578.0
2025-06-24,IC,IC2509,5537.4,5650.4,5536.0,5632.6,37274,91749,4185751.676,5626.2,5530.0
2025-06-24,IC,IC2512,5416.2,5539.8,5416.2,5515.6,10445,50539,1149378.904,5507.2,5411.4
2025-06-24,IF,IF2507,3829.6,3889.2,3829.6,3872.2,43104,68866,4999734.048,3870.0,3826.0
2025-06-24,IF,IF2508,3816.0,3876.8,3816.0,3859.0,2104,1910,243198.618,3856.0,3811.2
2025-06-24,IF,IF2509,3804.6,3872.0,3804.0,3852.4,57535,133116,6637527.072,3848.6,3799.8
2025-06-24,IF,IF2512,3776.0,3843.6,3776.0,3821.8,11102,37715,1271902.104,3816.6,3771.0
2025-06-24,IH,IH2507,2655.2,2704.2,2655.2,2683.6,23340,27674,1878701.742,2682.0,2655.2
2025-06-24,IH,IH2508,2655.4,2702.0,2655.4,2681.4,1204,1189,96892.962,2679.6,2653.0
2025-06-24,IH,IH2509,2654.0,2704.2,2654.0,2682.0,34596,50754,2784031.692,2680.0,2655.0
2025-06-24,IH,IH2512,2657.0,2704.0,2653.8,2682.0,3692,7921,297084.84,2680.0,2653.4
2025-06-24,IM,IM2507,6021.0,6142.2,6020.0,6134.2,66035,97333,8058846.196,6128.0,6005.2
2025-06-24,IM,IM2508,5939.8,6077.0,5939.8,6065.6,3891,4015,469966.036,6059.8,5930.8
2025-06-24,IM,IM2509,5869.0,6003.4,5866.8,5995.0,120129,156132,14314700.22,5988.6,5856.2
2025-06-24,IM,IM2512,5689.8,5829.2,5689.8,5819.0,23581,67440,2729054.66,5811.2,5682.4
2025-06-25,IC,IC2507,5736.4,5846.8,5727.0,5834.2,50210,81182,5812252.056,5826.0,5719.8
2025-06-25,IC,IC2508,5687.2,5810.4,5683.8,5797.4,3524,3985,404835.176,5789.4,5671.8
2025-06-25,IC,IC2509,5634.0,5770.8,5634.0,5759.8,44001,97035,5014280.796,5742.0,5626.2
2025-06-25,IC,IC2512,5529.8,5654.6,5520.0,5640.6,12710,52275,1418434.132,5625.8,5507.2
2025-06-25,IF,IF2507,3875.0,3942.0,3870.4,3935.0,48249,71641,5651215.866,3928.6,3870.0
2025-06-25,IF,IF2508,3862.0,3932.2,3858.2,3925.0,3682,4093,430214.652,3918.6,3856.0
2025-06-25,IF,IF2509,3856.0,3928.0,3851.2,3922.8,61056,139245,7116796.962,3913.2,3848.6
2025-06-25,IF,IF2512,3824.0,3897.6,3820.2,3890.6,10543,39023,1218755.01,3882.0,3816.6
2025-06-25,IH,IH2507,2681.0,2725.6,2678.6,2724.6,22858,30362,1850683.794,2716.8,2682.0
2025-06-25,IH,IH2508,2680.2,2723.4,2675.0,2720.4,1735,1844,140183.904,2714.6,2679.6
2025-06-25,IH,IH2509,2678.2,2725.8,2676.4,2722.6,33258,52779,2691279.234,2715.4,2680.0
2025-06-25,IH,IH2512,2682.0,2726.0,2676.6,2722.4,4197,8353,339552.726,2715.2,2680.0
2025-06-25,IM,IM2507,6140.0,6252.8,6135.8,6239.0,74258,98805,9191392.48,6227.8,6128.0
2025-06-25,IM,IM2508,6068.6,6193.8,6068.2,6179.0,6158,6869,754655.744,6170.6,6059.8
2025-06-25,IM,IM2509,5995.0,6133.0,5994.8,6119.6,139775,170051,16924899.308,6101.4,5988.6
2025-06-25,IM,IM2512,5829.0,5962.6,5819.0,5948.0,27195,69352,3199831.82,5930.8,5811.2
2025-06-26,IC,IC2507,5827.0,5846.2,5805.2,5809.2,34054,76012,3967458.46,5813.4,5826.0
2025-06-26,IC,IC2508,5797.2,5805.6,5765.2,5770.8,2667,3881,308477.548,5774.0,5789.4
2025-06-26,IC,IC2509,5749.8,5763.2,5722.8,5729.0,29745,91466,3415939.684,5731.8,5742.0
2025-06-26,IC,IC2512,5632.6,5647.2,5609.6,5618.4,9767,52046,1099059.952,5618.8,5625.8
2025-06-26,IF,IF2507,3928.6,3939.8,3919.2,3920.8,32802,65458,3865522.008,3923.0,3928.6
2025-06-26,IF,IF2508,3919.2,3928.8,3906.8,3908.2,1830,3403,215027.784,3910.6,3918.6
2025-06-26,IF,IF2509,3915.2,3925.0,3901.2,3904.2,43176,135683,5066765.124,3905.6,3913.2
2025-06-26,IF,IF2512,3889.8,3894.0,3870.2,3873.6,7082,39388,824452.716,3874.2,3882.0
2025-06-26,IH,IH2507,2720.4,2723.8,2711.4,2714.4,14943,27953,1218026.97,2715.2,2716.8
2025-06-26,IH,IH2508,2715.2,2719.8,2707.8,2709.2,1110,1614,90356.778,2710.8,2714.6
2025-06-26,IH,IH2509,2716.0,2722.8,2708.4,2711.0,21991,48436,1790655.546,2711.8,2715.4
2025-06-26,IH,IH2512,2717.4,2722.8,2709.4,2711.2,2232,7810,181770.432,2712.2,2715.2
2025-06-26,IM,IM2507,6227.2,6264.8,6208.0,6211.8,57286,93042,7139308.628,6218.0,6227.8
2025-06-26,IM,IM2508,6165.4,6209.4,6152.8,6156.6,5121,6259,632663.48,6163.8,6170.6
2025-06-26,IM,IM2509,6105.0,6147.8,6090.6,6097.8,106191,161694,12986604.58,6104.8,6101.4
2025-06-26,IM,IM2512,5948.2,5975.6,5918.8,5933.4,22705,68044,2699810.38,5941.6,5930.8
2025-06-27,IC,IC2507,5828.8,5882.6,5806.8,5827.0,36609,77537,4278295.148,5829.8,5813.4
2025-06-27,IC,IC2508,5787.6,5841.2,5767.2,5789.8,3200,4803,371823.224,5793.0,5774.0
2025-06-27,IC,IC2509,5748.0,5801.0,5724.0,5745.0,32557,94551,3751714.176,5748.4,5731.8
2025-06-27,IC,IC2512,5647.0,5687.8,5614.2,5631.6,10256,52248,1158718.908,5635.0,5618.8
2025-06-27,IF,IF2507,3931.0,3948.6,3891.6,3892.0,39772,70111,4676061.186,3895.6,3923.0
2025-06-27,IF,IF2508,3911.4,3936.8,3880.4,3882.4,2237,4026,261975.936,3884.4,3910.6
2025-06-27,IF,IF2509,3911.0,3931.4,3874.0,3876.6,56221,139367,6580493.658,3878.2,3905.6
2025-06-27,IF,IF2512,3880.0,3902.0,3844.4,3846.4,9123,40644,1059921.714,3849.0,3874.2
2025-06-27,IH,IH2507,2719.4,2727.6,2680.8,2684.4,20919,30525,1696698.396,2684.2,2715.2
2025-06-27,IH,IH2508,2713.0,2723.4,2678.0,2680.0,1487,1991,120498.0,2681.4,2710.8
2025-06-27,IH,IH2509,2714.0,2725.0,2678.4,2680.0,32852,53070,2662313.358,2681.8,2711.8
2025-06-27,IH,IH2512,2714.6,2725.2,2680.0,2681.8,3919,8849,317655.444,2683.0,2712.2
2025-06-27,IM,IM2507,6235.0,6287.8,6215.0,6230.2,55188,92379,6897829.276,6234.6,6218.0
2025-06-27,IM,IM2508,6177.4,6234.0,6163.4,6174.0,4157,6821,515101.636,6178.2,6163.8
2025-06-27,IM,IM2509,6120.0,6174.4,6100.6,6110.8,113010,167757,13863709.652,6118.8,6104.8
2025-06-27,IM,IM2512,5962.4,6007.8,5938.8,5943.0,21753,69853,2597329.58,5952.6,5941.6
2025-06-30,IC,IC2507,5864.0,5880.4,5831.6,5863.0,32984,73467,3865470.348,5867.4,5829.8
2025-06-30,IC,IC2508,5806.6,5839.6,5793.0,5818.8,3036,4820,353229.152,5825.4,5793.0
2025-06-30,IC,IC2509,5766.0,5788.6,5748.0,5768.8,27514,91475,3175993.672,5775.8,5748.4
2025-06-30,IC,IC2512,5640.2,5668.4,5632.0,5650.0,7769,51599,878246.632,5655.6,5635.0
2025-06-30,IF,IF2507,3899.8,3910.8,3887.4,3906.4,30836,65471,3610414.092,3907.8,3895.6
2025-06-30,IF,IF2508,3887.8,3899.2,3875.4,3893.2,2035,3682,237522.918,3894.6,3884.4
2025-06-30,IF,IF2509,3881.2,3893.0,3867.0,3885.8,40077,135428,4669076.256,3887.0,3878.2
2025-06-30,IF,IF2512,3849.0,3862.0,3838.8,3855.6,6044,40026,698657.772,3856.6,3849.0
2025-06-30,IH,IH2507,2685.6,2694.6,2674.4,2693.0,14261,26401,1149626.064,2691.8,2684.2
2025-06-30,IH,IH2508,2679.4,2691.0,2671.4,2689.0,855,1756,68821.302,2687.8,2681.4
2025-06-30,IH,IH2509,2683.2,2690.8,2670.2,2689.0,22994,49133,1850946.51,2687.6,2681.8
2025-06-30,IH,IH2512,2677.0,2691.4,2673.0,2690.0,2568,8551,206758.884,2687.4,2683.0
2025-06-30,IM,IM2507,6267.0,6306.6,6243.0,6283.0,53137,82875,6672718.7,6289.4,6234.6
2025-06-30,IM,IM2508,6185.4,6242.0,6183.0,6220.6,4220,7270,524546.448,6224.4,6178.2
2025-06-30,IM,IM2509,6140.4,6173.6,6119.0,6148.6,94541,158728,11627531.78,6155.6,6118.8
2025-06-30,IM,IM2512,5955.4,5998.0,5952.2,5973.2,20114,68772,2404097.888,5979.8,5952.6
2025-07-01,IC,IC2507,5851.0,5882.8,5828.0,5868.0,31394,70063,3677132.728,5872.0,5867.4
2025-07-01,IC,IC2508,5818.8,5833.2,5778.8,5817.6,3013,5616,350003.564,5824.0,5825.4
2025-07-01,IC,IC2509,5759.0,5781.2,5722.0,5764.6,26248,92761,3020987.104,5770.6,5775.8
2025-07-01,IC,IC2512,5645.0,5656.4,5598.4,5639.6,8031,52381,904480.312,5644.4,5655.6
2025-07-01,IF,IF2507,3905.0,3921.8,3893.0,3911.6,28002,60998,3283013.232,3915.0,3907.8
2025-07-01,IF,IF2508,3895.4,3905.2,3879.2,3895.0,1906,4228,222553.434,3899.2,3894.6
2025-07-01,IF,IF2509,3889.2,3895.6,3867.0,3886.0,34558,132977,4025699.988,3889.4,3887.0
2025-07-01,IF,IF2512,3860.6,3861.6,3835.8,3850.2,5535,40569,639163.77,3854.8,3856.6
2025-07-01,IH,IH2507,2692.0,2702.0,2686.4,2696.0,11086,24800,896319.312,2698.4,2691.8
2025-07-01,IH,IH2508,2689.4,2697.4,2681.8,2691.0,999,1764,80614.812,2693.6,2687.8
2025-07-01,IH,IH2509,2691.0,2696.6,2680.6,2689.8,17755,48099,1432358.598,2692.6,2687.6
2025-07-01,IH,IH2512,2690.0,2696.0,2680.4,2689.6,2262,8510,182449.368,2692.2,2687.4
2025-07-01,IM,IM2507,6275.0,6297.6,6229.0,6286.8,52561,84569,6590010.464,6287.0,6289.4
2025-07-01,IM,IM2508,6220.0,6221.6,6153.6,6210.4,5612,8638,695413.56,6211.0,6224.4
2025-07-01,IM,IM2509,6143.0,6150.0,6076.2,6133.4,103226,164955,12634345.676,6134.0,6155.6
2025-07-01,IM,IM2512,5975.0,5975.0,5900.0,5951.4,20459,69812,2431712.52,5953.4,5979.8
2025-07-02,IC,IC2507,5857.4,5865.8,5830.4,5856.6,30107,69955,3520794.476,5849.6,5872.0
2025-07-02,IC,IC2508,5813.2,5817.2,5780.2,5806.2,2443,5371,283232.588,5799.0,5824.0
2025-07-02,IC,IC2509,5748.0,5763.6,5724.6,5756.6,25123,91128,2885392.884,5748.8,5770.6
2025-07-02,IC,IC2512,5635.0,5653.0,5601.4,5631.2,7806,52431,877226.704,5625.0,5644.4
2025-07-02,IF,IF2507,3915.0,3928.2,3901.0,3921.0,27158,60669,3189978.564,3919.6,3915.0
2025-07-02,IF,IF2508,3899.0,3910.0,3883.0,3903.2,1869,4174,218578.26,3902.2,3899.2
2025-07-02,IF,IF2509,3890.2,3899.6,3872.2,3894.2,35301,133038,4116634.296,3891.8,3889.4
2025-07-02,IF,IF2512,3850.6,3860.2,3835.8,3856.2,6476,41567,747904.602,3854.2,3854.8
2025-07-02,IH,IH2507,2697.2,2708.8,2690.4,2703.0,12977,24640,1051467.444,2703.4,2698.4
2025-07-02,IH,IH2508,2694.4,2703.0,2685.6,2697.6,1194,1802,96552.48,2698.2,2693.6
2025-07-02,IH,IH2509,2692.0,2701.2,2683.0,2696.8,20389,47699,1647658.812,2696.8,2692.6
2025-07-02,IH,IH2512,2690.6,2699.8,2682.6,2695.0,2686,8376,216904.926,2695.0,2692.2
2025-07-02,IM,IM2507,6280.8,6284.2,6232.0,6262.2,49400,81272,6174972.148,6251.8,6287.0
2025-07-02,IM,IM2508,6200.0,6219.0,6157.0,6188.8,5395,8940,666199.152,6177.2,6211.0
2025-07-02,IM,IM2509,6130.0,6131.8,6080.0,6117.0,93428,159237,11394983.104,6107.4,6134.0
2025-07-02,IM,IM2512,5945.0,5949.4,5901.0,5937.2,17512,69753,2073149.572,5929.0,5953.4
2025-07-03,IC,IC2507,5877.6,5888.0,5839.8,5874.0,27703,69802,3250078.64,5874.6,5849.6
2025-07-03,IC,IC2508,5809.2,5836.0,5788.8,5819.8,2112,5383,245601.212,5821.4,5799.0
2025-07-03,IC,IC2509,5769.6,5787.8,5735.0,5769.2,26648,91494,3071171.704,5770.2,5748.8
2025-07-03,IC,IC2512,5642.4,5664.6,5612.2,5644.0,8493,53772,957934.184,5644.6,5625.0
2025-07-03,IF,IF2507,3927.8,3952.0,3920.0,3946.6,27681,60854,3268961.904,3946.4,3919.6
2025-07-03,IF,IF2508,3912.8,3933.4,3901.8,3928.0,1886,4742,221771.682,3929.0,3902.2
2025-07-03,IF,IF2509,3899.6,3923.6,3891.0,3918.0,38088,132375,4465061.94,3917.8,3891.8
2025-07-03,IF,IF2512,3865.0,3885.6,3854.0,3879.0,5935,40996,689087.796,3880.8,3854.2
2025-07-03,IH,IH2507,2706.8,2710.2,2694.0,2707.6,11130,23402,902886.132,2706.6,2703.4
2025-07-03,IH,IH2508,2702.2,2705.0,2689.2,2703.0,1006,1896,81461.382,2701.6,2698.2
2025-07-03,IH,IH2509,2700.0,2704.4,2688.0,2701.8,19650,46778,1590250.698,2700.4,2696.8
2025-07-03,IH,IH2512,2698.2,2703.2,2687.2,2701.0,2387,8564,193121.616,2699.2,2695.0
2025-07-03,IM,IM2507,6269.4,6301.0,6241.0,6279.4,46275,80950,5804362.156,6280.2,6251.8
2025-07-03,IM,IM2508,6186.0,6231.2,6169.4,6207.6,4087,9442,506866.856,6209.0,6177.2
2025-07-03,IM,IM2509,6127.2,6161.0,6098.4,6135.8,95917,161580,11759771.796,6138.6,6107.4
2025-07-03,IM,IM2512,5945.0,5981.8,5921.2,5955.4,16681,69796,1985985.004,5960.4,5929.0
2025-07-04,IC,IC2507,5866.0,5938.0,5836.8,5874.2,43750,76622,5143744.664,5870.0,5874.6
2025-07-04,IC,IC2508,5819.8,5884.8,5784.0,5821.0,3957,6854,460950.076,5812.4,5821.4
2025-07-04,IC,IC2509,5761.8,5836.0,5726.0,5765.4,40420,97724,4666513.684,5760.0,5770.2
2025-07-04,IC,IC2512,5639.6,5710.0,5605.0,5642.2,11157,55328,1260161.928,5635.0,5644.6
2025-07-04,IF,IF2507,3938.4,3997.4,3934.4,3963.8,43577,68987,5178953.742,3957.4,3946.4
2025-07-04,IF,IF2508,3922.4,3980.6,3917.2,3944.8,3462,6037,409912.776,3938.0,3929.0
2025-07-04,IF,IF2509,3918.2,3974.2,3905.0,3936.0,66892,146863,7896737.976,3930.0,3917.8
2025-07-04,IF,IF2512,3878.0,3937.8,3868.0,3899.0,12076,44139,1412944.476,3892.2,3880.8
2025-07-04,IH,IH2507,2705.0,2746.6,2696.4,2723.0,19657,29546,1603893.81,2717.4,2706.6
2025-07-04,IH,IH2508,2698.8,2740.4,2691.4,2717.2,2008,2372,163570.626,2710.6,2701.6
2025-07-04,IH,IH2509,2699.8,2741.6,2690.0,2717.2,39517,56007,3218803.032,2711.2,2700.4
2025-07-04,IH,IH2512,2699.6,2740.4,2689.0,2715.0,5041,9813,410618.418,2709.4,2699.2
2025-07-04,IM,IM2507,6279.6,6332.0,6229.0,6262.0,67153,88979,8421064.74,6259.2,6280.2
2025-07-04,IM,IM2508,6205.0,6259.2,6157.8,6186.4,5911,10282,732372.688,6184.4,6209.0
2025-07-04,IM,IM2509,6130.0,6184.2,6084.2,6112.2,151899,177599,18603363.856,6107.2,6138.6
2025-07-04,IM,IM2512,5953.8,6006.0,5906.8,5932.2,25317,74344,3010051.692,5929.6,5960.4
2025-07-07,IC,IC2507,5870.2,5882.0,5847.6,5859.2,23473,68547,2752718.016,5862.8,5870.0
2025-07-07,IC,IC2508,5817.0,5828.2,5790.6,5804.4,3507,7479,407179.232,5805.8,5812.4
2025-07-07,IC,IC2509,5757.0,5775.0,5735.0,5747.6,21867,90717,2515262.336,5751.4,5760.0
2025-07-07,IC,IC2512,5638.0,5650.0,5610.0,5623.8,6354,54196,714848.292,5625.2,5635.0
2025-07-07,IF,IF2507,3963.0,3963.4,3935.4,3945.0,24335,59367,2881315.95,3946.4,3957.4
2025-07-07,IF,IF2508,3940.4,3947.0,3918.0,3927.4,2062,5854,243025.596,3929.0,3938.0
2025-07-07,IF,IF2509,3932.2,3937.6,3907.0,3918.0,35769,135826,4205536.656,3919.4,3930.0
2025-07-07,IF,IF2512,3889.8,3900.4,3870.4,3883.0,5304,42258,617779.05,3883.2,3892.2
2025-07-07,IH,IH2507,2719.0,2723.0,2706.0,2713.6,10307,25017,839042.826,2714.8,2717.4
2025-07-07,IH,IH2508,2710.8,2717.6,2700.2,2708.4,940,2072,76375.272,2709.6,2710.6
2025-07-07,IH,IH2509,2712.0,2715.8,2699.2,2708.0,19180,49584,1557803.67,2709.0,2711.2
2025-07-07,IH,IH2512,2714.0,2715.0,2698.2,2707.8,2361,9172,191711.406,2708.8,2709.4
2025-07-07,IM,IM2507,6264.0,6284.6,6251.0,6267.2,37320,78067,4678596.452,6269.2,6259.2
2025-07-07,IM,IM2508,6173.2,6207.4,6173.2,6188.0,4021,10108,497829.316,6191.2,6184.4
2025-07-07,IM,IM2509,6100.0,6130.0,6095.2,6111.6,80166,160866,9800410.592,6112.8,6107.2
2025-07-07,IM,IM2512,5928.0,5949.0,5911.6,5926.6,14807,71741,1755874.288,5926.8,5929.6
2025-07-08,IC,IC2507,5863.6,5962.8,5858.8,5958.0,39009,72555,4624816.328,5952.6,5862.8
2025-07-08,IC,IC2508,5804.4,5907.6,5804.4,5906.4,5619,9849,660071.548,5897.2,5805.8
2025-07-08,IC,IC2509,5743.2,5859.8,5743.2,5858.0,36690,95947,4270414.212,5848.0,5751.4
2025-07-08,IC,IC2512,5634.0,5737.4,5624.4,5729.4,11683,55874,1331675.6,5726.0,5625.2
2025-07-08,IF,IF2507,3942.0,3990.0,3942.0,3982.4,32292,63961,3847822.326,3983.0,3946.4
2025-07-08,IF,IF2508,3927.4,3973.6,3927.0,3964.4,3045,7134,361338.312,3966.2,3929.0
2025-07-08,IF,IF2509,3921.2,3967.2,3920.2,3958.6,50571,142398,5987585.538,3959.2,3919.4
2025-07-08,IF,IF2512,3884.0,3929.8,3883.8,3921.6,8980,43400,1053175.38,3923.4,3883.2
2025-07-08,IH,IH2507,2715.8,2738.2,2713.6,2733.0,13424,24868,1098269.784,2733.4,2714.8
2025-07-08,IH,IH2508,2708.4,2733.8,2708.4,2727.6,1479,2284,120804.87,2729.4,2709.6
2025-07-08,IH,IH2509,2710.6,2733.4,2709.0,2727.8,28303,51681,2311364.346,2728.8,2709.0
2025-07-08,IH,IH2512,2710.2,2733.2,2709.0,2728.0,3290,9261,268707.576,2728.6,2708.8
2025-07-08,IM,IM2507,6265.0,6382.0,6258.2,6379.8,55535,83857,7039957.756,6369.8,6269.2
2025-07-08,IM,IM2508,6190.4,6309.6,6180.8,6309.6,7551,12944,946301.98,6297.8,6191.2
2025-07-08,IM,IM2509,6114.2,6237.0,6102.0,6235.8,128815,176309,15943766.856,6226.2,6112.8
2025-07-08,IM,IM2512,5931.2,6050.0,5917.0,6047.8,25881,74279,3108620.052,6040.2,5926.8
2025-07-09,IC,IC2507,5959.8,5967.2,5924.4,5930.0,29791,65998,3544379.328,5937.2,5952.6
2025-07-09,IC,IC2508,5906.4,5909.0,5867.8,5876.6,5355,10750,631010.432,5882.4,5897.2
2025-07-09,IC,IC2509,5850.0,5858.0,5818.0,5823.4,26515,90098,3097598.856,5830.0,5848.0
2025-07-09,IC,IC2512,5735.6,5735.6,5694.2,5700.0,9123,55332,1043294.196,5706.8,5726.0
2025-07-09,IF,IF2507,3981.6,4002.2,3973.2,3977.0,27671,58688,3310654.35,3981.8,3983.0
2025-07-09,IF,IF2508,3966.0,3985.6,3956.4,3961.8,3080,7561,366900.882,3964.4,3966.2
2025-07-09,IF,IF2509,3958.6,3978.0,3948.0,3952.8,43451,137184,5166469.596,3957.0,3959.2
2025-07-09,IF,IF2512,3925.0,3943.4,3915.6,3920.0,7887,42752,929725.428,3923.4,3923.4
2025-07-09,IH,IH2507,2730.0,2744.2,2724.0,2729.8,12846,24489,1053798.234,2731.4,2733.4
2025-07-09,IH,IH2508,2726.2,2739.2,2720.4,2723.8,1540,2347,126123.942,2726.6,2729.4
2025-07-09,IH,IH2509,2727.0,2739.0,2720.0,2724.0,24948,49980,2043185.526,2727.0,2728.8
2025-07-09,IH,IH2512,2728.2,2739.0,2720.6,2725.2,3045,9038,249396.036,2727.4,2728.6
2025-07-09,IM,IM2507,6369.8,6400.0,6351.2,6358.8,43717,74640,5573768.312,6365.0,6369.8
2025-07-09,IM,IM2508,6308.0,6323.6,6280.6,6289.0,5580,12504,703205.804,6292.8,6297.8
2025-07-09,IM,IM2509,6240.0,6249.8,6208.2,6214.0,94223,161900,11738086.456,6219.8,6226.2
2025-07-09,IM,IM2512,6050.0,6060.8,6020.6,6027.6,18868,72700,2279757.208,6032.2,6040.2
2025-07-10,IC,IC2507,5930.0,5987.4,5922.2,5958.8,31023,65381,3691230.76,5968.0,5937.2
2025-07-10,IC,IC2508,5879.8,5931.0,5865.0,5904.4,4667,12502,549956.952,5911.2,5882.4
2025-07-10,IC,IC2509,5831.0,5880.4,5813.6,5854.2,28492,93498,3328840.272,5859.8,5830.0
2025-07-10,IC,IC2512,5691.6,5755.8,5688.8,5731.2,9225,56088,1054936.968,5736.2,5706.8
2025-07-10,IF,IF2507,3981.0,4023.4,3977.6,3997.2,33392,60290,4003571.49,4006.8,3981.8
2025-07-10,IF,IF2508,3962.0,4007.0,3960.6,3979.2,4336,9148,517553.142,3989.8,3964.4
2025-07-10,IF,IF2509,3956.2,3998.8,3952.0,3972.0,51019,144324,6079107.942,3981.8,3957.0
2025-07-10,IF,IF2512,3920.0,3965.0,3917.4,3941.6,8280,44258,978546.132,3948.4,3923.4
2025-07-10,IH,IH2507,2727.6,2766.6,2726.4,2745.4,16935,26079,1395250.86,2754.0,2731.4
2025-07-10,IH,IH2508,2723.8,2762.6,2722.4,2742.0,2061,2814,169483.896,2750.8,2726.6
2025-07-10,IH,IH2509,2724.0,2764.8,2720.4,2740.4,33722,56981,2773303.35,2749.2,2727.0
2025-07-10,IH,IH2512,2725.0,2761.8,2722.6,2741.4,3530,9612,290363.526,2748.8,2727.4
2025-07-10,IM,IM2507,6356.6,6409.4,6342.0,6375.2,44550,75550,5677001.156,6386.2,6365.0
2025-07-10,IM,IM2508,6289.0,6338.6,6271.6,6304.0,6225,14372,784331.02,6316.0,6292.8
2025-07-10,IM,IM2509,6214.0,6265.0,6200.8,6231.6,98260,169266,12236345.852,6241.8,6219.8
2025-07-10,IM,IM2512,6028.2,6078.6,6016.2,6046.4,19130,73869,2311194.82,6057.0,6032.2
2025-07-11,IC,IC2507,5965.0,6065.0,5940.0,6023.0,48478,65777,5828036.352,6026.4,5968.0
2025-07-11,IC,IC2508,5904.4,6007.0,5883.8,5973.4,11208,18495,1336557.632,5973.2,5911.2
2025-07-11,IC,IC2509,5849.0,5964.8,5829.0,5920.4,47871,99117,5656221.784,5920.8,5859.8
2025-07-11,IC,IC2512,5736.6,5849.0,5705.4,5794.0,16148,58584,1870450.016,5799.4,5736.2
2025-07-11,IF,IF2507,3997.0,4064.6,3997.0,4014.6,53455,62423,6465207.168,4020.6,4006.8
2025-07-11,IF,IF2508,3988.0,4052.8,3981.2,4000.0,8979,13332,1082399.124,4007.4,3989.8
2025-07-11,IF,IF2509,3977.0,4045.0,3971.2,3993.4,84781,158393,10195853.952,3998.8,3981.8
2025-07-11,IF,IF2512,3943.0,4015.8,3939.2,3965.6,16296,48480,1946421.318,3971.4,3948.4
2025-07-11,IH,IH2507,2744.0,2802.2,2744.0,2754.6,28276,31303,2351639.244,2764.6,2754.0
2025-07-11,IH,IH2508,2742.0,2799.6,2740.4,2751.0,3728,3948,309978.786,2763.2,2750.8
2025-07-11,IH,IH2509,2738.0,2798.8,2738.0,2751.6,52171,64210,4334755.902,2761.2,2749.2
2025-07-11,IH,IH2512,2742.6,2800.0,2741.0,2752.6,6400,11176,532233.252,2763.4,2748.8
2025-07-11,IM,IM2507,6383.0,6485.0,6357.0,6452.8,69324,73225,8916437.6,6455.2,6386.2
2025-07-11,IM,IM2508,6310.4,6423.0,6286.0,6388.8,16891,21806,2153123.844,6392.0,6316.0
2025-07-11,IM,IM2509,6240.2,6360.0,6211.4,6319.8,147131,181506,18514787.276,6321.2,6241.8
2025-07-11,IM,IM2512,6059.0,6183.4,6027.6,6136.0,34107,78384,4172333.384,6138.0,6057.0
2025-07-14,IC,IC2507,6029.0,6035.0,6001.6,6008.4,28123,52714,3384551.676,6015.6,6026.4
2025-07-14,IC,IC2508,5983.2,5983.2,5947.0,5951.4,9438,22340,1125529.592,5961.6,5973.2
2025-07-14,IC,IC2509,5916.4,5928.0,5895.8,5897.6,22467,94404,2656479.976,5908.6,5920.8
2025-07-14,IC,IC2512,5795.2,5803.6,5774.0,5774.6,6378,57843,738318.844,5783.4,5799.4
2025-07-14,IF,IF2507,4016.2,4026.8,4008.4,4009.0,28382,49850,3419954.586,4014.4,4020.6
2025-07-14,IF,IF2508,3998.0,4011.6,3994.4,3995.4,6951,15737,834565.662,4000.6,4007.4
2025-07-14,IF,IF2509,3993.6,4002.8,3984.8,3985.8,37589,150188,4502763.108,3990.2,3998.8
2025-07-14,IF,IF2512,3968.0,3975.0,3952.8,3955.2,7126,47693,847363.038,3958.4,3971.4
2025-07-14,IH,IH2507,2753.6,2767.2,2751.0,2751.8,14360,24607,1188538.446,2756.2,2764.6
2025-07-14,IH,IH2508,2750.0,2763.0,2748.2,2748.6,2702,4169,223363.542,2753.2,2763.2
2025-07-14,IH,IH2509,2750.0,2762.0,2745.0,2747.4,21777,56656,1799761.326,2751.8,2761.2
2025-07-14,IH,IH2512,2754.4,2763.8,2749.2,2750.0,2497,10623,206464.92,2753.4,2763.4
2025-07-14,IM,IM2507,6459.0,6463.6,6427.2,6442.2,37369,58996,4818030.436,6450.6,6455.2
2025-07-14,IM,IM2508,6392.6,6399.8,6362.0,6373.4,10738,24530,1370154.728,6382.0,6392.0
2025-07-14,IM,IM2509,6326.0,6329.8,6293.0,6302.2,71184,168013,8984406.02,6312.0,6321.2
2025-07-14,IM,IM2512,6140.6,6149.0,6115.4,6120.8,13491,75062,1654167.276,6130.6,6138.0
2025-07-15,IC,IC2507,6000.0,6047.6,5962.0,6008.2,39182,47615,4704853.872,6004.0,6015.6
2025-07-15,IC,IC2508,5953.6,5992.4,5905.4,5949.0,12301,27145,1462900.972,5947.4,5961.6
2025-07-15,IC,IC2509,5900.4,5942.0,5847.8,5893.4,38675,99289,4558807.364,5892.8,5908.6
2025-07-15,IC,IC2512,5778.2,5817.4,5726.2,5770.4,10553,57153,1217941.76,5769.8,5783.4
2025-07-15,IF,IF2507,4010.2,4035.4,3983.0,4009.6,39238,45718,4719934.716,4009.8,4014.4
2025-07-15,IF,IF2508,3998.2,4021.8,3968.0,3993.2,11529,19935,1381490.592,3994.4,4000.6
2025-07-15,IF,IF2509,3991.0,4012.0,3952.6,3980.6,62583,152828,7476124.302,3981.4,3990.2
2025-07-15,IF,IF2512,3958.6,3980.0,3922.0,3948.6,10947,48850,1297169.616,3948.0,3958.4
2025-07-15,IH,IH2507,2751.4,2759.6,2723.4,2740.2,19124,22777,1572590.286,2740.2,2756.2
2025-07-15,IH,IH2508,2749.4,2757.0,2720.0,2735.0,3820,5522,313680.546,2737.0,2753.2
2025-07-15,IH,IH2509,2749.8,2756.6,2717.8,2734.2,34281,58202,2814187.908,2735.8,2751.8
2025-07-15,IH,IH2512,2752.0,2757.8,2720.2,2735.2,4069,10978,334072.548,2737.0,2753.4
2025-07-15,IM,IM2507,6437.8,6470.8,6367.0,6422.0,49078,54685,6297574.708,6418.4,6450.6
2025-07-15,IM,IM2508,6375.0,6403.6,6300.2,6352.8,18041,31298,2290192.464,6348.4,6382.0
2025-07-15,IM,IM2509,6298.0,6335.4,6229.0,6277.4,120268,181672,15100804.296,6274.8,6312.0
2025-07-15,IM,IM2512,6119.8,6154.2,6051.0,6099.0,23203,77129,2830314.84,6096.2,6130.6
2025-07-16,IC,IC2507,6012.0,6067.0,5986.0,6006.6,36318,33265,4375318.136,6012.2,6004.0
2025-07-16,IC,IC2508,5957.0,6012.0,5929.2,5949.6,18237,35951,2176572.18,5954.8,5947.4
2025-07-16,IC,IC2509,5891.6,5961.2,5873.0,5895.2,37648,98197,4453897.928,5899.6,5892.8
2025-07-16,IC,IC2512,5779.2,5836.2,5750.6,5767.2,7997,56160,926053.272,5773.6,5769.8
2025-07-16,IF,IF2507,4014.0,4025.4,3986.8,3998.0,30993,32106,3724058.844,4001.2,4009.8
2025-07-16,IF,IF2508,4003.2,4011.0,3972.6,3984.6,14268,26950,1708241.526,3987.2,3994.4
2025-07-16,IF,IF2509,3981.2,3998.6,3958.8,3971.0,45629,147324,5445721.164,3974.8,3981.4
2025-07-16,IF,IF2512,3951.0,3966.8,3925.6,3937.8,9374,49484,1109390.04,3940.2,3948.0
2025-07-16,IH,IH2507,2742.2,2749.4,2723.4,2733.6,14358,16953,1178431.59,2734.2,2740.2
2025-07-16,IH,IH2508,2737.0,2747.8,2720.2,2731.2,6429,8363,527156.22,2732.2,2737.0
2025-07-16,IH,IH2509,2737.0,2745.6,2719.6,2730.4,25504,54913,2090492.058,2730.8,2735.8
2025-07-16,IH,IH2512,2739.0,2747.6,2721.0,2731.2,3195,11041,262022.676,2732.2,2737.0
2025-07-16,IM,IM2507,6431.6,6491.6,6414.2,6444.4,41830,40641,5398463.44,6446.0,6418.4
2025-07-16,IM,IM2508,6373.8,6423.2,6345.0,6372.8,21090,37964,2692558.404,6375.2,6348.4
2025-07-16,IM,IM2509,6288.0,6355.0,6270.2,6298.0,113703,172288,14353078.68,6300.8,6274.8
2025-07-16,IM,IM2512,6100.2,6174.4,6089.4,6114.2,21268,75121,2607589.068,6118.6,6096.2
2025-07-17,IC,IC2507,6010.0,6085.6,6001.0,6082.4,27126,19812,3283019.6,6077.6,6012.2
2025-07-17,IC,IC2508,5960.0,6033.0,5946.0,6030.6,25245,45447,3029340.648,6025.2,5954.8
2025-07-17,IC,IC2509,5900.0,5981.0,5890.8,5978.0,38304,102295,4554788.08,5972.4,5899.6
2025-07-17,IC,IC2512,5766.0,5853.0,5766.0,5849.4,8341,56207,970916.996,5845.0,5773.6
2025-07-17,IF,IF2507,4003.6,4032.2,3999.2,4030.8,27112,23303,3267707.112,4028.4,4001.2
2025-07-17,IF,IF2508,3979.6,4024.0,3979.6,4023.0,20914,36600,2513335.542,4018.2,3987.2
2025-07-17,IF,IF2509,3976.0,4012.0,3972.2,4011.8,49872,153281,5975453.664,4005.4,3974.8
2025-07-17,IF,IF2512,3928.8,3975.4,3928.8,3974.2,7733,49988,918162.816,3970.0,3940.2
2025-07-17,IH,IH2507,2732.8,2744.4,2729.0,2744.4,11532,12236,946528.266,2741.0,2734.2
2025-07-17,IH,IH2508,2728.6,2742.2,2726.4,2742.0,10674,13265,875517.462,2738.6,2732.2
2025-07-17,IH,IH2509,2728.2,2741.8,2725.4,2741.4,26576,57361,2179325.052,2738.2,2730.8
2025-07-17,IH,IH2512,2731.2,2744.4,2727.4,2743.8,3276,11683,268836.768,2740.4,2732.2
2025-07-17,IM,IM2507,6441.0,6537.0,6433.6,6537.0,35841,28897,4655766.548,6525.0,6446.0
2025-07-17,IM,IM2508,6375.8,6467.4,6364.0,6466.0,28317,48682,3641751.78,6458.0,6375.2
2025-07-17,IM,IM2509,6295.0,6391.6,6288.2,6390.4,109376,177468,13892462.656,6383.6,6300.8
2025-07-17,IM,IM2512,6114.2,6205.0,6106.8,6203.0,22436,76318,2767464.656,6197.0,6118.6
2025-07-18,IC,IC2507,6093.0,6120.6,6075.4,6086.2,15641,0,1906843.868,6086.46,6077.6
2025-07-18,IC,IC2508,6048.2,6074.2,6020.2,6054.0,27118,52897,3280646.92,6046.6,6025.2
2025-07-18,IC,IC2509,5988.8,6022.0,5968.0,6000.8,41183,104430,4939455.612,5993.2,5972.4
2025-07-18,IC,IC2512,5867.2,5898.6,5842.0,5872.4,10563,58268,1240118.504,5866.2,5845.0
2025-07-18,IF,IF2507,4038.0,4064.8,4037.2,4050.6,16595,0,2017401.318,4050.54,4028.4
2025-07-18,IF,IF2508,4028.0,4057.6,4028.0,4054.0,27038,44062,3280782.306,4047.0,4018.2
2025-07-18,IF,IF2509,4018.8,4046.0,4015.2,4041.8,59958,157186,7253288.364,4035.2,4005.4
2025-07-18,IF,IF2512,3980.0,4010.4,3980.0,4005.8,10689,51932,1281605.958,3999.2,3970.0
2025-07-18,IH,IH2507,2749.4,2771.0,2745.8,2758.8,10204,0,844875.642,2758.54,2741.0
2025-07-18,IH,IH2508,2745.0,2771.4,2743.0,2768.2,15113,19280,1251506.634,2764.2,2738.6
2025-07-18,IH,IH2509,2746.0,2770.0,2742.6,2767.0,35272,61598,2919937.728,2763.2,2738.2
2025-07-18,IH,IH2512,2747.0,2772.6,2745.2,2769.2,5000,12583,414242.622,2764.4,2740.4
2025-07-18,IM,IM2507,6549.6,6568.8,6523.0,6534.6,21453,0,2806681.848,6534.62,6525.0
2025-07-18,IM,IM2508,6473.2,6514.2,6446.4,6490.0,36736,60327,4760445.94,6478.2,6458.0
2025-07-18,IM,IM2509,6406.0,6437.0,6372.8,6413.6,104691,175267,13412342.132,6403.8,6383.6
2025-07-18,IM,IM2512,6225.2,6253.0,6192.4,6227.4,22446,76869,2793554.388,6220.8,6197.0
2025-07-21,IC,IC2508,6077.4,6124.8,6074.0,6106.6,24487,52624,2988863.796,6110.6,6046.6
2025-07-21,IC,IC2509,6036.0,6077.4,6022.2,6055.6,42464,106804,5141576.716,6059.8,5993.2
2025-07-21,IC,IC2512,5890.0,5954.6,5890.0,5929.4,13509,56969,1601937.0,5932.4,5866.2
2025-07-21,IC,IC2603,5804.6,5844.8,5798.0,5816.4,4584,4394,533481.176,5817.4,5866.2
2025-07-21,IF,IF2508,4070.0,4079.6,4054.6,4074.6,23724,43100,2896084.158,4075.2,4047.0
2025-07-21,IF,IF2509,4055.2,4070.8,4044.6,4064.8,49413,152831,6017232.474,4064.4,4035.2
2025-07-21,IF,IF2512,4019.8,4039.2,4013.8,4033.6,12590,51691,1521067.11,4031.6,3999.2
2025-07-21,IF,IF2603,3998.0,4014.4,3989.4,4008.4,3613,3533,433882.32,4002.2,3999.2
2025-07-21,IH,IH2508,2772.0,2779.0,2762.6,2771.0,12121,18686,1008152.106,2771.6,2764.2
2025-07-21,IH,IH2509,2775.0,2779.8,2763.0,2771.2,27071,59730,2251621.806,2771.8,2763.2
2025-07-21,IH,IH2512,2775.0,2783.4,2767.0,2774.6,5477,13374,456119.616,2774.6,2764.4
2025-07-21,IH,IH2603,2770.2,2786.2,2769.8,2774.8,1045,1037,87078.84,2776.2,2764.4
2025-07-21,IM,IM2508,6502.0,6568.0,6500.6,6535.6,38762,62361,5071673.844,6545.2,6478.2
2025-07-21,IM,IM2509,6440.0,6503.2,6430.2,6463.2,106976,178934,13847309.848,6472.6,6403.8
2025-07-21,IM,IM2512,6245.0,6318.0,6242.8,6276.8,29337,78555,3690705.6,6288.4,6220.8
2025-07-21,IM,IM2603,6121.0,6160.0,6091.6,6118.8,8870,8464,1087841.032,6128.4,6220.8
2025-07-22,IC,IC2508,6116.6,6183.2,6104.0,6183.2,26660,54215,3276523.392,6161.2,6110.6
2025-07-22,IC,IC2509,6064.0,6133.0,6050.0,6129.4,49010,108997,5972327.164,6111.8,6059.8
2025-07-22,IC,IC2512,5933.2,6005.0,5923.4,6001.2,12904,56846,1540439.284,5984.6,5932.4
2025-07-22,IC,IC2603,5816.4,5888.8,5806.0,5888.2,4002,5268,468184.252,5870.0,5817.4
2025-07-22,IF,IF2508,4079.0,4119.2,4061.4,4118.8,29517,47302,3622519.392,4105.4,4075.2
2025-07-22,IF,IF2509,4067.0,4110.8,4051.0,4109.8,69503,162828,8510523.402,4096.6,4064.4
2025-07-22,IF,IF2512,4036.0,4078.0,4020.0,4076.2,14593,52902,1773111.636,4063.6,4031.6
2025-07-22,IF,IF2603,4008.4,4050.0,3995.2,4047.6,3790,4515,457317.57,4033.2,4002.2
2025-07-22,IH,IH2508,2772.8,2797.8,2761.4,2794.8,15532,21381,1295765.442,2788.8,2771.6
2025-07-22,IH,IH2509,2772.0,2798.8,2762.2,2796.8,37371,65052,3118025.994,2789.4,2771.8
2025-07-22,IH,IH2512,2775.2,2800.8,2765.0,2798.6,5645,14218,471449.052,2791.6,2774.6
2025-07-22,IH,IH2603,2778.8,2801.8,2767.8,2798.8,1250,1127,104372.25,2793.4,2776.2
2025-07-22,IM,IM2508,6530.0,6590.0,6527.2,6590.0,39378,62728,5166760.572,6568.0,6545.2
2025-07-22,IM,IM2509,6463.2,6518.0,6451.2,6515.4,118700,178632,15400164.3,6495.8,6472.6
2025-07-22,IM,IM2512,6278.2,6331.0,6268.0,6331.0,26255,77150,3309601.988,6311.4,6288.4
2025-07-22,IM,IM2603,6119.8,6173.2,6105.2,6172.8,7964,9821,977906.852,6150.4,6128.4
2025-07-23,IC,IC2508,6195.4,6229.2,6152.2,6165.4,27286,52000,3376522.436,6170.2,6161.2
2025-07-23,IC,IC2509,6135.8,6184.8,6101.8,6120.0,54336,109396,6669857.544,6120.8,6111.8
2025-07-23,IC,IC2512,6024.2,6055.4,5977.0,5996.2,17359,58481,2087860.248,5997.0,5984.6
2025-07-23,IC,IC2603,5913.2,5939.8,5864.4,5885.8,6240,8359,736372.536,5882.8,5870.0
2025-07-23,IF,IF2508,4126.2,4154.0,4106.4,4116.4,32286,47069,3999345.69,4117.8,4105.4
2025-07-23,IF,IF2509,4117.0,4146.6,4097.2,4109.2,76014,161682,9397069.5,4109.8,4096.6
2025-07-23,IF,IF2512,4087.0,4117.8,4068.2,4079.2,17847,53822,2190212.976,4079.8,4063.6
2025-07-23,IF,IF2603,4055.2,4088.0,4039.8,4050.0,4962,6484,604577.82,4051.6,4033.2
2025-07-23,IH,IH2508,2802.0,2827.4,2792.6,2801.6,16221,20857,1366542.528,2801.8,2788.8
2025-07-23,IH,IH2509,2803.2,2827.6,2795.0,2802.8,42398,63695,3572291.604,2802.6,2789.4
2025-07-23,IH,IH2512,2806.2,2830.0,2797.8,2804.8,6738,14435,568106.292,2804.2,2791.6
2025-07-23,IH,IH2603,2810.0,2830.2,2798.8,2805.6,1519,1769,128171.754,2805.8,2793.4
2025-07-23,IM,IM2508,6595.2,6629.0,6548.2,6568.4,42382,64984,5582775.772,6570.8,6568.0
2025-07-23,IM,IM2509,6521.2,6561.4,6474.2,6500.0,131364,182055,17119179.144,6499.2,6495.8
2025-07-23,IM,IM2512,6340.0,6377.0,6292.4,6318.8,29691,78973,3759886.996,6316.8,6311.4
2025-07-23,IM,IM2603,6177.8,6218.6,6136.0,6160.0,8303,12266,1025252.336,6158.4,6150.4
2025-07-24,IC,IC2508,6158.6,6277.4,6158.6,6269.6,25848,53361,3220200.592,6262.6,6170.2
2025-07-24,IC,IC2509,6120.4,6234.6,6115.0,6226.0,49292,109680,6096446.676,6217.8,6120.8
2025-07-24,IC,IC2512,6003.0,6111.6,5988.0,6104.6,14865,57871,1802256.58,6092.6,5997.0
2025-07-24,IC,IC2603,5882.0,6000.0,5881.0,5997.8,5463,8877,650005.924,5979.4,5882.8
2025-07-24,IF,IF2508,4115.0,4151.0,4110.0,4147.0,30340,47426,3762449.958,4142.8,4117.8
2025-07-24,IF,IF2509,4103.0,4144.6,4101.2,4141.2,65298,163125,8085385.41,4136.8,4109.8
2025-07-24,IF,IF2512,4080.0,4114.4,4073.0,4111.8,14115,53553,1735849.77,4105.2,4079.8
2025-07-24,IF,IF2603,4050.0,4084.4,4044.4,4083.4,4380,7264,534627.96,4074.0,4051.6
2025-07-24,IH,IH2508,2798.8,2822.0,2794.2,2815.4,12773,20633,1076817.39,2812.0,2801.8
2025-07-24,IH,IH2509,2798.0,2823.4,2795.6,2816.6,34309,63790,2893661.172,2813.8,2802.6
2025-07-24,IH,IH2512,2804.8,2825.0,2798.0,2818.0,5242,14530,442489.866,2815.2,2804.2
2025-07-24,IH,IH2603,2802.6,2825.8,2798.8,2818.0,1518,1938,128098.71,2816.4,2805.8
2025-07-24,IM,IM2508,6583.0,6685.6,6560.2,6675.8,43342,64427,5750824.532,6666.2,6570.8
2025-07-24,IM,IM2509,6492.0,6626.2,6491.2,6618.6,124051,181457,16300208.528,6603.6,6499.2
2025-07-24,IM,IM2512,6322.0,6444.8,6308.2,6435.4,29081,79069,3716198.736,6423.4,6316.8
2025-07-24,IM,IM2603,6160.0,6283.6,6151.6,6273.2,8632,13360,1075902.472,6263.0,6158.4
2025-07-25,IC,IC2508,6275.0,6277.4,6238.2,6261.2,21529,50382,2695230.944,6263.0,6262.6
2025-07-25,IC,IC2509,6218.0,6232.0,6189.6,6216.0,39078,106883,4855811.176,6216.2,6217.8
2025-07-25,IC,IC2512,6105.8,6106.6,6066.0,6090.6,11549,57743,1406326.908,6090.6,6092.6
2025-07-25,IC,IC2603,6009.2,6009.2,5952.2,5975.6,4777,10548,570568.36,5973.2,5979.4
2025-07-25,IF,IF2508,4147.0,4147.0,4112.0,4122.8,23577,42708,2920268.922,4123.6,4142.8
2025-07-25,IF,IF2509,4136.0,4138.0,4104.0,4116.0,53170,155404,6572893.518,4115.6,4136.8
2025-07-25,IF,IF2512,4111.8,4111.8,4076.0,4088.8,12168,54115,1493327.478,4086.2,4105.2
2025-07-25,IF,IF2603,4083.4,4083.4,4043.6,4055.8,3531,7949,429995.382,4054.0,4074.0
2025-07-25,IH,IH2508,2812.0,2812.0,2786.6,2795.6,12022,20034,1009142.376,2795.0,2812.0
2025-07-25,IH,IH2509,2812.4,2813.2,2787.0,2796.8,30341,61165,2547697.926,2795.8,2813.8
2025-07-25,IH,IH2512,2814.8,2814.8,2790.0,2798.0,4009,14458,336828.516,2797.8,2815.2
2025-07-25,IH,IH2603,2815.8,2815.8,2791.6,2801.0,855,1783,71880.462,2800.0,2816.4
2025-07-25,IM,IM2508,6677.0,6678.8,6630.8,6668.2,32877,60791,4379165.436,6667.2,6666.2
2025-07-25,IM,IM2509,6619.0,6619.0,6567.0,6605.8,98231,172911,12959129.884,6604.4,6603.6
2025-07-25,IM,IM2512,6430.4,6436.0,6387.0,6424.2,21466,78730,2754023.86,6421.4,6423.4
2025-07-25,IM,IM2603,6289.0,6289.0,6227.4,6263.6,6839,14591,855495.584,6259.8,6263.0
2025-07-28,IC,IC2508,6265.2,6300.4,6226.0,6274.0,23810,50886,2984853.876,6275.0,6263.0
2025-07-28,IC,IC2509,6218.4,6251.8,6176.2,6222.0,46353,108139,5764873.76,6221.8,6216.2
2025-07-28,IC,IC2512,6093.0,6122.6,6052.0,6091.4,13923,58398,1696694.616,6091.8,6090.6
2025-07-28,IC,IC2603,5976.6,6005.6,5934.2,5973.0,4105,11267,490366.848,5971.0,5973.2
2025-07-28,IF,IF2508,4122.4,4143.4,4102.8,4131.2,23316,44447,2884973.478,4129.2,4123.6
2025-07-28,IF,IF2509,4116.0,4134.6,4093.8,4122.0,54638,156735,6746291.22,4119.0,4115.6
2025-07-28,IF,IF2512,4091.0,4103.8,4064.8,4090.8,10792,53495,1323054.684,4089.0,4086.2
2025-07-28,IF,IF2603,4059.8,4070.0,4033.2,4057.0,4247,9162,516555.288,4053.0,4054.0
2025-07-28,IH,IH2508,2794.2,2810.2,2785.0,2806.0,12722,18444,1068449.256,2803.4,2795.0
2025-07-28,IH,IH2509,2796.2,2810.6,2785.4,2805.8,28883,60762,2426475.948,2803.2,2795.8
2025-07-28,IH,IH2512,2798.0,2812.6,2787.8,2807.4,3824,14347,321443.136,2805.2,2797.8
2025-07-28,IH,IH2603,2805.8,2814.0,2790.0,2809.6,928,1894,78054.906,2807.0,2800.0
2025-07-28,IM,IM2508,6669.6,6707.8,6627.2,6674.6,39355,63669,5251749.008,6675.2,6667.2
2025-07-28,IM,IM2509,6608.6,6645.0,6560.0,6602.0,116079,180433,15336026.6,6605.0,6604.4
2025-07-28,IM,IM2512,6428.0,6462.0,6378.4,6419.4,24230,79041,3112849.772,6420.6,6421.4
2025-07-28,IM,IM2603,6275.0,6301.0,6215.4,6256.2,6593,15608,825386.576,6253.8,6259.8
2025-07-29,IC,IC2508,6258.8,6321.6,6218.4,6317.8,23067,48942,2890868.312,6298.0,6275.0
2025-07-29,IC,IC2509,6211.0,6267.0,6161.4,6263.0,46670,105314,5794954.94,6241.6,6221.8
2025-07-29,IC,IC2512,6081.4,6124.4,6033.0,6122.8,13587,58057,1650698.348,6101.2,6091.8
2025-07-29,IC,IC2603,5960.0,6000.0,5916.0,5996.4,4769,12468,567524.252,5973.8,5971.0
2025-07-29,IF,IF2508,4123.0,4153.2,4108.6,4152.8,24227,41889,3002235.084,4145.4,4129.2
2025-07-29,IF,IF2509,4112.0,4142.8,4095.4,4141.4,58516,153577,7232149.494,4134.6,4119.0
2025-07-29,IF,IF2512,4086.0,4110.6,4064.0,4110.0,10826,54546,1327820.178,4102.0,4089.0
2025-07-29,IF,IF2603,4045.0,4078.6,4030.0,4078.6,4094,9508,497989.476,4069.0,4053.0
2025-07-29,IH,IH2508,2800.0,2817.4,2793.0,2812.6,11112,17894,935446.938,2812.4,2803.4
2025-07-29,IH,IH2509,2801.0,2817.6,2792.8,2814.0,30546,60354,2571121.476,2812.2,2803.2
2025-07-29,IH,IH2512,2803.2,2819.4,2794.4,2815.0,3574,14387,301051.452,2813.8,2805.2
2025-07-29,IH,IH2603,2803.2,2820.2,2795.8,2816.0,915,2087,77123.82,2814.2,2807.0
2025-07-29,IM,IM2508,6668.4,6735.0,6622.6,6731.0,38521,59508,5140659.484,6705.4,6675.2
2025-07-29,IM,IM2509,6583.0,6664.2,6546.6,6662.0,116403,174556,15365204.656,6633.0,6605.0
2025-07-29,IM,IM2512,6412.2,6472.0,6363.8,6471.8,26296,78495,3373144.348,6443.2,6420.6
2025-07-29,IM,IM2603,6244.6,6306.0,6201.2,6306.0,7329,17353,915694.664,6277.0,6253.8
2025-07-30,IC,IC2508,6298.0,6330.0,6226.4,6271.2,26089,51234,3281457.876,6266.2,6298.0
2025-07-30,IC,IC2509,6261.0,6275.0,6173.2,6215.4,58280,108507,7262621.292,6209.8,6241.6
2025-07-30,IC,IC2512,6105.0,6135.0,6038.8,6079.0,15042,57093,1833170.844,6073.8,6101.2
2025-07-30,IC,IC2603,5975.8,6009.0,5912.2,5955.2,5843,13089,697566.464,5947.8,5973.8
2025-07-30,IF,IF2508,4141.8,4183.6,4120.8,4147.0,35444,46692,4416205.968,4140.0,4145.4
2025-07-30,IF,IF2509,4131.4,4173.0,4110.0,4136.4,81931,162604,10181759.07,4130.2,4134.6
2025-07-30,IF,IF2512,4102.0,4140.8,4080.2,4105.2,15870,54981,1956548.28,4097.8,4102.0
2025-07-30,IF,IF2603,4074.0,4106.4,4049.6,4074.4,4786,10426,585291.324,4066.2,4069.0
2025-07-30,IH,IH2508,2809.6,2846.4,2800.8,2821.4,16238,20777,1376102.97,2817.4,2812.4
2025-07-30,IH,IH2509,2812.0,2846.0,2801.0,2820.0,46511,64619,3941434.368,2817.6,2812.2
2025-07-30,IH,IH2512,2812.8,2845.0,2803.0,2820.2,6381,15228,540940.71,2817.6,2813.8
2025-07-30,IH,IH2603,2811.6,2845.2,2803.8,2821.6,1819,2657,154127.298,2818.0,2814.2
2025-07-30,IM,IM2508,6707.2,6727.6,6624.0,6675.6,46466,64269,6212607.288,6665.8,6705.4
2025-07-30,IM,IM2509,6640.0,6658.0,6556.0,6604.2,144840,185002,19160061.652,6596.2,6633.0
2025-07-30,IM,IM2512,6453.0,6473.0,6375.0,6415.2,31250,78570,4018628.684,6412.2,6443.2
2025-07-30,IM,IM2603,6289.0,6304.2,6208.2,6249.8,8723,18656,1092494.568,6243.6,6277.0
2025-07-31,IC,IC2508,6256.0,6286.0,6147.4,6187.4,30951,48494,3850026.724,6175.6,6266.2
2025-07-31,IC,IC2509,6198.4,6228.0,6084.4,6124.0,65759,107159,8098875.916,6112.2,6209.8
2025-07-31,IC,IC2512,6041.8,6089.0,5937.8,5979.8,17594,57612,2114545.368,5964.6,6073.8
2025-07-31,IC,IC2603,5935.2,5961.8,5811.2,5851.8,5255,13898,618480.256,5839.2,5947.8
2025-07-31,IF,IF2508,4130.0,4136.4,4049.4,4070.4,37743,44630,4631375.526,4063.8,4140.0
2025-07-31,IF,IF2509,4124.8,4125.6,4035.4,4057.0,91447,157602,11190336.282,4050.8,4130.2
2025-07-31,IF,IF2512,4087.0,4092.6,4001.2,4026.0,21536,57810,2613079.632,4016.4,4097.8
2025-07-31,IF,IF2603,4059.6,4061.6,3969.0,3990.6,5470,10945,658489.092,3985.6,4066.2
2025-07-31,IH,IH2508,2812.0,2812.0,2764.0,2777.4,18697,19872,1561924.182,2772.6,2817.4
2025-07-31,IH,IH2509,2811.6,2811.6,2763.4,2777.0,48789,62558,4074858.63,2772.0,2817.6
2025-07-31,IH,IH2512,2808.0,2812.0,2765.4,2778.6,6875,15077,574632.612,2773.6,2817.6
2025-07-31,IH,IH2603,2810.6,2813.6,2766.6,2778.0,1564,2459,130748.028,2775.6,2818.0
2025-07-31,IM,IM2508,6669.8,6706.2,6574.4,6612.2,52087,61927,6923943.0,6602.8,6665.8
2025-07-31,IM,IM2509,6589.0,6634.0,6497.2,6538.0,167548,183162,22020034.208,6526.6,6596.2
2025-07-31,IM,IM2512,6381.0,6444.4,6312.6,6351.8,35653,81718,4550879.7,6340.0,6412.2
2025-07-31,IM,IM2603,6225.6,6273.6,6146.8,6183.4,12486,21457,1551297.728,6173.0,6243.6
2025-08-01,IC,IC2508,6182.0,6223.0,6141.2,6165.6,23245,46392,2875464.9,6173.6,6175.6
2025-08-01,IC,IC2509,6130.0,6163.8,6078.8,6104.0,49203,103426,6024721.26,6109.8,6112.2
2025-08-01,IC,IC2512,5977.0,6018.2,5932.0,5957.0,13257,56375,1584010.688,5961.8,5964.6
2025-08-01,IC,IC2603,5852.0,5890.0,5807.0,5829.0,3737,14051,437010.108,5835.8,5839.2
2025-08-01,IF,IF2508,4064.8,4077.8,4031.0,4042.8,28026,44554,3411024.222,4044.0,4063.8
2025-08-01,IF,IF2509,4057.8,4066.4,4018.6,4029.6,56881,151416,6901696.686,4031.8,4050.8
2025-08-01,IF,IF2512,4021.0,4033.0,3987.0,3997.2,11149,55019,1341749.274,4000.0,4016.4
2025-08-01,IF,IF2603,3990.8,4002.0,3958.0,3968.2,3382,10880,403984.152,3969.0,3985.6
2025-08-01,IH,IH2508,2773.6,2780.8,2748.8,2754.0,13199,19062,1095172.518,2755.4,2772.6
2025-08-01,IH,IH2509,2776.0,2781.2,2749.2,2754.4,32117,60001,2663895.33,2755.4,2772.0
2025-08-01,IH,IH2512,2775.0,2783.0,2752.2,2756.4,4053,14858,336342.42,2757.4,2773.6
2025-08-01,IH,IH2603,2776.2,2783.8,2751.6,2757.2,1464,2979,121506.498,2757.0,2775.6
2025-08-01,IM,IM2508,6625.0,6666.6,6584.2,6616.8,42039,59949,5573458.36,6625.2,6602.8
2025-08-01,IM,IM2509,6554.6,6594.6,6507.0,6542.8,133160,176823,17453009.008,6549.8,6526.6
2025-08-01,IM,IM2512,6350.0,6406.8,6323.2,6359.0,28809,80699,3668634.5,6364.8,6340.0
2025-08-01,IM,IM2603,6188.0,6238.0,6154.2,6186.2,8974,20749,1112013.136,6194.6,6173.0
2025-08-04,IC,IC2508,6158.8,6232.0,6146.0,6230.6,20033,43682,2479719.552,6220.6,6173.6
2025-08-04,IC,IC2509,6084.0,6169.8,6083.2,6169.0,42885,102178,5255793.252,6157.8,6109.8
2025-08-04,IC,IC2512,5937.8,6014.8,5935.0,6014.4,11635,56773,1391434.864,6001.2,5961.8
2025-08-04,IC,IC2603,5803.8,5885.6,5803.8,5885.0,3034,14317,354755.316,5873.2,5835.8
2025-08-04,IF,IF2508,4034.0,4066.0,4029.0,4065.2,20676,41162,2511664.2,4060.0,4044.0
2025-08-04,IF,IF2509,4018.2,4054.0,4017.4,4052.8,44736,146808,5418623.328,4048.0,4031.8
2025-08-04,IF,IF2512,3983.0,4023.2,3983.0,4021.6,8550,55542,1027449.396,4017.0,4000.0
2025-08-04,IF,IF2603,3951.8,3993.0,3951.0,3993.0,3138,11123,374165.13,3987.2,3969.0
2025-08-04,IH,IH2508,2749.0,2770.2,2749.0,2770.2,10119,17629,838427.526,2767.2,2755.4
2025-08-04,IH,IH2509,2750.0,2770.8,2750.0,2770.4,24294,56661,2013348.162,2768.0,2755.4
2025-08-04,IH,IH2512,2751.4,2773.0,2751.0,2772.2,2959,14870,245400.738,2770.0,2757.4
2025-08-04,IH,IH2603,2754.0,2773.6,2752.2,2773.4,1147,2905,95131.488,2769.8,2757.0
2025-08-04,IM,IM2508,6606.0,6715.0,6587.2,6711.8,36378,57024,4839353.216,6694.4,6625.2
2025-08-04,IM,IM2509,6528.0,6644.0,6512.2,6642.6,119420,177500,15710938.516,6622.6,6549.8
2025-08-04,IM,IM2512,6336.4,6454.0,6328.8,6454.0,25747,81212,3292828.172,6433.0,6364.8
2025-08-04,IM,IM2603,6165.0,6280.0,6156.2,6279.8,7694,21312,957049.648,6262.0,6194.6
2025-08-05,IC,IC2508,6240.4,6267.4,6225.2,6265.4,17940,42310,2241442.036,6260.2,6220.6
2025-08-05,IC,IC2509,6177.0,6204.0,6160.0,6198.6,34079,100647,4214114.284,6195.6,6157.8
2025-08-05,IC,IC2512,6030.8,6044.6,6002.8,6040.2,10195,57090,1228578.384,6038.0,6001.2
2025-08-05,IC,IC2603,5896.0,5910.0,5868.2,5909.8,3645,15097,429432.044,5903.4,5873.2
2025-08-05,IF,IF2508,4072.0,4098.8,4064.8,4095.0,21739,40900,2660383.38,4094.4,4060.0
2025-08-05,IF,IF2509,4060.0,4086.6,4051.0,4082.0,45420,147312,5542118.124,4081.8,4048.0
2025-08-05,IF,IF2512,4026.0,4056.4,4019.0,4051.0,10162,55886,1230597.528,4050.8,4017.0
2025-08-05,IF,IF2603,3999.8,4023.4,3989.2,4020.6,3200,11542,384417.072,4019.0,3987.2
2025-08-05,IH,IH2508,2770.2,2793.4,2766.2,2789.4,9909,17040,826316.496,2789.8,2767.2
2025-08-05,IH,IH2509,2772.0,2795.0,2767.0,2791.0,25627,57065,2137305.45,2790.8,2768.0
2025-08-05,IH,IH2512,2775.2,2795.8,2768.6,2792.8,4020,15388,335543.394,2792.6,2770.0
2025-08-05,IH,IH2603,2775.6,2796.6,2769.8,2794.0,1181,3232,98567.898,2792.8,2769.8
2025-08-05,IM,IM2508,6729.8,6754.6,6703.8,6754.4,30211,54368,4064643.0,6744.6,6694.4
2025-08-05,IM,IM2509,6658.0,6685.0,6631.0,6682.0,95602,172540,12725469.068,6673.2,6622.6
2025-08-05,IM,IM2512,6468.0,6493.8,6440.4,6490.8,21668,80633,2802323.04,6482.2,6433.0
2025-08-05,IM,IM2603,6294.0,6314.0,6264.8,6311.0,7824,22397,984248.608,6304.8,6262.0
2025-08-06,IC,IC2508,6255.0,6337.8,6255.0,6326.8,19667,42223,2479107.632,6331.0,6260.2
2025-08-06,IC,IC2509,6198.0,6274.0,6192.0,6263.2,37260,103512,4648838.408,6266.2,6195.6
2025-08-06,IC,IC2512,6034.8,6115.6,6034.8,6106.2,11405,58163,1386589.588,6107.8,6038.0
2025-08-06,IC,IC2603,5909.8,5981.0,5903.8,5968.8,3805,15444,452311.92,5973.4,5903.4
2025-08-06,IF,IF2508,4091.4,4115.4,4088.2,4107.4,18928,38646,2330174.052,4109.0,4094.4
2025-08-06,IF,IF2509,4080.0,4105.2,4077.0,4097.0,42038,144956,5160931.89,4098.6,4081.8
2025-08-06,IF,IF2512,4050.8,4073.8,4047.2,4067.0,9807,57353,1194961.008,4068.6,4050.8
2025-08-06,IF,IF2603,4022.0,4042.8,4015.6,4036.0,3135,12051,379075.068,4037.8,4019.0
2025-08-06,IH,IH2508,2787.0,2801.0,2785.0,2795.6,8312,16873,696878.55,2797.2,2789.8
2025-08-06,IH,IH2509,2790.0,2802.6,2786.0,2796.2,23697,55640,1987576.758,2798.2,2790.8
2025-08-06,IH,IH2512,2790.0,2804.2,2787.8,2798.4,3618,15455,303676.656,2800.2,2792.6
2025-08-06,IH,IH2603,2789.8,2805.6,2789.8,2800.6,1059,3192,88934.61,2801.8,2792.8
2025-08-06,IM,IM2508,6745.0,6852.4,6738.6,6834.4,34598,55417,4708839.244,6840.2,6744.6
2025-08-06,IM,IM2509,6674.0,6785.0,6668.0,6762.6,106338,178409,14315734.336,6770.4,6673.2
2025-08-06,IM,IM2512,6490.0,6596.2,6481.2,6574.8,26924,83450,3522254.756,6581.2,6482.2
2025-08-06,IM,IM2603,6312.0,6414.8,6304.0,6398.0,8522,24034,1084185.46,6402.6,6304.8
2025-08-07,IC,IC2508,6333.8,6354.4,6265.0,6299.4,22671,41780,2857008.068,6298.2,6331.0
2025-08-07,IC,IC2509,6262.0,6288.8,6195.2,6226.4,48504,106065,6045850.264,6226.6,6266.2
2025-08-07,IC,IC2512,6108.2,6130.6,6042.0,6069.4,12209,58202,1484077.24,6071.2,6107.8
2025-08-07,IC,IC2603,5982.8,6000.0,5910.0,5933.4,4562,16738,542172.412,5935.4,5973.4
2025-08-07,IF,IF2508,4112.2,4127.6,4085.4,4106.2,23901,40228,2943619.596,4105.8,4109.0
2025-08-07,IF,IF2509,4100.0,4117.4,4073.2,4092.6,54603,149221,6705650.022,4093.0,4098.6
2025-08-07,IF,IF2512,4075.0,4086.8,4044.0,4061.6,11354,58214,1384345.584,4063.0,4068.6
2025-08-07,IF,IF2603,4040.0,4056.0,4014.0,4029.8,3411,12774,412827.66,4032.0,4037.8
2025-08-07,IH,IH2508,2798.0,2809.0,2784.2,2796.8,10172,17124,853252.224,2796.8,2797.2
2025-08-07,IH,IH2509,2798.0,2810.0,2785.0,2797.8,29486,56447,2474211.57,2797.6,2798.2
2025-08-07,IH,IH2512,2801.0,2811.0,2784.4,2798.0,6578,16193,551945.652,2797.6,2800.2
2025-08-07,IH,IH2603,2802.0,2811.4,2784.2,2797.0,2226,3473,186551.808,2797.2,2801.8
2025-08-07,IM,IM2508,6840.0,6865.8,6786.0,6828.0,37349,55712,5097105.232,6825.6,6840.2
2025-08-07,IM,IM2509,6768.8,6794.6,6711.0,6750.0,119420,179795,16121790.532,6748.8,6770.4
2025-08-07,IM,IM2512,6581.0,6606.0,6529.2,6558.2,29041,84189,3811714.608,6560.0,6581.2
2025-08-07,IM,IM2603,6398.2,6429.4,6352.0,6376.2,9685,25728,1236450.076,6378.0,6402.6
2025-08-08,IC,IC2508,6288.2,6322.8,6267.8,6299.4,19189,38370,2416632.18,6304.0,6298.2
2025-08-08,IC,IC2509,6219.0,6251.0,6196.0,6227.0,37017,101969,4608955.028,6232.0,6226.6
2025-08-08,IC,IC2512,6060.0,6093.8,6041.4,6066.0,9946,57588,1207228.688,6073.0,6071.2
2025-08-08,IC,IC2603,5915.0,5957.0,5908.0,5930.0,3493,16755,414351.848,5934.6,5935.4
2025-08-08,IF,IF2508,4100.0,4115.0,4088.0,4096.8,20376,37934,2507698.086,4101.0,4105.8
2025-08-08,IF,IF2509,4087.0,4102.0,4073.8,4083.2,42805,142247,5250762.324,4087.4,4093.0
2025-08-08,IF,IF2512,4057.8,4070.6,4043.2,4052.2,9160,57531,1115125.434,4055.8,4063.0
2025-08-08,IF,IF2603,4027.8,4037.8,4012.2,4018.8,2823,12819,340929.06,4022.2,4032.0
2025-08-08,IH,IH2508,2794.0,2799.8,2780.8,2785.0,9506,16901,795751.5,2788.0,2796.8
2025-08-08,IH,IH2509,2795.2,2800.6,2782.4,2785.4,25210,54184,2111174.172,2789.2,2797.6
2025-08-08,IH,IH2512,2795.6,2800.8,2782.8,2785.8,3568,15486,298808.91,2789.4,2797.6
2025-08-08,IH,IH2603,2795.8,2798.0,2781.6,2784.4,1174,3215,98247.18,2787.6,2797.2
2025-08-08,IM,IM2508,6818.2,6836.6,6783.4,6810.2,29800,51697,4059686.196,6819.4,6825.6
2025-08-08,IM,IM2509,6740.0,6760.8,6705.4,6735.0,98835,173187,13314312.584,6742.8,6748.8
2025-08-08,IM,IM2512,6551.0,6570.2,6518.8,6542.0,22769,83475,2980673.188,6550.8,6560.0
2025-08-08,IM,IM2603,6368.8,6388.6,6338.8,6361.4,6188,25836,787714.772,6369.8,6378.0
2025-08-11,IC,IC2508,6317.4,6403.2,6311.2,6368.2,24165,36417,3076613.332,6376.2,6304.0
2025-08-11,IC,IC2509,6254.0,6339.0,6240.8,6298.8,48225,108767,6074861.644,6309.6,6232.0
2025-08-11,IC,IC2512,6092.6,6184.4,6080.6,6144.6,15607,60245,1918037.584,6154.6,6073.0
2025-08-11,IC,IC2603,5958.8,6044.4,5942.4,6006.0,5506,18455,661297.58,6018.8,5934.6
2025-08-11,IF,IF2508,4101.2,4137.8,4099.8,4116.0,26740,38123,3304945.872,4123.0,4101.0
2025-08-11,IF,IF2509,4089.4,4126.4,4086.0,4104.8,60577,151777,7464695.49,4110.2,4087.4
2025-08-11,IF,IF2512,4060.0,4096.8,4055.4,4075.2,13333,60885,1631219.964,4081.2,4055.8
2025-08-11,IF,IF2603,4025.0,4063.8,4022.6,4044.6,4100,13958,497494.866,4048.8,4022.2
2025-08-11,IH,IH2508,2787.8,2802.6,2782.6,2788.4,11127,17192,932136.126,2792.4,2788.0
2025-08-11,IH,IH2509,2789.0,2802.8,2784.0,2789.4,30720,59127,2574268.002,2792.6,2789.2
2025-08-11,IH,IH2512,2793.4,2804.8,2785.2,2791.0,5624,16582,471593.238,2793.6,2789.4
2025-08-11,IH,IH2603,2789.8,2804.8,2784.8,2790.4,1607,3685,134715.168,2793.2,2787.6
2025-08-11,IM,IM2508,6828.4,6958.8,6828.4,6925.6,43016,51569,5946586.984,6933.0,6819.4
2025-08-11,IM,IM2509,6759.8,6888.0,6756.2,6851.2,124872,189312,17081122.404,6862.4,6742.8
2025-08-11,IM,IM2512,6569.0,6699.0,6565.2,6663.8,34372,89935,4571964.996,6674.4,6550.8
2025-08-11,IM,IM2603,6370.4,6518.0,6370.4,6478.8,11089,28923,1434882.36,6492.8,6369.8
2025-08-12,IC,IC2508,6372.2,6413.0,6351.8,6409.2,19909,30393,2541768.396,6405.2,6376.2
2025-08-12,IC,IC2509,6301.0,6347.8,6281.0,6342.6,42560,106131,5377391.816,6338.8,6309.6
2025-08-12,IC,IC2512,6154.6,6190.4,6125.4,6190.0,12274,59160,1512560.072,6182.6,6154.6
2025-08-12,IC,IC2603,6012.8,6057.0,5990.8,6051.6,4298,18201,517994.928,6047.6,6018.8
2025-08-12,IF,IF2508,4115.0,4155.4,4115.0,4144.4,25236,32191,3133506.18,4141.2,4123.0
2025-08-12,IF,IF2509,4109.6,4144.2,4104.6,4131.2,61270,149241,7584978.546,4128.6,4110.2
2025-08-12,IF,IF2512,4076.0,4114.0,4075.8,4102.0,13299,60942,1634742.882,4099.6,4081.2
2025-08-12,IF,IF2603,4046.2,4082.8,4043.0,4069.6,3780,13774,460885.71,4068.0,4048.8
2025-08-12,IH,IH2508,2789.2,2818.8,2789.2,2809.8,13160,15591,1108508.688,2808.8,2792.4
2025-08-12,IH,IH2509,2790.4,2819.0,2790.4,2809.6,36458,59544,3071180.304,2809.0,2792.6
2025-08-12,IH,IH2512,2791.6,2818.4,2791.4,2811.4,5899,16176,496889.94,2810.0,2793.6
2025-08-12,IH,IH2603,2792.0,2818.6,2791.6,2811.0,1838,3555,154779.6,2809.4,2793.2
2025-08-12,IM,IM2508,6926.0,6961.8,6892.8,6954.2,33955,39694,4706292.512,6950.8,6933.0
2025-08-12,IM,IM2509,6852.2,6891.8,6824.2,6883.6,104433,182508,14326162.992,6879.8,6862.4
2025-08-12,IM,IM2512,6661.2,6700.0,6637.0,6694.2,26677,88175,3559624.728,6689.8,6674.4
2025-08-12,IM,IM2603,6484.8,6519.0,6456.2,6512.0,9345,28872,1212804.184,6507.4,6492.8
2025-08-13,IC,IC2508,6419.2,6520.8,6419.2,6505.8,26341,24535,3410229.568,6503.8,6405.2
2025-08-13,IC,IC2509,6351.0,6466.0,6351.0,6451.8,57282,118359,7348394.928,6444.4,6338.8
2025-08-13,IC,IC2512,6200.0,6316.0,6200.0,6303.2,17327,62440,2170144.244,6297.2,6182.6
2025-08-13,IC,IC2603,6067.6,6190.2,6066.4,6175.0,5919,19875,725800.42,6170.2,6047.6
2025-08-13,IF,IF2508,4155.0,4191.6,4146.2,4181.2,28706,26205,3591269.454,4175.4,4141.2
2025-08-13,IF,IF2509,4138.8,4181.0,4135.2,4170.8,74450,160310,9291629.118,4164.6,4128.6
2025-08-13,IF,IF2512,4113.0,4152.4,4107.0,4143.0,18387,64401,2279215.656,4137.4,4099.6
2025-08-13,IF,IF2603,4080.2,4121.0,4076.2,4115.6,5231,15382,643569.12,4107.4,4068.0
2025-08-13,IH,IH2508,2812.0,2832.4,2808.0,2818.0,13641,13147,1153669.17,2815.0,2808.8
2025-08-13,IH,IH2509,2813.0,2832.4,2808.4,2818.8,41254,64688,3489484.62,2816.0,2809.0
2025-08-13,IH,IH2512,2820.0,2833.6,2810.0,2822.0,8842,19178,748345.188,2817.6,2810.0
2025-08-13,IH,IH2603,2815.8,2835.2,2809.6,2824.8,2948,4463,249670.986,2819.4,2809.4
2025-08-13,IM,IM2508,6962.2,7081.0,6962.2,7064.2,37678,38206,5295653.54,7060.8,6950.8
2025-08-13,IM,IM2509,6900.8,7016.0,6898.2,7001.8,138415,204738,19275579.48,6995.4,6879.8
2025-08-13,IM,IM2512,6710.0,6832.4,6710.0,6822.0,39622,95761,5372055.7,6812.8,6689.8
2025-08-13,IM,IM2603,6528.0,6656.4,6528.0,6646.0,13952,32817,1842347.996,6637.6,6507.4
2025-08-14,IC,IC2508,6522.0,6522.0,6412.0,6431.6,20720,14200,2683694.588,6451.0,6503.8
2025-08-14,IC,IC2509,6466.0,6469.2,6358.2,6380.2,65643,119381,8426606.248,6396.2,6444.4
2025-08-14,IC,IC2512,6317.4,6326.0,6218.2,6243.0,18606,62193,2336747.408,6258.2,6297.2
2025-08-14,IC,IC2603,6186.2,6202.2,6093.8,6123.8,7177,19783,883850.408,6135.2,6170.2
2025-08-14,IF,IF2508,4184.0,4222.2,4165.4,4172.6,25502,18664,3208411.86,4184.6,4175.4
2025-08-14,IF,IF2509,4179.6,4212.8,4155.8,4163.8,93677,167999,11761234.812,4176.0,4164.6
2025-08-14,IF,IF2512,4148.2,4185.6,4128.4,4138.8,26465,68756,3301718.934,4149.6,4137.4
2025-08-14,IF,IF2603,4122.0,4157.0,4101.2,4112.8,8105,16457,1004154.09,4122.8,4107.4
2025-08-14,IH,IH2508,2823.0,2857.8,2821.4,2828.0,13231,9100,1127387.94,2836.2,2815.0
2025-08-14,IH,IH2509,2823.0,2858.8,2822.8,2829.6,57784,71741,4924565.55,2836.8,2816.0
2025-08-14,IH,IH2512,2824.2,2858.8,2824.2,2829.8,12792,19582,1090711.548,2837.8,2817.6
2025-08-14,IH,IH2603,2828.0,2859.6,2826.0,2830.2,3283,4301,279976.068,2836.2,2819.4
2025-08-14,IM,IM2508,7072.0,7084.8,6962.8,6989.0,36237,25264,5095849.788,7004.0,7060.8
2025-08-14,IM,IM2509,7015.0,7027.8,6893.0,6929.2,159795,203734,22245593.416,6936.2,6995.4
2025-08-14,IM,IM2512,6826.2,6847.0,6717.6,6755.0,50855,100676,6903077.376,6762.2,6812.8
2025-08-14,IM,IM2603,6672.0,6672.0,6547.0,6581.8,18844,35619,2492901.728,6591.0,6637.6
2025-08-15,IC,IC2508,6425.0,6569.6,6420.0,6560.8,10893,0,1417987.356,6560.78,6451.0
2025-08-15,IC,IC2509,6365.0,6541.0,6365.0,6531.0,77380,133486,10029319.16,6524.4,6396.2
2025-08-15,IC,IC2512,6243.0,6402.4,6225.2,6394.4,23724,66436,3009506.708,6388.2,6258.2
2025-08-15,IC,IC2603,6109.8,6280.2,6106.0,6276.6,10050,22524,1250295.28,6267.0,6135.2
2025-08-15,IF,IF2508,4162.0,4218.0,4157.4,4205.0,13599,0,1707263.178,4204.94,4184.6
2025-08-15,IF,IF2509,4157.0,4215.0,4146.8,4209.4,90646,166989,11381722.23,4203.2,4176.0
2025-08-15,IF,IF2512,4129.8,4192.8,4124.2,4188.4,28331,73110,3537730.734,4181.4,4149.6
2025-08-15,IF,IF2603,4103.8,4168.6,4097.6,4164.8,8179,18340,1015868.856,4157.2,4122.8
2025-08-15,IH,IH2508,2819.2,2844.8,2813.2,2839.6,7048,0,597839.148,2839.48,2836.2
2025-08-15,IH,IH2509,2825.2,2855.0,2815.0,2846.4,52795,71335,4490784.06,2846.2,2836.8
2025-08-15,IH,IH2512,2827.0,2857.2,2817.8,2849.0,13707,23415,1166595.27,2849.0,2837.8
2025-08-15,IH,IH2603,2823.0,2858.0,2817.2,2851.8,3746,5363,319071.948,2851.0,2836.2
2025-08-15,IM,IM2508,6978.0,7113.4,6977.8,7104.4,21170,0,2986841.608,7104.66,7004.0
2025-08-15,IM,IM2509,6929.0,7086.8,6918.0,7086.2,163237,218372,22928265.056,7072.6,6936.2
2025-08-15,IM,IM2512,6745.0,6922.6,6745.0,6922.6,53477,107686,7327500.5,6906.8,6762.2
2025-08-15,IM,IM2603,6573.4,6756.8,6573.4,6754.0,19693,39984,2632464.58,6738.0,6591.0
2025-08-18,IC,IC2509,6552.0,6684.6,6530.0,6608.0,83689,129184,11066856.024,6608.4,6524.4
2025-08-18,IC,IC2510,6524.4,6649.6,6489.4,6576.4,2925,2644,384303.208,6568.6,6524.4
2025-08-18,IC,IC2512,6425.0,6563.6,6400.0,6486.6,31641,68588,4107888.528,6488.8,6388.2
2025-08-18,IC,IC2603,6300.0,6448.6,6285.4,6362.2,13482,25587,1718777.676,6367.8,6267.0
2025-08-18,IF,IF2509,4220.0,4275.2,4196.0,4237.8,99705,168841,12669440.28,4237.4,4203.2
2025-08-18,IF,IF2510,4233.0,4273.0,4192.6,4235.4,3581,3236,454766.904,4233.8,4203.2
2025-08-18,IF,IF2512,4207.0,4259.6,4179.0,4223.4,35279,79417,4466501.76,4220.2,4181.4
2025-08-18,IF,IF2603,4205.0,4239.6,4161.6,4205.6,11692,22104,1473392.31,4201.4,4157.2
2025-08-18,IH,IH2509,2848.0,2869.4,2833.6,2848.4,52884,74907,4522648.5,2849.2,2846.2
2025-08-18,IH,IH2510,2852.6,2869.8,2836.2,2849.6,1445,1299,123685.188,2849.0,2846.2
2025-08-18,IH,IH2512,2853.8,2873.0,2838.0,2852.2,15534,25084,1330141.968,2853.2,2849.0
2025-08-18,IH,IH2603,2857.2,2874.6,2840.0,2855.0,4328,5934,370741.77,2854.2,2851.0
2025-08-18,IM,IM2509,7124.0,7259.8,7093.4,7184.4,187694,220587,26958422.608,7179.8,7072.6
2025-08-18,IM,IM2510,7078.4,7214.2,7048.4,7138.0,5661,5054,807737.848,7138.2,7072.6
2025-08-18,IM,IM2512,6950.0,7107.8,6933.8,7028.0,68223,115629,9590333.82,7025.8,6906.8
2025-08-18,IM,IM2603,6805.0,6955.4,6773.2,6873.8,31551,51254,4339077.484,6874.4,6738.0
2025-08-19,IC,IC2509,6600.0,6652.0,6583.2,6600.0,64150,123458,8491013.408,6602.8,6608.4
2025-08-19,IC,IC2510,6571.0,6610.6,6547.4,6556.6,3075,3059,404415.284,6560.2,6568.6
2025-08-19,IC,IC2512,6488.8,6528.0,6456.8,6463.0,24132,67050,3134451.06,6475.0,6488.8
2025-08-19,IC,IC2603,6359.8,6413.6,6332.2,6340.0,10995,27183,1401335.556,6346.8,6367.8
2025-08-19,IF,IF2509,4244.0,4260.4,4208.8,4216.2,73558,154897,9348115.656,4221.0,4237.4
2025-08-19,IF,IF2510,4235.4,4254.6,4201.8,4211.4,3223,3709,408898.542,4214.6,4233.8
2025-08-19,IF,IF2512,4225.0,4244.6,4190.8,4198.6,24847,77849,3144777.594,4203.4,4220.2
2025-08-19,IF,IF2603,4204.2,4227.8,4171.4,4178.0,7641,21802,962625.09,4183.6,4201.4
2025-08-19,IH,IH2509,2850.0,2863.8,2812.6,2815.4,42683,69286,3635132.016,2820.8,2849.2
2025-08-19,IH,IH2510,2855.0,2864.0,2814.2,2815.6,1440,1339,122589.462,2820.6,2849.0
2025-08-19,IH,IH2512,2858.8,2868.2,2816.6,2818.6,13953,26132,1189701.09,2824.2,2853.2
2025-08-19,IH,IH2603,2861.0,2874.4,2818.8,2821.0,4360,6967,372687.822,2826.6,2854.2
2025-08-19,IM,IM2509,7184.4,7235.0,7155.6,7177.4,152295,209342,21913086.908,7187.4,7179.8
2025-08-19,IM,IM2510,7144.4,7185.2,7114.8,7126.6,7421,6963,1060914.156,7134.6,7138.2
2025-08-19,IM,IM2512,7022.2,7071.6,7001.2,7015.6,50814,110577,7150333.108,7021.2,7025.8
2025-08-19,IM,IM2603,6880.0,6919.8,6841.0,6851.6,25658,50068,3531434.1,6859.0,6874.4
2025-08-20,IC,IC2509,6568.0,6699.4,6522.0,6695.2,77339,127360,10199590.436,6660.4,6602.8
2025-08-20,IC,IC2510,6525.2,6661.6,6481.6,6658.2,3437,4095,449959.2,6628.8,6560.2
2025-08-20,IC,IC2512,6433.0,6574.2,6389.0,6569.2,27968,69436,3615384.136,6531.2,6475.0
2025-08-20,IC,IC2603,6309.0,6452.8,6262.0,6450.0,10500,27467,1331159.312,6402.8,6346.8
2025-08-20,IF,IF2509,4201.0,4273.8,4176.6,4270.0,90137,159194,11414792.67,4254.0,4221.0
2025-08-20,IF,IF2510,4202.0,4268.0,4171.0,4261.4,3348,3895,423372.288,4249.0,4214.6
2025-08-20,IF,IF2512,4187.0,4256.8,4158.0,4253.0,28246,80894,3559694.724,4236.0,4203.4
2025-08-20,IF,IF2603,4163.2,4238.4,4136.6,4234.4,8937,23035,1121691.618,4214.2,4183.6
2025-08-20,IH,IH2509,2810.0,2853.2,2796.0,2851.2,45450,72434,3848161.338,2841.4,2820.8
2025-08-20,IH,IH2510,2813.0,2857.4,2797.8,2851.2,1406,1553,119045.796,2843.2,2820.6
2025-08-20,IH,IH2512,2816.4,2855.8,2800.8,2853.8,13147,26104,1114096.272,2844.2,2824.2
2025-08-20,IH,IH2603,2818.0,2857.6,2803.2,2855.6,3111,6542,263849.202,2845.4,2826.6
2025-08-20,IM,IM2509,7147.4,7283.0,7087.4,7276.0,196109,217300,28121311.1,7233.6,7187.4
2025-08-20,IM,IM2510,7100.0,7235.6,7043.0,7228.2,8730,9456,1242454.46,7187.0,7134.6
2025-08-20,IM,IM2512,6986.0,7125.0,6923.6,7119.6,66838,119943,9360339.632,7074.4,7021.2
2025-08-20,IM,IM2603,6830.8,6967.0,6763.0,6965.6,27045,53926,3702400.436,6919.0,6859.0
2025-08-21,IC,IC2509,6703.0,6724.4,6618.4,6656.4,75992,121846,10136899.476,6644.0,6660.4
2025-08-21,IC,IC2510,6666.8,6687.4,6583.4,6616.8,3486,4816,462417.336,6607.0,6628.8
2025-08-21,IC,IC2512,6579.0,6601.6,6494.0,6530.6,30444,72477,3985378.296,6520.6,6531.2
2025-08-21,IC,IC2603,6468.0,6479.6,6366.0,6404.0,11541,29913,1482100.828,6396.0,6402.8
2025-08-21,IF,IF2509,4280.4,4299.8,4264.2,4282.2,83303,151396,10707419.01,4277.8,4254.0
2025-08-21,IF,IF2510,4280.0,4291.8,4257.8,4273.8,3078,3926,395066.286,4271.0,4249.0
2025-08-21,IF,IF2512,4261.0,4279.8,4243.6,4261.4,25607,79555,3276722.052,4257.2,4236.0
2025-08-21,IF,IF2603,4250.0,4261.0,4221.2,4240.8,9146,23350,1164679.038,4234.8,4214.2
2025-08-21,IH,IH2509,2858.0,2873.8,2852.8,2865.4,42132,68095,3619371.576,2862.0,2841.4
2025-08-21,IH,IH2510,2857.0,2873.2,2852.6,2864.2,1568,1649,134688.906,2861.8,2843.2
2025-08-21,IH,IH2512,2859.0,2874.4,2855.0,2867.2,13047,26741,1121538.21,2864.0,2844.2
2025-08-21,IH,IH2603,2862.0,2877.2,2856.8,2870.4,2865,6875,246510.102,2866.8,2845.4
2025-08-21,IM,IM2509,7295.0,7312.0,7156.2,7202.2,190536,206583,27522789.388,7187.2,7233.6
2025-08-21,IM,IM2510,7257.0,7266.0,7111.0,7153.4,7783,10651,1117756.088,7140.0,7187.0
2025-08-21,IM,IM2512,7150.0,7161.6,7004.8,7046.4,65497,117811,9263262.508,7034.8,7074.4
2025-08-21,IM,IM2603,6981.0,7005.6,6851.0,6893.0,27275,55303,3773833.06,6881.8,6919.0
2025-08-22,IC,IC2509,6660.2,6812.0,6660.2,6810.4,81929,124020,11038381.66,6787.2,6644.0
2025-08-22,IC,IC2510,6616.0,6774.2,6616.0,6770.4,3123,5070,418608.344,6750.8,6607.0
2025-08-22,IC,IC2512,6544.0,6690.8,6538.8,6688.8,32251,75782,4265316.444,6662.8,6520.6
2025-08-22,IC,IC2603,6404.0,6568.0,6404.0,6567.8,11276,28731,1462651.004,6537.8,6396.0
2025-08-22,IF,IF2509,4283.0,4396.6,4283.0,4394.0,94570,161198,12304563.156,4374.4,4277.8
2025-08-22,IF,IF2510,4274.0,4387.8,4274.0,4387.8,3853,5063,501140.538,4369.4,4271.0
2025-08-22,IF,IF2512,4262.6,4375.0,4262.6,4374.8,32230,86134,4174804.548,4353.4,4257.2
2025-08-22,IF,IF2603,4240.8,4354.4,4240.8,4351.4,9483,24722,1222483.656,4334.4,4234.8
2025-08-22,IH,IH2509,2869.0,2942.0,2869.0,2942.0,51918,76176,4521569.106,2929.4,2862.0
2025-08-22,IH,IH2510,2870.0,2941.6,2868.8,2938.0,2233,2183,194482.896,2928.0,2861.8
2025-08-22,IH,IH2512,2870.0,2945.0,2870.0,2944.4,15557,27862,1356284.724,2931.0,2864.0
2025-08-22,IH,IH2603,2875.0,2947.2,2873.2,2947.2,3754,7294,327833.07,2932.8,2866.8
2025-08-22,IM,IM2509,7210.0,7349.8,7210.0,7348.6,186931,207428,27198353.5,7319.6,7187.2
2025-08-22,IM,IM2510,7144.2,7304.4,7144.2,7301.8,6538,10563,945672.888,7272.6,7140.0
2025-08-22,IM,IM2512,7060.8,7195.0,7054.4,7192.6,59918,117793,8529622.612,7159.2,7034.8
2025-08-22,IM,IM2603,6881.8,7042.0,6881.8,7036.0,24330,55258,3390377.172,7009.8,6881.8
2025-08-25,IC,IC2509,6836.0,6958.2,6831.0,6909.6,93555,127766,12890694.528,6904.0,6787.2
2025-08-25,IC,IC2510,6820.0,6922.0,6799.2,6876.8,4282,6410,587040.628,6872.0,6750.8
2025-08-25,IC,IC2512,6750.0,6838.0,6713.0,6785.0,36047,79235,4881480.152,6786.6,6662.8
2025-08-25,IC,IC2603,6643.8,6716.8,6595.6,6668.8,14238,31144,1893198.148,6665.8,6537.8
2025-08-25,IF,IF2509,4425.0,4484.6,4408.0,4474.6,118828,165246,15835562.406,4458.4,4374.4
2025-08-25,IF,IF2510,4410.6,4479.6,4403.6,4471.6,5520,6207,734806.734,4451.6,4369.4
2025-08-25,IF,IF2512,4410.0,4468.8,4390.2,4457.4,43108,90612,5722681.944,4441.4,4353.4
2025-08-25,IF,IF2603,4400.0,4451.0,4371.6,4442.6,13295,27539,1757743.872,4423.4,4334.4
2025-08-25,IH,IH2509,2959.0,2999.0,2947.0,2992.0,61498,78193,5482786.848,2983.6,2929.4
2025-08-25,IH,IH2510,2958.4,2999.8,2947.0,2993.0,2675,2784,238396.29,2982.8,2928.0
2025-08-25,IH,IH2512,2960.0,3001.0,2950.0,2993.4,19314,30851,1723597.584,2986.0,2931.0
2025-08-25,IH,IH2603,2965.0,3005.4,2954.4,2997.8,5560,8358,496492.788,2988.2,2932.8
2025-08-25,IM,IM2509,7400.0,7495.4,7362.0,7412.2,202867,207228,30115660.568,7423.0,7319.6
2025-08-25,IM,IM2510,7361.2,7448.4,7317.4,7365.0,9039,13904,1332505.604,7374.0,7272.6
2025-08-25,IM,IM2512,7242.0,7343.6,7213.0,7262.0,69077,121766,10042588.416,7273.6,7159.2
2025-08-25,IM,IM2603,7081.2,7189.0,7062.0,7108.0,28379,56871,4039223.428,7121.8,7009.8
2025-08-26,IC,IC2509,6886.0,6983.2,6872.0,6916.4,75616,117469,10486262.9,6942.4,6904.0
2025-08-26,IC,IC2510,6860.8,6945.0,6836.4,6881.2,3022,6259,416704.156,6905.4,6872.0
2025-08-26,IC,IC2512,6767.0,6856.8,6746.2,6789.0,29535,76515,4022306.232,6817.0,6786.6
2025-08-26,IC,IC2603,6650.0,6729.4,6625.2,6662.2,11209,29256,1497887.824,6692.0,6665.8
2025-08-26,IF,IF2509,4474.8,4482.8,4437.2,4449.0,87160,151718,11659192.332,4460.2,4458.4
2025-08-26,IF,IF2510,4458.0,4476.2,4432.2,4441.6,4253,6000,568280.706,4454.2,4451.6
2025-08-26,IF,IF2512,4441.4,4465.8,4422.0,4428.6,31953,87930,4257927.564,4441.4,4441.4
2025-08-26,IF,IF2603,4430.0,4448.0,4402.2,4409.2,9850,27408,1307397.342,4422.2,4423.4
2025-08-26,IH,IH2509,2982.0,2989.8,2965.0,2970.8,41497,70566,3705536.256,2975.0,2983.6
2025-08-26,IH,IH2510,2981.0,2990.4,2966.0,2972.0,2063,2523,184277.766,2976.0,2982.8
2025-08-26,IH,IH2512,2984.0,2991.6,2967.4,2973.4,13554,27609,1211277.852,2977.0,2986.0
2025-08-26,IH,IH2603,2982.4,2996.0,2970.8,2976.0,3494,7688,312623.16,2980.8,2988.2
2025-08-26,IM,IM2509,7391.4,7486.8,7381.4,7415.4,160158,195804,23824655.956,7442.0,7423.0
2025-08-26,IM,IM2510,7349.8,7432.8,7331.2,7362.6,6696,12810,989404.76,7388.2,7374.0
2025-08-26,IM,IM2512,7244.2,7323.8,7228.2,7255.0,53457,117119,7783011.812,7282.2,7273.6
2025-08-26,IM,IM2603,7100.0,7163.0,7075.0,7096.6,20856,54783,2971419.476,7124.0,7121.8
2025-08-27,IC,IC2509,6929.8,7042.8,6813.4,6837.8,109151,130217,15189097.588,6897.6,6942.4
2025-08-27,IC,IC2510,6890.0,7005.8,6772.2,6793.8,4797,7512,663834.476,6854.0,6905.4
2025-08-27,IC,IC2512,6797.0,6917.6,6682.0,6697.2,46893,84371,6404413.42,6768.6,6817.0
2025-08-27,IC,IC2603,6678.2,6790.4,6553.4,6574.4,15600,31797,2089346.756,6634.8,6692.0
2025-08-27,IF,IF2509,4451.2,4494.8,4380.6,4384.0,113283,155760,15120026.406,4416.0,4460.2
2025-08-27,IF,IF2510,4448.0,4486.8,4373.6,4377.2,4999,6931,665793.006,4410.6,4454.2
2025-08-27,IF,IF2512,4433.0,4472.8,4358.4,4363.0,43796,92229,5817855.264,4397.0,4441.4
2025-08-27,IF,IF2603,4415.8,4449.4,4337.0,4342.0,14782,31181,1953736.194,4375.6,4422.2
2025-08-27,IH,IH2509,2978.2,2985.6,2917.0,2920.2,51558,69611,4574442.192,2937.2,2975.0
2025-08-27,IH,IH2510,2975.2,2985.4,2918.2,2918.2,2410,3131,213777.228,2936.6,2976.0
2025-08-27,IH,IH2512,2973.2,2988.0,2921.2,2923.0,18879,30299,1676986.578,2941.0,2977.0
2025-08-27,IH,IH2603,2980.0,2990.8,2923.0,2925.8,4652,9022,413373.666,2944.0,2980.8
2025-08-27,IM,IM2509,7440.0,7511.6,7275.8,7287.2,213890,202540,31773278.376,7356.2,7442.0
2025-08-27,IM,IM2510,7367.0,7456.6,7218.4,7235.0,10142,14941,1493643.16,7296.4,7388.2
2025-08-27,IM,IM2512,7278.0,7343.0,7105.0,7120.6,79514,121790,11544422.876,7192.0,7282.2
2025-08-27,IM,IM2603,7120.0,7180.0,6945.8,6962.6,29998,58700,4258942.168,7030.0,7124.0
2025-08-28,IC,IC2509,6850.0,6977.2,6761.4,6967.0,114593,126262,15751678.672,6920.4,6897.6
2025-08-28,IC,IC2510,6796.0,6929.0,6720.2,6921.2,7435,8918,1017510.02,6883.2,6854.0
2025-08-28,IC,IC2512,6699.4,6833.4,6625.2,6822.8,53011,82091,7142900.328,6778.8,6768.6
2025-08-28,IC,IC2603,6584.6,6700.0,6490.2,6688.2,16398,31752,2165905.636,6644.4,6634.8
2025-08-28,IF,IF2509,4383.2,4465.0,4360.2,4460.4,126057,154101,16681465.89,4436.6,4416.0
2025-08-28,IF,IF2510,4375.0,4460.0,4354.8,4454.6,6303,8005,832882.05,4428.8,4410.6
2025-08-28,IF,IF2512,4363.8,4447.4,4341.2,4444.4,50015,95485,6590911.104,4417.6,4397.0
2025-08-28,IF,IF2603,4340.0,4423.6,4319.8,4422.6,15151,32729,1986865.902,4398.0,4375.6
2025-08-28,IH,IH2509,2922.0,2963.4,2905.8,2959.8,54033,67920,4753624.56,2945.0,2937.2
2025-08-28,IH,IH2510,2921.0,2963.8,2904.6,2962.0,2527,2767,222337.812,2943.8,2936.6
2025-08-28,IH,IH2512,2925.0,2965.4,2907.2,2963.4,19785,29211,1742001.906,2946.8,2941.0
2025-08-28,IH,IH2603,2928.8,2970.0,2908.0,2969.4,4876,8604,429660.096,2950.6,2944.0
2025-08-28,IM,IM2509,7310.0,7385.0,7160.2,7363.2,244649,206940,35699966.772,7322.4,7356.2
2025-08-28,IM,IM2510,7235.0,7330.0,7109.0,7305.8,13827,16946,2002735.828,7268.8,7296.4
2025-08-28,IM,IM2512,7119.6,7209.0,6985.0,7183.0,94127,124586,13406350.824,7149.4,7192.0
2025-08-28,IM,IM2603,6962.0,7044.4,6823.0,7017.0,33044,60188,4596060.224,6982.0,7030.0
2025-08-29,IC,IC2509,6960.0,7039.4,6925.2,6996.8,102806,123989,14341705.448,6983.4,6920.4
2025-08-29,IC,IC2510,6934.6,6986.2,6868.8,6948.2,6667,9785,923356.932,6935.2,6883.2
2025-08-29,IC,IC2512,6821.8,6887.2,6771.8,6841.8,42172,82216,5756621.74,6828.4,6778.8
2025-08-29,IC,IC2603,6700.0,6744.8,6623.8,6699.4,14822,32442,1979795.548,6682.6,6644.4
2025-08-29,IF,IF2509,4452.2,4517.6,4447.0,4506.2,126040,151201,16970441.082,4502.6,4436.6
2025-08-29,IF,IF2510,4450.0,4509.4,4440.6,4500.8,7420,9457,997837.152,4496.6,4428.8
2025-08-29,IF,IF2512,4441.0,4495.0,4429.2,4488.6,50328,97660,6744645.0,4481.8,4417.6
2025-08-29,IF,IF2603,4414.0,4470.8,4408.0,4464.8,15908,35013,2120304.684,4459.0,4398.0
2025-08-29,IH,IH2509,2952.8,2990.6,2952.0,2980.0,54556,64926,4868702.556,2978.6,2945.0
2025-08-29,IH,IH2510,2957.8,2989.0,2953.2,2976.8,4079,4607,363769.932,2974.8,2943.8
2025-08-29,IH,IH2512,2955.2,2991.8,2954.2,2980.2,18516,29617,1652967.342,2978.8,2946.8
2025-08-29,IH,IH2603,2961.2,2993.8,2959.2,2982.2,4328,8878,386674.554,2981.2,2950.6
2025-08-29,IM,IM2509,7357.8,7419.8,7280.0,7366.6,214055,189297,31442137.88,7353.8,7322.4
2025-08-29,IM,IM2510,7314.8,7362.2,7230.0,7305.0,12332,18323,1796854.092,7294.8,7268.8
2025-08-29,IM,IM2512,7179.0,7231.0,7103.0,7177.0,79099,120057,11328079.04,7165.6,7149.4
2025-08-29,IM,IM2603,7017.0,7058.2,6937.2,7000.6,25697,60337,3590835.168,6986.4,6982.0
2025-09-01,IC,IC2509,7021.0,7065.0,6975.0,7014.8,76930,112621,10797371.488,7022.8,6983.4
2025-09-01,IC,IC2510,6996.8,7016.0,6929.2,6963.2,4571,9409,637233.96,6973.0,6935.2
2025-09-01,IC,IC2512,6886.2,6912.0,6825.0,6858.6,35269,82208,4842968.136,6867.2,6828.4
2025-09-01,IC,IC2603,6747.0,6766.0,6680.8,6708.6,9891,31752,1328946.524,6716.8,6682.6
2025-09-01,IF,IF2509,4517.0,4527.2,4480.0,4510.6,94140,137802,12718033.986,4513.8,4502.6
2025-09-01,IF,IF2510,4518.6,4523.6,4475.2,4503.0,5982,9312,807168.774,4507.0,4496.6
2025-09-01,IF,IF2512,4500.0,4511.8,4461.2,4487.8,35318,95965,4751565.342,4492.0,4481.8
2025-09-01,IF,IF2603,4480.0,4487.2,4441.2,4466.2,8857,33539,1185526.23,4469.0,4459.0
2025-09-01,IH,IH2509,2988.8,2996.0,2962.4,2979.6,36560,56803,3264217.704,2982.4,2978.6
2025-09-01,IH,IH2510,2983.8,2990.4,2960.8,2978.0,2693,3812,240348.168,2980.6,2974.8
2025-09-01,IH,IH2512,2988.2,2995.4,2964.2,2980.0,11813,27911,1055106.012,2982.4,2978.8
2025-09-01,IH,IH2603,2998.8,2998.8,2966.6,2983.2,3531,8440,315660.714,2984.6,2981.2
2025-09-01,IM,IM2509,7400.0,7445.8,7329.4,7380.6,163079,180779,24086572.052,7387.8,7353.8
2025-09-01,IM,IM2510,7322.6,7387.2,7270.8,7314.2,8755,17882,1282372.404,7321.0,7294.8
2025-09-01,IM,IM2512,7220.0,7254.4,7140.6,7180.0,59390,115967,8542464.256,7187.2,7165.6
2025-09-01,IM,IM2603,7030.0,7075.0,6961.4,6995.2,20581,60600,2886345.384,7003.8,6986.4
2025-09-02,IC,IC2509,7026.0,7031.8,6830.0,6896.2,105870,124446,14658347.92,6878.0,7022.8
2025-09-02,IC,IC2510,6965.2,6983.4,6780.8,6851.2,6239,10049,857847.636,6828.0,6973.0
2025-09-02,IC,IC2512,6859.4,6880.0,6680.0,6741.2,45683,85881,6185326.028,6726.2,6867.2
2025-09-02,IC,IC2603,6715.2,6732.0,6535.6,6598.6,15044,34408,1994036.684,6582.8,6716.8
2025-09-02,IF,IF2509,4516.0,4540.6,4446.0,4481.2,122523,146527,16511555.412,4472.8,4513.8
2025-09-02,IF,IF2510,4505.0,4533.8,4440.8,4475.6,7489,11671,1007829.234,4466.6,4507.0
2025-09-02,IF,IF2512,4487.2,4518.0,4425.0,4461.2,50382,103152,6755848.164,4452.2,4492.0
2025-09-02,IF,IF2603,4469.8,4495.8,4407.6,4439.0,14972,36985,1998331.536,4432.0,4469.0
2025-09-02,IH,IH2509,2984.0,3007.6,2965.6,2992.8,53059,66245,4754683.05,2987.6,2982.4
2025-09-02,IH,IH2510,2981.6,3004.4,2965.2,2991.2,3835,4637,343523.07,2986.6,2980.6
2025-09-02,IH,IH2512,2985.0,3006.0,2966.0,2990.8,18494,30008,1656830.316,2985.4,2982.4
2025-09-02,IH,IH2603,2987.0,3008.6,2967.2,2991.2,5226,8859,468590.58,2985.2,2984.6
2025-09-02,IM,IM2509,7383.2,7393.8,7182.4,7251.4,218061,193312,31678132.176,7230.8,7387.8
2025-09-02,IM,IM2510,7319.0,7328.0,7125.4,7202.2,13101,20698,1887981.4,7174.6,7321.0
2025-09-02,IM,IM2512,7187.0,7194.0,6991.0,7057.0,79904,124061,11296716.24,7037.0,7187.2
2025-09-02,IM,IM2603,6995.2,7008.2,6818.0,6881.0,26680,63200,3680732.652,6860.6,7003.8
2025-09-03,IC,IC2509,6928.0,6945.0,6758.2,6788.8,100697,116185,13794844.844,6812.0,6878.0
2025-09-03,IC,IC2510,6896.6,6896.6,6706.4,6738.8,6121,10021,831282.012,6754.0,6828.0
2025-09-03,IC,IC2512,6772.0,6790.8,6595.8,6622.2,44841,84380,6001835.176,6646.6,6726.2
2025-09-03,IC,IC2603,6630.0,6647.6,6445.0,6473.0,14487,34284,1896540.076,6497.2,6582.8
2025-09-03,IF,IF2509,4501.4,4508.6,4408.0,4430.0,120700,137484,16120449.54,4432.8,4472.8
2025-09-03,IF,IF2510,4497.6,4503.4,4400.2,4419.8,8170,11730,1090286.016,4426.8,4466.6
2025-09-03,IF,IF2512,4471.4,4488.0,4380.0,4401.8,52569,100432,6982103.79,4404.0,4452.2
2025-09-03,IF,IF2603,4461.0,4467.8,4359.4,4379.0,14803,36823,1956947.838,4381.4,4432.0
2025-09-03,IH,IH2509,3000.0,3005.2,2930.2,2949.0,55677,59664,4951728.744,2944.2,2987.6
2025-09-03,IH,IH2510,2995.0,3003.8,2931.2,2946.8,4741,5073,421238.79,2943.6,2986.6
2025-09-03,IH,IH2512,2995.0,3003.0,2930.0,2945.8,20746,29699,1844657.736,2943.8,2985.4
2025-09-03,IH,IH2603,2998.0,3005.0,2933.4,2947.6,4941,8102,439475.664,2946.0,2985.2
2025-09-03,IM,IM2509,7283.2,7295.6,7110.4,7142.6,213250,190793,30726878.536,7161.4,7230.8
2025-09-03,IM,IM2510,7241.0,7241.0,7048.2,7075.4,12867,20662,1836359.18,7095.6,7174.6
2025-09-03,IM,IM2512,7089.4,7101.8,6909.0,6938.2,85486,124943,11974219.768,6960.8,7037.0
2025-09-03,IM,IM2603,6925.0,6932.0,6727.4,6760.8,26694,62852,3644581.26,6778.6,6860.6
2025-09-04,IC,IC2509,6818.0,6857.2,6550.0,6647.0,113276,125882,15194436.532,6607.2,6812.0
2025-09-04,IC,IC2510,6760.0,6799.6,6491.2,6589.4,8055,11685,1070436.732,6551.2,6754.0
2025-09-04,IC,IC2512,6645.0,6685.8,6381.2,6479.6,55486,86789,7253059.036,6437.2,6646.6
2025-09-04,IC,IC2603,6495.2,6531.6,6236.0,6328.0,17262,36846,2204365.82,6291.6,6497.2
2025-09-04,IF,IF2509,4437.0,4453.6,4306.2,4349.4,133914,144443,17561127.54,4334.2,4432.8
2025-09-04,IF,IF2510,4421.0,4444.2,4300.4,4342.0,8218,12645,1075396.458,4324.8,4426.8
2025-09-04,IF,IF2512,4407.0,4424.4,4281.4,4322.8,57395,103693,7482671.016,4307.6,4404.0
2025-09-04,IF,IF2603,4380.0,4400.6,4262.2,4302.0,15256,38124,1979988.462,4286.6,4381.4
2025-09-04,IH,IH2509,2948.6,2953.0,2872.0,2899.8,65727,63707,5724020.466,2893.4,2944.2
2025-09-04,IH,IH2510,2944.0,2951.8,2872.0,2899.8,5056,5899,440323.218,2892.8,2943.6
2025-09-04,IH,IH2512,2945.0,2950.0,2873.0,2899.0,24358,32162,2122186.746,2894.0,2943.8
2025-09-04,IH,IH2603,2944.0,2952.4,2877.0,2901.0,6289,9754,548299.452,2897.0,2946.0
2025-09-04,IM,IM2509,7168.0,7205.0,6910.0,7003.0,239398,189144,33875619.956,6974.2,7161.4
2025-09-04,IM,IM2510,7095.2,7141.8,6851.2,6944.0,15491,22486,2173108.136,6913.8,7095.6
2025-09-04,IM,IM2512,6956.2,6999.0,6713.2,6806.6,98940,128804,13606112.22,6778.8,6960.8
2025-09-04,IM,IM2603,6775.0,6815.0,6540.0,6631.2,29410,64312,3939097.18,6604.4,6778.6
2025-09-05,IC,IC2509,6667.0,6905.2,6637.8,6898.6,97724,113160,13244333.576,6876.8,6607.2
2025-09-05,IC,IC2510,6624.0,6856.6,6583.0,6846.2,9240,12752,1245364.708,6831.2,6551.2
2025-09-05,IC,IC2512,6499.2,6750.0,6468.4,6738.2,47120,85904,6236322.384,6719.6,6437.2
2025-09-05,IC,IC2603,6338.0,6609.2,6321.8,6596.0,16242,36842,2102681.336,6576.2,6291.6
2025-09-05,IF,IF2509,4351.2,4470.0,4344.2,4456.6,98192,126309,12979288.524,4450.6,4334.2
2025-09-05,IF,IF2510,4342.4,4463.6,4337.8,4452.8,6616,12418,874764.828,4446.2,4324.8
2025-09-05,IF,IF2512,4325.0,4446.2,4318.0,4434.0,43320,101217,5696270.946,4427.2,4307.6
2025-09-05,IF,IF2603,4302.6,4429.8,4299.2,4419.2,12113,38395,1586812.176,4410.2,4286.6
2025-09-05,IH,IH2509,2904.8,2949.6,2895.2,2940.8,41445,53570,3629440.506,2939.2,2893.4
2025-09-05,IH,IH2510,2901.2,2948.4,2896.0,2942.0,3692,5720,323557.422,2938.8,2892.8
2025-09-05,IH,IH2512,2903.8,2948.8,2896.4,2940.4,16807,31536,1472695.5,2938.4,2894.0
2025-09-05,IH,IH2603,2906.0,2952.2,2897.8,2944.4,3820,8918,335069.43,2942.4,2897.0
2025-09-05,IM,IM2509,7021.4,7234.8,6997.6,7226.0,183966,171258,26191084.74,7206.2,6974.2
2025-09-05,IM,IM2510,6969.0,7179.0,6936.2,7174.8,16200,24545,2289985.84,7151.6,6913.8
2025-09-05,IM,IM2512,6828.2,7046.6,6800.8,7040.0,78231,126733,10831791.34,7015.4,6778.8
2025-09-05,IM,IM2603,6636.0,6874.4,6627.6,6862.2,25389,64262,3428747.472,6843.0,6604.4
2025-09-08,IC,IC2509,6906.2,6953.4,6841.6,6920.8,80662,111009,11127970.748,6925.6,6876.8
2025-09-08,IC,IC2510,6866.4,6898.2,6791.6,6867.8,6495,12861,889558.732,6870.6,6831.2
2025-09-08,IC,IC2512,6750.0,6787.8,6680.4,6759.0,39850,87210,5371074.876,6761.6,6719.6
2025-09-08,IC,IC2603,6591.0,6649.0,6543.0,6611.8,13423,37186,1771751.368,6615.6,6576.2
2025-09-08,IF,IF2509,4464.0,4478.8,4424.0,4453.0,83936,122548,11206535.808,4457.0,4450.6
2025-09-08,IF,IF2510,4449.6,4472.2,4417.8,4445.8,7305,14366,973763.784,4449.4,4446.2
2025-09-08,IF,IF2512,4438.0,4457.8,4400.6,4424.4,38415,103363,5101686.672,4429.6,4427.2
2025-09-08,IF,IF2603,4426.0,4443.2,4384.2,4407.2,11350,39378,1501574.49,4411.0,4410.2
2025-09-08,IH,IH2509,2941.0,2952.8,2920.6,2936.6,32137,50426,2829235.314,2938.6,2939.2
2025-09-08,IH,IH2510,2939.8,2952.8,2920.8,2938.8,2458,5820,216389.256,2938.4,2938.8
2025-09-08,IH,IH2512,2938.2,2953.8,2921.6,2937.0,13322,32001,1173434.112,2938.8,2938.4
2025-09-08,IH,IH2603,2944.4,2956.8,2925.4,2940.8,2815,8961,248214.21,2941.8,2942.4
2025-09-08,IM,IM2509,7221.0,7278.6,7163.4,7236.0,153548,159428,22166165.404,7248.0,7206.2
2025-09-08,IM,IM2510,7171.2,7220.4,7105.8,7178.8,12587,25168,1802494.96,7189.2,7151.6
2025-09-08,IM,IM2512,7049.0,7083.4,6966.6,7042.4,64157,125535,9013782.652,7053.2,7015.4
2025-09-08,IM,IM2603,6865.0,6905.0,6795.0,6864.4,21421,63612,2935873.448,6873.2,6843.0
2025-09-09,IC,IC2509,6904.0,6948.4,6832.0,6872.8,75927,104281,10464176.812,6866.8,6925.6
2025-09-09,IC,IC2510,6814.6,6890.2,6775.6,6813.6,9175,14879,1254167.156,6808.0,6870.6
2025-09-09,IC,IC2512,6730.0,6780.0,6661.0,6696.4,38962,87931,5236383.788,6692.0,6761.6
2025-09-09,IC,IC2603,6599.8,6633.4,6517.2,6550.0,14382,38565,1890995.536,6546.4,6615.6
2025-09-09,IF,IF2509,4438.0,4463.0,4401.2,4426.2,73565,112541,9787576.008,4420.8,4457.0
2025-09-09,IF,IF2510,4434.8,4455.6,4394.0,4419.2,5324,14257,706993.26,4412.8,4449.4
2025-09-09,IF,IF2512,4415.8,4435.2,4372.0,4399.6,34116,102441,4510227.75,4393.2,4429.6
2025-09-09,IF,IF2603,4397.8,4416.0,4357.6,4379.2,8659,38929,1139655.036,4373.6,4411.0
2025-09-09,IH,IH2509,2930.4,2947.8,2911.0,2925.4,32243,48414,2834133.144,2922.0,2938.6
2025-09-09,IH,IH2510,2930.4,2945.6,2910.8,2925.8,3413,6475,299835.072,2921.6,2938.4
2025-09-09,IH,IH2512,2934.0,2946.8,2910.4,2924.8,14006,32026,1230719.568,2921.8,2938.8
2025-09-09,IH,IH2603,2932.8,2950.0,2912.6,2926.6,3037,9065,266996.49,2923.2,2941.8
2025-09-09,IM,IM2509,7215.0,7263.0,7117.2,7165.8,150382,155328,21624381.476,7153.4,7248.0
2025-09-09,IM,IM2510,7135.6,7203.4,7058.0,7100.6,12978,28208,1851148.312,7092.4,7189.2
2025-09-09,IM,IM2512,7020.0,7061.6,6915.0,6956.4,69661,131106,9734636.944,6948.8,7053.2
2025-09-09,IM,IM2603,6850.0,6881.6,6736.8,6776.8,20710,66018,2819381.388,6769.8,6873.2
2025-09-10,IC,IC2509,6883.8,6948.8,6833.0,6863.4,75803,105294,10441918.592,6887.8,6866.8
2025-09-10,IC,IC2510,6812.4,6889.6,6776.2,6803.0,7440,15435,1015672.788,6825.8,6808.0
2025-09-10,IC,IC2512,6690.0,6777.0,6664.2,6682.8,39131,88732,5254205.264,6710.0,6692.0
2025-09-10,IC,IC2603,6546.0,6628.6,6518.0,6531.2,12223,37927,1604777.296,6556.6,6546.4
2025-09-10,IF,IF2509,4430.8,4461.8,4405.0,4432.4,76988,113485,10244616.18,4444.6,4420.8
2025-09-10,IF,IF2510,4430.0,4451.2,4398.2,4422.8,6115,15085,812180.976,4437.2,4412.8
2025-09-10,IF,IF2512,4399.8,4434.6,4379.0,4400.6,38360,106452,5072335.554,4415.2,4393.2
2025-09-10,IF,IF2603,4380.4,4412.2,4360.4,4378.2,9217,40453,1213027.284,4394.0,4373.6
2025-09-10,IH,IH2509,2928.0,2955.8,2921.0,2937.8,33015,48255,2909098.092,2944.2,2922.0
2025-09-10,IH,IH2510,2928.0,2953.8,2921.0,2936.2,2270,5673,199994.238,2943.4,2921.6
2025-09-10,IH,IH2512,2928.4,2953.6,2920.8,2936.8,14970,32649,1318625.958,2943.2,2921.8
2025-09-10,IH,IH2603,2927.8,2958.0,2922.2,2939.8,2994,9310,263921.412,2945.8,2923.2
2025-09-10,IM,IM2509,7176.8,7268.8,7138.0,7151.0,161976,154502,23298140.18,7176.6,7153.4
2025-09-10,IM,IM2510,7100.8,7205.0,7080.0,7088.6,14887,30109,2122455.008,7112.4,7092.4
2025-09-10,IM,IM2512,6956.6,7059.8,6935.0,6938.2,74810,132535,10450484.26,6965.0,6948.8
2025-09-10,IM,IM2603,6778.2,6877.6,6750.0,6750.0,23421,66557,3185270.136,6777.4,6769.8
2025-09-11,IC,IC2509,6863.0,7125.8,6825.0,7124.6,103556,105917,14496445.384,7097.8,6887.8
2025-09-11,IC,IC2510,6799.0,7075.0,6766.2,7073.0,16823,22720,2341324.848,7044.0,6825.8
2025-09-11,IC,IC2512,6680.0,6970.0,6647.8,6969.2,55990,96364,7644880.776,6934.8,6710.0
2025-09-11,IC,IC2603,6517.4,6824.2,6489.2,6823.2,19426,41335,2591157.884,6789.6,6556.6
2025-09-11,IF,IF2509,4424.0,4562.2,4413.6,4562.0,96412,115085,12998462.592,4542.8,4444.6
2025-09-11,IF,IF2510,4415.8,4560.6,4404.2,4554.4,11604,18038,1561366.23,4534.4,4437.2
2025-09-11,IF,IF2512,4396.0,4530.2,4383.6,4530.2,47652,108324,6378852.456,4511.8,4415.2
2025-09-11,IF,IF2603,4367.0,4507.2,4358.8,4507.2,13945,40692,1856726.076,4491.2,4394.0
2025-09-11,IH,IH2509,2927.0,2990.4,2912.6,2990.2,42028,50570,3724035.462,2981.4,2944.2
2025-09-11,IH,IH2510,2926.4,2988.6,2912.4,2988.6,4349,7175,385709.922,2979.8,2943.4
2025-09-11,IH,IH2512,2927.0,2989.2,2912.4,2988.4,19781,36302,1753155.396,2980.0,2943.2
2025-09-11,IH,IH2603,2928.8,2991.2,2915.6,2991.2,4837,10351,429135.396,2982.4,2945.8
2025-09-11,IM,IM2509,7144.0,7391.8,7090.0,7387.8,181199,147845,26308155.004,7365.6,7176.6
2025-09-11,IM,IM2510,7086.4,7329.0,7028.8,7326.0,20631,34852,2970327.596,7297.8,7112.4
2025-09-11,IM,IM2512,6940.0,7183.8,6880.0,7183.6,87901,136366,12383577.484,7153.6,6965.0
2025-09-11,IM,IM2603,6740.0,6994.6,6690.8,6994.0,28376,69269,3890148.692,6965.6,6777.4
2025-09-12,IC,IC2509,7109.8,7198.0,7107.6,7140.0,86462,98187,12357593.964,7152.4,7097.8
2025-09-12,IC,IC2510,7063.0,7142.8,7060.0,7089.2,17563,25843,2492958.872,7100.0,7044.0
2025-09-12,IC,IC2512,6955.0,7041.6,6955.0,6988.8,54592,102816,7639836.584,7000.4,6934.8
2025-09-12,IC,IC2603,6815.0,6892.8,6810.6,6840.0,17242,40912,2361695.444,6849.4,6789.6
2025-09-12,IF,IF2509,4557.0,4565.8,4517.0,4523.2,83488,103677,11376260.184,4525.8,4542.8
2025-09-12,IF,IF2510,4564.0,4564.0,4509.2,4517.0,9591,18692,1304195.976,4517.6,4534.4
2025-09-12,IF,IF2512,4530.0,4539.0,4490.0,4497.0,44523,114371,6029265.954,4499.2,4511.8
2025-09-12,IF,IF2603,4518.0,4518.8,4471.2,4478.0,11021,41749,1485619.848,4478.8,4491.2
2025-09-12,IH,IH2509,2988.6,3008.0,2963.4,2968.6,36849,44308,3296855.448,2969.8,2981.4
2025-09-12,IH,IH2510,2989.2,3001.2,2963.4,2969.0,3745,6899,334957.818,2969.8,2979.8
2025-09-12,IH,IH2512,2989.0,3001.6,2964.2,2969.4,20929,38577,1871985.6,2971.2,2980.0
2025-09-12,IH,IH2603,2992.0,3004.0,2967.2,2972.0,3759,10257,336588.588,2974.0,2982.4
2025-09-12,IM,IM2509,7387.0,7448.0,7366.0,7392.8,134399,135337,19901749.256,7400.8,7365.6
2025-09-12,IM,IM2510,7336.0,7382.8,7300.2,7326.0,16556,36015,2430931.04,7333.6,7297.8
2025-09-12,IM,IM2512,7180.2,7240.0,7158.0,7173.6,68551,133517,9865613.176,7186.4,7153.6
2025-09-12,IM,IM2603,7000.0,7045.0,6965.0,6973.2,21330,67296,2987050.54,6985.2,6965.6
2025-09-15,IC,IC2509,7158.2,7168.8,7101.2,7114.2,67687,78004,9656593.892,7125.8,7152.4
2025-09-15,IC,IC2510,7111.0,7115.6,7041.8,7050.2,13674,28549,1934165.092,7062.8,7100.0
2025-09-15,IC,IC2512,7030.2,7030.2,6936.6,6939.4,41902,101766,5839148.328,6951.4,7000.4
2025-09-15,IC,IC2603,6873.0,6873.0,6778.8,6780.2,14093,41313,1919063.688,6791.2,6849.4
2025-09-15,IF,IF2509,4533.0,4563.6,4518.8,4527.8,73627,86544,10029348.804,4528.0,4525.8
2025-09-15,IF,IF2510,4529.8,4552.0,4511.6,4519.8,12751,22849,1733205.54,4518.8,4517.6
2025-09-15,IF,IF2512,4506.8,4528.2,4489.0,4497.0,41930,115931,5671858.326,4496.4,4499.2
2025-09-15,IF,IF2603,4489.4,4502.0,4463.6,4470.2,9456,42135,1272144.882,4470.8,4478.8
2025-09-15,IH,IH2509,2972.0,2984.0,2955.6,2962.4,31164,38868,2775716.334,2961.2,2969.8
2025-09-15,IH,IH2510,2974.0,2983.0,2956.8,2962.8,3835,7754,341484.468,2960.8,2969.8
2025-09-15,IH,IH2512,2978.0,2983.2,2957.8,2962.6,17788,41676,1584648.63,2962.4,2971.2
2025-09-15,IH,IH2603,2978.4,2986.2,2960.2,2964.0,2561,10226,228287.328,2964.2,2974.0
2025-09-15,IM,IM2509,7420.0,7429.8,7365.0,7368.6,107983,116294,15969952.388,7386.4,7400.8
2025-09-15,IM,IM2510,7366.6,7366.6,7297.6,7301.0,14772,38394,2164331.54,7317.0,7333.6
2025-09-15,IM,IM2512,7184.6,7206.8,7141.4,7143.2,54784,133533,7859837.424,7161.4,7186.4
2025-09-15,IM,IM2603,6995.0,6997.8,6934.8,6934.8,16850,68482,2347769.368,6951.2,6985.2
2025-09-16,IC,IC2509,7140.0,7190.2,7053.6,7165.2,72243,76600,10304618.228,7162.0,7125.8
2025-09-16,IC,IC2510,7072.0,7132.0,6990.0,7107.4,17339,33647,2453221.804,7103.6,7062.8
2025-09-16,IC,IC2512,6971.0,7033.0,6881.4,6996.8,54234,109640,7554690.716,6994.2,6951.4
2025-09-16,IC,IC2603,6817.8,6883.8,6718.2,6832.0,17761,43004,2417597.568,6836.2,6791.2
2025-09-16,IF,IF2509,4542.0,4554.0,4489.6,4516.8,76486,79227,10364238.9,4517.0,4528.0
2025-09-16,IF,IF2510,4531.6,4543.8,4483.2,4507.4,15322,26234,2071503.33,4507.0,4518.8
2025-09-16,IF,IF2512,4510.0,4523.8,4459.0,4489.2,51156,126801,6887192.43,4486.6,4496.4
2025-09-16,IF,IF2603,4481.8,4498.0,4433.2,4466.0,10547,44330,1411449.42,4462.6,4470.8
2025-09-16,IH,IH2509,2968.2,2975.8,2942.4,2950.6,31154,33235,2762250.66,2950.4,2961.2
2025-09-16,IH,IH2510,2970.0,2975.6,2941.4,2951.4,5731,9664,507944.886,2949.4,2960.8
2025-09-16,IH,IH2512,2969.0,2976.6,2943.4,2951.6,18996,46730,1684684.386,2950.8,2962.4
2025-09-16,IH,IH2603,2971.0,2978.8,2945.4,2955.0,3645,11121,323469.744,2954.6,2964.2
2025-09-16,IM,IM2509,7391.0,7474.2,7329.2,7462.0,130773,112626,19376560.904,7454.0,7386.4
2025-09-16,IM,IM2510,7311.4,7404.2,7261.0,7392.0,23211,46752,3406658.528,7384.2,7317.0
2025-09-16,IM,IM2512,7172.2,7256.2,7103.0,7242.4,85404,149063,12276320.416,7232.2,7161.4
2025-09-16,IM,IM2603,6960.0,7050.0,6893.8,7034.0,22584,71486,3152465.84,7026.8,6951.2
2025-09-17,IC,IC2509,7151.0,7263.4,7128.0,7252.4,67086,56442,9662512.56,7244.2,7162.0
2025-09-17,IC,IC2510,7120.0,7205.0,7071.2,7197.0,24005,40143,3431848.276,7186.4,7103.6
2025-09-17,IC,IC2512,6990.0,7088.0,6951.0,7081.0,56441,111083,7933684.564,7068.6,6994.2
2025-09-17,IC,IC2603,6835.2,6922.0,6790.0,6916.0,16292,44403,2237655.208,6904.6,6836.2
2025-09-17,IF,IF2509,4518.0,4559.2,4497.2,4553.2,72782,61553,9900004.53,4548.4,4517.0
2025-09-17,IF,IF2510,4505.0,4548.0,4488.0,4541.8,20655,33842,2803785.096,4538.2,4507.0
2025-09-17,IF,IF2512,4493.8,4527.6,4466.2,4518.2,57612,133521,7782677.022,4514.6,4486.6
2025-09-17,IF,IF2603,4466.6,4499.8,4441.6,4492.8,11450,44996,1538627.904,4488.2,4462.6
2025-09-17,IH,IH2509,2951.2,2962.6,2935.0,2956.2,29648,28332,2624297.1,2953.6,2950.4
2025-09-17,IH,IH2510,2952.8,2961.0,2934.4,2955.6,8442,12791,746958.024,2952.0,2949.4
2025-09-17,IH,IH2512,2953.2,2961.6,2933.6,2955.8,23042,52206,2039295.78,2952.8,2950.8
2025-09-17,IH,IH2603,2955.0,2963.6,2937.4,2958.4,3627,11442,321258.576,2956.2,2954.6
2025-09-17,IM,IM2509,7453.0,7565.0,7431.0,7547.0,122397,89169,18385070.64,7544.2,7454.0
2025-09-17,IM,IM2510,7395.0,7495.6,7365.0,7480.2,36291,57923,5407252.004,7477.8,7384.2
2025-09-17,IM,IM2512,7248.0,7346.0,7212.2,7331.6,101376,158963,14783349.34,7324.0,7232.2
2025-09-17,IM,IM2603,7039.0,7140.4,7007.0,7126.2,25839,73293,3660935.096,7119.6,7026.8
2025-09-18,IC,IC2509,7238.2,7351.6,7099.2,7171.6,63994,35612,9289414.588,7164.6,7244.2
2025-09-18,IC,IC2510,7186.0,7296.6,7027.6,7114.4,46677,57570,6709645.652,7090.8,7186.4
2025-09-18,IC,IC2512,7073.0,7189.8,6891.0,6985.4,101129,130507,14289485.476,6960.2,7068.6
2025-09-18,IC,IC2603,6922.8,7027.0,6720.2,6819.6,24468,47438,3377085.844,6793.6,6904.6
2025-09-18,IF,IF2509,4545.0,4577.4,4448.0,4487.2,65747,39525,8940665.244,4483.4,4548.4
2025-09-18,IF,IF2510,4537.4,4567.6,4436.4,4476.0,41117,48286,5565835.944,4470.2,4538.2
2025-09-18,IF,IF2512,4512.0,4545.0,4405.8,4448.2,95637,152375,12882139.38,4440.0,4514.6
2025-09-18,IF,IF2603,4490.8,4518.0,4378.0,4418.0,17518,48417,2346933.102,4416.4,4488.2
2025-09-18,IH,IH2509,2965.6,2976.0,2888.4,2910.8,31314,18625,2763746.91,2907.8,2953.6
2025-09-18,IH,IH2510,2958.6,2974.6,2886.0,2911.8,18385,20104,1619494.71,2904.2,2952.0
2025-09-18,IH,IH2512,2960.8,2975.0,2884.2,2912.4,43865,63340,3862837.134,2903.4,2952.8
2025-09-18,IH,IH2603,2962.0,2977.6,2886.0,2912.6,7031,12773,619059.0,2906.0,2956.2
2025-09-18,IM,IM2509,7520.0,7660.0,7371.0,7454.8,118769,55453,17940473.7,7449.2,7544.2
2025-09-18,IM,IM2510,7470.6,7602.0,7291.0,7370.2,72033,80608,10766132.784,7366.8,7477.8
2025-09-18,IM,IM2512,7313.8,7458.8,7131.6,7213.4,197746,190972,28933017.484,7206.2,7324.0
2025-09-18,IM,IM2603,7133.6,7255.8,6922.2,7000.0,40425,78121,5757577.732,7001.8,7119.6
2025-09-19,IC,IC2509,7177.2,7232.4,7158.0,7181.8,27904,0,4014089.44,7182.62,7164.6
2025-09-19,IC,IC2510,7120.0,7163.0,7053.4,7105.0,49403,65678,7032979.108,7117.8,7090.8
2025-09-19,IC,IC2512,6995.6,7036.8,6924.0,6984.0,90167,131765,12608906.476,6999.0,6960.2
2025-09-19,IC,IC2603,6833.0,6863.8,6751.2,6822.0,20082,48789,2739330.256,6831.0,6793.6
2025-09-19,IF,IF2509,4493.0,4531.6,4484.0,4510.0,27258,0,3683658.282,4509.78,4483.4
2025-09-19,IF,IF2510,4478.0,4518.8,4470.8,4487.0,42115,57734,5672702.268,4495.0,4470.2
2025-09-19,IF,IF2512,4455.0,4490.0,4440.8,4464.4,80743,151383,10809092.466,4470.4,4440.0
2025-09-19,IF,IF2603,4425.0,4462.0,4413.2,4440.4,12960,47836,1724751.804,4446.6,4416.4
2025-09-19,IH,IH2509,2911.6,2929.8,2907.0,2918.4,13660,0,1194631.044,2918.05,2907.8
2025-09-19,IH,IH2510,2912.4,2932.8,2906.6,2913.2,18672,22687,1633021.584,2917.4,2904.2
2025-09-19,IH,IH2512,2917.4,2932.0,2904.4,2913.4,29901,60756,2614252.98,2917.4,2903.4
2025-09-19,IH,IH2603,2916.0,2934.4,2906.8,2915.2,5079,12347,444507.156,2919.6,2906.0
2025-09-19,IM,IM2509,7461.4,7513.8,7425.0,7448.0,43869,0,6551651.784,7448.68,7449.2
2025-09-19,IM,IM2510,7380.0,7433.8,7301.0,7343.8,70407,90460,10377515.172,7361.0,7366.8
2025-09-19,IM,IM2512,7224.0,7275.0,7135.0,7190.8,172454,193659,24862284.868,7202.2,7206.2
2025-09-19,IM,IM2603,7003.4,7065.0,6924.4,6979.4,32015,80290,4480662.564,6994.0,7001.8
2025-09-22,IC,IC2510,7111.0,7146.6,7057.2,7143.4,32338,61096,4596328.132,7124.6,7117.8
2025-09-22,IC,IC2511,7088.8,7088.8,6992.4,7078.2,2222,2014,312987.98,7056.6,7117.8
2025-09-22,IC,IC2512,7007.0,7019.8,6925.2,7013.2,67975,128272,9486292.536,6995.0,6999.0
2025-09-22,IC,IC2603,6840.0,6849.0,6756.4,6840.2,12092,47420,1646645.092,6825.0,6831.0
2025-09-22,IF,IF2510,4492.2,4512.2,4472.0,4506.4,33705,57115,4542008.838,4497.4,4495.0
2025-09-22,IF,IF2511,4492.8,4499.8,4460.6,4493.4,2045,1918,274729.65,4481.8,4495.0
2025-09-22,IF,IF2512,4475.0,4488.0,4447.2,4484.0,65934,149528,8836596.792,4472.4,4470.4
2025-09-22,IF,IF2603,4447.6,4461.8,4420.6,4459.0,8437,47647,1124352.666,4448.8,4446.6
2025-09-22,IH,IH2510,2914.2,2930.0,2902.4,2922.6,15232,23325,1332050.322,2917.0,2917.4
2025-09-22,IH,IH2511,2904.4,2929.4,2903.2,2922.0,780,681,68177.826,2915.8,2917.4
2025-09-22,IH,IH2512,2914.2,2930.0,2902.0,2923.0,30635,63298,2679530.208,2917.4,2917.4
2025-09-22,IH,IH2603,2915.6,2932.0,2905.2,2924.4,4166,12355,364549.65,2918.8,2919.6
2025-09-22,IM,IM2510,7382.0,7399.8,7315.0,7395.6,53016,85942,7805960.636,7373.8,7361.0
2025-09-22,IM,IM2511,7311.8,7319.0,7231.2,7312.4,4738,4498,689632.644,7290.8,7361.0
2025-09-22,IM,IM2512,7209.0,7238.0,7144.0,7230.2,134489,186980,19358630.84,7211.0,7202.2
2025-09-22,IM,IM2603,7000.0,7026.0,6934.4,7019.0,21052,76792,2941565.236,7002.6,6994.0
2025-09-23,IC,IC2510,7156.8,7160.0,6932.2,7083.2,52358,70885,7363303.692,7034.0,7124.6
2025-09-23,IC,IC2511,7093.2,7095.4,6858.0,6996.4,4123,3341,574088.052,6972.0,7056.6
2025-09-23,IC,IC2512,7033.0,7038.0,6789.0,6940.6,107027,138800,14739686.26,6888.2,6995.0
2025-09-23,IC,IC2603,6857.0,6863.4,6621.0,6764.8,18298,48836,2456969.156,6715.6,6825.0
2025-09-23,IF,IF2510,4516.8,4538.6,4436.8,4510.2,51761,64601,6963117.888,4482.0,4497.4
2025-09-23,IF,IF2511,4502.0,4523.6,4425.2,4495.4,3869,2866,518239.686,4472.6,4481.8
2025-09-23,IF,IF2512,4495.0,4513.0,4408.8,4483.8,101402,159890,13555391.928,4454.6,4472.4
2025-09-23,IF,IF2603,4469.0,4482.8,4384.8,4457.6,13931,49483,1851584.718,4425.2,4448.8
2025-09-23,IH,IH2510,2917.0,2937.0,2890.0,2923.2,21921,24243,1913710.302,2911.8,2917.0
2025-09-23,IH,IH2511,2915.8,2934.4,2888.2,2924.0,1227,908,107128.146,2912.6,2915.8
2025-09-23,IH,IH2512,2920.0,2936.6,2889.0,2925.0,42588,63912,3718386.654,2912.4,2917.4
2025-09-23,IH,IH2603,2921.0,2938.6,2891.8,2923.0,5435,12765,474475.308,2911.4,2918.8
2025-09-23,IM,IM2510,7402.2,7408.6,7166.4,7305.6,83232,96646,12075541.052,7250.4,7373.8
2025-09-23,IM,IM2511,7319.8,7324.0,7078.2,7208.6,7932,6233,1136277.788,7160.4,7290.8
2025-09-23,IM,IM2512,7236.8,7244.8,6995.6,7127.0,203839,206634,28860068.612,7075.8,7211.0
2025-09-23,IM,IM2603,7029.0,7029.0,6792.0,6911.8,34021,83927,4677276.936,6870.2,7002.6
2025-09-24,IC,IC2510,7053.8,7284.6,7053.6,7280.6,47587,64397,6834153.156,7260.4,7034.0
2025-09-24,IC,IC2511,6965.8,7218.2,6965.8,7213.8,6869,6610,978184.668,7190.4,6972.0
2025-09-24,IC,IC2512,6910.0,7162.6,6906.0,7157.0,103608,136396,14614184.58,7135.8,6888.2
2025-09-24,IC,IC2603,6730.2,6986.8,6729.8,6979.4,19116,48569,2628139.724,6960.0,6715.6
2025-09-24,IF,IF2510,4485.2,4556.8,4485.2,4556.2,42736,58963,5801823.18,4547.2,4482.0
2025-09-24,IF,IF2511,4476.6,4541.4,4476.6,4541.4,4583,4474,620138.76,4528.8,4472.6
2025-09-24,IF,IF2512,4468.8,4531.2,4463.2,4530.0,86527,151864,11684863.596,4522.6,4454.6
2025-09-24,IF,IF2603,4441.8,4500.8,4438.8,4500.0,12899,48399,1731272.712,4493.6,4425.2
2025-09-24,IH,IH2510,2916.8,2946.8,2915.0,2941.8,18893,21098,1662164.328,2939.2,2911.8
2025-09-24,IH,IH2511,2916.4,2945.8,2915.8,2939.8,1528,1311,134366.658,2936.6,2912.6
2025-09-24,IH,IH2512,2916.8,2946.0,2915.2,2939.8,37457,63540,3295172.316,2938.2,2912.4
2025-09-24,IH,IH2603,2916.4,2946.2,2915.0,2940.4,4246,12356,373355.808,2939.0,2911.4
2025-09-24,IM,IM2510,7285.6,7475.4,7264.6,7472.0,68987,84906,10183960.78,7454.8,7250.4
2025-09-24,IM,IM2511,7185.0,7390.8,7170.0,7384.4,8349,8831,1219342.904,7370.8,7160.4
2025-09-24,IM,IM2512,7100.0,7313.8,7087.0,7303.2,185454,192420,26752026.812,7288.4,7075.8
2025-09-24,IM,IM2603,6885.0,7099.6,6874.0,7088.2,30830,79334,4317543.576,7074.0,6870.2
2025-09-25,IC,IC2510,7263.0,7336.8,7260.4,7293.2,34250,62996,5000874.88,7311.0,7260.4
2025-09-25,IC,IC2511,7209.8,7266.8,7188.6,7218.4,4320,6140,624563.084,7240.2,7190.4
2025-09-25,IC,IC2512,7139.0,7212.8,7132.4,7166.6,76629,132726,10996176.932,7185.4,7135.8
2025-09-25,IC,IC2603,6976.0,7034.0,6953.8,6990.6,14466,46997,2024316.42,7007.0,6960.0
2025-09-25,IF,IF2510,4548.0,4611.0,4547.8,4585.0,37193,59117,5111308.518,4596.6,4547.2
2025-09-25,IF,IF2511,4533.2,4596.6,4533.2,4571.2,2872,4008,393450.612,4581.6,4528.8
2025-09-25,IF,IF2512,4523.4,4587.6,4522.0,4562.2,80775,154619,11038718.004,4572.4,4522.6
2025-09-25,IF,IF2603,4493.0,4555.0,4491.0,4532.0,12642,48629,1715555.832,4539.6,4493.6
2025-09-25,IH,IH2510,2941.0,2965.0,2941.0,2953.8,15211,20072,1347711.984,2958.0,2939.2
2025-09-25,IH,IH2511,2942.0,2962.6,2937.6,2951.6,1019,1094,90240.654,2956.4,2936.6
2025-09-25,IH,IH2512,2941.0,2965.0,2940.2,2953.6,31803,61185,2817171.084,2958.4,2938.2
2025-09-25,IH,IH2603,2944.8,2962.4,2940.6,2950.2,3780,12596,334697.652,2955.8,2939.0
2025-09-25,IM,IM2510,7460.6,7507.0,7419.0,7444.6,50828,82886,7582406.816,7456.4,7454.8
2025-09-25,IM,IM2511,7383.6,7424.8,7332.6,7360.0,5534,7829,815992.444,7369.2,7370.8
2025-09-25,IM,IM2512,7290.0,7342.0,7251.8,7281.8,135475,183767,19759633.848,7290.8,7288.4
2025-09-25,IM,IM2603,7080.0,7128.8,7038.0,7066.2,20999,78845,2973634.004,7076.4,7074.0
2025-09-26,IC,IC2510,7275.2,7318.0,7202.6,7202.6,35918,61909,5214707.752,7219.6,7311.0
2025-09-26,IC,IC2511,7192.0,7256.6,7133.6,7135.8,3743,6981,538116.34,7151.8,7240.2
2025-09-26,IC,IC2512,7147.0,7196.6,7080.0,7080.0,82089,135754,11714980.788,7097.6,7185.4
2025-09-26,IC,IC2603,6951.2,7019.6,6905.0,6906.0,14285,47580,1987805.124,6922.0,7007.0
2025-09-26,IF,IF2510,4575.8,4593.0,4543.2,4543.2,35095,56282,4811536.284,4555.8,4596.6
2025-09-26,IF,IF2511,4558.6,4579.4,4531.8,4532.4,3254,4375,444699.336,4541.8,4581.6
2025-09-26,IF,IF2512,4550.0,4570.8,4525.0,4525.0,71448,150988,9750274.692,4535.2,4572.4
2025-09-26,IF,IF2603,4520.2,4540.8,4500.2,4500.2,11288,48279,1531289.964,4509.8,4539.6
2025-09-26,IH,IH2510,2943.0,2964.8,2941.2,2945.2,15109,20891,1337560.71,2950.2,2958.0
2025-09-26,IH,IH2511,2944.0,2962.8,2939.6,2943.2,966,1395,85474.728,2948.0,2956.4
2025-09-26,IH,IH2512,2946.0,2964.0,2941.2,2944.4,29241,61526,2588300.322,2949.8,2958.4
2025-09-26,IH,IH2603,2942.0,2961.0,2939.4,2941.6,2910,12176,257359.002,2947.4,2955.8
2025-09-26,IM,IM2510,7419.6,7470.0,7342.0,7357.0,56703,83509,8387096.072,7360.8,7456.4
2025-09-26,IM,IM2511,7335.4,7384.0,7254.2,7271.2,5684,8850,830812.08,7272.8,7369.2
2025-09-26,IM,IM2512,7260.0,7306.0,7173.0,7189.2,155277,192544,22450182.788,7193.4,7290.8
2025-09-26,IM,IM2603,7040.0,7093.6,6958.0,6972.2,25326,79961,3550242.228,6974.4,7076.4
2025-09-29,IC,IC2510,7224.0,7376.4,7183.0,7342.8,43387,61662,6317269.54,7328.2,7219.6
2025-09-29,IC,IC2511,7146.0,7313.0,7113.6,7277.4,5936,9132,856490.884,7261.2,7151.8
2025-09-29,IC,IC2512,7083.8,7266.0,7058.0,7232.2,91906,135897,13151638.112,7210.6,7097.6
2025-09-29,IC,IC2603,6926.6,7084.0,6881.0,7058.8,19196,49912,2679378.072,7033.6,6922.0
2025-09-29,IF,IF2510,4543.2,4655.0,4536.0,4623.6,47651,61954,6564822.372,4626.2,4555.8
2025-09-29,IF,IF2511,4536.6,4644.4,4523.0,4609.6,5231,5660,719567.616,4614.4,4541.8
2025-09-29,IF,IF2512,4530.0,4639.8,4515.2,4604.6,97301,165254,13346729.49,4608.8,4535.2
2025-09-29,IF,IF2603,4509.8,4613.2,4490.4,4579.2,15901,51281,2170767.984,4584.0,4509.8
2025-09-29,IH,IH2510,2945.0,3006.8,2922.4,2974.0,25644,26183,2278775.184,2985.4,2950.2
2025-09-29,IH,IH2511,2944.0,3008.6,2921.6,2976.2,2073,2036,184448.346,2984.0,2948.0
2025-09-29,IH,IH2512,2944.2,3009.6,2922.6,2976.0,51950,71918,4616732.838,2985.4,2949.8
2025-09-29,IH,IH2603,2939.6,3006.4,2921.4,2977.8,5954,13740,529400.808,2985.8,2947.4
2025-09-29,IM,IM2510,7372.0,7516.4,7327.2,7484.2,66610,84039,9897041.208,7469.6,7360.8
2025-09-29,IM,IM2511,7284.0,7445.6,7241.0,7403.8,8544,10741,1255022.6,7387.8,7272.8
2025-09-29,IM,IM2512,7205.0,7374.4,7158.8,7337.4,178532,191754,25946497.248,7316.8,7193.4
2025-09-29,IM,IM2603,6988.0,7150.0,6941.6,7114.4,30933,80722,4362698.76,7096.6,6974.4
2025-09-30,IC,IC2510,7350.2,7422.4,7346.0,7398.4,33497,55156,4951469.176,7394.2,7328.2
2025-09-30,IC,IC2511,7295.0,7361.2,7283.4,7337.2,7257,12022,1063762.4,7332.8,7261.2
2025-09-30,IC,IC2512,7252.0,7323.0,7236.2,7290.4,71590,131766,10431993.0,7288.8,7210.6
2025-09-30,IC,IC2603,7075.2,7153.4,7062.8,7125.2,16212,47813,2307588.592,7115.8,7033.6
2025-09-30,IF,IF2510,4628.2,4646.8,4617.0,4634.4,32027,52458,4453437.924,4637.2,4626.2
2025-09-30,IF,IF2511,4629.6,4636.2,4607.0,4623.0,4927,6116,683501.736,4627.4,4614.4
2025-09-30,IF,IF2512,4615.0,4631.8,4601.0,4618.0,63292,153795,8770218.216,4621.2,4608.8
2025-09-30,IF,IF2603,4589.0,4608.0,4581.0,4595.2,10423,49787,1436773.866,4596.2,4584.0
2025-09-30,IH,IH2510,2982.0,2992.8,2977.4,2988.6,14058,20912,1259205.06,2988.6,2985.4
2025-09-30,IH,IH2511,2986.0,2991.8,2976.0,2988.4,837,1684,74945.754,2987.0,2984.0
2025-09-30,IH,IH2512,2984.0,2993.0,2977.8,2989.0,29276,63473,2622757.638,2988.6,2985.4
2025-09-30,IH,IH2603,2984.0,2994.2,2978.0,2990.0,3405,13126,305119.218,2989.4,2985.8
2025-09-30,IM,IM2510,7494.0,7580.2,7494.0,7556.6,50247,75675,7583527.904,7556.4,7469.6
2025-09-30,IM,IM2511,7434.8,7505.2,7415.2,7479.2,7902,13101,1180481.0,7484.2,7387.8
2025-09-30,IM,IM2512,7360.0,7434.4,7347.4,7406.2,135231,183522,20012753.176,7408.4,7316.8
2025-09-30,IM,IM2603,7142.2,7213.6,7127.6,7187.0,23490,79341,3372543.02,7184.2,7096.6
2025-10-09,IC,IC2510,7445.0,7561.0,7426.6,7520.4,37820,56714,5678047.676,7531.4,7394.2
2025-10-09,IC,IC2511,7381.8,7503.8,7365.4,7458.0,9203,15812,1371757.744,7471.6,7332.8
2025-10-09,IC,IC2512,7330.0,7469.6,7323.8,7415.8,88806,143814,13161497.608,7432.8,7288.8
2025-10-09,IC,IC2603,7180.0,7309.0,7152.0,7257.0,19645,52016,2847001.74,7272.2,7115.8
2025-10-09,IF,IF2510,4655.0,4732.4,4643.6,4706.4,40149,54211,5659237.866,4712.0,4637.2
2025-10-09,IF,IF2511,4649.6,4719.8,4633.8,4696.8,4688,7705,659640.96,4703.2,4627.4
2025-10-09,IF,IF2512,4639.0,4715.0,4627.2,4689.2,78704,163300,11048972.436,4694.4,4621.2
2025-10-09,IF,IF2603,4617.0,4690.8,4601.2,4667.0,12307,51859,1719803.538,4672.6,4596.2
2025-10-09,IH,IH2510,3000.0,3033.0,2984.8,3023.8,16882,21072,1526392.272,3022.8,2988.6
2025-10-09,IH,IH2511,3001.0,3032.0,2983.8,3023.0,1777,2297,160647.678,3022.2,2987.0
2025-10-09,IH,IH2512,2996.0,3034.2,2985.0,3026.0,36012,66848,3256066.986,3024.2,2988.6
2025-10-09,IH,IH2603,3001.2,3034.0,2984.6,3027.0,5045,13356,456106.17,3023.8,2989.4
2025-10-09,IM,IM2510,7599.6,7659.8,7563.2,7607.4,48343,73893,7367337.812,7618.8,7556.4
2025-10-09,IM,IM2511,7521.8,7582.8,7488.0,7526.8,9432,16019,1423357.168,7539.4,7484.2
2025-10-09,IM,IM2512,7444.0,7519.0,7413.0,7449.6,131436,182161,19645459.372,7467.8,7408.4
2025-10-09,IM,IM2603,7220.0,7302.0,7195.8,7229.0,24518,81003,3557034.324,7248.8,7184.2
2025-10-10,IC,IC2510,7491.0,7502.0,7367.0,7382.0,39765,50530,5907767.496,7389.6,7531.4
2025-10-10,IC,IC2511,7439.0,7440.6,7298.4,7311.2,10064,18841,1481026.36,7320.0,7471.6
2025-10-10,IC,IC2512,7398.8,7398.8,7252.2,7266.0,99771,140200,14591305.912,7272.6,7432.8
2025-10-10,IC,IC2603,7230.0,7237.6,7090.2,7100.6,20790,50503,2973758.252,7109.2,7272.2
2025-10-10,IF,IF2510,4673.4,4690.4,4599.2,4613.8,43832,51030,6115785.732,4615.2,4712.0
2025-10-10,IF,IF2511,4673.8,4681.0,4588.0,4600.4,5422,9132,754617.066,4603.6,4703.2
2025-10-10,IF,IF2512,4664.0,4674.4,4576.2,4592.2,96227,162971,13364791.89,4593.2,4694.4
2025-10-10,IF,IF2603,4647.4,4654.8,4556.0,4571.8,16669,55448,2305036.668,4571.2,4672.6
2025-10-10,IH,IH2510,3002.0,3012.0,2967.2,2976.0,20378,21085,1829608.488,2974.0,3022.8
2025-10-10,IH,IH2511,3004.8,3012.0,2967.2,2973.6,3053,3090,273641.472,2973.2,3022.2
2025-10-10,IH,IH2512,3010.0,3014.6,2966.0,2975.8,43708,67688,3922470.294,2973.2,3024.2
2025-10-10,IH,IH2603,3008.4,3014.2,2966.8,2974.0,6794,13880,609772.23,2972.6,3023.8
2025-10-10,IM,IM2510,7579.6,7598.6,7498.2,7514.2,53416,70956,8052461.932,7519.6,7618.8
2025-10-10,IM,IM2511,7508.0,7512.6,7409.0,7421.8,15411,22199,2295962.436,7427.4,7539.4
2025-10-10,IM,IM2512,7415.0,7434.0,7327.0,7340.4,140881,183267,20752691.344,7346.4,7467.8
2025-10-10,IM,IM2603,7207.4,7216.8,7110.0,7120.0,23742,80505,3394236.568,7127.4,7248.8
2025-10-13,IC,IC2510,7200.0,7372.4,7163.0,7350.0,42277,49319,6163037.892,7342.6,7389.6
2025-10-13,IC,IC2511,7051.2,7299.0,7051.2,7278.0,11392,22616,1644649.612,7267.4,7320.0
2025-10-13,IC,IC2512,7100.0,7251.0,7075.0,7231.0,101843,143038,14606080.896,7221.4,7272.6
2025-10-13,IC,IC2603,6900.0,7080.8,6889.0,7059.8,21216,52606,2973069.4,7055.2,7109.2
2025-10-13,IF,IF2510,4520.0,4595.6,4513.8,4585.6,44944,49745,6144051.27,4580.4,4615.2
2025-10-13,IF,IF2511,4557.2,4585.0,4505.6,4572.4,9140,12664,1247079.618,4569.8,4603.6
2025-10-13,IF,IF2512,4520.0,4574.4,4493.0,4562.6,97200,163856,13226984.904,4559.4,4593.2
2025-10-13,IF,IF2603,4500.2,4554.4,4474.6,4541.2,16995,57094,2301769.014,4539.4,4571.2
2025-10-13,IH,IH2510,2924.2,2972.2,2924.2,2966.2,19083,20024,1688153.52,2964.2,2974.0
2025-10-13,IH,IH2511,2920.0,2969.4,2920.0,2962.6,3473,4171,306904.32,2961.0,2973.2
2025-10-13,IH,IH2512,2930.0,2969.0,2925.4,2961.6,44552,65965,3937758.306,2961.2,2973.2
2025-10-13,IH,IH2603,2926.4,2970.0,2922.6,2962.0,6422,13363,567542.7,2962.0,2972.6
2025-10-13,IM,IM2510,7377.4,7503.6,7302.2,7476.8,65213,68201,9675729.556,7473.0,7519.6
2025-10-13,IM,IM2511,7198.0,7412.2,7198.0,7395.0,20080,28943,2945790.208,7381.4,7427.4
2025-10-13,IM,IM2512,7156.0,7333.0,7141.2,7305.8,169889,190790,24631029.168,7303.8,7346.4
2025-10-13,IM,IM2603,6950.0,7104.0,6923.6,7077.6,31368,83351,4408759.644,7076.6,7127.4
2025-10-14,IC,IC2510,7410.0,7434.8,7116.6,7153.4,46517,44041,6774569.256,7159.8,7342.6
2025-10-14,IC,IC2511,7331.4,7363.8,7027.2,7066.0,15916,26918,2286031.764,7072.0,7267.4
2025-10-14,IC,IC2512,7252.0,7317.8,6971.8,7010.0,131717,151940,18806535.372,7018.6,7221.4
2025-10-14,IC,IC2603,7110.0,7154.4,6812.4,6844.2,26941,54967,3763617.6,6857.0,7055.2
2025-10-14,IF,IF2510,4603.0,4632.2,4514.0,4540.4,47549,45714,6530612.94,4531.0,4580.4
2025-10-14,IF,IF2511,4600.0,4622.6,4493.8,4515.2,14989,18793,2050266.678,4513.4,4569.8
2025-10-14,IF,IF2512,4588.6,4609.0,4480.0,4507.2,107698,162441,14696090.73,4499.2,4559.4
2025-10-14,IF,IF2603,4570.0,4587.4,4457.6,4486.2,17856,57440,2424784.044,4477.2,4539.4
2025-10-14,IH,IH2510,2979.0,2995.0,2951.0,2965.0,19875,19095,1773037.332,2958.4,2964.2
2025-10-14,IH,IH2511,2985.0,2992.0,2944.8,2961.4,5168,5388,460014.558,2952.2,2961.0
2025-10-14,IH,IH2512,2972.2,2990.2,2943.6,2958.4,48584,65281,4326631.296,2953.0,2961.2
2025-10-14,IH,IH2603,2980.0,2990.6,2945.4,2961.0,6417,14096,571530.318,2953.8,2962.0
2025-10-14,IM,IM2510,7506.0,7571.6,7295.2,7340.0,68904,59100,10254556.784,7338.2,7473.0
2025-10-14,IM,IM2511,7436.6,7483.6,7185.4,7230.0,26362,38279,3865119.3,7234.4,7381.4
2025-10-14,IM,IM2512,7360.0,7404.0,7100.0,7145.8,200096,194043,29009194.996,7148.6,7303.8
2025-10-14,IM,IM2603,7120.0,7174.6,6882.8,6922.0,36759,84787,5163301.576,6926.0,7076.6
2025-10-15,IC,IC2510,7196.6,7297.8,7145.0,7278.2,38456,34255,5548687.776,7272.0,7159.8
2025-10-15,IC,IC2511,7090.8,7219.4,7060.4,7196.2,19428,32793,2773850.968,7190.4,7072.0
2025-10-15,IC,IC2512,7068.0,7166.0,7008.0,7140.2,105607,141518,14948713.896,7134.4,7018.6
2025-10-15,IC,IC2603,6880.0,7004.8,6850.0,6977.0,19123,52944,2645237.98,6972.0,6857.0
2025-10-15,IF,IF2510,4544.0,4611.8,4524.6,4601.6,40430,35819,5531603.748,4596.4,4531.0
2025-10-15,IF,IF2511,4532.2,4599.2,4510.2,4586.6,16606,24260,2267101.83,4583.8,4513.4
2025-10-15,IF,IF2512,4522.0,4587.8,4501.0,4576.4,86223,160428,11738704.008,4572.6,4499.2
2025-10-15,IF,IF2603,4496.0,4564.0,4479.4,4555.0,12308,56592,1668269.91,4551.2,4477.2
2025-10-15,IH,IH2510,2967.0,3007.4,2959.4,2999.4,17842,13703,1593130.194,2996.8,2958.4
2025-10-15,IH,IH2511,2964.2,3005.6,2956.0,2998.2,6567,6914,586403.334,2994.0,2952.2
2025-10-15,IH,IH2512,2968.0,3006.8,2956.2,2997.4,41717,63594,3725438.634,2995.0,2953.0
2025-10-15,IH,IH2603,2965.2,3008.0,2958.0,2998.4,5176,13300,462426.318,2996.0,2953.8
2025-10-15,IM,IM2510,7377.8,7477.8,7310.0,7455.8,55423,47911,8204728.184,7451.6,7338.2
2025-10-15,IM,IM2511,7260.0,7386.0,7211.6,7362.6,28745,46218,4203858.096,7357.6,7234.4
2025-10-15,IM,IM2512,7194.8,7305.0,7128.0,7275.2,178569,191595,25797849.904,7273.8,7148.6
2025-10-15,IM,IM2603,6949.0,7081.8,6912.2,7060.2,30417,84507,4259115.316,7054.2,6926.0
2025-10-16,IC,IC2510,7242.2,7291.2,7190.2,7225.4,29413,23203,4257639.196,7212.6,7272.0
2025-10-16,IC,IC2511,7183.2,7202.0,7084.8,7126.4,23838,39176,3402982.864,7111.8,7190.4
2025-10-16,IC,IC2512,7123.0,7144.0,7018.0,7062.0,88010,138071,12464141.796,7046.6,7134.4
2025-10-16,IC,IC2603,6957.8,6981.4,6858.4,6895.2,17287,52601,2390785.508,6881.6,6972.0
2025-10-16,IF,IF2510,4596.4,4644.0,4583.6,4614.0,30168,23420,4176505.524,4611.2,4596.4
2025-10-16,IF,IF2511,4573.0,4628.0,4572.0,4599.6,23168,32933,3196407.642,4596.8,4583.8
2025-10-16,IF,IF2512,4561.0,4618.0,4561.0,4590.0,87781,161774,12086626.074,4585.8,4572.6
2025-10-16,IF,IF2603,4546.4,4591.2,4541.2,4566.8,12356,56692,1692376.236,4564.2,4551.2
2025-10-16,IH,IH2510,2994.6,3031.4,2992.0,3019.2,13559,9009,1226751.702,3018.0,2996.8
2025-10-16,IH,IH2511,2994.2,3028.8,2991.2,3019.6,10295,11468,930886.284,3017.2,2994.0
2025-10-16,IH,IH2512,2991.0,3030.6,2990.2,3019.0,47257,69593,4274251.404,3017.4,2995.0
2025-10-16,IH,IH2603,2989.6,3029.2,2989.6,3019.0,5200,13814,470145.144,3016.8,2996.0
2025-10-16,IM,IM2510,7440.4,7455.0,7368.0,7403.4,39286,33142,5823239.608,7394.0,7451.6
2025-10-16,IM,IM2511,7334.0,7352.6,7250.0,7293.2,30514,54135,4453570.604,7276.8,7357.6
2025-10-16,IM,IM2512,7255.0,7269.8,7161.2,7205.0,153865,185185,22204903.204,7190.6,7273.8
2025-10-16,IM,IM2603,7040.0,7050.0,6944.0,6981.4,26088,83019,3650749.528,6971.4,7054.2
2025-10-17,IC,IC2510,7212.2,7257.6,7063.4,7064.0,18020,0,2571859.588,7064.34,7212.6
2025-10-17,IC,IC2511,7135.6,7165.8,6401.2,6922.4,36648,52676,5124659.572,6921.8,7111.8
2025-10-17,IC,IC2512,7062.0,7098.2,6840.0,6863.2,97770,140473,13551450.72,6865.0,7046.6
2025-10-17,IC,IC2603,6880.2,6930.0,6680.0,6702.0,19962,53438,2700680.588,6703.6,6881.6
2025-10-17,IF,IF2510,4613.0,4618.0,4539.0,4539.6,19019,0,2606689.71,4539.86,4611.2
2025-10-17,IF,IF2511,4605.6,4606.6,4232.0,4495.8,35560,43867,4837784.394,4497.4,4596.8
2025-10-17,IF,IF2512,4582.0,4596.0,4468.0,4485.2,99982,163234,13562039.238,4484.6,4585.8
2025-10-17,IF,IF2603,4564.2,4572.4,4447.4,4463.0,14870,58693,2005973.238,4463.0,4564.2
2025-10-17,IH,IH2510,3016.6,3024.0,2982.0,2983.0,7404,0,666684.588,2983.27,3018.0
2025-10-17,IH,IH2511,3024.0,3024.0,2774.2,2964.2,17069,16210,1529534.766,2963.0,3017.2
2025-10-17,IH,IH2512,3015.4,3025.0,2951.2,2963.0,56818,67502,5090997.942,2961.6,3017.4
2025-10-17,IH,IH2603,3024.0,3024.0,2953.2,2963.6,7921,14210,710234.244,2962.6,3016.8
2025-10-17,IM,IM2510,7402.8,7430.0,7212.8,7230.2,29136,0,4262772.92,7230.33,7394.0
2025-10-17,IM,IM2511,7300.2,7326.6,7081.0,7100.0,55221,77603,7914271.084,7104.0,7276.8
2025-10-17,IM,IM2512,7204.8,7238.0,7002.2,7020.8,173725,199348,24614585.844,7024.2,7190.6
2025-10-17,IM,IM2603,6975.0,7017.2,6789.2,6805.0,32831,87271,4508564.876,6808.0,6971.4
2025-10-20,IC,IC2511,6998.0,7058.2,6946.6,6972.0,28764,48948,4025270.432,6970.4,6921.8
2025-10-20,IC,IC2512,6968.4,6997.4,6885.0,6909.2,81712,135493,11339816.428,6908.8,6865.0
2025-10-20,IC,IC2603,6790.0,6830.0,6721.4,6747.4,17991,52568,2437781.628,6745.8,6703.6
2025-10-20,IC,IC2606,6649.0,6655.2,6543.0,6567.0,6366,6207,839579.056,6564.4,6703.6
2025-10-20,IF,IF2511,4532.6,4561.2,4504.0,4519.8,25145,40679,3419741.628,4517.6,4497.4
2025-10-20,IF,IF2512,4523.0,4549.8,4490.8,4506.8,71457,156399,9691210.104,4504.2,4484.6
2025-10-20,IF,IF2603,4501.0,4525.8,4466.8,4482.0,12171,56967,1641957.336,4479.0,4463.0
2025-10-20,IF,IF2606,4502.8,4503.0,4431.8,4447.2,3514,3406,470717.868,4444.0,4463.0
2025-10-20,IH,IH2511,2984.0,2995.6,2964.2,2972.0,13161,14994,1176108.192,2971.2,2963.0
2025-10-20,IH,IH2512,2981.0,2995.8,2962.8,2970.4,34271,60464,3061910.37,2969.6,2961.6
2025-10-20,IH,IH2603,2982.0,2995.8,2964.0,2972.0,4201,13478,375383.022,2970.4,2962.6
2025-10-20,IH,IH2606,2977.0,2993.2,2962.0,2969.8,986,956,88041.846,2968.8,2962.6
2025-10-20,IM,IM2511,7189.0,7231.0,7109.0,7137.6,44989,71066,6452423.536,7134.6,7104.0
2025-10-20,IM,IM2512,7100.0,7150.8,7028.4,7059.2,143577,189654,20358626.416,7053.4,7024.2
2025-10-20,IM,IM2603,6870.4,6926.8,6813.0,6841.6,28288,82550,3888585.236,6836.6,6808.0
2025-10-20,IM,IM2606,6744.6,6749.4,6604.6,6637.4,11429,11067,1524130.34,6627.2,6808.0
2025-10-21,IC,IC2511,7005.2,7149.8,7005.0,7108.8,33289,50505,4725851.576,7122.8,6970.4
2025-10-21,IC,IC2512,6948.0,7098.0,6948.0,7052.8,89215,139981,12563576.864,7067.8,6908.8
2025-10-21,IC,IC2603,6785.4,6932.4,6784.2,6886.2,17433,52019,2397795.592,6904.2,6745.8
2025-10-21,IC,IC2606,6594.0,6752.6,6594.0,6709.8,5710,6571,765114.948,6722.2,6564.4
2025-10-21,IF,IF2511,4537.0,4609.8,4534.4,4588.6,29776,41688,4094155.44,4594.8,4517.6
2025-10-21,IF,IF2512,4528.2,4599.2,4521.0,4577.6,77133,157558,10579189.854,4584.6,4504.2
2025-10-21,IF,IF2603,4499.0,4573.6,4495.4,4550.2,12638,56187,1723694.064,4557.2,4479.0
2025-10-21,IF,IF2606,4468.6,4538.6,4460.8,4515.0,2919,3333,395226.57,4520.6,4444.0
2025-10-21,IH,IH2511,2986.0,3014.0,2974.8,3004.2,12905,14510,1161748.02,3007.4,2971.2
2025-10-21,IH,IH2512,2979.8,3014.4,2973.2,3004.8,35150,62330,3164357.466,3007.4,2969.6
2025-10-21,IH,IH2603,2980.0,3014.6,2975.0,3005.6,4265,13436,383989.362,3008.0,2970.4
2025-10-21,IH,IH2606,2980.0,3018.0,2973.2,3004.0,1113,1032,100163.982,3006.2,2968.8
2025-10-21,IM,IM2511,7152.0,7301.8,7152.0,7261.0,44744,72051,6485912.2,7273.0,7134.6
2025-10-21,IM,IM2512,7099.0,7228.6,7083.0,7182.8,151318,190486,21705796.396,7199.4,7053.4
2025-10-21,IM,IM2603,6861.0,7008.0,6861.0,6966.8,26613,80131,3700378.088,6982.6,6836.6
2025-10-21,IM,IM2606,6662.0,6801.2,6658.8,6753.6,10398,12634,1403141.976,6770.6,6627.2
2025-10-22,IC,IC2511,7059.8,7106.0,7029.2,7065.0,23265,45760,3290355.296,7070.4,7122.8
2025-10-22,IC,IC2512,7021.8,7052.4,6970.0,7011.6,68879,131680,9664122.668,7016.4,7067.8
2025-10-22,IC,IC2603,6850.0,6887.4,6805.6,6849.0,12798,51376,1753366.844,6852.0,6904.2
2025-10-22,IC,IC2606,6671.8,6709.0,6633.6,6683.0,4297,7623,573456.464,6674.2,6722.2
2025-10-22,IF,IF2511,4565.6,4592.0,4548.4,4574.0,21714,38677,2979373.812,4578.0,4594.8
2025-10-22,IF,IF2512,4559.0,4579.4,4536.8,4563.4,65140,151558,8914153.932,4566.2,4584.6
2025-10-22,IF,IF2603,4532.2,4553.4,4510.8,4537.0,8023,55037,1091625.168,4539.6,4557.2
2025-10-22,IF,IF2606,4488.2,4515.4,4475.0,4500.2,2057,4041,277644.186,4501.8,4520.6
2025-10-22,IH,IH2511,2989.8,3011.4,2982.2,3003.6,11040,14291,993151.734,3006.4,3007.4
2025-10-22,IH,IH2512,2989.0,3011.4,2981.6,3005.6,31434,59769,2828015.154,3006.4,3007.4
2025-10-22,IH,IH2603,2990.0,3011.0,2983.2,3005.2,3566,13098,320849.982,3006.4,3008.0
2025-10-22,IH,IH2606,2985.6,3009.2,2982.4,3004.4,1049,1315,94362.714,3005.2,3006.2
2025-10-22,IM,IM2511,7232.6,7278.0,7196.0,7237.2,35068,68005,5076673.172,7239.0,7273.0
2025-10-22,IM,IM2512,7165.2,7201.2,7117.2,7163.2,120919,180451,17322157.048,7165.2,7199.4
2025-10-22,IM,IM2603,6938.6,6983.0,6905.0,6947.2,18115,78082,2516313.148,6948.8,6982.6
2025-10-22,IM,IM2606,6738.6,6771.0,6701.0,6736.0,8259,15098,1112524.624,6735.6,6770.6
2025-10-23,IC,IC2511,7054.8,7100.2,6949.8,7091.4,28476,49508,3990418.024,7058.2,7070.4
2025-10-23,IC,IC2512,6995.0,7047.4,6893.8,7040.0,92122,140501,12801349.992,6993.8,7016.4
2025-10-23,IC,IC2603,6835.0,6883.4,6733.6,6876.6,18114,54306,2458900.156,6835.8,6852.0
2025-10-23,IC,IC2606,6658.4,6700.0,6556.8,6700.0,6433,10022,849931.512,6652.8,6674.2
2025-10-23,IF,IF2511,4568.0,4601.0,4520.2,4593.6,28655,42758,3915426.282,4579.8,4578.0
2025-10-23,IF,IF2512,4555.4,4589.6,4505.4,4580.8,84087,160208,11456673.762,4566.8,4566.2
2025-10-23,IF,IF2603,4530.0,4562.2,4479.4,4553.8,12656,57059,1715107.8,4541.6,4539.6
2025-10-23,IF,IF2606,4492.6,4520.0,4443.2,4516.8,2876,4640,386320.242,4500.6,4501.8
2025-10-23,IH,IH2511,2998.2,3029.2,2977.6,3024.6,13429,15125,1209321.852,3017.2,3006.4
2025-10-23,IH,IH2512,3000.0,3030.0,2976.8,3023.8,40773,63397,3671919.882,3017.2,3006.4
2025-10-23,IH,IH2603,2995.4,3029.2,2978.2,3024.8,4708,13878,424051.746,3017.0,3006.4
2025-10-23,IH,IH2606,2999.2,3027.6,2977.0,3020.4,1406,1629,126612.552,3014.8,3005.2
2025-10-23,IM,IM2511,7210.0,7257.0,7092.8,7248.8,48889,74544,6999094.576,7206.2,7239.0
2025-10-23,IM,IM2512,7149.0,7186.4,7014.4,7179.0,172781,201566,24465642.172,7125.6,7165.2
2025-10-23,IM,IM2603,6923.6,6972.6,6805.2,6967.0,28130,81651,3864268.276,6914.8,6948.8
2025-10-23,IM,IM2606,6726.6,6756.8,6596.4,6748.4,10647,17720,1415878.512,6695.8,6735.6
2025-10-24,IC,IC2511,7125.0,7217.8,7102.6,7211.8,27966,47830,4002057.964,7185.4,7058.2
2025-10-24,IC,IC2512,7078.0,7159.8,7043.6,7159.8,84722,134444,12031630.484,7129.2,6993.8
2025-10-24,IC,IC2603,6905.0,6993.8,6877.4,6993.2,19301,51471,2676081.596,6961.8,6835.8
2025-10-24,IC,IC2606,6724.2,6816.6,6694.4,6816.6,5739,9859,774694.824,6777.0,6652.8
2025-10-24,IF,IF2511,4611.2,4648.4,4608.0,4648.4,24392,40441,3387218.226,4640.8,4579.8
2025-10-24,IF,IF2512,4592.0,4634.8,4592.0,4634.8,74172,153415,10270760.214,4627.0,4566.8
2025-10-24,IF,IF2603,4570.0,4604.2,4568.0,4604.0,14177,55843,1951667.19,4598.2,4541.6
2025-10-24,IF,IF2606,4531.0,4567.4,4527.0,4567.4,3440,5714,469445.094,4556.6,4500.6
2025-10-24,IH,IH2511,3028.4,3055.8,3027.0,3048.4,13032,15117,1188676.344,3044.0,3017.2
2025-10-24,IH,IH2512,3033.6,3056.2,3026.4,3048.6,39423,64619,3596354.196,3044.4,3017.2
2025-10-24,IH,IH2603,3032.2,3056.6,3027.8,3050.0,4919,13622,449016.372,3045.6,3017.0
2025-10-24,IH,IH2606,3030.0,3055.0,3026.0,3051.8,1605,1971,146403.228,3043.0,3014.8
2025-10-24,IM,IM2511,7285.0,7369.4,7270.4,7369.2,43112,70082,6309486.532,7343.6,7206.2
2025-10-24,IM,IM2512,7210.0,7298.0,7194.4,7298.0,147894,183485,21425511.252,7267.8,7125.6
2025-10-24,IM,IM2603,6996.8,7077.8,6980.0,7077.8,24111,76592,3387873.2,7050.4,6914.8
2025-10-24,IM,IM2606,6771.2,6859.8,6764.6,6859.8,9336,18930,1271301.988,6833.0,6695.8
2025-10-27,IC,IC2511,7286.0,7335.0,7245.2,7310.4,27275,49174,3982966.236,7313.0,7185.4
2025-10-27,IC,IC2512,7228.8,7285.8,7191.0,7254.4,87202,140233,12638853.024,7259.4,7129.2
2025-10-27,IC,IC2603,7078.0,7120.0,7028.8,7083.0,16929,51880,2398256.848,7093.6,6961.8
2025-10-27,IC,IC2606,6875.0,6936.8,6847.4,6903.4,5288,11298,729752.8,6906.8,6777.0
2025-10-27,IF,IF2511,4676.2,4709.8,4674.0,4701.0,26252,41727,3696452.706,4699.8,4640.8
2025-10-27,IF,IF2512,4672.0,4697.8,4660.8,4684.4,71074,157785,9979507.836,4685.0,4627.0
2025-10-27,IF,IF2603,4627.0,4668.8,4627.0,4656.0,12499,56157,1744194.786,4655.4,4598.2
2025-10-27,IF,IF2606,4600.0,4631.2,4593.4,4620.6,3507,6575,485309.022,4613.4,4556.6
2025-10-27,IH,IH2511,3061.2,3080.2,3057.0,3067.4,11960,15335,1101121.062,3068.2,3044.0
2025-10-27,IH,IH2512,3065.0,3080.0,3058.4,3066.8,37476,65887,3450708.66,3067.8,3044.4
2025-10-27,IH,IH2603,3065.0,3081.6,3059.6,3069.2,5043,14472,464538.132,3069.0,3045.6
2025-10-27,IH,IH2606,3072.6,3082.0,3059.2,3067.4,1819,2468,167511.27,3068.0,3043.0
2025-10-27,IM,IM2511,7449.2,7465.2,7370.0,7399.4,45173,72266,6700895.308,7407.4,7343.6
2025-10-27,IM,IM2512,7378.0,7395.6,7300.2,7322.6,137585,187588,20208958.552,7332.6,7267.8
2025-10-27,IM,IM2603,7122.2,7180.0,7090.0,7105.2,23471,78846,3348161.012,7118.4,7050.4
2025-10-27,IM,IM2606,6925.0,6965.0,6875.2,6891.6,8513,20144,1177722.732,6904.2,6833.0
2025-10-28,IC,IC2511,7280.0,7364.6,7258.6,7287.4,24174,46495,3534398.792,7290.6,7313.0
2025-10-28,IC,IC2512,7240.0,7313.0,7203.6,7231.0,82049,133968,11908112.82,7236.8,7259.4
2025-10-28,IC,IC2603,7057.0,7146.0,7040.8,7068.2,15658,51503,2221070.916,7072.6,7093.6
2025-10-28,IC,IC2606,6868.8,6959.8,6855.4,6886.6,4523,11186,624884.288,6888.2,6906.8
2025-10-28,IF,IF2511,4687.0,4731.0,4673.0,4682.4,24886,41097,3508724.226,4687.0,4699.8
2025-10-28,IF,IF2512,4680.0,4719.0,4660.4,4669.6,72481,155110,10190110.062,4675.0,4685.0
2025-10-28,IF,IF2603,4648.0,4689.0,4633.4,4640.2,12271,54889,1714770.324,4646.4,4655.4
2025-10-28,IF,IF2606,4608.6,4653.4,4596.0,4606.0,3200,7023,443402.148,4608.2,4613.4
2025-10-28,IH,IH2511,3063.8,3078.4,3046.4,3051.2,10401,14527,955292.01,3053.2,3068.2
2025-10-28,IH,IH2512,3061.4,3078.6,3045.8,3051.6,34831,64286,3198638.682,3053.0,3067.8
2025-10-28,IH,IH2603,3060.0,3079.6,3047.0,3053.0,4435,14524,407506.572,3054.8,3069.0
2025-10-28,IH,IH2606,3063.6,3078.0,3044.6,3049.2,1454,2400,133471.404,3052.4,3068.0
2025-10-28,IM,IM2511,7385.0,7487.0,7378.0,7410.0,38819,68765,5768313.708,7416.0,7407.4
2025-10-28,IM,IM2512,7315.0,7416.8,7301.2,7335.6,141946,186154,20887340.364,7342.2,7332.6
2025-10-28,IM,IM2603,7099.4,7203.4,7090.0,7122.6,22315,77590,3188151.732,7128.8,7118.4
2025-10-28,IM,IM2606,6880.0,6989.6,6878.2,6907.2,8213,21509,1138328.384,6916.0,6904.2
2025-10-29,IC,IC2511,7300.0,7444.2,7300.0,7440.6,25143,48427,3712478.324,7427.6,7290.6
2025-10-29,IC,IC2512,7258.0,7395.0,7257.6,7390.0,88124,140222,12916931.076,7377.2,7236.8
2025-10-29,IC,IC2603,7090.0,7230.8,7090.0,7227.0,16363,51296,2345152.584,7212.4,7072.6
2025-10-29,IC,IC2606,6894.6,7041.6,6894.6,7039.0,5137,12870,716494.46,7023.2,6888.2
2025-10-29,IF,IF2511,4695.4,4743.6,4691.6,4743.4,22095,40454,3127113.042,4734.6,4687.0
2025-10-29,IF,IF2512,4685.0,4732.6,4678.6,4732.6,65655,156239,9266038.206,4722.4,4675.0
2025-10-29,IF,IF2603,4651.0,4700.8,4651.0,4700.2,10059,54336,1411273.158,4692.6,4646.4
2025-10-29,IF,IF2606,4620.2,4664.0,4611.2,4663.2,3124,7529,434514.588,4654.4,4608.2
2025-10-29,IH,IH2511,3052.2,3068.0,3050.2,3065.6,9841,14307,902973.516,3062.8,3053.2
2025-10-29,IH,IH2512,3061.6,3066.6,3050.0,3064.8,30153,62594,2766529.434,3061.8,3053.0
2025-10-29,IH,IH2603,3053.0,3067.6,3051.2,3066.0,3883,15162,356472.654,3063.6,3054.8
2025-10-29,IH,IH2606,3049.2,3065.4,3049.2,3064.6,1228,2912,112642.974,3061.0,3052.4
2025-10-29,IM,IM2511,7429.8,7520.8,7401.6,7519.6,34309,67592,5120866.768,7504.8,7416.0
2025-10-29,IM,IM2512,7356.0,7450.0,7330.8,7446.4,124145,180653,18346657.12,7432.2,7342.2
2025-10-29,IM,IM2603,7135.0,7238.0,7119.8,7237.0,20243,77793,2906054.512,7220.4,7128.8
2025-10-29,IM,IM2606,6921.2,7025.0,6906.4,7023.0,8939,22730,1245019.74,7005.2,6916.0
2025-10-30,IC,IC2511,7424.8,7425.0,7317.0,7351.2,30611,49423,4514481.864,7358.6,7427.6
2025-10-30,IC,IC2512,7370.0,7374.0,7265.0,7299.0,106213,141423,15551793.3,7307.2,7377.2
2025-10-30,IC,IC2603,7208.0,7210.2,7102.0,7138.0,23208,54090,3324483.808,7149.6,7212.4
2025-10-30,IC,IC2606,7020.0,7026.0,6926.2,6957.0,8256,15275,1152886.952,6966.6,7023.2
2025-10-30,IF,IF2511,4737.0,4752.6,4694.8,4701.4,32187,44533,4561873.662,4709.4,4734.6
2025-10-30,IF,IF2512,4723.2,4741.0,4680.0,4690.0,87251,160853,12333480.39,4698.4,4722.4
2025-10-30,IF,IF2603,4692.0,4709.8,4652.2,4662.0,13925,56573,1956344.562,4671.0,4692.6
2025-10-30,IF,IF2606,4657.8,4671.0,4615.8,4624.0,4013,8775,559338.024,4630.6,4654.4
2025-10-30,IH,IH2511,3060.4,3076.0,3041.8,3046.6,14214,16393,1304428.212,3050.0,3062.8
2025-10-30,IH,IH2512,3060.8,3074.8,3039.4,3045.0,41888,66853,3842089.374,3049.8,3061.8
2025-10-30,IH,IH2603,3061.0,3075.6,3042.0,3046.8,5952,15567,546161.718,3051.4,3063.6
2025-10-30,IH,IH2606,3059.0,3071.2,3038.8,3042.0,1895,3231,173767.338,3047.2,3061.0
2025-10-30,IM,IM2511,7500.6,7514.4,7402.2,7438.4,47601,71105,7102438.928,7439.6,7504.8
2025-10-30,IM,IM2512,7429.8,7444.0,7328.0,7364.4,162104,190757,23950012.052,7366.6,7432.2
2025-10-30,IM,IM2603,7217.0,7234.8,7123.4,7157.0,27002,80338,3877467.076,7158.6,7220.4
2025-10-30,IM,IM2606,7022.8,7024.0,6913.8,6950.0,11946,26879,1665978.384,6952.4,7005.2
2025-10-31,IC,IC2511,7366.0,7405.6,7288.2,7291.2,29712,48365,4360000.836,7314.2,7358.6
2025-10-31,IC,IC2512,7327.0,7355.0,7239.6,7242.4,92416,138903,13463846.1,7264.4,7307.2
2025-10-31,IC,IC2603,7149.2,7192.0,7082.2,7085.0,16806,51715,2395202.312,7107.2,7149.6
2025-10-31,IC,IC2606,6966.8,7008.8,6902.2,6907.0,6382,15482,886432.44,6926.6,6966.6
2025-10-31,IF,IF2511,4701.4,4711.0,4639.0,4641.0,33764,42899,4729614.222,4646.4,4709.4
2025-10-31,IF,IF2512,4691.6,4699.4,4627.4,4631.4,85956,160463,12008595.762,4636.6,4698.4
2025-10-31,IF,IF2603,4660.8,4672.8,4603.6,4608.8,14754,57343,2049862.044,4612.6,4671.0
2025-10-31,IF,IF2606,4625.2,4634.6,4567.0,4573.6,5388,10426,742222.092,4575.6,4630.6
2025-10-31,IH,IH2511,3049.0,3053.0,3012.0,3016.8,13624,15925,1237174.518,3018.2,3050.0
2025-10-31,IH,IH2512,3047.0,3053.0,3010.6,3015.2,40576,63955,3682482.402,3016.6,3049.8
2025-10-31,IH,IH2603,3048.0,3055.4,3012.2,3016.0,7055,16285,640582.428,3018.2,3051.4
2025-10-31,IH,IH2606,3046.6,3050.0,3011.0,3015.8,2094,3443,190030.362,3016.0,3047.2
2025-10-31,IM,IM2511,7441.2,7548.0,7437.4,7439.6,49482,69370,7401726.588,7466.0,7439.6
2025-10-31,IM,IM2512,7380.0,7479.0,7363.0,7368.2,164443,186908,24363860.276,7397.2,7366.6
2025-10-31,IM,IM2603,7157.0,7266.6,7157.0,7165.0,27165,78264,3912174.064,7192.2,7158.6
2025-10-31,IM,IM2606,6952.8,7057.8,6950.0,6960.0,12192,27841,1705197.036,6988.4,6952.4
2025-11-03,IC,IC2511,7300.0,7300.0,7162.0,7292.8,27392,48383,3963185.5,7287.6,7314.2
2025-11-03,IC,IC2512,7240.0,7250.8,7108.0,7239.6,90896,137332,13055679.136,7233.4,7264.4
2025-11-03,IC,IC2603,7084.8,7094.0,6950.6,7081.4,15970,52126,2243107.084,7076.2,7107.2
2025-11-03,IC,IC2606,6906.0,6917.0,6771.4,6901.4,5948,16517,814015.068,6896.8,6926.6
2025-11-03,IF,IF2511,4642.6,4652.2,4587.6,4646.2,25322,42454,3509177.658,4642.4,4646.4
2025-11-03,IF,IF2512,4637.0,4642.2,4577.6,4634.8,72223,157779,9985726.08,4630.2,4636.6
2025-11-03,IF,IF2603,4611.0,4618.6,4556.4,4610.0,12846,58434,1766700.216,4606.8,4612.6
2025-11-03,IF,IF2606,4577.0,4584.2,4519.0,4574.6,4655,11430,634874.16,4568.6,4575.6
2025-11-03,IH,IH2511,3014.4,3024.0,2989.2,3017.6,11654,16069,1050978.138,3014.8,3018.2
2025-11-03,IH,IH2512,3012.0,3021.0,2986.0,3016.6,32564,61533,2935104.702,3013.6,3016.6
2025-11-03,IH,IH2603,3025.0,3025.0,2989.0,3018.0,5200,15992,468734.982,3014.6,3018.2
2025-11-03,IH,IH2606,3016.0,3021.6,2985.0,3014.0,1740,3385,156692.28,3011.0,3016.0
2025-11-03,IM,IM2511,7451.8,7484.4,7346.2,7471.4,45578,70152,6760175.924,7473.4,7466.0
2025-11-03,IM,IM2512,7384.8,7411.0,7275.0,7398.0,149911,185243,22016673.764,7399.4,7397.2
2025-11-03,IM,IM2603,7165.0,7204.0,7071.8,7193.0,22188,78030,3167562.732,7192.0,7192.2
2025-11-03,IM,IM2606,6970.0,7000.0,6870.2,6988.6,11456,29514,1588114.968,6987.6,6988.4
2025-11-04,IC,IC2511,7270.2,7280.0,7093.6,7158.2,29914,47694,4295271.38,7136.2,7287.6
2025-11-04,IC,IC2512,7225.0,7227.2,7032.2,7094.6,90041,135390,12818476.88,7069.2,7233.4
2025-11-04,IC,IC2603,7058.8,7069.8,6876.0,6930.4,18117,52383,2520288.028,6913.4,7076.2
2025-11-04,IC,IC2606,6891.2,6891.2,6695.0,6750.6,5895,16689,799113.208,6732.0,6896.8
2025-11-04,IF,IF2511,4646.0,4653.2,4574.6,4604.6,27248,43463,3775678.332,4594.6,4642.4
2025-11-04,IF,IF2512,4629.6,4639.4,4558.2,4589.0,74377,155987,10269850.518,4577.8,4630.2
2025-11-04,IF,IF2603,4606.0,4612.0,4532.8,4560.8,12188,57308,1673392.176,4552.0,4606.8
2025-11-04,IF,IF2606,4562.6,4573.2,4493.8,4524.6,4386,11702,596552.13,4511.2,4568.6
2025-11-04,IH,IH2511,3016.0,3027.4,2994.0,3009.8,11023,15063,996797.574,3004.4,3014.8
2025-11-04,IH,IH2512,3017.0,3024.4,2992.0,3008.2,32632,59901,2948792.928,3003.0,3013.6
2025-11-04,IH,IH2603,3016.4,3023.6,2990.8,3007.2,5159,16107,465911.73,3000.8,3014.6
2025-11-04,IH,IH2606,3013.2,3020.0,2986.2,3000.8,1720,3703,155188.728,2997.2,3011.0
2025-11-04,IM,IM2511,7460.0,7460.8,7298.4,7365.2,43770,67792,6455203.82,7339.0,7473.4
2025-11-04,IM,IM2512,7384.8,7389.0,7215.4,7284.4,150525,184001,21953739.152,7254.8,7399.4
2025-11-04,IM,IM2603,7180.0,7180.4,7008.6,7074.8,27109,79766,3841197.644,7049.4,7192.0
2025-11-04,IM,IM2606,6978.0,6978.0,6804.2,6866.0,12174,31914,1675070.44,6844.4,6987.6
2025-11-05,IC,IC2511,7080.0,7215.2,7065.8,7170.2,29234,48336,4173521.38,7185.8,7136.2
2025-11-05,IC,IC2512,7038.0,7159.0,7006.0,7108.0,93164,136756,13191044.956,7126.0,7069.2
2025-11-05,IC,IC2603,6850.0,6996.2,6844.4,6940.0,18083,53563,2502198.588,6962.4,6913.4
2025-11-05,IC,IC2606,6667.8,6806.6,6667.4,6753.8,6682,17780,899585.732,6774.0,6732.0
2025-11-05,IF,IF2511,4562.0,4633.8,4551.0,4610.8,27765,43841,3826273.158,4619.8,4594.6
2025-11-05,IF,IF2512,4536.6,4621.4,4536.0,4596.6,73216,156249,10060498.29,4606.6,4577.8
2025-11-05,IF,IF2603,4508.0,4592.2,4508.0,4568.6,11406,57486,1557453.894,4576.8,4552.0
2025-11-05,IF,IF2606,4484.0,4551.6,4468.4,4529.2,4229,12464,572169.588,4535.2,4511.2
2025-11-05,IH,IH2511,2985.0,3020.2,2980.8,3004.6,11192,15162,1007979.354,3011.0,3004.4
2025-11-05,IH,IH2512,2986.4,3019.6,2979.0,3002.6,34881,61875,3141040.734,3010.0,3003.0
2025-11-05,IH,IH2603,2987.4,3018.8,2978.4,3003.8,5201,16103,468318.366,3010.6,3000.8
2025-11-05,IH,IH2606,2983.0,3014.2,2975.0,2999.4,1846,3838,166088.484,3006.6,2997.2
2025-11-05,IM,IM2511,7291.0,7431.2,7284.4,7391.8,41750,67086,6146760.872,7408.2,7339.0
2025-11-05,IM,IM2512,7204.4,7355.0,7200.4,7310.8,159917,189571,23291340.324,7329.8,7254.8
2025-11-05,IM,IM2603,7008.4,7138.0,6992.8,7093.8,26218,78552,3706995.944,7115.2,7049.4
2025-11-05,IM,IM2606,6806.8,6924.2,6787.0,6886.4,10799,31574,1481529.444,6901.8,6844.4
2025-11-06,IC,IC2511,7199.8,7318.8,7184.2,7304.6,26211,46862,3806622.572,7298.4,7185.8
2025-11-06,IC,IC2512,7130.0,7261.8,7120.0,7246.4,85816,134122,12362590.688,7239.6,7126.0
2025-11-06,IC,IC2603,6957.8,7096.6,6955.2,7078.0,16081,51320,2263666.952,7073.8,6962.4
2025-11-06,IC,IC2606,6779.6,6906.8,6768.0,6893.0,5380,17191,737282.26,6885.0,6774.0
2025-11-06,IF,IF2511,4627.0,4695.0,4622.4,4683.8,25490,41334,3568959.03,4683.6,4619.8
2025-11-06,IF,IF2512,4611.0,4682.6,4608.0,4670.8,71116,154733,9930216.918,4671.2,4606.6
2025-11-06,IF,IF2603,4587.0,4651.8,4578.8,4638.0,11664,56466,1617941.976,4639.8,4576.8
2025-11-06,IF,IF2606,4543.2,4610.0,4535.8,4598.8,3143,12118,432053.658,4599.0,4535.2
2025-11-06,IH,IH2511,3014.0,3050.8,3008.2,3043.0,10774,14300,980641.59,3043.0,3011.0
2025-11-06,IH,IH2512,3008.0,3048.6,3007.0,3041.4,34423,61694,3132817.68,3042.2,3010.0
2025-11-06,IH,IH2603,3008.8,3046.2,3007.0,3038.0,4594,16259,417899.544,3039.8,3010.6
2025-11-06,IH,IH2606,3007.8,3043.0,3003.4,3032.8,1690,3981,153438.006,3034.4,3006.6
2025-11-06,IM,IM2511,7410.2,7498.0,7383.0,7487.8,34963,63769,5209222.032,7481.8,7408.2
2025-11-06,IM,IM2512,7321.6,7418.0,7300.0,7405.0,138409,176903,20397798.896,7401.8,7329.8
2025-11-06,IM,IM2603,7110.8,7200.8,7087.2,7186.8,21128,77197,3022681.016,7187.2,7115.2
2025-11-06,IM,IM2606,6905.0,6985.0,6877.0,6974.6,8930,31987,1239654.452,6973.2,6901.8
2025-11-07,IC,IC2511,7270.2,7329.4,7233.0,7292.0,20262,43639,2951830.204,7292.4,7298.4
2025-11-07,IC,IC2512,7211.8,7268.8,7172.0,7230.2,68877,127129,9953411.236,7230.8,7239.6
2025-11-07,IC,IC2603,7054.4,7100.0,7005.4,7061.4,13378,51720,1888423.08,7062.8,7073.8
2025-11-07,IC,IC2606,6866.0,6910.0,6818.6,6875.0,4444,18004,610695.044,6875.2,6885.0
2025-11-07,IF,IF2511,4668.0,4691.4,4652.8,4673.0,18540,38279,2599097.994,4673.0,4683.6
2025-11-07,IF,IF2512,4656.0,4676.8,4638.0,4659.4,56412,149916,7884347.1,4659.0,4671.2
2025-11-07,IF,IF2603,4620.0,4646.0,4608.0,4626.2,8698,56677,1207659.378,4627.6,4639.8
2025-11-07,IF,IF2606,4588.8,4603.2,4565.6,4587.0,2800,12614,385056.852,4584.8,4599.0
2025-11-07,IH,IH2511,3037.2,3049.4,3034.2,3038.8,7890,13440,719838.726,3041.2,3043.0
2025-11-07,IH,IH2512,3036.8,3047.8,3032.2,3038.2,25302,57801,2307650.652,3040.2,3042.2
2025-11-07,IH,IH2603,3028.0,3043.6,3028.0,3034.6,3249,15638,295908.858,3036.0,3039.8
2025-11-07,IH,IH2606,3027.2,3036.2,3024.0,3027.6,1363,4064,123879.396,3029.4,3034.4
2025-11-07,IM,IM2511,7461.0,7523.0,7424.4,7493.4,31406,64163,4697691.984,7492.6,7481.8
2025-11-07,IM,IM2512,7380.2,7443.8,7340.0,7412.0,127587,180439,18880453.876,7411.6,7401.8
2025-11-07,IM,IM2603,7158.0,7228.0,7128.0,7191.0,20569,78643,2955276.596,7193.8,7187.2
2025-11-07,IM,IM2606,6960.0,7013.8,6916.0,6975.0,8055,33179,1122418.068,6974.4,6973.2
2025-11-10,IC,IC2511,7331.0,7361.0,7240.6,7302.8,23580,44924,3437389.94,7294.4,7292.4
2025-11-10,IC,IC2512,7260.0,7301.0,7176.2,7235.8,76452,132910,11043811.22,7230.2,7230.8
2025-11-10,IC,IC2603,7098.8,7134.2,7008.8,7065.0,16831,53041,2373758.96,7058.2,7062.8
2025-11-10,IC,IC2606,6899.6,6944.6,6819.6,6874.8,5873,18458,805762.52,6864.2,6875.2
2025-11-10,IF,IF2511,4680.0,4691.0,4642.0,4686.2,22468,41206,3146059.218,4681.2,4673.0
2025-11-10,IF,IF2512,4675.0,4678.0,4626.4,4672.0,69883,156162,9752580.75,4666.2,4659.0
2025-11-10,IF,IF2603,4635.0,4646.4,4597.2,4640.0,11109,58126,1540636.248,4635.6,4627.6
2025-11-10,IF,IF2606,4597.0,4602.8,4554.0,4595.4,3325,12819,456778.974,4591.8,4584.8
2025-11-10,IH,IH2511,3043.4,3056.6,3026.0,3054.8,9753,13871,890185.116,3052.4,3041.2
2025-11-10,IH,IH2512,3045.0,3055.0,3026.2,3054.0,30249,61599,2759520.606,3050.8,3040.2
2025-11-10,IH,IH2603,3042.0,3050.8,3023.6,3049.6,4315,16735,393167.634,3047.2,3036.0
2025-11-10,IH,IH2606,3033.0,3045.0,3018.0,3043.6,1593,4506,144846.702,3040.4,3029.4
2025-11-10,IM,IM2511,7533.6,7555.4,7453.4,7508.8,33873,61772,5075875.604,7499.2,7492.6
2025-11-10,IM,IM2512,7459.0,7477.4,7368.2,7421.0,128195,179090,18990625.556,7412.4,7411.6
2025-11-10,IM,IM2603,7230.0,7257.8,7150.2,7199.2,22461,79103,3229532.676,7191.6,7193.8
2025-11-10,IM,IM2606,7005.0,7039.0,6928.2,6984.2,9944,34712,1386119.42,6971.0,6974.4
2025-11-11,IC,IC2511,7317.4,7355.6,7228.8,7242.2,22488,42026,3274353.352,7250.6,7294.4
2025-11-11,IC,IC2512,7296.0,7296.0,7160.0,7173.0,69626,127025,10045072.016,7185.0,7230.2
2025-11-11,IC,IC2603,7093.0,7120.8,6988.6,7003.8,15091,53067,2124434.564,7009.8,7058.2
2025-11-11,IC,IC2606,6908.0,6927.0,6795.2,6813.8,5279,19138,722675.368,6816.8,6864.2
2025-11-11,IF,IF2511,4698.8,4704.2,4633.4,4640.2,23298,39376,3256238.01,4646.4,4681.2
2025-11-11,IF,IF2512,4684.4,4690.6,4618.4,4626.8,70771,151427,9858169.44,4632.0,4666.2
2025-11-11,IF,IF2603,4649.0,4659.0,4591.4,4600.4,12465,58627,1725785.022,4604.2,4635.6
2025-11-11,IF,IF2606,4605.0,4614.2,4550.2,4559.0,3866,13754,530278.692,4562.0,4591.8
2025-11-11,IH,IH2511,3059.2,3063.0,3021.0,3033.6,9704,12907,884430.03,3035.2,3052.4
2025-11-11,IH,IH2512,3058.0,3061.2,3018.0,3033.0,34254,60887,3119718.492,3032.6,3050.8
2025-11-11,IH,IH2603,3054.8,3057.0,3015.8,3029.6,4768,16591,433781.352,3030.0,3047.2
2025-11-11,IH,IH2606,3048.2,3051.8,3008.2,3022.6,1416,4359,128531.31,3022.8,3040.4
2025-11-11,IM,IM2511,7528.2,7563.8,7462.4,7476.6,32931,60308,4947384.412,7486.8,7499.2
2025-11-11,IM,IM2512,7442.8,7484.0,7375.0,7390.4,122556,179084,18200975.104,7401.6,7412.4
2025-11-11,IM,IM2603,7215.2,7258.0,7155.8,7167.0,21766,79515,3136234.796,7178.8,7191.6
2025-11-11,IM,IM2606,7005.0,7036.6,6935.4,6949.8,8829,35188,1232816.8,6957.6,6971.0
2025-11-12,IC,IC2511,7239.6,7282.0,7152.4,7224.0,27768,44767,4004641.032,7217.4,7250.6
2025-11-12,IC,IC2512,7166.0,7215.0,7081.0,7155.2,90041,141389,12859001.54,7146.8,7185.0
2025-11-12,IC,IC2603,6990.2,7041.4,6913.0,6982.4,19579,56403,2728640.124,6973.0,7009.8
2025-11-12,IC,IC2606,6798.8,6849.8,6726.0,6785.8,8241,20504,1116849.296,6776.0,6816.8
2025-11-12,IF,IF2511,4638.0,4664.0,4608.8,4645.0,23655,41123,3290738.958,4643.8,4646.4
2025-11-12,IF,IF2512,4628.6,4649.4,4593.8,4628.0,79009,157009,10955303.64,4628.0,4632.0
2025-11-12,IF,IF2603,4601.0,4622.6,4566.2,4601.0,13986,61309,1927955.25,4599.6,4604.2
2025-11-12,IF,IF2606,4557.4,4581.2,4523.8,4558.2,4040,13980,551624.4,4555.4,4562.0
2025-11-12,IH,IH2511,3036.0,3058.6,3030.6,3046.8,10298,13072,940940.292,3048.0,3035.2
2025-11-12,IH,IH2512,3035.0,3055.2,3027.2,3042.8,36751,62367,3354274.368,3044.2,3032.6
2025-11-12,IH,IH2603,3035.0,3050.6,3022.6,3037.6,5049,16982,460019.358,3038.8,3030.0
2025-11-12,IH,IH2606,3025.0,3042.0,3013.4,3030.0,1977,5061,179629.326,3029.6,3022.8
2025-11-12,IM,IM2511,7466.8,7501.6,7385.0,7458.2,44117,63123,6563068.996,7447.2,7486.8
2025-11-12,IM,IM2512,7387.8,7417.0,7293.0,7369.8,159312,193160,23416380.524,7355.6,7401.6
2025-11-12,IM,IM2603,7160.0,7192.0,7075.2,7148.6,27626,83249,3937967.024,7132.0,7178.8
2025-11-12,IM,IM2606,6941.0,6971.0,6857.0,6919.8,12840,37310,1773314.88,6903.8,6957.6
2025-11-13,IC,IC2511,7211.8,7347.2,7206.6,7335.4,25399,38745,3707276.532,7319.4,7217.4
2025-11-13,IC,IC2512,7140.0,7278.2,7138.0,7269.0,80371,129916,11621599.608,7250.8,7146.8
2025-11-13,IC,IC2603,6975.0,7098.6,6965.0,7087.4,19595,55340,2764434.836,7069.2,6973.0
2025-11-13,IC,IC2606,6780.4,6900.0,6767.0,6885.4,6859,19709,940371.976,6866.0,6776.0
2025-11-13,IF,IF2511,4641.4,4696.6,4634.0,4693.6,25088,36602,3517209.474,4689.0,4643.8
2025-11-13,IF,IF2512,4620.0,4682.4,4617.6,4677.0,70414,149415,9838402.35,4673.2,4628.0
2025-11-13,IF,IF2603,4598.0,4649.2,4590.2,4645.8,12274,59415,1703502.024,4641.0,4599.6
2025-11-13,IF,IF2606,4549.8,4606.4,4543.8,4601.4,4093,14070,562815.456,4597.2,4555.4
2025-11-13,IH,IH2511,3044.8,3075.4,3042.2,3072.6,10923,12762,1002610.182,3070.6,3048.0
2025-11-13,IH,IH2512,3039.0,3073.2,3037.4,3068.8,34620,61604,3175610.916,3067.8,3044.2
2025-11-13,IH,IH2603,3031.0,3068.6,3031.0,3064.0,5052,16929,462837.138,3063.2,3038.8
2025-11-13,IH,IH2606,3025.2,3063.4,3025.0,3059.6,2296,5020,209881.308,3056.4,3029.6
2025-11-13,IM,IM2511,7462.2,7575.0,7428.2,7566.0,39070,55637,5880637.076,7550.2,7447.2
2025-11-13,IM,IM2512,7357.0,7487.8,7337.6,7478.4,140471,183744,20901119.24,7462.8,7355.6
2025-11-13,IM,IM2603,7148.6,7256.6,7115.2,7246.0,24319,80533,3507537.744,7231.8,7132.0
2025-11-13,IM,IM2606,6915.0,7027.0,6891.0,7012.0,10943,36251,1528598.784,7002.2,6903.8
2025-11-14,IC,IC2511,7277.2,7309.8,7208.0,7208.0,22554,37095,3279348.456,7249.4,7319.4
2025-11-14,IC,IC2512,7218.0,7240.0,7136.8,7137.4,71699,130526,10322524.652,7179.0,7250.8
2025-11-14,IC,IC2603,7030.0,7062.0,6958.0,6960.0,16437,56702,2307273.94,6998.0,7069.2
2025-11-14,IC,IC2606,6825.0,6858.8,6760.0,6762.0,5922,20695,807450.404,6794.0,6866.0
2025-11-14,IF,IF2511,4663.0,4677.6,4614.0,4614.0,22853,36178,3191708.442,4637.8,4689.0
2025-11-14,IF,IF2512,4650.0,4661.8,4600.0,4600.4,67288,149958,9366239.526,4622.4,4673.2
2025-11-14,IF,IF2603,4620.0,4632.0,4572.0,4572.4,14864,62961,2056330.536,4594.4,4641.0
2025-11-14,IF,IF2606,4572.0,4592.0,4530.2,4531.6,4984,15779,683295.606,4552.4,4597.2
2025-11-14,IH,IH2511,3055.0,3074.4,3033.8,3034.0,9482,11938,870070.68,3046.4,3070.6
2025-11-14,IH,IH2512,3055.4,3072.4,3029.4,3030.4,32072,62716,2940121.776,3043.2,3067.8
2025-11-14,IH,IH2603,3050.2,3067.2,3025.4,3025.8,5074,17381,464294.172,3038.4,3063.2
2025-11-14,IH,IH2606,3046.2,3059.8,3017.0,3017.0,1605,5086,146493.462,3029.6,3056.4
2025-11-14,IM,IM2511,7515.0,7559.8,7459.4,7468.4,34335,53957,5165141.876,7507.0,7550.2
2025-11-14,IM,IM2512,7439.0,7469.0,7372.0,7372.0,125074,182376,18585913.452,7413.8,7462.8
2025-11-14,IM,IM2603,7201.0,7236.6,7138.0,7140.0,23113,82892,3326767.324,7180.8,7231.8
2025-11-14,IM,IM2606,6974.0,7007.2,6912.0,6913.4,10057,37997,1401800.644,6954.8,7002.2
2025-11-17,IC,IC2511,7222.4,7249.8,7181.4,7215.8,21816,32752,3147843.748,7215.2,7249.4
2025-11-17,IC,IC2512,7169.0,7181.8,7107.0,7143.4,73642,133431,10517444.308,7140.8,7179.0
2025-11-17,IC,IC2603,6981.2,7003.4,6930.0,6960.4,16285,58901,2267817.512,6963.0,6998.0
2025-11-17,IC,IC2606,6761.2,6802.4,6730.0,6757.8,5174,20750,699554.94,6759.6,6794.0
2025-11-17,IF,IF2511,4616.0,4621.2,4575.0,4595.8,26156,37237,3605778.714,4589.6,4637.8
2025-11-17,IF,IF2512,4596.2,4605.0,4558.8,4581.4,69751,154108,9583319.178,4573.8,4622.4
2025-11-17,IF,IF2603,4573.0,4577.0,4531.0,4552.4,13957,64792,1905705.858,4546.0,4594.4
2025-11-17,IF,IF2606,4531.6,4536.4,4491.2,4513.2,4428,16584,599175.216,4504.0,4552.4
2025-11-17,IH,IH2511,3034.0,3037.8,3000.4,3014.0,11912,13248,1077058.518,3008.6,3046.4
2025-11-17,IH,IH2512,3030.0,3033.4,2995.6,3009.2,37212,64127,3359772.678,3004.4,3043.2
2025-11-17,IH,IH2603,3020.4,3028.2,2994.0,3007.4,6187,18346,558128.826,3002.0,3038.4
2025-11-17,IH,IH2606,3019.0,3022.0,2988.0,3002.4,1885,5393,169677.486,2996.0,3029.6
2025-11-17,IM,IM2511,7488.0,7526.8,7453.0,7495.4,34485,48139,5167619.904,7499.8,7507.0
2025-11-17,IM,IM2512,7398.0,7429.8,7351.2,7394.4,130158,185984,19251784.304,7402.8,7413.8
2025-11-17,IM,IM2603,7155.2,7194.8,7120.6,7162.0,23077,83203,3305460.204,7168.6,7180.8
2025-11-17,IM,IM2606,6923.0,6966.8,6893.2,6927.8,9607,37827,1332155.336,6938.6,6954.8
2025-11-18,IC,IC2511,7195.6,7214.6,7102.6,7152.8,26417,31223,3781278.864,7132.2,7215.2
2025-11-18,IC,IC2512,7107.0,7139.0,7028.0,7079.8,83267,139697,11792567.336,7056.4,7140.8
2025-11-18,IC,IC2603,6937.8,6960.0,6850.0,6897.0,17679,60086,2439272.92,6875.0,6963.0
2025-11-18,IC,IC2606,6743.4,6754.4,6648.0,6690.0,7077,23013,947426.708,6673.6,6759.6
2025-11-18,IF,IF2511,4589.8,4603.0,4547.0,4569.6,23964,33649,3290517.468,4560.0,4589.6
2025-11-18,IF,IF2512,4571.0,4586.0,4530.4,4555.0,76476,158826,10461391.878,4543.0,4573.8
2025-11-18,IF,IF2603,4540.0,4555.6,4500.8,4523.0,15119,67946,2054441.97,4512.2,4546.0
2025-11-18,IF,IF2606,4507.8,4512.2,4455.6,4476.8,6304,18267,848352.414,4467.8,4504.0
2025-11-18,IH,IH2511,3009.8,3021.8,2993.6,3003.6,9453,11134,852822.486,3000.6,3008.6
2025-11-18,IH,IH2512,3002.0,3015.6,2987.2,2997.6,36656,62985,3300611.214,2994.4,3004.4
2025-11-18,IH,IH2603,3003.2,3012.0,2984.4,2994.2,6347,18276,570865.416,2990.8,3002.0
2025-11-18,IH,IH2606,2997.4,3004.0,2976.0,2984.2,2303,5296,206679.432,2982.6,2996.0
2025-11-18,IM,IM2511,7477.8,7498.4,7400.8,7445.6,36730,44807,5467869.02,7429.0,7499.8
2025-11-18,IM,IM2512,7375.4,7399.6,7303.0,7351.8,142162,189585,20877311.536,7329.2,7402.8
2025-11-18,IM,IM2603,7149.6,7164.4,7071.8,7116.8,26645,86555,3788426.0,7095.4,7168.6
2025-11-18,IM,IM2606,6920.0,6931.0,6845.4,6887.8,12230,41073,1682503.756,6866.8,6938.6
2025-11-19,IC,IC2511,7143.2,7180.2,7083.6,7116.6,24997,21873,3564467.26,7126.4,7132.2
2025-11-19,IC,IC2512,7085.4,7113.6,7013.0,7054.8,83682,141911,11815193.304,7059.6,7056.4
2025-11-19,IC,IC2603,6911.8,6929.2,6831.6,6875.4,17690,61676,2433596.456,6880.8,6875.0
2025-11-19,IC,IC2606,6684.6,6721.6,6627.0,6664.0,6223,23052,830492.668,6672.8,6673.6
2025-11-19,IF,IF2511,4568.8,4603.8,4560.2,4583.4,25910,29702,3562565.37,4586.8,4560.0
2025-11-19,IF,IF2512,4558.6,4587.0,4544.2,4565.2,76820,156324,10523550.684,4570.8,4543.0
2025-11-19,IF,IF2603,4523.2,4554.4,4513.2,4532.2,14405,67558,1959540.966,4538.2,4512.2
2025-11-19,IF,IF2606,4478.6,4508.0,4467.8,4489.0,5478,18583,737637.456,4492.2,4467.8
2025-11-19,IH,IH2511,3006.0,3032.2,3004.4,3018.0,8705,9339,788404.392,3023.4,3000.6
2025-11-19,IH,IH2512,3000.0,3027.0,2999.2,3011.0,36365,61909,3287466.474,3017.4,2994.4
2025-11-19,IH,IH2603,2996.0,3021.0,2995.8,3006.4,6657,18559,600846.21,3012.4,2990.8
2025-11-19,IH,IH2606,2989.6,3011.8,2986.0,2996.2,1812,5430,163027.914,3002.8,2982.6
2025-11-19,IM,IM2511,7443.0,7478.8,7344.0,7390.4,37059,34672,5487073.992,7389.2,7429.0
2025-11-19,IM,IM2512,7365.0,7388.4,7252.2,7298.2,149890,201080,21908725.596,7298.8,7329.2
2025-11-19,IM,IM2603,7120.0,7153.4,7021.2,7068.8,27892,85839,3946936.364,7068.2,7095.4
2025-11-19,IM,IM2606,6884.0,6923.8,6793.6,6838.6,12626,42548,1728408.916,6837.6,6866.8
2025-11-20,IC,IC2511,7169.8,7189.0,7057.8,7063.4,22062,14506,3137230.332,7073.0,7126.4
2025-11-20,IC,IC2512,7118.8,7124.2,6988.4,7000.0,89650,154013,12624955.076,7006.2,7059.6
2025-11-20,IC,IC2603,6916.8,6945.2,6812.0,6821.4,18776,62823,2577588.64,6826.8,6880.8
2025-11-20,IC,IC2606,6726.2,6733.6,6605.8,6615.0,7080,24637,942005.38,6620.4,6672.8
2025-11-20,IF,IF2511,4615.0,4615.6,4556.4,4558.0,25265,22593,3478046.01,4569.4,4586.8
2025-11-20,IF,IF2512,4590.8,4599.2,4535.2,4539.2,83141,165189,11397258.642,4548.6,4570.8
2025-11-20,IF,IF2603,4560.2,4565.0,4505.0,4506.2,14755,70516,2008058.4,4516.0,4538.2
2025-11-20,IF,IF2606,4515.0,4518.0,4460.0,4461.0,5125,19586,690182.694,4470.6,4492.2
2025-11-20,IH,IH2511,3027.8,3038.8,3003.6,3008.6,7953,6917,721240.17,3013.0,3023.4
2025-11-20,IH,IH2512,3020.0,3032.4,2996.6,3002.6,39268,64984,3553642.008,3005.8,3017.4
2025-11-20,IH,IH2603,3010.0,3024.4,2991.0,2995.6,8203,19929,740718.3,2999.6,3012.4
2025-11-20,IH,IH2606,3010.6,3013.8,2980.8,2985.2,2652,5945,238644.006,2990.2,3002.8
2025-11-20,IM,IM2511,7436.0,7449.2,7338.4,7347.6,31494,23903,4648140.104,7355.8,7389.2
2025-11-20,IM,IM2512,7348.0,7358.4,7246.8,7263.6,140822,205865,20536700.104,7268.4,7298.8
2025-11-20,IM,IM2603,7111.4,7125.6,7018.2,7035.2,27245,88372,3848896.976,7039.8,7068.2
2025-11-20,IM,IM2606,6878.8,6895.0,6791.0,6807.0,11972,43805,1636077.024,6810.8,6837.6
2025-11-21,IC,IC2511,6990.0,7026.2,6826.4,6874.4,13875,0,1920280.612,6874.98,7073.0
2025-11-21,IC,IC2512,6949.0,6964.8,6765.0,6770.0,131128,165935,17940506.86,6790.2,7006.2
2025-11-21,IC,IC2603,6752.2,6792.0,6598.0,6605.6,34921,71244,4659929.068,6620.2,6826.8
2025-11-21,IC,IC2606,6546.6,6585.0,6390.2,6397.4,13907,28411,1798599.98,6415.2,6620.4
2025-11-21,IF,IF2511,4519.8,4540.0,4455.0,4481.2,15195,0,2048723.292,4481.61,4569.4
2025-11-21,IF,IF2512,4509.6,4521.4,4427.2,4428.4,112829,176897,15116437.368,4440.8,4548.6
2025-11-21,IF,IF2603,4480.2,4489.2,4395.0,4397.4,30552,77906,4064783.646,4409.8,4516.0
2025-11-21,IF,IF2606,4454.0,4454.0,4349.2,4350.2,7978,21086,1051038.81,4362.4,4470.6
2025-11-21,IH,IH2511,2990.8,3005.2,2951.6,2970.6,5877,0,525449.7,2970.58,3013.0
2025-11-21,IH,IH2512,2987.2,2997.8,2941.0,2946.4,53598,67165,4765629.192,2950.2,3005.8
2025-11-21,IH,IH2603,2979.8,2992.0,2936.6,2938.8,12161,21422,1079983.272,2945.4,2999.6
2025-11-21,IH,IH2606,2978.0,2983.6,2927.2,2933.0,3678,6499,325552.476,2936.6,2990.2
2025-11-21,IM,IM2511,7259.0,7315.0,7086.8,7130.2,25191,0,3623012.288,7130.59,7355.8
2025-11-21,IM,IM2512,7213.8,7234.0,7012.0,7018.2,215750,244705,30621626.54,7036.2,7268.4
2025-11-21,IM,IM2603,6992.0,7007.0,6798.4,6802.8,56479,102260,7767350.628,6819.0,7039.8
2025-11-21,IM,IM2606,6750.0,6783.0,6571.0,6574.4,25249,51820,3357784.896,6593.4,6810.8
2025-11-24,IC,IC2512,6800.0,6867.8,6754.4,6827.6,92262,151377,12564052.58,6842.0,6790.2
2025-11-24,IC,IC2601,6759.6,6815.8,6701.2,6777.6,3645,3579,493004.616,6791.4,6790.2
2025-11-24,IC,IC2603,6647.2,6705.8,6592.4,6666.8,26383,69544,3506600.192,6680.4,6620.2
2025-11-24,IC,IC2606,6434.6,6504.0,6390.6,6462.8,9630,28349,1241332.884,6477.6,6415.2
2025-11-24,IF,IF2512,4451.0,4454.6,4408.8,4435.2,82507,168604,10980003.312,4443.6,4440.8
2025-11-24,IF,IF2601,4440.8,4441.0,4395.6,4419.4,2649,2532,351371.634,4428.0,4440.8
2025-11-24,IF,IF2603,4413.2,4424.6,4378.0,4406.0,21994,75588,2906638.374,4413.0,4409.8
2025-11-24,IF,IF2606,4374.2,4380.0,4333.0,4362.0,6541,21827,855847.848,4370.4,4362.4
2025-11-24,IH,IH2512,2955.0,2958.0,2935.0,2944.4,33894,62014,2996444.736,2948.8,2950.2
2025-11-24,IH,IH2601,2948.8,2951.4,2930.4,2941.6,967,954,85394.304,2944.0,2950.2
2025-11-24,IH,IH2603,2957.0,2957.0,2931.2,2941.4,8005,20522,706736.778,2945.0,2945.4
2025-11-24,IH,IH2606,2948.0,2948.0,2922.4,2932.0,1889,5969,166315.17,2937.0,2936.6
2025-11-24,IM,IM2512,7056.2,7132.4,7008.8,7095.2,160312,220648,22666212.168,7111.6,7036.2
2025-11-24,IM,IM2601,7005.4,7065.0,6938.8,7029.8,7924,7774,1109181.372,7047.6,7036.2
2025-11-24,IM,IM2603,6855.0,6920.4,6797.4,6886.0,38787,98083,5318764.472,6899.4,6819.0
2025-11-24,IM,IM2606,6620.0,6696.0,6575.0,6662.0,16812,50687,2228046.784,6674.4,6593.4
2025-11-25,IC,IC2512,6876.0,6991.8,6873.0,6900.0,93552,152439,12966973.152,6909.4,6842.0
2025-11-25,IC,IC2601,6835.8,6939.0,6822.4,6846.6,4728,4622,650626.2,6857.4,6791.4
2025-11-25,IC,IC2603,6736.0,6830.0,6710.4,6736.0,27228,71544,3686609.78,6747.4,6680.4
2025-11-25,IC,IC2606,6505.0,6628.4,6505.0,6530.8,9209,29526,1209464.872,6543.4,6477.6
2025-11-25,IF,IF2512,4458.8,4504.0,4455.6,4473.0,77751,160808,10447805.508,4474.4,4443.6
2025-11-25,IF,IF2601,4458.4,4490.2,4442.4,4457.2,2938,3009,393301.962,4459.2,4428.0
2025-11-25,IF,IF2603,4430.0,4475.8,4426.6,4444.0,21902,78095,2923858.194,4444.4,4413.0
2025-11-25,IF,IF2606,4387.0,4435.8,4384.2,4399.8,6342,22662,838932.474,4400.6,4370.4
2025-11-25,IH,IH2512,2957.0,2970.0,2948.0,2959.2,32610,59535,2895404.628,2960.4,2948.8
2025-11-25,IH,IH2601,2951.0,2966.4,2945.2,2954.2,874,1084,77459.622,2955.8,2944.0
2025-11-25,IH,IH2603,2952.2,2966.2,2945.6,2954.0,7926,21397,702692.754,2955.0,2945.0
2025-11-25,IH,IH2606,2946.0,2959.0,2938.6,2945.2,2456,6466,217210.056,2947.4,2937.0
2025-11-25,IM,IM2512,7136.2,7250.0,7136.2,7172.0,152757,211318,21998363.036,7182.8,7111.6
2025-11-25,IM,IM2601,7068.0,7182.6,7068.0,7103.4,6715,8020,957412.38,7111.4,7047.6
2025-11-25,IM,IM2603,6936.0,7040.0,6928.2,6954.0,38225,97216,5342617.44,6967.0,6899.4
2025-11-25,IM,IM2606,6695.4,6816.0,6695.4,6725.6,15495,51382,2095413.92,6739.4,6674.4
2025-11-26,IC,IC2512,6918.6,6978.0,6890.0,6909.4,74334,143910,10316229.716,6918.8,6909.4
2025-11-26,IC,IC2601,6849.2,6924.8,6840.2,6852.0,3279,5132,451429.228,6865.4,6857.4
2025-11-26,IC,IC2603,6746.0,6813.8,6727.6,6745.6,21621,70530,2929549.412,6754.8,6747.4
2025-11-26,IC,IC2606,6538.2,6607.6,6525.6,6541.6,7736,29516,1016348.932,6550.0,6543.4
2025-11-26,IF,IF2512,4482.8,4519.0,4471.0,4493.0,70583,155905,9526468.65,4497.4,4474.4
2025-11-26,IF,IF2601,4469.2,4503.2,4457.6,4479.6,3524,4076,474047.616,4483.4,4459.2
2025-11-26,IF,IF2603,4450.8,4486.0,4442.4,4459.8,18103,76078,2426281.41,4465.4,4444.4
2025-11-26,IF,IF2606,4406.2,4438.0,4399.0,4413.0,5077,23235,673443.924,4419.6,4400.6
2025-11-26,IH,IH2512,2966.4,2973.6,2962.0,2964.6,26457,58010,2355277.566,2965.6,2960.4
2025-11-26,IH,IH2601,2969.6,2969.8,2957.2,2961.0,1224,1474,108824.664,2961.6,2955.8
2025-11-26,IH,IH2603,2958.4,2968.2,2956.8,2959.2,5866,20321,521303.154,2960.0,2955.0
2025-11-26,IH,IH2606,2949.2,2960.4,2948.6,2951.6,1942,6403,172131.084,2952.2,2947.4
2025-11-26,IM,IM2512,7172.0,7245.0,7152.0,7176.2,125795,202891,18123173.356,7184.6,7182.8
2025-11-26,IM,IM2601,7100.0,7170.0,7081.2,7107.6,6676,9599,952372.032,7112.6,7111.4
2025-11-26,IM,IM2603,6965.0,7023.2,6936.6,6959.0,30910,96173,4317477.4,6966.0,6967.0
2025-11-26,IM,IM2606,6727.2,6788.0,6709.0,6725.8,14169,52564,1913438.84,6732.8,6739.4
2025-11-27,IC,IC2512,6916.4,7008.8,6881.2,6896.2,76028,145804,10571365.548,6908.8,6918.8
2025-11-27,IC,IC2601,6868.4,6952.6,6826.0,6838.0,4312,6584,594745.868,6855.2,6865.4
2025-11-27,IC,IC2603,6759.0,6842.0,6714.6,6728.8,24663,71624,3347062.848,6744.6,6754.8
2025-11-27,IC,IC2606,6558.6,6634.2,6508.2,6520.2,7973,30558,1049278.968,6538.2,6550.0
2025-11-27,IF,IF2512,4499.0,4549.0,4487.6,4492.6,72122,155679,9776528.292,4499.4,4497.4
2025-11-27,IF,IF2601,4479.6,4533.2,4472.0,4477.0,3268,4626,441376.518,4484.2,4483.4
2025-11-27,IF,IF2603,4486.0,4515.4,4454.2,4460.2,21154,80525,2846802.888,4467.0,4465.4
2025-11-27,IF,IF2606,4417.8,4468.2,4408.0,4414.8,4349,23366,579178.482,4420.2,4419.6
2025-11-27,IH,IH2512,2967.8,2986.4,2958.2,2962.4,30995,61159,2763304.476,2964.6,2965.6
2025-11-27,IH,IH2601,2965.2,2982.0,2953.0,2957.2,1080,1545,96147.624,2959.2,2961.6
2025-11-27,IH,IH2603,2963.6,2980.8,2951.2,2955.6,8305,22542,738946.242,2958.4,2960.0
2025-11-27,IH,IH2606,2952.2,2973.0,2940.0,2945.2,2117,7039,187830.21,2948.8,2952.2
2025-11-27,IM,IM2512,7182.4,7264.0,7167.6,7179.0,130117,203626,18794254.288,7192.4,7184.6
2025-11-27,IM,IM2601,7119.8,7194.2,7095.0,7103.6,6249,10513,893705.144,7122.0,7112.6
2025-11-27,IM,IM2603,6971.0,7040.0,6943.2,6954.8,33067,96829,4628828.916,6969.6,6966.0
2025-11-27,IM,IM2606,6737.8,6804.0,6708.4,6720.0,14010,53075,1894771.844,6733.2,6732.8
2025-11-28,IC,IC2512,6901.2,6982.6,6887.4,6974.2,72395,139454,10058795.816,6970.2,6908.8
2025-11-28,IC,IC2601,6855.2,6927.0,6834.4,6918.0,4339,7579,597760.052,6915.2,6855.2
2025-11-28,IC,IC2603,6729.8,6810.0,6720.6,6801.0,23065,71093,3126655.252,6798.8,6744.6
2025-11-28,IC,IC2606,6528.2,6602.2,6516.0,6592.0,6834,30554,897723.476,6588.8,6538.2
2025-11-28,IF,IF2512,4492.0,4515.8,4476.0,4505.8,64947,148801,8768196.594,4506.8,4499.4
2025-11-28,IF,IF2601,4476.6,4500.2,4461.4,4490.6,2515,5101,338417.958,4491.0,4484.2
2025-11-28,IF,IF2603,4456.0,4481.8,4445.0,4472.4,18732,80741,2510184.156,4472.2,4467.0
2025-11-28,IF,IF2606,4412.8,4432.0,4397.8,4424.4,4073,23979,539987.1,4423.8,4420.2
2025-11-28,IH,IH2512,2964.0,2968.8,2948.0,2963.2,27131,57878,2410313.736,2963.8,2964.6
2025-11-28,IH,IH2601,2957.4,2964.6,2944.0,2959.4,1302,2069,115495.872,2959.6,2959.2
2025-11-28,IH,IH2603,2952.0,2963.2,2943.0,2959.0,8847,22532,784411.998,2958.2,2958.4
2025-11-28,IH,IH2606,2945.0,2951.8,2932.4,2947.4,1446,6700,127744.398,2947.4,2948.8
2025-11-28,IM,IM2512,7190.0,7261.6,7161.2,7260.8,125415,199411,18117627.388,7249.8,7192.4
2025-11-28,IM,IM2601,7111.0,7186.0,7094.0,7185.6,6068,11432,866903.832,7174.6,7122.0
2025-11-28,IM,IM2603,6955.0,7028.0,6941.2,7026.0,30930,95881,4327093.804,7017.2,6969.6
2025-11-28,IM,IM2606,6730.0,6788.6,6708.2,6787.2,12409,53255,1677386.748,6778.0,6733.2
2025-12-01,IC,IC2512,6998.0,7049.0,6977.4,7031.6,64309,134509,9026043.596,7026.8,6970.2
2025-12-01,IC,IC2601,6955.0,6995.2,6921.6,6974.0,4161,8708,579307.2,6967.8,6915.2
2025-12-01,IC,IC2603,6818.6,6875.8,6807.2,6857.8,19584,71049,2681158.024,6851.6,6798.8
2025-12-01,IC,IC2606,6620.2,6665.8,6595.0,6646.0,6750,31304,895907.288,6641.4,6588.8
2025-12-01,IF,IF2512,4516.8,4555.8,4511.8,4555.4,68600,145600,9335762.52,4550.2,4506.8
2025-12-01,IF,IF2601,4506.0,4541.4,4495.4,4541.0,3656,6370,495900.612,4534.2,4491.0
2025-12-01,IF,IF2603,4484.8,4518.8,4477.4,4518.2,20587,84951,2780053.632,4513.2,4472.2
2025-12-01,IF,IF2606,4440.0,4469.6,4429.4,4469.0,4251,24127,567735.51,4464.6,4423.8
2025-12-01,IH,IH2512,2972.0,2986.8,2964.2,2986.4,32036,59130,2859333.972,2983.2,2963.8
2025-12-01,IH,IH2601,2967.0,2980.0,2961.0,2979.6,1323,2344,117906.12,2977.8,2959.6
2025-12-01,IH,IH2603,2964.0,2978.8,2959.2,2978.4,8304,23343,739592.904,2975.8,2958.2
2025-12-01,IH,IH2606,2953.2,2968.0,2948.4,2966.8,1894,7192,168031.77,2964.6,2947.4
2025-12-01,IM,IM2512,7278.6,7328.4,7256.4,7290.0,107661,189019,15695907.24,7286.0,7249.8
2025-12-01,IM,IM2601,7202.2,7252.8,7183.8,7215.4,5545,13163,799972.772,7211.4,7174.6
2025-12-01,IM,IM2603,7042.6,7094.2,7024.4,7057.6,28275,96908,3990918.156,7051.6,7017.2
2025-12-01,IM,IM2606,6810.0,6854.4,6786.2,6813.2,11041,54075,1505215.472,6810.0,6778.0
2025-12-02,IC,IC2512,7023.6,7026.8,6966.0,6982.2,54148,127620,7567557.032,6979.2,7026.8
2025-12-02,IC,IC2601,6964.2,6969.8,6911.6,6927.4,3714,9568,514835.112,6923.2,6967.8
2025-12-02,IC,IC2603,6854.8,6854.8,6793.0,6809.8,19427,72697,2647380.112,6805.2,6851.6
2025-12-02,IC,IC2606,6639.0,6641.8,6587.6,6602.6,6766,32227,893922.484,6599.2,6641.4
2025-12-02,IF,IF2512,4555.4,4559.8,4521.6,4535.8,55827,138432,7600829.22,4531.8,4550.2
2025-12-02,IF,IF2601,4538.4,4539.0,4506.4,4517.8,2946,6861,399658.74,4515.4,4534.2
2025-12-02,IF,IF2603,4515.4,4518.8,4486.0,4497.0,19023,85537,2569085.016,4493.6,4513.2
2025-12-02,IF,IF2606,4466.2,4468.0,4438.0,4446.8,3903,24607,521404.602,4444.8,4464.6
2025-12-02,IH,IH2512,2987.0,2987.2,2964.2,2971.4,25152,53855,2244352.974,2968.8,2983.2
2025-12-02,IH,IH2601,2979.0,2981.4,2958.8,2965.2,1149,2456,102345.756,2963.0,2977.8
2025-12-02,IH,IH2603,2978.0,2979.2,2957.8,2963.8,7430,23041,661384.044,2961.6,2975.8
2025-12-02,IH,IH2606,2966.0,2967.2,2946.0,2951.4,1892,7352,167747.886,2949.2,2964.6
2025-12-02,IM,IM2512,7286.0,7286.0,7220.0,7239.6,96449,181453,13963107.832,7237.2,7286.0
2025-12-02,IM,IM2601,7213.0,7213.0,7150.0,7165.4,5948,14342,852410.428,7162.6,7211.4
2025-12-02,IM,IM2603,7050.0,7053.6,6991.0,7008.0,26897,96203,3769749.7,7005.4,7051.6
2025-12-02,IM,IM2606,6809.6,6809.6,6752.0,6768.8,10822,55881,1464821.368,6767.2,6810.0
2025-12-03,IC,IC2512,6987.2,7018.0,6925.4,6950.4,67339,133791,9381686.028,6941.2,6979.2
2025-12-03,IC,IC2601,6946.6,6961.2,6870.8,6893.8,3773,10440,521531.752,6888.4,6923.2
2025-12-03,IC,IC2603,6816.0,6845.0,6756.0,6781.4,23687,75678,3219427.776,6772.0,6805.2
2025-12-03,IC,IC2606,6613.0,6637.0,6550.0,6572.6,7269,32856,957812.5,6566.0,6599.2
2025-12-03,IF,IF2512,4538.2,4556.0,4504.2,4518.2,67863,142198,9224190.936,4513.4,4531.8
2025-12-03,IF,IF2601,4518.4,4539.4,4488.6,4502.2,3710,7966,502347.57,4498.0,4515.4
2025-12-03,IF,IF2603,4500.0,4518.0,4468.2,4482.4,21171,89920,2853680.268,4476.8,4493.6
2025-12-03,IF,IF2606,4446.8,4468.4,4421.6,4433.8,5014,25762,668554.77,4429.6,4444.8
2025-12-03,IH,IH2512,2968.6,2977.8,2950.0,2958.4,27565,55954,2451676.362,2955.2,2968.8
2025-12-03,IH,IH2601,2961.0,2971.8,2945.0,2951.8,1018,2466,90364.548,2949.8,2963.0
2025-12-03,IH,IH2603,2962.0,2970.6,2942.8,2951.2,8358,24195,741406.218,2947.8,2961.6
2025-12-03,IH,IH2606,2949.8,2958.4,2929.0,2937.0,2376,7999,209750.73,2933.2,2949.2
2025-12-03,IM,IM2512,7247.2,7265.0,7170.6,7195.4,118632,193074,17089419.632,7185.4,7237.2
2025-12-03,IM,IM2601,7173.8,7192.0,7098.4,7121.2,7256,16092,1034381.724,7114.0,7162.6
2025-12-03,IM,IM2603,7020.0,7037.4,6947.0,6968.2,37185,104040,5189011.096,6961.2,7005.4
2025-12-03,IM,IM2606,6776.0,6796.8,6709.2,6731.0,14413,57778,1941879.832,6720.8,6767.2
2025-12-04,IC,IC2512,6970.0,7005.6,6912.0,6983.2,64721,123278,9012132.576,6975.6,6941.2
2025-12-04,IC,IC2601,6911.0,6949.6,6857.6,6926.2,4034,11229,557331.268,6921.2,6888.4
2025-12-04,IC,IC2603,6790.4,6835.6,6742.2,6812.2,23747,76774,3226277.072,6804.6,6772.0
2025-12-04,IC,IC2606,6589.2,6626.8,6535.2,6605.0,7294,32908,960737.536,6595.6,6566.0
2025-12-04,IF,IF2512,4525.0,4547.8,4500.8,4530.6,63708,136475,8645788.668,4528.4,4513.4
2025-12-04,IF,IF2601,4505.2,4529.0,4484.2,4512.2,3708,8471,501331.374,4510.6,4498.0
2025-12-04,IF,IF2603,4490.0,4509.6,4465.0,4492.2,20155,90771,2712720.216,4490.6,4476.8
2025-12-04,IF,IF2606,4444.4,4459.0,4417.4,4441.6,5003,26187,666129.594,4441.6,4429.6
2025-12-04,IH,IH2512,2960.4,2977.8,2953.2,2968.2,27688,53262,2461970.832,2965.4,2955.2
2025-12-04,IH,IH2601,2962.2,2969.6,2947.0,2959.8,1268,2694,112538.358,2958.2,2949.8
2025-12-04,IH,IH2603,2953.4,2968.0,2945.6,2958.6,8640,23841,766071.84,2955.8,2947.8
2025-12-04,IH,IH2606,2941.4,2953.4,2930.8,2943.8,1677,7797,147975.318,2941.8,2933.2
2025-12-04,IM,IM2512,7203.0,7224.0,7137.2,7213.4,116454,181088,16742797.544,7204.0,7185.4
2025-12-04,IM,IM2601,7128.0,7149.8,7065.6,7137.2,7618,17229,1083852.916,7129.8,7114.0
2025-12-04,IM,IM2603,6980.0,6998.8,6913.2,6987.8,35706,102333,4972398.248,6977.0,6961.2
2025-12-04,IM,IM2606,6739.0,6759.4,6678.0,6748.2,12279,56566,1651619.088,6739.0,6720.8
2025-12-05,IC,IC2512,6976.0,7087.4,6921.2,7083.2,83349,130990,11691485.86,7076.6,6975.6
2025-12-05,IC,IC2601,6920.4,7030.4,6869.2,7023.8,5876,12951,817577.984,7019.0,6921.2
2025-12-05,IC,IC2603,6812.2,6914.8,6753.6,6908.4,33919,82895,4640507.4,6901.8,6804.6
2025-12-05,IC,IC2606,6601.6,6705.0,6547.6,6701.0,8827,33542,1171870.916,6693.8,6595.6
2025-12-05,IF,IF2512,4525.0,4588.4,4516.4,4574.4,84754,143296,11572059.084,4578.2,4528.4
2025-12-05,IF,IF2601,4510.2,4569.8,4499.6,4557.0,5005,10512,681267.498,4559.2,4510.6
2025-12-05,IF,IF2603,4495.0,4549.8,4479.2,4535.8,29046,96429,3934434.0,4539.6,4490.6
2025-12-05,IF,IF2606,4445.0,4501.0,4429.2,4487.8,6014,26894,805471.002,4491.6,4441.6
2025-12-05,IH,IH2512,2967.2,3011.2,2963.4,2997.4,38569,59755,3453895.008,3003.4,2965.4
2025-12-05,IH,IH2601,2959.6,3003.0,2956.6,2990.6,2721,4027,243004.368,2996.2,2958.2
2025-12-05,IH,IH2603,2956.2,3000.4,2954.4,2988.0,12268,26536,1095007.134,2993.8,2955.8
2025-12-05,IH,IH2606,2943.8,2986.8,2939.6,2974.6,3123,8810,277369.68,2979.4,2941.8
2025-12-05,IM,IM2512,7210.0,7323.8,7145.6,7319.8,146937,189203,21291104.388,7311.4,7204.0
2025-12-05,IM,IM2601,7144.8,7246.8,7075.0,7242.6,10614,20509,1521903.22,7233.4,7129.8
2025-12-05,IM,IM2603,6987.0,7092.0,6923.2,7086.6,47651,109308,6687236.56,7077.2,6977.0
2025-12-05,IM,IM2606,6749.8,6849.0,6688.4,6846.0,15250,57953,2067884.76,6837.0,6739.0
2025-12-08,IC,IC2512,7096.0,7173.0,7096.0,7144.0,63355,116565,9046511.024,7150.2,7076.6
2025-12-08,IC,IC2601,7070.0,7116.6,7041.0,7090.4,6635,14910,940226.032,7094.6,7019.0
2025-12-08,IC,IC2603,6947.0,6998.2,6924.0,6972.8,28250,83437,3936544.396,6976.6,6901.8
2025-12-08,IC,IC2606,6747.6,6787.6,6722.0,6758.4,8807,33799,1190248.304,6766.4,6693.8
2025-12-08,IF,IF2512,4590.0,4635.0,4589.6,4613.2,76082,132821,10530621.378,4617.0,4578.2
2025-12-08,IF,IF2601,4575.0,4619.6,4570.0,4597.4,7171,12625,989387.922,4602.6,4559.2
2025-12-08,IF,IF2603,4559.8,4595.6,4551.0,4576.0,31206,100004,4284203.772,4579.8,4539.6
2025-12-08,IF,IF2606,4500.0,4547.6,4500.0,4529.0,6069,27338,824400.912,4532.0,4491.6
2025-12-08,IH,IH2512,3003.6,3030.8,3003.6,3015.0,31875,55867,2887438.53,3018.4,3003.4
2025-12-08,IH,IH2601,2999.0,3023.4,2998.0,3009.4,2747,4278,248260.572,3012.0,2996.2
2025-12-08,IH,IH2603,2992.0,3019.4,2992.0,3006.0,12170,26835,1098775.416,3008.8,2993.8
2025-12-08,IH,IH2606,2979.0,3003.6,2979.0,2991.0,3102,9084,278752.206,2993.0,2979.4
2025-12-08,IM,IM2512,7332.0,7409.6,7332.0,7380.4,104973,168647,15492126.888,7387.0,7311.4
2025-12-08,IM,IM2601,7278.8,7333.4,7260.0,7303.6,11152,22307,1629381.096,7308.6,7233.4
2025-12-08,IM,IM2603,7115.2,7173.0,7103.6,7145.8,39784,106788,5686579.312,7150.2,7077.2
2025-12-08,IM,IM2606,6865.0,6933.6,6865.0,6900.2,14519,58906,2005542.108,6904.6,6837.0
2025-12-09,IC,IC2512,7130.0,7161.2,7082.4,7094.4,57109,114015,8132596.088,7094.2,7150.2
2025-12-09,IC,IC2601,7076.2,7104.6,7028.0,7038.8,6067,16289,856848.736,7037.6,7094.6
2025-12-09,IC,IC2603,6949.4,6986.6,6909.0,6918.2,25819,85182,3586489.916,6919.4,6976.6
2025-12-09,IC,IC2606,6747.8,6776.0,6702.0,6711.6,6800,34127,916346.476,6712.0,6766.4
2025-12-09,IF,IF2512,4611.4,4618.8,4571.8,4583.2,63877,125588,8809083.84,4581.0,4617.0
2025-12-09,IF,IF2601,4592.6,4603.4,4557.2,4568.0,5732,14226,787656.264,4565.4,4602.6
2025-12-09,IF,IF2603,4562.0,4580.0,4534.2,4543.8,24311,101155,3324346.584,4543.0,4579.8
2025-12-09,IF,IF2606,4523.8,4533.4,4489.2,4498.8,5577,28326,755054.952,4497.2,4532.0
2025-12-09,IH,IH2512,3010.0,3013.6,2986.0,2991.6,26505,52166,2386042.59,2991.2,3018.4
2025-12-09,IH,IH2601,3005.0,3007.6,2981.2,2985.6,2120,4232,190405.194,2985.0,3012.0
2025-12-09,IH,IH2603,3000.0,3004.6,2977.2,2981.8,8708,26820,781501.194,2981.6,3008.8
2025-12-09,IH,IH2606,2986.0,2989.8,2962.2,2967.6,1804,9150,161106.09,2967.0,2993.0
2025-12-09,IM,IM2512,7368.0,7406.0,7343.0,7347.8,86997,164945,12826407.312,7352.0,7387.0
2025-12-09,IM,IM2601,7292.4,7326.8,7266.2,7270.6,8527,23409,1243594.652,7274.2,7308.6
2025-12-09,IM,IM2603,7126.0,7167.4,7106.2,7111.6,33990,111766,4850275.132,7114.8,7150.2
2025-12-09,IM,IM2606,6890.0,6921.4,6861.4,6869.4,11357,59887,1564639.96,6870.6,6904.6
2025-12-10,IC,IC2512,7083.0,7143.6,7040.0,7122.2,69706,109494,9879469.408,7128.2,7094.2
2025-12-10,IC,IC2601,7024.0,7083.2,6985.6,7065.8,7949,19026,1117663.884,7066.8,7037.6
2025-12-10,IC,IC2603,6888.8,6962.4,6866.0,6944.0,29531,88414,4080084.828,6948.2,6919.4
2025-12-10,IC,IC2606,6711.6,6755.0,6656.6,6733.0,9348,35321,1252247.004,6740.4,6712.0
2025-12-10,IF,IF2512,4576.0,4583.6,4532.0,4574.2,75990,121027,10382361.438,4574.6,4581.0
2025-12-10,IF,IF2601,4565.0,4568.2,4517.2,4557.6,6515,16198,887045.694,4558.2,4565.4
2025-12-10,IF,IF2603,4541.0,4545.2,4494.2,4534.2,33247,109510,4504034.364,4534.6,4543.0
2025-12-10,IF,IF2606,4490.6,4498.0,4450.4,4487.8,6932,29729,929854.08,4488.6,4497.2
2025-12-10,IH,IH2512,2991.6,2993.8,2962.6,2980.8,34093,52758,3040893.822,2980.2,2991.2
2025-12-10,IH,IH2601,2982.8,2987.4,2957.2,2974.6,2432,4639,216485.94,2973.4,2985.0
2025-12-10,IH,IH2603,2980.0,2984.4,2953.6,2970.6,12105,29637,1076243.838,2970.0,2981.6
2025-12-10,IH,IH2606,2966.6,2970.0,2939.8,2956.0,2581,9703,228411.132,2955.4,2967.0
2025-12-10,IM,IM2512,7340.8,7390.2,7295.0,7371.4,108100,163906,15862529.536,7374.6,7352.0
2025-12-10,IM,IM2601,7255.0,7308.8,7220.6,7290.0,10859,27271,1576590.664,7293.8,7274.2
2025-12-10,IM,IM2603,7102.2,7145.0,7060.8,7123.0,44671,115959,6340253.404,7130.0,7114.8
2025-12-10,IM,IM2606,6860.4,6900.0,6817.0,6878.0,13817,62097,1893392.792,6885.0,6870.6
2025-12-11,IC,IC2512,7140.8,7151.6,7066.4,7074.4,63847,99580,9074792.952,7083.8,7128.2
2025-12-11,IC,IC2601,7099.0,7099.0,7005.0,7015.8,9711,21479,1367790.588,7022.4,7066.8
2025-12-11,IC,IC2603,6964.0,6971.6,6886.0,6894.0,30290,91435,4195020.836,6902.6,6948.2
2025-12-11,IC,IC2606,6756.0,6762.4,6677.0,6691.0,9054,35599,1216165.84,6696.2,6740.4
2025-12-11,IF,IF2512,4585.2,4593.2,4534.6,4539.6,64930,111889,8889654.036,4544.2,4574.6
2025-12-11,IF,IF2601,4565.2,4577.0,4519.0,4522.8,6242,17149,851608.308,4528.2,4558.2
2025-12-11,IF,IF2603,4545.0,4552.0,4494.4,4496.6,29116,109936,3949238.73,4503.0,4534.6
2025-12-11,IF,IF2606,4496.8,4504.8,4450.6,4453.8,6375,30102,856061.262,4459.4,4488.6
2025-12-11,IH,IH2512,2990.0,2992.6,2958.2,2969.8,28078,47700,2505389.658,2965.6,2980.2
2025-12-11,IH,IH2601,2982.0,2986.4,2953.2,2962.6,2991,5449,266450.64,2960.0,2973.4
2025-12-11,IH,IH2603,2979.8,2983.6,2949.8,2961.8,12443,30029,1106760.9,2957.0,2970.0
2025-12-11,IH,IH2606,2964.0,2967.4,2937.6,2948.0,2764,9963,244742.094,2944.2,2955.4
2025-12-11,IM,IM2512,7390.2,7399.8,7298.2,7304.6,114206,152560,16759339.136,7312.4,7374.6
2025-12-11,IM,IM2601,7305.8,7319.0,7216.0,7222.8,13373,29304,1940473.564,7231.2,7293.8
2025-12-11,IM,IM2603,7145.0,7155.8,7052.8,7063.0,48158,121558,6830652.544,7067.0,7130.0
2025-12-11,IM,IM2606,6900.0,6908.4,6808.0,6820.6,15306,64935,2096284.552,6823.2,6885.0
2025-12-12,IC,IC2512,7101.0,7188.4,7058.4,7174.0,82739,99631,11798154.512,7179.0,7083.8
2025-12-12,IC,IC2601,7037.8,7130.2,7001.0,7115.0,13122,26329,1856110.172,7119.6,7022.4
2025-12-12,IC,IC2603,6920.0,7012.0,6882.0,6998.8,44665,100787,6212388.732,7001.4,6902.6
2025-12-12,IC,IC2606,6710.2,6805.6,6680.0,6795.4,11914,37925,1606624.28,6795.2,6696.2
2025-12-12,IF,IF2512,4559.6,4581.6,4526.0,4574.0,74003,113155,10116075.99,4574.8,4544.2
2025-12-12,IF,IF2601,4533.2,4563.6,4510.6,4555.6,8279,20301,1127555.304,4557.6,4528.2
2025-12-12,IF,IF2603,4508.0,4538.2,4486.8,4531.0,35116,118268,4756417.248,4531.4,4503.0
2025-12-12,IF,IF2606,4465.2,4494.2,4444.6,4489.0,7056,31235,946477.056,4487.4,4459.4
2025-12-12,IH,IH2512,2975.0,2990.4,2961.2,2986.8,32570,47489,2908765.602,2986.2,2965.6
2025-12-12,IH,IH2601,2971.0,2984.6,2957.0,2980.0,3336,6153,297516.84,2981.0,2960.0
2025-12-12,IH,IH2603,2979.0,2983.0,2953.2,2979.8,15385,33343,1370199.084,2979.0,2957.0
2025-12-12,IH,IH2606,2956.2,2968.8,2940.6,2966.4,2310,10023,204794.43,2965.2,2944.2
2025-12-12,IM,IM2512,7327.0,7385.0,7279.0,7361.8,126483,149811,18545365.976,7368.2,7312.4
2025-12-12,IM,IM2601,7240.8,7305.6,7203.0,7286.2,16755,35293,2430612.692,7289.6,7231.2
2025-12-12,IM,IM2603,7083.8,7144.4,7043.6,7119.8,56716,127987,8046708.384,7128.0,7067.0
2025-12-12,IM,IM2606,6836.0,6899.0,6804.0,6880.0,17722,65089,2428781.788,6883.6,6823.2
2025-12-15,IC,IC2512,7130.0,7179.8,7110.0,7115.8,65014,80379,9280590.112,7123.4,7179.0
2025-12-15,IC,IC2601,7090.4,7124.6,7055.2,7060.8,15037,32242,2130031.3,7069.6,7119.6
2025-12-15,IC,IC2603,6962.6,7007.4,6939.2,6940.8,42167,104601,5873513.908,6951.4,7001.4
2025-12-15,IC,IC2606,6755.0,6800.8,6738.2,6743.0,10201,37740,1379575.676,6750.4,6795.2
2025-12-15,IF,IF2512,4548.0,4593.2,4545.0,4545.6,68323,94777,9360862.476,4552.2,4574.8
2025-12-15,IF,IF2601,4537.0,4575.8,4527.8,4527.8,11103,24147,1515647.076,4536.2,4557.6
2025-12-15,IF,IF2603,4511.0,4549.0,4500.6,4501.0,34058,123643,4621281.0,4508.4,4531.4
2025-12-15,IF,IF2606,4466.8,4503.8,4457.2,4458.6,7026,31883,944291.832,4465.8,4487.4
2025-12-15,IH,IH2512,2980.0,3014.6,2974.0,2983.8,33281,41704,2991311.514,2988.2,2986.2
2025-12-15,IH,IH2601,2976.0,3007.2,2968.6,2978.6,4707,7629,422215.08,2982.0,2981.0
2025-12-15,IH,IH2603,2970.0,3005.8,2967.2,2977.0,17892,36462,1603821.984,2981.4,2979.0
2025-12-15,IH,IH2606,2958.0,2989.2,2954.0,2963.4,3359,10520,299576.718,2964.8,2965.2
2025-12-15,IM,IM2512,7320.0,7369.8,7296.0,7308.0,104015,126463,15241663.572,7316.0,7368.2
2025-12-15,IM,IM2601,7250.0,7291.0,7219.4,7235.2,20593,42784,2986261.512,7240.0,7289.6
2025-12-15,IM,IM2603,7090.0,7129.4,7061.4,7073.0,51448,130155,7295002.092,7078.2,7128.0
2025-12-15,IM,IM2606,6840.0,6883.2,6816.0,6828.2,16389,66800,2243837.624,6832.6,6883.6
2025-12-16,IC,IC2512,7096.0,7103.6,6958.6,7010.2,78132,75305,10950810.364,7005.4,7123.4
2025-12-16,IC,IC2601,7048.4,7050.4,6904.0,6959.4,21419,39568,2976936.74,6951.4,7069.6
2025-12-16,IC,IC2603,6941.0,6941.0,6789.0,6843.4,50922,113033,6963937.312,6834.2,6951.4
2025-12-16,IC,IC2606,6723.0,6732.0,6593.0,6645.0,12838,41322,1703880.972,6636.2,6750.4
2025-12-16,IF,IF2512,4540.8,4547.0,4473.8,4499.4,79947,90761,10790434.932,4494.6,4552.2
2025-12-16,IF,IF2601,4528.8,4530.2,4457.2,4480.0,15973,31987,2146901.352,4477.4,4536.2
2025-12-16,IF,IF2603,4494.0,4502.8,4429.6,4451.4,43729,133118,5844071.796,4447.8,4508.4
2025-12-16,IF,IF2606,4451.8,4460.2,4385.2,4407.6,10431,34385,1379958.396,4402.6,4465.8
2025-12-16,IH,IH2512,2979.8,2983.6,2936.2,2951.4,39814,37238,3524531.778,2945.0,2988.2
2025-12-16,IH,IH2601,2974.2,2977.8,2931.8,2945.6,6253,8986,552452.322,2939.8,2982.0
2025-12-16,IH,IH2603,2970.6,2976.2,2929.4,2943.8,20449,38968,1805696.178,2937.4,2981.4
2025-12-16,IH,IH2606,2961.0,2961.4,2916.0,2928.8,3690,10857,324284.994,2922.4,2964.8
2025-12-16,IM,IM2512,7299.2,7299.2,7143.2,7189.0,125471,123921,18047530.288,7184.2,7316.0
2025-12-16,IM,IM2601,7216.2,7223.6,7073.2,7117.4,33659,60194,4789710.172,7111.0,7240.0
2025-12-16,IM,IM2603,7060.2,7061.6,6915.0,6960.2,73872,147063,10286110.892,6953.6,7078.2
2025-12-16,IM,IM2606,6820.0,6821.8,6673.4,6716.6,21223,71404,2851408.636,6708.8,6832.6
2025-12-17,IC,IC2512,7012.6,7178.8,6987.6,7146.8,75907,56653,10740836.236,7151.8,7005.4
2025-12-17,IC,IC2601,6968.6,7127.6,6934.6,7107.8,29360,50281,4125282.328,7101.6,6951.4
2025-12-17,IC,IC2603,6840.0,7022.0,6820.0,6996.0,63450,121840,8780584.976,6992.2,6834.2
2025-12-17,IC,IC2606,6650.8,6822.6,6618.6,6799.8,16114,43202,2164307.156,6793.8,6636.2
2025-12-17,IF,IF2512,4499.4,4598.2,4492.4,4578.2,84998,61935,11576010.942,4583.8,4494.6
2025-12-17,IF,IF2601,4480.0,4577.4,4476.0,4557.2,28444,45761,3861269.676,4564.4,4477.4
2025-12-17,IF,IF2603,4450.2,4549.0,4444.0,4532.0,61193,143762,8252814.432,4536.0,4447.8
2025-12-17,IF,IF2606,4415.0,4499.8,4399.0,4481.0,14955,38165,1994558.982,4486.6,4402.6
2025-12-17,IH,IH2512,2947.8,3006.0,2944.0,2987.2,36309,28496,3235875.72,2995.6,2945.0
2025-12-17,IH,IH2601,2946.0,2998.8,2938.4,2981.0,9595,12316,853172.952,2988.6,2939.8
2025-12-17,IH,IH2603,2945.0,2997.6,2936.4,2980.6,24697,41867,2196303.36,2987.6,2937.4
2025-12-17,IH,IH2606,2929.0,2983.8,2922.2,2970.0,4241,11474,375476.478,2974.4,2922.4
2025-12-17,IM,IM2512,7191.2,7320.0,7153.0,7295.0,123802,85747,17881728.596,7294.4,7184.2
2025-12-17,IM,IM2601,7117.0,7250.0,7082.2,7228.0,43562,72515,6228652.208,7224.4,7111.0
2025-12-17,IM,IM2603,6963.4,7098.0,6926.6,7074.0,97791,159672,13686629.852,7068.4,6953.6
2025-12-17,IM,IM2606,6720.4,6856.0,6682.6,6830.2,24965,74944,3372693.344,6825.8,6708.8
2025-12-18,IC,IC2512,7106.0,7184.6,7101.0,7101.0,46235,34085,6600081.452,7117.4,7151.8
2025-12-18,IC,IC2601,7075.0,7140.6,7060.4,7069.8,30418,57737,4316019.672,7078.2,7101.6
2025-12-18,IC,IC2603,6954.0,7039.8,6950.4,6973.6,57027,127506,7973209.368,6978.2,6992.2
2025-12-18,IC,IC2606,6771.6,6840.0,6759.0,6776.0,12826,44391,1742282.276,6778.8,6793.8
2025-12-18,IF,IF2512,4560.0,4573.6,4542.4,4550.4,53558,37690,7321623.858,4556.6,4583.8
2025-12-18,IF,IF2601,4550.6,4557.6,4525.0,4531.2,30353,54550,4133721.786,4537.0,4564.4
2025-12-18,IF,IF2603,4516.8,4532.0,4498.4,4505.0,50112,150187,6784174.02,4509.4,4536.0
2025-12-18,IF,IF2606,4461.0,4483.6,4449.0,4455.4,11980,39869,1604006.448,4458.6,4486.6
2025-12-18,IH,IH2512,2981.2,2999.6,2976.4,2995.0,22829,16779,2047094.61,2995.2,2995.6
2025-12-18,IH,IH2601,2974.4,2994.4,2971.2,2989.2,10970,14464,982033.782,2989.2,2988.6
2025-12-18,IH,IH2603,2974.0,2990.6,2969.0,2986.0,21452,43414,1918159.662,2985.8,2987.6
2025-12-18,IH,IH2606,2960.0,2979.4,2958.2,2976.0,3338,11494,297492.03,2975.8,2974.4
2025-12-18,IM,IM2512,7260.0,7348.0,7252.0,7275.4,78623,50338,11484603.136,7287.4,7294.4
2025-12-18,IM,IM2601,7180.0,7282.8,7180.0,7213.0,39669,84085,5740542.216,7222.6,7224.4
2025-12-18,IM,IM2603,7041.0,7130.0,7032.6,7066.0,87621,166683,12410078.624,7071.2,7068.4
2025-12-18,IM,IM2606,6800.0,6885.0,6791.2,6822.2,18703,73498,2558470.912,6829.2,6825.8
2025-12-19,IC,IC2512,7130.0,7199.0,7115.0,7170.6,22720,0,3252970.24,7171.06,7117.4
2025-12-19,IC,IC2601,7096.2,7173.6,7083.2,7142.6,37364,67572,5331949.064,7138.8,7078.2
2025-12-19,IC,IC2603,6999.0,7087.8,6988.0,7055.4,69784,137059,9835783.236,7050.8,6978.2
2025-12-19,IC,IC2606,6798.8,6897.8,6791.2,6861.2,16614,48478,2278186.456,6858.8,6778.8
2025-12-19,IF,IF2512,4568.6,4597.0,4547.6,4572.0,24916,0,3418301.91,4572.2,4556.6
2025-12-19,IF,IF2601,4542.0,4581.2,4533.6,4552.0,37060,64319,5066600.208,4550.6,4537.0
2025-12-19,IF,IF2603,4515.0,4557.0,4506.8,4527.0,66095,162769,8986623.072,4524.8,4509.4
2025-12-19,IF,IF2606,4462.0,4508.0,4456.2,4478.4,10533,41114,1416379.962,4476.0,4458.6
2025-12-19,IH,IH2512,2998.0,3021.2,2986.0,3004.0,13328,0,1200820.302,3004.31,2995.2
2025-12-19,IH,IH2601,2993.0,3015.8,2984.4,3006.8,17044,21327,1534672.644,3001.6,2989.2
2025-12-19,IH,IH2603,2985.4,3015.4,2981.4,3006.4,28058,51015,2525969.646,3002.2,2985.8
2025-12-19,IH,IH2606,2976.0,3007.2,2973.2,2997.4,4429,12571,397698.426,2992.6,2975.8
2025-12-19,IM,IM2512,7299.0,7363.4,7281.6,7335.2,38530,0,5642535.504,7335.62,7287.4
2025-12-19,IM,IM2601,7243.0,7318.0,7222.0,7285.6,56064,98234,8158279.628,7284.4,7222.6
2025-12-19,IM,IM2603,7100.0,7177.0,7075.0,7141.8,103313,179118,14739696.328,7142.0,7071.2
2025-12-19,IM,IM2606,6846.0,6933.0,6831.0,6902.0,21482,77606,2961809.196,6903.4,6829.2
2025-12-22,IC,IC2601,7178.6,7255.4,7175.8,7212.6,30078,67421,4346518.656,7220.4,7138.8
2025-12-22,IC,IC2602,7138.8,7210.6,7136.8,7162.8,3262,3226,468509.524,7171.6,7138.8
2025-12-22,IC,IC2603,7100.0,7170.0,7088.6,7123.2,58271,138149,8320090.192,7130.0,7050.8
2025-12-22,IC,IC2606,6897.0,6974.2,6897.0,6927.8,11577,47988,1608451.308,6935.6,6858.8
2025-12-22,IF,IF2601,4565.8,4602.2,4565.8,4591.2,29898,63517,4117796.52,4592.0,4550.6
2025-12-22,IF,IF2602,4564.0,4588.6,4560.2,4575.6,1385,1364,190212.06,4576.8,4550.6
2025-12-22,IF,IF2603,4542.2,4579.2,4542.2,4564.8,53962,157800,7392904.17,4566.0,4524.8
2025-12-22,IF,IF2606,4500.0,4527.4,4494.2,4515.2,7573,40710,1026121.338,4515.6,4476.0
2025-12-22,IH,IH2601,3011.0,3027.2,3010.8,3018.8,11544,19891,1045631.28,3019.2,3001.6
2025-12-22,IH,IH2602,3012.8,3026.6,3007.0,3016.6,670,663,60687.408,3017.4,3001.6
2025-12-22,IH,IH2603,3011.0,3028.4,3010.8,3018.4,21348,50341,1934125.974,3019.0,3002.2
2025-12-22,IH,IH2606,3002.0,3019.4,3002.0,3009.6,3433,12694,310153.968,3010.2,2992.6
2025-12-22,IM,IM2601,7318.6,7393.0,7310.8,7350.0,40165,95027,5912150.156,7354.6,7284.4
2025-12-22,IM,IM2602,7265.8,7318.0,7244.2,7273.2,4799,4728,699403.876,7277.2,7284.4
2025-12-22,IM,IM2603,7180.0,7253.8,7169.8,7203.6,86037,175023,12421866.28,7208.4,7142.0
2025-12-22,IM,IM2606,6935.4,7013.2,6930.0,6964.0,15624,75148,2180636.168,6968.8,6903.4
2025-12-23,IC,IC2601,7219.8,7275.6,7201.4,7223.6,28350,67344,4100407.192,7220.8,7220.4
2025-12-23,IC,IC2602,7164.2,7219.8,7150.0,7174.4,2736,3282,392946.048,7169.4,7171.6
2025-12-23,IC,IC2603,7121.0,7178.6,7108.0,7133.2,53906,136107,7697183.52,7129.4,7130.0
2025-12-23,IC,IC2606,6937.8,6980.0,6916.0,6940.6,11102,49027,1542231.044,6937.2,6935.6
2025-12-23,IF,IF2601,4591.4,4626.4,4588.6,4598.8,30272,64011,4181184.966,4598.0,4592.0
2025-12-23,IF,IF2602,4577.8,4611.0,4573.6,4581.6,1608,1335,221240.25,4581.6,4576.8
2025-12-23,IF,IF2603,4570.0,4599.0,4561.4,4571.4,52645,163660,7227465.222,4569.8,4566.0
2025-12-23,IF,IF2606,4520.0,4545.2,4510.6,4521.2,7504,41418,1018544.352,4518.0,4515.6
2025-12-23,IH,IH2601,3023.6,3039.2,3016.4,3024.2,10929,19931,992508.972,3023.4,3019.2
2025-12-23,IH,IH2602,3022.6,3037.6,3015.2,3023.2,745,592,67625.244,3021.4,3017.4
2025-12-23,IH,IH2603,3020.8,3038.8,3015.2,3025.6,22810,49673,2071188.96,3023.6,3019.0
2025-12-23,IH,IH2606,3013.0,3028.4,3006.8,3014.4,3328,12632,301276.206,3012.8,3010.2
2025-12-23,IM,IM2601,7352.0,7395.2,7325.2,7343.0,36927,93993,5429808.444,7339.8,7354.6
2025-12-23,IM,IM2602,7287.8,7315.6,7246.4,7264.8,4741,5137,689595.564,7261.6,7277.2
2025-12-23,IM,IM2603,7221.0,7247.8,7177.6,7197.4,87825,176419,12653794.708,7192.8,7208.4
2025-12-23,IM,IM2606,6975.2,7005.0,6939.4,6959.2,15500,76379,2158966.848,6955.6,6968.8
2025-12-24,IC,IC2601,7239.6,7353.4,7221.2,7324.6,33487,69097,4886387.388,7334.0,7220.8
2025-12-24,IC,IC2602,7176.2,7305.2,7170.8,7277.4,3239,4606,469487.456,7285.8,7169.4
2025-12-24,IC,IC2603,7142.6,7271.6,7128.8,7240.4,69984,146995,10084225.104,7250.2,7129.4
2025-12-24,IC,IC2606,6950.0,7085.0,6940.4,7054.4,13736,50564,1927838.7,7062.4,6937.2
2025-12-24,IF,IF2601,4600.0,4631.6,4588.2,4617.6,30073,63678,4157059.248,4619.6,4598.0
2025-12-24,IF,IF2602,4588.0,4617.8,4572.4,4604.4,2016,2232,277928.724,4606.2,4581.6
2025-12-24,IF,IF2603,4573.0,4608.4,4559.0,4595.0,58846,164967,8088024.93,4595.8,4569.8
2025-12-24,IF,IF2606,4522.8,4558.6,4508.4,4545.6,8036,41383,1092456.036,4545.6,4518.0
2025-12-24,IH,IH2601,3021.2,3032.2,3012.4,3025.2,10709,18991,970796.466,3025.0,3023.4
2025-12-24,IH,IH2602,3023.2,3031.8,3010.8,3024.6,1256,1194,113769.09,3023.8,3021.4
2025-12-24,IH,IH2603,3025.0,3033.2,3012.2,3027.0,24242,50212,2197791.912,3025.8,3023.6
2025-12-24,IH,IH2606,3016.0,3024.4,3003.2,3019.8,3207,12660,289952.052,3017.8,3012.8
2025-12-24,IM,IM2601,7346.2,7490.8,7341.0,7464.2,46616,93256,6926858.508,7475.2,7339.8
2025-12-24,IM,IM2602,7255.2,7413.6,7255.2,7390.6,6329,8025,930464.944,7398.4,7261.6
2025-12-24,IM,IM2603,7200.0,7351.6,7193.0,7327.6,113077,185869,16467667.08,7333.6,7192.8
2025-12-24,IM,IM2606,6960.6,7113.8,6955.8,7088.6,19750,76752,2784130.632,7096.2,6955.6
2025-12-25,IC,IC2601,7325.0,7420.0,7304.4,7398.0,29058,66435,4282215.676,7407.2,7334.0
2025-12-25,IC,IC2602,7273.4,7375.2,7257.6,7356.6,3145,4891,460870.076,7361.0,7285.8
2025-12-25,IC,IC2603,7240.0,7344.0,7219.8,7320.6,63146,144535,9202562.016,7329.6,7250.2
2025-12-25,IC,IC2606,7040.0,7159.0,7033.2,7135.8,12641,51510,1795863.1,7145.2,7062.4
2025-12-25,IF,IF2601,4617.0,4644.6,4609.2,4632.0,25379,62352,3521782.626,4636.8,4619.6
2025-12-25,IF,IF2602,4597.0,4631.4,4595.2,4618.6,2239,2783,309929.412,4624.0,4606.2
2025-12-25,IF,IF2603,4586.0,4624.8,4586.0,4610.6,52262,164476,7218854.904,4616.2,4595.8
2025-12-25,IF,IF2606,4540.0,4576.0,4536.4,4561.8,7237,42086,989207.58,4568.0,4545.6
2025-12-25,IH,IH2601,3024.2,3039.0,3017.0,3032.8,8063,18316,733147.038,3034.0,3025.0
2025-12-25,IH,IH2602,3022.2,3038.0,3016.6,3032.8,829,1117,75336.792,3033.4,3023.8
2025-12-25,IH,IH2603,3026.0,3040.6,3018.0,3034.0,20968,50757,1907290.188,3035.8,3025.8
2025-12-25,IH,IH2606,3016.2,3033.8,3010.0,3028.0,2550,13064,231443.082,3029.0,3017.8
2025-12-25,IM,IM2601,7466.6,7574.6,7450.4,7547.0,43686,91152,6572106.156,7559.8,7475.2
2025-12-25,IM,IM2602,7392.6,7500.6,7373.4,7473.6,6353,8731,946557.98,7487.6,7398.4
2025-12-25,IM,IM2603,7323.2,7443.8,7305.2,7419.0,101700,183127,15020366.856,7429.8,7333.6
2025-12-25,IM,IM2606,7095.0,7207.6,7069.0,7183.0,19437,76915,2780867.484,7195.0,7096.2
2025-12-26,IC,IC2601,7411.6,7492.0,7402.8,7456.4,38607,69603,5752331.344,7455.8,7407.2
2025-12-26,IC,IC2602,7369.4,7457.6,7363.2,7415.4,6003,8579,890191.508,7416.6,7361.0
2025-12-26,IC,IC2603,7330.2,7431.2,7330.0,7388.0,84671,157607,12503617.596,7386.2,7329.6
2025-12-26,IC,IC2606,7165.2,7255.6,7145.0,7204.2,20263,57359,2920996.668,7212.2,7145.2
2025-12-26,IF,IF2601,4632.6,4678.6,4631.0,4657.0,32939,63400,4600330.902,4654.2,4636.8
2025-12-26,IF,IF2602,4619.8,4668.2,4618.2,4642.0,3163,4104,440636.502,4640.8,4624.0
2025-12-26,IF,IF2603,4611.2,4664.2,4611.2,4638.4,70821,175215,9853995.03,4636.0,4616.2
2025-12-26,IF,IF2606,4563.2,4615.2,4563.2,4591.0,11923,45186,1641969.126,4589.0,4568.0
2025-12-26,IH,IH2601,3033.0,3062.0,3033.0,3048.0,12280,21080,1123375.728,3048.4,3034.0
2025-12-26,IH,IH2602,3035.2,3063.2,3032.6,3047.2,1167,1314,106746.6,3047.8,3033.4
2025-12-26,IH,IH2603,3034.0,3066.6,3034.0,3051.4,31969,55790,2927930.472,3052.6,3035.8
2025-12-26,IH,IH2606,3031.2,3058.2,3028.6,3043.4,5669,14660,518073.12,3045.2,3029.0
2025-12-26,IM,IM2601,7547.0,7644.8,7546.2,7595.0,52688,92540,8005561.852,7596.6,7559.8
2025-12-26,IM,IM2602,7473.6,7580.0,7473.4,7530.0,8047,12848,1212490.968,7536.2,7487.6
2025-12-26,IM,IM2603,7420.4,7526.0,7420.4,7472.4,125247,194890,18726275.12,7477.4,7429.8
2025-12-26,IM,IM2606,7201.4,7292.8,7186.2,7234.0,26977,81327,3910355.232,7248.6,7195.0
2025-12-29,IC,IC2601,7471.0,7480.2,7403.0,7421.6,27934,63379,4159331.676,7424.2,7455.8
2025-12-29,IC,IC2602,7422.8,7442.4,7360.0,7379.0,6766,9587,1001460.348,7380.6,7416.6
2025-12-29,IC,IC2603,7386.2,7414.6,7318.0,7336.6,63940,146816,9419278.96,7337.4,7386.2
2025-12-29,IC,IC2606,7212.8,7237.8,7141.2,7157.6,14147,55981,2034090.276,7159.6,7212.2
2025-12-29,IF,IF2601,4654.0,4665.6,4620.2,4630.8,26319,59674,3666937.404,4630.6,4654.2
2025-12-29,IF,IF2602,4642.0,4651.0,4604.4,4620.8,2874,4365,399172.248,4616.2,4640.8
2025-12-29,IF,IF2603,4640.2,4645.0,4595.2,4610.2,58452,167149,8103957.588,4605.8,4636.0
2025-12-29,IF,IF2606,4591.0,4598.4,4552.0,4567.4,8514,44667,1169030.658,4561.8,4589.0
2025-12-29,IH,IH2601,3048.0,3057.6,3029.2,3036.0,10111,18676,923566.974,3034.6,3048.4
2025-12-29,IH,IH2602,3046.6,3057.6,3028.0,3036.8,1101,1204,100506.462,3035.0,3047.8
2025-12-29,IH,IH2603,3050.0,3060.6,3030.4,3038.0,24852,53232,2271619.494,3036.4,3052.6
2025-12-29,IH,IH2606,3045.2,3052.4,3023.2,3033.2,3435,14130,313153.248,3029.4,3045.2
2025-12-29,IM,IM2601,7601.2,7623.0,7553.8,7572.2,36968,85383,5612528.548,7578.0,7596.6
2025-12-29,IM,IM2602,7534.0,7558.4,7478.0,7500.2,8686,13302,1306423.932,7503.6,7536.2
2025-12-29,IM,IM2603,7474.2,7499.0,7413.8,7439.0,95430,182605,14241486.416,7441.2,7477.4
2025-12-29,IM,IM2606,7247.0,7269.6,7183.8,7206.0,18633,80352,2694812.58,7209.2,7248.6
2025-12-30,IC,IC2601,7400.2,7499.0,7392.0,7457.2,28316,64391,4221512.032,7464.0,7424.2
2025-12-30,IC,IC2602,7368.0,7457.6,7353.0,7417.4,6636,12233,983935.364,7422.6,7380.6
2025-12-30,IC,IC2603,7317.2,7425.2,7308.8,7381.0,66223,153828,9768166.864,7388.2,7337.4
2025-12-30,IC,IC2606,7120.0,7242.2,7120.0,7201.0,16300,58395,2345602.184,7207.8,7159.6
2025-12-30,IF,IF2601,4615.0,4663.8,4614.4,4643.6,27521,59731,3831891.162,4648.8,4630.6
2025-12-30,IF,IF2602,4605.4,4650.6,4600.2,4630.0,2596,5071,360448.698,4635.8,4616.2
2025-12-30,IF,IF2603,4598.8,4645.2,4590.4,4622.2,56756,171595,7864819.902,4627.8,4605.8
2025-12-30,IF,IF2606,4556.0,4597.6,4547.2,4578.0,7556,44732,1036935.954,4582.0,4561.8
2025-12-30,IH,IH2601,3027.2,3050.8,3022.2,3035.4,10069,18945,916798.92,3037.2,3034.6
2025-12-30,IH,IH2602,3029.4,3049.4,3022.6,3033.4,853,1349,77660.922,3036.2,3035.0
2025-12-30,IH,IH2603,3030.4,3054.0,3024.0,3035.4,26708,53919,2433618.312,3039.0,3036.4
2025-12-30,IH,IH2606,3026.0,3044.4,3018.4,3026.4,3536,14194,321317.79,3029.8,3029.4
2025-12-30,IM,IM2601,7556.0,7635.0,7542.6,7593.8,36884,86310,5603742.888,7599.4,7578.0
2025-12-30,IM,IM2602,7488.2,7562.0,7477.6,7520.0,7517,15702,1131245.14,7527.4,7503.6
2025-12-30,IM,IM2603,7422.4,7502.0,7410.2,7459.2,100572,189970,15014355.572,7467.8,7441.2
2025-12-30,IM,IM2606,7187.8,7268.6,7184.2,7228.0,18354,80679,2655432.48,7237.6,7209.2
2025-12-31,IC,IC2601,7470.4,7482.2,7422.4,7455.6,28756,59168,4287571.96,7455.2,7464.0
2025-12-31,IC,IC2602,7434.4,7439.6,7376.4,7407.8,6340,13060,939408.612,7406.6,7422.6
2025-12-31,IC,IC2603,7393.0,7400.2,7335.0,7362.8,62267,145074,9178620.492,7366.6,7388.2
2025-12-31,IC,IC2606,7225.0,7225.0,7158.0,7175.4,13618,56872,1957453.088,7182.4,7207.8
2025-12-31,IF,IF2601,4650.0,4658.0,4609.8,4622.2,28844,58209,4007727.126,4618.4,4648.8
2025-12-31,IF,IF2602,4638.4,4643.8,4592.6,4609.6,2673,5401,370094.166,4604.2,4635.8
2025-12-31,IF,IF2603,4628.2,4634.6,4581.2,4599.8,63352,166875,8756250.756,4593.2,4627.8
2025-12-31,IF,IF2606,4583.0,4586.4,4536.4,4555.0,8169,45516,1117443.534,4548.2,4582.0
2025-12-31,IH,IH2601,3033.2,3047.8,3018.6,3026.0,11956,19381,1087780.428,3024.2,3037.2
2025-12-31,IH,IH2602,3034.8,3044.4,3015.4,3025.2,1296,1500,117825.192,3021.2,3036.2
2025-12-31,IH,IH2603,3033.0,3046.8,3015.0,3025.0,31896,53650,2899909.536,3021.6,3039.0
2025-12-31,IH,IH2606,3029.2,3036.8,3006.2,3016.4,4533,14116,410697.888,3011.8,3029.8
2025-12-31,IM,IM2601,7600.4,7604.8,7543.0,7581.4,39459,80925,5980835.224,7579.6,7599.4
2025-12-31,IM,IM2602,7538.2,7538.2,7466.4,7504.4,8416,17176,1262994.612,7505.8,7527.4
2025-12-31,IM,IM2603,7469.8,7475.8,7406.0,7436.2,93696,181081,13942449.524,7439.0,7467.8
2025-12-31,IM,IM2606,7245.0,7245.0,7179.0,7198.0,15854,80955,2285558.768,7204.6,7237.6
2026-01-05,IC,IC2601,7501.6,7664.8,7501.6,7664.8,34931,60955,5310479.612,7651.0,7455.2
2026-01-05,IC,IC2602,7464.6,7625.6,7460.6,7624.8,6676,15432,1009801.16,7610.4,7406.6
2026-01-05,IC,IC2603,7424.4,7599.2,7422.0,7596.0,79757,160143,12000127.656,7582.6,7366.6
2026-01-05,IC,IC2606,7253.4,7420.6,7233.2,7417.0,18834,60304,2765886.772,7403.4,7182.4
2026-01-05,IF,IF2601,4650.0,4720.8,4648.4,4714.0,35243,57682,4961408.508,4715.2,4618.4
2026-01-05,IF,IF2602,4631.4,4711.4,4631.4,4702.6,3875,6427,544326.12,4704.6,4604.2
2026-01-05,IF,IF2603,4627.0,4705.0,4627.0,4697.0,72812,173732,10203346.242,4697.8,4593.2
2026-01-05,IF,IF2606,4592.0,4660.0,4582.0,4649.8,11757,46361,1631205.282,4652.6,4548.2
2026-01-05,IH,IH2601,3047.0,3107.6,3044.6,3097.4,14001,19315,1293435.93,3100.0,3024.2
2026-01-05,IH,IH2602,3054.0,3105.4,3042.0,3099.6,1501,1966,138865.212,3097.4,3021.2
2026-01-05,IH,IH2603,3040.8,3108.8,3040.8,3098.8,35869,56614,3315180.876,3101.0,3021.6
2026-01-05,IH,IH2606,3034.4,3098.6,3032.2,3088.8,4657,14295,428992.716,3090.8,3011.8
2026-01-05,IM,IM2601,7622.2,7764.8,7604.8,7759.2,45173,79432,6951781.512,7747.4,7579.6
2026-01-05,IM,IM2602,7549.6,7698.2,7531.0,7697.8,8782,20240,1340086.708,7680.8,7505.8
2026-01-05,IM,IM2603,7491.6,7641.0,7462.2,7639.0,103703,189842,15683206.024,7625.4,7439.0
2026-01-05,IM,IM2606,7244.0,7405.8,7228.0,7403.4,24252,83969,3554772.004,7392.2,7204.6
2026-01-06,IC,IC2601,7681.4,7837.8,7678.2,7836.0,40268,58284,6251215.568,7816.6,7651.0
2026-01-06,IC,IC2602,7636.6,7808.8,7636.6,7805.6,8230,17384,1272650.1,7782.0,7610.4
2026-01-06,IC,IC2603,7630.0,7786.4,7616.0,7786.4,94435,164336,14556684.264,7762.2,7582.6
2026-01-06,IC,IC2606,7449.8,7617.6,7438.0,7613.4,24470,63390,3688585.116,7593.0,7403.4
2026-01-06,IF,IF2601,4718.8,4796.0,4718.8,4795.4,38583,56206,5512114.572,4785.2,4715.2
2026-01-06,IF,IF2602,4711.2,4785.8,4709.6,4784.8,4245,6883,605096.694,4774.6,4704.6
2026-01-06,IF,IF2603,4705.0,4780.8,4705.0,4778.0,79694,178463,11352248.478,4771.0,4697.8
2026-01-06,IF,IF2606,4656.0,4737.0,4655.2,4734.0,13798,48815,1946869.02,4725.4,4652.6
2026-01-06,IH,IH2601,3106.0,3162.0,3105.4,3158.8,15448,20669,1454847.444,3153.6,3100.0
2026-01-06,IH,IH2602,3109.0,3160.8,3105.0,3159.2,1919,2524,180824.55,3153.4,3097.4
2026-01-06,IH,IH2603,3106.0,3162.0,3106.0,3161.8,39763,60630,3746361.792,3154.6,3101.0
2026-01-06,IH,IH2606,3096.2,3152.6,3096.2,3150.8,5363,14650,503903.838,3146.0,3090.8
2026-01-06,IM,IM2601,7769.0,7875.6,7760.8,7875.0,49911,74538,7803282.372,7848.2,7747.4
2026-01-06,IM,IM2602,7712.0,7813.6,7698.2,7813.6,9007,21759,1398010.508,7791.0,7680.8
2026-01-06,IM,IM2603,7650.0,7763.8,7644.6,7762.4,114127,192848,17594516.948,7738.2,7625.4
2026-01-06,IM,IM2606,7413.4,7539.0,7413.0,7536.2,27069,84162,4052314.456,7516.2,7392.2
2026-01-07,IC,IC2601,7859.0,7914.0,7825.8,7869.6,33343,54210,5249085.328,7872.2,7816.6
2026-01-07,IC,IC2602,7830.0,7872.8,7793.6,7831.4,7436,19022,1164843.268,7834.6,7782.0
2026-01-07,IC,IC2603,7804.0,7845.6,7770.0,7802.6,85963,164218,13422549.676,7810.2,7762.2
2026-01-07,IC,IC2606,7630.2,7669.2,7598.4,7629.6,22787,65056,3479234.444,7637.4,7593.0
2026-01-07,IF,IF2601,4802.4,4805.8,4752.2,4772.8,29389,51577,4215030.888,4770.8,4785.2
2026-01-07,IF,IF2602,4795.2,4795.2,4741.0,4761.0,3967,7658,567684.168,4758.8,4774.6
2026-01-07,IF,IF2603,4781.0,4785.8,4733.0,4753.0,67166,174314,9595546.758,4751.4,4771.0
2026-01-07,IF,IF2606,4740.2,4740.4,4690.0,4707.4,12176,49214,1722892.344,4705.6,4725.4
2026-01-07,IH,IH2601,3159.0,3164.0,3131.2,3144.4,11378,17500,1074827.328,3141.6,3153.6
2026-01-07,IH,IH2602,3160.0,3162.6,3130.6,3142.2,1553,2414,146705.118,3140.2,3153.4
2026-01-07,IH,IH2603,3164.8,3165.6,3131.2,3143.8,30060,55587,2839579.248,3141.8,3154.6
2026-01-07,IH,IH2606,3152.0,3155.2,3121.8,3135.8,4554,14744,428973.564,3132.2,3146.0
2026-01-07,IM,IM2601,7890.0,7921.6,7854.4,7882.0,41530,71131,6552183.732,7889.4,7848.2
2026-01-07,IM,IM2602,7822.4,7854.6,7791.0,7815.2,9335,24979,1460719.0,7825.0,7791.0
2026-01-07,IM,IM2603,7778.2,7795.8,7730.0,7760.2,104271,189188,16192301.576,7768.6,7738.2
2026-01-07,IM,IM2606,7538.4,7569.8,7508.0,7535.8,22386,85983,3375713.012,7543.6,7516.2
2026-01-08,IC,IC2601,7850.0,7948.0,7845.6,7889.4,32693,51902,5164831.0,7881.6,7872.2
2026-01-08,IC,IC2602,7812.0,7910.8,7808.0,7849.2,7636,20029,1200663.056,7839.6,7834.6
2026-01-08,IC,IC2603,7786.0,7883.8,7774.6,7814.4,87667,158547,13727844.02,7804.4,7810.2
2026-01-08,IC,IC2606,7607.4,7707.0,7602.2,7641.0,19851,63759,3039988.168,7635.4,7637.4
2026-01-08,IF,IF2601,4761.0,4767.8,4717.2,4737.8,31820,51998,4531247.136,4732.8,4770.8
2026-01-08,IF,IF2602,4749.8,4757.8,4706.6,4726.2,5132,9058,728831.904,4720.4,4758.8
2026-01-08,IF,IF2603,4745.0,4751.0,4694.2,4718.4,70354,176039,9975149.736,4710.2,4751.4
2026-01-08,IF,IF2606,4690.0,4705.2,4650.2,4673.2,12382,51649,1738309.248,4665.2,4705.6
2026-01-08,IH,IH2601,3140.0,3141.2,3105.0,3121.6,10631,17397,997477.746,3115.6,3141.6
2026-01-08,IH,IH2602,3135.8,3140.8,3104.6,3120.8,1314,2729,123163.65,3114.4,3140.2
2026-01-08,IH,IH2603,3139.6,3142.4,3104.8,3122.4,28102,55279,2635692.216,3115.6,3141.8
2026-01-08,IH,IH2606,3128.6,3133.6,3095.8,3113.2,4797,15777,448440.75,3105.8,3132.2
2026-01-08,IM,IM2601,7867.0,7986.8,7861.8,7954.0,43134,69844,6850655.476,7941.0,7889.4
2026-01-08,IM,IM2602,7795.8,7920.8,7795.4,7880.4,9199,25944,1448807.412,7871.2,7825.0
2026-01-08,IM,IM2603,7740.8,7863.8,7739.0,7820.6,118672,193230,18548202.856,7808.8,7768.6
2026-01-08,IM,IM2606,7515.4,7634.4,7515.0,7597.2,25009,85159,3795496.688,7583.0,7543.6
2026-01-09,IC,IC2601,7899.2,8093.8,7899.2,8088.2,42842,52695,6876224.532,8067.6,7881.6
2026-01-09,IC,IC2602,7866.2,8063.2,7860.2,8058.2,11442,23572,1829687.612,8034.0,7839.6
2026-01-09,IC,IC2603,7822.0,8037.8,7822.0,8037.8,110023,174403,17506422.236,8005.2,7804.4
2026-01-09,IC,IC2606,7659.0,7870.0,7649.0,7865.6,24589,67940,3828298.364,7834.6,7635.4
2026-01-09,IF,IF2601,4732.8,4780.2,4721.6,4764.8,39087,50490,5572660.02,4757.6,4732.8
2026-01-09,IF,IF2602,4720.0,4771.4,4711.6,4753.2,6304,11180,896869.992,4746.2,4720.4
2026-01-09,IF,IF2603,4714.4,4767.6,4703.6,4743.8,85400,182579,12135143.604,4740.0,4710.2
2026-01-09,IF,IF2606,4672.2,4722.2,4660.0,4702.0,17551,54966,2470492.182,4695.6,4665.2
2026-01-09,IH,IH2601,3125.2,3148.6,3112.0,3133.0,12774,17453,1199418.132,3131.0,3115.6
2026-01-09,IH,IH2602,3123.2,3148.0,3112.4,3132.8,2091,3307,196335.738,3130.0,3114.4
2026-01-09,IH,IH2603,3123.2,3148.6,3112.0,3134.8,33032,55495,3101508.498,3131.0,3115.6
2026-01-09,IH,IH2606,3115.0,3141.2,3104.8,3123.2,5808,16565,543882.42,3121.2,3105.8
2026-01-09,IM,IM2601,7958.4,8161.0,7951.2,8160.2,54173,70169,8751226.652,8132.2,7941.0
2026-01-09,IM,IM2602,7890.6,8100.0,7875.8,8098.8,12796,29499,2051403.408,8069.2,7871.2
2026-01-09,IM,IM2603,7815.0,8049.4,7815.0,8048.4,149124,203815,23719072.068,8011.0,7808.8
2026-01-09,IM,IM2606,7605.0,7825.0,7588.6,7824.2,31696,89915,4899762.728,7787.6,7583.0
2026-01-12,IC,IC2601,8167.4,8306.0,8101.4,8273.8,44368,46036,7270008.6,8277.4,8067.6
2026-01-12,IC,IC2602,8130.0,8287.8,8066.4,8258.2,12805,26084,2091658.148,8249.6,8034.0
2026-01-12,IC,IC2603,8099.0,8268.0,8044.0,8236.6,114590,167535,18653264.076,8230.0,8005.2
2026-01-12,IC,IC2606,7965.0,8115.4,7900.0,8083.4,31591,71295,5047723.26,8074.6,7834.6
2026-01-12,IF,IF2601,4778.0,4809.0,4740.2,4789.4,38339,48212,5489212.548,4793.0,4757.6
2026-01-12,IF,IF2602,4763.0,4800.0,4733.0,4780.6,9202,13922,1314937.32,4785.2,4746.2
2026-01-12,IF,IF2603,4762.0,4797.0,4722.6,4774.0,89188,182828,12727534.14,4779.4,4740.0
2026-01-12,IF,IF2606,4721.8,4752.0,4685.4,4735.2,19363,57008,2739106.734,4736.0,4695.6
2026-01-12,IH,IH2601,3146.0,3151.2,3120.8,3141.8,12654,16187,1191096.246,3143.2,3131.0
2026-01-12,IH,IH2602,3147.2,3150.4,3121.2,3139.4,2301,3486,216523.176,3141.8,3130.0
2026-01-12,IH,IH2603,3148.4,3151.6,3122.2,3140.2,33564,55192,3158339.448,3142.2,3131.0
2026-01-12,IH,IH2606,3135.0,3143.8,3113.0,3133.4,5526,16857,518694.342,3135.4,3121.2
2026-01-12,IM,IM2601,8229.2,8430.0,8167.4,8395.2,63127,65856,10469965.06,8394.8,8132.2
2026-01-12,IM,IM2602,8181.8,8386.8,8108.6,8354.4,19752,34818,3257353.68,8350.0,8069.2
2026-01-12,IM,IM2603,8131.0,8346.0,8056.2,8311.4,172951,208444,28325902.528,8306.2,8011.0
2026-01-12,IM,IM2606,7880.0,8135.8,7847.0,8104.8,42733,93919,6817248.344,8095.4,7787.6
2026-01-13,IC,IC2601,8296.2,8303.0,8125.0,8172.8,43150,40507,7078689.492,8168.4,8277.4
2026-01-13,IC,IC2602,8278.2,8288.0,8102.0,8150.6,15560,31014,2545605.824,8147.2,8249.6
2026-01-13,IC,IC2603,8260.6,8265.0,8078.0,8131.2,120900,171420,19714075.66,8121.2,8230.0
2026-01-13,IC,IC2606,8108.0,8113.2,7930.0,7985.2,32704,74145,5233560.508,7967.6,8074.6
2026-01-13,IF,IF2601,4809.2,4841.8,4751.6,4766.2,39504,43353,5679309.912,4767.8,4793.0
2026-01-13,IF,IF2602,4796.0,4832.4,4744.0,4763.0,11881,18273,1705346.382,4759.8,4785.2
2026-01-13,IF,IF2603,4788.0,4828.0,4738.6,4758.6,97329,184613,13953539.562,4754.0,4779.4
2026-01-13,IF,IF2606,4748.8,4785.2,4695.0,4715.0,24015,61171,3411943.11,4709.6,4736.0
2026-01-13,IH,IH2601,3153.8,3181.0,3124.4,3136.6,14480,14532,1368667.014,3133.8,3143.2
2026-01-13,IH,IH2602,3153.0,3180.6,3124.2,3132.4,4204,5098,397239.24,3132.8,3141.8
2026-01-13,IH,IH2603,3150.0,3181.2,3125.0,3137.6,41076,57216,3881934.972,3133.6,3142.2
2026-01-13,IH,IH2606,3144.0,3174.6,3117.0,3128.6,7618,18012,718465.662,3125.4,3135.4
2026-01-13,IM,IM2601,8415.0,8419.4,8198.0,8233.8,60818,54431,10071949.652,8235.8,8394.8
2026-01-13,IM,IM2602,8398.0,8399.4,8161.0,8200.4,21828,39945,3598056.652,8195.8,8350.0
2026-01-13,IM,IM2603,8324.8,8335.0,8115.0,8160.4,178731,207812,29298080.944,8150.8,8306.2
2026-01-13,IM,IM2606,8130.0,8130.0,7912.2,7960.4,43725,99430,6996990.116,7945.8,8095.4
2026-01-14,IC,IC2601,8195.6,8403.8,8106.2,8221.0,47432,34743,7848256.548,8206.0,8168.4
2026-01-14,IC,IC2602,8196.0,8399.0,8088.4,8218.6,29317,40660,4843776.68,8206.2,8147.2
2026-01-14,IC,IC2603,8168.0,8388.6,8059.4,8197.8,173512,180823,28568192.496,8175.2,8121.2
2026-01-14,IC,IC2606,8000.0,8238.6,7917.2,8038.8,43196,78712,6984175.856,8025.6,7967.6
2026-01-14,IF,IF2601,4780.6,4831.2,4712.2,4737.6,43598,34958,6252587.076,4737.0,4767.8
2026-01-14,IF,IF2602,4770.0,4833.6,4712.0,4740.2,19748,24971,2832069.27,4739.4,4759.8
2026-01-14,IF,IF2603,4781.0,4833.2,4707.0,4740.0,119874,195726,17171512.638,4733.0,4754.0
2026-01-14,IF,IF2606,4721.0,4787.4,4667.6,4696.8,25085,64174,3561859.86,4689.8,4709.6
2026-01-14,IH,IH2601,3140.2,3178.8,3102.8,3109.0,15452,11952,1457397.114,3112.0,3133.8
2026-01-14,IH,IH2602,3139.8,3175.6,3098.0,3108.2,7165,7490,675669.24,3113.4,3132.8
2026-01-14,IH,IH2603,3143.4,3177.8,3101.0,3114.0,48861,59979,4607829.09,3115.6,3133.6
2026-01-14,IH,IH2606,3132.0,3173.0,3097.8,3112.0,9566,19434,901358.406,3110.0,3125.4
2026-01-14,IM,IM2601,8236.8,8453.6,8137.2,8242.0,65555,47766,10897973.864,8230.0,8235.8
2026-01-14,IM,IM2602,8221.4,8444.6,8111.0,8215.0,35068,52411,5819639.956,8206.2,8195.8
2026-01-14,IM,IM2603,8200.0,8419.0,8060.0,8156.0,225371,212359,37166187.6,8158.2,8150.8
2026-01-14,IM,IM2606,7980.2,8226.0,7871.0,7965.0,52601,102468,8466175.888,7962.4,7945.8
2026-01-15,IC,IC2601,8169.8,8264.4,8143.6,8217.4,32673,23979,5360812.748,8199.8,8206.0
2026-01-15,IC,IC2602,8198.0,8257.6,8140.8,8220.0,26360,46341,4320408.748,8193.8,8206.2
2026-01-15,IC,IC2603,8130.0,8239.2,8115.0,8206.8,110213,176008,18019027.964,8177.6,8175.2
2026-01-15,IC,IC2606,7989.8,8082.8,7970.4,8068.4,26152,78931,4199016.676,8038.4,8025.6
2026-01-15,IF,IF2601,4719.2,4768.2,4711.4,4752.0,29122,24238,4145623.998,4745.2,4737.0
2026-01-15,IF,IF2602,4727.2,4768.2,4713.4,4751.6,18351,29165,2610997.722,4742.6,4739.4
2026-01-15,IF,IF2603,4725.0,4764.8,4708.2,4746.6,81140,186881,11536492.41,4737.2,4733.0
2026-01-15,IF,IF2606,4676.8,4721.0,4666.0,4703.4,17229,65903,2428032.666,4694.6,4689.8
2026-01-15,IH,IH2601,3101.0,3130.2,3095.2,3104.6,10975,7502,1023960.498,3101.2,3112.0
2026-01-15,IH,IH2602,3104.0,3129.4,3097.0,3104.4,6924,8616,645973.872,3101.6,3113.4
2026-01-15,IH,IH2603,3109.0,3132.4,3098.6,3108.0,34976,57912,3266066.874,3104.4,3115.6
2026-01-15,IH,IH2606,3106.6,3127.4,3093.0,3104.8,6009,18933,560370.936,3100.0,3110.0
2026-01-15,IM,IM2601,8200.2,8272.2,8153.8,8254.8,38012,30484,6246409.796,8215.8,8230.0
2026-01-15,IM,IM2602,8170.0,8254.8,8127.2,8240.8,29827,57708,4887427.868,8197.2,8206.2
2026-01-15,IM,IM2603,8105.6,8207.4,8082.0,8195.4,148081,203295,24129690.18,8158.4,8158.2
2026-01-15,IM,IM2606,7915.4,8010.0,7896.8,8007.2,31844,103724,5066607.348,7965.8,7962.4
2026-01-16,IC,IC2601,8265.4,8289.2,8189.6,8239.0,17187,0,2833594.696,8239.19,8199.8
2026-01-16,IC,IC2602,8245.4,8289.8,8177.4,8227.0,35982,55751,5922633.968,8217.6,8193.8
2026-01-16,IC,IC2603,8277.8,8280.2,8162.4,8210.4,102740,174492,16880489.496,8199.0,8177.6
2026-01-16,IC,IC2606,8150.0,8150.8,8029.0,8068.6,31798,82985,5137349.688,8057.4,8038.4
2026-01-16,IF,IF2601,4779.4,4794.2,4730.0,4737.0,16172,0,2310664.032,4736.79,4745.2
2026-01-16,IF,IF2602,4779.0,4795.4,4715.0,4725.8,29036,39745,4138509.402,4723.6,4742.6
2026-01-16,IF,IF2603,4770.0,4790.0,4711.6,4723.2,89508,187424,12748507.38,4719.2,4737.2
2026-01-16,IF,IF2606,4739.0,4745.8,4672.6,4680.0,19836,67786,2800378.182,4678.6,4694.6
2026-01-16,IH,IH2601,3117.4,3131.0,3074.4,3081.4,6642,0,617867.454,3081.79,3101.2
2026-01-16,IH,IH2602,3117.2,3129.6,3070.4,3081.0,10366,12747,963318.216,3078.4,3101.6
2026-01-16,IH,IH2603,3121.0,3133.0,3074.4,3084.4,39751,58902,3696581.988,3081.0,3104.4
2026-01-16,IH,IH2606,3117.0,3128.2,3071.0,3078.8,8338,21374,774325.02,3077.4,3100.0
2026-01-16,IM,IM2601,8300.0,8315.2,8167.6,8241.6,24005,0,3956107.16,8242.02,8215.8
2026-01-16,IM,IM2602,8285.6,8315.0,8150.2,8225.0,41674,71312,6850320.256,8209.2,8197.2
2026-01-16,IM,IM2603,8250.0,8283.8,8115.0,8179.2,141207,201001,23099082.94,8165.0,8158.4
2026-01-16,IM,IM2606,8046.0,8098.8,7931.0,7979.0,35452,106709,5665849.0,7966.6,7965.8
2026-01-19,IC,IC2602,8208.2,8332.6,8187.2,8281.8,31572,54110,5232466.82,8298.6,8217.6
2026-01-19,IC,IC2603,8182.6,8324.8,8172.2,8266.0,98224,177228,16252259.276,8289.8,8199.0
2026-01-19,IC,IC2606,8040.8,8188.0,8035.0,8148.0,28915,80431,4706629.056,8163.4,8057.4
2026-01-19,IC,IC2609,7953.8,8060.0,7871.0,8024.0,7815,7655,1251815.36,8036.4,8057.4
2026-01-19,IF,IF2602,4716.6,4766.2,4711.2,4732.8,23746,38577,3373875.438,4731.6,4723.6
2026-01-19,IF,IF2603,4711.8,4763.0,4708.8,4728.6,73045,179134,10371127.596,4727.0,4719.2
2026-01-19,IF,IF2606,4663.4,4717.6,4663.0,4688.8,18164,67776,2555837.094,4685.8,4678.6
2026-01-19,IF,IF2609,4634.0,5146.0,4611.4,4633.8,5287,5179,734933.7,4630.4,4678.6
2026-01-19,IH,IH2602,3077.0,3099.8,3069.8,3076.4,9843,12625,910183.536,3076.6,3078.4
2026-01-19,IH,IH2603,3081.2,3102.6,3072.0,3077.6,30016,57249,2777845.278,3078.4,3081.0
2026-01-19,IH,IH2606,3076.8,3097.6,3069.0,3073.8,5192,20089,479913.156,3074.8,3077.4
2026-01-19,IH,IH2609,3070.0,3070.0,3040.0,3041.8,1482,1450,135817.416,3044.6,3077.4
2026-01-19,IM,IM2602,8199.8,8306.8,8161.2,8230.0,37562,67508,6198804.356,8242.8,8209.2
2026-01-19,IM,IM2603,8158.0,8275.0,8121.6,8186.6,123630,195201,20313200.512,8205.4,8165.0
2026-01-19,IM,IM2606,7959.8,8074.8,7925.4,8003.0,33362,106171,5350228.784,8018.6,7966.6
2026-01-19,IM,IM2609,7783.0,7890.8,7750.0,7843.0,11813,11376,1854243.372,7857.4,7966.6
2026-01-20,IC,IC2602,8318.8,8354.8,8128.2,8257.8,37883,57475,6228079.204,8226.0,8298.6
2026-01-20,IC,IC2603,8289.0,8348.0,8112.0,8248.8,123309,180970,20246495.12,8215.6,8289.8
2026-01-20,IC,IC2606,8181.0,8229.2,8010.8,8142.0,38855,85631,6296730.696,8111.4,8163.4
2026-01-20,IC,IC2609,8050.0,8107.2,7929.4,8024.2,13522,14085,2162708.548,7996.0,8036.4
2026-01-20,IF,IF2602,4738.0,4747.2,4678.8,4710.6,25937,39695,3664316.616,4707.8,4731.6
2026-01-20,IF,IF2603,4731.6,4743.8,4672.8,4708.6,79866,179532,11269260.9,4703.4,4727.0
2026-01-20,IF,IF2606,4690.2,4701.8,4635.0,4674.0,19613,68263,2744826.78,4666.8,4685.8
2026-01-20,IF,IF2609,4646.0,4648.6,4579.4,4615.0,4293,5770,593430.606,4609.4,4630.4
2026-01-20,IH,IH2602,3080.8,3091.2,3059.2,3073.6,9734,12791,897657.9,3072.0,3076.6
2026-01-20,IH,IH2603,3083.0,3092.0,3061.0,3075.4,31503,56746,2906777.97,3074.0,3078.4
2026-01-20,IH,IH2606,3078.2,3087.4,3055.6,3069.6,5816,20340,535682.85,3067.6,3074.8
2026-01-20,IH,IH2609,3048.6,3056.8,3025.4,3040.8,1675,1671,152743.164,3037.4,3044.6
2026-01-20,IM,IM2602,8250.0,8287.8,8066.4,8162.2,41590,68354,6777918.86,8134.2,8242.8
2026-01-20,IM,IM2603,8207.0,8247.4,8016.8,8120.8,150527,198773,24394615.704,8091.0,8205.4
2026-01-20,IM,IM2606,8010.6,8060.0,7849.0,7946.0,38608,105636,6121549.744,7916.6,8018.6
2026-01-20,IM,IM2609,7864.8,7904.6,7701.0,7778.0,15115,15696,2347835.012,7749.8,7857.4
2026-01-21,IC,IC2602,8215.0,8373.6,8211.4,8373.2,32474,54409,5404511.036,8358.8,8226.0
2026-01-21,IC,IC2603,8216.6,8372.0,8205.0,8371.0,101832,175976,16940243.384,8355.8,8215.6
2026-01-21,IC,IC2606,8120.8,8271.8,8104.6,8269.8,29816,84472,4899918.096,8252.4,8111.4
2026-01-21,IC,IC2609,8000.0,8158.0,7991.0,8158.0,7748,15194,1255844.056,8139.2,7996.0
2026-01-21,IF,IF2602,4706.0,4760.0,4700.0,4724.2,25500,39295,3623814.588,4730.4,4707.8
2026-01-21,IF,IF2603,4699.0,4756.4,4698.8,4722.8,74116,173409,10530440.082,4728.6,4703.4
2026-01-21,IF,IF2606,4672.0,4715.0,4665.0,4687.8,16557,66647,2332663.122,4691.0,4666.8
2026-01-21,IF,IF2609,4609.0,4660.0,4606.6,4632.0,4157,7462,578688.732,4633.6,4609.4
2026-01-21,IH,IH2602,3073.6,3100.2,3064.2,3069.8,10796,14121,998657.154,3073.4,3072.0
2026-01-21,IH,IH2603,3077.0,3102.6,3068.0,3073.6,34230,58489,3169366.728,3076.8,3074.0
2026-01-21,IH,IH2606,3072.0,3098.2,3066.0,3070.0,6674,20285,617209.872,3073.6,3067.6
2026-01-21,IH,IH2609,3041.6,3067.0,3032.4,3036.6,2791,3229,255438.414,3039.8,3037.4
2026-01-21,IM,IM2602,8138.8,8287.2,8113.2,8260.0,37231,65179,6129725.932,8246.0,8134.2
2026-01-21,IM,IM2603,8100.0,8252.8,8071.0,8231.0,133027,192142,21812081.076,8217.8,8091.0
2026-01-21,IM,IM2606,7932.6,8068.0,7900.2,8051.6,34728,105709,5569631.348,8039.6,7916.6
2026-01-21,IM,IM2609,7758.4,7900.0,7734.6,7890.0,9540,18658,1498812.38,7871.6,7749.8
2026-01-22,IC,IC2602,8393.6,8430.0,8336.8,8404.0,24325,52804,4076750.38,8379.2,8358.8
2026-01-22,IC,IC2603,8405.0,8434.0,8333.6,8400.0,81239,174152,13612850.568,8377.0,8355.8
2026-01-22,IC,IC2606,8290.0,8342.0,8242.2,8309.6,24987,84968,4139948.32,8281.8,8252.4
2026-01-22,IC,IC2609,8199.2,8232.4,8132.0,8195.2,7834,17695,1280209.276,8170.4,8139.2
2026-01-22,IF,IF2602,4746.2,4757.2,4702.2,4722.0,21131,38045,2995741.794,4720.2,4730.4
2026-01-22,IF,IF2603,4740.8,4756.2,4700.6,4719.4,72080,174304,10216406.172,4716.4,4728.6
2026-01-22,IF,IF2606,4707.2,4719.0,4669.2,4683.0,16424,68408,2310811.548,4680.8,4691.0
2026-01-22,IF,IF2609,4653.2,4663.4,4610.6,4626.0,5084,8800,706093.902,4623.4,4633.6
2026-01-22,IH,IH2602,3083.0,3090.4,3050.4,3057.0,9868,14018,907508.544,3054.6,3073.4
2026-01-22,IH,IH2603,3085.0,3093.8,3052.8,3061.2,33606,59009,3093752.088,3058.0,3076.8
2026-01-22,IH,IH2606,3082.0,3090.0,3050.0,3057.6,6302,20826,579450.3,3055.6,3073.6
2026-01-22,IH,IH2609,3052.0,3056.0,3017.2,3025.8,2827,3679,256994.706,3021.6,3039.8
2026-01-22,IM,IM2602,8284.2,8318.8,8241.0,8318.0,29789,62682,4933999.016,8292.0,8246.0
2026-01-22,IM,IM2603,8260.0,8302.6,8218.0,8292.6,104669,186587,17279168.412,8263.8,8217.8
2026-01-22,IM,IM2606,8065.0,8124.0,8045.0,8119.2,28536,102926,4611254.508,8090.6,8039.6
2026-01-22,IM,IM2609,7920.0,7963.8,7879.2,7952.0,9605,20082,1520489.252,7924.0,7871.6
2026-01-23,IC,IC2602,8439.2,8659.0,8428.0,8656.2,29259,51809,4998810.572,8617.0,8379.2
2026-01-23,IC,IC2603,8440.0,8660.0,8427.0,8658.2,103171,179892,17627830.736,8618.0,8377.0
2026-01-23,IC,IC2606,8360.0,8578.8,8334.0,8578.8,32896,88549,5567705.512,8537.4,8281.8
2026-01-23,IC,IC2609,8231.2,8491.0,8222.4,8491.0,10967,20975,1836476.456,8441.4,8170.4
2026-01-23,IF,IF2602,4739.6,4741.8,4700.0,4704.0,28815,42005,4077294.33,4709.2,4720.2
2026-01-23,IF,IF2603,4731.6,4739.4,4705.4,4709.2,84474,173887,11959851.234,4714.4,4716.4
2026-01-23,IF,IF2606,4693.0,4704.8,4675.4,4687.6,20706,72508,2913729.546,4690.4,4680.8
2026-01-23,IF,IF2609,4640.2,4648.6,4619.8,4647.0,6487,11330,902117.172,4637.6,4623.4
2026-01-23,IH,IH2602,3067.8,3068.8,3028.4,3032.4,11094,16044,1013944.692,3036.4,3054.6
2026-01-23,IH,IH2603,3069.0,3072.6,3036.2,3037.8,38693,63802,3541925.04,3042.4,3058.0
2026-01-23,IH,IH2606,3067.0,3070.0,3035.8,3036.0,8525,23537,779867.13,3041.8,3055.6
2026-01-23,IH,IH2609,3031.4,3036.8,3005.0,3006.0,3725,5388,337181.034,3010.6,3021.6
2026-01-23,IM,IM2602,8337.0,8531.8,8322.0,8531.8,39087,66131,6591184.964,8489.2,8292.0
2026-01-23,IM,IM2603,8336.6,8518.2,8301.4,8516.6,128628,195577,21651446.636,8479.4,8263.8
2026-01-23,IM,IM2606,8140.0,8368.0,8134.2,8366.2,39676,107740,6553580.348,8327.6,8090.6
2026-01-23,IM,IM2609,7998.0,8220.0,7970.6,8219.0,15595,26555,2530723.136,8170.6,7924.0
2026-01-26,IC,IC2602,8688.0,8722.2,8443.4,8485.2,36990,51219,6326889.68,8505.4,8617.0
2026-01-26,IC,IC2603,8695.0,8728.2,8428.2,8470.0,128932,174418,22027755.292,8493.0,8618.0
2026-01-26,IC,IC2606,8650.0,8685.0,8363.2,8371.0,43910,91783,7445711.32,8412.4,8537.4
2026-01-26,IC,IC2609,8536.0,8609.8,8260.0,8260.2,16845,26586,2828405.064,8306.0,8441.4
2026-01-26,IF,IF2602,4720.0,4766.8,4703.4,4713.8,33112,41677,4697131.302,4722.4,4709.2
2026-01-26,IF,IF2603,4726.8,4775.6,4712.4,4719.4,112956,191907,16049618.622,4727.8,4714.4
2026-01-26,IF,IF2606,4705.2,4762.0,4700.2,4701.6,31319,77122,4435241.232,4709.0,4690.4
2026-01-26,IF,IF2609,4680.0,4721.0,4652.4,4653.4,12162,17758,1706519.688,4663.2,4637.6
2026-01-26,IH,IH2602,3043.2,3095.8,3041.0,3053.2,16234,17585,1492537.194,3059.4,3036.4
2026-01-26,IH,IH2603,3049.8,3099.8,3045.0,3058.2,52871,70243,4867628.154,3064.0,3042.4
2026-01-26,IH,IH2606,3048.8,3099.8,3043.2,3059.0,10906,24666,1004469.696,3065.0,3041.8
2026-01-26,IH,IH2609,3016.0,3070.8,3014.4,3029.4,4616,6130,420750.216,3034.8,3010.6
2026-01-26,IM,IM2602,8564.0,8573.8,8273.4,8327.2,48374,63879,8111677.668,8348.2,8489.2
2026-01-26,IM,IM2603,8541.8,8568.0,8238.0,8289.2,160156,191679,26757829.596,8311.6,8479.4
2026-01-26,IM,IM2606,8388.0,8434.4,8102.2,8141.6,46441,106252,7632002.956,8162.2,8327.6
2026-01-26,IM,IM2609,8265.0,8283.6,7953.0,7980.2,22189,32692,3582187.048,7998.0,8170.6
2026-01-27,IC,IC2602,8480.0,8603.0,8358.2,8554.2,33764,47954,5727412.348,8567.0,8505.4
2026-01-27,IC,IC2603,8461.0,8604.6,8346.0,8547.6,121961,173219,20664817.396,8564.0,8493.0
2026-01-27,IC,IC2606,8341.0,8529.6,8255.2,8475.0,41522,93547,6968105.336,8486.4,8412.4
2026-01-27,IC,IC2609,8246.0,8420.0,8144.0,8370.4,14125,28582,2339817.004,8378.6,8306.0
2026-01-27,IF,IF2602,4712.0,4745.8,4678.2,4714.8,26442,39444,3742696.068,4724.2,4722.4
2026-01-27,IF,IF2603,4720.0,4748.6,4681.0,4718.2,87568,178212,12405780.276,4729.6,4727.8
2026-01-27,IF,IF2606,4700.2,4729.0,4663.0,4703.0,20553,73826,2898786.354,4711.0,4709.0
2026-01-27,IF,IF2609,4657.6,4684.8,4619.4,4653.4,8401,18844,1173999.024,4666.4,4663.2
2026-01-27,IH,IH2602,3060.6,3083.8,3048.2,3060.2,13518,16535,1243862.202,3066.4,3059.4
2026-01-27,IH,IH2603,3060.0,3086.8,3050.6,3064.0,41275,66049,3802711.95,3070.2,3064.0
2026-01-27,IH,IH2606,3063.8,3088.0,3050.0,3068.0,8761,24525,807764.022,3074.0,3065.0
2026-01-27,IH,IH2609,3032.0,3059.0,3019.0,3042.0,4315,7388,394236.906,3048.6,3034.8
2026-01-27,IM,IM2602,8326.0,8415.6,8163.2,8385.6,43943,61133,7292221.936,8389.0,8348.2
2026-01-27,IM,IM2603,8269.0,8393.8,8122.0,8357.2,158438,191923,26165352.124,8364.8,8311.6
2026-01-27,IM,IM2606,8121.8,8243.0,7975.2,8220.2,42749,109362,6934652.872,8216.8,8162.2
2026-01-27,IM,IM2609,7970.8,8077.4,7822.0,8058.8,17270,35985,2745259.444,8050.8,7998.0
2026-01-28,IC,IC2602,8580.0,8658.4,8523.8,8623.2,28560,45306,4902403.908,8618.2,8567.0
2026-01-28,IC,IC2603,8564.2,8658.0,8515.2,8622.0,94115,167295,16150686.472,8617.4,8564.0
2026-01-28,IC,IC2606,8506.0,8600.0,8445.0,8574.8,37044,98677,6309814.02,8559.6,8486.4
2026-01-28,IC,IC2609,8420.0,8497.6,8342.0,8469.0,10940,31120,1840146.0,8457.0,8378.6
2026-01-28,IF,IF2602,4725.0,4744.0,4710.6,4727.8,32633,43478,4627820.232,4730.8,4724.2
2026-01-28,IF,IF2603,4735.0,4747.8,4716.0,4732.8,84387,185840,11977098.882,4736.4,4729.6
2026-01-28,IF,IF2606,4725.0,4726.6,4700.0,4716.8,18810,75464,2659832.43,4718.0,4711.0
2026-01-28,IF,IF2609,4670.0,4680.6,4653.0,4670.2,7072,21166,989830.824,4672.0,4666.4
2026-01-28,IH,IH2602,3069.0,3076.6,3053.4,3065.6,14236,17477,1308924.528,3066.2,3066.4
2026-01-28,IH,IH2603,3069.0,3079.8,3058.6,3069.8,38337,67766,3529780.884,3070.6,3070.2
2026-01-28,IH,IH2606,3075.0,3081.8,3064.6,3070.0,7689,25544,708631.206,3072.2,3074.0
2026-01-28,IH,IH2609,3057.0,3057.0,3039.2,3046.0,3119,7615,285108.228,3047.8,3048.6
2026-01-28,IM,IM2602,8407.2,8432.4,8302.0,8407.4,33363,56743,5589394.12,8400.8,8389.0
2026-01-28,IM,IM2603,8380.0,8412.0,8284.0,8377.8,114744,180338,19160277.248,8373.0,8364.8
2026-01-28,IM,IM2606,8238.0,8272.8,8147.0,8242.6,31617,107190,5193250.752,8237.2,8216.8
2026-01-28,IM,IM2609,8080.0,8098.4,7986.0,8075.0,14356,38495,2309943.236,8064.8,8050.8
2026-01-29,IC,IC2602,8601.6,8695.2,8502.4,8531.2,29632,46369,5101387.108,8543.6,8618.2
2026-01-29,IC,IC2603,8615.0,8700.0,8488.2,8517.6,115687,170962,19903371.956,8539.0,8617.4
2026-01-29,IC,IC2606,8590.0,8650.0,8441.2,8463.0,43590,100860,7454628.664,8491.2,8559.6
2026-01-29,IC,IC2609,8450.0,8558.8,8351.0,8374.0,15369,35641,2601510.344,8401.4,8457.0
2026-01-29,IF,IF2602,4733.0,4787.0,4710.4,4774.6,29602,39478,4211494.128,4766.6,4730.8
2026-01-29,IF,IF2603,4740.0,4793.0,4716.2,4784.0,99189,184884,14127441.96,4774.0,4736.4
2026-01-29,IF,IF2606,4725.0,4785.4,4703.8,4771.6,22864,75918,3246972.09,4761.4,4718.0
2026-01-29,IF,IF2609,4673.2,4733.6,4658.2,4727.0,8149,23277,1145608.194,4715.6,4672.0
2026-01-29,IH,IH2602,3070.0,3132.4,3056.6,3124.2,18254,18317,1691931.072,3119.6,3066.2
2026-01-29,IH,IH2603,3074.0,3136.6,3061.2,3130.4,51786,73669,4808660.688,3125.2,3070.6
2026-01-29,IH,IH2606,3075.4,3139.8,3065.8,3132.6,10933,27019,1016631.108,3128.4,3072.2
2026-01-29,IH,IH2609,3050.6,3130.0,3041.0,3108.6,4899,9224,451818.966,3104.6,3047.8
2026-01-29,IM,IM2602,8383.0,8490.0,8311.4,8351.4,40923,58886,6879572.424,8353.2,8400.8
2026-01-29,IM,IM2603,8357.6,8479.8,8280.0,8329.0,147818,196369,24785269.816,8330.2,8373.0
2026-01-29,IM,IM2606,8230.0,8348.0,8150.0,8199.6,39840,111756,6574733.088,8204.2,8237.2
2026-01-29,IM,IM2609,8070.0,8186.6,7998.8,8048.0,19400,44584,3140706.488,8052.4,8064.8
2026-01-30,IC,IC2602,8480.2,8540.4,8163.8,8377.2,36443,46994,6089155.952,8385.6,8543.6
2026-01-30,IC,IC2603,8469.2,8535.0,8135.0,8362.4,137793,163697,22982453.996,8378.4,8539.0
2026-01-30,IC,IC2606,8410.0,8484.6,8035.0,8300.0,56729,100847,9392825.192,8323.2,8491.2
2026-01-30,IC,IC2609,8321.6,8396.6,7943.2,8210.0,17220,37921,2821585.7,8240.0,8401.4
2026-01-30,IF,IF2602,4752.0,4770.0,4647.0,4710.0,30941,40190,4375105.566,4718.4,4766.6
2026-01-30,IF,IF2603,4760.0,4780.0,4640.0,4711.0,108273,186373,15324044.874,4719.6,4774.0
2026-01-30,IF,IF2606,4744.8,4767.8,4631.0,4699.8,29303,79325,4136867.88,4707.6,4761.4
2026-01-30,IF,IF2609,4706.0,4724.8,4587.0,4655.0,10684,26756,1494971.844,4662.4,4715.6
2026-01-30,IH,IH2602,3101.4,3123.6,3042.6,3068.2,14721,16154,1360867.992,3074.0,3119.6
2026-01-30,IH,IH2603,3103.0,3128.4,3044.0,3074.0,48327,70443,4469901.108,3075.8,3125.2
2026-01-30,IH,IH2606,3119.0,3313.0,3048.8,3080.0,9614,26626,891160.572,3078.4,3128.4
2026-01-30,IH,IH2609,3095.0,3123.0,3023.8,3053.2,4387,9143,403194.96,3053.8,3104.6
2026-01-30,IM,IM2602,8300.2,8361.8,8075.8,8282.4,41174,58272,6784935.588,8277.8,8353.2
2026-01-30,IM,IM2603,8302.0,8344.8,8050.0,8260.6,167342,191798,27492423.08,8259.4,8330.2
2026-01-30,IM,IM2606,8176.6,8221.4,7909.4,8143.8,47656,111274,7705551.676,8136.4,8204.2
2026-01-30,IM,IM2609,8023.6,8070.0,7764.0,7996.6,19670,47496,3124886.792,7993.0,8052.4
2026-02-02,IC,IC2602,8309.8,8342.4,7908.2,7951.0,43997,43403,7158743.124,8015.8,8385.6
2026-02-02,IC,IC2603,8262.2,8334.4,7832.0,7903.2,151002,153481,24492860.284,7977.0,8378.4
2026-02-02,IC,IC2606,8209.0,8277.8,7688.0,7765.2,69294,93095,11107172.164,7850.2,8323.2
2026-02-02,IC,IC2609,8152.0,8190.0,7581.4,7647.0,24711,38790,3911766.208,7746.0,8240.0
2026-02-02,IF,IF2602,4700.0,4722.8,4567.6,4582.2,34422,37542,4800667.488,4604.6,4718.4
2026-02-02,IF,IF2603,4680.6,4724.0,4555.6,4577.4,110802,174613,15446257.65,4594.0,4719.6
2026-02-02,IF,IF2606,4677.8,4709.4,4514.8,4540.0,33589,75115,4658406.462,4561.0,4707.6
2026-02-02,IF,IF2609,4632.2,4664.8,4465.6,4491.8,12595,26611,1728968.262,4514.8,4662.4
2026-02-02,IH,IH2602,3053.8,3081.4,2987.4,3003.6,16229,16983,1475985.858,3006.8,3074.0
2026-02-02,IH,IH2603,3039.4,3081.0,2984.0,3004.2,53829,66246,4896620.232,3005.6,3075.8
2026-02-02,IH,IH2606,3065.0,3085.0,2963.2,2986.0,13294,25931,1205253.318,2990.4,3078.4
2026-02-02,IH,IH2609,3040.0,3059.2,2942.6,2963.6,5931,10144,533265.984,2965.6,3053.8
2026-02-02,IM,IM2602,8210.0,8252.6,7904.0,7910.0,46878,61033,7584341.884,7990.0,8277.8
2026-02-02,IM,IM2603,8180.2,8240.0,7840.0,7871.8,173821,194848,28031201.488,7954.8,8259.4
2026-02-02,IM,IM2606,8089.4,8120.0,7659.2,7701.6,60249,107833,9529806.692,7779.6,8136.4
2026-02-02,IM,IM2609,7920.2,7978.6,7510.0,7548.6,26152,50536,4063050.504,7634.0,7993.0
2026-02-03,IC,IC2602,8099.2,8305.8,8050.6,8295.8,36359,41185,5957929.616,8284.6,8015.8
2026-02-03,IC,IC2603,8100.0,8296.8,8011.2,8282.0,122145,151098,19953925.56,8273.2,7977.0
2026-02-03,IC,IC2606,8000.0,8211.4,7900.0,8189.6,45463,94296,7340184.364,8183.0,7850.2
2026-02-03,IC,IC2609,7850.0,8115.4,7787.4,8095.0,17479,40585,2789456.252,8083.0,7746.0
2026-02-03,IF,IF2602,4628.2,4663.4,4580.8,4657.6,26075,35631,3621411.516,4653.8,4604.6
2026-02-03,IF,IF2603,4621.0,4662.4,4574.8,4653.0,82004,170254,11376787.908,4651.2,4594.0
2026-02-03,IF,IF2606,4606.0,4637.8,4546.6,4625.0,25594,76659,3532091.1,4627.4,4561.0
2026-02-03,IF,IF2609,4556.6,4599.2,4500.4,4576.2,8112,28500,1108737.6,4579.0,4514.8
2026-02-03,IH,IH2602,3032.2,3040.0,2987.8,3032.8,11671,15785,1056872.922,3030.0,3006.8
2026-02-03,IH,IH2603,3030.0,3036.6,2987.6,3033.0,39958,62777,3616611.678,3029.6,3005.6
2026-02-03,IH,IH2606,3010.0,3030.0,2981.0,3025.2,7948,25732,717491.556,3023.8,2990.4
2026-02-03,IH,IH2609,3000.0,3004.2,2956.0,2999.8,4357,10211,390417.912,2998.8,2965.6
2026-02-03,IM,IM2602,8030.0,8233.2,8011.0,8213.0,44819,58651,7290767.328,8210.8,7990.0
2026-02-03,IM,IM2603,8019.0,8215.2,7975.2,8183.0,150161,189544,24337820.12,8190.8,7954.8
2026-02-03,IM,IM2606,7844.2,8057.0,7810.0,8031.0,42375,105961,6737982.684,8034.6,7779.6
2026-02-03,IM,IM2609,7690.0,7906.8,7655.6,7885.8,20281,51362,3164726.792,7880.4,7634.0
2026-02-04,IC,IC2602,8283.8,8327.0,8162.8,8321.0,29003,36698,4782158.928,8284.0,8284.6
2026-02-04,IC,IC2603,8245.0,8317.8,8133.6,8313.6,100543,145579,16531533.984,8268.4,8273.2
2026-02-04,IC,IC2606,8175.8,8230.0,8028.6,8216.0,37249,95513,6051848.588,8170.6,8183.0
2026-02-04,IC,IC2609,8076.6,8125.0,7910.2,8105.0,14601,40043,2338559.452,8058.4,8083.0
2026-02-04,IF,IF2602,4648.8,4700.6,4638.6,4698.8,20774,31278,2905238.958,4688.0,4653.8
2026-02-04,IF,IF2603,4645.0,4697.2,4631.2,4693.6,65238,159248,9113881.578,4681.6,4651.2
2026-02-04,IF,IF2606,4615.0,4670.0,4605.0,4665.0,17565,75130,2439391.8,4654.4,4627.4
2026-02-04,IF,IF2609,4567.0,4615.0,4554.2,4611.0,7368,27954,1011833.598,4601.6,4579.0
2026-02-04,IH,IH2602,3033.0,3072.6,3028.4,3071.6,9444,13571,863907.948,3065.8,3030.0
2026-02-04,IH,IH2603,3033.0,3074.4,3027.6,3071.8,33658,59111,3078186.762,3065.8,3029.6
2026-02-04,IH,IH2606,3029.6,3068.0,3021.6,3065.8,6464,23822,589652.712,3059.2,3023.8
2026-02-04,IH,IH2609,2998.0,3037.6,2995.4,3036.8,3162,10060,285728.688,3029.2,2998.8
2026-02-04,IM,IM2602,8192.4,8234.2,8090.4,8230.0,38126,54982,6215960.072,8191.2,8210.8
2026-02-04,IM,IM2603,8159.4,8213.0,8050.2,8203.4,136596,186743,22177684.14,8163.6,8190.8
2026-02-04,IM,IM2606,8010.0,8058.0,7895.8,8045.2,37630,108653,5992151.108,8005.4,8034.6
2026-02-04,IM,IM2609,7866.0,7899.0,7744.0,7888.6,16012,53144,2501921.692,7851.2,7880.4
2026-02-05,IC,IC2602,8230.0,8241.6,8060.8,8145.0,29513,36982,4804074.024,8156.2,8284.0
2026-02-05,IC,IC2603,8221.0,8229.0,8030.0,8120.2,112281,149924,18229382.284,8136.8,8268.4
2026-02-05,IC,IC2606,8099.0,8138.8,7923.2,8012.2,41651,97801,6677305.088,8037.6,8170.6
2026-02-05,IC,IC2609,8025.0,8038.0,7812.6,7900.2,15626,41143,2471443.812,7931.6,8058.4
2026-02-05,IF,IF2602,4685.6,4689.0,4633.2,4671.6,19234,30891,2690399.754,4671.6,4688.0
2026-02-05,IF,IF2603,4662.2,4684.8,4623.0,4665.2,70168,161588,9800812.08,4667.0,4681.6
2026-02-05,IF,IF2606,4634.8,4657.0,4592.8,4636.0,19105,75279,2652165.54,4639.4,4654.4
2026-02-05,IF,IF2609,4588.0,4603.0,4543.2,4585.2,7389,29451,1015140.294,4589.0,4601.6
2026-02-05,IH,IH2602,3055.0,3069.2,3030.4,3063.6,8770,13810,802920.042,3059.6,3065.8
2026-02-05,IH,IH2603,3053.0,3071.8,3030.6,3061.4,36122,60257,3307635.39,3060.6,3065.8
2026-02-05,IH,IH2606,3051.8,3067.2,3027.2,3056.6,6284,24531,574551.774,3054.8,3059.2
2026-02-05,IH,IH2609,3022.2,3035.8,2997.8,3028.0,3183,10078,288094.932,3025.0,3029.2
2026-02-05,IM,IM2602,8168.6,8168.6,8007.2,8077.8,34660,51147,5599579.088,8085.0,8191.2
2026-02-05,IM,IM2603,8140.8,8144.0,7969.4,8039.8,142554,186934,22941493.448,8056.6,8163.6
2026-02-05,IM,IM2606,8000.0,8005.0,7815.0,7880.2,39134,108025,6173675.584,7897.0,8005.4
2026-02-05,IM,IM2609,7840.0,7840.0,7657.8,7720.0,16324,54442,2524429.876,7742.4,7851.2
2026-02-06,IC,IC2602,8064.0,8263.4,7984.2,8140.6,30849,35365,5030807.392,8189.0,8156.2
2026-02-06,IC,IC2603,8000.0,8249.6,7950.0,8117.4,113205,146089,18425271.22,8176.4,8136.8
2026-02-06,IC,IC2606,7900.0,8151.4,7820.2,8015.6,39951,95540,6415772.872,8081.4,8037.6
2026-02-06,IC,IC2609,7800.0,8043.4,7713.8,7900.0,15096,41648,2388196.368,7973.6,7931.6
2026-02-06,IF,IF2602,4638.2,4684.4,4597.0,4639.8,21296,31336,2967892.452,4657.8,4671.6
2026-02-06,IF,IF2603,4614.0,4682.8,4587.0,4637.6,70073,156652,9757016.724,4656.4,4667.0
2026-02-06,IF,IF2606,4602.2,4655.0,4559.4,4610.2,19501,75925,2698851.57,4627.0,4639.4
2026-02-06,IF,IF2609,4540.0,4602.6,4509.8,4559.8,7170,30103,981728.076,4576.2,4589.0
2026-02-06,IH,IH2602,3035.0,3059.6,3014.2,3037.0,10090,13763,919303.134,3044.0,3059.6
2026-02-06,IH,IH2603,3030.0,3060.0,3013.6,3036.2,34178,59121,3114944.478,3045.4,3060.6
2026-02-06,IH,IH2606,3029.6,3059.4,3009.6,3033.4,7642,25416,696183.228,3043.4,3054.8
2026-02-06,IH,IH2609,3000.8,3027.2,2978.0,3001.2,3786,10817,341451.918,3011.8,3025.0
2026-02-06,IM,IM2602,7983.8,8174.4,7923.2,8026.8,38635,52205,6238524.508,8082.4,8085.0
2026-02-06,IM,IM2603,7900.2,8154.4,7880.8,7990.8,147053,187915,23662631.224,8057.4,8056.6
2026-02-06,IM,IM2606,7800.0,7992.2,7707.0,7830.8,39470,109419,6213891.412,7889.8,7897.0
2026-02-06,IM,IM2609,7650.0,7827.6,7540.2,7655.6,17497,56496,2697388.828,7721.0,7742.4
2026-02-09,IC,IC2602,8330.0,8333.0,8236.0,8322.0,22324,30709,3704612.284,8315.4,8189.0
2026-02-09,IC,IC2603,8260.0,8324.0,8220.0,8311.6,76113,138576,12612955.672,8302.2,8176.4
2026-02-09,IC,IC2606,8177.8,8235.0,8132.4,8215.2,28444,96339,4662155.24,8206.6,8081.4
2026-02-09,IC,IC2609,8065.0,8121.0,8020.8,8095.2,9988,41362,1614240.244,8088.8,7973.6
2026-02-09,IF,IF2602,4691.6,4726.4,4681.0,4722.6,17217,26451,2431560.864,4718.6,4657.8
2026-02-09,IF,IF2603,4688.8,4725.4,4678.0,4721.2,51368,154559,7251346.26,4717.8,4656.4
2026-02-09,IF,IF2606,4656.0,4696.6,4650.2,4691.2,16681,76883,2340593.022,4688.0,4627.0
2026-02-09,IF,IF2609,4610.0,4644.8,4598.4,4637.4,5251,30540,728956.65,4637.4,4576.2
2026-02-09,IH,IH2602,3067.0,3084.6,3053.2,3083.6,8201,11631,756531.786,3080.6,3044.0
2026-02-09,IH,IH2603,3060.6,3086.8,3058.2,3084.0,26188,57290,2416572.726,3082.2,3045.4
2026-02-09,IH,IH2606,3056.2,3081.4,3053.4,3079.0,4988,24315,459509.85,3077.8,3043.4
2026-02-09,IH,IH2609,3030.0,3051.2,3023.2,3048.2,1960,10234,178774.182,3046.6,3011.8
2026-02-09,IM,IM2602,8180.0,8260.6,8151.0,8256.0,28961,45633,4759855.592,8243.0,8082.4
2026-02-09,IM,IM2603,8155.0,8237.6,8120.4,8232.6,112370,179169,18409662.952,8216.6,8057.4
2026-02-09,IM,IM2606,7944.0,8069.6,7944.0,8063.2,31900,107292,5119282.736,8048.4,7889.8
2026-02-09,IM,IM2609,7785.0,7895.2,7785.0,7890.2,13607,57020,2137042.14,7868.4,7721.0
2026-02-10,IC,IC2602,8324.4,8338.0,8257.8,8309.0,15491,26808,2574482.264,8314.0,8315.4
2026-02-10,IC,IC2603,8318.0,8329.0,8244.8,8290.8,54914,134825,9110593.644,8300.4,8302.2
2026-02-10,IC,IC2606,8230.0,8240.0,8156.0,8189.2,17415,93478,2855523.732,8197.4,8206.6
2026-02-10,IC,IC2609,8105.0,8110.0,8035.6,8064.0,6830,41072,1103455.62,8075.4,8088.8
2026-02-10,IF,IF2602,4726.4,4734.8,4716.0,4728.2,11554,23228,1637595.492,4724.0,4718.6
2026-02-10,IF,IF2603,4722.0,4733.8,4713.4,4724.0,40264,151713,5704185.036,4720.6,4717.8
2026-02-10,IF,IF2606,4691.0,4703.0,4684.2,4690.2,10566,76816,1487247.996,4688.0,4688.0
2026-02-10,IF,IF2609,4640.0,4650.0,4632.8,4636.8,2869,30687,399352.212,4635.8,4637.4
2026-02-10,IH,IH2602,3088.2,3093.2,3082.2,3092.8,4924,10267,456094.638,3087.8,3080.6
2026-02-10,IH,IH2603,3086.0,3095.0,3083.4,3093.6,19831,56334,1837635.9,3088.8,3082.2
2026-02-10,IH,IH2606,3078.0,3089.8,3078.0,3089.6,3152,24339,291689.484,3085.2,3077.8
2026-02-10,IH,IH2609,3054.6,3058.0,3048.4,3056.4,1572,10121,143977.164,3052.2,3046.6
2026-02-10,IM,IM2602,8261.0,8278.8,8201.0,8254.6,21127,39017,3488565.012,8261.6,8243.0
2026-02-10,IM,IM2603,8235.0,8258.4,8182.0,8229.0,82316,175231,13550745.872,8239.8,8216.6
2026-02-10,IM,IM2606,8082.0,8092.0,8018.0,8063.0,21631,106809,3489600.936,8073.4,8048.4
2026-02-10,IM,IM2609,7902.2,7911.0,7840.4,7886.0,8096,57576,1277282.224,7894.8,7868.4
2026-02-11,IC,IC2602,8294.4,8390.2,8294.4,8342.4,16539,23673,2764272.624,8345.0,8314.0
2026-02-11,IC,IC2603,8290.8,8384.0,8282.8,8336.4,59866,135346,9994821.024,8336.6,8300.4
2026-02-11,IC,IC2606,8180.0,8276.2,8180.0,8235.2,19273,94240,3178355.628,8237.0,8197.4
2026-02-11,IC,IC2609,8068.0,8154.8,8065.0,8117.4,6112,41036,993571.292,8124.8,8075.4
2026-02-11,IF,IF2602,4720.8,4726.8,4705.8,4716.2,11116,21068,1573452.462,4716.2,4724.0
2026-02-11,IF,IF2603,4721.2,4725.0,4705.0,4714.8,37735,150599,5337797.844,4712.6,4720.6
2026-02-11,IF,IF2606,4683.0,4692.0,4675.0,4680.0,10227,78535,1436683.368,4679.0,4688.0
2026-02-11,IF,IF2609,4638.4,4639.8,4621.0,4625.8,3322,31778,461418.426,4625.8,4635.8
2026-02-11,IH,IH2602,3087.4,3095.6,3078.4,3091.6,5325,10004,493269.216,3091.8,3087.8
2026-02-11,IH,IH2603,3088.2,3096.4,3078.6,3091.4,20318,56814,1882660.644,3092.4,3088.8
2026-02-11,IH,IH2606,3085.2,3092.6,3077.0,3088.0,3376,24449,312515.904,3088.2,3085.2
2026-02-11,IH,IH2609,3056.0,3059.4,3045.6,3053.4,1814,10048,166159.8,3054.6,3052.2
2026-02-11,IM,IM2602,8242.0,8323.8,8242.0,8260.2,22401,34228,3710173.644,8262.4,8261.6
2026-02-11,IM,IM2603,8229.0,8307.6,8227.4,8241.0,81851,180217,13527168.576,8244.4,8239.8
2026-02-11,IM,IM2606,8063.0,8139.8,8062.0,8086.6,19572,106695,3171075.88,8086.6,8073.4
2026-02-11,IM,IM2609,7890.0,7959.6,7881.8,7919.0,9747,58865,1544606.892,7915.6,7894.8
2026-02-12,IC,IC2602,8351.0,8459.0,8335.6,8448.2,17035,18263,2864997.32,8445.4,8345.0
2026-02-12,IC,IC2603,8348.2,8458.8,8331.2,8448.8,69413,142445,11673516.592,8445.8,8336.6
2026-02-12,IC,IC2606,8263.8,8360.0,8231.2,8350.0,20302,94803,3374111.296,8348.0,8237.0
2026-02-12,IC,IC2609,8155.0,8245.6,8122.6,8234.6,7232,42389,1184933.24,8233.0,8124.8
2026-02-12,IF,IF2602,4720.0,4728.6,4708.8,4719.4,10451,17463,1479559.5,4719.2,4716.2
2026-02-12,IF,IF2603,4716.2,4727.0,4705.0,4716.8,44769,152334,6333707.598,4717.4,4712.6
2026-02-12,IF,IF2606,4686.0,4691.4,4672.2,4682.8,10587,79343,1487123.52,4683.2,4679.0
2026-02-12,IF,IF2609,4631.8,4637.8,4618.4,4628.6,2956,31895,410425.62,4629.2,4625.8
2026-02-12,IH,IH2602,3092.0,3098.0,3079.6,3082.8,5316,8199,491892.216,3081.8,3091.8
2026-02-12,IH,IH2603,3095.0,3098.0,3080.8,3083.0,20263,56888,1875814.056,3083.6,3092.4
2026-02-12,IH,IH2606,3089.2,3093.8,3079.4,3081.2,4856,25444,449186.808,3082.4,3088.2
2026-02-12,IH,IH2609,3056.2,3060.8,3048.0,3051.2,2678,10651,245257.302,3052.6,3054.6
2026-02-12,IM,IM2602,8262.0,8359.0,8224.8,8345.4,22849,27402,3797528.056,8342.0,8262.4
2026-02-12,IM,IM2603,8250.4,8351.8,8205.0,8338.0,96452,187061,16010881.98,8334.6,8244.4
2026-02-12,IM,IM2606,8106.0,8193.8,8053.0,8182.0,24870,108907,4048906.236,8177.8,8086.6
2026-02-12,IM,IM2609,7933.2,8020.0,7888.0,8004.2,11333,60851,1806796.908,8002.4,7915.6
2026-02-13,IC,IC2602,8395.8,8427.6,8264.0,8283.0,15402,13672,2576999.572,8309.2,8445.4
2026-02-13,IC,IC2603,8398.0,8419.0,8250.0,8274.8,81351,140501,13585888.768,8296.4,8445.8
2026-02-13,IC,IC2606,8295.0,8323.0,8131.2,8165.4,32994,99362,5441926.852,8186.8,8348.0
2026-02-13,IC,IC2609,8167.0,8199.2,8002.2,8048.2,12159,44977,1975492.32,8067.6,8233.0
2026-02-13,IF,IF2602,4692.0,4701.8,4632.2,4643.0,14390,17126,2016875.754,4650.6,4719.2
2026-02-13,IF,IF2603,4683.8,4697.8,4624.0,4627.0,71794,156477,10048509.852,4639.6,4717.4
2026-02-13,IF,IF2606,4664.0,4668.0,4585.0,4587.2,23917,85096,3321859.668,4601.2,4683.2
2026-02-13,IF,IF2609,4605.0,4609.6,4528.2,4534.6,10218,33029,1400574.714,4540.4,4629.2
2026-02-13,IH,IH2602,3065.6,3072.2,3024.4,3025.0,9191,7720,839307.042,3031.6,3081.8
2026-02-13,IH,IH2603,3070.0,3072.2,3020.0,3020.0,38269,63684,3497085.384,3030.2,3083.6
2026-02-13,IH,IH2606,3071.8,3072.0,3017.0,3018.0,9246,27324,844299.564,3026.4,3082.4
2026-02-13,IH,IH2609,3035.8,3041.6,2986.0,2986.0,4499,11733,406250.178,2994.2,3052.6
2026-02-13,IM,IM2602,8293.0,8332.8,8178.4,8200.0,23295,20759,3854183.228,8225.4,8342.0
2026-02-13,IM,IM2603,8288.0,8316.8,8161.0,8189.0,114424,185460,18895980.492,8213.4,8334.6
2026-02-13,IM,IM2606,8138.0,8157.2,8003.0,8021.6,33376,110563,5405466.708,8053.0,8177.8
2026-02-13,IM,IM2609,7961.0,7976.4,7831.0,7852.0,15133,63084,2397042.76,7879.6,8002.4
2026-02-24,IC,IC2602,8400.0,8447.8,8325.4,8400.6,10170,0,1706108.2,8401.0,8309.2
2026-02-24,IC,IC2603,8360.0,8455.0,8314.0,8371.6,73322,139597,12300661.496,8383.4,8296.4
2026-02-24,IC,IC2606,8310.0,8356.0,8222.4,8272.2,29273,97952,4854813.172,8285.4,8186.8
2026-02-24,IC,IC2609,8160.0,8229.0,8108.8,8146.2,10559,44903,1725630.98,8159.8,8067.6
2026-02-24,IF,IF2602,4717.0,4727.2,4684.6,4711.2,11356,0,1603448.034,4711.15,4650.6
2026-02-24,IF,IF2603,4680.2,4711.2,4671.2,4683.4,60004,148797,8441611.386,4688.6,4639.6
2026-02-24,IF,IF2606,4627.0,4669.0,4627.0,4640.4,19887,83838,2772967.35,4646.8,4601.2
2026-02-24,IF,IF2609,4599.8,4612.0,4572.4,4583.8,6531,32592,899637.57,4589.6,4540.4
2026-02-24,IH,IH2602,3065.2,3069.0,3036.0,3042.6,5324,0,486855.858,3043.03,3031.6
2026-02-24,IH,IH2603,3049.2,3055.4,3033.6,3037.4,26420,60075,2412600.48,3039.6,3030.2
2026-02-24,IH,IH2606,3058.0,3058.0,3027.2,3031.0,7065,27319,644303.916,3034.6,3026.4
2026-02-24,IH,IH2609,3017.0,3018.8,2998.0,3000.4,3430,11981,309498.51,3001.8,2994.2
2026-02-24,IM,IM2602,8304.0,8360.0,8238.0,8310.6,17173,0,2851488.076,8310.75,8225.4
2026-02-24,IM,IM2603,8307.8,8365.0,8227.2,8271.0,105984,188594,17584717.044,8285.4,8213.4
2026-02-24,IM,IM2606,8120.0,8205.0,8070.0,8110.6,34165,113415,5560169.924,8126.6,8053.0
2026-02-24,IM,IM2609,7920.0,8025.0,7897.6,7930.4,14139,63573,2250693.832,7946.4,7879.6
2026-02-25,IC,IC2603,8411.0,8558.0,8394.0,8529.0,77377,143448,13146463.876,8518.2,8383.4
2026-02-25,IC,IC2604,8383.4,8540.2,8374.4,8514.8,4203,4132,713307.016,8504.2,8383.4
2026-02-25,IC,IC2606,8300.0,8460.0,8295.6,8437.4,33792,103420,5679626.8,8425.4,8285.4
2026-02-25,IC,IC2609,8170.2,8338.2,8170.2,8317.0,11606,47578,1922373.668,8305.6,8159.8
2026-02-25,IF,IF2603,4697.0,4768.0,4693.6,4731.4,69805,158505,9915877.158,4731.0,4688.6
2026-02-25,IF,IF2604,4694.6,4769.8,4675.6,4727.0,2787,2727,395426.364,4725.4,4688.6
2026-02-25,IF,IF2606,4650.0,4731.0,4650.0,4696.4,25314,87036,3566922.924,4695.8,4646.8
2026-02-25,IF,IF2609,4600.0,4676.0,4597.2,4640.2,8414,35172,1171738.068,4639.4,4589.6
2026-02-25,IH,IH2603,3044.8,3086.4,3041.4,3058.2,34880,63395,3206343.096,3058.0,3039.6
2026-02-25,IH,IH2604,3047.0,3092.8,3044.4,3059.2,2419,2392,222578.796,3059.8,3039.6
2026-02-25,IH,IH2606,3037.6,3082.6,3035.4,3053.4,10421,29204,956635.404,3054.0,3034.6
2026-02-25,IH,IH2609,3003.8,3049.0,3003.4,3019.2,4992,13972,453401.496,3019.4,3001.8
2026-02-25,IM,IM2603,8300.0,8441.0,8300.0,8405.6,111192,188683,18670576.112,8401.8,8285.4
2026-02-25,IM,IM2604,8274.6,8412.2,8262.6,8374.2,5301,5179,887643.416,8371.8,8285.4
2026-02-25,IM,IM2606,8150.0,8280.0,8135.0,8247.4,35224,113611,5802102.752,8241.8,8126.6
2026-02-25,IM,IM2609,7957.0,8099.0,7957.0,8068.4,14825,64957,2388009.008,8061.8,7946.4
2026-02-26,IC,IC2603,8558.6,8568.0,8477.4,8537.4,68251,136686,11637401.468,8533.6,8518.2
2026-02-26,IC,IC2604,8538.4,8546.6,8461.8,8515.0,4038,4499,687033.032,8514.4,8504.2
2026-02-26,IC,IC2606,8444.4,8465.8,8383.0,8427.4,29542,101459,4977814.34,8426.2,8425.4
2026-02-26,IC,IC2609,8340.2,8347.0,8259.6,8298.2,13020,48096,2161167.92,8301.2,8305.6
2026-02-26,IF,IF2603,4740.0,4741.0,4691.8,4712.2,55890,145477,7901682.672,4709.6,4731.0
2026-02-26,IF,IF2604,4737.0,4737.0,4686.4,4706.6,2720,3092,383996.016,4703.0,4725.4
2026-02-26,IF,IF2606,4703.6,4707.8,4653.8,4671.2,19159,85856,2686935.048,4667.8,4695.8
2026-02-26,IF,IF2609,4648.6,4649.0,4596.0,4614.8,8055,35552,1115255.364,4609.6,4639.4
2026-02-26,IH,IH2603,3063.8,3065.0,3022.0,3034.6,28704,60209,2614637.286,3032.2,3058.0
2026-02-26,IH,IH2604,3065.8,3065.8,3024.2,3036.4,1779,2489,162083.118,3033.4,3059.8
2026-02-26,IH,IH2606,3055.0,3059.6,3019.2,3031.0,8589,28853,781449.162,3028.0,3054.0
2026-02-26,IH,IH2609,3026.0,3026.0,2985.4,2997.2,3626,13854,326198.544,2994.4,3019.4
2026-02-26,IM,IM2603,8425.0,8458.6,8365.6,8443.4,97454,176096,16412412.808,8442.0,8401.8
2026-02-26,IM,IM2604,8405.0,8420.0,8336.4,8398.2,5078,5683,851774.672,8400.2,8371.8
2026-02-26,IM,IM2606,8266.2,8284.6,8206.6,8260.4,29516,111036,4871688.956,8262.2,8241.8
2026-02-26,IM,IM2609,8090.0,8100.0,8028.6,8073.8,13532,64725,2183860.316,8075.0,8061.8
2026-02-27,IC,IC2603,8490.0,8650.0,8484.0,8645.4,78564,138970,13493814.312,8633.0,8533.6
2026-02-27,IC,IC2604,8467.2,8627.4,8462.6,8620.2,4621,5930,791787.288,8610.2,8514.4
2026-02-27,IC,IC2606,8386.8,8526.4,8372.0,8525.2,35131,106016,5950441.336,8512.0,8426.2
2026-02-27,IC,IC2609,8258.8,8384.8,8247.8,8376.2,11338,48679,1889956.252,8369.6,8301.2
2026-02-27,IF,IF2603,4690.0,4719.2,4682.2,4713.8,54648,146645,7707459.906,4708.0,4709.6
2026-02-27,IF,IF2604,4686.6,4713.0,4677.0,4706.4,3382,3731,476347.122,4701.8,4703.0
2026-02-27,IF,IF2606,4658.2,4678.6,4636.0,4673.4,17060,87415,2385215.358,4668.2,4667.8
2026-02-27,IF,IF2609,4602.0,4619.0,4586.0,4614.6,6967,36704,962050.812,4608.6,4609.6
2026-02-27,IH,IH2603,3030.0,3051.2,3027.0,3045.4,28262,59512,2576327.772,3043.4,3032.2
2026-02-27,IH,IH2604,3029.4,3051.8,3028.0,3047.0,2402,3237,218856.642,3044.4,3033.4
2026-02-27,IH,IH2606,3026.0,3046.4,3023.6,3041.0,7540,29842,686309.466,3038.8,3028.0
2026-02-27,IH,IH2609,2992.0,3012.0,2990.0,3005.0,4149,15530,373411.626,3003.8,2994.4
2026-02-27,IM,IM2603,8400.2,8538.8,8391.0,8531.4,100970,177180,17130424.012,8521.6,8442.0
2026-02-27,IM,IM2604,8351.0,8493.4,8342.2,8486.2,5141,7186,867639.908,8475.4,8400.2
2026-02-27,IM,IM2606,8230.0,8339.2,8213.6,8330.6,35557,114120,5895271.86,8324.6,8262.2
2026-02-27,IM,IM2609,8039.0,8137.0,8028.0,8129.4,14155,66848,2292241.676,8123.2,8075.0
2026-03-02,IC,IC2603,8600.0,8686.0,8519.8,8627.0,105223,143041,18118247.424,8632.6,8633.0
2026-03-02,IC,IC2604,8589.2,8666.0,8498.4,8603.0,8423,8475,1445863.628,8608.4,8610.2
2026-03-02,IC,IC2606,8456.6,8568.0,8401.0,8502.0,48791,109512,8285038.132,8510.4,8512.0
2026-03-02,IC,IC2609,8316.0,8420.8,8258.2,8351.0,16369,50593,2730622.848,8361.4,8369.6
2026-03-02,IF,IF2603,4681.2,4724.0,4646.0,4711.2,83457,150445,11741748.48,4712.0,4708.0
2026-03-02,IF,IF2604,4683.2,4715.2,4640.4,4702.6,5407,5588,759306.324,4703.8,4701.8
2026-03-02,IF,IF2606,4640.0,4677.8,4603.6,4665.2,28338,92640,3950679.342,4666.0,4668.2
2026-03-02,IF,IF2609,4582.4,4612.0,4543.0,4601.0,11606,38870,1595866.062,4602.4,4608.6
2026-03-02,IH,IH2603,3038.0,3053.0,3006.0,3045.8,41055,61541,3735110.67,3044.2,3043.4
2026-03-02,IH,IH2604,3041.0,3053.4,3007.8,3043.8,2482,3646,225943.08,3044.8,3044.4
2026-03-02,IH,IH2606,3033.8,3047.0,3003.8,3038.4,12318,31938,1119139.32,3038.0,3038.8
2026-03-02,IH,IH2609,2997.2,3011.8,2968.4,3003.2,5279,15739,474198.072,3003.4,3003.8
2026-03-02,IM,IM2603,8480.0,8514.6,8338.0,8423.8,142245,181019,23970904.78,8430.0,8521.6
2026-03-02,IM,IM2604,8431.0,8467.2,8297.8,8380.2,8915,10635,1493929.652,8386.2,8475.4
2026-03-02,IM,IM2606,8260.0,8323.0,8146.4,8230.6,52969,120642,8721160.412,8236.2,8324.6
2026-03-02,IM,IM2609,8045.0,8120.0,7957.0,8029.0,21847,70699,3510173.048,8038.2,8123.2
2026-03-03,IC,IC2603,8641.8,8642.0,8238.8,8266.2,150232,148457,25225909.048,8270.2,8632.6
2026-03-03,IC,IC2604,8626.8,8626.8,8214.4,8214.8,11368,11245,1903691.788,8245.0,8608.4
2026-03-03,IC,IC2606,8505.0,8520.0,8106.0,8136.2,72049,116607,11913239.368,8140.6,8510.4
2026-03-03,IC,IC2609,8362.2,8374.6,7956.6,7993.2,27683,55794,4490546.908,7993.6,8361.4
2026-03-03,IF,IF2603,4718.2,4725.0,4630.0,4651.4,107068,145903,15020281.536,4644.8,4712.0
2026-03-03,IF,IF2604,4719.6,4719.6,4622.8,4639.4,7207,7122,1007719.788,4635.6,4703.8
2026-03-03,IF,IF2606,4671.0,4678.2,4587.4,4606.6,37297,94886,5176286.604,4598.8,4666.0
2026-03-03,IF,IF2609,4615.0,4617.0,4522.4,4541.2,15057,40016,2059474.602,4534.4,4602.4
2026-03-03,IH,IH2603,3045.0,3056.0,3005.0,3019.0,52257,62121,4745170.17,3012.4,3044.2
2026-03-03,IH,IH2604,3043.8,3055.0,3004.4,3016.4,3366,4171,305534.964,3012.4,3044.8
2026-03-03,IH,IH2606,3040.0,3047.8,2996.8,3010.2,16224,31817,1469881.584,3004.6,3038.0
2026-03-03,IH,IH2609,3005.0,3011.0,2960.2,2972.8,7126,16433,637750.944,2967.2,3003.4
2026-03-03,IM,IM2603,8445.0,8479.4,8105.6,8129.4,179978,185852,29703099.184,8137.8,8430.0
2026-03-03,IM,IM2604,8440.0,8440.0,8067.0,8089.0,15339,16170,2514393.9,8094.6,8386.2
2026-03-03,IM,IM2606,8255.2,8277.0,7924.6,7949.4,68726,125408,11078208.164,7954.6,8236.2
2026-03-03,IM,IM2609,8055.0,8075.0,7736.8,7766.8,29646,74477,4660107.296,7767.2,8038.2
2026-03-04,IC,IC2603,8253.0,8380.4,8193.0,8219.4,121611,134589,20113542.652,8223.4,8270.2
2026-03-04,IC,IC2604,8164.6,8356.4,8164.6,8192.2,9210,12206,1517530.764,8195.2,8245.0
2026-03-04,IC,IC2606,8080.0,8248.8,8060.0,8075.8,54400,109888,8850420.396,8084.0,8140.6
2026-03-04,IC,IC2609,7910.0,8099.6,7903.0,7921.6,17847,53145,2849273.928,7928.2,7993.6
2026-03-04,IF,IF2603,4605.8,4632.2,4560.2,4591.0,88154,140207,12158652.816,4586.0,4644.8
2026-03-04,IF,IF2604,4594.4,4625.0,4551.2,4580.4,6258,7968,861208.218,4575.2,4635.6
2026-03-04,IF,IF2606,4562.6,4587.6,4514.0,4540.0,31815,97922,4343333.52,4537.4,4598.8
2026-03-04,IF,IF2609,4511.0,4521.4,4450.2,4475.4,13699,42655,1844064.57,4471.4,4534.4
2026-03-04,IH,IH2603,2982.6,2999.8,2950.0,2972.2,44988,60625,4015746.432,2971.6,3012.4
2026-03-04,IH,IH2604,2993.2,2999.0,2951.0,2970.2,3587,4525,319935.618,2970.0,3012.4
2026-03-04,IH,IH2606,2988.0,2995.4,2944.4,2963.2,15212,32792,1354564.608,2962.0,3004.6
2026-03-04,IH,IH2609,2950.0,2958.0,2907.4,2927.4,7303,17162,642079.314,2924.2,2967.2
2026-03-04,IM,IM2603,8076.2,8225.2,8037.2,8064.2,155033,179738,25171483.704,8062.6,8137.8
2026-03-04,IM,IM2604,8056.0,8183.8,7994.8,8018.4,10557,16399,1704174.332,8018.4,8094.6
2026-03-04,IM,IM2606,7909.0,8041.4,7853.0,7875.0,57253,124141,9082923.016,7876.0,7954.6
2026-03-04,IM,IM2609,7690.2,7847.4,7665.2,7685.6,22630,74389,3504023.264,7687.2,7767.2
2026-03-05,IC,IC2603,8339.4,8361.4,8180.6,8255.6,100813,125426,16707111.316,8226.2,8223.4
2026-03-05,IC,IC2604,8338.8,8338.8,8148.8,8221.0,8078,13149,1333536.1,8190.0,8195.2
2026-03-05,IC,IC2606,8250.0,8250.0,8010.4,8087.6,49376,111025,8029457.484,8060.4,8084.0
2026-03-05,IC,IC2609,8100.0,8100.0,7850.0,7921.6,17277,55318,2752977.14,7892.8,7928.2
2026-03-05,IF,IF2603,4629.6,4654.2,4605.8,4629.0,70882,129380,9849018.546,4618.2,4586.0
2026-03-05,IF,IF2604,4638.0,4642.8,4590.8,4615.0,5201,8529,720690.468,4604.0,4575.2
2026-03-05,IF,IF2606,4588.0,4598.8,4543.0,4566.6,27931,96653,3834129.132,4556.6,4537.4
2026-03-05,IF,IF2609,4510.4,4528.6,4473.2,4495.6,8852,41553,1196315.562,4486.0,4471.4
2026-03-05,IH,IH2603,2991.8,2998.8,2974.0,2987.0,29445,53581,2638082.1,2981.4,2971.6
2026-03-05,IH,IH2604,2993.2,2997.8,2972.2,2986.0,2787,4655,249554.022,2979.6,2970.0
2026-03-05,IH,IH2606,2979.8,2988.0,2961.8,2975.6,10452,31252,932934.954,2968.4,2962.0
2026-03-05,IH,IH2609,2940.2,2949.6,2924.2,2937.2,5363,16326,472507.728,2931.0,2924.2
2026-03-05,IM,IM2603,8190.0,8214.0,8060.6,8130.0,136165,166348,22192573.032,8098.4,8062.6
2026-03-05,IM,IM2604,8165.0,8166.0,8015.6,8075.4,9628,18547,1559376.076,8050.2,8018.4
2026-03-05,IM,IM2606,8010.0,8023.8,7864.0,7928.0,52712,123832,8384988.36,7898.4,7876.0
2026-03-05,IM,IM2609,7752.0,7825.0,7666.8,7733.2,20576,74304,3191937.676,7702.6,7687.2
2026-03-06,IC,IC2603,8244.0,8379.8,8224.2,8322.6,81441,116622,13554037.3,8329.2,8226.2
2026-03-06,IC,IC2604,8198.8,8330.2,8190.6,8283.2,7524,14486,1246033.884,8285.6,8190.0
2026-03-06,IC,IC2606,8049.4,8198.8,8049.4,8150.8,34517,105478,5623066.052,8153.8,8060.4
2026-03-06,IC,IC2609,7895.2,8022.6,7883.6,7977.8,13041,53563,2079115.024,7978.6,7892.8
2026-03-06,IF,IF2603,4605.0,4667.4,4601.8,4646.0,60163,123388,8366534.376,4649.8,4618.2
2026-03-06,IF,IF2604,4599.8,4654.0,4591.8,4632.8,5460,9986,757168.428,4636.0,4604.0
2026-03-06,IF,IF2606,4547.0,4604.8,4543.0,4583.0,20307,95703,2787852.672,4587.6,4556.6
2026-03-06,IF,IF2609,4474.8,4531.0,4472.0,4512.2,8128,42017,1097799.654,4515.6,4486.0
2026-03-06,IH,IH2603,2965.2,3002.6,2965.2,2990.0,27964,53774,2504504.832,2991.4,2981.4
2026-03-06,IH,IH2604,2970.0,2999.8,2969.0,2988.0,2552,5023,228561.354,2989.2,2979.6
2026-03-06,IH,IH2606,2962.0,2991.4,2956.2,2977.4,9022,31604,805199.19,2979.8,2968.4
2026-03-06,IH,IH2609,2930.2,2953.0,2921.6,2939.0,3957,16708,348640.884,2940.2,2931.0
2026-03-06,IM,IM2603,8101.0,8249.4,8082.2,8211.8,109207,153991,17891752.728,8214.2,8098.4
2026-03-06,IM,IM2604,8038.0,8192.2,8037.8,8160.6,8223,19004,1338627.04,8160.6,8050.2
2026-03-06,IM,IM2606,7907.6,8035.0,7885.0,8002.0,42061,121308,6717145.62,8002.8,7898.4
2026-03-06,IM,IM2609,7700.0,7830.0,7690.0,7802.0,16168,73810,2517776.464,7802.4,7702.6
2026-03-09,IC,IC2603,8201.8,8294.2,7710.0,8267.0,116276,122938,18842977.964,8264.0,8329.2
2026-03-09,IC,IC2604,8151.0,8240.0,7835.6,8220.0,10054,15637,1623122.844,8212.4,8285.6
2026-03-09,IC,IC2606,7888.8,8106.0,7714.0,8081.8,58224,113269,9218418.1,8079.4,8153.8
2026-03-09,IC,IC2609,7830.0,7934.0,7536.6,7901.8,18813,55863,2911023.96,7906.6,7978.6
2026-03-09,IF,IF2603,4600.0,4616.8,4500.0,4599.2,91988,132182,12568471.23,4603.2,4649.8
2026-03-09,IF,IF2604,4612.0,4612.0,4486.8,4580.2,7350,12078,1001634.096,4585.0,4636.0
2026-03-09,IF,IF2606,4501.0,4549.6,4440.0,4537.0,35932,101512,4839685.524,4537.6,4587.6
2026-03-09,IF,IF2609,4455.4,4477.6,4367.4,4464.6,12496,44232,1654330.164,4466.6,4515.6
2026-03-09,IH,IH2603,2965.4,2972.0,2912.6,2962.4,41318,56117,3648473.526,2963.6,2991.4
2026-03-09,IH,IH2604,2969.4,2969.4,2911.2,2958.0,3430,5738,302811.168,2961.8,2989.2
2026-03-09,IH,IH2606,2934.8,2961.0,2901.2,2951.8,14731,32848,1295440.494,2953.0,2979.8
2026-03-09,IH,IH2609,2917.6,2921.2,2864.0,2912.6,5209,16903,451792.104,2913.0,2940.2
2026-03-09,IM,IM2603,8064.0,8214.0,7850.0,8191.0,168105,168610,26978164.392,8183.6,8214.2
2026-03-09,IM,IM2604,8054.6,8150.8,7800.0,8130.2,12516,21584,1995197.868,8123.2,8160.6
2026-03-09,IM,IM2606,7850.0,7988.0,7640.0,7970.8,69412,132366,10828406.876,7961.6,8002.8
2026-03-09,IM,IM2609,7693.6,7787.8,7440.0,7765.0,24377,76825,3701279.912,7757.8,7802.4
2026-03-10,IC,IC2603,8347.0,8405.8,8290.0,8393.6,83464,107374,13959422.192,8385.0,8264.0
2026-03-10,IC,IC2604,8332.4,8364.6,8248.0,8355.0,8674,17408,1443594.44,8343.6,8212.4
2026-03-10,IC,IC2606,8196.8,8250.4,8121.8,8239.0,46281,113820,7590895.932,8227.8,8079.4
2026-03-10,IC,IC2609,8000.0,8089.8,7955.0,8083.2,16828,56412,2705099.192,8066.6,7906.6
2026-03-10,IF,IF2603,4630.4,4674.0,4630.0,4664.0,57102,114486,7975255.02,4665.2,4603.2
2026-03-10,IF,IF2604,4600.0,4656.6,4600.0,4646.4,4731,12484,658199.376,4647.6,4585.0
2026-03-10,IF,IF2606,4569.0,4609.8,4569.0,4601.0,22790,100527,3139042.65,4600.2,4537.6
2026-03-10,IF,IF2609,4500.0,4539.6,4500.0,4533.0,9654,44361,1309307.928,4530.6,4466.6
2026-03-10,IH,IH2603,2973.0,2987.6,2969.6,2981.4,25641,50591,2292059.016,2982.4,2963.6
2026-03-10,IH,IH2604,2970.0,2986.8,2967.8,2980.4,2992,6339,267339.282,2979.2,2961.8
2026-03-10,IH,IH2606,2978.8,2981.8,2962.0,2973.0,10631,33035,948100.038,2974.0,2953.0
2026-03-10,IH,IH2609,2921.2,2942.0,2921.0,2935.4,3144,16362,276714.702,2936.0,2913.0
2026-03-10,IM,IM2603,8274.0,8326.2,8225.0,8313.6,108844,140221,18043376.596,8308.4,8183.6
2026-03-10,IM,IM2604,8230.0,8268.0,8170.0,8259.6,10221,22645,1682970.504,8253.2,8123.2
2026-03-10,IM,IM2606,8050.0,8115.2,8015.0,8102.6,51791,128950,8369890.428,8100.2,7961.6
2026-03-10,IM,IM2609,7820.0,7911.6,7815.4,7905.6,19827,76564,3123676.672,7899.2,7757.8
2026-03-11,IC,IC2603,8401.8,8434.4,8346.0,8360.0,60985,97524,10230792.916,8371.0,8385.0
2026-03-11,IC,IC2604,8366.8,8396.6,8304.8,8316.8,7743,17751,1292303.588,8328.2,8343.6
2026-03-11,IC,IC2606,8260.6,8285.0,8192.4,8199.4,35019,116727,5767490.352,8214.0,8227.8
2026-03-11,IC,IC2609,8099.2,8127.6,8036.4,8038.4,13821,58423,2232903.228,8058.8,8066.6
2026-03-11,IF,IF2603,4667.8,4699.0,4664.4,4687.0,51049,107580,7169718.03,4685.2,4665.2
2026-03-11,IF,IF2604,4652.0,4681.6,4648.0,4668.0,3793,12759,530750.742,4667.2,4647.6
2026-03-11,IF,IF2606,4619.6,4636.6,4602.0,4621.2,19147,102302,2652972.918,4620.4,4600.2
2026-03-11,IF,IF2609,4539.2,4565.0,4531.6,4546.6,6823,44564,930574.122,4545.0,4530.6
2026-03-11,IH,IH2603,2980.0,2989.0,2970.6,2983.8,19995,48141,1788423.702,2983.8,2982.4
2026-03-11,IH,IH2604,2981.8,2987.8,2970.0,2983.4,2585,6417,231145.416,2982.4,2979.2
2026-03-11,IH,IH2606,2976.8,2982.6,2965.2,2977.0,8117,33041,724233.162,2975.8,2974.0
2026-03-11,IH,IH2609,2939.4,2945.4,2928.4,2938.2,2524,16683,222378.222,2937.4,2936.0
2026-03-11,IM,IM2603,8308.2,8368.0,8290.0,8313.0,89616,133840,14922680.752,8317.2,8308.4
2026-03-11,IM,IM2604,8259.8,8311.8,8226.6,8245.0,12166,27430,2009890.16,8251.4,8253.2
2026-03-11,IM,IM2606,8130.0,8159.0,8077.6,8089.2,38657,129804,6275135.544,8098.2,8100.2
2026-03-11,IM,IM2609,7915.0,7957.8,7878.8,7886.2,15285,76690,2420663.764,7896.6,7899.2
2026-03-12,IC,IC2603,8355.0,8396.0,8233.8,8301.0,70893,95250,11784138.44,8308.8,8371.0
2026-03-12,IC,IC2604,8310.2,8348.0,8191.4,8256.4,9754,20757,1610946.24,8260.6,8328.2
2026-03-12,IC,IC2606,8169.4,8223.4,8065.6,8127.2,43053,117660,7008577.412,8131.0,8214.0
2026-03-12,IC,IC2609,8020.4,8056.4,7906.8,7969.8,17844,62047,2847445.508,7971.6,8058.8
2026-03-12,IF,IF2603,4682.2,4685.6,4631.0,4658.4,57171,101734,7993127.016,4661.6,4685.2
2026-03-12,IF,IF2604,4669.2,4669.2,4610.0,4642.0,6223,14619,866836.884,4643.6,4667.2
2026-03-12,IF,IF2606,4618.0,4620.0,4566.6,4591.0,25918,105759,3570681.426,4593.8,4620.4
2026-03-12,IF,IF2609,4543.0,4544.0,4495.4,4520.0,8779,47033,1190105.586,4521.0,4545.0
2026-03-12,IH,IH2603,2979.0,2983.8,2951.0,2966.4,24548,48157,2185749.084,2968.2,2983.8
2026-03-12,IH,IH2604,2975.8,2982.0,2950.8,2964.4,3286,7259,292485.924,2966.6,2982.4
2026-03-12,IH,IH2606,2973.8,2975.4,2943.6,2956.0,10650,34193,945788.586,2958.6,2975.8
2026-03-12,IH,IH2609,2934.2,2936.8,2904.0,2918.6,3605,17527,315856.062,2919.8,2937.4
2026-03-12,IM,IM2603,8297.0,8344.2,8211.0,8277.2,105033,131145,17385587.496,8279.0,8317.2
2026-03-12,IM,IM2604,8246.6,8274.6,8144.4,8211.4,14197,30803,2329432.604,8206.8,8251.4
2026-03-12,IM,IM2606,8075.0,8113.6,7980.8,8043.0,50139,133208,8067022.904,8042.6,8098.2
2026-03-12,IM,IM2609,7877.0,7905.8,7774.6,7839.2,18452,80185,2892378.632,7835.8,7896.6
2026-03-13,IC,IC2603,8276.0,8360.0,8195.4,8213.8,73173,89653,12111447.292,8229.8,8308.8
2026-03-13,IC,IC2604,8238.2,8314.4,8146.4,8165.0,9053,21462,1489177.536,8182.6,8260.6
2026-03-13,IC,IC2606,8100.2,8183.6,8012.8,8030.8,44217,118941,7160785.028,8048.4,8131.0
2026-03-13,IC,IC2609,7940.2,8020.8,7847.6,7863.4,16783,62729,2662356.408,7882.0,7971.6
2026-03-13,IF,IF2603,4646.4,4697.0,4642.6,4658.0,58457,98275,8195654.742,4659.8,4661.6
2026-03-13,IF,IF2604,4630.0,4679.6,4625.0,4643.2,6411,15739,895486.8,4641.2,4643.6
2026-03-13,IF,IF2606,4580.0,4629.6,4570.2,4583.6,29731,108047,4106093.316,4587.4,4593.8
2026-03-13,IF,IF2609,4510.0,4557.8,4495.0,4508.4,10821,49519,1470251.934,4512.6,4521.0
2026-03-13,IH,IH2603,2959.8,2978.4,2949.6,2957.0,22688,45092,2018900.55,2959.6,2968.2
2026-03-13,IH,IH2604,2956.2,2975.4,2946.6,2955.2,4120,8071,366407.376,2960.0,2966.6
2026-03-13,IH,IH2606,2951.2,2967.8,2938.4,2945.8,10151,33663,899947.134,2948.2,2958.6
2026-03-13,IH,IH2609,2909.6,2929.0,2900.0,2906.6,3272,17229,286302.81,2909.2,2919.8
2026-03-13,IM,IM2603,8265.2,8332.0,8172.0,8187.0,112502,126038,18565090.728,8204.0,8279.0
2026-03-13,IM,IM2604,8188.8,8263.2,8105.8,8117.6,14697,34068,2404663.52,8137.2,8206.8
2026-03-13,IM,IM2606,8024.0,8097.0,7938.0,7951.2,55967,135250,8970362.388,7966.8,8042.6
2026-03-13,IM,IM2609,7819.8,7889.0,7732.8,7746.0,18864,80754,2944756.892,7761.0,7835.8
2026-03-16,IC,IC2603,8225.2,8229.6,8033.8,8178.4,81995,84448,13323927.852,8167.2,8229.8
2026-03-16,IC,IC2604,8165.0,8184.6,7988.0,8136.8,13846,27314,2236235.38,8120.4,8182.6
2026-03-16,IC,IC2606,8030.4,8048.4,7855.0,8003.4,55370,125491,8795469.388,7989.0,8048.4
2026-03-16,IC,IC2609,7859.8,7880.2,7694.0,7838.8,18568,65094,2887808.712,7819.0,7882.0
2026-03-16,IF,IF2603,4665.0,4670.6,4609.2,4662.8,67565,89335,9401752.83,4661.8,4659.8
2026-03-16,IF,IF2604,4650.0,4652.8,4593.0,4644.6,8100,18315,1123157.016,4643.8,4641.2
2026-03-16,IF,IF2606,4587.2,4598.2,4539.4,4589.0,34844,112278,4775816.418,4589.4,4587.4
2026-03-16,IF,IF2609,4509.0,4519.4,4465.0,4510.0,13853,53746,1866952.896,4511.0,4512.6
2026-03-16,IH,IH2603,2953.0,2956.6,2925.2,2952.0,32801,42749,2895517.026,2953.2,2959.6
2026-03-16,IH,IH2604,2946.4,2953.2,2924.2,2948.8,4685,9098,413362.266,2949.6,2960.0
2026-03-16,IH,IH2606,2941.0,2947.6,2916.8,2942.2,17689,40129,1556920.824,2943.0,2948.2
2026-03-16,IH,IH2609,2905.4,2909.0,2877.2,2906.0,5129,18184,445146.162,2905.4,2909.2
2026-03-16,IM,IM2603,8202.4,8212.6,8054.0,8187.0,112837,114967,18373011.504,8179.2,8204.0
2026-03-16,IM,IM2604,8129.0,8139.4,7984.2,8121.0,17143,37939,2767116.46,8109.6,8137.2
2026-03-16,IM,IM2606,7963.8,7974.4,7814.0,7952.8,66103,144888,10446835.6,7939.0,7966.8
2026-03-16,IM,IM2609,7750.0,7764.8,7608.8,7742.8,22696,83770,3491867.188,7725.8,7761.0
2026-03-17,IC,IC2603,8193.0,8216.6,7994.0,8000.0,72130,69093,11698643.776,8024.4,8167.2
2026-03-17,IC,IC2604,8182.0,8182.0,7943.0,7950.0,18020,30830,2904802.676,7976.2,8120.4
2026-03-17,IC,IC2606,8040.0,8048.0,7803.4,7809.8,59945,128629,9505773.336,7843.0,7989.0
2026-03-17,IC,IC2609,7860.2,7884.0,7630.0,7632.2,20244,65675,3138154.192,7670.2,7819.0
2026-03-17,IF,IF2603,4680.0,4718.4,4628.0,4628.8,72312,78883,10147039.32,4644.8,4661.8
2026-03-17,IF,IF2604,4657.8,4701.4,4611.2,4613.0,12056,22188,1684858.338,4626.2,4643.8
2026-03-17,IF,IF2606,4600.0,4648.6,4556.6,4557.8,44272,121279,6117767.28,4573.4,4589.4
2026-03-17,IF,IF2609,4520.0,4567.0,4476.0,4476.2,17405,58100,2364343.35,4492.4,4511.0
2026-03-17,IH,IH2603,2959.8,2996.6,2952.0,2962.0,34019,33412,3040362.186,2970.0,2953.2
2026-03-17,IH,IH2604,2952.0,2993.6,2950.0,2955.0,5645,10245,503713.854,2965.4,2949.6
2026-03-17,IH,IH2606,2952.0,2987.6,2940.6,2940.6,23274,44460,2071317.6,2952.6,2943.0
2026-03-17,IH,IH2609,2910.0,2950.4,2905.2,2905.2,6203,18496,545252.388,2915.8,2905.4
2026-03-17,IM,IM2603,8203.8,8220.0,8002.0,8014.0,109515,100638,17754431.592,8025.8,8179.2
2026-03-17,IM,IM2604,8132.2,8156.4,7931.0,7951.0,22457,43382,3607849.388,7957.2,8109.6
2026-03-17,IM,IM2606,7970.0,7988.8,7760.8,7770.8,78237,151508,12305637.544,7787.8,7939.0
2026-03-17,IM,IM2609,7763.0,7780.0,7547.8,7564.2,25331,86544,3873964.828,7572.4,7725.8
2026-03-18,IC,IC2603,8056.2,8099.0,7950.0,8086.0,65267,56289,10481031.952,8078.0,8024.4
2026-03-18,IC,IC2604,7976.0,8052.0,7901.0,8031.0,23591,39986,3766402.076,8031.0,7976.2
2026-03-18,IC,IC2606,7844.0,7915.2,7762.4,7884.4,65006,135219,10198072.144,7891.0,7843.0
2026-03-18,IC,IC2609,7680.0,7738.8,7590.0,7714.2,16236,65398,2489915.788,7712.2,7670.2
2026-03-18,IF,IF2603,4648.0,4658.6,4602.6,4651.4,64108,57806,8905735.95,4647.6,4644.8
2026-03-18,IF,IF2604,4622.0,4638.0,4584.6,4630.8,20127,33494,2784859.506,4628.0,4626.2
2026-03-18,IF,IF2606,4578.0,4582.2,4529.6,4569.6,43797,125306,5989344.276,4572.2,4573.4
2026-03-18,IF,IF2609,4495.0,4497.8,4448.8,4486.2,13154,58819,1766001.912,4486.8,4492.4
2026-03-18,IH,IH2603,2968.0,2975.2,2938.6,2958.6,25304,27842,2244253.446,2958.4,2970.0
2026-03-18,IH,IH2604,2963.2,2971.4,2936.2,2955.0,6282,11618,556435.578,2954.4,2965.4
2026-03-18,IH,IH2606,2944.0,2958.8,2923.2,2942.2,18637,46354,1644461.58,2941.4,2952.6
2026-03-18,IH,IH2609,2913.2,2921.8,2887.2,2905.4,4295,18648,374192.256,2905.6,2915.8
2026-03-18,IM,IM2603,8067.0,8098.4,7971.2,8080.4,103417,76840,16626686.912,8077.6,8025.8
2026-03-18,IM,IM2604,7990.0,8040.0,7910.0,8021.2,33232,55576,5303696.66,8019.8,7957.2
2026-03-18,IM,IM2606,7815.0,7874.0,7740.2,7844.6,92768,168828,14488373.784,7848.8,7787.8
2026-03-18,IM,IM2609,7595.0,7653.6,7527.2,7622.6,24556,88568,3729103.484,7628.4,7572.4
2026-03-19,IC,IC2603,7985.6,8005.6,7839.2,7886.4,54184,34884,8589583.852,7876.2,8078.0
2026-03-19,IC,IC2604,7935.2,7955.0,7765.0,7822.2,39000,54740,6127777.688,7805.2,8031.0
2026-03-19,IC,IC2606,7760.0,7816.8,7610.0,7671.0,91263,149158,14063913.696,7648.4,7891.0
2026-03-19,IC,IC2609,7605.4,7638.6,7431.6,7494.2,23983,67290,3608004.248,7461.6,7712.2
2026-03-19,IF,IF2603,4611.0,4630.6,4570.0,4586.6,49791,35994,6874730.592,4585.6,4647.6
2026-03-19,IF,IF2604,4598.6,4607.6,4544.2,4559.0,28816,43433,3956854.608,4560.4,4628.0
2026-03-19,IF,IF2606,4515.8,4551.2,4483.2,4502.2,59055,139631,8003844.588,4499.2,4572.2
2026-03-19,IF,IF2609,4450.0,4465.8,4395.0,4413.8,15708,63088,2088382.104,4410.0,4486.8
2026-03-19,IH,IH2603,2936.8,2943.4,2908.4,2920.2,23770,20221,2086606.512,2919.0,2958.4
2026-03-19,IH,IH2604,2938.0,2938.0,2900.8,2907.4,11317,16143,990976.53,2910.8,2954.4
2026-03-19,IH,IH2606,2908.6,2923.6,2882.8,2893.8,27807,53932,2421732.906,2893.2,2941.4
2026-03-19,IH,IH2609,2886.8,2887.2,2846.2,2857.4,5987,20271,514816.254,2856.2,2905.6
2026-03-19,IM,IM2603,7991.4,8013.6,7873.4,7923.8,78254,47611,12443625.192,7907.2,8077.6
2026-03-19,IM,IM2604,7930.0,7957.8,7800.2,7863.4,46645,69500,7347099.492,7833.4,8019.8
2026-03-19,IM,IM2606,7760.0,7786.6,7617.4,7681.0,126183,185709,19441787.484,7656.6,7848.8
2026-03-19,IM,IM2609,7550.0,7567.8,7388.6,7449.0,31114,92017,4652576.948,7424.4,7628.4
2026-03-20,IC,IC2603,7907.0,7955.0,7827.8,7844.4,25380,0,4009575.2,7845.38,7876.2
2026-03-20,IC,IC2604,7880.0,7900.0,7694.2,7696.6,48577,65449,7599078.56,7744.2,7805.2
2026-03-20,IC,IC2606,7750.0,7766.6,7550.2,7559.4,104148,154680,16002675.336,7606.2,7648.4
2026-03-20,IC,IC2609,7544.2,7593.2,7378.4,7382.8,22030,66658,3306663.38,7430.2,7461.6
2026-03-20,IF,IF2603,4599.8,4629.6,4589.2,4596.8,25901,0,3581932.62,4597.49,4585.6
2026-03-20,IF,IF2604,4585.0,4607.0,4538.8,4540.0,34902,54123,4795411.422,4558.4,4560.4
2026-03-20,IF,IF2606,4519.6,4552.8,4486.2,4486.4,64425,142275,8749787.778,4504.8,4499.2
2026-03-20,IF,IF2609,4430.6,4465.6,4404.2,4406.6,15301,64704,2037856.206,4420.6,4410.0
2026-03-20,IH,IH2603,2918.8,2927.8,2896.0,2898.4,14973,0,1307667.684,2899.02,2919.0
2026-03-20,IH,IH2604,2908.8,2922.4,2876.4,2881.4,15993,20691,1392860.472,2888.8,2910.8
2026-03-20,IH,IH2606,2896.0,2907.0,2864.0,2865.8,30791,57522,2667023.79,2874.6,2893.2
2026-03-20,IH,IH2609,2860.0,2870.8,2831.2,2832.6,7007,21362,599273.178,2840.6,2856.2
2026-03-20,IM,IM2603,7958.2,8004.8,7866.0,7876.2,39279,0,6236134.208,7877.11,7907.2
2026-03-20,IM,IM2604,7905.0,7951.4,7723.0,7727.8,69129,91976,10856653.64,7774.8,7833.4
2026-03-20,IM,IM2606,7750.0,7782.0,7557.0,7560.0,152013,199728,23380883.684,7612.6,7656.6
2026-03-20,IM,IM2609,7479.0,7550.0,7343.6,7344.0,30166,94812,4501642.48,7396.0,7424.4
2026-03-23,IC,IC2604,7600.0,7676.0,7338.0,7387.6,55894,64963,8392970.96,7376.4,7744.2
2026-03-23,IC,IC2605,7511.6,7619.0,7273.6,7337.6,3920,3573,585486.224,7313.2,7744.2
2026-03-23,IC,IC2606,7460.0,7532.2,7171.0,7235.0,130671,162386,19228332.524,7213.4,7606.2
2026-03-23,IC,IC2609,7295.8,7346.8,6989.0,7049.0,27238,67933,3907518.764,7033.0,7430.2
2026-03-23,IF,IF2604,4485.0,4505.2,4370.8,4398.0,44997,58028,5992127.43,4388.0,4558.4
2026-03-23,IF,IF2605,4465.4,4483.6,4350.0,4385.2,2185,2034,289486.086,4370.2,4558.4
2026-03-23,IF,IF2606,4434.4,4453.8,4307.2,4344.4,89178,150376,11725838.22,4327.2,4504.8
2026-03-23,IF,IF2609,4350.8,4370.4,4220.2,4258.8,20558,66485,2648930.418,4239.6,4420.6
2026-03-23,IH,IH2604,2848.6,2859.0,2774.8,2793.6,22157,26166,1869200.406,2784.8,2888.8
2026-03-23,IH,IH2605,2818.8,2851.0,2768.8,2791.6,1295,1218,109000.194,2779.6,2888.8
2026-03-23,IH,IH2606,2830.0,2847.6,2750.8,2776.0,44549,64551,3737585.214,2764.6,2874.6
2026-03-23,IH,IH2609,2794.2,2813.6,2716.6,2741.2,10379,23534,860326.968,2730.8,2840.6
2026-03-23,IM,IM2604,7599.8,7684.8,7300.6,7364.0,79788,91166,11968278.284,7343.4,7774.8
2026-03-23,IM,IM2605,7638.0,7638.0,7229.4,7298.0,6017,5446,894486.836,7270.4,7774.8
2026-03-23,IM,IM2606,7459.8,7518.6,7120.2,7190.0,197317,213893,28922502.504,7166.0,7612.6
2026-03-23,IM,IM2609,7253.8,7305.0,6910.0,6970.0,42044,98423,5985113.68,6950.0,7396.0
2026-03-24,IC,IC2604,7494.2,7560.4,7332.0,7554.8,49931,65970,7435337.316,7521.4,7376.4
2026-03-24,IC,IC2605,7450.4,7508.8,7275.0,7484.2,5178,4298,764638.116,7465.4,7313.2
2026-03-24,IC,IC2606,7300.0,7420.4,7179.0,7409.6,118729,157694,17301887.132,7369.8,7213.4
2026-03-24,IC,IC2609,7167.2,7247.8,7003.0,7239.4,21537,66370,3062874.496,7193.2,7033.0
2026-03-24,IF,IF2604,4438.2,4449.8,4374.8,4449.4,35281,55538,4673141.49,4436.6,4388.0
2026-03-24,IF,IF2605,4447.2,4447.2,4354.0,4427.0,3425,2697,451632.672,4416.2,4370.2
2026-03-24,IF,IF2606,4380.0,4394.8,4319.0,4388.4,66297,141342,8666378.898,4379.6,4327.2
2026-03-24,IF,IF2609,4316.6,4316.6,4233.4,4305.2,12582,64444,1613414.454,4297.4,4239.6
2026-03-24,IH,IH2604,2812.4,2828.0,2788.2,2826.2,16671,22685,1405302.168,2822.0,2784.8
2026-03-24,IH,IH2605,2811.2,2823.6,2785.0,2820.6,2073,1470,174497.004,2818.6,2779.6
2026-03-24,IH,IH2606,2795.6,2814.2,2773.0,2810.6,32738,58708,2744232.402,2807.4,2764.6
2026-03-24,IH,IH2609,2761.0,2776.2,2738.6,2773.0,7640,23580,632223.234,2769.4,2730.8
2026-03-24,IM,IM2604,7466.8,7564.2,7324.0,7552.6,69285,92698,10304272.856,7518.6,7343.4
2026-03-24,IM,IM2605,7413.0,7496.8,7258.0,7472.6,6217,5389,915891.828,7452.8,7270.4
2026-03-24,IM,IM2606,7286.0,7402.0,7153.8,7387.2,182407,208156,26494449.136,7350.2,7166.0
2026-03-24,IM,IM2609,7065.0,7185.0,6945.4,7173.6,34578,96781,4876617.492,7135.8,6950.0
2026-03-25,IC,IC2604,7620.0,7787.2,7618.2,7685.6,44144,60480,6809816.412,7696.6,7521.4
2026-03-25,IC,IC2605,7559.2,7737.2,7559.2,7630.0,4881,5182,748122.364,7640.2,7465.4
2026-03-25,IC,IC2606,7500.0,7652.0,7480.0,7530.0,106784,153518,16176026.392,7549.4,7369.8
2026-03-25,IC,IC2609,7327.4,7477.6,7310.8,7355.0,20575,66635,3045654.212,7372.6,7193.2
2026-03-25,IF,IF2604,4479.0,4521.6,4471.8,4505.6,29218,51706,3947783.124,4506.4,4436.6
2026-03-25,IF,IF2605,4457.6,4501.4,4452.2,4487.8,2514,2784,338128.806,4485.2,4416.2
2026-03-25,IF,IF2606,4420.8,4466.2,4415.4,4450.0,58835,140576,7852625.358,4449.6,4379.6
2026-03-25,IF,IF2609,4338.0,4383.8,4334.0,4364.4,11708,65477,1533195.858,4363.0,4297.4
2026-03-25,IH,IH2604,2838.8,2861.2,2835.6,2848.0,15050,21945,1286833.812,2850.4,2822.0
2026-03-25,IH,IH2605,2835.2,2856.8,2834.0,2847.0,2846,2458,242967.21,2843.6,2818.6
2026-03-25,IH,IH2606,2831.2,2847.6,2822.2,2830.0,27357,56159,2327539.65,2832.4,2807.4
2026-03-25,IH,IH2609,2792.0,2811.0,2785.4,2793.2,6266,22680,526019.07,2793.8,2769.4
2026-03-25,IM,IM2604,7618.6,7750.0,7610.0,7650.0,53772,80570,8265594.68,7666.0,7518.6
2026-03-25,IM,IM2605,7541.6,7685.0,7541.6,7586.2,3825,5567,582669.352,7599.8,7452.8
2026-03-25,IM,IM2606,7454.8,7589.0,7446.6,7477.4,139630,194128,20994199.792,7490.0,7350.2
2026-03-25,IM,IM2609,7250.0,7371.0,7235.0,7253.0,26625,95343,3888003.244,7270.4,7135.8
2026-03-26,IC,IC2604,7683.6,7730.0,7564.2,7571.2,34136,59205,5214125.896,7581.4,7696.6
2026-03-26,IC,IC2605,7635.8,7671.8,7510.0,7517.6,4606,6345,697223.684,7526.6,7640.2
2026-03-26,IC,IC2606,7501.0,7578.8,7406.6,7413.8,82703,149308,12379290.248,7425.8,7549.4
2026-03-26,IC,IC2609,7360.6,7400.0,7232.6,7240.2,15926,64959,2327058.304,7251.6,7372.6
2026-03-26,IF,IF2604,4500.0,4517.4,4445.0,4453.2,24411,50123,3283019.112,4452.8,4506.4
2026-03-26,IF,IF2605,4478.0,4497.0,4424.8,4435.8,2410,2588,322499.19,4433.2,4485.2
2026-03-26,IF,IF2606,4442.4,4462.0,4386.6,4396.0,49467,137239,6568338.24,4395.8,4449.6
2026-03-26,IF,IF2609,4355.0,4375.6,4300.0,4309.8,9239,63855,1201688.628,4309.4,4363.0
2026-03-26,IH,IH2604,2848.0,2861.2,2815.4,2822.0,11982,19856,1019780.868,2820.4,2850.4
2026-03-26,IH,IH2605,2840.8,2853.6,2810.8,2819.2,2959,2350,251205.066,2816.4,2843.6
2026-03-26,IH,IH2606,2830.0,2842.4,2797.6,2804.8,22496,55466,1902740.688,2803.6,2832.4
2026-03-26,IH,IH2609,2788.8,2803.2,2758.2,2765.0,4936,23461,411641.934,2763.4,2793.8
2026-03-26,IM,IM2604,7653.2,7709.0,7544.0,7558.2,46642,81044,7107895.104,7562.6,7666.0
2026-03-26,IM,IM2605,7581.8,7643.4,7474.4,7482.8,4754,7110,717072.572,7494.4,7599.8
2026-03-26,IM,IM2606,7463.8,7534.0,7363.6,7375.6,121731,197017,18117272.664,7385.4,7490.0
2026-03-26,IM,IM2609,7250.0,7313.0,7142.2,7152.6,23920,96361,3453083.776,7161.2,7270.4
2026-03-27,IC,IC2604,7490.0,7760.0,7490.0,7703.0,38831,60240,5943563.032,7692.0,7581.4
2026-03-27,IC,IC2605,7431.0,7706.2,7431.0,7653.8,3644,6538,554293.992,7638.2,7526.6
2026-03-27,IC,IC2606,7358.8,7612.6,7348.0,7559.2,94768,153449,14222523.888,7541.2,7425.8
2026-03-27,IC,IC2609,7176.8,7440.0,7166.0,7386.8,19186,67383,2814897.484,7371.0,7251.6
2026-03-27,IF,IF2604,4410.0,4506.8,4410.0,4481.2,25490,50336,3417525.18,4481.8,4452.8
2026-03-27,IF,IF2605,4408.0,4490.0,4389.0,4467.0,2489,3166,332653.884,4462.8,4433.2
2026-03-27,IF,IF2606,4357.6,4455.0,4357.6,4427.4,52315,140907,6929296.482,4428.4,4395.8
2026-03-27,IF,IF2609,4280.0,4369.6,4275.0,4343.4,9717,64307,1263183.342,4346.6,4309.4
2026-03-27,IH,IH2604,2802.8,2846.8,2802.8,2832.6,11594,20458,984362.784,2833.6,2820.4
2026-03-27,IH,IH2605,2799.0,2843.8,2796.8,2829.6,1665,2183,141188.322,2829.4,2816.4
2026-03-27,IH,IH2606,2790.0,2832.6,2785.0,2814.4,25549,56140,2157721.134,2816.8,2803.6
2026-03-27,IH,IH2609,2741.0,2792.0,2741.0,2773.8,5544,23158,461592.594,2776.4,2763.4
2026-03-27,IM,IM2604,7485.4,7738.4,7473.0,7698.2,52846,80197,8065908.18,7678.8,7562.6
2026-03-27,IM,IM2605,7396.6,7672.6,7396.6,7632.8,4998,7118,757341.156,7609.8,7494.4
2026-03-27,IM,IM2606,7301.0,7562.4,7301.0,7523.8,142109,198341,21193172.632,7502.0,7385.4
2026-03-27,IM,IM2609,7090.0,7340.0,7080.0,7301.2,26042,97433,3769467.704,7279.8,7161.2
2026-03-30,IC,IC2604,7620.0,7725.4,7537.4,7706.8,37502,56827,5727563.184,7705.0,7692.0
2026-03-30,IC,IC2605,7545.0,7669.0,7478.0,7654.6,4978,7427,755926.952,7650.4,7638.2
2026-03-30,IC,IC2606,7470.8,7576.6,7372.4,7560.6,98144,150647,14699471.244,7555.8,7541.2
2026-03-30,IC,IC2609,7293.8,7399.6,7197.0,7387.2,18889,66523,2763843.692,7382.2,7371.0
2026-03-30,IF,IF2604,4440.0,4474.2,4416.2,4472.4,27179,49894,3625983.21,4466.8,4481.8
2026-03-30,IF,IF2605,4422.8,4455.0,4395.4,4453.0,2656,3271,352920.798,4447.0,4462.8
2026-03-30,IF,IF2606,4387.2,4418.0,4355.2,4414.0,55057,137054,7248299.436,4409.8,4428.4
2026-03-30,IF,IF2609,4301.6,4332.2,4270.0,4330.2,9847,63429,1270841.532,4325.2,4346.6
2026-03-30,IH,IH2604,2810.0,2833.4,2799.8,2829.0,12534,20218,1059348.774,2829.8,2833.6
2026-03-30,IH,IH2605,2808.8,2829.0,2794.6,2826.2,1269,2026,107106.948,2826.0,2829.4
2026-03-30,IH,IH2606,2794.8,2818.0,2780.4,2812.4,26457,55729,2222143.68,2813.2,2816.8
2026-03-30,IH,IH2609,2750.6,2775.8,2738.6,2770.8,5721,23539,473325.726,2771.6,2776.4
2026-03-30,IM,IM2604,7601.2,7713.6,7513.6,7695.8,55003,80186,8386565.624,7692.0,7678.8
2026-03-30,IM,IM2605,7491.8,7638.4,7440.0,7623.8,5963,8654,901547.576,7621.0,7609.8
2026-03-30,IM,IM2606,7445.0,7528.0,7323.0,7509.4,146546,199034,21807001.76,7506.0,7502.0
2026-03-30,IM,IM2609,7217.8,7306.0,7109.0,7282.6,29413,98948,4246560.608,7284.0,7279.8
2026-03-31,IC,IC2604,7707.0,7760.6,7572.6,7575.6,38047,59430,5827921.7,7591.4,7705.0
2026-03-31,IC,IC2605,7667.6,7709.0,7517.8,7526.4,6511,9640,990916.336,7540.6,7650.4
2026-03-31,IC,IC2606,7568.0,7619.0,7417.8,7425.0,99001,154924,14870352.924,7438.4,7555.8
2026-03-31,IC,IC2609,7412.0,7450.0,7246.2,7255.4,22944,70849,3370979.96,7269.0,7382.2
2026-03-31,IF,IF2604,4476.6,4499.6,4430.4,4433.8,26954,49826,3608175.126,4438.0,4466.8
2026-03-31,IF,IF2605,4459.8,4480.2,4411.0,4413.4,3113,3898,414634.89,4419.0,4447.0
2026-03-31,IF,IF2606,4420.2,4444.6,4370.4,4375.8,57873,139291,7649039.802,4379.2,4409.8
2026-03-31,IF,IF2609,4338.0,4360.0,4288.2,4293.4,9724,64831,1260248.16,4296.6,4325.2
2026-03-31,IH,IH2604,2842.0,2861.6,2822.8,2824.4,12081,20444,1030034.988,2828.4,2829.8
2026-03-31,IH,IH2605,2836.0,2856.0,2817.4,2821.4,1923,2698,163527.294,2822.6,2826.0
2026-03-31,IH,IH2606,2818.0,2844.0,2802.6,2804.0,28712,55483,2431376.412,2809.0,2813.2
2026-03-31,IH,IH2609,2782.0,2800.8,2761.4,2764.2,5097,22942,425192.484,2767.6,2771.6
2026-03-31,IM,IM2604,7689.6,7732.4,7559.0,7573.6,51526,81628,7866804.86,7573.8,7692.0
2026-03-31,IM,IM2605,7621.0,7665.0,7486.2,7498.0,6378,9994,964984.932,7504.2,7621.0
2026-03-31,IM,IM2606,7509.0,7550.0,7364.0,7379.4,146234,201094,21779761.86,7381.6,7506.0
2026-03-31,IM,IM2609,7288.8,7337.0,7145.6,7160.0,29335,100778,4239804.92,7163.8,7284.0
2026-04-01,IC,IC2604,7650.0,7754.0,7650.0,7710.0,34162,54991,5260524.692,7705.2,7591.4
2026-04-01,IC,IC2605,7661.2,7715.0,7601.8,7663.6,4823,9453,737547.668,7651.8,7540.6
2026-04-01,IC,IC2606,7585.0,7612.8,7509.0,7565.8,91572,150714,13835100.384,7561.4,7438.4
2026-04-01,IC,IC2609,7368.2,7444.8,7343.4,7403.0,20978,70489,3099857.668,7396.8,7269.0
2026-04-01,IF,IF2604,4473.8,4517.0,4472.8,4506.0,26140,47459,3526174.26,4504.4,4438.0
2026-04-01,IF,IF2605,4475.8,4497.8,4453.2,4485.6,3881,4692,521445.36,4484.0,4419.0
2026-04-01,IF,IF2606,4433.0,4459.8,4417.0,4448.2,53071,136771,7067702.676,4445.8,4379.2
2026-04-01,IF,IF2609,4350.2,4374.0,4336.0,4364.8,10438,64207,1364095.752,4361.6,4296.6
2026-04-01,IH,IH2604,2858.0,2882.8,2854.4,2873.4,12573,19262,1082794.656,2875.4,2828.4
2026-04-01,IH,IH2605,2856.0,2876.4,2850.0,2869.0,1810,2746,155607.648,2868.6,2822.6
2026-04-01,IH,IH2606,2844.0,2865.4,2835.2,2853.8,26208,54582,2242741.218,2856.4,2809.0
2026-04-01,IH,IH2609,2793.0,2822.4,2793.0,2812.0,4783,23554,403091.382,2813.2,2767.6
2026-04-01,IM,IM2604,7693.0,7750.0,7642.2,7706.8,46970,79070,7226143.284,7700.2,7573.8
2026-04-01,IM,IM2605,7645.0,7685.0,7575.0,7642.0,6156,10915,938754.012,7628.8,7504.2
2026-04-01,IM,IM2606,7530.0,7567.6,7456.6,7518.6,133854,196543,20095200.384,7514.4,7381.6
2026-04-01,IM,IM2609,7280.0,7343.8,7237.4,7302.0,27891,100272,4065056.06,7296.8,7163.8
2026-04-02,IC,IC2604,7677.8,7710.0,7502.4,7567.2,32980,54381,5011217.084,7538.0,7705.2
2026-04-02,IC,IC2605,7625.6,7657.0,7444.8,7512.0,5977,11356,900813.716,7475.6,7651.8
2026-04-02,IC,IC2606,7500.0,7561.4,7341.4,7409.6,93435,153081,13906583.22,7378.0,7561.4
2026-04-02,IC,IC2609,7386.0,7394.4,7174.8,7239.2,21659,70900,3148711.7,7207.0,7396.8
2026-04-02,IF,IF2604,4493.8,4499.0,4431.0,4455.6,24894,47278,3336349.908,4445.8,4504.4
2026-04-02,IF,IF2605,4475.0,4477.4,4409.0,4432.4,2874,5321,383142.336,4421.2,4484.0
2026-04-02,IF,IF2606,4425.0,4436.6,4365.2,4390.2,53008,138037,7000141.776,4380.0,4445.8
2026-04-02,IF,IF2609,4342.0,4351.0,4282.2,4308.4,10337,65446,1338739.386,4296.0,4361.6
2026-04-02,IH,IH2604,2863.2,2866.0,2832.4,2849.0,10475,18438,895996.596,2842.0,2875.4
2026-04-02,IH,IH2605,2866.0,2866.0,2826.8,2843.0,1614,3259,137694.558,2835.8,2868.6
2026-04-02,IH,IH2606,2844.2,2847.2,2810.8,2827.6,24390,53206,2070574.29,2820.0,2856.4
2026-04-02,IH,IH2609,2807.2,2807.2,2765.6,2781.6,5143,23534,429939.606,2774.2,2813.2
2026-04-02,IM,IM2604,7660.0,7706.0,7514.8,7574.6,48948,79163,7443558.736,7550.2,7700.2
2026-04-02,IM,IM2605,7589.0,7630.0,7438.0,7496.6,7160,12602,1077782.46,7471.6,7628.8
2026-04-02,IM,IM2606,7460.0,7510.0,7311.2,7371.6,133318,204065,19738831.12,7345.6,7514.4
2026-04-02,IM,IM2609,7277.0,7289.0,7095.6,7154.4,26693,101892,3834623.004,7127.2,7296.8
2026-04-03,IC,IC2604,7608.8,7615.0,7481.2,7509.8,27865,51999,4198176.8,7512.4,7538.0
2026-04-03,IC,IC2605,7549.2,7556.8,7428.0,7452.4,4868,11308,727542.832,7461.8,7475.6
2026-04-03,IC,IC2606,7459.2,7459.8,7325.2,7352.0,78708,145457,11614386.544,7358.6,7378.0
2026-04-03,IC,IC2609,7269.0,7284.0,7157.4,7181.0,16586,69586,2390755.592,7191.8,7207.0
2026-04-03,IF,IF2604,4473.0,4479.0,4412.6,4426.0,21398,47418,2848834.458,4422.6,4445.8
2026-04-03,IF,IF2605,4438.0,4450.0,4389.6,4401.4,2379,4928,314845.302,4399.8,4421.2
2026-04-03,IF,IF2606,4420.0,4420.0,4346.0,4362.2,46962,134794,6161143.578,4357.2,4380.0
2026-04-03,IF,IF2609,4322.2,4329.6,4262.4,4279.8,8686,65058,1116912.876,4274.8,4296.0
2026-04-03,IH,IH2604,2852.8,2856.4,2820.0,2826.2,8676,19092,737906.166,2825.8,2842.0
2026-04-03,IH,IH2605,2850.0,2850.0,2814.4,2819.8,1198,3130,101576.178,2819.6,2835.8
2026-04-03,IH,IH2606,2832.0,2835.2,2798.4,2804.4,20645,51815,1741785.342,2804.0,2820.0
2026-04-03,IH,IH2609,2786.0,2788.8,2754.6,2763.0,3792,23444,314862.9,2759.6,2774.2
2026-04-03,IM,IM2604,7602.0,7618.0,7479.0,7507.6,43068,79295,6491392.408,7515.2,7550.2
2026-04-03,IM,IM2605,7559.0,7559.0,7406.4,7432.0,5925,13496,884018.66,7444.6,7471.6
2026-04-03,IM,IM2606,7411.2,7418.0,7280.2,7309.4,131935,200101,19365537.312,7324.2,7345.6
2026-04-03,IM,IM2609,7178.2,7195.0,7065.6,7091.2,23076,102550,3285983.416,7107.4,7127.2
2026-04-07,IC,IC2604,7521.4,7615.0,7507.0,7536.2,27429,50830,4147089.068,7540.4,7512.4
2026-04-07,IC,IC2605,7491.6,7564.6,7455.0,7486.8,4868,13226,730584.048,7487.6,7461.8
2026-04-07,IC,IC2606,7380.0,7470.0,7355.6,7388.8,70619,145512,10464145.22,7391.2,7358.6
2026-04-07,IC,IC2609,7200.2,7302.2,7184.4,7218.0,13905,69213,2012858.512,7220.2,7191.8
2026-04-07,IF,IF2604,4434.0,4450.2,4409.6,4423.8,21011,46975,2793028.332,4427.0,4422.6
2026-04-07,IF,IF2605,4413.4,4429.4,4386.8,4401.8,2293,5460,303313.188,4403.8,4399.8
2026-04-07,IF,IF2606,4369.8,4390.6,4347.0,4360.0,39916,134908,5231882.826,4365.0,4357.2
2026-04-07,IF,IF2609,4285.0,4308.8,4265.8,4278.0,7662,65011,985685.148,4282.8,4274.8
2026-04-07,IH,IH2604,2828.6,2842.2,2820.4,2823.2,8700,18747,738676.722,2824.8,2825.8
2026-04-07,IH,IH2605,2822.2,2835.6,2813.8,2816.8,881,3109,74626.164,2817.8,2819.6
2026-04-07,IH,IH2606,2810.4,2821.4,2797.2,2798.4,19156,53412,1613808.372,2801.8,2804.0
2026-04-07,IH,IH2609,2764.4,2777.0,2753.4,2755.2,3341,23981,277040.922,2758.4,2759.6
2026-04-07,IM,IM2604,7530.0,7620.0,7523.0,7566.4,44751,77414,6777631.304,7564.8,7515.2
2026-04-07,IM,IM2605,7472.0,7557.4,7450.0,7493.0,6142,14361,921222.416,7494.8,7444.6
2026-04-07,IM,IM2606,7344.2,7437.8,7332.8,7376.6,113811,193891,16808297.188,7379.2,7324.2
2026-04-07,IM,IM2609,7130.0,7216.0,7113.0,7156.0,20031,100685,2869758.18,7158.4,7107.4
2026-04-08,IC,IC2604,7701.0,7955.0,7701.0,7954.0,49903,57648,7826607.116,7935.0,7540.4
2026-04-08,IC,IC2605,7712.0,7916.6,7666.0,7913.6,11128,16074,1737345.56,7893.2,7487.6
2026-04-08,IC,IC2606,7616.0,7834.6,7600.0,7831.8,107885,160623,16657541.872,7807.0,7391.2
2026-04-08,IC,IC2609,7420.0,7672.4,7420.0,7671.6,24571,70527,3710489.544,7641.4,7220.2
2026-04-08,IF,IF2604,4500.2,4592.8,4495.8,4589.0,37048,50667,5059663.554,4584.8,4427.0
2026-04-08,IF,IF2605,4475.0,4576.8,4472.6,4575.6,5134,7331,698316.018,4566.2,4403.8
2026-04-08,IF,IF2606,4431.4,4540.6,4430.6,4539.6,72939,142547,9837708.6,4532.4,4365.0
2026-04-08,IF,IF2609,4334.0,4457.6,4334.0,4457.0,16787,64825,2221533.33,4451.4,4282.8
2026-04-08,IH,IH2604,2863.0,2909.0,2862.0,2904.0,14937,19936,1294980.12,2903.2,2824.8
2026-04-08,IH,IH2605,2859.4,2902.6,2858.0,2900.2,2516,4187,217582.788,2896.0,2817.8
2026-04-08,IH,IH2606,2841.0,2891.8,2841.0,2886.0,34721,58098,2990611.752,2883.2,2801.8
2026-04-08,IH,IH2609,2796.2,2846.4,2795.2,2841.6,7868,25712,667321.542,2839.6,2758.4
2026-04-08,IM,IM2604,7709.6,7950.2,7709.6,7947.4,61799,75412,9701680.56,7932.8,7564.8
2026-04-08,IM,IM2605,7720.0,7888.6,7673.4,7884.6,10659,16854,1660154.652,7867.0,7494.8
2026-04-08,IM,IM2606,7560.0,7782.0,7560.0,7778.0,142337,202176,21861594.876,7762.6,7379.2
2026-04-08,IM,IM2609,7320.0,7565.0,7320.0,7565.0,30668,102811,4574350.704,7545.2,7158.4
2026-04-09,IC,IC2604,7889.4,7931.8,7833.6,7891.0,32317,46596,5097282.1,7883.6,7935.0
2026-04-09,IC,IC2605,7826.0,7882.4,7789.8,7845.4,7582,16555,1188388.208,7832.2,7893.2
2026-04-09,IC,IC2606,7749.8,7793.6,7698.8,7748.8,77423,148538,11997746.608,7745.4,7807.0
2026-04-09,IC,IC2609,7570.0,7621.2,7530.0,7581.0,19040,68815,2885688.532,7579.8,7641.4
2026-04-09,IF,IF2604,4562.0,4568.2,4543.2,4555.4,21533,41178,2943383.916,4555.4,4584.8
2026-04-09,IF,IF2605,4549.0,4549.0,4523.8,4536.0,3141,7479,427399.434,4535.2,4566.2
2026-04-09,IF,IF2606,4507.2,4511.2,4485.6,4500.0,44564,133719,6015003.018,4496.6,4532.4
2026-04-09,IF,IF2609,4423.2,4425.4,4402.6,4414.0,8669,63199,1148246.778,4411.0,4451.4
2026-04-09,IH,IH2604,2890.4,2892.2,2875.2,2882.0,8207,16758,709900.32,2880.6,2903.2
2026-04-09,IH,IH2605,2883.4,2888.4,2869.6,2875.6,1983,3660,171198.588,2875.4,2896.0
2026-04-09,IH,IH2606,2870.0,2872.8,2852.4,2860.6,21510,52852,1846605.804,2859.0,2883.2
2026-04-09,IH,IH2609,2841.0,2841.0,2809.8,2817.0,4697,24891,397239.468,2815.6,2839.6
2026-04-09,IM,IM2604,7875.0,7937.8,7857.0,7901.0,41299,65468,6524335.472,7896.4,7932.8
2026-04-09,IM,IM2605,7848.2,7872.0,7795.8,7826.6,8130,18139,1272652.788,7822.8,7867.0
2026-04-09,IM,IM2606,7710.0,7757.6,7680.2,7709.4,102250,191098,15781325.772,7711.4,7762.6
2026-04-09,IM,IM2609,7491.0,7534.6,7456.8,7491.0,22442,100965,3364577.028,7491.8,7545.2
2026-04-10,IC,IC2604,7950.0,8075.8,7937.2,7959.8,31167,47570,4989905.876,7979.4,7883.6
2026-04-10,IC,IC2605,7899.0,8032.8,7885.6,7919.6,8315,18583,1324016.56,7933.6,7832.2
2026-04-10,IC,IC2606,7828.0,7945.4,7796.4,7828.6,92493,156816,14560405.964,7846.8,7745.4
2026-04-10,IC,IC2609,7645.8,7776.8,7629.6,7662.2,22425,72530,3453719.812,7685.0,7579.8
2026-04-10,IF,IF2604,4588.0,4648.0,4577.8,4620.0,27283,45818,3780288.258,4631.4,4555.4
2026-04-10,IF,IF2605,4569.0,4627.2,4558.8,4598.4,4599,9164,634544.076,4609.0,4535.2
2026-04-10,IF,IF2606,4525.0,4591.8,4518.4,4562.0,59681,140107,8167322.316,4573.4,4496.6
2026-04-10,IF,IF2609,4440.0,4508.0,4434.4,4480.2,12920,65776,1735384.758,4490.6,4411.0
2026-04-10,IH,IH2604,2900.0,2915.8,2891.4,2897.0,10498,17757,914407.812,2900.6,2880.6
2026-04-10,IH,IH2605,2890.0,2909.6,2886.0,2892.6,2046,3986,177853.02,2893.2,2875.4
2026-04-10,IH,IH2606,2878.0,2896.0,2868.8,2873.2,26301,54272,2274310.188,2878.0,2859.0
2026-04-10,IH,IH2609,2832.0,2851.6,2824.8,2828.4,6505,26932,553782.288,2833.2,2815.6
2026-04-10,IM,IM2604,7970.0,8051.8,7950.0,7975.0,37485,64011,5998962.716,7990.8,7896.4
2026-04-10,IM,IM2605,7910.6,7984.4,7877.2,7904.2,10693,21172,1696952.448,7919.4,7822.8
2026-04-10,IM,IM2606,7775.0,7869.6,7761.0,7785.8,116023,197340,18138163.796,7803.0,7711.4
2026-04-10,IM,IM2609,7550.0,7647.6,7544.8,7566.2,24566,103640,3732567.412,7583.0,7491.8
2026-04-13,IC,IC2604,7923.0,7989.0,7919.6,7951.8,28949,39378,4608029.164,7956.8,7979.4
2026-04-13,IC,IC2605,7879.2,7947.0,7878.8,7901.4,9804,21974,1552182.784,7910.6,7933.6
2026-04-13,IC,IC2606,7792.0,7864.0,7792.0,7808.8,69300,147814,10849294.148,7820.8,7846.8
2026-04-13,IC,IC2609,7622.8,7702.0,7622.8,7645.2,17950,72256,2751639.324,7655.4,7685.0
2026-04-13,IF,IF2604,4600.2,4641.2,4600.2,4629.0,21384,38185,2967000.966,4630.8,4631.4
2026-04-13,IF,IF2605,4585.0,4621.2,4581.4,4608.8,4584,9946,633283.296,4611.0,4609.0
2026-04-13,IF,IF2606,4542.0,4582.4,4541.6,4570.6,44872,132738,6145659.006,4572.0,4573.4
2026-04-13,IF,IF2609,4465.8,4497.6,4461.0,4486.8,7645,63868,1028040.132,4488.2,4490.6
2026-04-13,IH,IH2604,2888.0,2902.0,2881.0,2897.6,7260,15033,630154.17,2896.0,2900.6
2026-04-13,IH,IH2605,2888.0,2894.8,2876.8,2892.0,2136,4326,185013.294,2889.4,2893.2
2026-04-13,IH,IH2606,2864.6,2878.8,2860.0,2873.0,20189,50725,1738348.308,2872.2,2878.0
2026-04-13,IH,IH2609,2814.6,2834.2,2814.2,2825.0,4735,26396,401115.666,2825.0,2833.2
2026-04-13,IM,IM2604,7923.0,8015.8,7923.0,7992.2,37517,57504,5992685.028,7994.2,7990.8
2026-04-13,IM,IM2605,7867.8,7942.4,7867.8,7916.0,11525,24957,1824507.436,7920.2,7919.4
2026-04-13,IM,IM2606,7758.0,7829.8,7751.0,7795.6,96412,188693,15035308.732,7800.8,7803.0
2026-04-13,IM,IM2609,7545.0,7606.0,7530.4,7572.6,17593,102006,2665546.468,7577.6,7583.0
2026-04-14,IC,IC2604,8059.0,8084.8,7990.0,8079.4,30038,36155,4826937.9,8047.6,7956.8
2026-04-14,IC,IC2605,8009.0,8036.8,7936.4,8032.0,10846,25705,1732245.692,7992.6,7910.6
2026-04-14,IC,IC2606,7900.0,7944.4,7842.4,7938.4,86041,156963,13585427.196,7907.2,7820.8
2026-04-14,IC,IC2609,7700.0,7779.8,7679.8,7776.0,19886,75793,3074915.456,7744.0,7655.4
2026-04-14,IF,IF2604,4661.0,4696.2,4643.2,4695.6,23174,37084,3245362.842,4678.8,4630.8
2026-04-14,IF,IF2605,4647.0,4675.0,4621.2,4675.0,7932,14492,1105894.86,4656.8,4611.0
2026-04-14,IF,IF2606,4600.4,4640.0,4583.8,4639.6,54260,139985,7503247.788,4620.6,4572.0
2026-04-14,IF,IF2609,4511.2,4557.0,4501.0,4556.4,11148,66565,1514142.81,4538.8,4488.2
2026-04-14,IH,IH2604,2915.6,2924.2,2897.8,2923.0,8465,14300,739266.57,2914.2,2896.0
2026-04-14,IH,IH2605,2914.8,2917.2,2890.6,2914.2,2678,5352,233281.182,2907.2,2889.4
2026-04-14,IH,IH2606,2893.0,2900.8,2873.2,2898.4,23638,53443,2047643.718,2891.4,2872.2
2026-04-14,IH,IH2609,2843.2,2854.6,2827.6,2852.4,4338,27163,369768.084,2846.2,2825.0
2026-04-14,IM,IM2604,8064.0,8120.2,8032.0,8113.2,40361,53684,6516260.728,8093.2,7994.2
2026-04-14,IM,IM2605,8016.2,8041.4,7948.4,8037.0,15646,31019,2501389.944,8007.4,7920.2
2026-04-14,IM,IM2606,7872.0,7918.0,7821.8,7913.0,119386,198017,18791135.588,7883.2,7800.8
2026-04-14,IM,IM2609,7650.0,7692.0,7600.0,7688.6,22570,104787,3452329.576,7659.4,7577.6
2026-04-15,IC,IC2604,8145.0,8164.0,8027.0,8039.0,27636,26626,4474473.172,8044.2,8047.6
2026-04-15,IC,IC2605,8100.0,8115.6,7981.0,7992.2,15987,31718,2573109.428,7999.2,7992.6
2026-04-15,IC,IC2606,7994.2,8023.0,7901.0,7904.0,80222,152519,12775934.388,7915.4,7907.2
2026-04-15,IC,IC2609,7858.0,7865.0,7744.0,7748.6,19957,77062,3114796.028,7758.4,7744.0
2026-04-15,IF,IF2604,4720.2,4734.0,4672.8,4680.8,24305,27577,3427854.69,4681.2,4678.8
2026-04-15,IF,IF2605,4705.4,4713.2,4651.0,4659.0,10877,18858,1526402.64,4659.6,4656.8
2026-04-15,IF,IF2606,4675.8,4680.8,4618.4,4625.2,53963,139812,7522144.602,4626.6,4620.6
2026-04-15,IF,IF2609,4585.0,4599.0,4538.2,4545.8,12735,67337,1744374.336,4546.0,4538.8
2026-04-15,IH,IH2604,2939.4,2952.8,2931.0,2933.4,9053,11670,798636.906,2934.8,2914.2
2026-04-15,IH,IH2605,2930.0,2948.2,2922.8,2924.2,4748,7262,417845.502,2926.4,2907.2
2026-04-15,IH,IH2606,2916.8,2930.8,2907.0,2907.6,24050,51801,2104789.83,2910.4,2891.4
2026-04-15,IH,IH2609,2867.8,2884.8,2861.8,2863.2,4765,26514,410532.708,2865.2,2846.2
2026-04-15,IM,IM2604,8184.8,8184.8,8086.6,8097.0,42273,40671,6879549.74,8102.0,8093.2
2026-04-15,IM,IM2605,8080.0,8107.4,8016.2,8019.2,23732,41143,3825453.304,8028.0,8007.4
2026-04-15,IM,IM2606,7960.0,7982.0,7895.2,7904.6,106521,190136,16912331.464,7908.4,7883.2
2026-04-15,IM,IM2609,7729.6,7756.2,7676.4,7687.0,23653,103205,3649743.892,7687.8,7659.4
2026-04-16,IC,IC2604,8061.8,8196.2,8059.4,8178.0,24310,17973,3956902.512,8180.4,8044.2
2026-04-16,IC,IC2605,8014.0,8167.4,8014.0,8151.0,22967,40398,3723776.876,8149.8,7999.2
2026-04-16,IC,IC2606,7950.0,8084.4,7937.4,8065.0,84522,158421,13557515.632,8064.2,7915.4
2026-04-16,IC,IC2609,7785.2,7931.6,7783.4,7913.2,20924,78172,3292453.44,7911.2,7758.4
2026-04-16,IF,IF2604,4692.2,4735.2,4690.6,4730.2,21559,20020,3051961.416,4729.4,4681.2
2026-04-16,IF,IF2605,4673.0,4716.6,4670.2,4709.2,17624,27657,2485147.764,4710.4,4659.6
2026-04-16,IF,IF2606,4645.2,4685.0,4639.2,4677.8,53861,141692,7541429.76,4677.6,4626.6
2026-04-16,IF,IF2609,4555.4,4605.0,4555.4,4598.0,12349,68607,1699873.782,4598.2,4546.0
2026-04-16,IH,IH2604,2936.2,2949.8,2930.0,2939.2,7827,9164,690787.284,2939.8,2934.8
2026-04-16,IH,IH2605,2935.0,2943.8,2926.2,2935.0,6102,9046,537585.384,2935.8,2926.4
2026-04-16,IH,IH2606,2922.0,2929.4,2911.0,2920.0,23772,54191,2083603.818,2921.6,2910.4
2026-04-16,IH,IH2609,2869.0,2885.4,2867.2,2880.0,5192,26840,448245.396,2879.6,2865.2
2026-04-16,IM,IM2604,8121.4,8243.4,8105.0,8228.0,34839,25372,5702878.804,8228.0,8102.0
2026-04-16,IM,IM2605,8045.2,8179.8,8036.6,8172.6,31300,52041,5084221.272,8164.4,8028.0
2026-04-16,IM,IM2606,7941.6,8072.2,7923.6,8052.2,114952,201376,18412078.248,8053.8,7908.4
2026-04-16,IM,IM2609,7710.0,7848.0,7706.6,7828.4,27443,106588,4274275.068,7830.6,7687.8
2026-04-17,IC,IC2604,8148.4,8215.6,8136.0,8203.4,13237,0,2164333.004,8204.15,8180.4
2026-04-17,IC,IC2605,8130.2,8204.6,8100.0,8186.6,24531,45826,3999704.876,8177.6,8149.8
2026-04-17,IC,IC2606,8036.8,8119.6,8015.0,8098.8,72169,151472,11641516.444,8089.6,8064.2
2026-04-17,IC,IC2609,7880.0,7967.2,7858.0,7944.4,18280,77956,2892411.248,7937.0,7911.2
2026-04-17,IF,IF2604,4713.2,4736.8,4713.0,4727.6,12538,0,1777162.194,4727.45,4729.4
2026-04-17,IF,IF2605,4700.0,4714.0,4685.8,4698.6,22178,34222,3127271.826,4699.2,4710.4
2026-04-17,IF,IF2606,4662.0,4680.6,4649.2,4667.0,48719,139296,6818099.628,4665.8,4677.6
2026-04-17,IF,IF2609,4589.8,4600.8,4570.0,4586.0,11793,69494,1622120.466,4585.8,4598.2
2026-04-17,IH,IH2604,2923.4,2925.4,2908.2,2911.8,6211,0,543417.342,2911.54,2939.8
2026-04-17,IH,IH2605,2919.4,2925.0,2902.2,2902.2,10588,13457,924753.888,2906.0,2935.8
2026-04-17,IH,IH2606,2901.2,2907.8,2888.0,2888.0,24673,55456,2144404.89,2892.0,2921.6
2026-04-17,IH,IH2609,2872.0,2872.0,2851.2,2853.0,6571,28754,563777.802,2857.0,2879.6
2026-04-17,IM,IM2604,8215.8,8315.0,8198.2,8299.8,19119,0,3159696.644,8300.22,8228.0
2026-04-17,IM,IM2605,8160.0,8278.8,8134.8,8251.0,39242,64226,6443112.088,8244.0,8164.4
2026-04-17,IM,IM2606,8030.2,8165.8,8020.0,8132.0,116651,199118,18880383.504,8130.6,8053.8
2026-04-17,IM,IM2609,7817.2,7941.0,7796.0,7907.0,28076,107689,4418024.164,7907.6,7830.6
2026-04-20,IC,IC2605,8196.0,8292.4,8168.0,8236.6,26554,47584,4377539.744,8240.0,8177.6
2026-04-20,IC,IC2606,8076.4,8213.8,8076.4,8146.2,74383,158814,12140704.712,8155.8,8089.6
2026-04-20,IC,IC2609,7963.0,8068.0,7925.0,7992.2,22885,82231,3667378.728,8008.8,7937.0
2026-04-20,IC,IC2612,7811.8,7938.4,7802.4,7858.2,4688,4471,738892.512,7873.2,7937.0
2026-04-20,IF,IF2605,4705.8,4746.6,4691.2,4730.6,21827,37439,3094057.458,4728.2,4699.2
2026-04-20,IF,IF2606,4665.0,4714.8,4656.8,4696.6,54531,144611,7675821.72,4694.0,4665.8
2026-04-20,IF,IF2609,4585.8,4636.8,4576.4,4620.2,14996,70598,2074615.554,4617.2,4585.8
2026-04-20,IF,IF2612,4527.0,4598.8,4527.0,4577.6,5090,4836,698143.926,4577.2,4585.8
2026-04-20,IH,IH2605,2905.4,2934.2,2905.0,2930.0,8499,13915,744945.438,2927.8,2906.0
2026-04-20,IH,IH2606,2900.8,2922.0,2891.0,2918.0,24765,56749,2160963.216,2914.4,2892.0
2026-04-20,IH,IH2609,2859.8,2884.8,2853.6,2880.0,6560,29272,565273.41,2877.0,2857.0
2026-04-20,IH,IH2612,2840.4,2872.2,2840.4,2867.6,1491,1454,127930.89,2865.2,2857.0
2026-04-20,IM,IM2605,8251.0,8329.0,8221.0,8277.0,35325,60986,5853690.972,8283.4,8244.0
2026-04-20,IM,IM2606,8130.0,8223.8,8102.6,8159.2,101568,197522,16610298.252,8171.2,8130.6
2026-04-20,IM,IM2609,7924.0,8007.0,7881.0,7941.4,29621,108816,4715065.588,7954.2,7907.6
2026-04-20,IM,IM2612,7774.8,7821.0,7710.6,7746.2,8683,8333,1349075.072,7754.8,7907.6
2026-04-21,IC,IC2605,8226.0,8247.8,8145.6,8216.0,22980,46118,3767897.78,8215.4,8240.0
2026-04-21,IC,IC2606,8137.0,8150.0,8055.0,8124.4,68719,150214,11145240.78,8125.0,8155.8
2026-04-21,IC,IC2609,8001.8,8002.0,7907.8,7973.6,19119,79661,3044468.684,7975.8,8008.8
2026-04-21,IC,IC2612,7840.0,7867.6,7781.0,7832.6,6816,6764,1067268.052,7835.0,7873.2
2026-04-21,IF,IF2605,4726.0,4751.8,4696.6,4742.8,17811,35166,2524306.542,4739.8,4728.2
2026-04-21,IF,IF2606,4691.0,4718.0,4660.0,4707.8,48681,138220,6849247.218,4705.0,4694.0
2026-04-21,IF,IF2609,4614.0,4639.6,4584.6,4628.8,10286,68702,1423555.47,4626.8,4617.2
2026-04-21,IF,IF2612,4578.0,4595.8,4543.8,4586.0,4136,5496,567268.152,4581.2,4577.2
2026-04-21,IH,IH2605,2936.0,2936.0,2914.4,2928.6,7530,13778,660685.812,2927.8,2927.8
2026-04-21,IH,IH2606,2914.4,2923.6,2902.2,2916.6,22752,55951,1987603.578,2915.8,2914.4
2026-04-21,IH,IH2609,2872.6,2884.4,2866.4,2880.4,5206,29615,449080.932,2878.6,2877.0
2026-04-21,IH,IH2612,2867.6,2875.8,2856.8,2868.4,2053,2036,176502.39,2867.0,2865.2
2026-04-21,IM,IM2605,8260.0,8297.6,8205.0,8280.2,30651,62691,5060174.268,8277.8,8283.4
2026-04-21,IM,IM2606,8140.0,8185.8,8092.0,8170.0,98498,193709,16037470.964,8164.0,8171.2
2026-04-21,IM,IM2609,7933.2,7967.6,7883.2,7950.0,23994,106406,3803470.236,7948.6,7954.2
2026-04-21,IM,IM2612,7740.0,7775.0,7708.0,7756.0,12308,13134,1904523.696,7751.6,7754.8
2026-04-22,IC,IC2605,8183.4,8349.6,8181.0,8345.8,23250,46498,3848796.108,8324.4,8215.4
2026-04-22,IC,IC2606,8100.0,8265.6,8091.0,8264.2,75950,153427,12439129.596,8240.2,8125.0
2026-04-22,IC,IC2609,7934.0,8112.0,7934.0,8108.0,18463,81776,2968793.132,8087.8,7975.8
2026-04-22,IC,IC2612,7808.0,7971.6,7806.6,7962.8,6128,8575,968522.604,7942.6,7835.0
2026-04-22,IF,IF2605,4728.0,4781.2,4722.4,4779.6,17616,36231,2513344.686,4773.0,4739.8
2026-04-22,IF,IF2606,4693.0,4745.6,4688.0,4744.8,51772,141181,7332738.096,4737.4,4705.0
2026-04-22,IF,IF2609,4615.0,4667.0,4609.2,4666.0,11618,69626,1618817.202,4658.8,4626.8
2026-04-22,IF,IF2612,4568.0,4623.6,4565.0,4620.0,5582,7858,769735.92,4611.2,4581.2
2026-04-22,IH,IH2605,2925.4,2932.8,2917.6,2930.0,8579,14410,752986.92,2926.2,2927.8
2026-04-22,IH,IH2606,2913.6,2921.0,2906.2,2917.8,23286,57449,2035292.826,2913.4,2915.8
2026-04-22,IH,IH2609,2877.8,2887.4,2869.4,2883.0,5487,30765,473797.092,2878.6,2878.6
2026-04-22,IH,IH2612,2865.0,2875.2,2858.4,2870.8,1510,2617,129823.176,2867.0,2867.0
2026-04-22,IM,IM2605,8260.0,8438.8,8252.0,8438.8,34283,63242,5734208.016,8414.8,8277.8
2026-04-22,IM,IM2606,8141.0,8326.4,8141.0,8322.8,115334,202394,19024982.052,8301.6,8164.0
2026-04-22,IM,IM2609,7925.6,8104.4,7924.4,8099.0,27275,106860,4381523.796,8082.2,7948.6
2026-04-22,IM,IM2612,7754.0,7904.8,7740.0,7900.0,10921,16849,1712761.276,7881.6,7751.6
2026-04-23,IC,IC2605,8357.6,8370.0,8180.0,8265.2,31248,48625,5166208.256,8258.4,8324.4
2026-04-23,IC,IC2606,8288.2,8288.2,8090.0,8177.0,99438,159238,16249382.552,8166.4,8240.2
2026-04-23,IC,IC2609,8115.8,8134.8,7941.0,8028.0,22437,82465,3599453.172,8014.8,8087.8
2026-04-23,IC,IC2612,7971.4,7991.2,7800.0,7889.2,5941,9635,935724.412,7871.4,7942.6
2026-04-23,IF,IF2605,4788.8,4799.6,4734.0,4766.0,25766,40851,3683509.782,4760.0,4773.0
2026-04-23,IF,IF2606,4754.2,4763.0,4691.8,4724.4,70330,141725,9971443.368,4720.2,4737.4
2026-04-23,IF,IF2609,4675.0,4683.0,4608.6,4641.4,15688,68690,2185030.536,4638.4,4658.8
2026-04-23,IF,IF2612,4620.0,4634.4,4557.0,4596.2,5986,8610,825248.946,4591.6,4611.2
2026-04-23,IH,IH2605,2932.4,2936.8,2906.8,2925.8,11779,15488,1032857.466,2923.2,2926.2
2026-04-23,IH,IH2606,2919.0,2924.4,2891.2,2911.2,34040,60680,2970222.186,2909.6,2913.4
2026-04-23,IH,IH2609,2888.0,2888.8,2855.6,2876.0,7556,31538,651097.998,2873.8,2878.6
2026-04-23,IH,IH2612,2868.8,2876.2,2845.4,2866.8,2231,3058,191555.028,2862.0,2867.0
2026-04-23,IM,IM2605,8445.4,8449.6,8261.0,8331.8,46344,67998,7722671.824,8321.0,8414.8
2026-04-23,IM,IM2606,8330.0,8337.0,8144.8,8219.2,150090,209404,24671504.392,8206.0,8301.6
2026-04-23,IM,IM2609,8112.0,8117.0,7932.0,8001.2,36155,108505,5786304.728,7990.2,8082.2
2026-04-23,IM,IM2612,7915.8,7920.0,7740.2,7809.0,13290,19145,2074357.004,7797.6,7881.6
2026-04-24,IC,IC2605,8223.2,8276.8,8132.2,8217.4,29084,45063,4768737.56,8241.6,8258.4
2026-04-24,IC,IC2606,8150.8,8193.8,8042.0,8132.8,97813,154408,15866422.804,8158.8,8166.4
2026-04-24,IC,IC2609,7998.6,8046.8,7896.4,7986.0,22943,82830,3653342.956,8013.8,8014.8
2026-04-24,IC,IC2612,7850.6,7902.6,7758.0,7841.2,5873,11168,918307.968,7868.6,7871.4
2026-04-24,IF,IF2605,4755.8,4769.4,4718.0,4752.0,23628,37841,3359877.612,4757.2,4760.0
2026-04-24,IF,IF2606,4712.2,4733.0,4678.6,4713.6,60653,138176,8556197.976,4721.0,4720.2
2026-04-24,IF,IF2609,4632.0,4652.6,4599.6,4635.0,12378,67881,1715811.33,4640.6,4638.4
2026-04-24,IF,IF2612,4584.2,4603.2,4550.6,4588.0,4535,9062,621809.7,4591.8,4591.6
2026-04-24,IH,IH2605,2922.6,2947.0,2909.2,2943.6,10101,13913,887675.112,2943.0,2923.2
2026-04-24,IH,IH2606,2906.8,2934.2,2893.6,2929.0,33589,58743,2938596.6,2929.8,2909.6
2026-04-24,IH,IH2609,2871.0,2896.0,2858.4,2890.0,7343,30559,634170.18,2890.4,2873.8
2026-04-24,IH,IH2612,2862.0,2884.4,2848.4,2877.0,2332,3701,200403.252,2878.4,2862.0
2026-04-24,IM,IM2605,8303.0,8335.0,8225.0,8268.0,45578,67180,7540608.368,8297.8,8321.0
2026-04-24,IM,IM2606,8208.0,8232.0,8115.6,8163.0,143941,209086,23506000.788,8194.8,8206.0
2026-04-24,IM,IM2609,7980.2,8019.0,7904.2,7957.8,31375,106287,4991407.928,7984.8,7990.2
2026-04-24,IM,IM2612,7784.8,7828.0,7717.0,7761.6,14302,23016,2221270.648,7792.0,7797.6
2026-04-27,IC,IC2605,8230.2,8302.2,8189.0,8269.0,21985,43716,3630790.516,8268.4,8241.6
2026-04-27,IC,IC2606,8145.2,8220.2,8103.0,8186.4,68000,147106,11119846.296,8185.4,8158.8
2026-04-27,IC,IC2609,7993.0,8075.0,7960.0,8042.4,18860,84015,3029776.184,8040.6,8013.8
2026-04-27,IC,IC2612,7841.4,7931.2,7820.0,7899.0,5057,12260,798069.996,7898.2,7868.6
2026-04-27,IF,IF2605,4754.4,4780.4,4747.4,4755.6,18030,36019,2576004.342,4754.2,4757.2
2026-04-27,IF,IF2606,4720.0,4743.4,4708.8,4715.6,47578,136394,6743044.962,4715.2,4721.0
2026-04-27,IF,IF2609,4637.2,4663.8,4631.4,4638.2,9538,67685,1329354.186,4637.0,4640.6
2026-04-27,IF,IF2612,4594.2,4615.4,4580.4,4589.4,4028,9779,555400.842,4586.2,4591.8
2026-04-27,IH,IH2605,2942.0,2953.8,2931.2,2936.8,7736,13608,682693.776,2935.4,2943.0
2026-04-27,IH,IH2606,2929.2,2942.6,2917.0,2922.4,25131,57744,2208010.632,2921.0,2929.8
2026-04-27,IH,IH2609,2886.6,2903.6,2879.8,2883.6,5615,30791,486904.398,2882.6,2890.4
2026-04-27,IH,IH2612,2879.0,2893.2,2867.4,2871.4,1520,3403,131273.394,2870.8,2878.4
2026-04-27,IM,IM2605,8280.0,8339.6,8229.0,8301.8,32186,62676,5339778.648,8304.6,8297.8
2026-04-27,IM,IM2606,8181.4,8239.0,8126.8,8199.2,104876,201381,17189462.936,8201.6,8194.8
2026-04-27,IM,IM2609,7965.6,8028.0,7925.2,7988.0,24531,105369,3918698.072,7994.0,7984.8
2026-04-27,IM,IM2612,7765.2,7834.8,7743.2,7792.0,9750,23802,1519152.12,7799.6,7792.0
2026-04-28,IC,IC2605,8245.6,8264.6,8143.2,8177.6,24456,44557,4012218.188,8171.6,8268.4
2026-04-28,IC,IC2606,8176.6,8178.4,8056.2,8094.6,77268,151485,12545160.392,8085.8,8185.4
2026-04-28,IC,IC2609,8025.0,8036.6,7913.8,7954.0,19896,84778,3173758.876,7941.8,8040.6
2026-04-28,IC,IC2612,7875.0,7895.6,7776.8,7813.2,6699,13850,1050266.756,7805.6,7898.2
2026-04-28,IF,IF2605,4740.0,4763.4,4726.8,4742.8,18105,34600,2577600.654,4738.0,4754.2
2026-04-28,IF,IF2606,4701.0,4725.8,4687.2,4702.4,50106,136927,7074834.756,4698.2,4715.2
2026-04-28,IF,IF2609,4626.0,4647.6,4610.0,4625.4,10428,67872,1447949.898,4620.4,4637.0
2026-04-28,IF,IF2612,4579.0,4595.2,4558.2,4575.0,4167,11131,572266.086,4568.2,4586.2
2026-04-28,IH,IH2605,2934.0,2959.6,2932.6,2945.0,8514,14127,752837.46,2944.0,2935.4
2026-04-28,IH,IH2606,2919.0,2945.8,2917.2,2930.2,26735,57936,2352813.978,2929.0,2921.0
2026-04-28,IH,IH2609,2879.0,2905.2,2878.0,2890.0,5060,30336,439280.742,2889.0,2882.6
2026-04-28,IH,IH2612,2871.0,2892.4,2867.6,2877.0,1407,3869,121553.148,2874.6,2870.8
2026-04-28,IM,IM2605,8278.8,8297.2,8161.2,8203.0,35145,64632,5780433.512,8194.4,8304.6
2026-04-28,IM,IM2606,8170.0,8195.0,8056.0,8103.6,125973,208766,20459202.16,8090.0,8201.6
2026-04-28,IM,IM2609,7977.2,7989.8,7856.0,7902.6,28722,106317,4547679.616,7887.0,7994.0
2026-04-28,IM,IM2612,7780.0,7797.2,7669.2,7714.6,12939,27950,2000529.944,7699.4,7799.6
2026-04-29,IC,IC2605,8147.2,8355.4,8146.6,8344.4,30071,45236,4972771.912,8342.0,8171.6
2026-04-29,IC,IC2606,8066.0,8281.8,8066.0,8270.0,83644,152310,13712712.228,8268.4,8085.8
2026-04-29,IC,IC2609,7929.8,8140.8,7926.8,8128.4,22312,85759,3596810.192,8127.4,7941.8
2026-04-29,IC,IC2612,7790.2,8002.8,7789.0,7993.8,5752,14568,911632.568,7988.4,7805.6
2026-04-29,IF,IF2605,4725.4,4809.4,4725.4,4798.4,21433,36191,3068525.634,4800.2,4738.0
2026-04-29,IF,IF2606,4688.0,4776.6,4687.2,4766.0,58415,141827,8299786.608,4766.2,4698.2
2026-04-29,IF,IF2609,4617.8,4700.0,4611.0,4687.8,12728,68510,1780737.39,4690.0,4620.4
2026-04-29,IF,IF2612,4559.0,4648.0,4558.0,4633.0,4842,11956,669995.454,4636.8,4568.2
2026-04-29,IH,IH2605,2937.8,2969.2,2937.6,2960.0,9646,13883,854130.948,2962.4,2944.0
2026-04-29,IH,IH2606,2923.0,2956.0,2923.0,2947.0,29356,59379,2586568.254,2948.4,2929.0
2026-04-29,IH,IH2609,2879.4,2916.6,2879.4,2906.4,5906,30688,513490.686,2909.4,2889.0
2026-04-29,IH,IH2612,2873.8,2903.0,2870.0,2891.4,1733,3999,149953.872,2895.8,2874.6
2026-04-29,IM,IM2605,8160.4,8356.2,8160.4,8332.4,44140,66060,7311854.244,8340.0,8194.4
2026-04-29,IM,IM2606,8085.2,8271.0,8070.0,8246.0,122459,205283,20073024.672,8254.8,8090.0
2026-04-29,IM,IM2609,7894.0,8072.0,7872.0,8048.6,30977,106456,4956513.804,8057.8,7887.0
2026-04-29,IM,IM2612,7679.8,7880.0,7679.8,7855.4,13296,28124,2077637.772,7867.2,7699.4
2026-04-30,IC,IC2605,8341.0,8364.0,8282.8,8342.6,21573,40633,3587439.788,8340.6,8342.0
2026-04-30,IC,IC2606,8270.0,8287.8,8206.0,8270.0,65947,148167,10865921.44,8265.2,8268.4
2026-04-30,IC,IC2609,8129.4,8149.8,8070.0,8131.6,17258,84008,2795692.948,8126.8,8127.4
2026-04-30,IC,IC2612,7995.0,8013.0,7937.0,7999.2,6126,16563,975837.608,7988.8,7988.4
2026-04-30,IF,IF2605,4802.4,4814.0,4783.2,4801.0,18797,35026,2705420.214,4799.4,4800.2
2026-04-30,IF,IF2606,4773.4,4776.2,4744.2,4763.4,48678,137863,6950096.004,4761.4,4766.2
2026-04-30,IF,IF2609,4695.2,4697.6,4670.4,4689.4,11215,68646,1575864.876,4686.8,4690.0
2026-04-30,IF,IF2612,4642.6,4644.0,4618.0,4635.0,3834,13205,532420.884,4633.0,4636.8
2026-04-30,IH,IH2605,2956.2,2983.8,2956.2,2982.2,10501,13891,936635.172,2980.4,2962.4
2026-04-30,IH,IH2606,2943.0,2970.0,2942.6,2968.8,28891,59217,2563915.998,2965.2,2948.4
2026-04-30,IH,IH2609,2902.0,2927.8,2902.0,2926.0,7362,31051,644303.214,2922.6,2909.4
2026-04-30,IH,IH2612,2894.8,2916.6,2890.2,2916.2,1674,4297,145822.854,2910.4,2895.8
2026-04-30,IM,IM2605,8346.0,8380.2,8304.2,8369.4,32860,61331,5481190.764,8362.0,8340.0
2026-04-30,IM,IM2606,8255.4,8292.0,8211.8,8279.2,100591,201984,16597978.456,8273.8,8254.8
2026-04-30,IM,IM2609,8060.0,8097.0,8018.0,8078.6,25189,105777,4058032.944,8078.2,8057.8
2026-04-30,IM,IM2612,7864.2,7912.4,7832.2,7896.0,10095,30755,1588548.504,7893.0,7867.2
2026-05-06,IC,IC2605,8440.0,8623.4,8440.0,8570.4,32576,44920,5578132.716,8576.0,8340.6
2026-05-06,IC,IC2606,8377.6,8565.4,8375.4,8497.6,82861,159098,14094005.304,8509.8,8265.2
2026-05-06,IC,IC2609,8250.0,8433.8,8243.4,8367.2,24067,88017,4033133.08,8381.4,8126.8
2026-05-06,IC,IC2612,8106.4,8303.0,8105.0,8238.0,7128,18287,1176465.7,8252.2,7988.8
2026-05-06,IF,IF2605,4856.4,4900.4,4833.8,4867.4,27460,39560,4015193.724,4870.2,4799.4
2026-05-06,IF,IF2606,4808.2,4869.0,4797.0,4839.4,65439,149562,9505082.004,4840.2,4761.4
2026-05-06,IF,IF2609,4740.6,4794.6,4725.0,4768.4,16566,70938,2370327.63,4767.6,4686.8
2026-05-06,IF,IF2612,4686.2,4743.0,4673.8,4718.6,5375,14663,761202.426,4718.4,4633.0
2026-05-06,IH,IH2605,3010.2,3039.4,2999.6,3019.2,12973,15064,1176628.71,3021.0,2980.4
2026-05-06,IH,IH2606,2995.2,3024.8,2984.8,3007.6,32480,61146,2931625.44,3008.0,2965.2
2026-05-06,IH,IH2609,2946.2,2985.2,2944.0,2968.8,7862,31120,700198.014,2968.8,2922.6
2026-05-06,IH,IH2612,2940.0,2975.2,2933.2,2956.4,2150,4739,190842.264,2956.8,2910.4
2026-05-06,IM,IM2605,8472.0,8616.8,8472.0,8543.6,48185,67902,8246300.116,8555.4,8362.0
2026-05-06,IM,IM2606,8398.0,8553.0,8381.0,8461.6,125707,209410,21345232.316,8480.4,8273.8
2026-05-06,IM,IM2609,8171.8,8358.8,8171.8,8268.2,34083,109249,5659773.244,8287.6,8078.2
2026-05-06,IM,IM2612,7975.0,8175.0,7975.0,8082.2,11931,33689,1938950.344,8104.8,7893.0
2026-05-07,IC,IC2605,8617.4,8700.0,8588.0,8688.8,21654,40066,3742122.608,8687.8,8576.0
2026-05-07,IC,IC2606,8550.4,8638.4,8520.4,8624.8,66653,152162,11428553.428,8623.4,8509.8
2026-05-07,IC,IC2609,8420.0,8506.8,8391.8,8494.0,19604,86370,3310369.328,8494.8,8381.4
2026-05-07,IC,IC2612,8293.0,8380.2,8262.2,8371.4,5855,19485,973785.772,8368.2,8252.2
2026-05-07,IF,IF2605,4886.2,4896.6,4862.8,4891.6,18035,33568,2640926.52,4892.8,4870.2
2026-05-07,IF,IF2606,4860.0,4867.6,4832.0,4862.4,47821,139375,6958798.746,4862.6,4840.2
2026-05-07,IF,IF2609,4788.4,4793.8,4760.2,4787.0,11132,69847,1595586.162,4788.2,4767.6
2026-05-07,IF,IF2612,4741.2,4747.2,4710.8,4737.4,3768,14797,534325.248,4737.8,4718.4
2026-05-07,IH,IH2605,3035.8,3038.2,3016.8,3027.0,7812,12974,709342.626,3024.8,3021.0
2026-05-07,IH,IH2606,3017.6,3024.6,3003.4,3012.0,23396,58594,2114638.464,3011.4,3008.0
2026-05-07,IH,IH2609,2977.0,2986.0,2966.4,2975.8,5845,30713,521820.372,2974.8,2968.8
2026-05-07,IH,IH2612,2965.8,2974.6,2954.6,2962.8,1809,4730,160821.276,2962.4,2956.8
2026-05-07,IM,IM2605,8583.4,8716.0,8568.4,8706.0,32246,58874,5574973.54,8702.4,8555.4
2026-05-07,IM,IM2606,8499.8,8639.6,8491.0,8627.6,105701,203897,18107247.668,8624.6,8480.4
2026-05-07,IM,IM2609,8310.0,8443.0,8300.0,8429.0,27524,107954,4608369.208,8429.2,8287.6
2026-05-07,IM,IM2612,8124.0,8259.8,8118.2,8249.6,9666,35375,1583013.516,8246.8,8104.8
2026-05-08,IC,IC2605,8640.0,8709.6,8611.2,8687.2,20594,37867,3570353.048,8684.0,8687.8
2026-05-08,IC,IC2606,8586.0,8648.0,8546.4,8620.8,66400,152876,11424034.632,8619.2,8623.4
2026-05-08,IC,IC2609,8461.8,8521.2,8419.0,8490.4,20659,87648,3500780.184,8487.2,8494.8
2026-05-08,IC,IC2612,8320.0,8395.8,8293.2,8364.4,5334,19296,890621.128,8360.4,8368.2
2026-05-08,IF,IF2605,4870.2,4883.6,4844.4,4867.6,17184,32571,2508557.412,4864.2,4892.8
2026-05-08,IF,IF2606,4840.0,4855.0,4812.0,4836.8,48802,142019,7078486.38,4832.8,4862.6
2026-05-08,IF,IF2609,4769.6,4780.0,4740.6,4766.8,11792,70975,1684494.792,4762.4,4788.2
2026-05-08,IF,IF2612,4720.0,4729.2,4691.0,4715.8,3873,15602,547344.594,4710.2,4737.8
2026-05-08,IH,IH2605,3016.0,3018.8,2984.4,2997.6,8729,12513,785418.714,2996.6,3024.8
2026-05-08,IH,IH2606,3003.0,3005.0,2969.2,2981.6,29243,59388,2618322.078,2981.4,3011.4
2026-05-08,IH,IH2609,2964.2,2968.0,2934.2,2946.0,6867,31719,607510.044,2946.6,2974.8
2026-05-08,IH,IH2612,2950.0,2956.8,2923.2,2933.0,2021,5196,178139.706,2934.4,2962.4
2026-05-08,IM,IM2605,8665.0,8749.2,8648.2,8721.4,33166,58159,5774178.732,8723.8,8702.4
2026-05-08,IM,IM2606,8590.0,8670.0,8568.2,8642.2,104560,202338,18035134.328,8645.4,8624.6
2026-05-08,IM,IM2609,8391.6,8465.6,8373.0,8440.2,25877,109185,4360949.436,8444.4,8429.2
2026-05-08,IM,IM2612,8213.0,8282.8,8192.8,8260.0,9839,36395,1622946.264,8261.4,8246.8
2026-05-11,IC,IC2605,8770.2,8863.0,8701.2,8813.4,27926,34926,4908034.096,8827.0,8684.0
2026-05-11,IC,IC2606,8691.0,8791.0,8628.4,8738.6,92144,162230,16064699.196,8752.2,8619.2
2026-05-11,IC,IC2609,8594.0,8652.8,8495.8,8599.4,27306,90664,4687404.692,8614.2,8487.2
2026-05-11,IC,IC2612,8455.0,8523.2,8364.4,8465.6,8484,20798,1432964.064,8482.2,8360.4
2026-05-11,IF,IF2605,4898.6,4962.4,4875.2,4940.4,27718,33812,4091126.574,4948.0,4864.2
2026-05-11,IF,IF2606,4860.0,4931.6,4844.4,4912.6,69715,148526,10222772.496,4917.0,4832.8
2026-05-11,IF,IF2609,4792.8,4860.0,4771.6,4840.8,18184,73502,2627649.924,4845.0,4762.4
2026-05-11,IF,IF2612,4746.0,4809.0,4720.2,4791.8,5201,16575,743385.9,4796.4,4710.2
2026-05-11,IH,IH2605,3013.4,3047.6,3000.0,3037.2,12079,11972,1095642.072,3039.2,2996.6
2026-05-11,IH,IH2606,2997.6,3031.8,2984.2,3022.8,37231,62362,3359666.43,3022.8,2981.4
2026-05-11,IH,IH2609,2959.2,2997.0,2948.0,2989.0,8973,32410,800481.756,2988.2,2946.6
2026-05-11,IH,IH2612,2946.4,2986.4,2934.0,2977.0,2717,5828,241416.066,2977.4,2934.4
2026-05-11,IM,IM2605,8807.4,8888.0,8740.8,8820.2,42422,52779,7478428.908,8837.8,8723.8
2026-05-11,IM,IM2606,8720.0,8794.8,8655.8,8723.0,132269,213675,23086675.188,8745.6,8645.4
2026-05-11,IM,IM2609,8505.0,8583.0,8457.0,8514.6,37289,114718,6353778.816,8533.0,8444.4
2026-05-11,IM,IM2612,8322.0,8395.0,8273.0,8324.4,14935,37786,2489441.836,8345.6,8261.4
2026-05-12,IC,IC2605,8840.2,8840.2,8734.8,8775.0,24908,28600,4371004.14,8776.2,8827.0
2026-05-12,IC,IC2606,8753.2,8754.0,8656.2,8695.4,80291,153875,13964982.348,8701.4,8752.2
2026-05-12,IC,IC2609,8620.4,8625.0,8520.0,8556.0,23269,89846,3982675.1,8562.8,8614.2
2026-05-12,IC,IC2612,8480.0,8483.8,8387.0,8425.0,7294,20769,1228972.8,8429.6,8482.2
2026-05-12,IF,IF2605,4959.0,4968.0,4925.2,4945.0,21861,27167,3243330.516,4941.4,4948.0
2026-05-12,IF,IF2606,4931.0,4937.6,4892.4,4911.6,56132,143740,8272817.526,4909.2,4917.0
2026-05-12,IF,IF2609,4866.0,4867.0,4822.0,4840.8,15114,73360,2194603.206,4837.8,4845.0
2026-05-12,IF,IF2612,4807.2,4814.4,4774.2,4792.6,4683,16902,673015.884,4789.2,4796.4
2026-05-12,IH,IH2605,3042.6,3055.8,3032.6,3044.0,8876,9502,809904.162,3041.0,3039.2
2026-05-12,IH,IH2606,3026.0,3038.6,3016.4,3029.2,29636,59214,2689830.492,3025.8,3022.8
2026-05-12,IH,IH2609,2990.0,3003.8,2982.0,2994.4,6340,31772,568876.23,2991.2,2988.2
2026-05-12,IH,IH2612,2984.4,2992.6,2970.2,2981.8,1851,5460,165434.712,2979.0,2977.4
2026-05-12,IM,IM2605,8839.0,8839.0,8740.0,8798.2,34602,45964,6083353.568,8797.2,8837.8
2026-05-12,IM,IM2606,8730.0,8739.2,8644.2,8701.8,118147,202384,20540525.908,8700.8,8745.6
2026-05-12,IM,IM2609,8540.0,8540.0,8436.2,8492.0,29017,111744,4923215.324,8489.4,8533.0
2026-05-12,IM,IM2612,8346.8,8346.8,8252.0,8298.2,13082,38952,2170050.572,8299.4,8345.6
2026-05-13,IC,IC2605,8734.4,8935.2,8730.0,8920.4,24766,24416,4375139.636,8911.8,8776.2
2026-05-13,IC,IC2606,8666.0,8866.6,8653.0,8850.2,92744,161610,16244802.396,8838.8,8701.4
2026-05-13,IC,IC2609,8544.0,8723.4,8517.0,8710.0,26387,92197,4546453.864,8698.2,8562.8
2026-05-13,IC,IC2612,8412.0,8591.8,8392.0,8579.2,7580,22814,1285161.26,8568.2,8429.6
2026-05-13,IF,IF2605,4928.8,5006.0,4921.8,4996.6,21874,22704,3252873.588,4992.4,4941.4
2026-05-13,IF,IF2606,4901.0,4975.6,4891.6,4968.8,67401,151660,9963374.982,4960.4,4909.2
2026-05-13,IF,IF2609,4836.0,4905.0,4821.0,4898.0,18675,76221,2720498.262,4888.8,4837.8
2026-05-13,IF,IF2612,4787.0,4856.2,4774.0,4848.8,5519,18312,795895.014,4841.0,4789.2
2026-05-13,IH,IH2605,3030.8,3052.2,3019.0,3047.6,8749,8814,796327.032,3045.4,3041.0
2026-05-13,IH,IH2606,3019.8,3039.4,3004.6,3033.0,34283,62374,3106308.144,3031.0,3025.8
2026-05-13,IH,IH2609,2984.0,3005.6,2972.2,2999.8,8028,33795,719314.29,2997.8,2991.2
2026-05-13,IH,IH2612,2972.6,2994.6,2960.0,2987.2,2827,6686,252290.664,2986.6,2979.0
2026-05-13,IM,IM2605,8770.0,8967.8,8755.2,8961.0,36691,39533,6508792.132,8949.6,8797.2
2026-05-13,IM,IM2606,8673.6,8877.4,8666.0,8870.6,140651,222170,24696619.036,8856.8,8700.8
2026-05-13,IM,IM2609,8460.4,8670.8,8458.6,8664.6,36128,117252,6192854.428,8649.4,8489.4
2026-05-13,IM,IM2612,8289.6,8482.4,8275.4,8473.2,13964,40928,2341707.264,8463.4,8299.4
2026-05-14,IC,IC2605,8961.0,8961.0,8685.4,8688.6,27844,17575,4899340.352,8739.8,8911.8
2026-05-14,IC,IC2606,8870.0,8886.8,8603.4,8608.0,133564,172900,23253892.244,8660.2,8838.8
2026-05-14,IC,IC2609,8750.0,8750.0,8467.6,8468.6,38498,96105,6595580.036,8521.4,8698.2
2026-05-14,IC,IC2612,8619.4,8619.4,8338.0,8338.0,12156,26056,2049648.628,8393.2,8568.2
2026-05-14,IF,IF2605,5023.6,5023.6,4911.0,4917.6,22062,16568,3281611.182,4938.4,4992.4
2026-05-14,IF,IF2606,4990.2,4995.0,4877.4,4884.4,87614,152082,12938917.098,4904.0,4960.4
2026-05-14,IF,IF2609,4918.0,4922.4,4807.0,4811.4,25153,78415,3659752.194,4830.0,4888.8
2026-05-14,IF,IF2612,4875.0,4878.0,4758.2,4762.8,7949,20241,1145042.43,4783.0,4841.0
2026-05-14,IH,IH2605,3056.0,3056.0,2993.8,2997.0,8709,7392,790007.934,3007.6,3045.4
2026-05-14,IH,IH2606,3038.0,3041.8,2982.6,2984.6,40676,63848,3668897.19,2994.0,3031.0
2026-05-14,IH,IH2609,3011.0,3011.0,2952.4,2955.0,10839,34070,967183.98,2962.8,2997.8
2026-05-14,IH,IH2612,2996.8,2999.8,2940.4,2944.6,3427,7520,304476.822,2951.6,2986.6
2026-05-14,IM,IM2605,8999.6,8999.6,8783.4,8786.0,42004,31055,7450900.556,8844.4,8949.6
2026-05-14,IM,IM2606,8891.4,8908.8,8685.2,8689.8,183972,227104,32253668.78,8743.8,8856.8
2026-05-14,IM,IM2609,8701.2,8703.6,8480.4,8485.2,49587,121613,8489546.424,8533.6,8649.4
2026-05-14,IM,IM2612,8506.0,8513.8,8299.4,8301.0,20262,45866,3392123.676,8348.2,8463.4
2026-05-15,IC,IC2605,8714.6,8717.8,8501.0,8548.4,14343,0,2469387.08,8549.11,8739.8
2026-05-15,IC,IC2606,8622.2,8652.2,8378.2,8448.8,155372,176456,26439750.568,8429.8,8660.2
2026-05-15,IC,IC2609,8496.4,8515.0,8236.6,8315.0,48711,100439,8150849.452,8290.2,8521.4
2026-05-15,IC,IC2612,8350.2,8386.2,8109.8,8185.0,13908,28916,2292171.744,8162.6,8393.2
2026-05-15,IF,IF2605,4922.0,4933.8,4851.0,4862.4,13860,0,2032460.958,4862.5,4938.4
2026-05-15,IF,IF2606,4887.2,4895.8,4794.0,4824.0,99176,160730,14411514.228,4812.6,4904.0
2026-05-15,IF,IF2609,4820.0,4825.0,4723.0,4753.6,30431,82132,4354729.002,4739.8,4830.0
2026-05-15,IF,IF2612,4770.0,4777.2,4675.8,4702.8,10367,23372,1468672.944,4693.4,4783.0
2026-05-15,IH,IH2605,2999.6,2999.8,2956.8,2960.2,6211,0,555144.0,2960.03,3007.6
2026-05-15,IH,IH2606,2980.6,2985.8,2927.0,2945.0,47469,65623,4213571.106,2938.0,2994.0
2026-05-15,IH,IH2609,2951.2,2956.6,2897.8,2915.2,15082,38197,1324171.872,2906.4,2962.8
2026-05-15,IH,IH2612,2944.6,2946.6,2884.0,2903.0,5313,9623,464721.21,2894.4,2951.6
2026-05-15,IM,IM2605,8817.8,8845.4,8660.0,8698.4,25696,0,4497160.284,8698.85,8844.4
2026-05-15,IM,IM2606,8710.0,8758.2,8505.6,8582.6,225763,244556,38998104.276,8563.2,8743.8
2026-05-15,IM,IM2609,8516.8,8559.0,8303.8,8379.8,68146,131015,11498997.224,8361.6,8533.6
2026-05-15,IM,IM2612,8320.2,8377.2,8121.2,8194.4,25911,51574,4279113.672,8180.2,8348.2
2026-05-18,IC,IC2606,8418.4,8545.0,8403.2,8479.2,103844,163811,17612146.164,8443.4,8429.8
2026-05-18,IC,IC2607,8379.6,8489.0,8354.0,8428.8,4203,4050,708753.508,8391.4,8429.8
2026-05-18,IC,IC2609,8285.4,8403.4,8256.2,8332.0,32611,96313,5436866.444,8295.4,8290.2
2026-05-18,IC,IC2612,8140.0,8268.4,8117.6,8192.4,10363,28348,1699510.356,8158.2,8162.6
2026-05-18,IF,IF2606,4810.0,4834.6,4765.6,4802.0,68281,149184,9839741.76,4783.6,4812.6
2026-05-18,IF,IF2607,4759.8,4803.6,4731.2,4771.6,2177,2089,311300.892,4750.8,4812.6
2026-05-18,IF,IF2609,4734.0,4761.2,4692.2,4729.6,18284,79547,2594852.37,4709.4,4739.8
2026-05-18,IF,IF2612,4693.0,4713.2,4642.4,4679.6,6844,23278,961657.572,4659.8,4693.4
2026-05-18,IH,IH2606,2936.0,2944.8,2903.4,2922.4,35898,61829,3148584.45,2913.0,2938.0
2026-05-18,IH,IH2607,2912.4,2927.6,2882.8,2900.6,1976,1882,172031.646,2893.6,2938.0
2026-05-18,IH,IH2609,2911.0,2915.0,2871.0,2890.8,9780,37242,848824.092,2881.0,2906.4
2026-05-18,IH,IH2612,2897.0,2902.8,2857.8,2878.2,3347,9432,289222.14,2867.0,2894.4
2026-05-18,IM,IM2606,8563.0,8697.8,8532.2,8632.6,163728,232393,28247730.424,8594.2,8563.2
2026-05-18,IM,IM2607,8532.6,8624.6,8466.0,8567.8,5107,4864,873832.94,8521.8,8563.2
2026-05-18,IM,IM2609,8359.2,8488.8,8329.0,8420.2,46047,125055,7753290.656,8383.6,8361.6
2026-05-18,IM,IM2612,8160.0,8298.8,8149.6,8230.6,16651,49203,2739708.036,8194.8,8180.2
2026-05-19,IC,IC2606,8455.0,8542.8,8324.6,8535.2,118465,168041,19989753.076,8519.4,8443.4
2026-05-19,IC,IC2607,8399.0,8493.0,8270.0,8484.6,4514,4226,757188.976,8471.8,8391.4
2026-05-19,IC,IC2609,8318.8,8391.8,8180.0,8384.0,38085,98783,6312263.1,8366.4,8295.4
2026-05-19,IC,IC2612,8170.2,8250.0,8042.2,8240.2,10171,29346,1657459.852,8228.0,8158.2
2026-05-19,IF,IF2606,4797.0,4817.0,4735.0,4813.2,72772,148652,10417707.81,4801.4,4783.6
2026-05-19,IF,IF2607,4743.6,4781.4,4697.2,4778.2,2582,2388,366946.236,4768.4,4750.8
2026-05-19,IF,IF2609,4720.0,4744.0,4663.2,4741.8,20363,80651,2870389.056,4727.8,4709.4
2026-05-19,IF,IF2612,4670.0,4695.2,4615.0,4693.0,6894,24201,961482.978,4679.4,4659.8
2026-05-19,IH,IH2606,2922.4,2935.4,2901.0,2931.4,35436,61038,3098569.182,2925.4,2913.0
2026-05-19,IH,IH2607,2900.4,2912.2,2880.6,2908.0,2709,2758,235073.028,2901.0,2893.6
2026-05-19,IH,IH2609,2888.8,2902.4,2868.8,2898.2,8958,38030,774721.002,2892.4,2881.0
2026-05-19,IH,IH2612,2876.2,2888.0,2856.0,2884.6,3883,10078,334189.008,2877.0,2867.0
2026-05-19,IM,IM2606,8610.0,8721.6,8511.0,8718.6,178213,239001,30699847.048,8692.4,8594.2
2026-05-19,IM,IM2607,8533.0,8650.4,8443.0,8641.2,6866,5947,1172924.312,8628.8,8521.8
2026-05-19,IM,IM2609,8392.4,8503.0,8301.2,8499.6,50811,129968,8534140.72,8477.2,8383.6
2026-05-19,IM,IM2612,8195.0,8302.4,8115.8,8300.6,18222,50748,2992208.568,8282.4,8194.8
2026-05-20,IC,IC2606,8516.0,8586.8,8450.0,8573.8,108580,157070,18482020.312,8556.6,8519.4
2026-05-20,IC,IC2607,8454.6,8529.6,8396.4,8514.4,3466,4740,586146.092,8501.0,8471.8
2026-05-20,IC,IC2609,8350.0,8423.6,8291.4,8402.4,32342,95728,5401683.444,8393.6,8366.4
2026-05-20,IC,IC2612,8204.0,8278.8,8142.4,8259.6,9231,29144,1515022.448,8243.4,8228.0
2026-05-20,IF,IF2606,4790.2,4821.8,4771.8,4806.6,64757,138798,9319307.628,4805.6,4801.4
2026-05-20,IF,IF2607,4760.2,4782.6,4735.6,4771.6,2359,3114,336922.284,4768.4,4768.4
2026-05-20,IF,IF2609,4723.0,4744.0,4695.0,4733.0,19698,79894,2789870.958,4729.4,4727.8
2026-05-20,IF,IF2612,4672.0,4695.0,4647.0,4680.8,6739,24478,944368.362,4678.2,4679.4
2026-05-20,IH,IH2606,2919.0,2944.0,2916.8,2934.8,32283,57278,2837082.936,2933.2,2925.4
2026-05-20,IH,IH2607,2893.0,2922.8,2891.2,2909.6,2085,3230,181836.516,2909.4,2901.0
2026-05-20,IH,IH2609,2888.2,2908.4,2883.6,2898.2,8429,36499,732104.928,2898.0,2892.4
2026-05-20,IH,IH2612,2873.8,2894.0,2869.4,2883.2,2797,9218,241720.662,2883.4,2877.0
2026-05-20,IM,IM2606,8692.2,8717.2,8581.0,8705.0,170932,222868,29550713.388,8682.4,8692.4
2026-05-20,IM,IM2607,8613.0,8639.8,8510.8,8626.6,5304,6729,909212.516,8609.0,8628.8
2026-05-20,IM,IM2609,8471.8,8489.4,8366.0,8484.0,45145,125437,7608346.888,8461.0,8477.2
2026-05-20,IM,IM2612,8275.4,8281.8,8165.2,8273.4,17580,52710,2891475.036,8251.4,8282.4
2026-05-21,IC,IC2606,8650.8,8728.0,8310.0,8326.8,146781,171761,25146117.88,8404.6,8556.6
2026-05-21,IC,IC2607,8570.0,8669.6,8259.0,8260.2,5384,5795,915123.82,8330.8,8501.0
2026-05-21,IC,IC2609,8480.0,8560.0,8156.0,8166.8,50426,102431,8471950.78,8245.6,8393.6
2026-05-21,IC,IC2612,8328.4,8405.0,8010.0,8016.0,14339,32611,2365176.468,8090.4,8243.4
2026-05-21,IF,IF2606,4839.4,4900.8,4740.2,4743.0,99519,150080,14441545.608,4776.6,4805.6
2026-05-21,IF,IF2607,4818.6,4862.4,4705.2,4710.4,3371,3882,485005.122,4746.8,4768.4
2026-05-21,IF,IF2609,4770.0,4822.2,4663.4,4667.6,30489,84625,4351411.494,4697.2,4729.4
2026-05-21,IF,IF2612,4715.0,4772.0,4610.2,4611.8,10534,26403,1487891.748,4646.0,4678.2
2026-05-21,IH,IH2606,2950.0,2981.8,2899.8,2903.8,47227,63395,4178122.638,2919.6,2933.2
2026-05-21,IH,IH2607,2930.2,2958.4,2874.8,2876.0,2500,3635,218894.688,2896.0,2909.4
2026-05-21,IH,IH2609,2913.2,2946.0,2863.0,2868.0,13573,38726,1185562.842,2883.6,2898.0
2026-05-21,IH,IH2612,2898.2,2931.0,2847.4,2851.0,4413,10311,383330.976,2869.2,2883.4
2026-05-21,IM,IM2606,8765.0,8814.2,8426.2,8438.2,217179,233286,37581650.8,8507.2,8682.4
2026-05-21,IM,IM2607,8679.2,8738.6,8361.6,8369.8,8529,9314,1462650.476,8434.8,8609.0
2026-05-21,IM,IM2609,8524.2,8580.4,8220.0,8233.0,72512,138043,12229807.432,8294.4,8461.0
2026-05-21,IM,IM2612,8310.8,8364.6,8020.2,8033.0,28557,59018,4697981.604,8095.8,8251.4
2026-05-22,IC,IC2606,8401.0,8532.6,8357.8,8469.2,119676,160416,20202166.136,8493.0,8404.6
2026-05-22,IC,IC2607,8335.6,8472.8,8300.6,8412.0,4301,5908,720882.82,8435.4,8330.8
2026-05-22,IC,IC2609,8223.0,8362.8,8193.4,8305.4,37170,98935,6151630.528,8326.8,8245.6
2026-05-22,IC,IC2612,8100.0,8206.2,8041.8,8151.6,11355,31763,1843569.696,8169.0,8090.4
2026-05-22,IF,IF2606,4780.0,4814.4,4757.0,4788.2,71603,138493,10275880.932,4798.6,4776.6
2026-05-22,IF,IF2607,4743.4,4777.4,4720.8,4752.0,2571,4058,366074.118,4760.4,4746.8
2026-05-22,IF,IF2609,4704.0,4733.6,4678.2,4706.8,21239,81434,2996270.898,4715.2,4697.2
2026-05-22,IF,IF2612,4651.0,4681.0,4627.2,4653.0,7949,25567,1109246.418,4664.8,4646.0
2026-05-22,IH,IH2606,2920.0,2920.0,2893.2,2899.2,36248,58951,3158716.824,2904.6,2919.6
2026-05-22,IH,IH2607,2897.0,2897.8,2867.2,2870.2,2323,3679,200656.104,2879.8,2896.0
2026-05-22,IH,IH2609,2881.8,2884.0,2855.4,2862.4,9656,37686,830512.662,2867.8,2883.6
2026-05-22,IH,IH2612,2871.2,2871.2,2839.4,2845.6,3020,9850,258279.186,2852.2,2869.2
2026-05-22,IM,IM2606,8509.8,8651.2,8459.0,8589.8,189189,229122,32366684.972,8609.0,8507.2
2026-05-22,IM,IM2607,8468.0,8577.0,8392.0,8518.8,6998,9281,1187278.816,8534.4,8434.8
2026-05-22,IM,IM2609,8295.0,8428.8,8247.4,8370.4,53728,129833,8959417.72,8388.8,8294.4
2026-05-22,IM,IM2612,8098.0,8225.4,8050.6,8160.0,19841,57650,3229086.6,8184.0,8095.8
2026-05-25,IC,IC2606,8543.0,8603.8,8444.2,8582.8,106542,156252,18187093.832,8581.4,8493.0
2026-05-25,IC,IC2607,8491.0,8542.2,8391.8,8525.4,5101,7003,865357.26,8522.4,8435.4
2026-05-25,IC,IC2609,8356.0,8425.8,8282.0,8405.0,35290,98858,5904702.592,8408.8,8326.8
2026-05-25,IC,IC2612,8217.8,8266.0,8124.8,8251.6,10237,32615,1680725.792,8251.6,8169.0
2026-05-25,IF,IF2606,4817.8,4864.8,4811.4,4852.6,69836,136285,10137396.474,4855.8,4798.6
2026-05-25,IF,IF2607,4791.0,4824.8,4775.4,4814.8,2366,4218,341023.446,4817.4,4760.4
2026-05-25,IF,IF2609,4740.0,4776.2,4723.8,4765.2,21809,84117,3110452.854,4768.0,4715.2
2026-05-25,IF,IF2612,4688.0,4722.6,4673.6,4710.2,7417,26011,1045704.246,4713.0,4664.8
2026-05-25,IH,IH2606,2910.8,2948.6,2908.2,2943.2,38202,58574,3360467.088,2942.8,2904.6
2026-05-25,IH,IH2607,2887.2,2956.6,2884.0,2913.2,2036,3991,177478.2,2913.6,2879.8
2026-05-25,IH,IH2609,2878.4,2905.0,2870.8,2899.2,11334,38491,983662.056,2900.2,2867.8
2026-05-25,IH,IH2612,2860.0,2888.0,2855.8,2882.0,3370,10202,290900.448,2883.0,2852.2
2026-05-25,IM,IM2606,8670.0,8691.4,8570.4,8661.4,158385,214502,27387076.504,8672.8,8609.0
2026-05-25,IM,IM2607,8576.6,8615.0,8500.6,8588.0,7064,10621,1211023.62,8599.4,8534.4
2026-05-25,IM,IM2609,8418.2,8459.4,8354.6,8434.6,48454,131803,8159468.232,8443.6,8388.8
2026-05-25,IM,IM2612,8219.8,8248.6,8152.0,8223.0,17584,58331,2887659.752,8232.8,8184.0
2026-05-26,IC,IC2606,8563.2,8576.6,8425.0,8565.0,117245,154423,19933647.84,8523.0,8581.4
2026-05-26,IC,IC2607,8496.2,8513.0,8365.0,8504.2,6159,8339,1039602.432,8448.0,8522.4
2026-05-26,IC,IC2609,8380.0,8391.4,8250.2,8382.6,44604,103170,7424875.304,8337.8,8408.8
2026-05-26,IC,IC2612,8228.4,8233.6,8089.0,8223.8,13021,33328,2126015.62,8181.2,8251.6
2026-05-26,IF,IF2606,4847.0,4902.4,4838.0,4899.2,81237,138238,11858034.24,4881.2,4855.8
2026-05-26,IF,IF2607,4804.6,4858.0,4797.4,4856.4,3033,4932,439037.514,4833.6,4817.4
2026-05-26,IF,IF2609,4752.0,4806.2,4745.8,4801.0,25423,85363,3639777.264,4783.2,4768.0
2026-05-26,IF,IF2612,4700.0,4747.6,4691.2,4743.4,8010,26216,1133463.906,4724.2,4713.0
2026-05-26,IH,IH2606,2938.0,2958.4,2928.2,2955.6,37153,56070,3276660.27,2946.8,2942.8
2026-05-26,IH,IH2607,2903.2,2928.8,2892.8,2922.6,2461,4219,214814.346,2918.0,2913.6
2026-05-26,IH,IH2609,2890.0,2912.8,2882.0,2909.0,12310,38420,1069460.85,2900.6,2900.2
2026-05-26,IH,IH2612,2873.8,2896.0,2864.8,2891.0,3471,10193,299804.838,2884.2,2883.0
2026-05-26,IM,IM2606,8645.0,8645.0,8462.6,8596.0,181186,220892,30991319.5,8547.0,8672.8
2026-05-26,IM,IM2607,8556.4,8572.6,8388.0,8522.8,8506,12166,1443222.044,8474.2,8599.4
2026-05-26,IM,IM2609,8409.4,8417.6,8236.2,8363.8,58145,134192,9682699.196,8315.6,8443.6
2026-05-26,IM,IM2612,8203.8,8216.0,8035.0,8158.8,20513,59554,3332354.028,8114.8,8232.8
2026-05-27,IC,IC2606,8566.0,8658.2,8372.2,8415.8,131059,158225,22303543.94,8418.8,8523.0
2026-05-27,IC,IC2607,8515.8,8596.4,8315.6,8351.4,7881,9769,1330401.36,8352.8,8448.0
2026-05-27,IC,IC2609,8390.0,8474.4,8195.0,8236.6,45492,103741,7578413.56,8235.6,8337.8
2026-05-27,IC,IC2612,8232.2,8311.8,8034.8,8077.0,12961,34299,2118115.0,8073.4,8181.2
2026-05-27,IF,IF2606,4898.0,4928.4,4837.6,4857.2,79957,132712,11710168.698,4856.0,4881.2
2026-05-27,IF,IF2607,4856.4,4886.0,4797.4,4817.4,3917,5845,567969.384,4814.0,4833.6
2026-05-27,IF,IF2609,4798.6,4832.0,4741.4,4761.0,28746,88498,4125250.05,4757.8,4783.2
2026-05-27,IF,IF2612,4742.0,4772.0,4683.0,4706.0,9116,27364,1292836.482,4699.6,4724.2
2026-05-27,IH,IH2606,2955.0,2960.0,2896.6,2910.8,47101,61355,4130060.358,2910.8,2946.8
2026-05-27,IH,IH2607,2922.6,2929.2,2868.4,2883.0,2782,4462,241217.046,2879.0,2918.0
2026-05-27,IH,IH2609,2909.0,2915.4,2852.4,2870.6,15143,41351,1307094.474,2866.2,2900.6
2026-05-27,IH,IH2612,2887.8,2898.0,2836.2,2849.0,4357,10761,373871.634,2849.4,2884.2
2026-05-27,IM,IM2606,8613.0,8664.8,8388.0,8441.2,189151,212514,32213535.288,8430.4,8547.0
2026-05-27,IM,IM2607,8522.0,8590.8,8314.6,8369.4,9140,13296,1542263.428,8357.4,8474.2
2026-05-27,IM,IM2609,8360.0,8433.6,8152.2,8209.4,58246,137167,9647626.3,8192.6,8315.6
2026-05-27,IM,IM2612,8150.0,8225.0,7950.0,8000.6,21464,62217,3464973.324,7986.0,8114.8
2026-05-28,IC,IC2606,8410.2,8526.2,8321.6,8458.0,118479,149597,19953236.348,8475.6,8418.8
2026-05-28,IC,IC2607,8335.0,8460.6,8261.8,8401.6,6694,9809,1119583.288,8411.2,8352.8
2026-05-28,IC,IC2609,8226.0,8330.0,8136.0,8273.8,44449,103364,7318067.692,8288.4,8235.6
2026-05-28,IC,IC2612,8065.8,8161.2,7970.0,8106.8,13257,34801,2138043.376,8121.0,8073.4
2026-05-28,IF,IF2606,4850.0,4880.4,4793.2,4856.0,79535,132476,11534117.634,4862.0,4856.0
2026-05-28,IF,IF2607,4812.0,4838.0,4754.0,4814.4,4116,6754,592083.258,4823.0,4814.0
2026-05-28,IF,IF2609,4756.8,4781.0,4700.2,4761.2,26213,87285,3726878.364,4766.8,4757.8
2026-05-28,IF,IF2612,4695.4,4724.0,4643.8,4707.0,8444,26958,1185843.126,4710.4,4699.6
2026-05-28,IH,IH2606,2900.0,2911.6,2871.0,2890.4,38210,58094,3317986.776,2893.4,2910.8
2026-05-28,IH,IH2607,2878.0,2883.6,2841.4,2859.8,2483,4358,213338.358,2863.4,2879.0
2026-05-28,IH,IH2609,2866.2,2869.0,2827.2,2845.6,14122,40574,1207402.44,2848.6,2866.2
2026-05-28,IH,IH2612,2845.8,2852.6,2810.4,2831.4,3892,10651,330611.148,2831.6,2849.4
2026-05-28,IM,IM2606,8448.0,8571.6,8367.0,8524.4,189036,215868,32011389.712,8540.8,8430.4
2026-05-28,IM,IM2607,8352.0,8491.8,8291.0,8451.4,7954,13809,1335288.092,8466.0,8357.4
2026-05-28,IM,IM2609,8205.0,8328.8,8131.6,8287.4,54627,135095,8990978.74,8301.2,8192.6
2026-05-28,IM,IM2612,7983.6,8115.0,7925.0,8076.4,20225,62204,3244076.444,8088.8,7986.0
2026-05-29,IC,IC2606,8500.0,8518.0,8218.2,8274.6,126854,153227,21168421.148,8250.6,8475.6
2026-05-29,IC,IC2607,8443.2,8456.0,8157.6,8207.6,6368,10442,1055010.328,8187.4,8411.2
2026-05-29,IC,IC2609,8327.8,8328.0,8026.6,8084.0,48565,106275,7923681.676,8065.6,8288.4
2026-05-29,IC,IC2612,8147.0,8163.8,7862.2,7911.8,15493,36448,2474285.304,7897.8,8121.0
2026-05-29,IF,IF2606,4880.0,4901.2,4827.0,4847.8,88557,133075,12925367.412,4844.8,4862.0
2026-05-29,IF,IF2607,4838.0,4858.0,4787.0,4803.0,5269,7938,762063.738,4802.4,4823.0
2026-05-29,IF,IF2609,4788.0,4805.0,4730.4,4749.0,31758,92380,4542902.628,4748.4,4766.8
2026-05-29,IF,IF2612,4730.2,4747.0,4670.0,4691.8,9941,29318,1404655.548,4688.8,4710.4
2026-05-29,IH,IH2606,2901.2,2919.8,2886.4,2900.6,43547,61644,3790702.728,2895.8,2893.4
2026-05-29,IH,IH2607,2874.0,2888.6,2857.4,2869.0,2955,5565,254553.504,2865.4,2863.4
2026-05-29,IH,IH2609,2857.6,2874.2,2841.4,2855.4,13922,42222,1193138.796,2851.6,2848.6
2026-05-29,IH,IH2612,2841.0,2855.0,2824.2,2837.8,3742,11211,318645.396,2833.2,2831.6
2026-05-29,IM,IM2606,8574.0,8589.8,8291.6,8344.8,207672,215444,34905417.384,8317.2,8540.8
2026-05-29,IM,IM2607,8523.0,8523.0,8217.6,8270.0,9392,14985,1564000.816,8242.8,8466.0
2026-05-29,IM,IM2609,8330.0,8349.0,8059.6,8113.0,63764,139641,10417726.528,8083.8,8301.2
2026-05-29,IM,IM2612,8110.0,8137.8,7850.0,7904.8,23396,65726,3723059.928,7874.6,8088.8
2026-06-01,IC,IC2606,8298.0,8383.0,8206.0,8225.2,109411,144727,18131834.124,8228.2,8250.6
2026-06-01,IC,IC2607,8221.6,8316.2,8146.2,8169.8,5520,10123,907675.072,8167.4,8187.4
2026-06-01,IC,IC2609,8111.0,8188.0,8021.6,8044.0,36916,104814,5979237.188,8046.2,8065.6
2026-06-01,IC,IC2612,7925.0,8020.0,7854.8,7884.0,12108,36482,1919972.064,7879.0,7897.8
2026-06-01,IF,IF2606,4860.0,4881.6,4796.0,4811.0,80836,128739,11729515.812,4810.4,4844.8
2026-06-01,IF,IF2607,4823.0,4838.4,4761.0,4772.0,5273,8712,758184.108,4772.0,4802.4
2026-06-01,IF,IF2609,4769.4,4782.6,4704.2,4719.0,27877,92593,3964349.382,4715.6,4748.4
2026-06-01,IF,IF2612,4697.0,4718.6,4643.8,4659.8,9007,28681,1265019.882,4655.6,4688.8
2026-06-01,IH,IH2606,2901.0,2909.0,2870.0,2880.2,34909,56607,3026741.742,2879.2,2895.8
2026-06-01,IH,IH2607,2869.4,2878.0,2841.2,2850.2,2130,5102,182783.382,2849.8,2865.4
2026-06-01,IH,IH2609,2855.2,2865.0,2827.6,2834.2,12138,41783,1036086.354,2834.8,2851.6
2026-06-01,IH,IH2612,2840.0,2847.0,2810.4,2819.2,3412,10774,289559.844,2816.8,2833.2
2026-06-01,IM,IM2606,8355.0,8450.0,8294.2,8305.8,185978,219745,31109043.292,8316.0,8317.2
2026-06-01,IM,IM2607,8270.0,8375.6,8222.8,8235.2,10555,16869,1749736.772,8244.4,8242.8
2026-06-01,IM,IM2609,8134.6,8215.0,8070.0,8081.8,58978,141306,9595309.296,8092.8,8083.8
2026-06-01,IM,IM2612,7905.0,8000.0,7860.2,7880.4,22039,66830,3491733.144,7887.0,7874.6
2026-06-02,IC,IC2606,8270.0,8343.2,8101.6,8260.4,107090,144138,17623180.56,8273.2,8228.2
2026-06-02,IC,IC2607,8188.2,8281.0,8041.8,8203.4,7379,12236,1206020.988,8214.8,8167.4
2026-06-02,IC,IC2609,8082.2,8163.8,7928.8,8086.8,43965,110015,7079380.776,8099.0,8046.2
2026-06-02,IC,IC2612,7910.0,8000.0,7770.6,7924.0,14466,38691,2283954.904,7933.6,7879.0
2026-06-02,IF,IF2606,4821.0,4906.8,4802.0,4878.6,80922,127141,11788074.45,4883.4,4810.4
2026-06-02,IF,IF2607,4788.0,4866.2,4763.2,4840.2,6231,10522,899832.672,4845.2,4772.0
2026-06-02,IF,IF2609,4729.8,4808.8,4708.6,4785.2,31739,95793,4532662.728,4788.0,4715.6
2026-06-02,IF,IF2612,4669.0,4747.0,4643.0,4723.6,9400,29577,1325141.832,4727.4,4655.6
2026-06-02,IH,IH2606,2885.6,2920.6,2877.0,2902.8,36581,57406,3179595.456,2905.4,2879.2
2026-06-02,IH,IH2607,2853.6,2889.6,2847.6,2871.0,2722,5859,234044.508,2875.4,2849.8
2026-06-02,IH,IH2609,2838.2,2875.2,2832.8,2858.2,11803,42076,1010025.636,2861.2,2834.8
2026-06-02,IH,IH2612,2824.0,2855.8,2814.2,2839.0,3680,11689,312687.99,2842.6,2816.8
2026-06-02,IM,IM2606,8343.8,8395.0,8190.0,8324.6,175916,210218,29215504.848,8337.0,8316.0
2026-06-02,IM,IM2607,8260.0,8324.0,8124.2,8256.0,10282,18175,1692566.036,8268.2,8244.4
2026-06-02,IM,IM2609,8101.0,8176.0,7979.8,8106.4,62980,144585,10183508.78,8118.2,8092.8
2026-06-02,IM,IM2612,7905.0,7968.0,7780.2,7900.0,22022,69187,3471200.208,7910.0,7887.0
2026-06-03,IC,IC2606,8260.8,8425.0,8241.0,8314.2,106019,137771,17689513.524,8301.8,8273.2
2026-06-03,IC,IC2607,8219.2,8365.0,8184.4,8251.2,7427,12110,1230387.184,8245.2,8214.8
2026-06-03,IC,IC2609,8086.8,8246.0,8066.4,8133.8,49123,109037,8022190.368,8124.8,8099.0
2026-06-03,IC,IC2612,7937.4,8076.0,7900.4,7971.0,15717,39100,2513771.004,7955.2,7933.6
2026-06-03,IF,IF2606,4886.0,4964.6,4875.0,4913.8,87841,127750,12964572.072,4903.4,4883.4
2026-06-03,IF,IF2607,4850.0,4925.0,4837.4,4872.8,5907,10723,864733.698,4866.6,4845.2
2026-06-03,IF,IF2609,4785.2,4868.8,4781.0,4818.0,36007,96234,5211938.694,4809.0,4788.0
2026-06-03,IF,IF2612,4727.6,4808.0,4722.2,4761.4,9777,29625,1397136.876,4751.0,4727.4
2026-06-03,IH,IH2606,2898.8,2924.2,2892.2,2907.8,36499,54284,3184191.036,2906.6,2905.4
2026-06-03,IH,IH2607,2869.0,2892.8,2862.2,2877.0,2356,5445,203379.648,2876.8,2875.4
2026-06-03,IH,IH2609,2857.0,2879.2,2848.4,2862.2,12085,41744,1038193.62,2861.4,2861.2
2026-06-03,IH,IH2612,2837.2,2861.4,2829.0,2843.0,3857,11602,329193.078,2843.2,2842.6
2026-06-03,IM,IM2606,8330.2,8493.4,8300.4,8368.4,172909,201325,29086869.416,8359.4,8337.0
2026-06-03,IM,IM2607,8272.0,8420.0,8229.8,8295.8,9928,19319,1656028.228,8290.0,8268.2
2026-06-03,IM,IM2609,8126.0,8263.6,8075.0,8139.4,61731,141961,10104499.7,8130.8,8118.2
2026-06-03,IM,IM2612,7918.0,8049.8,7862.2,7919.6,23285,70421,3712257.876,7916.6,7910.0
2026-06-04,IC,IC2606,8272.0,8351.8,8256.0,8300.2,85473,133836,14197392.016,8299.2,8301.8
2026-06-04,IC,IC2607,8190.2,8291.0,8190.2,8243.8,5141,11952,847763.46,8238.6,8245.2
2026-06-04,IC,IC2609,8070.0,8171.6,8070.0,8119.8,37370,108552,6074690.392,8120.2,8124.8
2026-06-04,IC,IC2612,7909.8,8002.0,7909.8,7952.0,12161,39158,1936502.316,7956.0,7955.2
2026-06-04,IF,IF2606,4880.0,4908.8,4855.4,4871.0,68628,117531,10052094.798,4870.6,4903.4
2026-06-04,IF,IF2607,4844.2,4869.0,4817.0,4832.2,3819,10636,554792.91,4831.2,4866.6
2026-06-04,IF,IF2609,4783.8,4815.0,4761.6,4775.4,25581,96008,3674625.402,4776.2,4809.0
2026-06-04,IF,IF2612,4727.0,4754.4,4702.6,4715.0,8876,31278,1259051.55,4716.6,4751.0
2026-06-04,IH,IH2606,2895.4,2903.0,2865.6,2871.8,30896,52837,2674505.496,2872.4,2906.6
2026-06-04,IH,IH2607,2860.0,2872.4,2836.6,2841.4,2280,6015,195386.124,2842.8,2876.8
2026-06-04,IH,IH2609,2850.0,2858.6,2822.6,2827.2,11350,41561,967336.212,2828.2,2861.4
2026-06-04,IH,IH2612,2826.6,2838.2,2804.2,2809.8,3429,12029,290247.492,2809.4,2843.2
2026-06-04,IM,IM2606,8320.0,8400.0,8306.4,8354.8,131965,191874,22063901.76,8350.6,8359.4
2026-06-04,IM,IM2607,8222.0,8327.0,8222.0,8284.0,7967,19932,1320661.792,8279.2,8290.0
2026-06-04,IM,IM2609,8090.0,8169.0,8080.4,8124.8,47359,141194,7702888.56,8121.6,8130.8
2026-06-04,IM,IM2612,7870.0,7950.8,7867.0,7908.0,17503,68690,2771631.74,7911.4,7916.6
2026-06-05,IC,IC2606,8254.2,8354.6,8161.0,8190.6,114107,140622,18826660.728,8202.6,8299.2
2026-06-05,IC,IC2607,8205.8,8293.0,8097.2,8127.2,7051,12623,1155641.108,8135.4,8238.6
2026-06-05,IC,IC2609,8078.8,8175.8,7976.0,8000.8,51751,113592,8351874.092,8017.8,8120.2
2026-06-05,IC,IC2612,7915.4,8005.8,7802.6,7828.8,13987,39683,2208864.668,7840.2,7956.0
2026-06-05,IF,IF2606,4850.0,4888.8,4762.2,4776.8,86654,122663,12574119.252,4786.2,4870.6
2026-06-05,IF,IF2607,4820.0,4848.8,4721.0,4734.2,6446,12823,927857.742,4747.6,4831.2
2026-06-05,IF,IF2609,4763.6,4791.0,4667.0,4680.0,36617,103282,5202637.92,4691.4,4776.2
2026-06-05,IF,IF2612,4702.8,4729.2,4603.4,4620.6,11853,34250,1661860.47,4627.6,4716.6
2026-06-05,IH,IH2606,2868.6,2892.8,2841.6,2844.0,40601,57634,3497431.776,2849.0,2872.4
2026-06-05,IH,IH2607,2834.2,2863.8,2811.8,2814.6,2746,6253,234163.314,2821.6,2842.8
2026-06-05,IH,IH2609,2824.0,2847.2,2795.6,2798.0,15086,44456,1278877.086,2804.6,2828.2
2026-06-05,IH,IH2612,2804.0,2828.6,2776.4,2779.0,3898,11951,328094.574,2785.0,2809.4
2026-06-05,IM,IM2606,8305.0,8444.6,8240.0,8291.8,181451,200773,30252532.944,8298.6,8350.6
2026-06-05,IM,IM2607,8245.8,8372.0,8169.4,8214.0,10182,21017,1680802.652,8219.2,8279.2
2026-06-05,IM,IM2609,8090.0,8207.8,8012.4,8055.6,69348,149159,11242494.12,8063.4,8121.6
2026-06-05,IM,IM2612,7888.8,7987.6,7794.0,7831.0,22736,72076,3583439.168,7841.0,7911.4
2026-06-08,IC,IC2606,8050.0,8095.2,7838.0,7935.0,126464,138659,20204508.3,7917.0,8202.6
2026-06-08,IC,IC2607,7950.0,8035.0,7781.0,7876.6,9540,14366,1513612.472,7856.2,8135.4
2026-06-08,IC,IC2609,7850.0,7918.8,7662.2,7755.4,59077,116581,9229592.616,7740.2,8017.8
2026-06-08,IC,IC2612,7700.0,7749.6,7493.8,7592.8,17139,42338,2619680.748,7570.6,7840.2
2026-06-08,IF,IF2606,4700.0,4746.0,4640.2,4682.6,89286,118426,12591532.554,4679.0,4786.2
2026-06-08,IF,IF2607,4700.0,4707.0,4603.4,4641.4,7271,13724,1017426.348,4640.0,4747.6
2026-06-08,IF,IF2609,4614.8,4652.0,4547.2,4588.8,39244,105592,5423856.798,4585.2,4691.4
2026-06-08,IF,IF2612,4550.0,4589.0,4488.8,4530.0,11313,35107,1543258.842,4526.6,4627.6
2026-06-08,IH,IH2606,2808.4,2833.2,2791.2,2813.0,41918,56466,3540331.998,2808.4,2849.0
2026-06-08,IH,IH2607,2788.0,2804.8,2764.0,2784.0,4207,8002,351725.508,2782.6,2821.6
2026-06-08,IH,IH2609,2775.8,2787.4,2747.0,2768.0,17192,45041,1428899.508,2764.0,2804.6
2026-06-08,IH,IH2612,2758.0,2769.0,2727.8,2746.4,4294,12926,354339.486,2744.6,2785.0
2026-06-08,IM,IM2606,8117.8,8222.0,7962.0,8072.8,200287,201883,32494258.34,8046.4,8298.6
2026-06-08,IM,IM2607,8000.0,8149.0,7889.6,8000.6,15010,25314,2414527.644,7976.6,8219.2
2026-06-08,IM,IM2609,7891.8,7995.0,7740.0,7843.2,82795,154115,13053569.632,7819.0,8063.4
2026-06-08,IM,IM2612,7730.0,7771.4,7521.0,7630.0,28169,75443,4319712.272,7601.2,7841.0
2026-06-09,IC,IC2606,7986.0,8133.8,7912.0,8112.4,97714,124794,15657477.088,8106.2,7917.0
2026-06-09,IC,IC2607,7942.0,8065.8,7852.6,8044.8,9833,15241,1563076.84,8037.8,7856.2
2026-06-09,IC,IC2609,7801.2,7936.0,7735.8,7920.4,43516,112558,6810106.412,7910.4,7740.2
2026-06-09,IC,IC2612,7650.0,7757.0,7566.0,7742.4,13020,40800,1993147.612,7734.0,7570.6
2026-06-09,IF,IF2606,4700.0,4752.4,4669.6,4743.6,69069,109772,9755721.06,4742.4,4679.0
2026-06-09,IF,IF2607,4668.6,4712.2,4629.4,4703.0,7588,15734,1064171.172,4702.0,4640.0
2026-06-09,IF,IF2609,4610.0,4653.2,4572.2,4647.6,30301,104026,4190280.414,4642.8,4585.2
2026-06-09,IF,IF2612,4557.2,4591.0,4511.8,4583.8,8521,34482,1162562.256,4579.2,4526.6
2026-06-09,IH,IH2606,2817.0,2822.6,2795.6,2817.2,33269,54225,2802591.588,2818.4,2808.4
2026-06-09,IH,IH2607,2789.0,2794.6,2768.2,2788.6,3705,8126,309065.25,2791.0,2782.6
2026-06-09,IH,IH2609,2772.0,2777.0,2751.6,2772.2,12866,44460,1066658.766,2773.4,2764.0
2026-06-09,IH,IH2612,2753.0,2759.0,2732.8,2754.6,3657,12699,301182.654,2754.6,2744.6
2026-06-09,IM,IM2606,8120.0,8261.6,8065.0,8233.4,160340,177843,26153309.232,8237.2,8046.4
2026-06-09,IM,IM2607,8100.2,8173.2,7992.0,8153.8,16083,28211,2599335.784,8152.6,7976.6
2026-06-09,IM,IM2609,7900.0,8010.8,7836.4,7993.0,66881,150868,10590467.196,7988.8,7819.0
2026-06-09,IM,IM2612,7695.0,7782.8,7618.0,7764.4,22953,74973,3533231.6,7761.0,7601.2
2026-06-10,IC,IC2606,8048.8,8085.2,7921.8,8024.2,96266,124545,15402556.28,8006.4,8106.2
2026-06-10,IC,IC2607,7995.4,8019.0,7850.0,7960.0,9711,17708,1540007.136,7938.0,8037.8
2026-06-10,IC,IC2609,7850.0,7891.4,7728.0,7831.6,46259,116068,7221609.508,7813.2,7910.4
2026-06-10,IC,IC2612,7690.0,7711.2,7546.4,7650.0,13795,44015,2103551.052,7632.4,7734.0
2026-06-10,IF,IF2606,4713.2,4736.8,4673.8,4721.4,68264,104272,9639509.508,4715.0,4742.4
2026-06-10,IF,IF2607,4675.0,4697.0,4634.0,4680.2,7068,16375,989445.402,4673.2,4702.0
2026-06-10,IF,IF2609,4617.0,4638.4,4575.2,4618.4,28457,105683,3933745.008,4613.6,4642.8
2026-06-10,IF,IF2612,4550.0,4578.4,4508.2,4552.2,10090,37355,1374710.316,4545.6,4579.2
2026-06-10,IH,IH2606,2810.0,2840.4,2809.0,2833.8,35694,52108,3028544.91,2835.4,2818.4
2026-06-10,IH,IH2607,2775.8,2811.0,2775.8,2805.0,4051,9015,340307.814,2806.2,2791.0
2026-06-10,IH,IH2609,2762.2,2794.0,2762.2,2789.0,15507,45188,1294483.788,2789.8,2773.4
2026-06-10,IH,IH2612,2748.8,2774.6,2746.0,2770.0,4104,13491,340144.476,2770.2,2754.6
2026-06-10,IM,IM2606,8190.0,8214.8,8053.0,8162.2,154308,177936,25101086.816,8147.0,8237.2
2026-06-10,IM,IM2607,8102.8,8134.0,7970.8,8080.2,13513,29492,2175079.588,8062.4,8152.6
2026-06-10,IM,IM2609,7951.8,7967.0,7811.4,7917.0,67079,156017,10585226.932,7900.2,7988.8
2026-06-10,IM,IM2612,7720.0,7740.0,7585.0,7689.2,20396,76574,3124291.12,7672.6,7761.0
2026-06-11,IC,IC2606,8007.4,8052.2,7915.0,7990.8,96052,120366,15320965.18,7965.2,8006.4
2026-06-11,IC,IC2607,7929.8,7986.6,7853.0,7925.2,9198,18005,1454691.468,7898.8,7938.0
2026-06-11,IC,IC2609,7813.0,7861.4,7732.0,7801.0,48980,117282,7625684.768,7775.8,7813.2
2026-06-11,IC,IC2612,7630.6,7680.0,7552.6,7620.2,13525,42783,2056377.984,7592.8,7632.4
2026-06-11,IF,IF2606,4710.0,4737.0,4656.2,4693.4,68305,101097,9615284.418,4677.4,4715.0
2026-06-11,IF,IF2607,4686.0,4695.0,4616.4,4651.2,7721,18621,1077535.122,4638.2,4673.2
2026-06-11,IF,IF2609,4615.0,4636.4,4558.0,4591.8,32792,108407,4518485.334,4578.0,4613.6
2026-06-11,IF,IF2612,4540.0,4567.8,4490.0,4524.4,8847,37104,1200342.3,4509.8,4545.6
2026-06-11,IH,IH2606,2833.4,2841.8,2815.6,2835.8,28621,47978,2428960.11,2830.8,2835.4
2026-06-11,IH,IH2607,2803.0,2813.0,2787.0,2806.0,3018,8474,253459.434,2800.4,2806.2
2026-06-11,IH,IH2609,2786.4,2796.6,2770.8,2790.6,13421,45122,1120628.37,2784.8,2789.8
2026-06-11,IH,IH2612,2765.0,2777.4,2751.2,2772.2,4125,13182,341937.306,2765.2,2770.2
2026-06-11,IM,IM2606,8145.0,8194.4,8048.0,8126.4,149516,171821,24243900.404,8094.8,8147.0
2026-06-11,IM,IM2607,8055.0,8114.6,7975.0,8049.0,12505,30546,2008279.008,8019.4,8062.4
2026-06-11,IM,IM2609,7908.8,7948.8,7813.0,7886.6,66805,157295,10512390.724,7856.4,7900.2
2026-06-11,IM,IM2612,7673.0,7721.6,7590.0,7660.6,19867,77727,3036015.596,7631.0,7672.6
2026-06-12,IC,IC2606,8130.0,8237.6,8077.0,8117.2,101801,112831,16588879.528,8111.2,7965.2
2026-06-12,IC,IC2607,8040.0,8166.6,8010.0,8051.2,10525,19391,1700715.276,8044.8,7898.8
2026-06-12,IC,IC2609,7940.0,8042.0,7891.8,7927.6,56920,120973,9057851.648,7924.4,7775.8
2026-06-12,IC,IC2612,7729.8,7856.0,7714.6,7749.0,16787,47001,2610710.916,7746.2,7592.8
2026-06-12,IF,IF2606,4750.4,4793.0,4730.0,4769.8,76249,94540,10897334.76,4766.4,4677.4
2026-06-12,IF,IF2607,4700.0,4748.6,4690.0,4727.0,8900,19794,1260433.89,4723.2,4638.2
2026-06-12,IF,IF2609,4650.0,4690.0,4630.4,4671.8,38386,112317,5370344.544,4668.2,4578.0
2026-06-12,IF,IF2612,4566.6,4624.0,4562.2,4607.4,11498,39622,1586009.394,4604.2,4509.8
2026-06-12,IH,IH2606,2846.4,2902.6,2844.0,2897.2,40456,48977,3493671.618,2892.8,2830.8
2026-06-12,IH,IH2607,2828.0,2874.2,2813.8,2867.6,5618,10815,480775.566,2863.8,2800.4
2026-06-12,IH,IH2609,2801.2,2856.8,2798.4,2852.0,19626,47059,1667494.518,2848.0,2784.8
2026-06-12,IH,IH2612,2793.0,2838.2,2780.2,2832.8,6178,15539,521865.294,2829.4,2765.2
2026-06-12,IM,IM2606,8250.0,8323.8,8165.2,8196.8,146950,158171,24220362.196,8191.8,8094.8
2026-06-12,IM,IM2607,8178.0,8243.4,8093.0,8122.8,15891,33949,2595420.22,8118.8,8019.4
2026-06-12,IM,IM2609,8000.0,8077.0,7932.0,7958.6,80183,163108,12832228.46,7957.2,7856.4
2026-06-12,IM,IM2612,7755.0,7847.4,7711.0,7735.0,24082,78857,3744274.644,7735.8,7631.0
2026-06-15,IC,IC2606,8181.2,8385.0,8181.2,8384.8,100068,104498,16616447.572,8355.8,8111.2
2026-06-15,IC,IC2607,8150.2,8319.6,8122.0,8318.6,19254,28362,3176113.172,8284.6,8044.8
2026-06-15,IC,IC2609,8104.0,8207.6,8010.0,8206.6,61522,129676,10001627.388,8172.8,7924.4
2026-06-15,IC,IC2612,7804.0,8028.0,7804.0,8028.0,21026,48119,3346723.456,7993.0,7746.2
2026-06-15,IF,IF2606,4819.0,4882.0,4804.8,4880.0,74674,83327,10855195.422,4865.2,4766.4
2026-06-15,IF,IF2607,4750.0,4839.0,4750.0,4839.0,12805,23351,1845380.286,4823.4,4723.2
2026-06-15,IF,IF2609,4718.8,4785.8,4710.0,4784.6,45110,118395,6428774.502,4767.2,4668.2
2026-06-15,IF,IF2612,4660.0,4717.0,4647.2,4714.4,13815,40379,1941885.6,4699.6,4604.2
2026-06-15,IH,IH2606,2926.2,2950.8,2911.0,2938.6,39731,43628,3492801.468,2931.0,2892.8
2026-06-15,IH,IH2607,2895.0,2924.8,2882.6,2909.2,9689,13868,843831.396,2902.8,2863.8
2026-06-15,IH,IH2609,2875.0,2913.4,2870.4,2900.6,24020,49809,2082716.094,2890.0,2848.0
2026-06-15,IH,IH2612,2856.4,2894.8,2852.8,2884.6,6020,15613,518561.424,2873.6,2829.4
2026-06-15,IM,IM2606,8292.0,8480.6,8285.0,8475.2,134896,137607,22677054.752,8453.4,8191.8
2026-06-15,IM,IM2607,8178.0,8407.4,8178.0,8403.4,23151,40710,3859561.616,8376.0,8118.8
2026-06-15,IM,IM2609,8050.0,8245.6,8049.6,8244.6,85423,167732,13962773.86,8217.2,7957.2
2026-06-15,IM,IM2612,7815.0,8014.2,7815.0,8012.6,28590,82837,4545946.596,7983.0,7735.8
2026-06-16,IC,IC2606,8369.0,8514.4,8362.2,8475.8,80075,84052,13538029.824,8478.2,8355.8
2026-06-16,IC,IC2607,8318.8,8440.0,8292.6,8400.8,18430,31814,3091170.164,8403.8,8284.6
2026-06-16,IC,IC2609,8206.0,8324.6,8181.2,8278.0,58829,133993,9726192.9,8284.2,8172.8
2026-06-16,IC,IC2612,8036.0,8147.6,8002.2,8098.0,17533,50664,2837748.824,8103.6,7993.0
2026-06-16,IF,IF2606,4879.8,4898.2,4858.0,4875.2,60182,67700,8809057.578,4878.0,4865.2
2026-06-16,IF,IF2607,4854.0,4854.0,4813.2,4827.4,12484,25349,1810908.192,4834.2,4823.4
2026-06-16,IF,IF2609,4781.8,4798.0,4757.4,4767.0,42585,123822,6104245.146,4773.2,4767.2
2026-06-16,IF,IF2612,4718.0,4729.8,4690.2,4696.0,10638,42636,1502908.248,4702.6,4699.6
2026-06-16,IH,IH2606,2930.0,2935.2,2905.0,2911.0,30100,33766,2638689.516,2914.2,2931.0
2026-06-16,IH,IH2607,2910.2,2910.2,2876.6,2884.8,8634,16217,749569.29,2886.4,2902.8
2026-06-16,IH,IH2609,2897.2,2898.4,2867.0,2872.0,22676,55128,1961335.674,2875.6,2890.0
2026-06-16,IH,IH2612,2884.6,2887.0,2850.0,2854.4,4940,16713,424780.62,2858.8,2873.6
2026-06-16,IM,IM2606,8471.8,8645.0,8447.0,8602.4,124372,116720,21306409.004,8609.6,8453.4
2026-06-16,IM,IM2607,8393.0,8557.0,8372.8,8523.8,25572,46919,4343224.616,8525.2,8376.0
2026-06-16,IM,IM2609,8234.4,8390.4,8215.0,8349.0,89065,177643,14824198.64,8358.8,8217.2
2026-06-16,IM,IM2612,8012.0,8153.0,7983.0,8109.8,28593,86394,4625338.016,8118.2,7983.0
2026-06-17,IC,IC2606,8458.0,8616.6,8444.4,8613.2,68652,65953,11723275.24,8583.6,8478.2
2026-06-17,IC,IC2607,8383.6,8547.4,8371.0,8545.4,21730,40049,3681806.976,8513.0,8403.8
2026-06-17,IC,IC2609,8242.0,8433.0,8242.0,8429.0,68378,144462,11422808.968,8400.4,8284.2
2026-06-17,IC,IC2612,8064.8,8248.0,8055.0,8247.2,16340,51828,2670519.072,8214.6,8103.6
2026-06-17,IF,IF2606,4859.0,4928.0,4859.0,4928.0,55239,54429,8106965.166,4907.4,4878.0
2026-06-17,IF,IF2607,4815.0,4884.0,4814.0,4882.0,17235,33044,2506093.056,4860.4,4834.2
2026-06-17,IF,IF2609,4762.0,4824.0,4755.6,4823.0,43330,131470,6223195.476,4802.0,4773.2
2026-06-17,IF,IF2612,4685.8,4746.0,4685.8,4743.0,9778,44793,1382915.964,4724.8,4702.6
2026-06-17,IH,IH2606,2910.2,2935.8,2903.4,2935.0,25807,27831,2257657.746,2926.6,2914.2
2026-06-17,IH,IH2607,2884.8,2906.0,2877.8,2906.0,8598,18110,745265.826,2897.8,2886.4
2026-06-17,IH,IH2609,2875.2,2895.8,2865.4,2894.4,21816,57268,1882927.632,2885.6,2875.6
2026-06-17,IH,IH2612,2853.0,2873.0,2849.0,2872.0,5074,17960,435027.24,2861.4,2858.8
2026-06-17,IM,IM2606,8570.0,8696.0,8570.0,8695.0,98806,86061,17063379.844,8660.8,8609.6
2026-06-17,IM,IM2607,8490.0,8613.0,8490.0,8612.0,29920,56723,5120798.656,8580.0,8525.2
2026-06-17,IM,IM2609,8330.0,8446.8,8320.0,8445.0,91903,188057,15417863.356,8414.0,8358.8
2026-06-17,IM,IM2612,8089.0,8204.0,8080.0,8201.0,22735,88619,3704975.356,8171.4,8118.2
2026-06-18,IC,IC2606,8580.6,8718.0,8571.0,8682.8,58561,40211,10131318.924,8685.4,8583.6
2026-06-18,IC,IC2607,8536.8,8650.0,8512.6,8620.0,33996,51980,5840846.76,8618.0,8513.0
2026-06-18,IC,IC2609,8424.0,8546.0,8401.8,8517.4,88410,162104,15000843.988,8513.6,8400.4
2026-06-18,IC,IC2612,8239.0,8365.0,8222.0,8341.4,19307,55507,3207810.216,8337.8,8214.6
2026-06-18,IF,IF2606,4910.0,4971.0,4910.0,4960.6,51416,35979,7624285.758,4950.2,4907.4
2026-06-18,IF,IF2607,4852.0,4927.6,4852.0,4917.0,28722,45105,4222359.138,4907.0,4860.4
2026-06-18,IF,IF2609,4817.6,4873.4,4805.0,4862.8,61213,147088,8896946.958,4853.4,4802.0
2026-06-18,IF,IF2612,4730.0,4796.6,4730.0,4784.6,12592,47230,1801623.294,4775.6,4724.8
2026-06-18,IH,IH2606,2923.8,2954.6,2922.4,2941.0,25130,18677,2214899.022,2939.6,2926.6
2026-06-18,IH,IH2607,2894.2,2927.2,2894.2,2911.8,11680,21051,1019567.676,2910.6,2897.8
2026-06-18,IH,IH2609,2888.0,2914.2,2882.8,2899.8,28121,64125,2444791.974,2898.6,2885.6
2026-06-18,IH,IH2612,2861.2,2893.2,2861.2,2878.4,5333,18693,460356.594,2876.0,2861.4
2026-06-18,IM,IM2606,8666.8,8788.0,8646.6,8766.0,78697,57977,13737427.1,8759.8,8660.8
2026-06-18,IM,IM2607,8592.0,8694.8,8576.8,8679.0,40021,69030,6921867.38,8667.6,8580.0
2026-06-18,IM,IM2609,8430.0,8533.2,8416.0,8510.0,114746,204527,19473590.94,8505.6,8414.0
2026-06-18,IM,IM2612,8183.2,8288.8,8172.0,8270.0,26046,92936,4293504.348,8262.8,8171.4
2026-06-22,IC,IC2606,8692.8,8778.8,8607.4,8778.2,29050,0,5050723.472,8777.53,8685.4
2026-06-22,IC,IC2607,8660.0,8793.4,8540.6,8770.0,46843,64169,8101710.26,8749.8,8618.0
2026-06-22,IC,IC2609,8536.0,8677.0,8432.0,8650.0,112647,171790,19241731.88,8634.2,8513.6
2026-06-22,IC,IC2612,8369.0,8492.0,8254.2,8469.2,21508,55986,3594007.072,8447.6,8337.8
2026-06-22,IF,IF2606,4956.0,5030.2,4925.2,5029.2,25670,0,3823473.654,5028.84,4950.2
2026-06-22,IF,IF2607,4926.0,5030.0,4888.2,5027.2,44696,58431,6641882.142,5017.2,4907.0
2026-06-22,IF,IF2609,4852.4,4987.4,4838.8,4983.8,88185,161226,12978709.512,4975.2,4853.4
2026-06-22,IF,IF2612,4790.0,4919.0,4761.0,4918.0,16035,49785,2328102.084,4905.4,4775.6
2026-06-22,IH,IH2606,2936.0,2996.0,2918.2,2995.6,16134,0,1428824.376,2995.2,2939.6
2026-06-22,IH,IH2607,2918.0,2991.2,2894.0,2988.4,21705,28010,1914801.558,2984.2,2910.6
2026-06-22,IH,IH2609,2896.0,2982.2,2883.4,2978.0,49450,76460,4350457.866,2975.2,2898.6
2026-06-22,IH,IH2612,2880.0,2963.8,2861.8,2961.4,8765,20463,764739.81,2955.0,2876.0
2026-06-22,IM,IM2606,8790.0,8802.4,8620.4,8774.2,44990,0,7842914.288,8774.84,8759.8
2026-06-22,IM,IM2607,8720.0,8739.8,8533.4,8706.2,64293,88681,11097862.612,8700.0,8667.6
2026-06-22,IM,IM2609,8546.0,8558.0,8367.0,8524.2,158991,221871,26912673.04,8521.6,8505.6
2026-06-22,IM,IM2612,8301.0,8310.0,8126.4,8281.0,31029,94592,5101936.32,8279.0,8262.8
2026-06-23,IC,IC2607,8735.0,8793.0,8522.6,8592.0,48853,62559,8477849.784,8569.2,8749.8
2026-06-23,IC,IC2608,8669.0,8736.0,8449.2,8530.2,4971,4829,854505.832,8511.8,8749.8
2026-06-23,IC,IC2609,8630.0,8672.2,8377.0,8455.0,129547,174176,22120474.168,8428.6,8634.2
2026-06-23,IC,IC2612,8440.8,8493.0,8192.8,8270.6,22874,57748,3820494.192,8244.6,8447.6
2026-06-23,IF,IF2607,5012.2,5034.8,4845.4,4867.8,47396,56958,7028279.598,4865.8,5017.2
2026-06-23,IF,IF2608,4993.2,5013.8,4815.2,4833.2,3860,3737,568150.776,4836.8,5017.2
2026-06-23,IF,IF2609,4974.6,4994.0,4790.2,4812.4,105369,164687,15463131.822,4811.6,4975.2
2026-06-23,IF,IF2612,4910.0,4926.0,4718.0,4736.0,20234,52021,2922017.976,4736.8,4905.4
2026-06-23,IH,IH2607,2978.4,2995.8,2885.6,2896.6,19123,27392,1688042.322,2895.8,2984.2
2026-06-23,IH,IH2608,2984.4,2993.2,2878.8,2892.0,1649,1602,145376.274,2889.0,2984.2
2026-06-23,IH,IH2609,2970.0,2985.2,2873.2,2884.6,50120,76305,4405378.962,2884.0,2975.2
2026-06-23,IH,IH2612,2950.0,2967.8,2854.2,2864.8,8216,20691,716069.382,2865.4,2955.0
2026-06-23,IM,IM2607,8699.0,8733.0,8532.6,8598.8,65773,87883,11370750.708,8571.2,8700.0
2026-06-23,IM,IM2608,8590.8,8638.0,8436.8,8515.0,8726,8503,1492282.372,8490.4,8700.0
2026-06-23,IM,IM2609,8501.8,8535.0,8339.2,8403.0,169243,221704,28604728.248,8381.2,8521.6
2026-06-23,IM,IM2612,8271.4,8285.0,8099.0,8156.0,26961,95006,4423448.432,8135.0,8279.0
2026-06-24,IC,IC2607,8569.4,8767.2,8541.6,8727.6,42850,62005,7422658.448,8734.2,8569.2
2026-06-24,IC,IC2608,8508.0,8698.4,8484.2,8659.0,5963,5858,1024609.052,8666.4,8511.8
2026-06-24,IC,IC2609,8462.8,8635.0,8418.8,8595.0,114321,169193,19519555.016,8601.4,8428.6
2026-06-24,IC,IC2612,8265.4,8445.0,8233.6,8402.8,17053,56412,2846291.008,8409.8,8244.6
2026-06-24,IF,IF2607,4868.0,4909.0,4853.2,4890.2,33112,54754,4851213.846,4890.0,4865.8
2026-06-24,IF,IF2608,4834.2,4876.6,4823.6,4860.0,3687,3815,536799.75,4856.0,4836.8
2026-06-24,IF,IF2609,4832.0,4854.8,4801.2,4830.8,69308,154821,10043827.104,4832.0,4811.6
2026-06-24,IF,IF2612,4733.0,4779.8,4726.0,4754.8,11519,50199,1643320.566,4757.0,4736.8
2026-06-24,IH,IH2607,2899.0,2918.2,2896.4,2911.8,16599,26643,1448173.728,2910.0,2895.8
2026-06-24,IH,IH2608,2895.0,2913.2,2891.8,2905.8,2681,2286,233490.822,2903.6,2889.0
2026-06-24,IH,IH2609,2890.0,2905.8,2885.0,2896.2,33499,71544,2910139.002,2895.2,2884.0
2026-06-24,IH,IH2612,2866.0,2886.8,2865.8,2874.6,5273,20766,455055.114,2875.0,2865.4
2026-06-24,IM,IM2607,8575.0,8703.8,8522.0,8667.6,59625,89622,10277979.544,8676.4,8571.2
2026-06-24,IM,IM2608,8504.4,8611.2,8441.0,8568.0,8861,9852,1510405.516,8577.0,8490.4
2026-06-24,IM,IM2609,8413.2,8520.0,8344.6,8472.4,144567,214962,24386752.34,8486.8,8381.2
2026-06-24,IM,IM2612,8156.0,8265.2,8100.0,8221.2,22110,94495,3619911.62,8234.2,8135.0
2026-06-25,IC,IC2607,8747.0,8850.0,8694.0,8842.6,43473,63035,7638700.172,8828.6,8734.2
2026-06-25,IC,IC2608,8678.0,8779.6,8628.6,8774.8,5281,6545,920073.992,8757.0,8666.4
2026-06-25,IC,IC2609,8595.2,8714.8,8561.6,8699.4,122306,176339,21155117.324,8688.2,8601.4
2026-06-25,IC,IC2612,8444.0,8515.0,8367.4,8506.2,18530,58736,3133624.616,8495.8,8409.8
2026-06-25,IF,IF2607,4891.0,4981.0,4888.0,4972.6,36963,56901,5480179.722,4961.6,4890.0
2026-06-25,IF,IF2608,4866.0,4946.4,4855.4,4932.2,3372,4356,496398.744,4923.6,4856.0
2026-06-25,IF,IF2609,4830.0,4921.6,4829.8,4907.0,81049,159220,11868924.294,4897.2,4832.0
2026-06-25,IF,IF2612,4762.0,4844.8,4755.0,4826.6,12250,50975,1765473.84,4820.2,4757.0
2026-06-25,IH,IH2607,2904.8,2963.4,2904.8,2942.6,18446,27794,1624965.102,2938.0,2910.0
2026-06-25,IH,IH2608,2906.0,2956.0,2900.2,2931.2,3719,3827,326775.954,2928.2,2903.6
2026-06-25,IH,IH2609,2895.4,2946.4,2891.2,2924.8,40016,73405,3504919.482,2920.2,2895.2
2026-06-25,IH,IH2612,2875.0,2921.8,2871.6,2900.0,6535,21049,567787.662,2894.4,2875.0
2026-06-25,IM,IM2607,8700.0,8763.0,8630.2,8725.8,51012,84690,8873004.82,8716.0,8676.4
2026-06-25,IM,IM2608,8577.2,8661.2,8526.4,8622.6,8079,12624,1388900.064,8616.8,8577.0
2026-06-25,IM,IM2609,8498.0,8562.0,8430.0,8523.8,144932,216470,24638644.276,8517.8,8486.8
2026-06-25,IM,IM2612,8240.0,8303.2,8176.0,8271.2,23977,94628,3955664.156,8266.2,8234.2
2026-06-26,IC,IC2607,8780.8,8823.0,8563.2,8615.6,53355,64996,9256032.732,8630.2,8828.6
2026-06-26,IC,IC2608,8740.0,8744.0,8481.0,8526.0,6035,7288,1037405.048,8540.8,8757.0
2026-06-26,IC,IC2609,8647.4,8672.2,8402.0,8447.0,145705,172822,24811001.552,8461.6,8688.2
2026-06-26,IC,IC2612,8455.0,8475.6,8208.2,8244.8,25213,59196,4190147.92,8255.8,8495.8
2026-06-26,IF,IF2607,4944.4,4945.4,4791.2,4825.8,42636,55214,6209293.488,4825.2,4961.6
2026-06-26,IF,IF2608,4916.4,4916.4,4750.2,4783.0,6099,5870,878908.734,4783.6,4923.6
2026-06-26,IF,IF2609,4884.0,4884.0,4717.0,4748.2,105290,159794,15110924.028,4751.4,4897.2
2026-06-26,IF,IF2612,4799.8,4805.0,4634.0,4665.2,18624,52881,2623066.11,4668.8,4820.2
2026-06-26,IH,IH2607,2934.0,2940.2,2856.6,2883.6,20164,28197,1750024.89,2882.2,2938.0
2026-06-26,IH,IH2608,2922.8,2929.2,2847.6,2870.0,2989,3673,258461.25,2871.2,2928.2
2026-06-26,IH,IH2609,2917.4,2920.8,2834.8,2859.0,47552,72200,4096593.396,2862.4,2920.2
2026-06-26,IH,IH2612,2891.0,2895.0,2807.4,2832.8,7302,21389,622793.832,2834.2,2894.4
2026-06-26,IM,IM2607,8678.0,8694.2,8468.8,8532.6,63441,90290,10874745.492,8539.8,8716.0
2026-06-26,IM,IM2608,8582.8,8591.2,8362.0,8424.6,9481,13004,1604592.14,8427.4,8616.8
2026-06-26,IM,IM2609,8480.0,8490.2,8260.2,8319.2,174428,220480,29174675.272,8324.0,8517.8
2026-06-26,IM,IM2612,8243.4,8243.4,8008.8,8066.0,28278,97251,4587830.576,8067.8,8266.2
