date,product,main_contract,top20_rank_rows,top20_volume,top20_volume_chg,top20_long_oi,top20_long_oi_chg,top20_short_oi,top20_short_oi_chg,top20_net_oi,top20_net_oi_chg,net_buy_qty,net_sell_qty,long_chg_positive,short_chg_positive,net_chg_positive,main_contract_volume,main_contract_open_interest,close,settle,pre_settle
2025-04-09,IC,IC2504,20,142113,-2301,60503,-4742,60592,-4345,-89,-397,0,397,False,False,False,89534,77524,5387.2,5408.4,5231.4
2025-04-09,IF,IF2506,20,164989,-10906,107001,-2736,125525,-1394,-18524,-1342,0,1342,False,False,False,115307,150590,3614.0,3620.2,3538.6
2025-04-09,IH,IH2506,20,99230,-966,42555,-616,50528,-467,-7973,-149,0,149,False,False,False,65219,58795,2564.2,2563.2,2517.4
2025-04-09,IM,IM2506,20,415523,39946,126822,-5607,141517,-9063,-14695,3456,3456,0,False,False,True,307215,184548,5429.6,5451.0,5270.4
2025-04-10,IC,IC2504,20,98780,-42604,50012,-10081,50508,-9470,-496,-611,0,611,False,False,False,60899,65270,5509.0,5528.6,5408.4
2025-04-10,IF,IF2506,20,122775,-42070,98736,-8265,118337,-7188,-19601,-1077,0,1077,False,False,False,83748,141689,3673.0,3678.8,3620.2
2025-04-10,IH,IH2506,20,67227,-31161,33627,-8928,41453,-8898,-7826,-30,0,30,False,False,False,43873,48237,2582.2,2585.6,2563.2
2025-04-10,IM,IM2506,20,302165,-111113,118644,-8178,134170,-7084,-15526,-1094,0,1094,False,False,False,222566,174420,5578.2,5598.0,5451.0
2025-04-11,IC,IC2504,20,78610,-19419,47396,-2073,49324,-1047,-1928,-1026,0,1026,False,False,False,48540,62461,5555.8,5569.8,5528.6
2025-04-11,IF,IF2506,20,99050,-22388,97991,-745,117596,-741,-19605,-4,0,4,False,False,False,69617,139942,3686.6,3693.0,3678.8
2025-04-11,IH,IH2506,20,51357,-15331,33666,98,40866,-536,-7200,634,634,0,True,False,True,33127,47569,2595.6,2595.4,2585.6
2025-04-11,IM,IM2506,20,262052,-37996,116183,-2002,133652,-243,-17469,-1759,0,1759,False,False,False,192909,173299,5672.2,5685.4,5598.0
2025-04-14,IC,IC2504,20,61447,-15820,38978,-8235,40799,-8350,-1821,115,115,0,False,False,True,38051,51902,5584.8,5591.4,5569.8
2025-04-14,IF,IF2506,20,66256,-31481,93837,-4154,112197,-5155,-18360,1001,1001,0,False,False,True,45569,135018,3694.8,3699.0,3693.0
2025-04-14,IH,IH2506,20,39856,-11245,32510,-1156,39611,-1141,-7101,-15,0,15,False,False,False,26026,46111,2606.6,2610.0,2595.4
2025-04-14,IM,IM2506,20,182560,-79194,106191,-9026,124303,-9349,-18112,323,323,0,False,False,True,133293,162218,5693.0,5702.0,5685.4
2025-04-15,IC,IC2504,20,61315,570,35504,-3386,36771,-3959,-1267,573,573,0,False,False,True,38649,46610,5580.0,5571.6,5591.4
2025-04-15,IF,IF2506,20,67852,2504,96575,2738,113829,1632,-17254,1106,1106,0,True,True,True,44540,137582,3690.4,3688.6,3699.0
2025-04-15,IH,IH2506,20,33997,-5639,31742,-768,38505,-1022,-6763,254,254,0,False,False,True,21919,45206,2608.8,2606.4,2610.0
2025-04-15,IM,IM2506,20,176088,-4896,109641,3502,126427,2124,-16786,1378,1378,0,True,True,True,126870,164742,5680.4,5673.2,5702.0
2025-04-16,IC,IC2504,20,69694,8693,29081,-6328,29629,-6713,-548,385,385,0,False,False,True,44211,36562,5540.4,5525.2,5571.6
2025-04-16,IF,IF2506,20,85867,19293,100109,3534,115751,2132,-15642,1402,1402,0,True,True,True,58241,141540,3690.8,3677.6,3688.6
2025-04-16,IH,IH2506,20,47554,13819,33168,1519,39110,780,-5942,739,739,0,True,True,True,31223,46398,2620.0,2612.2,2606.4
2025-04-16,IM,IM2506,20,214116,39207,113315,4127,130216,3789,-16901,338,338,0,True,True,True,156339,171071,5603.0,5594.4,5673.2
2025-04-17,IC,IC2506,20,66968,9378,76220,2883,80781,4208,-4561,-1325,0,1325,True,True,False,44149,99918,5406.6,5422.2,5355.4
2025-04-17,IF,IF2506,20,80471,-4187,100120,11,117599,2515,-17479,-2504,0,2504,True,True,False,55799,141593,3710.6,3712.8,3677.6
2025-04-17,IH,IH2506,20,42555,-4481,31281,-1860,37539,-1437,-6258,-423,0,423,False,False,False,28211,44853,2633.6,2634.6,2612.2
2025-04-17,IM,IM2506,20,215263,2299,111333,-1653,129472,-692,-18139,-961,0,961,False,False,False,156019,168300,5653.8,5672.6,5594.4
2025-04-18,IC,IC2506,20,64714,-902,76387,442,81208,586,-4821,-144,0,144,True,True,False,42314,100600,5400.0,5423.8,5422.2
2025-04-18,IF,IF2506,20,67135,-12934,98161,-1959,115106,-2493,-16945,534,534,0,False,False,True,45646,139841,3708.8,3714.6,3712.8
2025-04-18,IH,IH2506,20,38675,-3216,30798,-441,37333,-205,-6535,-236,0,236,False,False,False,25557,44395,2633.4,2633.0,2634.6
2025-04-18,IM,IM2506,20,204938,-9509,110072,-1205,129511,39,-19439,-1244,0,1244,False,True,False,150566,168687,5642.0,5670.4,5672.6
2025-04-21,IC,IC2506,20,64032,-366,75835,-456,80794,-347,-4959,-109,0,109,False,False,False,42483,99810,5499.8,5507.6,5423.8
2025-04-21,IF,IF2506,20,64252,-2740,98433,484,115868,762,-17435,-278,0,278,True,True,False,44191,139536,3733.2,3738.6,3714.6
2025-04-21,IH,IH2506,20,34826,-3637,29990,-348,37310,-5,-7320,-343,0,343,False,False,False,23857,43953,2631.4,2636.2,2633.0
2025-04-21,IM,IM2506,20,186971,-16159,108790,-1227,126489,-2618,-17699,1391,1391,0,False,False,True,137318,166314,5770.0,5770.0,5670.4
2025-04-22,IC,IC2506,20,55568,-7676,74194,-1641,78383,-2411,-4189,770,770,0,False,False,True,37064,97788,5486.0,5497.0,5507.6
2025-04-22,IF,IF2506,20,57070,-7182,96400,-2005,113380,-2488,-16980,483,483,0,False,False,True,37955,136331,3733.0,3740.0,3738.6
2025-04-22,IH,IH2506,20,29101,-5186,29328,-662,35964,-1346,-6636,684,684,0,False,False,True,19683,42709,2637.4,2641.4,2636.2
2025-04-22,IM,IM2506,20,177768,-8067,107824,-582,125041,-1313,-17217,731,731,0,False,False,True,130317,163968,5769.6,5782.6,5770.0
2025-04-23,IC,IC2506,20,69480,14117,77819,4089,81964,3581,-4145,508,508,0,True,True,True,45995,101966,5495.0,5495.8,5497.0
2025-04-23,IF,IF2506,20,72728,15658,96572,202,113038,-279,-16466,481,481,0,True,False,True,48170,137093,3734.0,3735.2,3740.0
2025-04-23,IH,IH2506,20,34164,5363,30465,1137,36578,614,-6113,523,523,0,True,True,True,23296,43864,2627.4,2627.6,2641.4
2025-04-23,IM,IM2506,20,200211,22605,109921,2156,127420,2395,-17499,-239,0,239,True,True,False,146296,166689,5820.0,5821.6,5782.6
2025-04-24,IC,IC2506,20,60256,-9143,75694,-2123,79811,-2143,-4117,20,20,0,False,False,True,39686,99171,5478.0,5475.4,5495.8
2025-04-24,IF,IF2506,20,70907,-619,97306,774,113044,6,-15738,768,768,0,True,True,True,48747,136827,3736.8,3737.0,3735.2
2025-04-24,IH,IH2506,20,35498,1603,30620,409,36323,-180,-5703,589,589,0,True,False,True,24156,43465,2635.8,2635.2,2627.6
2025-04-24,IM,IM2506,20,186221,-12405,108175,-1746,124443,-2977,-16268,1231,1231,0,False,False,True,135094,163863,5767.4,5761.6,5821.6
2025-04-25,IC,IC2506,20,66509,7096,75611,-83,80132,396,-4521,-479,0,479,False,True,False,43767,99051,5498.6,5499.8,5475.4
2025-04-25,IF,IF2506,20,69936,-498,96865,245,112898,-146,-16033,391,391,0,True,False,True,47168,136227,3739.2,3737.6,3737.0
2025-04-25,IH,IH2506,20,39365,4347,31912,1609,37415,1152,-5503,457,457,0,True,True,True,26636,44804,2628.0,2626.4,2635.2
2025-04-25,IM,IM2506,20,202361,16140,111436,3511,127892,3449,-16456,62,62,0,True,True,True,147686,167733,5786.6,5785.0,5761.6
2025-04-28,IC,IC2506,20,57249,-8801,73938,-1673,78039,-2071,-4101,398,398,0,False,False,True,37058,96080,5471.0,5474.4,5499.8
2025-04-28,IF,IF2506,20,57782,-12154,96011,-854,111522,-1192,-15511,338,338,0,False,False,True,38102,134340,3730.6,3732.8,3737.6
2025-04-28,IH,IH2506,20,32151,-6937,30390,-1425,35747,-1668,-5357,243,243,0,False,False,True,21403,42616,2628.0,2630.4,2626.4
2025-04-28,IM,IM2506,20,167828,-33834,105518,-5728,121375,-6438,-15857,710,710,0,False,False,True,120927,159258,5729.0,5733.2,5785.0
2025-04-29,IC,IC2506,20,52690,-3967,72856,-794,78443,430,-5587,-1224,0,1224,False,True,False,34048,95869,5487.2,5487.6,5474.4
2025-04-29,IF,IF2506,20,55589,-1630,96159,148,111367,-155,-15208,303,303,0,True,False,True,37569,134140,3724.8,3725.8,3732.8
2025-04-29,IH,IH2506,20,31046,-748,30741,428,35977,230,-5236,198,198,0,True,True,True,20683,43068,2621.2,2623.2,2630.4
2025-04-29,IM,IM2506,20,159634,-6605,105756,740,122766,1391,-17010,-651,0,651,True,True,False,116166,159461,5773.6,5769.0,5733.2
2025-04-30,IC,IC2506,20,59313,7518,71322,-1497,77288,-1155,-5966,-342,0,342,False,False,False,38409,94639,5497.0,5512.0,5487.6
2025-04-30,IF,IF2506,20,62541,7066,98779,2620,114015,2648,-15236,-28,0,28,True,True,False,42386,136357,3716.2,3724.0,3725.8
2025-04-30,IH,IH2506,20,39615,9015,31879,1155,37369,1392,-5490,-237,0,237,True,True,False,26366,44590,2609.2,2612.0,2623.2
2025-04-30,IM,IM2506,20,149177,-9846,101258,-4498,118437,-4329,-17179,-169,0,169,False,False,False,108819,153214,5801.4,5814.0,5769.0
2025-05-06,IC,IC2506,20,65391,6078,73392,2281,79985,2701,-6593,-420,0,420,True,True,False,43200,97319,5622.0,5619.4,5512.0
2025-05-06,IF,IF2506,20,70359,8614,100174,1395,115625,1610,-15451,-215,0,215,True,True,False,47831,138953,3766.2,3765.8,3724.0
2025-05-06,IH,IH2506,20,37885,-1608,31551,-328,37637,303,-6086,-631,0,631,False,True,False,25377,44285,2629.6,2629.0,2612.0
2025-05-06,IM,IM2506,20,149288,996,105792,4541,121242,2805,-15450,1736,1736,0,True,True,True,107389,160100,5953.2,5947.8,5814.0
2025-05-07,IC,IC2506,20,82381,17276,76426,3422,82061,2076,-5635,1346,1346,0,True,True,True,54572,100287,5620.2,5609.6,5619.4
2025-05-07,IF,IF2506,20,81599,11728,103631,3457,118197,2572,-14566,885,885,0,True,True,True,56105,141994,3785.0,3778.2,3765.8
2025-05-07,IH,IH2506,20,44385,7097,33516,1965,38763,1126,-5247,839,839,0,True,True,True,29460,46351,2646.4,2643.0,2629.0
2025-05-07,IM,IM2506,20,214964,67033,117326,11544,133095,11853,-15769,-309,0,309,True,True,False,158085,174521,5955.2,5945.0,5947.8
2025-05-08,IC,IC2506,20,66785,-15552,74541,-1803,80648,-1413,-6107,-390,0,390,False,False,False,43288,98379,5660.0,5660.8,5609.6
2025-05-08,IF,IF2506,20,84817,3218,106552,2921,121328,3776,-14776,-855,0,855,True,True,False,58985,146021,3816.0,3815.8,3778.2
2025-05-08,IH,IH2506,20,46713,3220,34200,1069,39620,857,-5420,212,212,0,True,True,True,31258,47278,2664.8,2665.0,2643.0
2025-05-08,IM,IM2506,20,171940,-40293,110492,-6766,125276,-7819,-14784,1053,1053,0,False,False,True,125065,165679,6018.8,6015.6,5945.0
2025-05-09,IC,IC2506,20,69174,2672,75609,1252,80418,-230,-4809,1482,1482,0,True,False,True,44378,98899,5604.8,5605.2,5660.8
2025-05-09,IF,IF2506,20,57644,-26904,101754,-4798,115686,-5507,-13932,709,709,0,False,False,True,39940,138820,3808.6,3806.0,3815.8
2025-05-09,IH,IH2506,20,25788,-20458,30823,-3159,35933,-3687,-5110,528,528,0,False,False,True,17832,43172,2666.2,2666.2,2665.0
2025-05-09,IM,IM2506,20,170938,1285,110869,478,125775,592,-14906,-114,0,114,True,True,False,124744,165673,5945.2,5944.0,6015.6
2025-05-12,IC,IC2506,20,80964,12592,76524,1127,82988,2570,-6464,-1443,0,1443,True,True,False,52449,101404,5688.0,5673.2,5605.2
2025-05-12,IF,IF2506,20,89920,32989,112052,10298,127142,11456,-15090,-1158,0,1158,True,True,False,61843,152926,3853.0,3849.6,3806.0
2025-05-12,IH,IH2506,20,46643,21324,36709,6249,42937,7004,-6228,-755,0,755,True,True,False,31684,50672,2686.6,2685.4,2666.2
2025-05-12,IM,IM2506,20,183901,13216,112160,1291,130438,4667,-18278,-3376,0,3376,True,True,False,134023,170704,6037.0,6022.2,5944.0
2025-05-13,IC,IC2506,20,74751,-5454,77430,1153,81837,-1151,-4407,2304,2304,0,True,False,True,49100,102084,5654.6,5654.4,5673.2
2025-05-13,IF,IF2506,20,65434,-22699,105563,-6489,119434,-7708,-13871,1219,1219,0,False,False,True,45698,143968,3851.0,3851.4,3849.6
2025-05-13,IH,IH2506,20,32284,-13544,34855,-1740,40435,-2438,-5580,698,698,0,False,False,True,21914,48431,2688.2,2688.0,2685.4
2025-05-13,IM,IM2506,20,179513,-3433,112871,843,128449,-1989,-15578,2832,2832,0,True,False,True,132408,170058,5996.6,5997.0,6022.2
2025-05-14,IC,IC2506,20,108633,34137,87649,10219,93742,12483,-6093,-2264,0,2264,True,True,False,72621,117024,5697.8,5685.4,5654.4
2025-05-14,IF,IF2506,20,117425,52034,120398,14857,137169,18202,-16771,-3345,0,3345,True,True,False,81957,164602,3907.4,3901.8,3851.4
2025-05-14,IH,IH2506,20,70149,37943,44699,9844,50910,10525,-6211,-681,0,681,True,True,False,48329,61472,2737.6,2733.4,2688.0
2025-05-14,IM,IM2506,20,252428,73894,132440,19569,149882,22155,-17442,-2586,0,2586,True,True,False,189515,196475,6043.0,6026.0,5997.0
2025-05-15,IC,IC2506,20,89600,-18046,86984,-347,92567,-832,-5583,485,485,0,False,False,True,58925,117015,5623.0,5615.8,5685.4
2025-05-15,IF,IF2506,20,88146,-29035,111058,-9334,126658,-10511,-15600,1177,1177,0,False,False,True,59965,153318,3872.8,3871.4,3901.8
2025-05-15,IH,IH2506,20,53557,-15931,40465,-4231,46770,-4131,-6305,-100,0,100,False,False,False,36205,56219,2723.0,2722.6,2733.4
2025-05-15,IM,IM2506,20,209621,-40988,125331,-6959,141900,-7819,-16569,860,860,0,False,False,True,155023,187025,5949.0,5943.0,6026.0
2025-05-16,IC,IC2506,20,71963,-17040,86161,-531,90942,-1491,-4781,960,960,0,False,False,True,47834,116190,5601.8,5610.0,5615.8
2025-05-16,IF,IF2506,20,82237,-4771,113667,2609,128105,1447,-14438,1162,1162,0,True,True,True,55823,154933,3846.0,3846.4,3871.4
2025-05-16,IH,IH2506,20,52443,-652,40103,-362,45903,-867,-5800,505,505,0,False,False,True,35488,54791,2695.2,2693.4,2722.6
2025-05-16,IM,IM2506,20,177144,-30601,126573,1422,143140,1240,-16567,182,182,0,True,True,True,131868,188635,5933.8,5948.8,5943.0
2025-05-19,IC,IC2506,20,78917,7521,87794,1730,92558,1684,-4764,46,46,0,True,True,True,51297,118428,5623.0,5618.2,5610.0
2025-05-19,IF,IF2506,20,72963,-8261,109292,-4195,123147,-4958,-13855,763,763,0,False,False,True,48882,149439,3843.2,3841.2,3846.4
2025-05-19,IH,IH2506,20,40918,-11105,37343,-2711,42401,-3502,-5058,791,791,0,False,False,True,27081,51445,2688.8,2687.4,2693.4
2025-05-19,IM,IM2506,20,194044,17149,130607,4166,145446,2306,-14839,1860,1860,0,True,True,True,140984,192261,5975.4,5966.6,5948.8
2025-05-20,IC,IC2506,20,69424,-9458,82883,-4911,88212,-4000,-5329,-911,0,911,False,False,False,45384,112947,5650.8,5648.2,5618.2
2025-05-20,IF,IF2506,20,76786,4244,109733,466,124196,1186,-14463,-720,0,720,True,True,False,52572,150105,3865.4,3864.6,3841.2
2025-05-20,IH,IH2506,20,41576,917,37520,194,43048,647,-5528,-453,0,453,True,True,False,27980,51766,2699.4,2700.2,2687.4
2025-05-20,IM,IM2506,20,170997,-21185,123605,-6879,139478,-5968,-15873,-911,0,911,False,False,False,124540,184920,6019.4,6011.6,5966.6
2025-05-21,IC,IC2506,20,61559,-7083,82098,-771,87412,-800,-5314,29,29,0,False,False,True,39909,111497,5655.6,5654.4,5648.2
2025-05-21,IF,IF2506,20,83258,6708,106780,-2953,121601,-2595,-14821,-358,0,358,False,False,False,56306,146414,3881.2,3881.6,3864.6
2025-05-21,IH,IH2506,20,39725,-1785,36607,-607,42360,-634,-5753,27,27,0,False,False,True,27164,50924,2712.6,2712.8,2700.2
2025-05-21,IM,IM2506,20,154370,-15306,120853,-2608,136542,-2936,-15689,328,328,0,False,False,True,111291,180860,6000.6,5998.6,6011.6
2025-05-22,IC,IC2506,20,84222,23051,85325,3227,90294,2927,-4969,300,300,0,True,True,True,53832,116140,5614.8,5615.4,5654.4
2025-05-22,IF,IF2506,20,79413,-3490,104136,-2557,118888,-2713,-14752,156,156,0,False,False,True,52835,143884,3879.6,3880.4,3881.6
2025-05-22,IH,IH2506,20,43228,3644,37199,875,42181,-68,-4982,943,943,0,True,False,True,28918,51342,2715.4,2715.2,2712.8
2025-05-22,IM,IM2506,20,204790,51749,132373,11520,147462,11222,-15089,298,298,0,True,True,True,148619,195203,5950.0,5949.2,5998.6
2025-05-23,IC,IC2506,20,104344,20461,87216,2540,92422,2231,-5206,309,309,0,True,True,True,67871,118330,5561.8,5576.4,5615.4
2025-05-23,IF,IF2506,20,116089,37720,111558,7422,125006,6118,-13448,1304,1304,0,True,True,True,78281,152612,3846.2,3854.6,3880.4
2025-05-23,IH,IH2506,20,59106,16039,41959,4764,46584,4447,-4625,317,317,0,True,True,True,39517,56417,2693.0,2696.8,2715.2
2025-05-23,IM,IM2506,20,233259,29070,132218,44,147919,457,-15701,-413,0,413,True,True,False,167101,194014,5872.0,5896.2,5949.2
2025-05-26,IC,IC2506,20,86776,-17220,81431,-5785,84902,-7214,-3471,1429,1429,0,False,False,True,56454,110791,5594.6,5591.6,5576.4
2025-05-26,IF,IF2506,20,94157,-21605,99996,-11562,113384,-11622,-13388,60,60,0,False,False,True,62863,138782,3831.2,3828.6,3854.6
2025-05-26,IH,IH2506,20,52175,-6732,37958,-3927,42832,-3630,-4874,-297,0,297,False,False,False,34244,51685,2684.4,2682.4,2696.8
2025-05-26,IM,IM2506,20,185547,-45364,123434,-8693,137085,-10834,-13651,2141,2141,0,False,False,True,133893,181503,5925.0,5921.2,5896.2
2025-05-27,IC,IC2506,20,81328,-4737,81660,733,84493,-195,-2833,928,928,0,True,False,True,52001,109673,5578.0,5582.6,5591.6
2025-05-27,IF,IF2506,20,82917,-10068,102602,2606,115536,2152,-12934,454,454,0,True,True,True,54529,140116,3809.2,3812.8,3828.6
2025-05-27,IH,IH2506,20,42889,-8464,38351,554,43123,454,-4772,100,100,0,True,True,True,28167,51671,2668.6,2671.0,2682.4
2025-05-27,IM,IM2506,20,194641,9856,128574,5326,141064,4248,-12490,1078,1078,0,True,True,True,140778,186517,5915.0,5918.0,5921.2
2025-05-28,IC,IC2506,20,65221,-15689,77581,-3936,80209,-4284,-2628,348,348,0,False,False,True,42102,104395,5568.0,5563.6,5582.6
2025-05-28,IF,IF2506,20,68874,-13606,93802,-8800,105668,-9868,-11866,1068,1068,0,False,False,True,45973,129593,3805.0,3806.8,3812.8
2025-05-28,IH,IH2506,20,33122,-9558,34390,-3923,39171,-3907,-4781,-16,0,16,False,False,False,21699,47109,2665.4,2667.0,2671.0
2025-05-28,IM,IM2506,20,165328,-28732,120157,-8417,131499,-9486,-11342,1069,1069,0,False,False,True,120232,175258,5899.0,5892.6,5918.0
2025-05-29,IC,IC2506,20,103340,38858,83153,5735,87753,7835,-4600,-2100,0,2100,True,True,False,68773,112167,5668.6,5662.4,5563.6
2025-05-29,IF,IF2506,20,105814,37949,99928,7698,112107,7038,-12179,660,660,0,True,True,True,70602,136268,3832.8,3835.4,3806.8
2025-05-29,IH,IH2506,20,58025,25393,41009,6789,46598,7481,-5589,-692,0,692,True,True,False,37631,54235,2673.6,2676.0,2667.0
2025-05-29,IM,IM2506,20,230615,66961,130451,10551,141425,10042,-10974,509,509,0,True,True,True,166397,187832,6031.0,6019.0,5892.6
2025-05-30,IC,IC2506,20,82372,-19456,75599,-6224,78357,-9240,-2758,3016,3016,0,False,False,True,53557,101945,5627.8,5619.8,5662.4
2025-05-30,IF,IF2506,20,95576,-9062,88637,-9935,99402,-12374,-10765,2439,2439,0,False,False,True,63806,122449,3822.4,3820.6,3835.4
2025-05-30,IH,IH2506,20,55575,-2193,36640,-4103,41328,-5033,-4688,930,930,0,False,False,True,36536,49121,2667.2,2667.2,2676.0
2025-05-30,IM,IM2506,20,184233,-45335,116688,-13720,127525,-13669,-10837,-51,0,51,False,False,False,130165,168201,5966.0,5957.4,6019.0
2025-06-03,IC,IC2506,20,72788,-8055,77963,2519,81643,3316,-3680,-797,0,797,True,True,False,46453,104981,5638.4,5646.0,5619.8
2025-06-03,IF,IF2506,20,80353,-15118,90889,2401,101380,1978,-10491,423,423,0,True,True,True,52960,123878,3824.8,3826.8,3820.6
2025-06-03,IH,IH2506,20,45194,-10066,37398,945,42688,1646,-5290,-701,0,701,True,True,False,29234,49619,2668.6,2669.4,2667.2
2025-06-03,IM,IM2506,20,160974,-22920,117343,1198,128578,1053,-11235,145,145,0,True,True,True,112727,169461,5998.0,6004.8,5957.4
2025-06-04,IC,IC2506,20,59727,-12578,72305,-5658,75357,-6165,-3052,507,507,0,False,False,True,38714,98287,5688.8,5688.8,5646.0
2025-06-04,IF,IF2506,20,70801,-9097,83844,-7045,93628,-7752,-9784,707,707,0,False,False,True,47487,116411,3842.4,3843.8,3826.8
2025-06-04,IH,IH2506,20,33791,-11378,34970,-2257,40698,-1979,-5728,-278,0,278,False,False,False,22289,47017,2673.6,2674.4,2669.4
2025-06-04,IM,IM2506,20,141630,-17804,111108,-6017,121486,-7092,-10378,1075,1075,0,False,False,True,100779,161713,6054.0,6051.8,6004.8
2025-06-05,IC,IC2506,20,67073,8256,74544,2239,77133,2222,-2589,17,17,0,True,True,True,43186,100210,5723.6,5726.4,5688.8
2025-06-05,IF,IF2506,20,73994,3399,84680,836,93538,190,-8858,646,646,0,True,True,True,49359,116859,3852.0,3856.0,3843.8
2025-06-05,IH,IH2506,20,39790,5999,35806,867,41374,752,-5568,115,115,0,True,True,True,26100,47574,2674.0,2676.0,2674.4
2025-06-05,IM,IM2506,20,165260,24088,115750,5002,124735,3285,-8985,1717,1717,0,True,True,True,118336,166975,6101.6,6100.8,6051.8
2025-06-06,IC,IC2506,20,52447,-14626,70975,-3541,72418,-4238,-1443,697,697,0,False,False,True,34070,94713,5725.4,5720.6,5726.4
2025-06-06,IF,IF2506,20,64176,-9555,80081,-4599,89365,-4151,-9284,-448,0,448,False,False,False,43521,110984,3855.4,3853.8,3856.0
2025-06-06,IH,IH2506,20,36685,-3105,33077,-2697,38458,-2860,-5381,163,163,0,False,False,True,23950,44741,2673.6,2672.8,2676.0
2025-06-06,IM,IM2506,20,125999,-38388,106803,-8691,115684,-9051,-8881,360,360,0,False,False,True,88977,154557,6100.2,6094.2,6100.8
2025-06-09,IC,IC2506,20,70825,18671,73584,2609,77526,5225,-3942,-2616,0,2616,True,True,False,46713,99590,5766.4,5768.8,5720.6
2025-06-09,IF,IF2506,20,85443,21906,87059,6978,97676,8393,-10617,-1415,0,1415,True,True,False,57026,119577,3867.8,3867.8,3853.8
2025-06-09,IH,IH2506,20,46298,9872,35314,2257,40461,2319,-5147,-62,0,62,True,True,False,30458,47436,2676.6,2674.2,2672.8
2025-06-09,IM,IM2506,20,150595,25375,108417,2031,117485,1801,-9068,230,230,0,True,True,True,105988,156512,6167.8,6169.0,6094.2
2025-06-10,IC,IC2506,20,80633,10072,70661,-2605,72543,-4831,-1882,2226,2226,0,False,False,True,52147,93852,5718.2,5718.4,5768.8
2025-06-10,IF,IF2506,20,98164,14087,81720,-5339,90422,-7254,-8702,1915,1915,0,False,False,True,64495,112083,3841.0,3844.4,3867.8
2025-06-10,IH,IH2506,20,58464,12578,34967,-250,38917,-1297,-3950,1047,1047,0,False,False,True,38481,46099,2660.0,2661.4,2674.2
2025-06-10,IM,IM2506,20,188260,38681,112588,4665,120037,2731,-7449,1934,1934,0,True,True,True,132573,158926,6113.8,6105.6,6169.0
2025-06-11,IC,IC2506,20,73135,-6639,67273,-3319,68985,-3558,-1712,239,239,0,False,False,True,47295,89802,5761.2,5768.0,5718.4
2025-06-11,IF,IF2506,20,102886,5188,84445,2725,93708,3286,-9263,-561,0,561,True,True,False,69002,115340,3878.8,3881.4,3844.4
2025-06-11,IH,IH2506,20,53731,-4447,33891,-899,38543,-279,-4652,-620,0,620,False,False,False,35407,44558,2682.4,2681.6,2661.4
2025-06-11,IM,IM2506,20,159262,-26099,100460,-11762,108581,-11382,-8121,-380,0,380,False,False,False,112327,144803,6144.0,6152.0,6105.6
2025-06-12,IC,IC2506,20,62560,-9668,63850,-3215,64796,-4015,-946,800,800,0,False,False,True,40513,84586,5780.0,5777.0,5768.0
2025-06-12,IF,IF2506,20,78323,-24554,74376,-10069,82877,-10203,-8501,134,134,0,False,False,True,51953,102508,3883.6,3881.6,3881.4
2025-06-12,IH,IH2506,20,46793,-6280,32678,-1114,36546,-1744,-3868,630,630,0,False,False,True,30227,42917,2682.2,2682.2,2681.6
2025-06-12,IM,IM2506,20,142120,-16258,99391,-696,107210,-1240,-7819,544,544,0,False,False,True,99982,142864,6156.8,6152.8,6152.0
2025-06-13,IC,IC2506,20,82583,20297,62638,-1212,62331,-2313,307,1101,1101,0,False,False,True,53130,81891,5729.0,5729.8,5777.0
2025-06-13,IF,IF2506,20,93176,14998,77772,3567,84528,1902,-6756,1665,1665,0,True,True,True,60941,104348,3856.4,3855.2,3881.6
2025-06-13,IH,IH2506,20,51636,5284,34487,1928,37947,1548,-3460,380,380,0,True,True,True,32980,44411,2665.2,2665.6,2682.2
2025-06-13,IM,IM2506,20,171237,32150,99872,1730,106813,-272,-6941,2002,2002,0,True,False,True,119917,141736,6084.2,6083.6,6152.8
2025-06-16,IC,IC2506,20,74376,-6569,53048,-9590,53886,-7601,-838,-1989,0,1989,False,False,False,47548,69823,5756.2,5760.2,5729.8
2025-06-16,IF,IF2506,20,89587,-2672,60441,-17185,66705,-17712,-6264,527,527,0,False,False,True,57349,83317,3869.8,3869.0,3855.2
2025-06-16,IH,IH2506,20,46238,-5037,30295,-4090,33688,-4255,-3393,165,165,0,False,False,True,29457,39603,2678.4,2678.2,2665.6
2025-06-16,IM,IM2506,20,141248,-29129,87435,-11410,92549,-13932,-5114,2522,2522,0,False,False,True,96721,124057,6127.4,6128.8,6083.6
2025-06-17,IC,IC2506,20,72020,-1243,46675,-6078,47624,-5598,-949,-480,0,480,False,False,False,45830,60777,5748.4,5736.4,5760.2
2025-06-17,IF,IF2506,20,84216,-4610,53234,-7207,57655,-9004,-4421,1797,1797,0,False,False,True,53299,71388,3868.6,3863.4,3869.0
2025-06-17,IH,IH2506,20,45036,-241,24040,-6233,26859,-6286,-2819,53,53,0,False,False,True,28286,32008,2680.8,2677.2,2678.2
2025-06-17,IM,IM2506,20,142035,1818,80272,-6950,83395,-8800,-3123,1850,1850,0,False,False,True,97198,112030,6130.0,6118.0,6128.8
2025-06-18,IC,IC2506,20,68175,-3224,38515,-7763,39095,-8239,-580,476,476,0,False,False,True,43253,49346,5738.0,5736.8,5736.4
2025-06-18,IF,IF2506,20,83178,-939,41828,-10446,43784,-13522,-1956,3076,3076,0,False,False,True,52365,55637,3872.2,3871.2,3863.4
2025-06-18,IH,IH2506,20,36420,-8039,20184,-3794,22119,-4557,-1935,763,763,0,False,False,True,23851,26177,2677.4,2676.0,2677.2
2025-06-18,IM,IM2506,20,128100,-13441,64374,-15364,64935,-18460,-561,3096,3096,0,False,False,True,87763,88005,6124.2,6121.2,6118.0
2025-06-19,IC,IC2506,20,63594,-3809,28890,-8933,28961,-10095,-71,1162,1162,0,False,False,True,40032,35618,5677.8,5669.6,5736.8
2025-06-19,IF,IF2506,20,67705,-15353,29282,-10890,30893,-11117,-1611,227,227,0,False,False,True,43781,37486,3840.4,3837.4,3871.2
2025-06-19,IH,IH2506,20,33450,-2483,13548,-6454,14673,-7442,-1125,988,988,0,False,False,True,21216,17340,2659.2,2658.8,2676.0
2025-06-19,IM,IM2506,20,116078,-10354,44584,-19185,44565,-19877,19,692,692,0,False,False,True,81581,56583,6050.4,6046.6,6121.2
2025-06-20,IC,IC2507,20,61695,13225,58773,9848,60240,10294,-1467,-446,0,446,True,True,False,37576,73087,5588.4,5590.2,5604.2
2025-06-20,IF,IF2509,20,53071,-2471,83293,1768,96137,1935,-12844,-167,0,167,True,True,False,35051,119027,3773.6,3771.6,3762.0
2025-06-20,IH,IH2509,20,33434,4990,29551,2477,37939,2494,-8388,-17,0,17,True,True,False,21677,42653,2635.4,2633.4,2617.2
2025-06-20,IM,IM2509,20,121558,10446,98967,6376,114988,6754,-16021,-378,0,378,True,True,False,84705,146127,5787.8,5792.8,5800.4
2025-06-23,IC,IC2507,20,58547,-2549,59088,315,60593,407,-1505,-92,0,92,True,True,False,36618,74146,5625.8,5630.6,5590.2
2025-06-23,IF,IF2509,20,70455,17469,90402,7163,104199,8591,-13797,-1428,0,1428,True,True,False,47208,128778,3797.4,3799.8,3771.6
2025-06-23,IH,IH2509,20,43805,10601,34695,5186,44426,6487,-9731,-1301,0,1301,True,True,False,28646,49768,2652.8,2655.0,2633.4
2025-06-23,IM,IM2509,20,141263,21347,104724,6529,121034,6046,-16310,483,483,0,True,True,True,99867,153037,5851.2,5856.2,5792.8
2025-06-24,IC,IC2507,20,68969,10675,60665,1710,63373,3016,-2708,-1306,0,1306,True,True,False,44444,77007,5726.4,5719.8,5630.6
2025-06-24,IF,IF2509,20,85084,15317,92955,2597,108138,3969,-15183,-1372,0,1372,True,True,False,57535,133116,3852.4,3848.6,3799.8
2025-06-24,IH,IH2509,20,53366,9825,33999,-193,45761,1462,-11762,-1655,0,1655,False,True,False,34596,50754,2682.0,2680.0,2655.0
2025-06-24,IM,IM2509,20,165291,27420,105329,1063,122238,1640,-16909,-577,0,577,True,True,False,120129,156132,5995.0,5988.6,5856.2
2025-06-25,IC,IC2507,20,79903,11408,63816,3151,66715,3789,-2899,-638,0,638,True,True,False,50210,81182,5834.2,5826.0,5719.8
2025-06-25,IF,IF2509,20,90357,5419,97586,4631,113835,5697,-16249,-1066,0,1066,True,True,False,61056,139245,3922.8,3913.2,3848.6
2025-06-25,IH,IH2509,20,50113,-3048,36126,2158,46973,1212,-10847,946,946,0,True,True,True,33258,52779,2722.6,2715.4,2680.0
2025-06-25,IM,IM2509,20,191364,26745,114441,9528,134227,11989,-19786,-2461,0,2461,True,True,False,139775,170051,6119.6,6101.4,5988.6
2025-06-26,IC,IC2507,20,54783,-24725,60248,-3568,62902,-3813,-2654,245,245,0,False,False,True,34054,76012,5809.2,5813.4,5826.0
2025-06-26,IF,IF2509,20,65380,-24508,94417,-3169,110823,-2657,-16406,-512,0,512,False,False,False,43176,135683,3904.2,3905.6,3913.2
2025-06-26,IH,IH2509,20,34178,-15935,32127,-3884,43249,-3527,-11122,-357,0,357,False,False,False,21991,48436,2711.0,2711.8,2715.4
2025-06-26,IM,IM2509,20,147801,-42359,107359,-7050,127010,-7033,-19651,-17,0,17,False,False,False,106191,161694,6097.8,6104.8,6101.4
2025-06-27,IC,IC2507,20,58082,3446,61223,975,64048,1146,-2825,-171,0,171,True,True,False,36609,77537,5827.0,5829.8,5813.4
2025-06-27,IF,IF2509,20,82649,17936,97138,2721,113673,2884,-16535,-163,0,163,True,True,False,56221,139367,3876.6,3878.2,3905.6
2025-06-27,IH,IH2509,20,48543,14534,35997,3997,47535,4400,-11538,-403,0,403,True,True,False,32852,53070,2680.0,2681.8,2711.8
2025-06-27,IM,IM2509,20,157156,9414,112083,4908,133223,6270,-21140,-1362,0,1362,True,True,False,113010,167757,6110.8,6118.8,6104.8
2025-06-30,IC,IC2507,20,53868,-3951,57864,-3359,60183,-3839,-2319,480,480,0,False,False,True,32984,73467,5863.0,5867.4,5829.8
2025-06-30,IF,IF2509,20,60382,-21317,93177,-3925,110395,-3101,-17218,-824,0,824,False,False,False,40077,135428,3885.8,3887.0,3878.2
2025-06-30,IH,IH2509,20,34876,-13106,32519,-3317,43928,-3285,-11409,-32,0,32,False,False,False,22994,49133,2689.0,2687.6,2681.8
2025-06-30,IM,IM2509,20,131311,-24640,104335,-7687,125604,-7619,-21269,-68,0,68,False,False,False,94541,158728,6148.6,6155.6,6118.8
2025-07-01,IC,IC2507,20,49830,-3497,55244,-2620,57311,-2872,-2067,252,252,0,False,False,True,31394,70063,5868.0,5872.0,5867.4
2025-07-01,IF,IF2509,20,49757,-10061,91828,-1349,108148,-2247,-16320,898,898,0,False,False,True,34558,132977,3886.0,3889.4,3887.0
2025-07-01,IH,IH2509,20,26043,-8306,32068,-415,42850,-919,-10782,504,504,0,False,False,True,17755,48099,2689.8,2692.6,2687.6
2025-07-01,IM,IM2509,20,140891,10914,110166,6098,128887,3368,-18721,2730,2730,0,True,True,True,103226,164955,6133.4,6134.0,6155.6
2025-07-02,IC,IC2507,20,47748,-1618,55338,94,57062,-249,-1724,343,343,0,True,False,True,30107,69955,5856.6,5849.6,5872.0
2025-07-02,IF,IF2509,20,53546,4555,92125,297,107685,55,-15560,242,242,0,True,True,True,35301,133038,3894.2,3891.8,3889.4
2025-07-02,IH,IH2509,20,30770,5297,32123,55,42089,-535,-9966,590,590,0,True,False,True,20389,47699,2696.8,2696.8,2692.6
2025-07-02,IM,IM2509,20,129071,-10887,105386,-4780,124263,-4623,-18877,-157,0,157,False,False,False,93428,159237,6117.0,6107.4,6134.0
2025-07-03,IC,IC2507,20,44139,-3391,55327,-11,56837,-48,-1510,37,37,0,False,False,True,27703,69802,5874.0,5874.6,5849.6
2025-07-03,IF,IF2509,20,56652,3271,91368,-471,107194,-489,-15826,18,18,0,False,False,True,38088,132375,3918.0,3917.8,3891.8
2025-07-03,IH,IH2509,20,29408,-861,31279,-844,41456,-480,-10177,-364,0,364,False,False,False,19650,46778,2701.8,2700.4,2696.8
2025-07-03,IM,IM2509,20,131314,3773,107579,2193,126308,2045,-18729,148,148,0,True,True,True,95917,161580,6135.8,6138.6,6107.4
2025-07-04,IC,IC2507,20,67678,23877,60130,4803,61303,4553,-1173,250,250,0,True,True,True,43750,76622,5874.2,5870.0,5874.6
2025-07-04,IF,IF2509,20,96644,40842,102260,11728,118612,11807,-16352,-79,0,79,True,True,False,66892,146863,3936.0,3930.0,3917.8
2025-07-04,IH,IH2509,20,57515,28771,38621,7439,48913,7527,-10292,-88,0,88,True,True,False,39517,56007,2717.2,2711.2,2700.4
2025-07-04,IM,IM2509,20,205321,74829,120348,13342,139857,13549,-19509,-207,0,207,True,True,False,151899,177599,6112.2,6107.2,6138.6
2025-07-07,IC,IC2507,20,38053,-29229,53895,-6172,55219,-6084,-1324,-88,0,88,False,False,False,23473,68547,5859.2,5862.8,5870.0
2025-07-07,IF,IF2509,20,51775,-44224,93849,-8131,110014,-8132,-16165,1,1,0,False,False,True,35769,135826,3918.0,3919.4,3930.0
2025-07-07,IH,IH2509,20,28845,-28133,33300,-5233,43348,-5381,-10048,148,148,0,False,False,True,19180,49584,2708.0,2709.0,2711.2
2025-07-07,IM,IM2509,20,111609,-92651,108008,-11939,126080,-13777,-18072,1838,1838,0,False,False,True,80166,160866,6111.6,6112.8,6107.2
2025-07-08,IC,IC2507,20,60364,22844,56568,2673,59182,3963,-2614,-1290,0,1290,True,True,False,39009,72555,5958.0,5952.6,5862.8
2025-07-08,IF,IF2509,20,73114,21628,98037,4284,115805,5791,-17768,-1507,0,1507,True,True,False,50571,142398,3958.6,3959.2,3919.4
2025-07-08,IH,IH2509,20,41815,13309,34788,1744,45721,2682,-10933,-938,0,938,True,True,False,28303,51681,2727.8,2728.8,2709.0
2025-07-08,IM,IM2509,20,175293,64306,118661,10845,138102,12022,-19441,-1177,0,1177,True,True,False,128815,176309,6235.8,6226.2,6112.8
2025-07-09,IC,IC2507,20,47503,-12105,52039,-4529,53759,-5423,-1720,894,894,0,False,False,True,29791,65998,5930.0,5937.2,5952.6
2025-07-09,IF,IF2509,20,63967,-8358,94230,-3781,111179,-4626,-16949,845,845,0,False,False,True,43451,137184,3952.8,3957.0,3959.2
2025-07-09,IH,IH2509,20,37980,-3428,33478,-1279,44084,-1498,-10606,219,219,0,False,False,True,24948,49980,2724.0,2727.0,2728.8
2025-07-09,IM,IM2509,20,133016,-39899,106908,-11273,126186,-11916,-19278,643,643,0,False,False,True,94223,161900,6214.0,6219.8,6226.2
2025-07-10,IC,IC2507,20,48807,1877,51547,-456,53081,-637,-1534,181,181,0,False,False,True,31023,65381,5958.8,5968.0,5937.2
2025-07-10,IF,IF2509,20,73483,11026,100026,5959,116736,5557,-16710,402,402,0,True,True,True,51019,144324,3972.0,3981.8,3957.0
2025-07-10,IH,IH2509,20,50198,12783,39039,5561,49774,5690,-10735,-129,0,129,True,True,False,33722,56981,2740.4,2749.2,2727.0
2025-07-10,IM,IM2509,20,135740,3645,113147,6358,133077,6891,-19930,-533,0,533,True,True,False,98260,169266,6231.6,6241.8,6219.8
2025-07-11,IC,IC2507,20,76871,28582,51889,649,53136,676,-1247,-27,0,27,True,True,False,48478,65777,6023.0,6026.4,5968.0
2025-07-11,IF,IF2509,20,123055,49624,110327,10504,128557,12061,-18230,-1557,0,1557,True,True,False,84781,158393,3993.4,3998.8,3981.8
2025-07-11,IH,IH2509,20,77922,28137,45181,6307,56338,6564,-11157,-257,0,257,True,True,False,52171,64210,2751.6,2761.2,2749.2
2025-07-11,IM,IM2509,20,203877,68895,122091,8971,143072,10402,-20981,-1431,0,1431,True,True,False,147131,181506,6319.8,6321.2,6241.8
2025-07-14,IC,IC2507,20,44171,-31492,42056,-9785,42932,-10069,-876,284,284,0,False,False,True,28123,52714,6008.4,6015.6,6026.4
2025-07-14,IF,IF2509,20,56592,-64874,104016,-6110,122009,-6548,-17993,438,438,0,False,False,True,37589,150188,3985.8,3990.2,3998.8
2025-07-14,IH,IH2509,20,33226,-44538,38963,-6176,49969,-6369,-11006,193,193,0,False,False,True,21777,56656,2747.4,2751.8,2761.2
2025-07-14,IM,IM2509,20,99680,-102736,110877,-11214,132477,-10494,-21600,-720,0,720,False,False,False,71184,168013,6302.2,6312.0,6321.2
2025-07-15,IC,IC2507,20,62343,18634,38550,-3506,38699,-3980,-149,474,474,0,False,False,True,39182,47615,6008.2,6004.0,6015.6
2025-07-15,IF,IF2509,20,91132,35249,106209,2224,123371,1362,-17162,862,862,0,True,True,True,62583,152828,3980.6,3981.4,3990.2
2025-07-15,IH,IH2509,20,51557,18624,40245,1282,51158,1614,-10913,-332,0,332,True,True,False,34281,58202,2734.2,2735.8,2751.8
2025-07-15,IM,IM2509,20,165079,66243,122336,11704,142958,10596,-20622,1108,1108,0,True,True,True,120268,181672,6277.4,6274.8,6312.0
2025-07-16,IC,IC2509,20,57493,397,71990,-788,77048,-1101,-5058,313,313,0,False,False,True,37648,98197,5895.2,5899.6,5892.8
2025-07-16,IF,IF2509,20,66860,-23905,101693,-4516,119197,-4154,-17504,-362,0,362,False,False,False,45629,147324,3971.0,3974.8,3981.4
2025-07-16,IH,IH2509,20,38758,-12607,37063,-2990,48322,-2767,-11259,-223,0,223,False,False,False,25504,54913,2730.4,2730.8,2735.8
2025-07-16,IM,IM2509,20,154451,-9828,113792,-8485,134475,-8385,-20683,-100,0,100,False,False,False,113703,172288,6298.0,6300.8,6274.8
2025-07-17,IC,IC2509,20,56143,-472,74542,2577,80484,3542,-5942,-965,0,965,True,True,False,38304,102295,5978.0,5972.4,5899.6
2025-07-17,IF,IF2509,20,73363,7090,107401,5708,124284,5087,-16883,621,621,0,True,True,True,49872,153281,4011.8,4005.4,3974.8
2025-07-17,IH,IH2509,20,39852,1585,39263,2333,50584,2262,-11321,71,71,0,True,True,True,26576,57361,2741.4,2738.2,2730.8
2025-07-17,IM,IM2509,20,149922,-4496,117719,3927,139197,4722,-21478,-795,0,795,True,True,False,109376,177468,6390.4,6383.6,6300.8
2025-07-18,IC,IC2509,20,61784,5932,75894,1684,82510,2026,-6616,-342,0,342,True,True,False,41183,104430,6000.8,5993.2,5972.4
2025-07-18,IF,IF2509,20,88406,15161,110061,2660,127090,3033,-17029,-373,0,373,True,True,False,59958,157186,4041.8,4035.2,4005.4
2025-07-18,IH,IH2509,20,53049,13476,43023,3800,54255,3900,-11232,-100,0,100,True,True,False,35272,61598,2767.0,2763.2,2738.2
2025-07-18,IM,IM2509,20,144690,-4466,115699,-2020,137873,-1324,-22174,-696,0,696,False,False,False,104691,175267,6413.6,6403.8,6383.6
2025-07-21,IC,IC2509,20,64277,3173,78241,2459,84275,1832,-6034,627,627,0,True,True,True,42464,106804,6055.6,6059.8,5993.2
2025-07-21,IF,IF2509,20,73353,-14291,106942,-3119,124054,-3032,-17112,-87,0,87,False,False,False,49413,152831,4064.8,4064.4,4035.2
2025-07-21,IH,IH2509,20,41692,-10987,41080,-1894,53163,-1092,-12083,-802,0,802,False,False,False,27071,59730,2771.2,2771.8,2763.2
2025-07-21,IM,IM2509,20,149176,5665,118619,2927,141989,4165,-23370,-1238,0,1238,True,True,False,106976,178934,6463.2,6472.6,6403.8
2025-07-22,IC,IC2509,20,73505,9534,79174,1301,85157,882,-5983,419,419,0,True,True,True,49010,108997,6129.4,6111.8,6059.8
2025-07-22,IF,IF2509,20,100541,27422,114979,8037,131441,7387,-16462,650,650,0,True,True,True,69503,162828,4109.8,4096.6,4064.4
2025-07-22,IH,IH2509,20,55952,14761,46006,4995,57874,4737,-11868,258,258,0,True,True,True,37371,65052,2796.8,2789.4,2771.8
2025-07-22,IM,IM2509,20,163557,15870,119002,383,141278,-669,-22276,1052,1052,0,True,False,True,118700,178632,6515.4,6495.8,6472.6
2025-07-23,IC,IC2509,20,81669,8552,79933,997,85982,870,-6049,127,127,0,True,True,True,54336,109396,6120.0,6120.8,6111.8
2025-07-23,IF,IF2509,20,112832,12330,113642,-1337,130824,-515,-17182,-822,0,822,False,False,False,76014,161682,4109.2,4109.8,4096.6
2025-07-23,IH,IH2509,20,65464,9794,44396,-1610,56256,-1337,-11860,-273,0,273,False,False,False,42398,63695,2802.8,2802.6,2789.4
2025-07-23,IM,IM2509,20,183909,21229,122801,4084,144006,2791,-21205,1293,1293,0,True,True,True,131364,182055,6500.0,6499.2,6495.8
2025-07-24,IC,IC2509,20,74127,-6581,78765,-1091,85985,3,-7220,-1094,0,1094,False,True,False,49292,109680,6226.0,6217.8,6120.8
2025-07-24,IF,IF2509,20,97441,-14165,113534,-108,132345,1821,-18811,-1929,0,1929,False,True,False,65298,163125,4141.2,4136.8,4109.8
2025-07-24,IH,IH2509,20,52915,-12373,44473,77,56535,345,-12062,-268,0,268,True,True,False,34309,63790,2816.6,2813.8,2802.6
2025-07-24,IM,IM2509,20,174096,-9629,121415,-560,142978,-904,-21563,344,344,0,False,False,True,124051,181457,6618.6,6603.6,6499.2
2025-07-25,IC,IC2509,20,58827,-14968,76684,-1875,83324,-2628,-6640,753,753,0,False,False,True,39078,106883,6216.0,6216.2,6217.8
2025-07-25,IF,IF2509,20,80278,-16550,107739,-5795,126128,-6036,-18389,241,241,0,False,False,True,53170,155404,4116.0,4115.6,4136.8
2025-07-25,IH,IH2509,20,45727,-7139,41763,-2468,53885,-2599,-12122,131,131,0,False,False,True,30341,61165,2796.8,2795.8,2813.8
2025-07-25,IM,IM2509,20,138523,-34839,114810,-6387,135618,-7360,-20808,973,973,0,False,False,True,98231,172911,6605.8,6604.4,6603.6
2025-07-28,IC,IC2509,20,70418,12500,78721,2181,84235,1272,-5514,909,909,0,True,True,True,46353,108139,6222.0,6221.8,6216.2
2025-07-28,IF,IF2509,20,82790,2853,110092,2353,126705,586,-16613,1767,1767,0,True,True,True,54638,156735,4122.0,4119.0,4115.6
2025-07-28,IH,IH2509,20,44234,-1082,41814,232,53758,-20,-11944,252,252,0,True,False,True,28883,60762,2805.8,2803.2,2795.8
2025-07-28,IM,IM2509,20,165022,26931,120854,6181,142893,7275,-22039,-1094,0,1094,True,True,False,116079,180433,6602.0,6605.0,6604.4
2025-07-29,IC,IC2509,20,69650,-379,76427,-2294,81607,-2581,-5180,287,287,0,False,False,True,46670,105314,6263.0,6241.6,6221.8
2025-07-29,IF,IF2509,20,88083,5940,108673,-1413,124102,-2603,-15429,1190,1190,0,False,False,True,58516,153577,4141.4,4134.6,4119.0
2025-07-29,IH,IH2509,20,46019,2185,41412,-291,52321,-1119,-10909,828,828,0,False,False,True,30546,60354,2814.0,2812.2,2803.2
2025-07-29,IM,IM2509,20,162329,-2558,115964,-3976,137082,-5811,-21118,1835,1835,0,False,False,True,116403,174556,6662.0,6633.0,6605.0
2025-07-30,IC,IC2509,20,86533,17638,79318,2973,84171,2564,-4853,409,409,0,True,True,True,58280,108507,6215.4,6209.8,6241.6
2025-07-30,IF,IF2509,20,120063,33259,116584,7911,130211,6415,-13627,1496,1496,0,True,True,True,81931,162604,4136.4,4130.2,4134.6
2025-07-30,IH,IH2509,20,69684,23867,45414,4125,56262,3941,-10848,184,184,0,True,True,True,46511,64619,2820.0,2817.6,2812.2
2025-07-30,IM,IM2509,20,197847,36006,125589,9904,144626,7544,-19037,2360,2360,0,True,True,True,144840,185002,6604.2,6596.2,6633.0
2025-07-31,IC,IC2509,20,97419,12098,78689,912,82843,-1078,-4154,1990,1990,0,True,False,True,65759,107159,6124.0,6112.2,6209.8
2025-07-31,IF,IF2509,20,135300,15561,111690,-4695,126025,-3905,-14335,-790,0,790,False,False,False,91447,157602,4057.0,4050.8,4130.2
2025-07-31,IH,IH2509,20,73326,3790,44000,-873,54644,-1372,-10644,499,499,0,False,False,True,48789,62558,2777.0,2772.0,2817.6
2025-07-31,IM,IM2509,20,229334,32528,125025,-564,143363,-928,-18338,364,364,0,False,False,True,167548,183162,6538.0,6526.6,6596.2
2025-08-01,IC,IC2509,20,74421,-22023,74914,-3608,80325,-2292,-5411,-1316,0,1316,False,False,False,49203,103426,6104.0,6109.8,6112.2
2025-08-01,IF,IF2509,20,84786,-49927,106809,-4790,120683,-5342,-13874,552,552,0,False,False,True,56881,151416,4029.6,4031.8,4050.8
2025-08-01,IH,IH2509,20,48490,-24651,41897,-2086,52574,-2070,-10677,-16,0,16,False,False,False,32117,60001,2754.4,2755.4,2772.0
2025-08-01,IM,IM2509,20,185804,-41197,119695,-5102,138920,-4443,-19225,-659,0,659,False,False,False,133160,176823,6542.8,6549.8,6526.6
2025-08-04,IC,IC2509,20,64731,-8337,72523,-1071,79579,-746,-7056,-325,0,325,False,False,False,42885,102178,6169.0,6157.8,6109.8
2025-08-04,IF,IF2509,20,66136,-17972,103061,-3701,117829,-2854,-14768,-847,0,847,False,False,False,44736,146808,4052.8,4048.0,4031.8
2025-08-04,IH,IH2509,20,35907,-12397,39175,-2496,49694,-2880,-10519,384,384,0,False,False,True,24294,56661,2770.4,2768.0,2755.4
2025-08-04,IM,IM2509,20,168140,-15923,118743,-776,139601,681,-20858,-1457,0,1457,False,True,False,119420,177500,6642.6,6622.6,6549.8
2025-08-05,IC,IC2509,20,51326,-11389,71203,-1274,78219,-985,-7016,-289,0,289,False,False,False,34079,100647,6198.6,6195.6,6157.8
2025-08-05,IF,IF2509,20,66206,1246,103662,601,117965,136,-14303,465,465,0,True,True,True,45420,147312,4082.0,4081.8,4048.0
2025-08-05,IH,IH2509,20,37772,2091,39879,1020,50148,507,-10269,513,513,0,True,True,True,25627,57065,2791.0,2790.8,2768.0
2025-08-05,IM,IM2509,20,134727,-32480,113683,-4474,135816,-3785,-22133,-689,0,689,False,False,False,95602,172540,6682.0,6673.2,6622.6
2025-08-06,IC,IC2509,20,56304,5814,74037,2982,80644,2447,-6607,535,535,0,True,True,True,37260,103512,6263.2,6266.2,6195.6
2025-08-06,IF,IF2509,20,62249,-3513,101309,-2353,116192,-1773,-14883,-580,0,580,False,False,False,42038,144956,4097.0,4098.6,4081.8
2025-08-06,IH,IH2509,20,35619,-1625,38667,-1163,49056,-1059,-10389,-104,0,104,False,False,False,23697,55640,2796.2,2798.2,2790.8
2025-08-06,IM,IM2509,20,149724,15750,117156,3473,140312,4496,-23156,-1023,0,1023,True,True,False,106338,178409,6762.6,6770.4,6673.2
2025-08-07,IC,IC2509,20,72246,16440,76884,3243,82858,2214,-5974,1029,1029,0,True,True,True,48504,106065,6226.4,6226.6,6266.2
2025-08-07,IF,IF2509,20,79501,17821,106018,4996,119474,3282,-13456,1714,1714,0,True,True,True,54603,149221,4092.6,4093.0,4098.6
2025-08-07,IH,IH2509,20,43874,8390,39655,988,49366,310,-9711,678,678,0,True,True,True,29486,56447,2797.8,2797.6,2798.2
2025-08-07,IM,IM2509,20,167124,18274,117773,617,141584,1272,-23811,-655,0,655,True,True,False,119420,179795,6750.0,6748.8,6770.4
2025-08-08,IC,IC2509,20,54794,-16862,73501,-3052,79399,-3459,-5898,407,407,0,False,False,True,37017,101969,6227.0,6232.0,6226.6
2025-08-08,IF,IF2509,20,62921,-15384,100571,-4993,113914,-5560,-13343,567,567,0,False,False,True,42805,142247,4083.2,4087.4,4093.0
2025-08-08,IH,IH2509,20,38111,-5417,37686,-1769,47404,-1954,-9718,185,185,0,False,False,True,25210,54184,2785.4,2789.2,2797.6
2025-08-08,IM,IM2509,20,135690,-29242,111704,-5948,135523,-6061,-23819,113,113,0,False,False,True,98835,173187,6735.0,6742.8,6748.8
2025-08-11,IC,IC2509,20,71957,17932,78435,5137,85058,5852,-6623,-715,0,715,True,True,False,48225,108767,6298.8,6309.6,6232.0
2025-08-11,IF,IF2509,20,88360,25477,108362,8267,121733,7819,-13371,448,448,0,True,True,True,60577,151777,4104.8,4110.2,4087.4
2025-08-11,IH,IH2509,20,46630,8753,41370,3754,51998,4638,-10628,-884,0,884,True,True,False,30720,59127,2789.4,2792.6,2789.2
2025-08-11,IM,IM2509,20,172323,37919,122723,11368,149101,13948,-26378,-2580,0,2580,True,True,False,124872,189312,6851.2,6862.4,6742.8
2025-08-12,IC,IC2509,20,64400,-6174,75304,-2972,82334,-2715,-7030,-257,0,257,False,False,False,42560,106131,6342.6,6338.8,6309.6
2025-08-12,IF,IF2509,20,89304,944,105174,-2979,118925,-2507,-13751,-472,0,472,False,False,False,61270,149241,4131.2,4128.6,4110.2
2025-08-12,IH,IH2509,20,55232,9215,41446,76,52169,416,-10723,-340,0,340,True,True,False,36458,59544,2809.6,2809.0,2792.6
2025-08-12,IM,IM2509,20,146835,-25400,116859,-5810,142717,-6384,-25858,574,574,0,False,False,True,104433,182508,6883.6,6879.8,6862.4
2025-08-13,IC,IC2509,20,85955,22231,83940,9236,92240,10196,-8300,-960,0,960,True,True,False,57282,118359,6451.8,6444.4,6338.8
2025-08-13,IF,IF2509,20,109788,20484,113581,8407,127712,8854,-14131,-447,0,447,True,True,False,74450,160310,4170.8,4164.6,4128.6
2025-08-13,IH,IH2509,20,60941,6436,45868,4422,56597,4674,-10729,-252,0,252,True,True,False,41254,64688,2818.8,2816.0,2809.0
2025-08-13,IM,IM2509,20,189870,43870,134059,17268,160982,18310,-26923,-1042,0,1042,True,True,False,138415,204738,7001.8,6995.4,6879.8
2025-08-14,IC,IC2509,20,98496,13064,85631,2323,93007,776,-7376,1547,1547,0,True,True,True,65643,119381,6380.2,6396.2,6444.4
2025-08-14,IF,IF2509,20,136228,27430,121080,7499,132126,4414,-11046,3085,3085,0,True,True,True,93677,167999,4163.8,4176.0,4164.6
2025-08-14,IH,IH2509,20,85646,25703,52249,6750,61817,5226,-9568,1524,1524,0,True,True,True,57784,71741,2829.6,2836.8,2816.0
2025-08-14,IM,IM2509,20,222524,34362,134985,1426,158911,-2071,-23926,3497,3497,0,True,False,True,159795,203734,6929.2,6936.2,6995.4
2025-08-15,IC,IC2509,20,115937,18828,96073,10818,104457,11450,-8384,-632,0,632,True,True,False,77380,133486,6531.0,6524.4,6396.2
2025-08-15,IF,IF2509,20,132954,-2543,118389,-2226,131746,-278,-13357,-1948,0,1948,False,False,False,90646,166989,4209.4,4203.2,4176.0
2025-08-15,IH,IH2509,20,80603,-3891,50853,-1074,62135,318,-11282,-1392,0,1392,False,True,False,52795,71335,2846.4,2846.2,2836.8
2025-08-15,IM,IM2509,20,225586,4311,144309,10498,169402,10657,-25093,-159,0,159,True,True,False,163237,218372,7086.2,7072.6,6936.2
2025-08-18,IC,IC2509,20,126337,10930,92564,-3110,100605,-3852,-8041,742,742,0,False,False,True,83689,129184,6608.0,6608.4,6524.4
2025-08-18,IF,IF2509,20,147803,16135,120991,2820,134064,3060,-13073,-240,0,240,True,True,False,99705,168841,4237.8,4237.4,4203.2
2025-08-18,IH,IH2509,20,80000,246,54146,3512,65834,3838,-11688,-326,0,326,True,True,False,52884,74907,2848.4,2849.2,2846.2
2025-08-18,IM,IM2509,20,263515,38262,148141,4266,171915,2564,-23774,1702,1702,0,True,True,True,187694,220587,7184.4,7179.8,7072.6
2025-08-19,IC,IC2509,20,97059,-29118,88830,-3666,95954,-4461,-7124,795,795,0,False,False,True,64150,123458,6600.0,6602.8,6608.4
2025-08-19,IF,IF2509,20,110015,-37116,110300,-10032,122373,-11278,-12073,1246,1246,0,False,False,True,73558,154897,4216.2,4221.0,4237.4
2025-08-19,IH,IH2509,20,64569,-15153,49296,-4850,60352,-5212,-11056,362,362,0,False,False,True,42683,69286,2815.4,2820.8,2849.2
2025-08-19,IM,IM2509,20,214952,-43175,141108,-6704,162682,-9233,-21574,2529,2529,0,False,False,True,152295,209342,7177.4,7187.4,7179.8
2025-08-20,IC,IC2509,20,115102,18904,93177,4676,98758,2942,-5581,1734,1734,0,True,True,True,77339,127360,6695.2,6660.4,6602.8
2025-08-20,IF,IF2509,20,132507,22628,116269,6030,126396,4023,-10127,2007,2007,0,True,True,True,90137,159194,4270.0,4254.0,4221.0
2025-08-20,IH,IH2509,20,69050,5369,52566,3270,63011,2752,-10445,518,518,0,True,True,True,45450,72434,2851.2,2841.4,2820.8
2025-08-20,IM,IM2509,20,270312,56309,147969,7483,168414,6353,-20445,1130,1130,0,True,True,True,196109,217300,7276.0,7233.6,7187.4
2025-08-21,IC,IC2509,20,116386,1498,89450,-3664,94326,-4288,-4876,624,624,0,False,False,True,75992,121846,6656.4,6644.0,6660.4
2025-08-21,IF,IF2509,20,124145,-8020,110119,-6150,119288,-7108,-9169,958,958,0,False,False,True,83303,151396,4282.2,4277.8,4254.0
2025-08-21,IH,IH2509,20,63910,-4460,49548,-3018,58701,-3903,-9153,885,885,0,False,False,True,42132,68095,2865.4,2862.0,2841.4
2025-08-21,IM,IM2509,20,267860,-704,140978,-5701,160842,-7572,-19864,1871,1871,0,False,False,True,190536,206583,7202.2,7187.2,7233.6
2025-08-22,IC,IC2509,20,122601,7863,90366,1613,96671,2784,-6305,-1171,0,1171,True,True,False,81929,124020,6810.4,6787.2,6644.0
2025-08-22,IF,IF2509,20,139093,15954,116841,6722,128826,9538,-11985,-2816,0,2816,True,True,False,94570,161198,4394.0,4374.4,4277.8
2025-08-22,IH,IH2509,20,78460,15278,55814,6510,65790,7325,-9976,-815,0,815,True,True,False,51918,76176,2942.0,2929.4,2862.0
2025-08-22,IM,IM2509,20,262828,-4620,140433,-479,162474,1748,-22041,-2227,0,2227,False,True,False,186931,207428,7348.6,7319.6,7187.2
2025-08-25,IC,IC2509,20,140802,18410,93944,3578,100004,3406,-6060,172,172,0,True,True,True,93555,127766,6909.6,6904.0,6787.2
2025-08-25,IF,IF2509,20,173195,34913,119075,2234,132156,3493,-13081,-1259,0,1259,True,True,False,118828,165246,4474.6,4458.4,4374.4
2025-08-25,IH,IH2509,20,92623,14896,57321,1555,67880,2090,-10559,-535,0,535,True,True,False,61498,78193,2992.0,2983.6,2929.4
2025-08-25,IM,IM2509,20,285949,24215,139287,-472,162182,296,-22895,-768,0,768,False,True,False,202867,207228,7412.2,7423.0,7319.6
2025-08-26,IC,IC2509,20,114808,-24695,85251,-8057,92132,-7556,-6881,-501,0,501,False,False,False,75616,117469,6916.4,6942.4,6904.0
2025-08-26,IF,IF2509,20,131414,-41349,109200,-9875,121215,-10909,-12015,1034,1034,0,False,False,True,87160,151718,4449.0,4460.2,4458.4
2025-08-26,IH,IH2509,20,63048,-29530,51223,-6098,61690,-6121,-10467,23,23,0,False,False,True,41497,70566,2970.8,2975.0,2983.6
2025-08-26,IM,IM2509,20,228173,-54750,129779,-8837,151948,-9957,-22169,1120,1120,0,False,False,True,160158,195804,7415.4,7442.0,7423.0
2025-08-27,IC,IC2509,20,160494,46867,95401,10306,101230,9524,-5829,782,782,0,True,True,True,109151,130217,6837.8,6897.6,6942.4
2025-08-27,IF,IF2509,20,166626,35775,113537,4337,124619,3404,-11082,933,933,0,True,True,True,113283,155760,4384.0,4416.0,4460.2
2025-08-27,IH,IH2509,20,77675,14717,50996,-199,60738,-772,-9742,573,573,0,False,False,True,51558,69611,2920.2,2937.2,2975.0
2025-08-27,IM,IM2509,20,295232,68528,135286,5560,156475,4527,-21189,1033,1033,0,True,True,True,213890,202540,7287.2,7356.2,7442.0
2025-08-28,IC,IC2509,20,170222,9914,91614,-2624,98145,-3085,-6531,461,461,0,False,False,True,114593,126262,6967.0,6920.4,6897.6
2025-08-28,IF,IF2509,20,185459,19116,113481,-56,123172,-1447,-9691,1391,1391,0,False,False,True,126057,154101,4460.4,4436.6,4416.0
2025-08-28,IH,IH2509,20,81939,4574,50627,-355,58639,-2044,-8012,1689,1689,0,False,False,True,54033,67920,2959.8,2945.0,2937.2
2025-08-28,IM,IM2509,20,335148,41153,139571,4505,161029,4554,-21458,-49,0,49,True,True,False,244649,206940,7363.2,7322.4,7356.2
2025-08-29,IC,IC2509,20,156273,-13663,91070,98,96128,-1617,-5058,1715,1715,0,True,False,True,102806,123989,6996.8,6983.4,6920.4
2025-08-29,IF,IF2509,20,188181,4359,112302,-1179,121469,-1703,-9167,524,524,0,False,False,True,126040,151201,4506.2,4502.6,4436.6
2025-08-29,IH,IH2509,20,82939,1969,47853,-2765,55406,-2961,-7553,196,196,0,False,False,True,54556,64926,2980.0,2978.6,2945.0
2025-08-29,IM,IM2509,20,301233,-31591,127643,-11420,146743,-14204,-19100,2784,2784,0,False,False,True,214055,189297,7366.6,7353.8,7322.4
2025-09-01,IC,IC2509,20,118768,-36668,81865,-9172,87644,-7596,-5779,-1576,0,1576,False,False,False,76930,112621,7014.8,7022.8,6983.4
2025-09-01,IF,IF2509,20,144095,-42657,100440,-11862,109753,-11716,-9313,-146,0,146,False,False,False,94140,137802,4510.6,4513.8,4502.6
2025-09-01,IH,IH2509,20,56111,-26407,41052,-6772,48681,-6565,-7629,-207,0,207,False,False,False,36560,56803,2979.6,2982.4,2978.6
2025-09-01,IM,IM2509,20,234928,-65082,121149,-6410,140122,-6594,-18973,184,184,0,False,False,True,163079,180779,7380.6,7387.8,7353.8
2025-09-02,IC,IC2509,20,157545,39711,93253,11812,96538,9218,-3285,2594,2594,0,True,True,True,105870,124446,6896.2,6878.0,7022.8
2025-09-02,IF,IF2509,20,182122,38203,109237,8797,117317,7564,-8080,1233,1233,0,True,True,True,122523,146527,4481.2,4472.8,4513.8
2025-09-02,IH,IH2509,20,78924,22988,49371,8570,56240,7586,-6869,984,984,0,True,True,True,53059,66245,2992.8,2987.6,2982.4
2025-09-02,IM,IM2509,20,306666,73531,131626,11178,149016,9065,-17390,2113,2113,0,True,True,True,218061,193312,7251.4,7230.8,7387.8
2025-09-03,IC,IC2509,20,150115,-5967,86005,-7196,88862,-6732,-2857,-464,0,464,False,False,False,100697,116185,6788.8,6812.0,6878.0
2025-09-03,IF,IF2509,20,181219,-671,102397,-6746,109022,-8108,-6625,1362,1362,0,False,False,True,120700,137484,4430.0,4432.8,4472.8
2025-09-03,IH,IH2509,20,82765,4526,44987,-3847,51124,-5082,-6137,1235,1235,0,False,False,True,55677,59664,2949.0,2944.2,2987.6
2025-09-03,IM,IM2509,20,298832,-4642,130548,-959,146596,-2361,-16048,1402,1402,0,False,False,True,213250,190793,7142.6,7161.4,7230.8
2025-09-04,IC,IC2509,20,172071,22898,95155,9237,96999,8241,-1844,996,996,0,True,True,True,113276,125882,6647.0,6607.2,6812.0
2025-09-04,IF,IF2509,20,200312,19997,108790,7768,115532,6566,-6742,1202,1202,0,True,True,True,133914,144443,4349.4,4334.2,4432.8
2025-09-04,IH,IH2509,20,99616,17474,49351,5117,54614,3624,-5263,1493,1493,0,True,True,True,65727,63707,2899.8,2893.4,2944.2
2025-09-04,IM,IM2509,20,334682,37725,131071,730,146071,-525,-15000,1255,1255,0,True,False,True,239398,189144,7003.0,6974.2,7161.4
2025-09-05,IC,IC2509,20,145465,-24878,84781,-10135,86843,-9438,-2062,-697,0,697,False,False,False,97724,113160,6898.6,6876.8,6607.2
2025-09-05,IF,IF2509,20,146938,-52633,93820,-14788,101137,-14383,-7317,-405,0,405,False,False,False,98192,126309,4456.6,4450.6,4334.2
2025-09-05,IH,IH2509,20,63925,-34940,40774,-8486,45925,-8627,-5151,141,141,0,False,False,True,41445,53570,2940.8,2939.2,2893.4
2025-09-05,IM,IM2509,20,263191,-69175,118618,-12248,133944,-11692,-15326,-556,0,556,False,False,False,183966,171258,7226.0,7206.2,6974.2
2025-09-08,IC,IC2509,20,124496,-20848,83613,-1074,86118,-261,-2505,-813,0,813,False,False,False,80662,111009,6920.8,6925.6,6876.8
2025-09-08,IF,IF2509,20,129929,-16170,93220,-456,99042,-1836,-5822,1380,1380,0,False,False,True,83936,122548,4453.0,4457.0,4450.6
2025-09-08,IH,IH2509,20,50643,-13196,38351,-2419,43231,-2694,-4880,275,275,0,False,False,True,32137,50426,2936.6,2938.6,2939.2
2025-09-08,IM,IM2509,20,223019,-38580,107342,-11276,122113,-11831,-14771,555,555,0,False,False,True,153548,159428,7236.0,7248.0,7206.2
2025-09-09,IC,IC2509,20,116531,-7569,77996,-5617,81173,-4823,-3177,-794,0,794,False,False,False,75927,104281,6872.8,6866.8,6925.6
2025-09-09,IF,IF2509,20,110651,-19055,85082,-8104,90091,-8488,-5009,384,384,0,False,False,True,73565,112541,4426.2,4420.8,4457.0
2025-09-09,IH,IH2509,20,49782,-344,36368,-1528,40950,-2281,-4582,753,753,0,False,False,True,32243,48414,2925.4,2922.0,2938.6
2025-09-09,IM,IM2509,20,216685,-6095,106694,-291,120503,-1300,-13809,1009,1009,0,False,False,True,150382,155328,7165.8,7153.4,7248.0
2025-09-10,IC,IC2509,20,115485,-996,79465,1469,82797,1768,-3332,-299,0,299,True,True,False,75803,105294,6863.4,6887.8,6866.8
2025-09-10,IF,IF2509,20,116608,6128,87291,2209,91364,1431,-4073,778,778,0,True,True,True,76988,113485,4432.4,4444.6,4420.8
2025-09-10,IH,IH2509,20,50654,1037,36836,511,40821,8,-3985,503,503,0,True,True,True,33015,48255,2937.8,2944.2,2922.0
2025-09-10,IM,IM2509,20,231385,16913,107500,806,118780,-1723,-11280,2529,2529,0,True,False,True,161976,154502,7151.0,7176.6,7153.4
2025-09-11,IC,IC2509,20,154393,39694,78672,35,83870,1073,-5198,-1038,0,1038,True,True,False,103556,105917,7124.6,7097.8,6887.8
2025-09-11,IF,IF2509,20,145411,29359,88546,1483,92878,1514,-4332,-31,0,31,True,True,False,96412,115085,4562.0,4542.8,4444.6
2025-09-11,IH,IH2509,20,65231,15041,39133,2521,42870,2049,-3737,472,472,0,True,True,True,42028,50570,2990.2,2981.4,2944.2
2025-09-11,IM,IM2509,20,260717,30583,104987,-1706,114005,-4775,-9018,3069,3069,0,False,False,True,181199,147845,7387.8,7365.6,7176.6
2025-09-12,IC,IC2509,20,131817,-22397,73874,-4742,77953,-5581,-4079,839,839,0,False,False,True,86462,98187,7140.0,7152.4,7097.8
2025-09-12,IF,IF2509,20,130846,-14189,79743,-8803,84020,-8395,-4277,-408,0,408,False,False,False,83488,103677,4523.2,4525.8,4542.8
2025-09-12,IH,IH2509,20,58674,-5846,33266,-5867,37653,-5106,-4387,-761,0,761,False,False,False,36849,44308,2968.6,2969.8,2981.4
2025-09-12,IM,IM2509,20,196772,-62117,96265,-8606,103979,-10026,-7714,1420,1420,0,False,False,True,134399,135337,7392.8,7400.8,7365.6
2025-09-15,IC,IC2509,20,106449,-25240,59164,-14430,62344,-15128,-3180,698,698,0,False,False,True,67687,78004,7114.2,7125.8,7152.4
2025-09-15,IF,IF2509,20,114481,-16365,65832,-13634,69979,-13985,-4147,351,351,0,False,False,True,73627,86544,4527.8,4528.0,4525.8
2025-09-15,IH,IH2509,20,50307,-6952,28944,-3999,33058,-4469,-4114,470,470,0,False,False,True,31164,38868,2962.4,2961.2,2969.8
2025-09-15,IM,IM2509,20,160538,-35416,82247,-13879,89559,-14420,-7312,541,541,0,False,False,True,107983,116294,7368.6,7386.4,7400.8
2025-09-16,IC,IC2509,20,111424,5426,60122,1026,62804,1002,-2682,24,24,0,True,True,True,72243,76600,7165.2,7162.0,7125.8
2025-09-16,IF,IF2509,20,118798,4705,62659,-3102,64741,-5049,-2082,1947,1947,0,False,False,True,76486,79227,4516.8,4517.0,4528.0
2025-09-16,IH,IH2509,20,48582,-326,25084,-3837,27549,-5509,-2465,1672,1672,0,False,False,True,31154,33235,2950.6,2950.4,2961.2
2025-09-16,IM,IM2509,20,188720,28419,83625,1378,87444,-2055,-3819,3433,3433,0,True,False,True,130773,112626,7462.0,7454.0,7386.4
2025-09-17,IC,IC2509,20,104889,-6326,44423,-15420,46490,-16314,-2067,894,894,0,False,False,True,67086,56442,7252.4,7244.2,7162.0
2025-09-17,IF,IF2509,20,116676,-42,49669,-12990,50959,-13237,-1290,247,247,0,False,False,True,72782,61553,4553.2,4548.4,4517.0
2025-09-17,IH,IH2509,20,47580,-910,21819,-3214,23811,-2452,-1992,-762,0,762,False,False,False,29648,28332,2956.2,2953.6,2950.4
2025-09-17,IM,IM2509,20,180965,-7245,68036,-15206,69875,-17569,-1839,2363,2363,0,False,False,True,122397,89169,7547.0,7544.2,7454.0
2025-09-18,IC,IC2512,20,146052,61463,92825,16234,103696,14827,-10871,1407,1407,0,True,True,True,101129,130507,6985.4,6960.2,7068.6
2025-09-18,IF,IF2512,20,136256,50833,108984,15063,123810,13662,-14826,1401,1401,0,True,True,True,95637,152375,4448.2,4440.0,4514.6
2025-09-18,IH,IH2512,20,64073,29644,45367,9344,56428,8956,-11061,388,388,0,True,True,True,43865,63340,2912.4,2903.4,2952.8
2025-09-18,IM,IM2512,20,265992,126017,128495,25867,151515,24272,-23020,1595,1595,0,True,True,True,197746,190972,7213.4,7206.2,7324.0
2025-09-19,IC,IC2512,20,135425,-8363,93939,1383,103983,527,-10044,856,856,0,True,True,True,90167,131765,6984.0,6999.0,6960.2
2025-09-19,IF,IF2512,20,121833,-12853,109488,620,122905,-408,-13417,1028,1028,0,True,False,True,80743,151383,4464.4,4470.4,4440.0
2025-09-19,IH,IH2512,20,45484,-18251,42769,-2598,53734,-2646,-10965,48,48,0,False,False,True,29901,60756,2913.4,2917.4,2903.4
2025-09-19,IM,IM2512,20,241837,-19698,130040,1850,153114,1599,-23074,251,251,0,True,True,True,172454,193659,7190.8,7202.2,7206.2
2025-09-22,IC,IC2512,20,105126,-29357,91469,-2149,101059,-2699,-9590,550,550,0,False,False,True,67975,128272,7013.2,6995.0,6999.0
2025-09-22,IF,IF2512,20,100108,-20213,107068,-2420,121179,-1427,-14111,-993,0,993,False,False,False,65934,149528,4484.0,4472.4,4470.4
2025-09-22,IH,IH2512,20,46631,1565,44838,2069,55821,2105,-10983,-36,0,36,True,True,False,30635,63298,2923.0,2917.4,2917.4
2025-09-22,IM,IM2512,20,191681,-48680,123680,-6283,146435,-6679,-22755,396,396,0,False,False,True,134489,186980,7230.2,7211.0,7202.2
2025-09-23,IC,IC2512,20,159311,54824,99066,8431,109225,8382,-10159,49,49,0,True,True,True,107027,138800,6940.6,6888.2,6995.0
2025-09-23,IF,IF2512,20,148628,49568,116257,9849,129328,10177,-13071,-328,0,328,True,True,False,101402,159890,4483.8,4454.6,4472.4
2025-09-23,IH,IH2512,20,63806,17311,45272,541,55579,-151,-10307,692,692,0,True,False,True,42588,63912,2925.0,2912.4,2917.4
2025-09-23,IM,IM2512,20,280548,91312,139593,15913,162526,16091,-22933,-178,0,178,True,True,False,203839,206634,7127.0,7075.8,7211.0
2025-09-24,IC,IC2512,20,151710,-7537,94788,-2899,107430,-1732,-12642,-1167,0,1167,False,False,False,103608,136396,7157.0,7135.8,6888.2
2025-09-24,IF,IF2512,20,129459,-18446,108368,-7342,123527,-5755,-15159,-1587,0,1587,False,False,False,86527,151864,4530.0,4522.6,4454.6
2025-09-24,IH,IH2512,20,55463,-7216,44873,-297,56263,806,-11390,-1103,0,1103,False,True,False,37457,63540,2939.8,2938.2,2912.4
2025-09-24,IM,IM2512,20,258427,-19075,127601,-11799,151360,-11166,-23759,-633,0,633,False,False,False,185454,192420,7303.2,7288.4,7075.8
2025-09-25,IC,IC2512,20,113331,-37203,93089,-956,104769,-2648,-11680,1692,1692,0,False,False,True,76629,132726,7166.6,7185.4,7135.8
2025-09-25,IF,IF2512,20,118603,-10144,110670,2440,127405,3878,-16735,-1438,0,1438,True,True,False,80775,154619,4562.2,4572.4,4522.6
2025-09-25,IH,IH2512,20,47642,-5847,42435,-2400,54118,-2110,-11683,-290,0,290,False,False,False,31803,61185,2953.6,2958.4,2938.2
2025-09-25,IM,IM2512,20,192497,-64709,121438,-6080,144714,-6646,-23276,566,566,0,False,False,True,135475,183767,7281.8,7290.8,7288.4
2025-09-26,IC,IC2512,20,122602,9676,95731,3162,107261,2546,-11530,616,616,0,True,True,True,82089,135754,7080.0,7097.6,7185.4
2025-09-26,IF,IF2512,20,106882,-11242,107460,-2915,124688,-2249,-17228,-666,0,666,False,False,False,71448,150988,4525.0,4535.2,4572.4
2025-09-26,IH,IH2512,20,43671,-3570,42839,427,54329,433,-11490,-6,0,6,True,True,False,29241,61526,2944.4,2949.8,2958.4
2025-09-26,IM,IM2512,20,218143,27365,128370,7177,151931,7217,-23561,-40,0,40,True,True,False,155277,192544,7189.2,7193.4,7290.8
2025-09-29,IC,IC2512,20,136580,14935,94915,-84,107681,472,-12766,-556,0,556,False,True,False,91906,135897,7232.2,7210.6,7097.6
2025-09-29,IF,IF2512,20,145815,39313,117615,10871,136931,12659,-19316,-1788,0,1788,True,True,False,97301,165254,4604.6,4608.8,4535.2
2025-09-29,IH,IH2512,20,77518,34246,51297,8533,63216,8950,-11919,-417,0,417,True,True,False,51950,71918,2976.0,2985.4,2949.8
2025-09-29,IM,IM2512,20,250080,34297,129142,1028,152789,858,-23647,170,170,0,True,True,True,178532,191754,7337.4,7316.8,7193.4
2025-09-30,IC,IC2512,20,106961,-28409,92273,-2560,104604,-3066,-12331,506,506,0,False,False,True,71590,131766,7290.4,7288.8,7210.6
2025-09-30,IF,IF2512,20,95540,-50142,108517,-8751,126638,-9602,-18121,851,851,0,False,False,True,63292,153795,4618.0,4621.2,4608.8
2025-09-30,IH,IH2512,20,44694,-32102,44606,-6657,55971,-7183,-11365,526,526,0,False,False,True,29276,63473,2989.0,2988.6,2985.4
2025-09-30,IM,IM2512,20,188848,-60661,123497,-5387,145728,-7061,-22231,1674,1674,0,False,False,True,135231,183522,7406.2,7408.4,7316.8
2025-10-09,IC,IC2512,20,132962,27230,100059,8603,113372,9332,-13313,-729,0,729,True,True,False,88806,143814,7415.8,7432.8,7288.8
2025-10-09,IF,IF2512,20,117744,23172,116547,8033,134296,7756,-17749,277,277,0,True,True,True,78704,163300,4689.2,4694.4,4621.2
2025-10-09,IH,IH2512,20,53386,8809,47226,2620,58954,3066,-11728,-446,0,446,True,True,False,36012,66848,3026.0,3024.2,2988.6
2025-10-09,IM,IM2512,20,186923,-655,122652,-728,145419,-309,-22767,-419,0,419,False,False,False,131436,182161,7449.6,7467.8,7408.4
2025-10-10,IC,IC2512,20,145884,16917,97381,-1405,108994,-4329,-11613,2924,2924,0,False,False,True,99771,140200,7266.0,7272.6,7432.8
2025-10-10,IF,IF2512,20,142622,25058,116052,-275,131933,-2363,-15881,2088,2088,0,False,False,True,96227,162971,4592.2,4593.2,4694.4
2025-10-10,IH,IH2512,20,65106,12353,46830,-258,59576,622,-12746,-880,0,880,False,True,False,43708,67688,2975.8,2973.2,3024.2
2025-10-10,IM,IM2512,20,200990,14375,122756,614,145392,-27,-22636,641,641,0,True,False,True,140881,183267,7340.4,7346.4,7467.8
2025-10-13,IC,IC2512,20,148779,3752,99739,2731,111350,2367,-11611,364,364,0,True,True,True,101843,143038,7231.0,7221.4,7272.6
2025-10-13,IF,IF2512,20,145684,3807,116387,546,132207,771,-15820,-225,0,225,True,True,False,97200,163856,4562.6,4559.4,4593.2
2025-10-13,IH,IH2512,20,66686,2016,45948,-715,57853,-1500,-11905,785,785,0,False,False,True,44552,65965,2961.6,2961.2,2973.2
2025-10-13,IM,IM2512,20,235368,35968,128655,6340,149998,4606,-21343,1734,1734,0,True,True,True,169889,190790,7305.8,7303.8,7346.4
2025-10-14,IC,IC2512,20,192362,44485,107106,7367,117635,6525,-10529,842,842,0,True,True,True,131717,151940,7010.0,7018.6,7221.4
2025-10-14,IF,IF2512,20,161178,16824,116882,976,130550,-1587,-13668,2563,2563,0,True,False,True,107698,162441,4507.2,4499.2,4559.4
2025-10-14,IH,IH2512,20,72507,6907,45993,45,56388,857,-10395,-812,0,812,True,True,False,48584,65281,2958.4,2953.0,2961.2
2025-10-14,IM,IM2512,20,279281,45796,132616,4732,151699,2154,-19083,2578,2578,0,True,True,True,200096,194043,7145.8,7148.6,7303.8
2025-10-15,IC,IC2512,20,154291,-37699,97671,-9435,109548,-7929,-11877,-1506,0,1506,False,False,False,105607,141518,7140.2,7134.4,7018.6
2025-10-15,IF,IF2512,20,128117,-32881,114021,-1741,128490,-1947,-14469,206,206,0,False,False,True,86223,160428,4576.4,4572.6,4499.2
2025-10-15,IH,IH2512,20,62694,-9771,44209,-1585,55572,-615,-11363,-970,0,970,False,False,False,41717,63594,2997.4,2995.0,2953.0
2025-10-15,IM,IM2512,20,253294,-24269,128527,-3945,149172,-2526,-20645,-1419,0,1419,False,False,False,178569,191595,7275.2,7273.8,7148.6
2025-10-16,IC,IC2512,20,131255,-22576,96354,-1317,107568,-1980,-11214,663,663,0,False,False,True,88010,138071,7062.0,7046.6,7134.4
2025-10-16,IF,IF2512,20,129175,1844,116147,2619,130031,1694,-13884,925,925,0,True,True,True,87781,161774,4590.0,4585.8,4572.6
2025-10-16,IH,IH2512,20,69729,7493,49013,4963,60826,5262,-11813,-299,0,299,True,True,False,47257,69593,3019.0,3017.4,2995.0
2025-10-16,IM,IM2512,20,216597,-35914,125398,-2904,143198,-5942,-17800,3038,3038,0,False,False,True,153865,185185,7205.0,7190.6,7273.8
2025-10-17,IC,IC2512,20,143685,13486,98852,2771,108737,1169,-9885,1602,1602,0,True,True,True,97770,140473,6863.2,6865.0,7046.6
2025-10-17,IF,IF2512,20,147845,19385,116512,1757,129890,-141,-13378,1898,1898,0,True,False,True,99982,163234,4485.2,4484.6,4585.8
2025-10-17,IH,IH2512,20,83927,14575,47325,-1637,58495,-2015,-11170,378,378,0,False,False,True,56818,67502,2963.0,2961.6,3017.4
2025-10-17,IM,IM2512,20,246036,29494,136240,10842,155520,12322,-19280,-1480,0,1480,True,True,False,173725,199348,7020.8,7024.2,7190.6
2025-10-20,IC,IC2512,20,121672,-21902,94769,-4083,105043,-3694,-10274,-389,0,389,False,False,False,81712,135493,6909.2,6908.8,6865.0
2025-10-20,IF,IF2512,20,106449,-40152,111736,-4609,125446,-3739,-13710,-870,0,870,False,False,False,71457,156399,4506.8,4504.2,4484.6
2025-10-20,IH,IH2512,20,51832,-31439,41790,-5212,52682,-5738,-10892,526,526,0,False,False,True,34271,60464,2970.4,2969.6,2961.6
2025-10-20,IM,IM2512,20,204065,-40897,129310,-6189,147924,-7382,-18614,1193,1193,0,False,False,True,143577,189654,7059.2,7053.4,7024.2
2025-10-21,IC,IC2512,20,133331,12588,97017,2248,109515,4472,-12498,-2224,0,2224,True,True,False,89215,139981,7052.8,7067.8,6908.8
2025-10-21,IF,IF2512,20,111762,5600,113397,2829,126793,1557,-13396,1272,1272,0,True,True,True,77133,157558,4577.6,4584.6,4504.2
2025-10-21,IH,IH2512,20,51294,27,43658,1902,53990,1475,-10332,427,427,0,True,True,True,35150,62330,3004.8,3007.4,2969.6
2025-10-21,IM,IM2512,20,215072,11764,129957,1155,149693,2097,-19736,-942,0,942,True,True,False,151318,190486,7182.8,7199.4,7053.4
2025-10-22,IC,IC2512,20,102867,-29290,90595,-6191,102406,-7109,-11811,918,918,0,False,False,True,68879,131680,7011.6,7016.4,7067.8
2025-10-22,IF,IF2512,20,97031,-13397,108828,-4529,121949,-4593,-13121,64,64,0,False,False,True,65140,151558,4563.4,4566.2,4584.6
2025-10-22,IH,IH2512,20,46107,-5181,42105,-1553,51897,-1827,-9792,274,274,0,False,False,True,31434,59769,3005.6,3006.4,3007.4
2025-10-22,IM,IM2512,20,170383,-40839,120433,-9201,140987,-8706,-20554,-495,0,495,False,False,False,120919,180451,7163.2,7165.2,7199.4
2025-10-23,IC,IC2512,20,135680,33044,97125,6796,109842,7436,-12717,-640,0,640,True,True,False,92122,140501,7040.0,6993.8,7016.4
2025-10-23,IF,IF2512,20,122297,26314,116054,7444,129177,7504,-13123,-60,0,60,True,True,False,84087,160208,4580.8,4566.8,4566.2
2025-10-23,IH,IH2512,20,59018,13938,44760,2655,54900,3132,-10140,-477,0,477,True,True,False,40773,63397,3023.8,3017.2,3006.4
2025-10-23,IM,IM2512,20,237773,68479,136535,16197,156401,15414,-19866,783,783,0,True,True,True,172781,201566,7179.0,7125.6,7165.2
2025-10-24,IC,IC2512,20,124530,-10903,92573,-3805,105279,-4563,-12706,758,758,0,False,False,True,84722,134444,7159.8,7129.2,6993.8
2025-10-24,IF,IF2512,20,110621,-10654,110903,-4902,124078,-4813,-13175,-89,0,89,False,False,False,74172,153415,4634.8,4627.0,4566.8
2025-10-24,IH,IH2512,20,57010,-1000,45087,327,55511,611,-10424,-284,0,284,True,True,False,39423,64619,3048.6,3044.4,3017.2
2025-10-24,IM,IM2512,20,206896,-29632,122513,-13653,142551,-13850,-20038,197,197,0,False,False,True,147894,183485,7298.0,7267.8,7125.6
2025-10-27,IC,IC2512,20,128341,4735,96995,5137,109954,4902,-12959,235,235,0,True,True,True,87202,140233,7254.4,7259.4,7129.2
2025-10-27,IF,IF2512,20,105775,-4171,114394,3608,127782,3704,-13388,-96,0,96,True,True,False,71074,157785,4684.4,4685.0,4627.0
2025-10-27,IH,IH2512,20,55235,-1760,45828,746,56382,1130,-10554,-384,0,384,True,True,False,37476,65887,3066.8,3067.8,3044.4
2025-10-27,IM,IM2512,20,192625,-11914,126088,3882,145599,3048,-19511,834,834,0,True,True,True,137585,187588,7322.6,7332.6,7267.8
2025-10-28,IC,IC2512,20,121299,-6785,92433,-4158,104596,-5300,-12163,1142,1142,0,False,False,True,82049,133968,7231.0,7236.8,7259.4
2025-10-28,IF,IF2512,20,108004,3198,111565,-2754,125264,-2318,-13699,-436,0,436,False,False,False,72481,155110,4669.6,4675.0,4685.0
2025-10-28,IH,IH2512,20,52090,-2701,44982,-846,55300,-1043,-10318,197,197,0,False,False,True,34831,64286,3051.6,3053.0,3067.8
2025-10-28,IM,IM2512,20,197639,5934,124595,-1493,143944,-1404,-19349,-89,0,89,False,False,False,141946,186154,7335.6,7342.2,7332.6
2025-10-29,IC,IC2512,20,126189,5208,96142,4388,109423,4920,-13281,-532,0,532,True,True,False,88124,140222,7390.0,7377.2,7236.8
2025-10-29,IF,IF2512,20,96146,-11365,113535,1981,126584,1425,-13049,556,556,0,True,True,True,65655,156239,4732.6,4722.4,4675.0
2025-10-29,IH,IH2512,20,43705,-8069,43030,-1952,53703,-1497,-10673,-455,0,455,False,False,False,30153,62594,3064.8,3061.8,3053.0
2025-10-29,IM,IM2512,20,171253,-25921,120238,-4357,138435,-4220,-18197,-137,0,137,False,False,False,124145,180653,7446.4,7432.2,7342.2
2025-10-30,IC,IC2512,20,156006,30275,99172,3030,109677,412,-10505,2618,2618,0,True,True,True,106213,141423,7299.0,7307.2,7377.2
2025-10-30,IF,IF2512,20,128160,32645,116956,4151,129222,2786,-12266,1365,1365,0,True,True,True,87251,160853,4690.0,4698.4,4722.4
2025-10-30,IH,IH2512,20,61574,18591,47771,4741,57362,3835,-9591,906,906,0,True,True,True,41888,66853,3045.0,3049.8,3061.8
2025-10-30,IM,IM2512,20,227023,56022,130214,9976,146966,8733,-16752,1243,1243,0,True,True,True,162104,190757,7364.4,7366.6,7432.2
2025-10-31,IC,IC2512,20,136967,-18623,96725,-2447,107229,-2391,-10504,-56,0,56,False,False,False,92416,138903,7242.4,7264.4,7307.2
2025-10-31,IF,IF2512,20,126537,-1012,116216,-731,128929,126,-12713,-857,0,857,False,True,False,85956,160463,4631.4,4636.6,4698.4
2025-10-31,IH,IH2512,20,59489,-1851,44905,-2866,54707,-2511,-9802,-355,0,355,False,False,False,40576,63955,3015.2,3016.6,3049.8
2025-10-31,IM,IM2512,20,230976,5386,126461,-3188,143792,-3092,-17331,-96,0,96,False,False,False,164443,186908,7368.2,7397.2,7366.6
2025-11-03,IC,IC2512,20,134739,-1414,97274,681,105490,-1603,-8216,2284,2284,0,True,False,True,90896,137332,7239.6,7233.4,7264.4
2025-11-03,IF,IF2512,20,106954,-18809,114260,-1493,125661,-3268,-11401,1775,1775,0,False,False,True,72223,157779,4634.8,4630.2,4636.6
2025-11-03,IH,IH2512,20,48831,-10516,43058,-1847,52772,-1857,-9714,10,10,0,False,False,True,32564,61533,3016.6,3013.6,3016.6
2025-11-03,IM,IM2512,20,214305,-16082,125152,-1275,141819,-1973,-16667,698,698,0,False,False,True,149911,185243,7398.0,7399.4,7397.2
2025-11-04,IC,IC2512,20,134199,-357,95064,-2011,103678,-1522,-8614,-489,0,489,False,False,False,90041,135390,7094.6,7069.2,7233.4
2025-11-04,IF,IF2512,20,108367,2795,112513,-674,123253,-2203,-10740,1529,1529,0,False,False,True,74377,155987,4589.0,4577.8,4630.2
2025-11-04,IH,IH2512,20,48389,25,42345,-657,51501,-1271,-9156,614,614,0,False,False,True,32632,59901,3008.2,3003.0,3013.6
2025-11-04,IM,IM2512,20,212569,179,124773,78,140151,-1668,-15378,1746,1746,0,True,False,True,150525,184001,7284.4,7254.8,7399.4
2025-11-05,IC,IC2512,20,135843,2171,96465,1809,104746,1252,-8281,557,557,0,True,True,True,93164,136756,7108.0,7126.0,7069.2
2025-11-05,IF,IF2512,20,108321,1024,112464,360,124266,1013,-11802,-653,0,653,True,True,False,73216,156249,4596.6,4606.6,4577.8
2025-11-05,IH,IH2512,20,51692,3401,43379,1073,52954,1514,-9575,-441,0,441,True,True,False,34881,61875,3002.6,3010.0,3003.0
2025-11-05,IM,IM2512,20,224604,12171,129242,4619,144799,4648,-15557,-29,0,29,True,True,False,159917,189571,7310.8,7329.8,7254.8
2025-11-06,IC,IC2512,20,126756,-8951,93762,-2600,103823,-923,-10061,-1677,0,1677,False,False,False,85816,134122,7246.4,7239.6,7126.0
2025-11-06,IF,IF2512,20,104783,-3369,110682,-1767,123501,-765,-12819,-1002,0,1002,False,False,False,71116,154733,4670.8,4671.2,4606.6
2025-11-06,IH,IH2512,20,50085,-1138,44273,939,53348,436,-9075,503,503,0,True,True,True,34423,61694,3041.4,3042.2,3010.0
2025-11-06,IM,IM2512,20,195923,-27492,119867,-9323,134648,-10151,-14781,828,828,0,False,False,True,138409,176903,7405.0,7401.8,7329.8
2025-11-07,IC,IC2512,20,102131,-24297,87650,-6013,98142,-5681,-10492,-332,0,332,False,False,False,68877,127129,7230.2,7230.8,7239.6
2025-11-07,IF,IF2512,20,83175,-21435,107038,-3195,120216,-3285,-13178,90,90,0,False,False,True,56412,149916,4659.4,4659.0,4671.2
2025-11-07,IH,IH2512,20,37633,-11390,40902,-3371,49636,-3708,-8734,337,337,0,False,False,True,25302,57801,3038.2,3040.2,3042.2
2025-11-07,IM,IM2512,20,178823,-16247,121965,2185,136852,2204,-14887,-19,0,19,True,True,False,127587,180439,7412.0,7411.6,7401.8
2025-11-10,IC,IC2512,20,112922,11111,92709,5675,102176,4034,-9467,1641,1641,0,True,True,True,76452,132910,7235.8,7230.2,7230.8
2025-11-10,IF,IF2512,20,103143,19968,112259,5253,124623,4407,-12364,846,846,0,True,True,True,69883,156162,4672.0,4666.2,4659.0
2025-11-10,IH,IH2512,20,44401,6869,44327,3451,53237,3684,-8910,-233,0,233,True,True,False,30249,61599,3054.0,3050.8,3040.2
2025-11-10,IM,IM2512,20,180864,3763,123313,1371,137352,500,-14039,871,871,0,True,True,True,128195,179090,7421.0,7412.4,7411.6
2025-11-11,IC,IC2512,20,103645,-8457,88345,-4079,97022,-4511,-8677,432,432,0,False,False,True,69626,127025,7173.0,7185.0,7230.2
2025-11-11,IF,IF2512,20,102217,-339,109352,-2907,120444,-3877,-11092,970,970,0,False,False,True,70771,151427,4626.8,4632.0,4666.2
2025-11-11,IH,IH2512,20,49720,6010,42892,-1435,52220,-923,-9328,-512,0,512,False,False,False,34254,60887,3033.0,3032.6,3050.8
2025-11-11,IM,IM2512,20,174069,-6526,122374,-855,135577,-1775,-13203,920,920,0,False,False,True,122556,179084,7390.4,7401.6,7412.4
2025-11-12,IC,IC2512,20,132723,29268,98685,11825,108946,12132,-10261,-307,0,307,True,True,False,90041,141389,7155.2,7146.8,7185.0
2025-11-12,IF,IF2512,20,114708,13512,113839,4592,125188,4980,-11349,-388,0,388,True,True,False,79009,157009,4628.0,4628.0,4632.0
2025-11-12,IH,IH2512,20,53180,4594,44996,2104,53542,1484,-8546,620,620,0,True,True,True,36751,62367,3042.8,3044.2,3032.6
2025-11-12,IM,IM2512,20,222012,48249,132685,10564,146873,11587,-14188,-1023,0,1023,True,True,False,159312,193160,7369.8,7355.6,7401.6
2025-11-13,IC,IC2512,20,116326,-16124,89676,-8355,100428,-8518,-10752,163,163,0,False,False,True,80371,129916,7269.0,7250.8,7146.8
2025-11-13,IF,IF2512,20,101603,-12808,107673,-4944,119409,-5515,-11736,571,571,0,False,False,True,70414,149415,4677.0,4673.2,4628.0
2025-11-13,IH,IH2512,20,51975,-615,43807,-1093,53100,-442,-9293,-651,0,651,False,False,False,34620,61604,3068.8,3067.8,3044.2
2025-11-13,IM,IM2512,20,196722,-24898,126764,-5868,140564,-6259,-13800,391,391,0,False,False,True,140471,183744,7478.4,7462.8,7355.6
2025-11-14,IC,IC2512,20,104923,-10201,90952,1554,100641,398,-9689,1156,1156,0,True,True,True,71699,130526,7137.4,7179.0,7250.8
2025-11-14,IF,IF2512,20,97565,-3444,109036,1455,120185,776,-11149,679,679,0,True,True,True,67288,149958,4600.4,4622.4,4673.2
2025-11-14,IH,IH2512,20,46637,-4707,44985,1187,54458,1407,-9473,-220,0,220,True,True,False,32072,62716,3030.4,3043.2,3067.8
2025-11-14,IM,IM2512,20,172965,-22625,125555,-1121,139613,-951,-14058,-170,0,170,False,False,False,125074,182376,7372.0,7413.8,7462.8
2025-11-17,IC,IC2512,20,109161,4408,93773,3337,102641,2141,-8868,1196,1196,0,True,True,True,73642,133431,7143.4,7140.8,7179.0
2025-11-17,IF,IF2512,20,103601,6712,111980,2944,122081,1896,-10101,1048,1048,0,True,True,True,69751,154108,4581.4,4573.8,4622.4
2025-11-17,IH,IH2512,20,56345,10150,46134,1359,55344,886,-9210,473,473,0,True,True,True,37212,64127,3009.2,3004.4,3043.2
2025-11-17,IM,IM2512,20,179832,7412,128626,3071,142437,2824,-13811,247,247,0,True,True,True,130158,185984,7394.4,7402.8,7413.8
2025-11-18,IC,IC2512,20,123669,14908,98706,5079,107333,4692,-8627,387,387,0,True,True,True,83267,139697,7079.8,7056.4,7140.8
2025-11-18,IF,IF2512,20,113375,9840,115437,3457,126287,4206,-10850,-749,0,749,True,True,False,76476,158826,4555.0,4543.0,4573.8
2025-11-18,IH,IH2512,20,55305,-46,45023,-989,53778,-1524,-8755,535,535,0,False,False,True,36656,62985,2997.6,2994.4,3004.4
2025-11-18,IM,IM2512,20,201946,22896,131419,2793,144441,2004,-13022,789,789,0,True,True,True,142162,189585,7351.8,7329.2,7402.8
2025-11-19,IC,IC2512,20,124559,2052,99902,1405,110252,2919,-10350,-1514,0,1514,True,True,False,83682,141911,7054.8,7059.6,7056.4
2025-11-19,IF,IF2512,20,114567,1225,113676,-1761,123335,-2952,-9659,1191,1191,0,False,False,True,76820,156324,4565.2,4570.8,4543.0
2025-11-19,IH,IH2512,20,53593,-1050,44318,-604,52685,-1023,-8367,419,419,0,False,False,True,36365,61909,3011.0,3017.4,2994.4
2025-11-19,IM,IM2512,20,209901,8648,140482,9063,154521,10718,-14039,-1655,0,1655,True,True,False,149890,201080,7298.2,7298.8,7329.2
2025-11-20,IC,IC2512,20,131852,8348,109780,10425,119909,9657,-10129,768,768,0,True,True,True,89650,154013,7000.0,7006.2,7059.6
2025-11-20,IF,IF2512,20,124907,11386,122749,9073,131122,7787,-8373,1286,1286,0,True,True,True,83141,165189,4539.2,4548.6,4570.8
2025-11-20,IH,IH2512,20,59183,6027,47345,3365,55194,2594,-7849,771,771,0,True,True,True,39268,64984,3002.6,3005.8,3017.4
2025-11-20,IM,IM2512,20,199139,-10315,142372,2289,157631,3110,-15259,-821,0,821,True,True,False,140822,205865,7263.6,7268.4,7298.8
2025-11-21,IC,IC2512,20,200297,68729,119831,10508,129891,9990,-10060,518,518,0,True,True,True,131128,165935,6770.0,6790.2,7006.2
2025-11-21,IF,IF2512,20,169827,45347,130662,8104,139728,9021,-9066,-917,0,917,True,True,False,112829,176897,4428.4,4440.8,4548.6
2025-11-21,IH,IH2512,20,81301,22351,50060,3119,55878,788,-5818,2331,2331,0,True,True,True,53598,67165,2946.4,2950.2,3005.8
2025-11-21,IM,IM2512,20,310042,111329,175773,33489,191069,33438,-15296,51,51,0,True,True,True,215750,244705,7018.2,7036.2,7268.4
2025-11-24,IC,IC2512,20,140853,-56253,108220,-11452,117706,-12185,-9486,733,733,0,False,False,True,92262,151377,6827.6,6842.0,6790.2
2025-11-24,IF,IF2512,20,124443,-44573,125380,-5149,134357,-5371,-8977,222,222,0,False,False,True,82507,168604,4435.2,4443.6,4440.8
2025-11-24,IH,IH2512,20,51398,-29298,45873,-4032,51633,-3985,-5760,-47,0,47,False,False,False,33894,62014,2944.4,2948.8,2950.2
2025-11-24,IM,IM2512,20,229145,-79476,155836,-19937,170195,-20455,-14359,518,518,0,False,False,True,160312,220648,7095.2,7111.6,7036.2
2025-11-25,IC,IC2512,20,141163,347,110299,2079,119974,2525,-9675,-446,0,446,True,True,False,93552,152439,6900.0,6909.4,6842.0
2025-11-25,IF,IF2512,20,116693,-7680,119448,-5733,128570,-5418,-9122,-315,0,315,False,False,False,77751,160808,4473.0,4474.4,4443.6
2025-11-25,IH,IH2512,20,48777,-2109,44342,-1241,49705,-1817,-5363,576,576,0,False,False,True,32610,59535,2959.2,2960.4,2948.8
2025-11-25,IM,IM2512,20,215976,-11092,148979,-6439,165066,-5050,-16087,-1389,0,1389,False,False,False,152757,211318,7172.0,7182.8,7111.6
2025-11-26,IC,IC2512,20,112146,-28443,103339,-6960,112546,-7024,-9207,64,64,0,False,False,True,74334,143910,6909.4,6918.8,6909.4
2025-11-26,IF,IF2512,20,106979,-9190,115973,-3239,124246,-4217,-8273,978,978,0,False,False,True,70583,155905,4493.0,4497.4,4474.4
2025-11-26,IH,IH2512,20,39922,-8740,42894,-1367,48010,-1621,-5116,254,254,0,False,False,True,26457,58010,2964.6,2965.6,2960.4
2025-11-26,IM,IM2512,20,180804,-33515,141489,-7490,157511,-7157,-16022,-333,0,333,False,False,False,125795,202891,7176.2,7184.6,7182.8
2025-11-27,IC,IC2512,20,112783,840,104865,1526,113911,1365,-9046,161,161,0,True,True,True,76028,145804,6896.2,6908.8,6918.8
2025-11-27,IF,IF2512,20,108802,2034,116537,901,124247,341,-7710,560,560,0,True,True,True,72122,155679,4492.6,4499.4,4497.4
2025-11-27,IH,IH2512,20,46930,7008,45964,3070,50995,3191,-5031,-121,0,121,True,True,False,30995,61159,2962.4,2964.6,2965.6
2025-11-27,IM,IM2512,20,183190,2727,143548,2059,158203,692,-14655,1367,1367,0,True,True,True,130117,203626,7179.0,7192.4,7184.6
2025-11-28,IC,IC2512,20,107684,-4733,100565,-4018,109944,-3967,-9379,-51,0,51,False,False,False,72395,139454,6974.2,6970.2,6908.8
2025-11-28,IF,IF2512,20,98421,-10055,111477,-4847,119466,-4644,-7989,-203,0,203,False,False,False,64947,148801,4505.8,4506.8,4499.4
2025-11-28,IH,IH2512,20,40755,-5037,42996,-2766,48659,-1497,-5663,-1269,0,1269,False,False,False,27131,57878,2963.2,2963.8,2964.6
2025-11-28,IM,IM2512,20,175144,-7532,139713,-3756,154462,-3627,-14749,-129,0,129,False,False,False,125415,199411,7260.8,7249.8,7192.4
2025-12-01,IC,IC2512,20,99285,-7950,96978,-3501,106066,-3878,-9088,377,377,0,False,False,True,64309,134509,7031.6,7026.8,6970.2
2025-12-01,IF,IF2512,20,105468,7072,109884,-1464,116117,-3349,-6233,1885,1885,0,False,False,True,68600,145600,4555.4,4550.2,4506.8
2025-12-01,IH,IH2512,20,49255,9584,44819,1840,49922,1569,-5103,271,271,0,True,True,True,32036,59130,2986.4,2983.2,2963.8
2025-12-01,IM,IM2512,20,153882,-21235,132149,-7497,146380,-8082,-14231,585,585,0,False,False,True,107661,189019,7290.0,7286.0,7249.8
2025-12-02,IC,IC2512,20,82269,-16130,92766,-3958,100583,-5483,-7817,1525,1525,0,False,False,True,54148,127620,6982.2,6979.2,7026.8
2025-12-02,IF,IF2512,20,85431,-20037,104319,-5565,108965,-7152,-4646,1587,1587,0,False,False,True,55827,138432,4535.8,4531.8,4550.2
2025-12-02,IH,IH2512,20,38901,-10243,40121,-4471,44857,-4910,-4736,439,439,0,False,False,True,25152,53855,2971.4,2968.8,2983.2
2025-12-02,IM,IM2512,20,138413,-14590,127518,-4599,139554,-6179,-12036,1580,1580,0,False,False,True,96449,181453,7239.6,7237.2,7286.0
2025-12-03,IC,IC2512,20,101973,19860,97064,4595,104496,3941,-7432,654,654,0,True,True,True,67339,133791,6950.4,6941.2,6979.2
2025-12-03,IF,IF2512,20,103947,18516,107812,3679,111991,3373,-4179,306,306,0,True,True,True,67863,142198,4518.2,4513.4,4531.8
2025-12-03,IH,IH2512,20,42304,3460,42033,1989,46337,1578,-4304,411,411,0,True,True,True,27565,55954,2958.4,2955.2,2968.8
2025-12-03,IM,IM2512,20,169433,32072,137134,9616,148672,9343,-11538,273,273,0,True,True,True,118632,193074,7195.4,7185.4,7237.2
2025-12-04,IC,IC2512,20,96774,-4864,89108,-7954,96641,-7808,-7533,-146,0,146,False,False,False,64721,123278,6983.2,6975.6,6941.2
2025-12-04,IF,IF2512,20,96213,-6568,102663,-5074,107511,-4412,-4848,-662,0,662,False,False,False,63708,136475,4530.6,4528.4,4513.4
2025-12-04,IH,IH2512,20,41877,-223,39753,-2193,44297,-1830,-4544,-363,0,363,False,False,False,27688,53262,2968.2,2965.4,2955.2
2025-12-04,IM,IM2512,20,166729,-2503,128735,-8399,138489,-10183,-9754,1784,1784,0,False,False,True,116454,181088,7213.4,7204.0,7185.4
2025-12-05,IC,IC2512,20,123847,27637,95936,6828,103408,7333,-7472,-505,0,505,True,True,False,83349,130990,7083.2,7076.6,6975.6
2025-12-05,IF,IF2512,20,128199,32004,108473,6419,115103,7703,-6630,-1284,0,1284,True,True,False,84754,143296,4574.4,4578.2,4528.4
2025-12-05,IH,IH2512,20,59873,18193,45834,6193,50569,6460,-4735,-267,0,267,True,True,False,38569,59755,2997.4,3003.4,2965.4
2025-12-05,IM,IM2512,20,209835,44013,134368,5633,146470,8748,-12102,-3115,0,3115,True,True,False,146937,189203,7319.8,7311.4,7204.0
2025-12-08,IC,IC2512,20,96889,-25449,83593,-12343,91972,-11116,-8379,-1227,0,1227,False,False,False,63355,116565,7144.0,7150.2,7076.6
2025-12-08,IF,IF2512,20,116522,-11612,99592,-8881,107264,-7839,-7672,-1042,0,1042,False,False,False,76082,132821,4613.2,4617.0,4578.2
2025-12-08,IH,IH2512,20,48822,-11051,42202,-3455,46739,-3329,-4537,-126,0,126,False,False,False,31875,55867,3015.0,3018.4,3003.4
2025-12-08,IM,IM2512,20,152972,-55415,118703,-15311,130579,-15806,-11876,495,495,0,False,False,True,104973,168647,7380.4,7387.0,7311.4
2025-12-09,IC,IC2512,20,87375,-9110,82886,-707,90968,-695,-8082,-12,0,12,False,False,False,57109,114015,7094.4,7094.2,7150.2
2025-12-09,IF,IF2512,20,98169,-18353,94617,-4975,101817,-5447,-7200,472,472,0,False,False,True,63877,125588,4583.2,4581.0,4617.0
2025-12-09,IH,IH2512,20,40345,-7806,39792,-2344,44014,-2618,-4222,274,274,0,False,False,True,26505,52166,2991.6,2991.2,3018.4
2025-12-09,IM,IM2512,20,127763,-24603,117444,-1259,127011,-3476,-9567,2217,2217,0,False,False,True,86997,164945,7347.8,7352.0,7387.0
2025-12-10,IC,IC2512,20,106471,19876,79499,-3373,86758,-4210,-7259,837,837,0,False,False,True,69706,109494,7122.2,7128.2,7094.2
2025-12-10,IF,IF2512,20,117528,19811,91780,-2832,97239,-4578,-5459,1746,1746,0,False,False,True,75990,121027,4574.2,4574.6,4581.0
2025-12-10,IH,IH2512,20,53663,13771,40518,726,43946,43,-3428,683,683,0,True,True,True,34093,52758,2980.8,2980.2,2991.2
2025-12-10,IM,IM2512,20,157064,31335,116999,-330,125551,-1460,-8552,1130,1130,0,False,False,True,108100,163906,7371.4,7374.6,7352.0
2025-12-11,IC,IC2512,20,98940,-6452,72709,-6790,78510,-8152,-5801,1362,1362,0,False,False,True,63847,99580,7074.4,7083.8,7128.2
2025-12-11,IF,IF2512,20,102530,-14160,84065,-7482,89824,-7415,-5759,-67,0,67,False,False,False,64930,111889,4539.6,4544.2,4574.6
2025-12-11,IH,IH2512,20,43852,-9206,36412,-4106,39523,-4416,-3111,310,310,0,False,False,True,28078,47700,2969.8,2965.6,2980.2
2025-12-11,IM,IM2512,20,165914,8870,110000,-6999,115769,-9258,-5769,2259,2259,0,False,False,True,114206,152560,7304.6,7312.4,7374.6
2025-12-12,IC,IC2512,20,126276,27579,72784,1270,78982,489,-6198,781,781,0,True,True,True,82739,99631,7174.0,7179.0,7083.8
2025-12-12,IF,IF2512,20,116244,13763,86614,2549,92581,2757,-5967,-208,0,208,True,True,False,74003,113155,4574.0,4574.8,4544.2
2025-12-12,IH,IH2512,20,51657,7998,36967,555,39883,567,-2916,-12,0,12,True,True,False,32570,47489,2986.8,2986.2,2965.6
2025-12-12,IM,IM2512,20,185646,20727,107776,-2224,115169,349,-7393,-2573,0,2573,False,True,False,126483,149811,7361.8,7368.2,7312.4
2025-12-15,IC,IC2512,20,99555,-25514,59072,-13712,63669,-15056,-4597,1344,1344,0,False,False,True,65014,80379,7115.8,7123.4,7179.0
2025-12-15,IF,IF2512,20,107945,-7393,71219,-15237,77607,-14974,-6388,-263,0,263,False,False,False,68323,94777,4545.6,4552.2,4574.8
2025-12-15,IH,IH2512,20,52944,1751,32015,-4923,34894,-4944,-2879,21,21,0,False,False,True,33281,41704,2983.8,2988.2,2986.2
2025-12-15,IM,IM2512,20,152464,-32644,90833,-16755,96939,-18230,-6106,1475,1475,0,False,False,True,104015,126463,7308.0,7316.0,7368.2
2025-12-16,IC,IC2512,20,122787,23674,57952,-457,60128,-3035,-2176,2578,2578,0,False,False,True,78132,75305,7010.2,7005.4,7123.4
2025-12-16,IF,IF2512,20,129384,22838,70392,-737,74743,-2678,-4351,1941,1941,0,False,False,True,79947,90761,4499.4,4494.6,4552.2
2025-12-16,IH,IH2512,20,65240,12853,28540,-3413,30729,-4087,-2189,674,674,0,False,False,True,39814,37238,2951.4,2945.0,2988.2
2025-12-16,IM,IM2512,20,187952,36278,91799,2594,95961,-978,-4162,3572,3572,0,True,False,True,125471,123921,7189.0,7184.2,7316.0
2025-12-17,IC,IC2512,20,120402,-2124,44132,-13322,47341,-12520,-3209,-802,0,802,False,False,False,75907,56653,7146.8,7151.8,7005.4
2025-12-17,IF,IF2512,20,136575,7750,47134,-22412,52317,-22426,-5183,14,14,0,False,False,True,84998,61935,4578.2,4583.8,4494.6
2025-12-17,IH,IH2512,20,58603,-5980,22163,-6228,23261,-7353,-1098,1125,1125,0,False,False,True,36309,28496,2987.2,2995.6,2945.0
2025-12-17,IM,IM2512,20,185983,-691,63405,-26906,67697,-27858,-4292,952,952,0,False,False,True,123802,85747,7295.0,7294.4,7184.2
2025-12-18,IC,IC2603,20,83549,-10210,91617,5328,100854,4769,-9237,559,559,0,True,True,True,57027,127506,6973.6,6978.2,6992.2
2025-12-18,IF,IF2512,20,86322,-49265,30010,-16327,32384,-19569,-2374,3242,3242,0,False,False,True,53558,37690,4550.4,4556.6,4583.8
2025-12-18,IH,IH2512,20,37375,-20667,13190,-8781,13652,-9176,-462,395,395,0,False,False,True,22829,16779,2995.0,2995.2,2995.6
2025-12-18,IM,IM2603,20,124759,-13350,115021,5531,130442,4474,-15421,1057,1057,0,True,True,True,87621,166683,7066.0,7071.2,7068.4
2025-12-19,IC,IC2603,20,103807,20641,96971,5446,108702,7848,-11731,-2402,0,2402,True,True,False,69784,137059,7055.4,7050.8,6978.2
2025-12-19,IF,IF2603,20,102589,26913,115396,7948,136171,11837,-20775,-3889,0,3889,True,True,False,66095,162769,4527.0,4524.8,4509.4
2025-12-19,IH,IH2603,20,42446,8742,34192,4761,44637,5629,-10445,-868,0,868,True,True,False,28058,51015,3006.4,3002.2,2985.8
2025-12-19,IM,IM2603,20,147041,24461,120842,6449,139056,8809,-18214,-2360,0,2360,True,True,False,103313,179118,7141.8,7142.0,7071.2
2025-12-22,IC,IC2603,20,87538,-16104,96422,-412,109514,812,-13092,-1224,0,1224,False,True,False,58271,138149,7123.2,7130.0,7050.8
2025-12-22,IF,IF2603,20,81343,-18572,109862,-5503,131586,-4585,-21724,-918,0,918,False,False,False,53962,157800,4564.8,4566.0,4524.8
2025-12-22,IH,IH2603,20,32714,-9417,33297,-817,43857,-683,-10560,-134,0,134,False,False,False,21348,50341,3018.4,3019.0,3002.2
2025-12-22,IM,IM2603,20,121898,-23889,116608,-3616,136257,-2799,-19649,-817,0,817,False,False,False,86037,175023,7203.6,7208.4,7142.0
2025-12-23,IC,IC2603,20,80736,-6431,95211,-1180,107931,-1583,-12720,403,403,0,False,False,True,53906,136107,7133.2,7129.4,7130.0
2025-12-23,IF,IF2603,20,79997,-1291,115325,5463,137322,5797,-21997,-334,0,334,True,True,False,52645,163660,4571.4,4569.8,4566.0
2025-12-23,IH,IH2603,20,34503,1908,33515,218,43380,-466,-9865,684,684,0,True,False,True,22810,49673,3025.6,3023.6,3019.0
2025-12-23,IM,IM2603,20,124874,4168,118406,1798,136978,721,-18572,1077,1077,0,True,True,True,87825,176419,7197.4,7192.8,7208.4
2025-12-24,IC,IC2603,20,104677,23960,102805,7594,116754,8823,-13949,-1229,0,1229,True,True,False,69984,146995,7240.4,7250.2,7129.4
2025-12-24,IF,IF2603,20,86214,8226,114791,-491,137472,552,-22681,-1043,0,1043,False,True,False,58846,164967,4595.0,4595.8,4569.8
2025-12-24,IH,IH2603,20,36536,2679,33759,309,44007,650,-10248,-341,0,341,True,True,False,24242,50212,3027.0,3025.8,3023.6
2025-12-24,IM,IM2603,20,156798,32991,123451,5192,145090,8132,-21639,-2940,0,2940,True,True,False,113077,185869,7327.6,7333.6,7192.8
2025-12-25,IC,IC2603,20,95485,-8971,100558,-2247,114296,-2456,-13738,209,209,0,False,False,True,63146,144535,7320.6,7329.6,7250.2
2025-12-25,IF,IF2603,20,78790,-6613,114322,-469,137661,189,-23339,-658,0,658,False,True,False,52262,164476,4610.6,4616.2,4595.8
2025-12-25,IH,IH2603,20,30786,-5395,33945,273,44216,433,-10271,-160,0,160,True,True,False,20968,50757,3034.0,3035.8,3025.8
2025-12-25,IM,IM2603,20,143091,-12795,120567,-2884,142368,-2679,-21801,-205,0,205,False,False,False,101700,183127,7419.0,7429.8,7333.6
2025-12-26,IC,IC2603,20,128971,33645,110425,10329,125601,11305,-15176,-976,0,976,True,True,False,84671,157607,7388.0,7386.2,7329.6
2025-12-26,IF,IF2603,20,105296,28702,123941,9619,146097,8606,-22156,1013,1013,0,True,True,True,70821,175215,4638.4,4636.0,4616.2
2025-12-26,IH,IH2603,20,47793,17232,38270,5185,48123,4029,-9853,1156,1156,0,True,True,True,31969,55790,3051.4,3052.6,3035.8
2025-12-26,IM,IM2603,20,174876,32966,129480,8913,152133,9774,-22653,-861,0,861,True,True,False,125247,194890,7472.4,7477.4,7429.8
2025-12-29,IC,IC2603,20,98263,-30440,102495,-7318,116976,-8625,-14481,1307,1307,0,False,False,True,63940,146816,7336.6,7337.4,7386.2
2025-12-29,IF,IF2603,20,89460,-15129,117783,-6158,139326,-6771,-21543,613,613,0,False,False,True,58452,167149,4610.2,4605.8,4636.0
2025-12-29,IH,IH2603,20,38834,-8876,36037,-2168,45853,-2270,-9816,102,102,0,False,False,True,24852,53232,3038.0,3036.4,3052.6
2025-12-29,IM,IM2603,20,139970,-34477,121470,-7886,142064,-10069,-20594,2183,2183,0,False,False,True,95430,182605,7439.0,7441.2,7477.4
2025-12-30,IC,IC2603,20,100805,2542,107721,5323,122516,5540,-14795,-217,0,217,True,True,False,66223,153828,7381.0,7388.2,7337.4
2025-12-30,IF,IF2603,20,86798,-2651,120683,3133,143788,4511,-23105,-1378,0,1378,True,True,False,56756,171595,4622.2,4627.8,4605.8
2025-12-30,IH,IH2603,20,41089,2255,36384,473,46556,968,-10172,-495,0,495,True,True,False,26708,53919,3035.4,3039.0,3036.4
2025-12-30,IM,IM2603,20,145358,6183,127027,5658,147508,5444,-20481,214,214,0,True,True,True,100572,189970,7459.2,7467.8,7441.2
2025-12-31,IC,IC2603,20,93984,-6785,102101,-5620,114783,-7664,-12682,2044,2044,0,False,False,True,62267,145074,7362.8,7366.6,7388.2
2025-12-31,IF,IF2603,20,96233,10469,117853,-2830,139256,-4308,-21403,1478,1478,0,False,False,True,63352,166875,4599.8,4593.2,4627.8
2025-12-31,IH,IH2603,20,49175,9010,36942,689,46387,421,-9445,268,268,0,True,True,True,31896,53650,3025.0,3021.6,3039.0
2025-12-31,IM,IM2603,20,135611,-8394,121428,-5599,140620,-6888,-19192,1289,1289,0,False,False,True,93696,181081,7436.2,7439.0,7467.8
2026-01-05,IC,IC2603,20,119302,25628,113195,11123,126905,12210,-13710,-1087,0,1087,True,True,False,79757,160143,7596.0,7582.6,7366.6
2026-01-05,IF,IF2603,20,107613,11394,123103,5858,145227,5971,-22124,-113,0,113,True,True,False,72812,173732,4697.0,4697.8,4593.2
2026-01-05,IH,IH2603,20,53282,5316,39201,2259,48696,2443,-9495,-184,0,184,True,True,False,35869,56614,3098.8,3101.0,3021.6
2026-01-05,IM,IM2603,20,147470,13424,125354,4700,149033,8413,-23679,-3713,0,3713,True,True,False,103703,189842,7639.0,7625.4,7439.0
2026-01-06,IC,IC2603,20,141557,22674,115095,1900,130167,3413,-15072,-1513,0,1513,True,True,False,94435,164336,7786.4,7762.2,7582.6
2026-01-06,IF,IF2603,20,118249,11589,126094,3334,148610,3459,-22516,-125,0,125,True,True,False,79694,178463,4778.0,4771.0,4697.8
2026-01-06,IH,IH2603,20,60529,7247,42117,2916,52005,3397,-9888,-481,0,481,True,True,False,39763,60630,3161.8,3154.6,3101.0
2026-01-06,IM,IM2603,20,160523,14584,126807,1604,149749,716,-22942,888,888,0,True,True,True,114127,192848,7762.4,7738.2,7625.4
2026-01-07,IC,IC2603,20,129154,-12100,116486,1391,129954,-79,-13468,1470,1470,0,True,False,True,85963,164218,7802.6,7810.2,7762.2
2026-01-07,IF,IF2603,20,99307,-18550,124114,-1732,144626,-3798,-20512,2066,2066,0,False,False,True,67166,174314,4753.0,4751.4,4771.0
2026-01-07,IH,IH2603,20,46242,-14287,38201,-3815,48222,-3742,-10021,-73,0,73,False,False,False,30060,55587,3143.8,3141.8,3154.6
2026-01-07,IM,IM2603,20,150437,-9288,125919,-755,147255,-2494,-21336,1739,1739,0,False,False,True,104271,189188,7760.2,7768.6,7738.2
2026-01-08,IC,IC2603,20,131962,3505,111706,-4780,124323,-5621,-12617,841,841,0,False,False,True,87667,158547,7814.4,7804.4,7810.2
2026-01-08,IF,IF2603,20,104311,5740,124276,256,146375,1749,-22099,-1493,0,1493,True,True,False,70354,176039,4718.4,4710.2,4751.4
2026-01-08,IH,IH2603,20,43372,-2860,38420,280,48225,25,-9805,255,255,0,True,True,True,28102,55279,3122.4,3115.6,3141.8
2026-01-08,IM,IM2603,20,169513,19909,129272,3395,149235,1980,-19963,1415,1415,0,True,True,True,118672,193230,7820.6,7808.8,7768.6
2026-01-09,IC,IC2603,20,165209,33341,123873,12415,138614,14291,-14741,-1876,0,1876,True,True,False,110023,174403,8037.8,8005.2,7804.4
2026-01-09,IF,IF2603,20,126870,23567,127372,3255,151718,5343,-24346,-2088,0,2088,True,True,False,85400,182579,4743.8,4740.0,4710.2
2026-01-09,IH,IH2603,20,51319,8089,37805,-497,48452,740,-10647,-1237,0,1237,False,True,False,33032,55495,3134.8,3131.0,3115.6
2026-01-09,IM,IM2603,20,213564,45143,136963,8022,158266,9031,-21303,-1009,0,1009,True,True,False,149124,203815,8048.4,8011.0,7808.8
2026-01-12,IC,IC2603,20,172919,8094,118148,-5064,133375,-5144,-15227,80,80,0,False,False,True,114590,167535,8236.6,8230.0,8005.2
2026-01-12,IF,IF2603,20,132270,7020,127790,810,152617,899,-24827,-89,0,89,True,True,False,89188,182828,4774.0,4779.4,4740.0
2026-01-12,IH,IH2603,20,52581,1520,37909,341,48559,107,-10650,234,234,0,True,True,True,33564,55192,3140.2,3142.2,3131.0
2026-01-12,IM,IM2603,20,248487,36974,139654,3217,162370,4104,-22716,-887,0,887,True,True,False,172951,208444,8311.4,8306.2,8011.0
2026-01-13,IC,IC2603,20,179557,7476,122680,4571,136836,3489,-14156,1082,1082,0,True,True,True,120900,171420,8131.2,8121.2,8230.0
2026-01-13,IF,IF2603,20,140328,8561,129216,1774,152124,470,-22908,1304,1304,0,True,True,True,97329,184613,4758.6,4754.0,4779.4
2026-01-13,IH,IH2603,20,62749,10296,39670,1875,49462,1134,-9792,741,741,0,True,True,True,41076,57216,3137.6,3133.6,3142.2
2026-01-13,IM,IM2603,20,255357,8578,139516,159,161704,-666,-22188,825,825,0,True,False,True,178731,207812,8160.4,8150.8,8306.2
2026-01-14,IC,IC2603,20,252127,73703,128423,5743,142522,5686,-14099,57,57,0,True,True,True,173512,180823,8197.8,8175.2,8121.2
2026-01-14,IF,IF2603,20,176433,36819,137384,8406,160312,8188,-22928,218,218,0,True,True,True,119874,195726,4740.0,4733.0,4754.0
2026-01-14,IH,IH2603,20,74898,12553,41889,2381,51595,2398,-9706,-17,0,17,True,True,False,48861,59979,3114.0,3115.6,3133.6
2026-01-14,IM,IM2603,20,313897,59401,142085,2569,164636,2964,-22551,-395,0,395,True,True,False,225371,212359,8156.0,8158.2,8150.8
2026-01-15,IC,IC2603,20,166783,-82846,123213,-3850,138229,-3654,-15016,-196,0,196,False,False,False,110213,176008,8206.8,8177.6,8175.2
2026-01-15,IF,IF2603,20,123617,-50730,130319,-7065,154620,-5611,-24301,-1454,0,1454,False,False,False,81140,186881,4746.6,4737.2,4733.0
2026-01-15,IH,IH2603,20,54117,-20220,39522,-2096,50247,-1180,-10725,-916,0,916,False,False,False,34976,57912,3108.0,3104.4,3115.6
2026-01-15,IM,IM2603,20,214970,-89823,134660,-6807,157231,-7405,-22571,598,598,0,False,False,True,148081,203295,8195.4,8158.4,8158.2
2026-01-16,IC,IC2603,20,155045,-9716,122913,-236,138212,141,-15299,-377,0,377,False,True,False,102740,174492,8210.4,8199.0,8177.6
2026-01-16,IF,IF2603,20,134045,10819,130946,627,155912,1322,-24966,-695,0,695,True,True,False,89508,187424,4723.2,4719.2,4737.2
2026-01-16,IH,IH2603,20,59885,6182,40321,799,52006,1977,-11685,-1178,0,1178,True,True,False,39751,58902,3084.4,3081.0,3104.4
2026-01-16,IM,IM2603,20,206928,-7436,134054,-507,156104,-899,-22050,392,392,0,False,False,True,141207,201001,8179.2,8165.0,8158.4
2026-01-19,IC,IC2603,20,148667,-4770,124347,1764,140454,2242,-16107,-478,0,478,True,True,False,98224,177228,8266.0,8289.8,8199.0
2026-01-19,IF,IF2603,20,108921,-24425,124716,-6230,148898,-6996,-24182,766,766,0,False,False,True,73045,179134,4728.6,4727.0,4719.2
2026-01-19,IH,IH2603,20,46069,-13667,39074,-1247,50887,-1061,-11813,-186,0,186,False,False,False,30016,57249,3077.6,3078.4,3081.0
2026-01-19,IM,IM2603,20,180348,-26075,129077,-4469,152041,-3985,-22964,-484,0,484,False,False,False,123630,195201,8186.6,8205.4,8165.0
2026-01-20,IC,IC2603,20,180150,33356,129212,5275,143656,3503,-14444,1772,1772,0,True,True,True,123309,180970,8248.8,8215.6,8289.8
2026-01-20,IF,IF2603,20,119480,11560,128361,3645,150158,1260,-21797,2385,2385,0,True,True,True,79866,179532,4708.6,4703.4,4727.0
2026-01-20,IH,IH2603,20,48445,2402,38642,-324,50686,-158,-12044,-166,0,166,False,False,False,31503,56746,3075.4,3074.0,3078.4
2026-01-20,IM,IM2603,20,215860,36793,133711,4797,153271,1541,-19560,3256,3256,0,True,True,True,150527,198773,8120.8,8091.0,8205.4
2026-01-21,IC,IC2603,20,150546,-29356,121625,-7135,139104,-3523,-17479,-3612,0,3612,False,False,False,101832,175976,8371.0,8355.8,8215.6
2026-01-21,IF,IF2603,20,109078,-8412,122138,-6223,143878,-6121,-21740,-102,0,102,False,False,False,74116,173409,4722.8,4728.6,4703.4
2026-01-21,IH,IH2603,20,52494,4566,40219,1577,52149,1812,-11930,-235,0,235,True,True,False,34230,58489,3073.6,3076.8,3074.0
2026-01-21,IM,IM2603,20,189756,-23934,126421,-6867,149304,-3691,-22883,-3176,0,3176,False,False,False,133027,192142,8231.0,8217.8,8091.0
2026-01-22,IC,IC2603,20,121758,-26983,121280,-345,139350,246,-18070,-591,0,591,False,True,False,81239,174152,8400.0,8377.0,8355.8
2026-01-22,IF,IF2603,20,106383,-188,125336,4269,144458,580,-19122,3689,3689,0,True,True,True,72080,174304,4719.4,4716.4,4728.6
2026-01-22,IH,IH2603,20,50503,-1694,40583,380,52611,567,-12028,-187,0,187,True,True,False,33606,59009,3061.2,3058.0,3076.8
2026-01-22,IM,IM2603,20,151739,-36739,122714,-3628,145466,-3838,-22752,210,210,0,False,False,True,104669,186587,8292.6,8263.8,8217.8
2026-01-23,IC,IC2603,20,154957,34097,124095,2976,144358,5335,-20263,-2359,0,2359,True,True,False,103171,179892,8658.2,8618.0,8377.0
2026-01-23,IF,IF2603,20,125184,20473,121986,-3350,144035,-423,-22049,-2927,0,2927,False,False,False,84474,173887,4709.2,4714.4,4716.4
2026-01-23,IH,IH2603,20,58512,8093,43868,3602,55892,3911,-12024,-309,0,309,True,True,False,38693,63802,3037.8,3042.4,3058.0
2026-01-23,IM,IM2603,20,184463,33578,129905,7191,153542,8076,-23637,-885,0,885,True,True,False,128628,195577,8516.6,8479.4,8263.8
2026-01-26,IC,IC2603,20,190607,36252,124042,545,141161,-2759,-17119,3304,3304,0,True,False,True,128932,174418,8470.0,8493.0,8618.0
2026-01-26,IF,IF2603,20,163919,40621,137364,15378,159352,15384,-21988,-6,0,6,True,True,False,112956,191907,4719.4,4727.8,4714.4
2026-01-26,IH,IH2603,20,79465,21212,48940,5382,62403,7112,-13463,-1730,0,1730,True,True,False,52871,70243,3058.2,3064.0,3042.4
2026-01-26,IM,IM2603,20,232376,49330,129918,297,150344,-3172,-20426,3469,3469,0,True,False,True,160156,191679,8289.2,8311.6,8479.4
2026-01-27,IC,IC2603,20,182508,-6657,123768,216,139185,-1930,-15417,2146,2146,0,True,False,True,121961,173219,8547.6,8564.0,8493.0
2026-01-27,IF,IF2603,20,128087,-33749,126655,-10709,149079,-9953,-22424,-756,0,756,False,False,False,87568,178212,4718.2,4729.6,4727.8
2026-01-27,IH,IH2603,20,64277,-14765,46497,-2443,59570,-2750,-13073,307,307,0,False,False,True,41275,66049,3064.0,3070.2,3064.0
2026-01-27,IM,IM2603,20,229875,-105,129705,-213,150373,103,-20668,-316,0,316,False,True,False,158438,191923,8357.2,8364.8,8311.6
2026-01-28,IC,IC2603,20,142348,-38725,117059,-6451,135438,-3550,-18379,-2901,0,2901,False,False,False,94115,167295,8622.0,8617.4,8564.0
2026-01-28,IF,IF2603,20,126600,-478,133234,6579,156320,7241,-23086,-662,0,662,True,True,False,84387,185840,4732.8,4736.4,4729.6
2026-01-28,IH,IH2603,20,59172,-4326,47744,1247,61166,1961,-13422,-714,0,714,True,True,False,38337,67766,3069.8,3070.6,3070.2
2026-01-28,IM,IM2603,20,169890,-58625,120470,-8516,140695,-9678,-20225,1162,1162,0,False,False,True,114744,180338,8377.8,8373.0,8364.8
2026-01-29,IC,IC2603,20,173669,31542,120507,3732,137938,2779,-17431,953,953,0,True,True,True,115687,170962,8517.6,8539.0,8617.4
2026-01-29,IF,IF2603,20,147769,21884,132031,-585,155671,-649,-23640,64,64,0,False,False,True,99189,184884,4784.0,4774.0,4736.4
2026-01-29,IH,IH2603,20,79449,20438,52488,4744,66561,5836,-14073,-1092,0,1092,True,True,False,51786,73669,3130.4,3125.2,3070.6
2026-01-29,IM,IM2603,20,215661,46545,134998,14597,155413,15131,-20415,-534,0,534,True,True,False,147818,196369,8329.0,8330.2,8373.0
2026-01-30,IC,IC2603,20,207228,33998,115676,-4249,131518,-6420,-15842,2171,2171,0,False,False,True,137793,163697,8362.4,8378.4,8539.0
2026-01-30,IF,IF2603,20,159146,11377,134325,2876,156919,1248,-22594,1628,1628,0,True,True,True,108273,186373,4711.0,4719.6,4774.0
2026-01-30,IH,IH2603,20,72607,-6840,50058,-2430,63652,-2874,-13594,444,444,0,False,False,True,48327,70443,3074.0,3075.8,3125.2
2026-01-30,IM,IM2603,20,244754,31528,130652,-4304,151421,-3992,-20769,-312,0,312,False,False,False,167342,191798,8260.6,8259.4,8330.2
2026-02-02,IC,IC2603,20,224723,17495,110116,-5473,124865,-6076,-14749,603,603,0,False,False,True,151002,153481,7903.2,7977.0,8378.4
2026-02-02,IF,IF2603,20,166773,9024,126230,-8095,146634,-10285,-20404,2190,2190,0,False,False,True,110802,174613,4577.4,4594.0,4719.6
2026-02-02,IH,IH2603,20,84409,11961,47636,-2422,59770,-3882,-12134,1460,1460,0,False,False,True,53829,66246,3004.2,3005.6,3075.8
2026-02-02,IM,IM2603,20,250643,5889,134494,3931,154501,3080,-20007,851,851,0,True,True,True,173821,194848,7871.8,7954.8,8259.4
2026-02-03,IC,IC2603,20,181043,-41907,106073,-3935,124036,-829,-17963,-3106,0,3106,False,False,False,122145,151098,8282.0,8273.2,7977.0
2026-02-03,IF,IF2603,20,122629,-43230,122691,-2696,142868,-3766,-20177,1070,1070,0,False,False,True,82004,170254,4653.0,4651.2,4594.0
2026-02-03,IH,IH2603,20,61482,-22566,43785,-3572,56058,-3712,-12273,140,140,0,False,False,True,39958,62777,3033.0,3029.6,3005.6
2026-02-03,IM,IM2603,20,219573,-29737,129678,-4816,151399,-3102,-21721,-1714,0,1714,False,False,False,150161,189544,8183.0,8190.8,7954.8
2026-02-04,IC,IC2603,20,150814,-29645,102285,-3435,118269,-5564,-15984,2129,2129,0,False,False,True,100543,145579,8313.6,8268.4,8273.2
2026-02-04,IF,IF2603,20,98739,-22660,115293,-7398,133712,-9156,-18419,1758,1758,0,False,False,True,65238,159248,4693.6,4681.6,4651.2
2026-02-04,IH,IH2603,20,51467,-9929,41042,-2743,53021,-2978,-11979,235,235,0,False,False,True,33658,59111,3071.8,3065.8,3029.6
2026-02-04,IM,IM2603,20,200734,-18022,126751,-2927,147341,-4058,-20590,1131,1131,0,False,False,True,136596,186743,8203.4,8163.6,8190.8
2026-02-05,IC,IC2603,20,171390,21234,106603,4867,122619,4450,-16016,417,417,0,True,True,True,112281,149924,8120.2,8136.8,8268.4
2026-02-05,IF,IF2603,20,106447,8415,116918,1625,135216,1746,-18298,-121,0,121,True,True,False,70168,161588,4665.2,4667.0,4681.6
2026-02-05,IH,IH2603,20,55515,4255,42003,1304,54128,1107,-12125,197,197,0,True,True,True,36122,60257,3061.4,3060.6,3065.8
2026-02-05,IM,IM2603,20,208766,8769,127242,1071,147555,214,-20313,857,857,0,True,True,True,142554,186934,8039.8,8056.6,8163.6
2026-02-06,IC,IC2603,20,170329,118,102218,-4057,119158,-3461,-16940,-596,0,596,False,False,False,113205,146089,8117.4,8176.4,8136.8
2026-02-06,IF,IF2603,20,108431,2269,112885,-4033,131504,-3663,-18619,-370,0,370,False,False,False,70073,156652,4637.6,4656.4,4667.0
2026-02-06,IH,IH2603,20,53147,-2110,41210,-793,53056,-1072,-11846,279,279,0,False,False,True,34178,59121,3036.2,3045.4,3060.6
2026-02-06,IM,IM2603,20,214929,6370,126848,-193,149967,2769,-23119,-2962,0,2962,False,True,False,147053,187915,7990.8,8057.4,8056.6
2026-02-09,IC,IC2603,20,113588,-56407,96300,-5754,113428,-5730,-17128,-24,0,24,False,False,False,76113,138576,8311.6,8302.2,8176.4
2026-02-09,IF,IF2603,20,77720,-29624,111690,-1195,130302,-777,-18612,-418,0,418,False,False,False,51368,154559,4721.2,4717.8,4656.4
2026-02-09,IH,IH2603,20,39411,-13198,40100,-1110,50992,-1968,-10892,858,858,0,False,False,True,26188,57290,3084.0,3082.2,3045.4
2026-02-09,IM,IM2603,20,164034,-49688,119705,-6786,142641,-7309,-22936,523,523,0,False,False,True,112370,179169,8232.6,8216.6,8057.4
2026-02-10,IC,IC2603,20,82950,-30638,93287,-3013,110465,-2845,-17178,-168,0,168,False,False,False,54914,134825,8290.8,8300.4,8302.2
2026-02-10,IF,IF2603,20,62411,-14733,109465,-2225,128740,-1374,-19275,-851,0,851,False,False,False,40264,151713,4724.0,4720.6,4717.8
2026-02-10,IH,IH2603,20,30563,-7603,39529,-571,50206,-113,-10677,-458,0,458,False,False,False,19831,56334,3093.6,3088.8,3082.2
2026-02-10,IM,IM2603,20,120545,-42153,115689,-4016,139915,-2726,-24226,-1290,0,1290,False,False,False,82316,175231,8229.0,8239.8,8216.6
2026-02-11,IC,IC2603,20,90719,8103,92893,-394,111932,1548,-19039,-1942,0,1942,False,True,False,59866,135346,8336.4,8336.6,8300.4
2026-02-11,IF,IF2603,20,60370,-782,107924,-1541,127832,-464,-19908,-1077,0,1077,False,False,False,37735,150599,4714.8,4712.6,4720.6
2026-02-11,IH,IH2603,20,31346,1909,40103,574,50393,236,-10290,338,338,0,True,True,True,20318,56814,3091.4,3092.4,3088.8
2026-02-11,IM,IM2603,20,120963,1318,119044,3355,145619,5704,-26575,-2349,0,2349,True,True,False,81851,180217,8241.0,8244.4,8239.8
2026-02-12,IC,IC2603,20,104001,14937,98286,6136,118536,6910,-20250,-774,0,774,True,True,False,69413,142445,8448.8,8445.8,8336.6
2026-02-12,IF,IF2603,20,69886,9677,109749,1825,130718,2886,-20969,-1061,0,1061,True,True,False,44769,152334,4716.8,4717.4,4712.6
2026-02-12,IH,IH2603,20,30952,-65,39747,-311,50397,4,-10650,-315,0,315,False,True,False,20263,56888,3083.0,3083.6,3092.4
2026-02-12,IM,IM2603,20,142273,21882,123205,4161,152251,6707,-29046,-2546,0,2546,True,True,False,96452,187061,8338.0,8334.6,8244.4
2026-02-13,IC,IC2603,20,123174,19941,99737,1451,116660,-1876,-16923,3327,3327,0,True,False,True,81351,140501,8274.8,8296.4,8445.8
2026-02-13,IF,IF2603,20,109843,40592,115383,5634,131050,946,-15667,4688,4688,0,True,True,True,71794,156477,4627.0,4639.6,4717.4
2026-02-13,IH,IH2603,20,59934,29680,45812,6647,54849,4992,-9037,1655,1655,0,True,True,True,38269,63684,3020.0,3030.2,3083.6
2026-02-13,IM,IM2603,20,168848,27447,124862,1708,149954,-2297,-25092,4005,4005,0,True,False,True,114424,185460,8189.0,8213.4,8334.6
2026-02-24,IC,IC2603,20,112290,-10884,97971,-1766,115214,-1446,-17243,-320,0,320,False,False,False,73322,139597,8371.6,8383.4,8296.4
2026-02-24,IF,IF2603,20,94744,-14804,108811,-6572,124699,-6327,-15888,-245,0,245,False,False,False,60004,148797,4683.4,4688.6,4639.6
2026-02-24,IH,IH2603,20,41963,-17703,42671,-3107,51445,-3343,-8774,236,236,0,False,False,True,26420,60075,3037.4,3039.6,3030.2
2026-02-24,IM,IM2603,20,156187,-10789,126339,1644,152218,2264,-25879,-620,0,620,True,True,False,105984,188594,8271.0,8285.4,8213.4
2026-02-25,IC,IC2603,20,116551,5508,100109,2138,118169,3046,-18060,-908,0,908,True,True,False,77377,143448,8529.0,8518.2,8383.4
2026-02-25,IF,IF2603,20,105885,11431,115745,7154,134451,9773,-18706,-2619,0,2619,True,True,False,69805,158505,4731.4,4731.0,4688.6
2026-02-25,IH,IH2603,20,52662,11077,44630,2139,53978,2667,-9348,-528,0,528,True,True,False,34880,63395,3058.2,3058.0,3039.6
2026-02-25,IM,IM2603,20,162206,6920,125178,-1161,152106,-112,-26928,-1049,0,1049,False,False,False,111192,188683,8405.6,8401.8,8285.4
2026-02-26,IC,IC2603,20,103983,-12210,95624,-4485,112050,-6119,-16426,1634,1634,0,False,False,True,68251,136686,8537.4,8533.6,8518.2
2026-02-26,IF,IF2603,20,86272,-19182,106071,-9634,123278,-11023,-17207,1389,1389,0,False,False,True,55890,145477,4712.2,4709.6,4731.0
2026-02-26,IH,IH2603,20,44163,-8032,42282,-2274,51309,-2335,-9027,61,61,0,False,False,True,28704,60209,3034.6,3032.2,3058.0
2026-02-26,IM,IM2603,20,144826,-15548,117085,-8093,140948,-10867,-23863,2774,2774,0,False,False,True,97454,176096,8443.4,8442.0,8401.8
2026-02-27,IC,IC2603,20,115800,12586,96746,1930,113408,1381,-16662,549,549,0,True,True,True,78564,138970,8645.4,8633.0,8533.6
2026-02-27,IF,IF2603,20,82856,-2819,107210,1190,124469,1229,-17259,-39,0,39,True,True,False,54648,146645,4713.8,4708.0,4709.6
2026-02-27,IH,IH2603,20,44224,297,41817,-132,51083,-153,-9266,21,21,0,False,False,True,28262,59512,3045.4,3043.4,3032.2
2026-02-27,IM,IM2603,20,147045,2711,117267,197,141111,163,-23844,34,34,0,True,True,True,100970,177180,8531.4,8521.6,8442.0
2026-03-02,IC,IC2603,20,157442,41952,101423,4890,116373,3077,-14950,1813,1813,0,True,True,True,105223,143041,8627.0,8632.6,8633.0
2026-03-02,IF,IF2603,20,125325,44108,112512,5327,126497,2245,-13985,3082,3082,0,True,True,True,83457,150445,4711.2,4712.0,4708.0
2026-03-02,IH,IH2603,20,63663,20131,44533,2760,52546,1516,-8013,1244,1244,0,True,True,True,41055,61541,3045.8,3044.2,3043.4
2026-03-02,IM,IM2603,20,208370,62152,124625,7524,144067,3393,-19442,4131,4131,0,True,True,True,142245,181019,8423.8,8430.0,8521.6
2026-03-03,IC,IC2603,20,230946,73510,108963,7540,120534,4468,-11571,3072,3072,0,True,True,True,150232,148457,8266.2,8270.2,8632.6
2026-03-03,IF,IF2603,20,161255,37051,109730,-2507,121373,-4717,-11643,2210,2210,0,False,False,True,107068,145903,4651.4,4644.8,4712.0
2026-03-03,IH,IH2603,20,80351,17073,45203,700,52237,-245,-7034,945,945,0,True,False,True,52257,62121,3019.0,3012.4,3044.2
2026-03-03,IM,IM2603,20,266476,59445,130070,5445,148006,3939,-17936,1506,1506,0,True,True,True,179978,185852,8129.4,8137.8,8430.0
2026-03-04,IC,IC2603,20,188614,-42332,95952,-12415,109095,-11087,-13143,-1328,0,1328,False,False,False,121611,134589,8219.4,8223.4,8270.2
2026-03-04,IF,IF2603,20,136789,-23920,105648,-3967,115698,-5344,-10050,1377,1377,0,False,False,True,88154,140207,4591.0,4586.0,4644.8
2026-03-04,IH,IH2603,20,70214,-9089,43750,-1444,51463,-475,-7713,-969,0,969,False,False,False,44988,60625,2972.2,2971.6,3012.4
2026-03-04,IM,IM2603,20,233104,-32397,125847,-3708,144668,-3338,-18821,-370,0,370,False,False,False,155033,179738,8064.2,8062.6,8137.8
2026-03-05,IC,IC2603,20,156847,-30558,90612,-5012,100798,-8294,-10186,3282,3282,0,False,False,True,100813,125426,8255.6,8226.2,8223.4
2026-03-05,IF,IF2603,20,110881,-25357,98099,-7408,106916,-8198,-8817,790,790,0,False,False,True,70882,129380,4629.0,4618.2,4586.0
2026-03-05,IH,IH2603,20,46593,-22939,38963,-4718,45503,-5845,-6540,1127,1127,0,False,False,True,29445,53581,2987.0,2981.4,2971.6
2026-03-05,IM,IM2603,20,203152,-29642,116819,-9028,133135,-11533,-16316,2505,2505,0,False,False,True,136165,166348,8130.0,8098.4,8062.6
2026-03-06,IC,IC2603,20,125539,-30660,82791,-7821,93692,-7072,-10901,-749,0,749,False,False,False,81441,116622,8322.6,8329.2,8226.2
2026-03-06,IF,IF2603,20,94280,-16147,92892,-5057,103456,-3310,-10564,-1747,0,1747,False,False,False,60163,123388,4646.0,4649.8,4618.2
2026-03-06,IH,IH2603,20,43747,-2619,39580,617,46223,767,-6643,-150,0,150,True,True,False,27964,53774,2990.0,2991.4,2981.4
2026-03-06,IM,IM2603,20,159989,-41428,106526,-10209,123308,-9827,-16782,-382,0,382,False,False,False,109207,153991,8211.8,8214.2,8098.4
2026-03-09,IC,IC2603,20,180746,56824,90485,7753,99144,5452,-8659,2301,2301,0,True,True,True,116276,122938,8267.0,8264.0,8329.2
2026-03-09,IF,IF2603,20,145299,52058,101635,9079,110790,8528,-9155,551,551,0,True,True,True,91988,132182,4599.2,4603.2,4649.8
2026-03-09,IH,IH2603,20,65169,22091,41574,2295,47744,1549,-6170,746,746,0,True,True,True,41318,56117,2962.4,2963.6,2991.4
2026-03-09,IM,IM2603,20,248606,89387,119753,13227,132388,9080,-12635,4147,4147,0,True,True,True,168105,168610,8191.0,8183.6,8214.2
2026-03-10,IC,IC2603,20,130114,-49666,77544,-12664,85802,-13061,-8258,397,397,0,False,False,True,83464,107374,8393.6,8385.0,8264.0
2026-03-10,IF,IF2603,20,89441,-54235,86732,-14565,96655,-13587,-9923,-978,0,978,False,False,False,57102,114486,4664.0,4665.2,4603.2
2026-03-10,IH,IH2603,20,39645,-24403,37624,-3950,43719,-3733,-6095,-217,0,217,False,False,False,25641,50591,2981.4,2982.4,2963.6
2026-03-10,IM,IM2603,20,161058,-85131,97752,-19551,110646,-21489,-12894,1938,1938,0,False,False,True,108844,140221,8313.6,8308.4,8183.6
2026-03-11,IC,IC2603,20,95116,-32835,71366,-4937,78801,-6866,-7435,1929,1929,0,False,False,True,60985,97524,8360.0,8371.0,8385.0
2026-03-11,IF,IF2603,20,80164,-7195,80298,-4560,90861,-5022,-10563,462,462,0,False,False,True,51049,107580,4687.0,4685.2,4665.2
2026-03-11,IH,IH2603,20,30820,-8423,35588,-2036,41784,-1891,-6196,-145,0,145,False,False,False,19995,48141,2983.8,2983.8,2982.4
2026-03-11,IM,IM2603,20,133037,-26370,96122,-1630,105848,-4230,-9726,2600,2600,0,False,False,True,89616,133840,8313.0,8317.2,8308.4
2026-03-12,IC,IC2603,20,110230,16004,71302,-64,76307,-2494,-5005,2430,2430,0,False,False,True,70893,95250,8301.0,8308.8,8371.0
2026-03-12,IF,IF2603,20,88573,13268,75668,-4630,86101,-4760,-10433,130,130,0,False,False,True,57171,101734,4658.4,4661.6,4685.2
2026-03-12,IH,IH2603,20,37867,7374,35662,239,41495,-263,-5833,502,502,0,True,False,True,24548,48157,2966.4,2968.2,2983.8
2026-03-12,IM,IM2603,20,156948,24014,95566,-494,103429,-2419,-7863,1925,1925,0,False,False,True,105033,131145,8277.2,8279.0,8317.2
2026-03-13,IC,IC2603,20,114774,5093,68097,-3200,72069,-3657,-3972,457,457,0,False,False,True,73173,89653,8213.8,8229.8,8308.8
2026-03-13,IF,IF2603,20,93577,6245,73442,-2076,83718,-2362,-10276,286,286,0,False,False,True,58457,98275,4658.0,4659.8,4661.6
2026-03-13,IH,IH2603,20,36153,-1573,33390,-2257,38934,-2186,-5544,-71,0,71,False,False,False,22688,45092,2957.0,2959.6,2968.2
2026-03-13,IM,IM2603,20,171389,14700,91850,-3699,99426,-4003,-7576,304,304,0,False,False,True,112502,126038,8187.0,8204.0,8279.0
2026-03-16,IC,IC2603,20,129274,14998,65270,-2771,68467,-2629,-3197,-142,0,142,False,False,False,81995,84448,8178.4,8167.2,8229.8
2026-03-16,IF,IF2603,20,106926,13549,68042,-5400,75278,-8440,-7236,3040,3040,0,False,False,True,67565,89335,4662.8,4661.8,4659.8
2026-03-16,IH,IH2603,20,52818,17193,32153,-1235,36928,-1384,-4775,149,149,0,False,False,True,32801,42749,2952.0,2953.2,2959.6
2026-03-16,IM,IM2603,20,172086,1545,84148,-6843,90991,-8435,-6843,1592,1592,0,False,False,True,112837,114967,8187.0,8179.2,8204.0
2026-03-17,IC,IC2603,20,113033,-12883,54041,-11229,56196,-11913,-2155,684,684,0,False,False,True,72130,69093,8000.0,8024.4,8167.2
2026-03-17,IF,IF2603,20,115967,9041,61030,-6966,65831,-8912,-4801,1946,1946,0,False,False,True,72312,78883,4628.8,4644.8,4661.8
2026-03-17,IH,IH2603,20,54131,1898,24610,-7294,28856,-7937,-4246,643,643,0,False,False,True,34019,33412,2962.0,2970.0,2953.2
2026-03-17,IM,IM2603,20,166999,-4945,74655,-8337,78883,-12108,-4228,3771,3771,0,False,False,True,109515,100638,8014.0,8025.8,8179.2
2026-03-18,IC,IC2603,20,104518,-7546,45063,-8631,47241,-8912,-2178,281,281,0,False,False,True,65267,56289,8086.0,8078.0,8024.4
2026-03-18,IF,IF2603,20,103562,-10508,45452,-15444,48626,-16996,-3174,1552,1552,0,False,False,True,64108,57806,4651.4,4647.6,4644.8
2026-03-18,IH,IH2603,20,40893,-12172,20441,-4060,24272,-4266,-3831,206,206,0,False,False,True,25304,27842,2958.6,2958.4,2970.0
2026-03-18,IM,IM2603,20,159409,-5768,57164,-17027,62308,-16303,-5144,-724,0,724,False,False,False,103417,76840,8080.4,8077.6,8025.8
2026-03-19,IC,IC2606,20,139494,41954,107417,13275,121066,10568,-13649,2707,2707,0,True,True,True,91263,149158,7671.0,7648.4,7891.0
2026-03-19,IF,IF2606,20,90211,24606,99958,12138,115553,11782,-15595,356,356,0,True,True,True,59055,139631,4502.2,4499.2,4572.2
2026-03-19,IH,IH2606,20,42916,14815,36993,5781,47051,6528,-10058,-747,0,747,True,True,False,27807,53932,2893.8,2893.2,2941.4
2026-03-19,IM,IM2606,20,182374,47599,124883,13106,149689,11428,-24806,1678,1678,0,True,True,True,126183,185709,7681.0,7656.6,7848.8
2026-03-20,IC,IC2606,20,155638,16781,110318,3386,125763,4728,-15445,-1342,0,1342,True,True,False,104148,154680,7559.4,7606.2,7648.4
2026-03-20,IF,IF2606,20,97805,8092,100656,724,117399,1846,-16743,-1122,0,1122,True,True,False,64425,142275,4486.4,4504.8,4499.2
2026-03-20,IH,IH2606,20,47457,5370,39137,2404,50041,3206,-10904,-802,0,802,True,True,False,30791,57522,2865.8,2874.6,2893.2
2026-03-20,IM,IM2606,20,217008,36293,134169,10015,160812,11123,-26643,-1108,0,1108,True,True,False,152013,199728,7560.0,7612.6,7656.6
2026-03-23,IC,IC2606,20,198957,44833,116358,6439,132485,6844,-16127,-405,0,405,True,True,False,130671,162386,7235.0,7213.4,7606.2
2026-03-23,IF,IF2606,20,136138,38613,106282,5627,123069,5993,-16787,-366,0,366,True,True,False,89178,150376,4344.4,4327.2,4504.8
2026-03-23,IH,IH2606,20,66754,19719,45204,6270,56204,6234,-11000,36,36,0,True,True,True,44549,64551,2776.0,2764.6,2874.6
2026-03-23,IM,IM2606,20,283177,69088,145279,11110,171838,11026,-26559,84,84,0,True,True,True,197317,213893,7190.0,7166.0,7612.6
2026-03-24,IC,IC2606,20,179990,-17374,112540,-3496,127892,-4593,-15352,1097,1097,0,False,False,True,118729,157694,7409.6,7369.8,7213.4
2026-03-24,IF,IF2606,20,100840,-35129,99171,-6764,115101,-7422,-15930,658,658,0,False,False,True,66297,141342,4388.4,4379.6,4327.2
2026-03-24,IH,IH2606,20,49943,-16265,40370,-4609,50886,-5195,-10516,586,586,0,False,False,True,32738,58708,2810.6,2807.4,2764.6
2026-03-24,IM,IM2606,20,262325,-18564,141573,-2713,167523,-4315,-25950,1602,1602,0,False,False,True,182407,208156,7387.2,7350.2,7166.0
2026-03-25,IC,IC2606,20,160357,-19279,108772,-2742,124460,-3432,-15688,690,690,0,False,False,True,106784,153518,7530.0,7549.4,7369.8
2026-03-25,IF,IF2606,20,88913,-11773,99036,-135,114398,-190,-15362,55,55,0,False,False,True,58835,140576,4450.0,4449.6,4379.6
2026-03-25,IH,IH2606,20,41842,-7918,38276,-1883,49029,-1835,-10753,-48,0,48,False,False,False,27357,56159,2830.0,2832.4,2807.4
2026-03-25,IM,IM2606,20,201690,-59287,130021,-11552,155791,-11495,-25770,-57,0,57,False,False,False,139630,194128,7477.4,7490.0,7350.2
2026-03-26,IC,IC2606,20,126035,-33812,104828,-3464,120149,-3648,-15321,184,184,0,False,False,True,82703,149308,7413.8,7425.8,7549.4
2026-03-26,IF,IF2606,20,74419,-14334,97056,-1944,112231,-1481,-15175,-463,0,463,False,False,False,49467,137239,4396.0,4395.8,4449.6
2026-03-26,IH,IH2606,20,34128,-7083,37588,-688,48499,-502,-10911,-186,0,186,False,False,False,22496,55466,2804.8,2803.6,2832.4
2026-03-26,IM,IM2606,20,178116,-23571,133659,3822,157831,2411,-24172,1411,1411,0,True,True,True,121731,197017,7375.6,7385.4,7490.0
2026-03-27,IC,IC2606,20,142117,16213,108087,3746,124693,4700,-16606,-954,0,954,True,True,False,94768,153449,7559.2,7541.2,7425.8
2026-03-27,IF,IF2606,20,79076,5786,99207,2239,114551,2320,-15344,-81,0,81,True,True,False,52315,140907,4427.4,4428.4,4395.8
2026-03-27,IH,IH2606,20,38631,4678,38366,1224,49004,842,-10638,382,382,0,True,True,True,25549,56140,2814.4,2816.8,2803.6
2026-03-27,IM,IM2606,20,204817,27268,133832,281,158971,1330,-25139,-1049,0,1049,True,True,False,142109,198341,7523.8,7502.0,7385.4
2026-03-30,IC,IC2606,20,148052,5935,105901,-2165,123189,-1504,-17288,-661,0,661,False,False,False,98144,150647,7560.6,7555.8,7541.2
2026-03-30,IF,IF2606,20,83874,5202,96727,-2480,111554,-2997,-14827,517,517,0,False,False,True,55057,137054,4414.0,4409.8,4428.4
2026-03-30,IH,IH2606,20,40772,2778,38343,72,49164,276,-10821,-204,0,204,True,True,False,26457,55729,2812.4,2813.2,2816.8
2026-03-30,IM,IM2606,20,213383,10794,134076,357,158743,-159,-24667,516,516,0,True,False,True,146546,199034,7509.4,7506.0,7502.0
2026-03-31,IC,IC2606,20,148954,1336,108940,3250,125932,2743,-16992,507,507,0,True,True,True,99001,154924,7425.0,7438.4,7555.8
2026-03-31,IF,IF2606,20,86808,3230,97669,996,113304,1750,-15635,-754,0,754,True,True,False,57873,139291,4375.8,4379.2,4409.8
2026-03-31,IH,IH2606,20,44612,3874,38492,290,48280,-783,-9788,1073,1073,0,True,False,True,28712,55483,2804.0,2809.0,2813.2
2026-03-31,IM,IM2606,20,210730,-1042,134490,414,161448,2705,-26958,-2291,0,2291,True,True,False,146234,201094,7379.4,7381.6,7506.0
2026-04-01,IC,IC2606,20,138056,-9614,105187,-3687,122785,-3147,-17598,-540,0,540,False,False,False,91572,150714,7565.8,7561.4,7438.4
2026-04-01,IF,IF2606,20,78631,-7530,95999,-1633,110345,-2959,-14346,1326,1326,0,False,False,True,53071,136771,4448.2,4445.8,4379.2
2026-04-01,IH,IH2606,20,39474,-4757,37855,-620,47337,-856,-9482,236,236,0,False,False,True,26208,54582,2853.8,2856.4,2809.0
2026-04-01,IM,IM2606,20,191895,-18324,129308,-5182,157209,-4239,-27901,-943,0,943,False,False,False,133854,196543,7518.6,7514.4,7381.6
2026-04-02,IC,IC2606,20,141143,4329,108377,3280,123187,402,-14810,2878,2878,0,True,True,True,93435,153081,7409.6,7378.0,7561.4
2026-04-02,IF,IF2606,20,79687,2149,97429,1430,111283,938,-13854,492,492,0,True,True,True,53008,138037,4390.2,4380.0,4445.8
2026-04-02,IH,IH2606,20,37480,-1771,36795,-980,46422,-848,-9627,-132,0,132,False,False,False,24390,53206,2827.6,2820.0,2856.4
2026-04-02,IM,IM2606,20,190818,448,136055,7081,162766,5962,-26711,1119,1119,0,True,True,True,133318,204065,7371.6,7345.6,7514.4
2026-04-03,IC,IC2606,20,121185,-19932,101569,-6584,116347,-6646,-14778,62,62,0,False,False,True,78708,145457,7352.0,7358.6,7378.0
2026-04-03,IF,IF2606,20,71516,-8049,94808,-2374,108253,-3030,-13445,656,656,0,False,False,True,46962,134794,4362.2,4357.2,4380.0
2026-04-03,IH,IH2606,20,31404,-5846,35456,-1274,45244,-1155,-9788,-119,0,119,False,False,False,20645,51815,2804.4,2804.0,2820.0
2026-04-03,IM,IM2606,20,189620,-211,132425,-3404,158836,-3930,-26411,526,526,0,False,False,True,131935,200101,7309.4,7324.2,7345.6
2026-04-07,IC,IC2606,20,107811,-12704,101944,433,117536,1346,-15592,-913,0,913,True,True,False,70619,145512,7388.8,7391.2,7358.6
2026-04-07,IF,IF2606,20,61769,-9254,95419,611,108891,638,-13472,-27,0,27,True,True,False,39916,134908,4360.0,4365.0,4357.2
2026-04-07,IH,IH2606,20,29871,-1240,37029,1573,46933,1939,-9904,-366,0,366,True,True,False,19156,53412,2798.4,2801.8,2804.0
2026-04-07,IM,IM2606,20,164110,-23924,128034,-4391,154806,-4030,-26772,-361,0,361,False,False,False,113811,193891,7376.6,7379.2,7324.2
2026-04-08,IC,IC2606,20,161094,53672,111140,9291,129961,12425,-18821,-3134,0,3134,True,True,False,107885,160623,7831.8,7807.0,7391.2
2026-04-08,IF,IF2606,20,109842,49476,100416,5626,115619,7204,-15203,-1578,0,1578,True,True,False,72939,142547,4539.6,4532.4,4365.0
2026-04-08,IH,IH2606,20,52892,23263,40688,3997,51116,4442,-10428,-445,0,445,True,True,False,34721,58098,2886.0,2883.2,2801.8
2026-04-08,IM,IM2606,20,200123,38224,131837,4833,162026,7461,-30189,-2628,0,2628,True,True,False,142337,202176,7778.0,7762.6,7379.2
2026-04-09,IC,IC2606,20,116375,-44719,102436,-8434,120806,-9155,-18370,721,721,0,False,False,True,77423,148538,7748.8,7745.4,7807.0
2026-04-09,IF,IF2606,20,66960,-40780,94296,-5704,108776,-6757,-14480,1053,1053,0,False,False,True,44564,133719,4500.0,4496.6,4532.4
2026-04-09,IH,IH2606,20,33307,-19159,36165,-4208,46499,-4479,-10334,271,271,0,False,False,True,21510,52852,2860.6,2859.0,2883.2
2026-04-09,IM,IM2606,20,146920,-50617,124416,-7421,153389,-8224,-28973,803,803,0,False,False,True,102250,191098,7709.4,7711.4,7762.6
2026-04-10,IC,IC2606,20,136573,20354,107831,5521,127115,6309,-19284,-788,0,788,True,True,False,92493,156816,7828.6,7846.8,7745.4
2026-04-10,IF,IF2606,20,87052,20494,98497,4309,113570,4827,-15073,-518,0,518,True,True,False,59681,140107,4562.0,4573.4,4496.6
2026-04-10,IH,IH2606,20,40022,6988,37695,1530,47443,1367,-9748,163,163,0,True,True,True,26301,54272,2873.2,2878.0,2859.0
2026-04-10,IM,IM2606,20,163808,17838,128160,3744,157774,4385,-29614,-641,0,641,True,True,False,116023,197340,7785.8,7803.0,7711.4
2026-04-13,IC,IC2606,20,105491,-28624,99745,-7331,119178,-7474,-19433,143,143,0,False,False,True,69300,147814,7808.8,7820.8,7846.8
2026-04-13,IF,IF2606,20,68641,-18050,93223,-5098,107545,-6025,-14322,927,927,0,False,False,True,44872,132738,4570.6,4572.0,4573.4
2026-04-13,IH,IH2606,20,31678,-8067,34915,-2780,44345,-3098,-9430,318,318,0,False,False,True,20189,50725,2873.0,2872.2,2878.0
2026-04-13,IM,IM2606,20,138150,-25047,121587,-6573,150387,-7387,-28800,814,814,0,False,False,True,96412,188693,7795.6,7800.8,7803.0
2026-04-14,IC,IC2606,20,126240,21345,106458,7278,126973,7795,-20515,-517,0,517,True,True,False,86041,156963,7938.4,7907.2,7820.8
2026-04-14,IF,IF2606,20,79855,11935,97963,4740,113524,5979,-15561,-1239,0,1239,True,True,False,54260,139985,4639.6,4620.6,4572.0
2026-04-14,IH,IH2606,20,36343,5070,37420,2518,46324,1979,-8904,539,539,0,True,True,True,23638,53443,2898.4,2891.4,2872.2
2026-04-14,IM,IM2606,20,168864,31001,127044,5491,157473,7086,-30429,-1595,0,1595,True,True,False,119386,198017,7913.0,7883.2,7800.8
2026-04-15,IC,IC2606,20,119890,-5483,102413,-3828,123668,-3083,-21255,-745,0,745,False,False,False,80222,152519,7904.0,7915.4,7907.2
2026-04-15,IF,IF2606,20,80522,882,97238,-505,113513,-11,-16275,-494,0,494,False,False,False,53963,139812,4625.2,4626.6,4620.6
2026-04-15,IH,IH2606,20,37450,1675,36939,-479,44781,-1308,-7842,829,829,0,False,False,True,24050,51801,2907.6,2910.4,2891.4
2026-04-15,IM,IM2606,20,152170,-16205,120556,-5700,150641,-6832,-30085,1132,1132,0,False,False,True,106521,190136,7904.6,7908.4,7883.2
2026-04-16,IC,IC2606,20,125681,7120,106133,4446,129613,6152,-23480,-1706,0,1706,True,True,False,84522,158421,8065.0,8064.2,7915.4
2026-04-16,IF,IF2606,20,78678,-1034,98318,1463,114682,1169,-16364,294,294,0,True,True,True,53861,141692,4677.8,4677.6,4626.6
2026-04-16,IH,IH2606,20,36392,-543,38258,1319,46751,2035,-8493,-716,0,716,True,True,False,23772,54191,2920.0,2921.6,2910.4
2026-04-16,IM,IM2606,20,160875,9788,128789,8444,159390,8749,-30601,-305,0,305,True,True,False,114952,201376,8052.2,8053.8,7908.4
2026-04-17,IC,IC2606,20,107956,-17325,100617,-5218,123119,-6470,-22502,1252,1252,0,False,False,True,72169,151472,8098.8,8089.6,8064.2
2026-04-17,IF,IF2606,20,73822,-4509,97592,-726,112642,-2040,-15050,1314,1314,0,False,False,True,48719,139296,4667.0,4665.8,4677.6
2026-04-17,IH,IH2606,20,36819,702,38355,97,47340,771,-8985,-674,0,674,True,True,False,24673,55456,2888.0,2892.0,2921.6
2026-04-17,IM,IM2606,20,166062,7014,126863,-1926,156668,-2722,-29805,796,796,0,False,False,True,116651,199118,8132.0,8130.6,8053.8
2026-04-20,IC,IC2606,20,111268,3886,106833,6661,130368,7249,-23535,-588,0,588,True,True,False,74383,158814,8146.2,8155.8,8089.6
2026-04-20,IF,IF2606,20,81304,7777,101291,3953,116082,3440,-14791,513,513,0,True,True,True,54531,144611,4696.6,4694.0,4665.8
2026-04-20,IH,IH2606,20,37026,758,39787,1633,48509,1688,-8722,-55,0,55,True,True,False,24765,56749,2918.0,2914.4,2892.0
2026-04-20,IM,IM2606,20,145037,-18791,126283,-288,155953,-715,-29670,427,427,0,False,False,True,101568,197522,8159.2,8171.2,8130.6
2026-04-21,IC,IC2606,20,103312,-7594,101100,-5708,122544,-7526,-21444,1818,1818,0,False,False,True,68719,150214,8124.4,8125.0,8155.8
2026-04-21,IF,IF2606,20,73039,-7742,96678,-4613,110775,-5307,-14097,694,694,0,False,False,True,48681,138220,4707.8,4705.0,4694.0
2026-04-21,IH,IH2606,20,35200,-1532,38873,-897,47763,-687,-8890,-210,0,210,False,False,False,22752,55951,2916.6,2915.8,2914.4
2026-04-21,IM,IM2606,20,140244,-4091,124871,-1412,151647,-4306,-26776,2894,2894,0,False,False,True,98498,193709,8170.0,8164.0,8171.2
2026-04-22,IC,IC2606,20,112652,9462,102859,1932,125607,3063,-22748,-1131,0,1131,True,True,False,75950,153427,8264.2,8240.2,8125.0
2026-04-22,IF,IF2606,20,76703,4146,98829,2151,113469,2835,-14640,-684,0,684,True,True,False,51772,141181,4744.8,4737.4,4705.0
2026-04-22,IH,IH2606,20,35105,643,40209,1354,49359,1922,-9150,-568,0,568,True,True,False,23286,57449,2917.8,2913.4,2915.8
2026-04-22,IM,IM2606,20,162934,23597,129458,4587,159492,7845,-30034,-3258,0,3258,True,True,False,115334,202394,8322.8,8301.6,8164.0
2026-04-23,IC,IC2606,20,146722,34397,108688,6412,129799,4261,-21111,2151,2151,0,True,True,True,99438,159238,8177.0,8166.4,8240.2
2026-04-23,IF,IF2606,20,104891,28922,100481,1732,112959,-510,-12478,2242,2242,0,True,False,True,70330,141725,4724.4,4720.2,4737.4
2026-04-23,IH,IH2606,20,51277,16233,43109,2922,52360,3281,-9251,-359,0,359,True,True,False,34040,60680,2911.2,2909.6,2913.4
2026-04-23,IM,IM2606,20,212483,49680,138250,8874,164367,4875,-26117,3999,3999,0,True,True,True,150090,209404,8219.2,8206.0,8301.6
2026-04-24,IC,IC2606,20,147069,1006,104146,-4307,125636,-3981,-21490,-326,0,326,False,False,False,97813,154408,8132.8,8158.8,8166.4
2026-04-24,IF,IF2606,20,91007,-13239,97751,-2565,111438,-1495,-13687,-1070,0,1070,False,False,False,60653,138176,4713.6,4721.0,4720.2
2026-04-24,IH,IH2606,20,49707,-1362,41458,-1617,50850,-1430,-9392,-187,0,187,False,False,False,33589,58743,2929.0,2929.8,2909.6
2026-04-24,IM,IM2606,20,201012,-11079,137353,-611,164347,-20,-26994,-591,0,591,False,False,False,143941,209086,8163.0,8194.8,8206.0
2026-04-27,IC,IC2606,20,102188,-43903,98872,-5239,119581,-5916,-20709,677,677,0,False,False,True,68000,147106,8186.4,8185.4,8158.8
2026-04-27,IF,IF2606,20,71749,-18645,96144,-1573,109866,-1572,-13722,-1,0,1,False,False,False,47578,136394,4715.6,4715.2,4721.0
2026-04-27,IH,IH2606,20,38157,-10992,40244,-1002,49973,-534,-9729,-468,0,468,False,False,False,25131,57744,2922.4,2921.0,2929.8
2026-04-27,IM,IM2606,20,150527,-49949,131677,-5605,159637,-4710,-27960,-895,0,895,False,False,False,104876,201381,8199.2,8201.6,8194.8
2026-04-28,IC,IC2606,20,115664,14118,102579,3707,123387,3885,-20808,-178,0,178,True,True,False,77268,151485,8094.6,8085.8,8185.4
2026-04-28,IF,IF2606,20,76022,5116,97380,1236,110578,712,-13198,524,524,0,True,True,True,50106,136927,4702.4,4698.2,4715.2
2026-04-28,IH,IH2606,20,39230,1826,41338,1105,50349,489,-9011,616,616,0,True,True,True,26735,57936,2930.2,2929.0,2921.0
2026-04-28,IM,IM2606,20,178234,28416,138173,6510,164731,5094,-26558,1416,1416,0,True,True,True,125973,208766,8103.6,8090.0,8201.6
2026-04-29,IC,IC2606,20,124043,9538,101891,-89,124502,1303,-22611,-1392,0,1392,False,True,False,83644,152310,8270.0,8268.4,8085.8
2026-04-29,IF,IF2606,20,85900,11188,99925,2662,114609,4031,-14684,-1369,0,1369,True,True,False,58415,141827,4766.0,4766.2,4698.2
2026-04-29,IH,IH2606,20,43121,4145,42034,740,51705,2065,-9671,-1325,0,1325,True,True,False,29356,59379,2947.0,2948.4,2929.0
2026-04-29,IM,IM2606,20,173959,-3644,133220,-4834,162575,-2156,-29355,-2678,0,2678,False,False,False,122459,205283,8246.0,8254.8,8090.0
2026-04-30,IC,IC2606,20,97560,-25438,99405,-2339,121693,-2809,-22288,470,470,0,False,False,True,65947,148167,8270.0,8265.2,8268.4
2026-04-30,IF,IF2606,20,73457,-11873,97937,-1988,111698,-2911,-13761,923,923,0,False,False,True,48678,137863,4763.4,4761.4,4766.2
2026-04-30,IH,IH2606,20,43529,1756,42007,752,51599,-39,-9592,791,791,0,True,False,True,28891,59217,2968.8,2965.2,2948.4
2026-04-30,IM,IM2606,20,143221,-29629,131797,-1408,161685,-876,-29888,-532,0,532,False,False,False,100591,201984,8279.2,8273.8,8254.8
2026-05-06,IC,IC2606,20,122566,25836,106117,7587,128885,7585,-22768,2,2,0,True,True,True,82861,159098,8497.6,8509.8,8265.2
2026-05-06,IF,IF2606,20,96079,23360,105870,7933,119772,8566,-13902,-633,0,633,True,True,False,65439,149562,4839.4,4840.2,4761.4
2026-05-06,IH,IH2606,20,49360,6390,43998,2094,53490,2106,-9492,-12,0,12,True,True,False,32480,61146,3007.6,3008.0,2965.2
2026-05-06,IM,IM2606,20,181713,39372,136329,5401,167693,6008,-31364,-607,0,607,True,True,False,125707,209410,8461.6,8480.4,8273.8
2026-05-07,IC,IC2606,20,99818,-22441,101998,-3801,124790,-3940,-22792,139,139,0,False,False,True,66653,152162,8624.8,8623.4,8509.8
2026-05-07,IF,IF2606,20,71997,-22310,99229,-6641,113380,-6145,-14151,-496,0,496,False,False,False,47821,139375,4862.4,4862.6,4840.2
2026-05-07,IH,IH2606,20,35477,-12678,42001,-1874,51269,-2077,-9268,203,203,0,False,False,True,23396,58594,3012.0,3011.4,3008.0
2026-05-07,IM,IM2606,20,149358,-30745,133002,-2932,164012,-3070,-31010,138,138,0,False,False,True,105701,203897,8627.6,8624.6,8480.4
2026-05-08,IC,IC2606,20,98567,-879,102276,305,124860,232,-22584,73,73,0,True,True,True,66400,152876,8620.8,8619.2,8623.4
2026-05-08,IF,IF2606,20,72599,2016,102098,2886,115977,2597,-13879,289,289,0,True,True,True,48802,142019,4836.8,4832.8,4862.6
2026-05-08,IH,IH2606,20,43483,9276,42511,585,51525,552,-9014,33,33,0,True,True,True,29243,59388,2981.6,2981.4,3011.4
2026-05-08,IM,IM2606,20,148756,-119,131963,-722,162128,-1884,-30165,1162,1162,0,False,False,True,104560,202338,8642.2,8645.4,8624.6
2026-05-11,IC,IC2606,20,139610,41445,109785,7894,133211,8597,-23426,-703,0,703,True,True,False,92144,162230,8738.6,8752.2,8619.2
2026-05-11,IF,IF2606,20,104118,31804,106538,4778,121913,6044,-15375,-1266,0,1266,True,True,False,69715,148526,4912.6,4917.0,4832.8
2026-05-11,IH,IH2606,20,55553,12649,45288,2777,53863,2745,-8575,32,32,0,True,True,True,37231,62362,3022.8,3022.8,2981.4
2026-05-11,IM,IM2606,20,192272,44448,140563,8926,172207,10382,-31644,-1456,0,1456,True,True,False,132269,213675,8723.0,8745.6,8645.4
2026-05-12,IC,IC2606,20,121019,-18139,104190,-5408,125707,-7254,-21517,1846,1846,0,False,False,True,80291,153875,8695.4,8701.4,8752.2
2026-05-12,IF,IF2606,20,84121,-19339,103007,-3498,118086,-3827,-15079,329,329,0,False,False,True,56132,143740,4911.6,4909.2,4917.0
2026-05-12,IH,IH2606,20,46365,-8687,42894,-2304,50849,-2908,-7955,604,604,0,False,False,True,29636,59214,3029.2,3025.8,3022.8
2026-05-12,IM,IM2606,20,171708,-18694,134335,-6118,161575,-10493,-27240,4375,4375,0,False,False,True,118147,202384,8701.8,8700.8,8745.6
2026-05-13,IC,IC2606,20,137987,17222,109083,5627,132519,6812,-23436,-1185,0,1185,True,True,False,92744,161610,8850.2,8838.8,8701.4
2026-05-13,IF,IF2606,20,99809,16616,109293,6716,124535,6449,-15242,267,267,0,True,True,True,67401,151660,4968.8,4960.4,4909.2
2026-05-13,IH,IH2606,20,50587,4715,45153,2307,53564,2770,-8411,-463,0,463,True,True,False,34283,62374,3033.0,3031.0,3025.8
2026-05-13,IM,IM2606,20,200869,29447,146086,12034,177117,15542,-31031,-3508,0,3508,True,True,False,140651,222170,8870.6,8856.8,8700.8
2026-05-14,IC,IC2606,20,197968,61235,120485,12028,139537,7327,-19052,4701,4701,0,True,True,True,133564,172900,8608.0,8660.2,8838.8
2026-05-14,IF,IF2606,20,128897,30606,112181,2888,123644,-891,-11463,3779,3779,0,True,False,True,87614,152082,4884.4,4904.0,4960.4
2026-05-14,IH,IH2606,20,61497,11253,45610,457,53879,315,-8269,142,142,0,True,True,True,40676,63848,2984.6,2994.0,3031.0
2026-05-14,IM,IM2606,20,256339,57066,154360,8359,179567,2689,-25207,5670,5670,0,True,True,True,183972,227104,8689.8,8743.8,8856.8
2026-05-15,IC,IC2606,20,232312,34561,123414,2929,142923,3386,-19509,-457,0,457,True,True,False,155372,176456,8448.8,8429.8,8660.2
2026-05-15,IF,IF2606,20,147322,19034,119165,6984,131234,8524,-12069,-1540,0,1540,True,True,False,99176,160730,4824.0,4812.6,4904.0
2026-05-15,IH,IH2606,20,71591,10988,47451,1852,55078,1628,-7627,224,224,0,True,True,True,47469,65623,2945.0,2938.0,2994.0
2026-05-15,IM,IM2606,20,320006,66709,169321,14961,193867,14303,-24546,658,658,0,True,True,True,225763,244556,8582.6,8563.2,8743.8
2026-05-18,IC,IC2606,20,157973,-73586,112709,-10388,131805,-11020,-19096,632,632,0,False,False,True,103844,163811,8479.2,8443.4,8429.8
2026-05-18,IF,IF2606,20,104741,-41416,108932,-10233,122192,-9042,-13260,-1191,0,1191,False,False,False,68281,149184,4802.0,4783.6,4812.6
2026-05-18,IH,IH2606,20,56828,-14635,44204,-3247,51323,-3563,-7119,316,316,0,False,False,True,35898,61829,2922.4,2913.0,2938.0
2026-05-18,IM,IM2606,20,235526,-81395,158322,-10999,183574,-10293,-25252,-706,0,706,False,False,False,163728,232393,8632.6,8594.2,8563.2
2026-05-19,IC,IC2606,20,178278,20786,119182,6473,135888,4929,-16706,1544,1544,0,True,True,True,118465,168041,8535.2,8519.4,8443.4
2026-05-19,IF,IF2606,20,111102,6997,109852,960,122614,422,-12762,538,538,0,True,True,True,72772,148652,4813.2,4801.4,4783.6
2026-05-19,IH,IH2606,20,54667,-1812,44140,-2,51751,497,-7611,-499,0,499,False,True,False,35436,61038,2931.4,2925.4,2913.0
2026-05-19,IM,IM2606,20,253811,19215,164023,6088,189492,5918,-25469,170,170,0,True,True,True,178213,239001,8718.6,8692.4,8594.2
2026-05-20,IC,IC2606,20,164733,-13419,110300,-8457,125938,-9688,-15638,1231,1231,0,False,False,True,108580,157070,8573.8,8556.6,8519.4
2026-05-20,IF,IF2606,20,100249,-10791,101538,-8314,113805,-8809,-12267,495,495,0,False,False,True,64757,138798,4806.6,4805.6,4801.4
2026-05-20,IH,IH2606,20,50193,-4248,40632,-3438,48741,-3010,-8109,-428,0,428,False,False,False,32283,57278,2934.8,2933.2,2925.4
2026-05-20,IM,IM2606,20,248577,-3604,151998,-12025,174578,-14880,-22580,2855,2855,0,False,False,True,170932,222868,8705.0,8682.4,8692.4
2026-05-21,IC,IC2606,20,216069,51925,123273,13035,139225,13747,-15952,-712,0,712,True,True,False,146781,171761,8326.8,8404.6,8556.6
2026-05-21,IF,IF2606,20,146569,47480,111260,10126,122686,8881,-11426,1245,1245,0,True,True,True,99519,150080,4743.0,4776.6,4805.6
2026-05-21,IH,IH2606,20,72390,22458,46153,5521,54166,5506,-8013,15,15,0,True,True,True,47227,63395,2903.8,2919.6,2933.2
2026-05-21,IM,IM2606,20,310349,63480,163268,11270,184308,9934,-21040,1336,1336,0,True,True,True,217179,233286,8438.2,8507.2,8682.4
2026-05-22,IC,IC2606,20,181821,-33028,113539,-9620,129503,-9140,-15964,-480,0,480,False,False,False,119676,160416,8469.2,8493.0,8404.6
2026-05-22,IF,IF2606,20,110537,-35647,101670,-9162,114023,-8663,-12353,-499,0,499,False,False,False,71603,138493,4788.2,4798.6,4776.6
2026-05-22,IH,IH2606,20,56389,-15398,41856,-4271,49541,-4420,-7685,149,149,0,False,False,True,36248,58951,2899.2,2904.6,2919.6
2026-05-22,IM,IM2606,20,272751,-36931,157949,-4745,180365,-3943,-22416,-802,0,802,False,False,False,189189,229122,8589.8,8609.0,8507.2
2026-05-25,IC,IC2606,20,164040,-16687,110955,-2104,124940,-4327,-13985,2223,2223,0,False,False,True,106542,156252,8582.8,8581.4,8493.0
2026-05-25,IF,IF2606,20,107068,-3469,100064,-1339,112048,-1664,-11984,325,325,0,False,False,True,69836,136285,4852.6,4855.8,4798.6
2026-05-25,IH,IH2606,20,57765,2301,42598,742,49883,447,-7285,295,295,0,True,True,True,38202,58574,2943.2,2942.8,2904.6
2026-05-25,IM,IM2606,20,234095,-38260,146761,-10105,168833,-11532,-22072,1427,1427,0,False,False,True,158385,214502,8661.4,8672.8,8609.0
2026-05-26,IC,IC2606,20,178203,14868,110857,-24,122892,-1883,-12035,1859,1859,0,False,False,True,117245,154423,8565.0,8523.0,8581.4
2026-05-26,IF,IF2606,20,123257,16995,101059,995,112911,863,-11852,132,132,0,True,True,True,81237,138238,4899.2,4881.2,4855.8
2026-05-26,IH,IH2606,20,58143,612,40180,-2120,47095,-2541,-6915,421,421,0,False,False,True,37153,56070,2955.6,2946.8,2942.8
2026-05-26,IM,IM2606,20,259782,25794,153080,6586,173111,4278,-20031,2308,2308,0,True,True,True,181186,220892,8596.0,8547.0,8672.8
2026-05-27,IC,IC2606,20,198766,20952,114877,4896,127930,5261,-13053,-365,0,365,True,True,False,131059,158225,8415.8,8418.8,8523.0
2026-05-27,IF,IF2606,20,123264,7,97172,-3887,109244,-3667,-12072,-220,0,220,False,False,False,79957,132712,4857.2,4856.0,4881.2
2026-05-27,IH,IH2606,20,72375,14619,44902,4722,50660,4685,-5758,37,37,0,True,True,True,47101,61355,2910.8,2910.8,2946.8
2026-05-27,IM,IM2606,20,272882,13955,148109,-4971,167309,-5802,-19200,831,831,0,False,False,True,189151,212514,8441.2,8430.4,8547.0
2026-05-28,IC,IC2606,20,184577,-12664,106616,-8227,121006,-6924,-14390,-1303,0,1303,False,False,False,118479,149597,8458.0,8475.6,8418.8
2026-05-28,IF,IF2606,20,123040,275,97118,-54,109229,-4,-12111,-50,0,50,False,False,False,79535,132476,4856.0,4862.0,4856.0
2026-05-28,IH,IH2606,20,59453,-12567,41889,-3013,47721,-2741,-5832,-272,0,272,False,False,False,38210,58094,2890.4,2893.4,2910.8
2026-05-28,IM,IM2606,20,274195,1734,147853,-256,171663,4354,-23810,-4610,0,4610,False,True,False,189036,215868,8524.4,8540.8,8430.4
2026-05-29,IC,IC2606,20,195937,12515,111009,4556,122691,2051,-11682,2505,2505,0,True,True,True,126854,153227,8274.6,8250.6,8475.6
2026-05-29,IF,IF2606,20,135045,13242,97776,658,109234,5,-11458,653,653,0,True,True,True,88557,133075,4847.8,4844.8,4862.0
2026-05-29,IH,IH2606,20,67919,8466,45807,3918,51257,4076,-5450,-158,0,158,True,True,False,43547,61644,2900.6,2895.8,2893.4
2026-05-29,IM,IM2606,20,300811,27262,149149,1296,170777,-886,-21628,2182,2182,0,True,False,True,207672,215444,8344.8,8317.2,8540.8
2026-06-01,IC,IC2606,20,168800,-26901,104138,-6795,116523,-6168,-12385,-627,0,627,False,False,False,109411,144727,8225.2,8228.2,8250.6
2026-06-01,IF,IF2606,20,123927,-10219,94419,-3357,105909,-3325,-11490,-32,0,32,False,False,False,80836,128739,4811.0,4810.4,4844.8
2026-06-01,IH,IH2606,20,54719,-13200,41356,-4451,46898,-4090,-5542,-361,0,361,False,False,False,34909,56607,2880.2,2879.2,2895.8
2026-06-01,IM,IM2606,20,275421,-23856,152276,3127,175422,4645,-23146,-1518,0,1518,True,True,False,185978,219745,8305.8,8316.0,8317.2
2026-06-02,IC,IC2606,20,165826,-2754,103485,-519,116636,166,-13151,-685,0,685,False,True,False,107090,144138,8260.4,8273.2,8228.2
2026-06-02,IF,IF2606,20,122815,-600,92879,-1337,104916,-993,-12037,-344,0,344,False,False,False,80922,127141,4878.6,4883.4,4810.4
2026-06-02,IH,IH2606,20,55910,1397,42230,925,48711,1928,-6481,-1003,0,1003,True,True,False,36581,57406,2902.8,2905.4,2879.2
2026-06-02,IM,IM2606,20,257076,-16866,146419,-4438,168233,-6244,-21814,1806,1806,0,False,False,True,175916,210218,8324.6,8337.0,8316.0
2026-06-03,IC,IC2606,20,162192,-2644,100188,-3051,111906,-4730,-11718,1679,1679,0,False,False,True,106019,137771,8314.2,8301.8,8273.2
2026-06-03,IF,IF2606,20,133228,11134,92128,-751,104704,552,-12576,-1303,0,1303,False,True,False,87841,127750,4913.8,4903.4,4883.4
2026-06-03,IH,IH2606,20,56332,739,39508,-2722,45753,-2609,-6245,-113,0,113,False,False,False,36499,54284,2907.8,2906.6,2905.4
2026-06-03,IM,IM2606,20,253935,-2855,141032,-5373,160403,-7099,-19371,1726,1726,0,False,False,True,172909,201325,8368.4,8359.4,8337.0
2026-06-04,IC,IC2606,20,133688,-28247,97369,-2819,109713,-2193,-12344,-626,0,626,False,False,False,85473,133836,8300.2,8299.2,8301.8
2026-06-04,IF,IF2606,20,105720,-27317,84774,-6961,97767,-6829,-12993,-132,0,132,False,False,False,68628,117531,4871.0,4870.6,4903.4
2026-06-04,IH,IH2606,20,46991,-8821,38610,-715,44015,-1357,-5405,642,642,0,False,False,True,30896,52837,2871.8,2872.4,2906.6
2026-06-04,IM,IM2606,20,198041,-54082,134440,-6033,152231,-8172,-17791,2139,2139,0,False,False,True,131965,191874,8354.8,8350.6,8359.4
2026-06-05,IC,IC2606,20,179617,46808,103198,5829,114225,4941,-11027,888,888,0,True,True,True,114107,140622,8190.6,8202.6,8299.2
2026-06-05,IF,IF2606,20,134308,28742,90468,5751,101498,4102,-11030,1649,1649,0,True,True,True,86654,122663,4776.8,4786.2,4870.6
2026-06-05,IH,IH2606,20,62236,15377,42569,4078,48358,4459,-5789,-381,0,381,True,True,False,40601,57634,2844.0,2849.0,2872.4
2026-06-05,IM,IM2606,20,270751,73509,142995,8862,157763,5532,-14768,3330,3330,0,True,True,True,181451,200773,8291.8,8298.6,8350.6
2026-06-08,IC,IC2606,20,204249,25401,101997,-1201,113345,-870,-11348,-331,0,331,False,False,False,126464,138659,7935.0,7917.0,8202.6
2026-06-08,IF,IF2606,20,139323,5241,87738,-2679,97660,-3838,-9922,1159,1159,0,False,False,True,89286,118426,4682.6,4679.0,4786.2
2026-06-08,IH,IH2606,20,65771,3653,42426,-36,47099,-1255,-4673,1219,1219,0,False,False,True,41918,56466,2813.0,2808.4,2849.0
2026-06-08,IM,IM2606,20,300908,32048,145092,2353,160519,2756,-15427,-403,0,403,True,True,False,200287,201883,8072.8,8046.4,8298.6
2026-06-09,IC,IC2606,20,156426,-46855,91455,-10288,101741,-11604,-10286,1316,1316,0,False,False,True,97714,124794,8112.4,8106.2,7917.0
2026-06-09,IF,IF2606,20,108521,-30546,81171,-6567,90967,-6693,-9796,126,126,0,False,False,True,69069,109772,4743.6,4742.4,4679.0
2026-06-09,IH,IH2606,20,52414,-13009,40814,-1608,45646,-1285,-4832,-323,0,323,False,False,False,33269,54225,2817.2,2818.4,2808.4
2026-06-09,IM,IM2606,20,242289,-57252,127972,-15695,141102,-19417,-13130,3722,3722,0,False,False,True,160340,177843,8233.4,8237.2,8046.4
2026-06-10,IC,IC2606,20,154348,-1236,91243,-212,101289,-380,-10046,168,168,0,False,False,True,96266,124545,8024.2,8006.4,8106.2
2026-06-10,IF,IF2606,20,108140,311,77263,-3855,86365,-4440,-9102,585,585,0,False,False,True,68264,104272,4721.4,4715.0,4742.4
2026-06-10,IH,IH2606,20,56082,3929,39872,-836,44465,-1039,-4593,203,203,0,False,False,True,35694,52108,2833.8,2835.4,2818.4
2026-06-10,IM,IM2606,20,232292,-9538,130505,2766,143019,1965,-12514,801,801,0,True,True,True,154308,177936,8162.2,8147.0,8237.2
2026-06-11,IC,IC2606,20,156046,1777,88379,-2834,98240,-2998,-9861,164,164,0,False,False,True,96052,120366,7990.8,7965.2,8006.4
2026-06-11,IF,IF2606,20,108406,581,75451,-1725,84030,-2290,-8579,565,565,0,False,False,True,68305,101097,4693.4,4677.4,4715.0
2026-06-11,IH,IH2606,20,46200,-9630,36391,-3370,41366,-3033,-4975,-337,0,337,False,False,False,28621,47978,2835.8,2830.8,2835.4
2026-06-11,IM,IM2606,20,228124,-3638,124804,-5701,138054,-4965,-13250,-736,0,736,False,False,False,149516,171821,8126.4,8094.8,8147.0
2026-06-12,IC,IC2606,20,160453,6269,83125,-5254,91604,-6533,-8479,1279,1279,0,False,False,True,101801,112831,8117.2,8111.2,7965.2
2026-06-12,IF,IF2606,20,121057,13688,71728,-3691,77305,-5934,-5577,2243,2243,0,False,False,True,76249,94540,4769.8,4766.4,4677.4
2026-06-12,IH,IH2606,20,62365,17021,36573,631,41579,213,-5006,418,418,0,True,True,True,40456,48977,2897.2,2892.8,2830.8
2026-06-12,IM,IM2606,20,219677,-7953,114563,-9710,126876,-11178,-12313,1468,1468,0,False,False,True,146950,158171,8196.8,8191.8,8094.8
2026-06-15,IC,IC2606,20,159641,700,78056,-4819,87077,-4276,-9021,-543,0,543,False,False,False,100068,104498,8384.8,8355.8,8111.2
2026-06-15,IF,IF2606,20,117804,-3185,64825,-6778,68837,-8406,-4012,1628,1628,0,False,False,True,74674,83327,4880.0,4865.2,4766.4
2026-06-15,IH,IH2606,20,64546,2588,32635,-3938,36954,-4625,-4319,687,687,0,False,False,True,39731,43628,2938.6,2931.0,2892.8
2026-06-15,IM,IM2606,20,200936,-17833,100101,-13783,109202,-16644,-9101,2861,2861,0,False,False,True,134896,137607,8475.2,8453.4,8191.8
2026-06-16,IC,IC2606,20,127926,-30230,63349,-14469,70759,-16318,-7410,1849,1849,0,False,False,True,80075,84052,8475.8,8478.2,8355.8
2026-06-16,IF,IF2606,20,98350,-18561,52501,-11871,55811,-13002,-3310,1131,1131,0,False,False,True,60182,67700,4875.2,4878.0,4865.2
2026-06-16,IH,IH2606,20,47895,-14571,25042,-7554,27759,-9195,-2717,1641,1641,0,False,False,True,30100,33766,2911.0,2914.2,2931.0
2026-06-16,IM,IM2606,20,187407,-12948,86497,-13604,93427,-15650,-6930,2046,2046,0,False,False,True,124372,116720,8602.4,8609.6,8453.4
2026-06-17,IC,IC2606,20,111484,-14438,50071,-13203,55472,-14742,-5401,1539,1539,0,False,False,True,68652,65953,8613.2,8583.6,8478.2
2026-06-17,IF,IF2606,20,90631,-6774,42182,-9655,46117,-8698,-3935,-957,0,957,False,False,False,55239,54429,4928.0,4907.4,4878.0
2026-06-17,IH,IH2606,20,42239,-5207,21377,-3512,23096,-4495,-1719,983,983,0,False,False,True,25807,27831,2935.0,2926.6,2914.2
2026-06-17,IM,IM2606,20,153826,-31780,63583,-22448,67641,-25535,-4058,3087,3087,0,False,False,True,98806,86061,8695.0,8660.8,8609.6
2026-06-18,IC,IC2609,20,134233,31679,110208,12469,132314,15177,-22106,-2708,0,2708,True,True,False,88410,162104,8517.4,8513.6,8400.4
2026-06-18,IF,IF2609,20,94141,27384,109428,11694,121899,14029,-12471,-2335,0,2335,True,True,False,61213,147088,4862.8,4853.4,4802.0
2026-06-18,IH,IH2609,20,42435,9920,42947,5773,57308,6284,-14361,-511,0,511,True,True,False,28121,64125,2899.8,2898.6,2885.6
2026-06-18,IM,IM2609,20,167052,31964,135836,11930,162373,13291,-26537,-1361,0,1361,True,True,False,114746,204527,8510.0,8505.6,8414.0
2026-06-22,IC,IC2609,20,170618,36854,118177,8243,139691,7442,-21514,801,801,0,True,True,True,112647,171790,8650.0,8634.2,8513.6
2026-06-22,IF,IF2609,20,132244,40074,117767,8339,133973,12074,-16206,-3735,0,3735,True,True,False,88185,161226,4983.8,4975.2,4853.4
2026-06-22,IH,IH2609,20,74453,33112,51992,9218,67501,10255,-15509,-1037,0,1037,True,True,False,49450,76460,2978.0,2975.2,2898.6
2026-06-22,IM,IM2609,20,228512,62952,148223,13153,176403,14393,-28180,-1240,0,1240,True,True,False,158991,221871,8524.2,8521.6,8505.6
2026-06-23,IC,IC2609,20,196910,26671,123111,5044,141236,2071,-18125,2973,2973,0,True,True,True,129547,174176,8455.0,8428.6,8634.2
2026-06-23,IF,IF2609,20,156803,25362,121177,4211,136424,2451,-15247,1760,1760,0,True,True,True,105369,164687,4812.4,4811.6,4975.2
2026-06-23,IH,IH2609,20,75519,2006,51275,-641,67413,199,-16138,-840,0,840,False,True,False,50120,76305,2884.6,2884.0,2975.2
2026-06-23,IM,IM2609,20,241403,14428,149238,2014,175535,-766,-26297,2780,2780,0,True,False,True,169243,221704,8403.0,8381.2,8521.6
2026-06-24,IC,IC2609,20,171033,-23914,118057,-4720,136908,-4328,-18851,-392,0,392,False,False,False,114321,169193,8595.0,8601.4,8428.6
2026-06-24,IF,IF2609,20,107076,-49727,111944,-8903,127240,-8676,-15296,-227,0,227,False,False,False,69308,154821,4830.8,4832.0,4811.6
2026-06-24,IH,IH2609,20,52631,-22449,48220,-3055,63846,-3567,-15626,512,512,0,False,False,True,33499,71544,2896.2,2895.2,2884.0
2026-06-24,IM,IM2609,20,208542,-32096,142997,-5248,170464,-4412,-27467,-836,0,836,False,False,False,144567,214962,8472.4,8486.8,8381.2
2026-06-25,IC,IC2609,20,185156,14644,124626,6616,142607,5699,-17981,917,917,0,True,True,True,122306,176339,8699.4,8688.2,8601.4
2026-06-25,IF,IF2609,20,121658,15487,115274,3366,130993,3753,-15719,-387,0,387,True,True,False,81049,159220,4907.0,4897.2,4832.0
2026-06-25,IH,IH2609,20,61727,9671,49864,1791,65306,1607,-15442,184,184,0,True,True,True,40016,73405,2924.8,2920.2,2895.2
2026-06-25,IM,IM2609,20,211044,3196,143880,1326,172200,1736,-28320,-410,0,410,True,True,False,144932,216470,8523.8,8517.8,8486.8
2026-06-26,IC,IC2609,20,219323,35582,124640,327,139712,-2895,-15072,3222,3222,0,True,False,True,145705,172822,8447.0,8461.6,8688.2
2026-06-26,IF,IF2609,20,159099,37857,115623,638,131347,640,-15724,-2,0,2,True,True,False,105290,159794,4748.2,4751.4,4897.2
2026-06-26,IH,IH2609,20,74280,12683,50015,151,63348,-1933,-13333,2084,2084,0,True,False,True,47552,72200,2859.0,2862.4,2920.2
2026-06-26,IM,IM2609,20,249941,40138,149998,6551,174702,2502,-24704,4049,4049,0,True,True,True,174428,220480,8319.2,8324.0,8517.8
