date,IC_main_contract,IF_main_contract,IH_main_contract,IM_main_contract,IC_top20_rank_rows,IF_top20_rank_rows,IH_top20_rank_rows,IM_top20_rank_rows,IC_top20_volume,IF_top20_volume,IH_top20_volume,IM_top20_volume,IC_top20_volume_chg,IF_top20_volume_chg,IH_top20_volume_chg,IM_top20_volume_chg,IC_top20_long_oi,IF_top20_long_oi,IH_top20_long_oi,IM_top20_long_oi,IC_top20_long_oi_chg,IF_top20_long_oi_chg,IH_top20_long_oi_chg,IM_top20_long_oi_chg,IC_top20_short_oi,IF_top20_short_oi,IH_top20_short_oi,IM_top20_short_oi,IC_top20_short_oi_chg,IF_top20_short_oi_chg,IH_top20_short_oi_chg,IM_top20_short_oi_chg,IC_top20_net_oi,IF_top20_net_oi,IH_top20_net_oi,IM_top20_net_oi,IC_top20_net_oi_chg,IF_top20_net_oi_chg,IH_top20_net_oi_chg,IM_top20_net_oi_chg,IC_net_buy_qty,IF_net_buy_qty,IH_net_buy_qty,IM_net_buy_qty,IC_net_sell_qty,IF_net_sell_qty,IH_net_sell_qty,IM_net_sell_qty,IC_long_chg_positive,IF_long_chg_positive,IH_long_chg_positive,IM_long_chg_positive,IC_short_chg_positive,IF_short_chg_positive,IH_short_chg_positive,IM_short_chg_positive,IC_net_chg_positive,IF_net_chg_positive,IH_net_chg_positive,IM_net_chg_positive,IC_main_contract_volume,IF_main_contract_volume,IH_main_contract_volume,IM_main_contract_volume,IC_main_contract_open_interest,IF_main_contract_open_interest,IH_main_contract_open_interest,IM_main_contract_open_interest,IC_close,IF_close,IH_close,IM_close,IC_settle,IF_settle,IH_settle,IM_settle,IC_pre_settle,IF_pre_settle,IH_pre_settle,IM_pre_settle,return_pct,next_date,next_return_pct,next_up,all_products_net_oi_chg_sum,all_products_long_oi_chg_sum,all_products_short_oi_chg_sum
2025-04-09,IC2504,IF2506,IH2506,IM2506,20,20,20,20,142113,164989,99230,415523,-2301,-10906,-966,39946,60503,107001,42555,126822,-4742,-2736,-616,-5607,60592,125525,50528,141517,-4345,-1394,-467,-9063,-89,-18524,-7973,-14695,-397,-1342,-149,3456,0,0,0,3456,397,1342,149,0,False,False,False,False,False,False,False,False,False,False,False,True,89534,115307,65219,307215,77524,150590,58795,184548,5387.2,3614.0,2564.2,5429.6,5408.4,3620.2,2563.2,5451.0,5231.4,3538.6,2517.4,5270.4,0.9808130151985228,2025-04-10,2.2692051055769547,True,1568,-13701,-15269
2025-04-10,IC2504,IF2506,IH2506,IM2506,20,20,20,20,98780,122775,67227,302165,-42604,-42070,-31161,-111113,50012,98736,33627,118644,-10081,-8265,-8928,-8178,50508,118337,41453,134170,-9470,-7188,-8898,-7084,-496,-19601,-7826,-15526,-611,-1077,-30,-1094,0,0,0,0,611,1077,30,1094,False,False,False,False,False,False,False,False,False,False,False,False,60899,83748,43873,222566,65270,141689,48237,174420,5509.0,3673.0,2582.2,5578.2,5528.6,3678.8,2585.6,5598.0,5408.4,3620.2,2563.2,5451.0,2.2692051055769547,2025-04-11,1.3596207373732572,True,-2812,-35452,-32640
2025-04-11,IC2504,IF2506,IH2506,IM2506,20,20,20,20,78610,99050,51357,262052,-19419,-22388,-15331,-37996,47396,97991,33666,116183,-2073,-745,98,-2002,49324,117596,40866,133652,-1047,-741,-536,-243,-1928,-19605,-7200,-17469,-1026,-4,634,-1759,0,0,634,0,1026,4,0,1759,False,False,True,False,False,False,False,False,False,False,True,False,48540,69617,33127,192909,62461,139942,47569,173299,5555.8,3686.6,2595.6,5672.2,5569.8,3693.0,2595.4,5685.4,5528.6,3678.8,2585.6,5598.0,1.3596207373732572,2025-04-14,0.3394986425245605,True,-2155,-4722,-2567
2025-04-14,IC2504,IF2506,IH2506,IM2506,20,20,20,20,61447,66256,39856,182560,-15820,-31481,-11245,-79194,38978,93837,32510,106191,-8235,-4154,-1156,-9026,40799,112197,39611,124303,-8350,-5155,-1141,-9349,-1821,-18360,-7101,-18112,115,1001,-15,323,115,1001,0,323,0,0,15,0,False,False,False,False,False,False,False,False,True,True,False,True,38051,45569,26026,133293,51902,135018,46111,162218,5584.8,3694.8,2606.6,5693.0,5591.4,3699.0,2610.0,5702.0,5569.8,3693.0,2595.4,5685.4,0.3394986425245605,2025-04-15,-0.1298560201975274,False,1424,-22571,-23995
2025-04-15,IC2504,IF2506,IH2506,IM2506,20,20,20,20,61315,67852,33997,176088,570,2504,-5639,-4896,35504,96575,31742,109641,-3386,2738,-768,3502,36771,113829,38505,126427,-3959,1632,-1022,2124,-1267,-17254,-6763,-16786,573,1106,254,1378,573,1106,254,1378,0,0,0,0,False,True,False,True,False,True,False,True,True,True,True,True,38649,44540,21919,126870,46610,137582,45206,164742,5580.0,3690.4,2608.8,5680.4,5571.6,3688.6,2606.4,5673.2,5591.4,3699.0,2610.0,5702.0,-0.1298560201975274,2025-04-16,-1.2064857024451037,False,3311,2086,-1225
2025-04-16,IC2504,IF2506,IH2506,IM2506,20,20,20,20,69694,85867,47554,214116,8693,19293,13819,39207,29081,100109,33168,113315,-6328,3534,1519,4127,29629,115751,39110,130216,-6713,2132,780,3789,-548,-15642,-5942,-16901,385,1402,739,338,385,1402,739,338,0,0,0,0,False,True,True,True,False,True,True,True,True,True,True,True,44211,58241,31223,156339,36562,141540,46398,171071,5540.4,3690.8,2620.0,5603.0,5525.2,3677.6,2612.2,5594.4,5571.6,3688.6,2606.4,5673.2,-1.2064857024451037,2025-04-17,0.08756705171699686,True,2864,2852,-12
2025-04-17,IC2506,IF2506,IH2506,IM2506,20,20,20,20,66968,80471,42555,215263,9378,-4187,-4481,2299,76220,100120,31281,111333,2883,11,-1860,-1653,80781,117599,37539,129472,4208,2515,-1437,-692,-4561,-17479,-6258,-18139,-1325,-2504,-423,-961,0,0,0,0,1325,2504,423,961,True,True,False,False,True,True,False,False,False,False,False,False,44149,55799,28211,156019,99918,141593,44853,168300,5406.6,3710.6,2633.6,5653.8,5422.2,3712.8,2634.6,5672.6,5355.4,3677.6,2612.2,5594.4,0.08756705171699686,2025-04-18,0.271901423946197,True,-5213,-619,4594
2025-04-18,IC2506,IF2506,IH2506,IM2506,20,20,20,20,64714,67135,38675,204938,-902,-12934,-3216,-9509,76387,98161,30798,110072,442,-1959,-441,-1205,81208,115106,37333,129511,586,-2493,-205,39,-4821,-16945,-6535,-19439,-144,534,-236,-1244,0,534,0,0,144,0,236,1244,True,False,False,False,True,False,False,True,False,True,False,False,42314,45646,25557,150566,100600,139841,44395,168687,5400.0,3708.8,2633.4,5642.0,5423.8,3714.6,2633.0,5670.4,5422.2,3712.8,2634.6,5672.6,0.271901423946197,2025-04-21,1.585709284889525,True,-1090,-3163,-2073
2025-04-21,IC2506,IF2506,IH2506,IM2506,20,20,20,20,64032,64252,34826,186971,-366,-2740,-3637,-16159,75835,98433,29990,108790,-456,484,-348,-1227,80794,115868,37310,126489,-347,762,-5,-2618,-4959,-17435,-7320,-17699,-109,-278,-343,1391,0,0,0,1391,109,278,343,0,False,True,False,False,False,True,False,False,False,False,False,True,42483,44191,23857,137318,99810,139536,43953,166314,5499.8,3733.2,2631.4,5770.0,5507.6,3738.6,2636.2,5770.0,5423.8,3714.6,2633.0,5670.4,1.585709284889525,2025-04-22,-0.8172523041474644,False,661,-1547,-2208
2025-04-22,IC2506,IF2506,IH2506,IM2506,20,20,20,20,55568,57070,29101,177768,-7676,-7182,-5186,-8067,74194,96400,29328,107824,-1641,-2005,-662,-582,78383,113380,35964,125041,-2411,-2488,-1346,-1313,-4189,-16980,-6636,-17217,770,483,684,731,770,483,684,731,0,0,0,0,False,False,False,False,False,False,False,False,True,True,True,True,37064,37955,19683,130317,97788,136331,42709,163968,5486.0,3733.0,2637.4,5769.6,5497.0,3740.0,2641.4,5782.6,5507.6,3738.6,2636.2,5770.0,-0.8172523041474644,2025-04-23,1.0749677198550023,True,2668,-4890,-7558
2025-04-23,IC2506,IF2506,IH2506,IM2506,20,20,20,20,69480,72728,34164,200211,14117,15658,5363,22605,77819,96572,30465,109921,4089,202,1137,2156,81964,113038,36578,127420,3581,-279,614,2395,-4145,-16466,-6113,-17499,508,481,523,-239,508,481,523,0,0,0,0,239,True,True,True,True,True,False,True,True,True,True,True,False,45995,48170,23296,146296,101966,137093,43864,166689,5495.0,3734.0,2627.4,5820.0,5495.8,3735.2,2627.6,5821.6,5497.0,3740.0,2641.4,5782.6,1.0749677198550023,2025-04-24,-0.6823452153748355,False,1273,7584,6311
2025-04-24,IC2506,IF2506,IH2506,IM2506,20,20,20,20,60256,70907,35498,186221,-9143,-619,1603,-12405,75694,97306,30620,108175,-2123,774,409,-1746,79811,113044,36323,124443,-2143,6,-180,-2977,-4117,-15738,-5703,-16268,20,768,589,1231,20,768,589,1231,0,0,0,0,False,True,True,False,False,True,False,False,True,True,True,True,39686,48747,24156,135094,99171,136827,43465,163863,5478.0,3736.8,2635.8,5767.4,5475.4,3737.0,2635.2,5761.6,5495.8,3735.2,2627.6,5821.6,-0.6823452153748355,2025-04-25,0.585269595941873,True,2608,-2686,-5294
2025-04-25,IC2506,IF2506,IH2506,IM2506,20,20,20,20,66509,69936,39365,202361,7096,-498,4347,16140,75611,96865,31912,111436,-83,245,1609,3511,80132,112898,37415,127892,396,-146,1152,3449,-4521,-16033,-5503,-16456,-479,391,457,62,0,391,457,62,479,0,0,0,False,True,True,True,True,False,True,True,False,True,True,True,43767,47168,26636,147686,99051,136227,44804,167733,5498.6,3739.2,2628.0,5786.6,5499.8,3737.6,2626.4,5785.0,5475.4,3737.0,2635.2,5761.6,0.585269595941873,2025-04-28,-0.6537626014924025,False,431,5282,4851
2025-04-28,IC2506,IF2506,IH2506,IM2506,20,20,20,20,57249,57782,32151,167828,-8801,-12154,-6937,-33834,73938,96011,30390,105518,-1673,-854,-1425,-5728,78039,111522,35747,121375,-2071,-1192,-1668,-6438,-4101,-15511,-5357,-15857,398,338,243,710,398,338,243,710,0,0,0,0,False,False,False,False,False,False,False,False,True,True,True,True,37058,38102,21403,120927,96080,134340,42616,159258,5471.0,3730.6,2628.0,5729.0,5474.4,3732.8,2630.4,5733.2,5499.8,3737.6,2626.4,5785.0,-0.6537626014924025,2025-04-29,-0.13026891225458304,False,1689,-9680,-11369
2025-04-29,IC2506,IF2506,IH2506,IM2506,20,20,20,20,52690,55589,31046,159634,-3967,-1630,-748,-6605,72856,96159,30741,105756,-794,148,428,740,78443,111367,35977,122766,430,-155,230,1391,-5587,-15208,-5236,-17010,-1224,303,198,-651,0,303,198,0,1224,0,0,651,False,True,True,True,True,False,True,True,False,True,True,False,34048,37569,20683,116166,95869,134140,43068,159461,5487.2,3724.8,2621.2,5773.6,5487.6,3725.8,2623.2,5769.0,5474.4,3732.8,2630.4,5733.2,-0.13026891225458304,2025-04-30,0.832841599635592,True,-1374,522,1896
2025-04-30,IC2506,IF2506,IH2506,IM2506,20,20,20,20,59313,62541,39615,149177,7518,7066,9015,-9846,71322,98779,31879,101258,-1497,2620,1155,-4498,77288,114015,37369,118437,-1155,2648,1392,-4329,-5966,-15236,-5490,-17179,-342,-28,-237,-169,0,0,0,0,342,28,237,169,False,True,True,False,False,True,True,False,False,False,False,False,38409,42386,26366,108819,94639,136357,44590,153214,5497.0,3716.2,2609.2,5801.4,5512.0,3724.0,2612.0,5814.0,5487.6,3725.8,2623.2,5769.0,0.832841599635592,2025-05-06,1.9701955308696562,True,-776,-2220,-1444
2025-05-06,IC2506,IF2506,IH2506,IM2506,20,20,20,20,65391,70359,37885,149288,6078,8614,-1608,996,73392,100174,31551,105792,2281,1395,-328,4541,79985,115625,37637,121242,2701,1610,303,2805,-6593,-15451,-6086,-15450,-420,-215,-631,1736,0,0,0,1736,420,215,631,0,True,True,False,True,True,True,True,True,False,False,False,True,43200,47831,25377,107389,97319,138953,44285,160100,5622.0,3766.2,2629.6,5953.2,5619.4,3765.8,2629.0,5947.8,5512.0,3724.0,2612.0,5814.0,1.9701955308696562,2025-05-07,0.5084549513947323,True,470,7889,7419
2025-05-07,IC2506,IF2506,IH2506,IM2506,20,20,20,20,82381,81599,44385,214964,17276,11728,7097,67033,76426,103631,33516,117326,3422,3457,1965,11544,82061,118197,38763,133095,2076,2572,1126,11853,-5635,-14566,-5247,-15769,1346,885,839,-309,1346,885,839,0,0,0,0,309,True,True,True,True,True,True,True,True,True,True,True,False,54572,56105,29460,158085,100287,141994,46351,174521,5620.2,3785.0,2646.4,5955.2,5609.6,3778.2,2643.0,5945.0,5619.4,3765.8,2629.0,5947.8,0.5084549513947323,2025-05-08,1.64987903892293,True,2761,20388,17627
2025-05-08,IC2506,IF2506,IH2506,IM2506,20,20,20,20,66785,84817,46713,171940,-15552,3218,3220,-40293,74541,106552,34200,110492,-1803,2921,1069,-6766,80648,121328,39620,125276,-1413,3776,857,-7819,-6107,-14776,-5420,-14784,-390,-855,212,1053,0,0,212,1053,390,855,0,0,False,True,True,False,False,True,True,False,False,False,True,True,43288,58985,31258,125065,98379,146021,47278,165679,5660.0,3816.0,2664.8,6018.8,5660.8,3815.8,2665.0,6015.6,5609.6,3778.2,2643.0,5945.0,1.64987903892293,2025-05-09,-0.8711719924117456,False,20,-4579,-4599
2025-05-09,IC2506,IF2506,IH2506,IM2506,20,20,20,20,69174,57644,25788,170938,2672,-26904,-20458,1285,75609,101754,30823,110869,1252,-4798,-3159,478,80418,115686,35933,125775,-230,-5507,-3687,592,-4809,-13932,-5110,-14906,1482,709,528,-114,1482,709,528,0,0,0,0,114,True,False,False,True,False,False,False,True,True,True,True,False,44378,39940,17832,124744,98899,138820,43172,165673,5604.8,3808.6,2666.2,5945.2,5605.2,3806.0,2666.2,5944.0,5660.8,3815.8,2665.0,6015.6,-0.8711719924117456,2025-05-12,2.631513542800623,True,2605,-6227,-8832
2025-05-12,IC2506,IF2506,IH2506,IM2506,20,20,20,20,80964,89920,46643,183901,12592,32989,21324,13216,76524,112052,36709,112160,1127,10298,6249,1291,82988,127142,42937,130438,2570,11456,7004,4667,-6464,-15090,-6228,-18278,-1443,-1158,-755,-3376,0,0,0,0,1443,1158,755,3376,True,True,True,True,True,True,True,True,False,False,False,False,52449,61843,31684,134023,101404,152926,50672,170704,5688.0,3853.0,2686.6,6037.0,5673.2,3849.6,2685.4,6022.2,5605.2,3806.0,2666.2,5944.0,2.631513542800623,2025-05-13,-0.11866073201562966,False,-6732,18965,25697
2025-05-13,IC2506,IF2506,IH2506,IM2506,20,20,20,20,74751,65434,32284,179513,-5454,-22699,-13544,-3433,77430,105563,34855,112871,1153,-6489,-1740,843,81837,119434,40435,128449,-1151,-7708,-2438,-1989,-4407,-13871,-5580,-15578,2304,1219,698,2832,2304,1219,698,2832,0,0,0,0,True,False,False,True,False,False,False,False,True,True,True,True,49100,45698,21914,132408,102084,143968,48431,170058,5654.6,3851.0,2688.2,5996.6,5654.4,3851.4,2688.0,5997.0,5673.2,3849.6,2685.4,6022.2,-0.11866073201562966,2025-05-14,1.0124814523871706,True,7053,-6233,-13286
2025-05-14,IC2506,IF2506,IH2506,IM2506,20,20,20,20,108633,117425,70149,252428,34137,52034,37943,73894,87649,120398,44699,132440,10219,14857,9844,19569,93742,137169,50910,149882,12483,18202,10525,22155,-6093,-16771,-6211,-17442,-2264,-3345,-681,-2586,0,0,0,0,2264,3345,681,2586,True,True,True,True,True,True,True,True,False,False,False,False,72621,81957,48329,189515,117024,164602,61472,196475,5697.8,3907.4,2737.6,6043.0,5685.4,3901.8,2733.4,6026.0,5654.4,3851.4,2688.0,5997.0,1.0124814523871706,2025-05-15,-1.9148977025067904,False,-8876,54489,63365
2025-05-15,IC2506,IF2506,IH2506,IM2506,20,20,20,20,89600,88146,53557,209621,-18046,-29035,-15931,-40988,86984,111058,40465,125331,-347,-9334,-4231,-6959,92567,126658,46770,141900,-832,-10511,-4131,-7819,-5583,-15600,-6305,-16569,485,1177,-100,860,485,1177,0,860,0,0,100,0,False,False,False,False,False,False,False,False,True,True,False,True,58925,59965,36205,155023,117015,153318,56219,187025,5623.0,3872.8,2723.0,5949.0,5615.8,3871.4,2722.6,5943.0,5685.4,3901.8,2733.4,6026.0,-1.9148977025067904,2025-05-16,-0.1859782209714944,False,2422,-20871,-23293
2025-05-16,IC2506,IF2506,IH2506,IM2506,20,20,20,20,71963,82237,52443,177144,-17040,-4771,-652,-30601,86161,113667,40103,126573,-531,2609,-362,1422,90942,128105,45903,143140,-1491,1447,-867,1240,-4781,-14438,-5800,-16567,960,1162,505,182,960,1162,505,182,0,0,0,0,False,True,False,True,False,True,False,True,True,True,True,True,47834,55823,35488,131868,116190,154933,54791,188635,5601.8,3846.0,2695.2,5933.8,5610.0,3846.4,2693.4,5948.8,5615.8,3871.4,2722.6,5943.0,-0.1859782209714944,2025-05-19,-0.3280296158277962,False,2809,3138,329
2025-05-19,IC2506,IF2506,IH2506,IM2506,20,20,20,20,78917,72963,40918,194044,7521,-8261,-11105,17149,87794,109292,37343,130607,1730,-4195,-2711,4166,92558,123147,42401,145446,1684,-4958,-3502,2306,-4764,-13855,-5058,-14839,46,763,791,1860,46,763,791,1860,0,0,0,0,True,False,False,True,True,False,False,True,True,True,True,True,51297,48882,27081,140984,118428,149439,51445,192261,5623.0,3843.2,2688.8,5975.4,5618.2,3841.2,2687.4,5966.6,5610.0,3846.4,2693.4,5948.8,-0.3280296158277962,2025-05-20,0.7723489246148185,True,3460,-1010,-4470
2025-05-20,IC2506,IF2506,IH2506,IM2506,20,20,20,20,69424,76786,41576,170997,-9458,4244,917,-21185,82883,109733,37520,123605,-4911,466,194,-6879,88212,124196,43048,139478,-4000,1186,647,-5968,-5329,-14463,-5528,-15873,-911,-720,-453,-911,0,0,0,0,911,720,453,911,False,True,True,False,False,True,True,False,False,False,False,False,45384,52572,27980,124540,112947,150105,51766,184920,5650.8,3865.4,2699.4,6019.4,5648.2,3864.6,2700.2,6011.6,5618.2,3841.2,2687.4,5966.6,0.7723489246148185,2025-05-21,0.8264745223240721,True,-2995,-11130,-8135
2025-05-21,IC2506,IF2506,IH2506,IM2506,20,20,20,20,61559,83258,39725,154370,-7083,6708,-1785,-15306,82098,106780,36607,120853,-771,-2953,-607,-2608,87412,121601,42360,136542,-800,-2595,-634,-2936,-5314,-14821,-5753,-15689,29,-358,27,328,29,0,27,328,0,358,0,0,False,False,False,False,False,False,False,False,True,False,True,True,39909,56306,27164,111291,111497,146414,50924,180860,5655.6,3881.2,2712.6,6000.6,5654.4,3881.6,2712.8,5998.6,5648.2,3864.6,2700.2,6011.6,0.8264745223240721,2025-05-22,-0.9596250587056154,False,26,-6939,-6965
2025-05-22,IC2506,IF2506,IH2506,IM2506,20,20,20,20,84222,79413,43228,204790,23051,-3490,3644,51749,85325,104136,37199,132373,3227,-2557,875,11520,90294,118888,42181,147462,2927,-2713,-68,11222,-4969,-14752,-4982,-15089,300,156,943,298,300,156,943,298,0,0,0,0,True,False,True,True,True,False,False,True,True,True,True,True,53832,52835,28918,148619,116140,143884,51342,195203,5614.8,3879.6,2715.4,5950.0,5615.4,3880.4,2715.2,5949.2,5654.4,3881.6,2712.8,5998.6,-0.9596250587056154,2025-05-23,-1.1766891379908717,False,1697,13065,11368
2025-05-23,IC2506,IF2506,IH2506,IM2506,20,20,20,20,104344,116089,59106,233259,20461,37720,16039,29070,87216,111558,41959,132218,2540,7422,4764,44,92422,125006,46584,147919,2231,6118,4447,457,-5206,-13448,-4625,-15701,309,1304,317,-413,309,1304,317,0,0,0,0,413,True,True,True,True,True,True,True,True,True,True,True,False,67871,78281,39517,167101,118330,152612,56417,194014,5561.8,3846.2,2693.0,5872.0,5576.4,3854.6,2696.8,5896.2,5615.4,3880.4,2715.2,5949.2,-1.1766891379908717,2025-05-26,-0.8033638387336173,False,1517,14770,13253
2025-05-26,IC2506,IF2506,IH2506,IM2506,20,20,20,20,86776,94157,52175,185547,-17220,-21605,-6732,-45364,81431,99996,37958,123434,-5785,-11562,-3927,-8693,84902,113384,42832,137085,-7214,-11622,-3630,-10834,-3471,-13388,-4874,-13651,1429,60,-297,2141,1429,60,0,2141,0,0,297,0,False,False,False,False,False,False,False,False,True,True,False,True,56454,62863,34244,133893,110791,138782,51685,181503,5594.6,3831.2,2684.4,5925.0,5591.6,3828.6,2682.4,5921.2,5576.4,3854.6,2696.8,5896.2,-0.8033638387336173,2025-05-27,-0.6792136680530136,False,3333,-29967,-33300
2025-05-27,IC2506,IF2506,IH2506,IM2506,20,20,20,20,81328,82917,42889,194641,-4737,-10068,-8464,9856,81660,102602,38351,128574,733,2606,554,5326,84493,115536,43123,141064,-195,2152,454,4248,-2833,-12934,-4772,-12490,928,454,100,1078,928,454,100,1078,0,0,0,0,True,True,True,True,False,True,True,True,True,True,True,True,52001,54529,28167,140778,109673,140116,51671,186517,5578.0,3809.2,2668.6,5915.0,5582.6,3812.8,2671.0,5918.0,5591.6,3828.6,2682.4,5921.2,-0.6792136680530136,2025-05-28,-0.31431383181699246,False,2560,9219,6659
2025-05-28,IC2506,IF2506,IH2506,IM2506,20,20,20,20,65221,68874,33122,165328,-15689,-13606,-9558,-28732,77581,93802,34390,120157,-3936,-8800,-3923,-8417,80209,105668,39171,131499,-4284,-9868,-3907,-9486,-2628,-11866,-4781,-11342,348,1068,-16,1069,348,1068,0,1069,0,0,16,0,False,False,False,False,False,False,False,False,True,True,False,True,42102,45973,21699,120232,104395,129593,47109,175258,5568.0,3805.0,2665.4,5899.0,5563.6,3806.8,2667.0,5892.6,5582.6,3812.8,2671.0,5918.0,-0.31431383181699246,2025-05-29,1.3685037625039032,True,2469,-25076,-27545
2025-05-29,IC2506,IF2506,IH2506,IM2506,20,20,20,20,103340,105814,58025,230615,38858,37949,25393,66961,83153,99928,41009,130451,5735,7698,6789,10551,87753,112107,46598,141425,7835,7038,7481,10042,-4600,-12179,-5589,-10974,-2100,660,-692,509,0,660,0,509,2100,0,692,0,True,True,True,True,True,True,True,True,False,True,False,True,68773,70602,37631,166397,112167,136268,54235,187832,5668.6,3832.8,2673.6,6031.0,5662.4,3835.4,2676.0,6019.0,5563.6,3806.8,2667.0,5892.6,1.3685037625039032,2025-05-30,-0.9619636779210405,False,-1623,30773,32396
2025-05-30,IC2506,IF2506,IH2506,IM2506,20,20,20,20,82372,95576,55575,184233,-19456,-9062,-2193,-45335,75599,88637,36640,116688,-6224,-9935,-4103,-13720,78357,99402,41328,127525,-9240,-12374,-5033,-13669,-2758,-10765,-4688,-10837,3016,2439,930,-51,3016,2439,930,0,0,0,0,51,False,False,False,False,False,False,False,False,True,True,True,False,53557,63806,36536,130165,101945,122449,49121,168201,5627.8,3822.4,2667.2,5966.0,5619.8,3820.6,2667.2,5957.4,5662.4,3835.4,2676.0,6019.0,-0.9619636779210405,2025-06-03,0.4771246092946546,True,6334,-33982,-40316
2025-06-03,IC2506,IF2506,IH2506,IM2506,20,20,20,20,72788,80353,45194,160974,-8055,-15118,-10066,-22920,77963,90889,37398,117343,2519,2401,945,1198,81643,101380,42688,128578,3316,1978,1646,1053,-3680,-10491,-5290,-11235,-797,423,-701,145,0,423,0,145,797,0,701,0,True,True,True,True,True,True,True,True,False,True,False,True,46453,52960,29234,112727,104981,123878,49619,169461,5638.4,3824.8,2668.6,5998.0,5646.0,3826.8,2669.4,6004.8,5619.8,3820.6,2667.2,5957.4,0.4771246092946546,2025-06-04,1.1100014979777306,True,-930,7063,7993
2025-06-04,IC2506,IF2506,IH2506,IM2506,20,20,20,20,59727,70801,33791,141630,-12578,-9097,-11378,-17804,72305,83844,34970,111108,-5658,-7045,-2257,-6017,75357,93628,40698,121486,-6165,-7752,-1979,-7092,-3052,-9784,-5728,-10378,507,707,-278,1075,507,707,0,1075,0,0,278,0,False,False,False,False,False,False,False,False,True,True,False,True,38714,47487,22289,100779,98287,116411,47017,161713,5688.8,3842.4,2673.6,6054.0,5688.8,3843.8,2674.4,6051.8,5646.0,3826.8,2669.4,6004.8,1.1100014979777306,2025-06-05,1.1694231405530164,True,2011,-20977,-22988
2025-06-05,IC2506,IF2506,IH2506,IM2506,20,20,20,20,67073,73994,39790,165260,8256,3399,5999,24088,74544,84680,35806,115750,2239,836,867,5002,77133,93538,41374,124735,2222,190,752,3285,-2589,-8858,-5568,-8985,17,646,115,1717,17,646,115,1717,0,0,0,0,True,True,True,True,True,True,True,True,True,True,True,True,43186,49359,26100,118336,100210,116859,47574,166975,5723.6,3852.0,2674.0,6101.6,5726.4,3856.0,2676.0,6100.8,5688.8,3843.8,2674.4,6051.8,1.1694231405530164,2025-06-06,-0.4476205817603218,False,2495,8944,6449
2025-06-06,IC2506,IF2506,IH2506,IM2506,20,20,20,20,52447,64176,36685,125999,-14626,-9555,-3105,-38388,70975,80081,33077,106803,-3541,-4599,-2697,-8691,72418,89365,38458,115684,-4238,-4151,-2860,-9051,-1443,-9284,-5381,-8881,697,-448,163,360,697,0,163,360,0,448,0,0,False,False,False,False,False,False,False,False,True,False,True,True,34070,43521,23950,88977,94713,110984,44741,154557,5725.4,3855.4,2673.6,6100.2,5720.6,3853.8,2672.8,6094.2,5726.4,3856.0,2676.0,6100.8,-0.4476205817603218,2025-06-09,1.071372533636672,True,772,-19528,-20300
2025-06-09,IC2506,IF2506,IH2506,IM2506,20,20,20,20,70825,85443,46298,150595,18671,21906,9872,25375,73584,87059,35314,108417,2609,6978,2257,2031,77526,97676,40461,117485,5225,8393,2319,1801,-3942,-10617,-5147,-9068,-2616,-1415,-62,230,0,0,0,230,2616,1415,62,0,True,True,True,True,True,True,True,True,False,False,False,True,46713,57026,30458,105988,99590,119577,47436,156512,5766.4,3867.8,2676.6,6167.8,5768.8,3867.8,2674.2,6169.0,5720.6,3853.8,2672.8,6094.2,1.071372533636672,2025-06-10,-1.1652896972284332,False,-3863,13875,17738
2025-06-10,IC2506,IF2506,IH2506,IM2506,20,20,20,20,80633,98164,58464,188260,10072,14087,12578,38681,70661,81720,34967,112588,-2605,-5339,-250,4665,72543,90422,38917,120037,-4831,-7254,-1297,2731,-1882,-8702,-3950,-7449,2226,1915,1047,1934,2226,1915,1047,1934,0,0,0,0,False,False,False,True,False,False,False,True,True,True,True,True,52147,64495,38481,132573,93852,112083,46099,158926,5718.2,3841.0,2660.0,6113.8,5718.4,3844.4,2661.4,6105.6,5768.8,3867.8,2674.2,6169.0,-1.1652896972284332,2025-06-11,1.2074982697433345,True,7122,-3529,-10651
2025-06-11,IC2506,IF2506,IH2506,IM2506,20,20,20,20,73135,102886,53731,159262,-6639,5188,-4447,-26099,67273,84445,33891,100460,-3319,2725,-899,-11762,68985,93708,38543,108581,-3558,3286,-279,-11382,-1712,-9263,-4652,-8121,239,-561,-620,-380,239,0,0,0,0,561,620,380,False,True,False,False,False,True,False,False,True,False,False,False,47295,69002,35407,112327,89802,115340,44558,144803,5761.2,3878.8,2682.4,6144.0,5768.0,3881.4,2681.6,6152.0,5718.4,3844.4,2661.4,6105.6,1.2074982697433345,2025-06-12,0.2560782202563727,True,-1322,-13255,-11933
2025-06-12,IC2506,IF2506,IH2506,IM2506,20,20,20,20,62560,78323,46793,142120,-9668,-24554,-6280,-16258,63850,74376,32678,99391,-3215,-10069,-1114,-696,64796,82877,36546,107210,-4015,-10203,-1744,-1240,-946,-8501,-3868,-7819,800,134,630,544,800,134,630,544,0,0,0,0,False,False,False,False,False,False,False,False,True,True,True,True,40513,51953,30227,99982,84586,102508,42917,142864,5780.0,3883.6,2682.2,6156.8,5777.0,3881.6,2682.2,6152.8,5768.0,3881.4,2681.6,6152.0,0.2560782202563727,2025-06-13,-1.1286070193261333,False,2108,-15094,-17202
2025-06-13,IC2506,IF2506,IH2506,IM2506,20,20,20,20,82583,93176,51636,171237,20297,14998,5284,32150,62638,77772,34487,99872,-1212,3567,1928,1730,62331,84528,37947,106813,-2313,1902,1548,-272,307,-6756,-3460,-6941,1101,1665,380,2002,1101,1665,380,2002,0,0,0,0,False,True,True,True,False,True,True,False,True,True,True,True,53130,60941,32980,119917,81891,104348,44411,141736,5729.0,3856.4,2665.2,6084.2,5729.8,3855.2,2665.6,6083.6,5777.0,3881.6,2682.2,6152.8,-1.1286070193261333,2025-06-16,0.660527835132263,True,5148,6013,865
2025-06-16,IC2506,IF2506,IH2506,IM2506,20,20,20,20,74376,89587,46238,141248,-6569,-2672,-5037,-29129,53048,60441,30295,87435,-9590,-17185,-4090,-11410,53886,66705,33688,92549,-7601,-17712,-4255,-13932,-838,-6264,-3393,-5114,-1989,527,165,2522,0,527,165,2522,1989,0,0,0,False,False,False,False,False,False,False,False,False,True,True,True,47548,57349,29457,96721,69823,83317,39603,124057,5756.2,3869.8,2678.4,6127.4,5760.2,3869.0,2678.2,6128.8,5729.8,3855.2,2665.6,6083.6,0.660527835132263,2025-06-17,-0.35871911029884407,False,1225,-42275,-43500
2025-06-17,IC2506,IF2506,IH2506,IM2506,20,20,20,20,72020,84216,45036,142035,-1243,-4610,-241,1818,46675,53234,24040,80272,-6078,-7207,-6233,-6950,47624,57655,26859,83395,-5598,-9004,-6286,-8800,-949,-4421,-2819,-3123,-480,1797,53,1850,0,1797,53,1850,480,0,0,0,False,False,False,False,False,False,False,False,False,True,True,True,45830,53299,28286,97198,60777,71388,32008,112030,5748.4,3868.6,2680.8,6130.0,5736.4,3863.4,2677.2,6118.0,5760.2,3869.0,2678.2,6128.8,-0.35871911029884407,2025-06-18,0.23366537557196754,True,3220,-26468,-29688
2025-06-18,IC2506,IF2506,IH2506,IM2506,20,20,20,20,68175,83178,36420,128100,-3224,-939,-8039,-13441,38515,41828,20184,64374,-7763,-10446,-3794,-15364,39095,43784,22119,64935,-8239,-13522,-4557,-18460,-580,-1956,-1935,-561,476,3076,763,3096,476,3076,763,3096,0,0,0,0,False,False,False,False,False,False,False,False,True,True,True,True,43253,52365,23851,87763,49346,55637,26177,88005,5738.0,3872.2,2677.4,6124.2,5736.8,3871.2,2676.0,6121.2,5736.4,3863.4,2677.2,6118.0,0.23366537557196754,2025-06-19,-1.358329318207263,False,7411,-37367,-44778
2025-06-19,IC2506,IF2506,IH2506,IM2506,20,20,20,20,63594,67705,33450,116078,-3809,-15353,-2483,-10354,28890,29282,13548,44584,-8933,-10890,-6454,-19185,28961,30893,14673,44565,-10095,-11117,-7442,-19877,-71,-1611,-1125,19,1162,227,988,692,1162,227,988,692,0,0,0,0,False,False,False,False,False,False,False,False,True,True,True,True,40032,43781,21216,81581,35618,37486,17340,56583,5677.8,3840.4,2659.2,6050.4,5669.6,3837.4,2658.8,6046.6,5736.8,3871.2,2676.0,6121.2,-1.358329318207263,2025-06-20,-0.8352986451682809,False,3069,-45462,-48531
2025-06-20,IC2507,IF2509,IH2509,IM2509,20,20,20,20,61695,53071,33434,121558,13225,-2471,4990,10446,58773,83293,29551,98967,9848,1768,2477,6376,60240,96137,37939,114988,10294,1935,2494,6754,-1467,-12844,-8388,-16021,-446,-167,-17,-378,0,0,0,0,446,167,17,378,True,True,True,True,True,True,True,True,False,False,False,False,37576,35051,21677,84705,73087,119027,42653,146127,5588.4,3773.6,2635.4,5787.8,5590.2,3771.6,2633.4,5792.8,5604.2,3762.0,2617.2,5800.4,-0.8352986451682809,2025-06-23,0.3850957017548229,True,-1008,20469,21477
2025-06-23,IC2507,IF2509,IH2509,IM2509,20,20,20,20,58547,70455,43805,141263,-2549,17469,10601,21347,59088,90402,34695,104724,315,7163,5186,6529,60593,104199,44426,121034,407,8591,6487,6046,-1505,-13797,-9731,-16310,-92,-1428,-1301,483,0,0,0,483,92,1428,1301,0,True,True,True,True,True,True,True,True,False,False,False,True,36618,47208,28646,99867,74146,128778,49768,153037,5625.8,3797.4,2652.8,5851.2,5630.6,3799.8,2655.0,5856.2,5590.2,3771.6,2633.4,5792.8,0.3850957017548229,2025-06-24,2.304684208700314,True,-2338,19193,21531
2025-06-24,IC2507,IF2509,IH2509,IM2509,20,20,20,20,68969,85084,53366,165291,10675,15317,9825,27420,60665,92955,33999,105329,1710,2597,-193,1063,63373,108138,45761,122238,3016,3969,1462,1640,-2708,-15183,-11762,-16909,-1306,-1372,-1655,-577,0,0,0,0,1306,1372,1655,577,True,True,False,True,True,True,True,True,False,False,False,False,44444,57535,34596,120129,77007,133116,50754,156132,5726.4,3852.4,2682.0,5995.0,5719.8,3848.6,2680.0,5988.6,5630.6,3799.8,2655.0,5856.2,2.304684208700314,2025-06-25,3.1131760112008244,True,-4910,5177,10087
2025-06-25,IC2507,IF2509,IH2509,IM2509,20,20,20,20,79903,90357,50113,191364,11408,5419,-3048,26745,63816,97586,36126,114441,3151,4631,2158,9528,66715,113835,46973,134227,3789,5697,1212,11989,-2899,-16249,-10847,-19786,-638,-1066,946,-2461,0,0,946,0,638,1066,0,2461,True,True,True,True,True,True,True,True,False,False,True,False,50210,61056,33258,139775,81182,139245,52779,170051,5834.2,3922.8,2722.6,6119.6,5826.0,3913.2,2715.4,6101.4,5719.8,3848.6,2680.0,5988.6,3.1131760112008244,2025-06-26,-0.6558948313044155,False,-3219,19468,22687
2025-06-26,IC2507,IF2509,IH2509,IM2509,20,20,20,20,54783,65380,34178,147801,-24725,-24508,-15935,-42359,60248,94417,32127,107359,-3568,-3169,-3884,-7050,62902,110823,43249,127010,-3813,-2657,-3527,-7033,-2654,-16406,-11122,-19651,245,-512,-357,-17,245,0,0,0,0,512,357,17,False,False,False,False,False,False,False,False,True,False,False,False,34054,43176,21991,106191,76012,135683,48436,161694,5809.2,3904.2,2711.0,6097.8,5813.4,3905.6,2711.8,6104.8,5826.0,3913.2,2715.4,6101.4,-0.6558948313044155,2025-06-27,0.46868423168420215,True,-641,-17671,-17030
2025-06-27,IC2507,IF2509,IH2509,IM2509,20,20,20,20,58082,82649,48543,157156,3446,17936,14534,9414,61223,97138,35997,112083,975,2721,3997,4908,64048,113673,47535,133223,1146,2884,4400,6270,-2825,-16535,-11538,-21140,-171,-163,-403,-1362,0,0,0,0,171,163,403,1362,True,True,True,True,True,True,True,True,False,False,False,False,36609,56221,32852,113010,77537,139367,53070,167757,5827.0,3876.6,2680.0,6110.8,5829.8,3878.2,2681.8,6118.8,5813.4,3905.6,2711.8,6104.8,0.46868423168420215,2025-06-30,1.3495956391161634,True,-2099,12601,14700
2025-06-30,IC2507,IF2509,IH2509,IM2509,20,20,20,20,53868,60382,34876,131311,-3951,-21317,-13106,-24640,57864,93177,32519,104335,-3359,-3925,-3317,-7687,60183,110395,43928,125604,-3839,-3101,-3285,-7619,-2319,-17218,-11409,-21269,480,-824,-32,-68,480,0,0,0,0,824,32,68,False,False,False,False,False,False,False,False,True,False,False,False,32984,40077,22994,94541,73467,135428,49133,158728,5863.0,3885.8,2689.0,6148.6,5867.4,3887.0,2687.6,6155.6,5829.8,3878.2,2681.8,6118.8,1.3495956391161634,2025-07-01,-0.23641320755594109,False,-444,-18288,-17844
2025-07-01,IC2507,IF2509,IH2509,IM2509,20,20,20,20,49830,49757,26043,140891,-3497,-10061,-8306,10914,55244,91828,32068,110166,-2620,-1349,-415,6098,57311,108148,42850,128887,-2872,-2247,-919,3368,-2067,-16320,-10782,-18721,252,898,504,2730,252,898,504,2730,0,0,0,0,False,False,False,True,False,False,False,True,True,True,True,True,31394,34558,17755,103226,70063,132977,48099,164955,5868.0,3886.0,2689.8,6133.4,5872.0,3889.4,2692.6,6134.0,5867.4,3887.0,2687.6,6155.6,-0.23641320755594109,2025-07-02,-1.126671384409117,False,4384,1714,-2670
2025-07-02,IC2507,IF2509,IH2509,IM2509,20,20,20,20,47748,53546,30770,129071,-1618,4555,5297,-10887,55338,92125,32123,105386,94,297,55,-4780,57062,107685,42089,124263,-249,55,-535,-4623,-1724,-15560,-9966,-18877,343,242,590,-157,343,242,590,0,0,0,0,157,True,True,True,False,False,True,False,False,True,True,True,False,30107,35301,20389,93428,69955,133038,47699,159237,5856.6,3894.2,2696.8,6117.0,5849.6,3891.8,2696.8,6107.4,5872.0,3889.4,2692.6,6134.0,-1.126671384409117,2025-07-03,1.9009097244458095,True,1018,-4334,-5352
2025-07-03,IC2507,IF2509,IH2509,IM2509,20,20,20,20,44139,56652,29408,131314,-3391,3271,-861,3773,55327,91368,31279,107579,-11,-471,-844,2193,56837,107194,41456,126308,-48,-489,-480,2045,-1510,-15826,-10177,-18729,37,18,-364,148,37,18,0,148,0,0,364,0,False,False,False,True,False,False,False,True,True,True,False,True,27703,38088,19650,95917,69802,132375,46778,161580,5874.0,3918.0,2701.8,6135.8,5874.6,3917.8,2700.4,6138.6,5849.6,3891.8,2696.8,6107.4,1.9009097244458095,2025-07-04,-0.3632011607650365,False,-161,867,1028
2025-07-04,IC2507,IF2509,IH2509,IM2509,20,20,20,20,67678,96644,57515,205321,23877,40842,28771,74829,60130,102260,38621,120348,4803,11728,7439,13342,61303,118612,48913,139857,4553,11807,7527,13549,-1173,-16352,-10292,-19509,250,-79,-88,-207,250,0,0,0,0,79,88,207,True,True,True,True,True,True,True,True,True,False,False,False,43750,66892,39517,151899,76622,146863,56007,177599,5874.2,3936.0,2717.2,6112.2,5870.0,3930.0,2711.2,6107.2,5874.6,3917.8,2700.4,6138.6,-0.3632011607650365,2025-07-07,-1.2076633754284027,False,-124,37312,37436
2025-07-07,IC2507,IF2509,IH2509,IM2509,20,20,20,20,38053,51775,28845,111609,-29229,-44224,-28133,-92651,53895,93849,33300,108008,-6172,-8131,-5233,-11939,55219,110014,43348,126080,-6084,-8132,-5381,-13777,-1324,-16165,-10048,-18072,-88,1,148,1838,0,1,148,1838,88,0,0,0,False,False,False,False,False,False,False,False,False,True,True,True,23473,35769,19180,80166,68547,135826,49584,160866,5859.2,3918.0,2708.0,6111.6,5862.8,3919.4,2709.0,6112.8,5870.0,3930.0,2711.2,6107.2,-1.2076633754284027,2025-07-08,2.3889887756491035,True,1899,-31475,-33374
2025-07-08,IC2507,IF2509,IH2509,IM2509,20,20,20,20,60364,73114,41815,175293,22844,21628,13309,64306,56568,98037,34788,118661,2673,4284,1744,10845,59182,115805,45721,138102,3963,5791,2682,12022,-2614,-17768,-10933,-19441,-1290,-1507,-938,-1177,0,0,0,0,1290,1507,938,1177,True,True,True,True,True,True,True,True,False,False,False,False,39009,50571,28303,128815,72555,142398,51681,176309,5958.0,3958.6,2727.8,6235.8,5952.6,3959.2,2728.8,6226.2,5862.8,3919.4,2709.0,6112.8,2.3889887756491035,2025-07-09,0.16459735543858933,True,-4912,19546,24458
2025-07-09,IC2507,IF2509,IH2509,IM2509,20,20,20,20,47503,63967,37980,133016,-12105,-8358,-3428,-39899,52039,94230,33478,106908,-4529,-3781,-1279,-11273,53759,111179,44084,126186,-5423,-4626,-1498,-11916,-1720,-16949,-10606,-19278,894,845,219,643,894,845,219,643,0,0,0,0,False,False,False,False,False,False,False,False,True,True,True,True,29791,43451,24948,94223,65998,137184,49980,161900,5930.0,3952.8,2724.0,6214.0,5937.2,3957.0,2727.0,6219.8,5952.6,3959.2,2728.8,6226.2,0.16459735543858933,2025-07-10,0.22474790242918985,True,2601,-20862,-23463
2025-07-10,IC2507,IF2509,IH2509,IM2509,20,20,20,20,48807,73483,50198,135740,1877,11026,12783,3645,51547,100026,39039,113147,-456,5959,5561,6358,53081,116736,49774,133077,-637,5557,5690,6891,-1534,-16710,-10735,-19930,181,402,-129,-533,181,402,0,0,0,0,129,533,False,True,True,True,False,True,True,True,True,True,False,False,31023,51019,33722,98260,65381,144324,56981,169266,5958.8,3972.0,2740.4,6231.6,5968.0,3981.8,2749.2,6241.8,5937.2,3957.0,2727.0,6219.8,0.22474790242918985,2025-07-11,0.8001534540870825,True,-79,17422,17501
2025-07-11,IC2507,IF2509,IH2509,IM2509,20,20,20,20,76871,123055,77922,203877,28582,49624,28137,68895,51889,110327,45181,122091,649,10504,6307,8971,53136,128557,56338,143072,676,12061,6564,10402,-1247,-18230,-11157,-20981,-27,-1557,-257,-1431,0,0,0,0,27,1557,257,1431,True,True,True,True,True,True,True,True,False,False,False,False,48478,84781,52171,147131,65777,158393,64210,181506,6023.0,3993.4,2751.6,6319.8,6026.4,3998.8,2761.2,6321.2,5968.0,3981.8,2749.2,6241.8,0.8001534540870825,2025-07-14,-0.45444248108376106,False,-3272,26431,29703
2025-07-14,IC2507,IF2509,IH2509,IM2509,20,20,20,20,44171,56592,33226,99680,-31492,-64874,-44538,-102736,42056,104016,38963,110877,-9785,-6110,-6176,-11214,42932,122009,49969,132477,-10069,-6548,-6369,-10494,-876,-17993,-11006,-21600,284,438,193,-720,284,438,193,0,0,0,0,720,False,False,False,False,False,False,False,False,True,True,True,False,28123,37589,21777,71184,52714,150188,56656,168013,6008.4,3985.8,2747.4,6302.2,6015.6,3990.2,2751.8,6312.0,6026.4,3998.8,2761.2,6321.2,-0.45444248108376106,2025-07-15,1.728665905046256,True,195,-33285,-33480
2025-07-15,IC2507,IF2509,IH2509,IM2509,20,20,20,20,62343,91132,51557,165079,18634,35249,18624,66243,38550,106209,40245,122336,-3506,2224,1282,11704,38699,123371,51158,142958,-3980,1362,1614,10596,-149,-17162,-10913,-20622,474,862,-332,1108,474,862,0,1108,0,0,332,0,False,True,True,True,False,True,True,True,True,True,False,True,39182,62583,34281,120268,47615,152828,58202,181672,6008.2,3980.6,2734.2,6277.4,6004.0,3981.4,2735.8,6274.8,6015.6,3990.2,2751.8,6312.0,1.728665905046256,2025-07-16,-0.21744479989262988,False,2112,11704,9592
2025-07-16,IC2509,IF2509,IH2509,IM2509,20,20,20,20,57493,66860,38758,154451,397,-23905,-12607,-9828,71990,101693,37063,113792,-788,-4516,-2990,-8485,77048,119197,48322,134475,-1101,-4154,-2767,-8385,-5058,-17504,-11259,-20683,313,-362,-223,-100,313,0,0,0,0,362,223,100,False,False,False,False,False,False,False,False,True,False,False,False,37648,45629,25504,113703,98197,147324,54913,172288,5895.2,3971.0,2730.4,6298.0,5899.6,3974.8,2730.8,6300.8,5892.8,3981.4,2735.8,6274.8,-0.21744479989262988,2025-07-17,1.755007420892385,True,-372,-16779,-16407
2025-07-17,IC2509,IF2509,IH2509,IM2509,20,20,20,20,56143,73363,39852,149922,-472,7090,1585,-4496,74542,107401,39263,117719,2577,5708,2333,3927,80484,124284,50584,139197,3542,5087,2262,4722,-5942,-16883,-11321,-21478,-965,621,71,-795,0,621,71,0,965,0,0,795,True,True,True,True,True,True,True,True,False,True,True,False,38304,49872,26576,109376,102295,153281,57361,177468,5978.0,4011.8,2741.4,6390.4,5972.4,4005.4,2738.2,6383.6,5899.6,3974.8,2730.8,6300.8,1.755007420892385,2025-07-18,0.34459510075661726,True,-1068,14545,15613
2025-07-18,IC2509,IF2509,IH2509,IM2509,20,20,20,20,61784,88406,53049,144690,5932,15161,13476,-4466,75894,110061,43023,115699,1684,2660,3800,-2020,82510,127090,54255,137873,2026,3033,3900,-1324,-6616,-17029,-11232,-22174,-342,-373,-100,-696,0,0,0,0,342,373,100,696,True,True,True,False,True,True,True,False,False,False,False,False,41183,59958,35272,104691,104430,157186,61598,175267,6000.8,4041.8,2767.0,6413.6,5993.2,4035.2,2763.2,6403.8,5972.4,4005.4,2738.2,6383.6,0.34459510075661726,2025-07-21,0.8664339195924686,True,-1511,6124,7635
2025-07-21,IC2509,IF2509,IH2509,IM2509,20,20,20,20,64277,73353,41692,149176,3173,-14291,-10987,5665,78241,106942,41080,118619,2459,-3119,-1894,2927,84275,124054,53163,141989,1832,-3032,-1092,4165,-6034,-17112,-12083,-23370,627,-87,-802,-1238,627,0,0,0,0,87,802,1238,True,False,False,True,True,False,False,True,True,False,False,False,42464,49413,27071,106976,106804,152831,59730,178934,6055.6,4064.8,2771.2,6463.2,6059.8,4064.4,2771.8,6472.6,5993.2,4035.2,2763.2,6403.8,0.8664339195924686,2025-07-22,0.6086517362683397,True,-1500,373,1873
2025-07-22,IC2509,IF2509,IH2509,IM2509,20,20,20,20,73505,100541,55952,163557,9534,27422,14761,15870,79174,114979,46006,119002,1301,8037,4995,383,85157,131441,57874,141278,882,7387,4737,-669,-5983,-16462,-11868,-22276,419,650,258,1052,419,650,258,1052,0,0,0,0,True,True,True,True,True,True,True,False,True,True,True,True,49010,69503,37371,118700,108997,162828,65052,178632,6129.4,4109.8,2796.8,6515.4,6111.8,4096.6,2789.4,6495.8,6059.8,4064.4,2771.8,6472.6,0.6086517362683397,2025-07-23,-0.008222047203210181,False,2379,14716,12337
2025-07-23,IC2509,IF2509,IH2509,IM2509,20,20,20,20,81669,112832,65464,183909,8552,12330,9794,21229,79933,113642,44396,122801,997,-1337,-1610,4084,85982,130824,56256,144006,870,-515,-1337,2791,-6049,-17182,-11860,-21205,127,-822,-273,1293,127,0,0,1293,0,822,273,0,True,False,False,True,True,False,False,True,True,False,False,True,54336,76014,42398,131364,109396,161682,63695,182055,6120.0,4109.2,2802.8,6500.0,6120.8,4109.8,2802.6,6499.2,6111.8,4096.6,2789.4,6495.8,-0.008222047203210181,2025-07-24,1.5017289357632135,True,325,2134,1809
2025-07-24,IC2509,IF2509,IH2509,IM2509,20,20,20,20,74127,97441,52915,174096,-6581,-14165,-12373,-9629,78765,113534,44473,121415,-1091,-108,77,-560,85985,132345,56535,142978,3,1821,345,-904,-7220,-18811,-12062,-21563,-1094,-1929,-268,344,0,0,0,344,1094,1929,268,0,False,False,True,False,True,True,True,False,False,False,False,True,49292,65298,34309,124051,109680,163125,63790,181457,6226.0,4141.2,2816.6,6618.6,6217.8,4136.8,2813.8,6603.6,6120.8,4109.8,2802.6,6499.2,1.5017289357632135,2025-07-25,-0.22640350989395763,False,-2947,-1682,1265
2025-07-25,IC2509,IF2509,IH2509,IM2509,20,20,20,20,58827,80278,45727,138523,-14968,-16550,-7139,-34839,76684,107739,41763,114810,-1875,-5795,-2468,-6387,83324,126128,53885,135618,-2628,-6036,-2599,-7360,-6640,-18389,-12122,-20808,753,241,131,973,753,241,131,973,0,0,0,0,False,False,False,False,False,False,False,False,True,True,True,True,39078,53170,30341,98231,106883,155404,61165,172911,6216.0,4116.0,2796.8,6605.8,6216.2,4115.6,2795.8,6604.4,6217.8,4136.8,2813.8,6603.6,-0.22640350989395763,2025-07-28,0.9632231652179746,True,2098,-16525,-18623
2025-07-28,IC2509,IF2509,IH2509,IM2509,20,20,20,20,70418,82790,44234,165022,12500,2853,-1082,26931,78721,110092,41814,120854,2181,2353,232,6181,84235,126705,53758,142893,1272,586,-20,7275,-5514,-16613,-11944,-22039,909,1767,252,-1094,909,1767,252,0,0,0,0,1094,True,True,True,True,True,True,False,True,True,True,True,False,46353,54638,28883,116079,108139,156735,60762,180433,6222.0,4122.0,2805.8,6602.0,6221.8,4119.0,2803.2,6605.0,6216.2,4115.6,2795.8,6604.4,0.9632231652179746,2025-07-29,1.8619317700838245,True,1834,10947,9113
2025-07-29,IC2509,IF2509,IH2509,IM2509,20,20,20,20,69650,88083,46019,162329,-379,5940,2185,-2558,76427,108673,41412,115964,-2294,-1413,-291,-3976,81607,124102,52321,137082,-2581,-2603,-1119,-5811,-5180,-15429,-10909,-21118,287,1190,828,1835,287,1190,828,1835,0,0,0,0,False,False,False,False,False,False,False,False,True,True,True,True,46670,58516,30546,116403,105314,153577,60354,174556,6263.0,4141.4,2814.0,6662.0,6241.6,4134.6,2812.2,6633.0,6221.8,4119.0,2803.2,6605.0,1.8619317700838245,2025-07-30,-1.6168105078139705,False,4140,-7974,-12114
2025-07-30,IC2509,IF2509,IH2509,IM2509,20,20,20,20,86533,120063,69684,197847,17638,33259,23867,36006,79318,116584,45414,125589,2973,7911,4125,9904,84171,130211,56262,144626,2564,6415,3941,7544,-4853,-13627,-10848,-19037,409,1496,184,2360,409,1496,184,2360,0,0,0,0,True,True,True,True,True,True,True,True,True,True,True,True,58280,81931,46511,144840,108507,162604,64619,185002,6215.4,4136.4,2820.0,6604.2,6209.8,4130.2,2817.6,6596.2,6241.6,4134.6,2812.2,6633.0,-1.6168105078139705,2025-07-31,-1.6628091634004583,False,4449,24913,20464
2025-07-31,IC2509,IF2509,IH2509,IM2509,20,20,20,20,97419,135300,73326,229334,12098,15561,3790,32528,78689,111690,44000,125025,912,-4695,-873,-564,82843,126025,54644,143363,-1078,-3905,-1372,-928,-4154,-14335,-10644,-18338,1990,-790,499,364,1990,0,499,364,0,790,0,0,True,False,False,False,False,False,False,False,True,False,True,True,65759,91447,48789,167548,107159,157602,62558,183162,6124.0,4057.0,2777.0,6538.0,6112.2,4050.8,2772.0,6526.6,6209.8,4130.2,2817.6,6596.2,-1.6628091634004583,2025-08-01,-0.24395376904277066,False,2063,-5220,-7283
2025-08-01,IC2509,IF2509,IH2509,IM2509,20,20,20,20,74421,84786,48490,185804,-22023,-49927,-24651,-41197,74914,106809,41897,119695,-3608,-4790,-2086,-5102,80325,120683,52574,138920,-2292,-5342,-2070,-4443,-5411,-13874,-10677,-19225,-1316,552,-16,-659,0,552,0,0,1316,0,16,659,False,False,False,False,False,False,False,False,False,True,False,False,49203,56881,32117,133160,103426,151416,60001,176823,6104.0,4029.6,2754.4,6542.8,6109.8,4031.8,2755.4,6549.8,6112.2,4050.8,2772.0,6526.6,-0.24395376904277066,2025-08-04,0.5033087491335353,True,-1439,-15586,-14147
2025-08-04,IC2509,IF2509,IH2509,IM2509,20,20,20,20,64731,66136,35907,168140,-8337,-17972,-12397,-15923,72523,103061,39175,118743,-1071,-3701,-2496,-776,79579,117829,49694,139601,-746,-2854,-2880,681,-7056,-14768,-10519,-20858,-325,-847,384,-1457,0,0,384,0,325,847,0,1457,False,False,False,False,False,False,False,True,False,False,True,False,42885,44736,24294,119420,102178,146808,56661,177500,6169.0,4052.8,2770.4,6642.6,6157.8,4048.0,2768.0,6622.6,6109.8,4031.8,2755.4,6549.8,0.5033087491335353,2025-08-05,0.3881215942972638,True,-2245,-8044,-5799
2025-08-05,IC2509,IF2509,IH2509,IM2509,20,20,20,20,51326,66206,37772,134727,-11389,1246,2091,-32480,71203,103662,39879,113683,-1274,601,1020,-4474,78219,117965,50148,135816,-985,136,507,-3785,-7016,-14303,-10269,-22133,-289,465,513,-689,0,465,513,0,289,0,0,689,False,True,True,False,False,True,True,False,False,True,True,False,34079,45420,25627,95602,100647,147312,57065,172540,6198.6,4082.0,2791.0,6682.0,6195.6,4081.8,2790.8,6673.2,6157.8,4048.0,2768.0,6622.6,0.3881215942972638,2025-08-06,0.664424890542703,True,0,-4127,-4127
2025-08-06,IC2509,IF2509,IH2509,IM2509,20,20,20,20,56304,62249,35619,149724,5814,-3513,-1625,15750,74037,101309,38667,117156,2982,-2353,-1163,3473,80644,116192,49056,140312,2447,-1773,-1059,4496,-6607,-14883,-10389,-23156,535,-580,-104,-1023,535,0,0,0,0,580,104,1023,True,False,False,True,True,False,False,True,True,False,False,False,37260,42038,23697,106338,103512,144956,55640,178409,6263.2,4097.0,2796.2,6762.6,6266.2,4098.6,2798.2,6770.4,6195.6,4081.8,2790.8,6673.2,0.664424890542703,2025-08-07,-0.6820831302062236,False,-1172,2939,4111
2025-08-07,IC2509,IF2509,IH2509,IM2509,20,20,20,20,72246,79501,43874,167124,16440,17821,8390,18274,76884,106018,39655,117773,3243,4996,988,617,82858,119474,49366,141584,2214,3282,310,1272,-5974,-13456,-9711,-23811,1029,1714,678,-655,1029,1714,678,0,0,0,0,655,True,True,True,True,True,True,True,True,True,True,True,False,48504,54603,29486,119420,106065,149221,56447,179795,6226.4,4092.6,2797.8,6750.0,6226.6,4093.0,2797.6,6748.8,6266.2,4098.6,2798.2,6770.4,-0.6820831302062236,2025-08-08,-0.3798775855151426,False,2766,9844,7078
2025-08-08,IC2509,IF2509,IH2509,IM2509,20,20,20,20,54794,62921,38111,135690,-16862,-15384,-5417,-29242,73501,100571,37686,111704,-3052,-4993,-1769,-5948,79399,113914,47404,135523,-3459,-5560,-1954,-6061,-5898,-13343,-9718,-23819,407,567,185,113,407,567,185,113,0,0,0,0,False,False,False,False,False,False,False,False,True,True,True,True,37017,42805,25210,98835,101969,142247,54184,173187,6227.0,4083.2,2785.4,6735.0,6232.0,4087.4,2789.2,6742.8,6226.6,4093.0,2797.6,6748.8,-0.3798775855151426,2025-08-11,1.9649008551988922,True,1272,-15762,-17034
2025-08-11,IC2509,IF2509,IH2509,IM2509,20,20,20,20,71957,88360,46630,172323,17932,25477,8753,37919,78435,108362,41370,122723,5137,8267,3754,11368,85058,121733,51998,149101,5852,7819,4638,13948,-6623,-13371,-10628,-26378,-715,448,-884,-2580,0,448,0,0,715,0,884,2580,True,True,True,True,True,True,True,True,False,True,False,False,48225,60577,30720,124872,108767,151777,59127,189312,6298.8,4104.8,2789.4,6851.2,6309.6,4110.2,2792.6,6862.4,6232.0,4087.4,2789.2,6742.8,1.9649008551988922,2025-08-12,1.242951147565785,True,-3731,28526,32257
2025-08-12,IC2509,IF2509,IH2509,IM2509,20,20,20,20,64400,89304,55232,146835,-6174,944,9215,-25400,75304,105174,41446,116859,-2972,-2979,76,-5810,82334,118925,52169,142717,-2715,-2507,416,-6384,-7030,-13751,-10723,-25858,-257,-472,-340,574,0,0,0,574,257,472,340,0,False,False,True,False,False,False,True,False,False,False,False,True,42560,61270,36458,104433,106131,149241,59544,182508,6342.6,4131.2,2809.6,6883.6,6338.8,4128.6,2809.0,6879.8,6309.6,4110.2,2792.6,6862.4,1.242951147565785,2025-08-13,3.6150078857806855,True,-495,-11685,-11190
2025-08-13,IC2509,IF2509,IH2509,IM2509,20,20,20,20,85955,109788,60941,189870,22231,20484,6436,43870,83940,113581,45868,134059,9236,8407,4422,17268,92240,127712,56597,160982,10196,8854,4674,18310,-8300,-14131,-10729,-26923,-960,-447,-252,-1042,0,0,0,0,960,447,252,1042,True,True,True,True,True,True,True,True,False,False,False,False,57282,74450,41254,138415,118359,160310,64688,204738,6451.8,4170.8,2818.8,7001.8,6444.4,4164.6,2816.0,6995.4,6338.8,4128.6,2809.0,6879.8,3.6150078857806855,2025-08-14,-1.0751051472060902,False,-2701,39333,42034
2025-08-14,IC2509,IF2509,IH2509,IM2509,20,20,20,20,98496,136228,85646,222524,13064,27430,25703,34362,85631,121080,52249,134985,2323,7499,6750,1426,93007,132126,61817,158911,776,4414,5226,-2071,-7376,-11046,-9568,-23926,1547,3085,1524,3497,1547,3085,1524,3497,0,0,0,0,True,True,True,True,True,True,True,False,True,True,True,True,65643,93677,57784,159795,119381,167999,71741,203734,6380.2,4163.8,2829.6,6929.2,6396.2,4176.0,2836.8,6936.2,6444.4,4164.6,2816.0,6995.4,-1.0751051472060902,2025-08-15,2.614125021257996,True,9653,17998,8345
2025-08-15,IC2509,IF2509,IH2509,IM2509,20,20,20,20,115937,132954,80603,225586,18828,-2543,-3891,4311,96073,118389,50853,144309,10818,-2226,-1074,10498,104457,131746,62135,169402,11450,-278,318,10657,-8384,-13357,-11282,-25093,-632,-1948,-1392,-159,0,0,0,0,632,1948,1392,159,True,False,False,True,True,False,True,True,False,False,False,False,77380,90646,52795,163237,133486,166989,71335,218372,6531.0,4209.4,2846.4,7086.2,6524.4,4203.2,2846.2,7072.6,6396.2,4176.0,2836.8,6936.2,2.614125021257996,2025-08-18,2.84032167688677,True,-4131,18016,22147
2025-08-18,IC2509,IF2509,IH2509,IM2509,20,20,20,20,126337,147803,80000,263515,10930,16135,246,38262,92564,120991,54146,148141,-3110,2820,3512,4266,100605,134064,65834,171915,-3852,3060,3838,2564,-8041,-13073,-11688,-23774,742,-240,-326,1702,742,0,0,1702,0,240,326,0,False,True,True,True,False,True,True,True,True,False,False,True,83689,99705,52884,187694,129184,168841,74907,220587,6608.0,4237.8,2848.4,7184.4,6608.4,4237.4,2849.2,7179.8,6524.4,4203.2,2846.2,7072.6,2.84032167688677,2025-08-19,-0.17113038139821013,False,1878,7488,5610
2025-08-19,IC2509,IF2509,IH2509,IM2509,20,20,20,20,97059,110015,64569,214952,-29118,-37116,-15153,-43175,88830,110300,49296,141108,-3666,-10032,-4850,-6704,95954,122373,60352,162682,-4461,-11278,-5212,-9233,-7124,-12073,-11056,-21574,795,1246,362,2529,795,1246,362,2529,0,0,0,0,False,False,False,False,False,False,False,False,True,True,True,True,64150,73558,42683,152295,123458,154897,69286,209342,6600.0,4216.2,2815.4,7177.4,6602.8,4221.0,2820.8,7187.4,6608.4,4237.4,2849.2,7179.8,-0.17113038139821013,2025-08-20,0.22715567274209647,True,4932,-25252,-30184
2025-08-20,IC2509,IF2509,IH2509,IM2509,20,20,20,20,115102,132507,69050,270312,18904,22628,5369,56309,93177,116269,52566,147969,4676,6030,3270,7483,98758,126396,63011,168414,2942,4023,2752,6353,-5581,-10127,-10445,-20445,1734,2007,518,1130,1734,2007,518,1130,0,0,0,0,True,True,True,True,True,True,True,True,True,True,True,True,77339,90137,45450,196109,127360,159194,72434,217300,6695.2,4270.0,2851.2,7276.0,6660.4,4254.0,2841.4,7233.6,6602.8,4221.0,2820.8,7187.4,0.22715567274209647,2025-08-21,-0.4670872241290147,False,5389,21459,16070
2025-08-21,IC2509,IF2509,IH2509,IM2509,20,20,20,20,116386,124145,63910,267860,1498,-8020,-4460,-704,89450,110119,49548,140978,-3664,-6150,-3018,-5701,94326,119288,58701,160842,-4288,-7108,-3903,-7572,-4876,-9169,-9153,-19864,624,958,885,1871,624,958,885,1871,0,0,0,0,False,False,False,False,False,False,False,False,True,True,True,True,75992,83303,42132,190536,121846,151396,68095,206583,6656.4,4282.2,2865.4,7202.2,6644.0,4277.8,2862.0,7187.2,6660.4,4254.0,2841.4,7233.6,-0.4670872241290147,2025-08-22,3.3550763445541865,True,4338,-18533,-22871
2025-08-22,IC2509,IF2509,IH2509,IM2509,20,20,20,20,122601,139093,78460,262828,7863,15954,15278,-4620,90366,116841,55814,140433,1613,6722,6510,-479,96671,128826,65790,162474,2784,9538,7325,1748,-6305,-11985,-9976,-22041,-1171,-2816,-815,-2227,0,0,0,0,1171,2816,815,2227,True,True,True,False,True,True,True,True,False,False,False,False,81929,94570,51918,186931,124020,161198,76176,207428,6810.4,4394.0,2942.0,7348.6,6787.2,4374.4,2929.4,7319.6,6644.0,4277.8,2862.0,7187.2,3.3550763445541865,2025-08-25,2.9986393543456558,True,-7029,14366,21395
2025-08-25,IC2509,IF2509,IH2509,IM2509,20,20,20,20,140802,173195,92623,285949,18410,34913,14896,24215,93944,119075,57321,139287,3578,2234,1555,-472,100004,132156,67880,162182,3406,3493,2090,296,-6060,-13081,-10559,-22895,172,-1259,-535,-768,172,0,0,0,0,1259,535,768,True,True,True,False,True,True,True,True,True,False,False,False,93555,118828,61498,202867,127766,165246,78193,207228,6909.6,4474.6,2992.0,7412.2,6904.0,4458.4,2983.6,7423.0,6787.2,4374.4,2929.4,7319.6,2.9986393543456558,2025-08-26,-0.7549792073080153,False,-2390,6895,9285
2025-08-26,IC2509,IF2509,IH2509,IM2509,20,20,20,20,114808,131414,63048,228173,-24695,-41349,-29530,-54750,85251,109200,51223,129779,-8057,-9875,-6098,-8837,92132,121215,61690,151948,-7556,-10909,-6121,-9957,-6881,-12015,-10467,-22169,-501,1034,23,1120,0,1034,23,1120,501,0,0,0,False,False,False,False,False,False,False,False,False,True,True,True,75616,87160,41497,160158,117469,151718,70566,195804,6916.4,4449.0,2970.8,7415.4,6942.4,4460.2,2975.0,7442.0,6904.0,4458.4,2983.6,7423.0,-0.7549792073080153,2025-08-27,-0.6903392618147319,False,1676,-32867,-34543
2025-08-27,IC2509,IF2509,IH2509,IM2509,20,20,20,20,160494,166626,77675,295232,46867,35775,14717,68528,95401,113537,50996,135286,10306,4337,-199,5560,101230,124619,60738,156475,9524,3404,-772,4527,-5829,-11082,-9742,-21189,782,933,573,1033,782,933,573,1033,0,0,0,0,True,True,False,True,True,True,False,True,True,True,True,True,109151,113283,51558,213890,130217,155760,69611,202540,6837.8,4384.0,2920.2,7287.2,6897.6,4416.0,2937.2,7356.2,6942.4,4460.2,2975.0,7442.0,-0.6903392618147319,2025-08-28,3.8179347826087007,True,3321,20004,16683
2025-08-28,IC2509,IF2509,IH2509,IM2509,20,20,20,20,170222,185459,81939,335148,9914,19116,4574,41153,91614,113481,50627,139571,-2624,-56,-355,4505,98145,123172,58639,161029,-3085,-1447,-2044,4554,-6531,-9691,-8012,-21458,461,1391,1689,-49,461,1391,1689,0,0,0,0,49,False,False,False,True,False,False,False,True,True,True,True,False,114593,126057,54033,244649,126262,154101,67920,206940,6967.0,4460.4,2959.8,7363.2,6920.4,4436.6,2945.0,7322.4,6897.6,4416.0,2937.2,7356.2,3.8179347826087007,2025-08-29,2.226961944276429,True,3492,1470,-2022
2025-08-29,IC2509,IF2509,IH2509,IM2509,20,20,20,20,156273,188181,82939,301233,-13663,4359,1969,-31591,91070,112302,47853,127643,98,-1179,-2765,-11420,96128,121469,55406,146743,-1617,-1703,-2961,-14204,-5058,-9167,-7553,-19100,1715,524,196,2784,1715,524,196,2784,0,0,0,0,True,False,False,False,False,False,False,False,True,True,True,True,102806,126040,54556,214055,123989,151201,64926,189297,6996.8,4506.2,2980.0,7366.6,6983.4,4502.6,2978.6,7353.8,6920.4,4436.6,2945.0,7322.4,2.226961944276429,2025-09-01,2.29193842491513,True,5219,-15266,-20485
2025-09-01,IC2509,IF2509,IH2509,IM2509,20,20,20,20,118768,144095,56111,234928,-36668,-42657,-26407,-65082,81865,100440,41052,121149,-9172,-11862,-6772,-6410,87644,109753,48681,140122,-7596,-11716,-6565,-6594,-5779,-9313,-7629,-18973,-1576,-146,-207,184,0,0,0,184,1576,146,207,0,False,False,False,False,False,False,False,False,False,False,False,True,76930,94140,36560,163079,112621,137802,56803,180779,7014.8,4510.6,2979.6,7380.6,7022.8,4513.8,2982.4,7387.8,6983.4,4502.6,2978.6,7353.8,2.29193842491513,2025-09-02,-2.8463960870932947,False,-1745,-34216,-32471
2025-09-02,IC2509,IF2509,IH2509,IM2509,20,20,20,20,157545,182122,78924,306666,39711,38203,22988,73531,93253,109237,49371,131626,11812,8797,8570,11178,96538,117317,56240,149016,9218,7564,7586,9065,-3285,-8080,-6869,-17390,2594,1233,984,2113,2594,1233,984,2113,0,0,0,0,True,True,True,True,True,True,True,True,True,True,True,True,105870,122523,53059,218061,124446,146527,66245,193312,6896.2,4481.2,2992.8,7251.4,6878.0,4472.8,2987.6,7230.8,7022.8,4513.8,2982.4,7387.8,-2.8463960870932947,2025-09-03,0.945261853200674,True,6924,40357,33433
2025-09-03,IC2509,IF2509,IH2509,IM2509,20,20,20,20,150115,181219,82765,298832,-5967,-671,4526,-4642,86005,102397,44987,130548,-7196,-6746,-3847,-959,88862,109022,51124,146596,-6732,-8108,-5082,-2361,-2857,-6625,-6137,-16048,-464,1362,1235,1402,0,1362,1235,1402,464,0,0,0,False,False,False,False,False,False,False,False,False,True,True,True,100697,120700,55677,213250,116185,137484,59664,190793,6788.8,4430.0,2949.0,7142.6,6812.0,4432.8,2944.2,7161.4,6878.0,4472.8,2987.6,7230.8,0.945261853200674,2025-09-04,-4.246439743806407,False,3535,-18748,-22283
2025-09-04,IC2509,IF2509,IH2509,IM2509,20,20,20,20,172071,200312,99616,334682,22898,19997,17474,37725,95155,108790,49351,131071,9237,7768,5117,730,96999,115532,54614,146071,8241,6566,3624,-525,-1844,-6742,-5263,-15000,996,1202,1493,1255,996,1202,1493,1255,0,0,0,0,True,True,True,True,True,True,True,False,True,True,True,True,113276,133914,65727,239398,125882,144443,63707,189144,6647.0,4349.4,2899.8,7003.0,6607.2,4334.2,2893.4,6974.2,6812.0,4432.8,2944.2,7161.4,-4.246439743806407,2025-09-05,6.553084196307957,True,4946,22852,17906
2025-09-05,IC2509,IF2509,IH2509,IM2509,20,20,20,20,145465,146938,63925,263191,-24878,-52633,-34940,-69175,84781,93820,40774,118618,-10135,-14788,-8486,-12248,86843,101137,45925,133944,-9438,-14383,-8627,-11692,-2062,-7317,-5151,-15326,-697,-405,141,-556,0,0,141,0,697,405,0,556,False,False,False,False,False,False,False,False,False,False,True,False,97724,98192,41445,183966,113160,126309,53570,171258,6898.6,4456.6,2940.8,7226.0,6876.8,4450.6,2939.2,7206.2,6607.2,4334.2,2893.4,6974.2,6.553084196307957,2025-09-08,-0.8427479058069398,False,-1517,-45657,-44140
2025-09-08,IC2509,IF2509,IH2509,IM2509,20,20,20,20,124496,129929,50643,223019,-20848,-16170,-13196,-38580,83613,93220,38351,107342,-1074,-456,-2419,-11276,86118,99042,43231,122113,-261,-1836,-2694,-11831,-2505,-5822,-4880,-14771,-813,1380,275,555,0,1380,275,555,813,0,0,0,False,False,False,False,False,False,False,False,False,True,True,True,80662,83936,32137,153548,111009,122548,50426,159428,6920.8,4453.0,2936.6,7236.0,6925.6,4457.0,2938.6,7248.0,6876.8,4450.6,2939.2,7206.2,-0.8427479058069398,2025-09-09,-2.2255177703912166,False,1397,-15225,-16622
2025-09-09,IC2509,IF2509,IH2509,IM2509,20,20,20,20,116531,110651,49782,216685,-7569,-19055,-344,-6095,77996,85082,36368,106694,-5617,-8104,-1528,-291,81173,90091,40950,120503,-4823,-8488,-2281,-1300,-3177,-5009,-4582,-13809,-794,384,753,1009,0,384,753,1009,794,0,0,0,False,False,False,False,False,False,False,False,False,True,True,True,75927,73565,32243,150382,104281,112541,48414,155328,6872.8,4426.2,2925.4,7165.8,6866.8,4420.8,2922.0,7153.4,6925.6,4457.0,2938.6,7248.0,-2.2255177703912166,2025-09-10,1.2657036161466184,True,1352,-15540,-16892
2025-09-10,IC2509,IF2509,IH2509,IM2509,20,20,20,20,115485,116608,50654,231385,-996,6128,1037,16913,79465,87291,36836,107500,1469,2209,511,806,82797,91364,40821,118780,1768,1431,8,-1723,-3332,-4073,-3985,-11280,-299,778,503,2529,0,778,503,2529,299,0,0,0,True,True,True,True,True,True,True,False,False,True,True,True,75803,76988,33015,161976,105294,113485,48255,154502,6863.4,4432.4,2937.8,7151.0,6887.8,4444.6,2944.2,7176.6,6866.8,4420.8,2922.0,7153.4,1.2657036161466184,2025-09-11,5.146904385611539,True,3511,4995,1484
2025-09-11,IC2509,IF2509,IH2509,IM2509,20,20,20,20,154393,145411,65231,260717,39694,29359,15041,30583,78672,88546,39133,104987,35,1483,2521,-1706,83870,92878,42870,114005,1073,1514,2049,-4775,-5198,-4332,-3737,-9018,-1038,-31,472,3069,0,0,472,3069,1038,31,0,0,True,True,True,False,True,True,True,False,False,False,True,True,103556,96412,42028,181199,105917,115085,50570,147845,7124.6,4562.0,2990.2,7387.8,7097.8,4542.8,2981.4,7365.6,6887.8,4444.6,2944.2,7176.6,5.146904385611539,2025-09-12,-1.091444944740072,False,2472,2333,-139
2025-09-12,IC2509,IF2509,IH2509,IM2509,20,20,20,20,131817,130846,58674,196772,-22397,-14189,-5846,-62117,73874,79743,33266,96265,-4742,-8803,-5867,-8606,77953,84020,37653,103979,-5581,-8395,-5106,-10026,-4079,-4277,-4387,-7714,839,-408,-761,1420,839,0,0,1420,0,408,761,0,False,False,False,False,False,False,False,False,True,False,False,True,86462,83488,36849,134399,98187,103677,44308,135337,7140.0,4523.2,2968.6,7392.8,7152.4,4525.8,2969.8,7400.8,7097.8,4542.8,2981.4,7365.6,-1.091444944740072,2025-09-15,1.5150210897822092,True,1090,-28018,-29108
2025-09-15,IC2509,IF2509,IH2509,IM2509,20,20,20,20,106449,114481,50307,160538,-25240,-16365,-6952,-35416,59164,65832,28944,82247,-14430,-13634,-3999,-13879,62344,69979,33058,89559,-15128,-13985,-4469,-14420,-3180,-4147,-4114,-7312,698,351,470,541,698,351,470,541,0,0,0,0,False,False,False,False,False,False,False,False,True,True,True,True,67687,73627,31164,107983,78004,86544,38868,116294,7114.2,4527.8,2962.4,7368.6,7125.8,4528.0,2961.2,7386.4,7152.4,4525.8,2969.8,7400.8,1.5150210897822092,2025-09-16,0.6803253559804157,True,2060,-45942,-48002
2025-09-16,IC2509,IF2509,IH2509,IM2509,20,20,20,20,111424,118798,48582,188720,5426,4705,-326,28419,60122,62659,25084,83625,1026,-3102,-3837,1378,62804,64741,27549,87444,1002,-5049,-5509,-2055,-2682,-2082,-2465,-3819,24,1947,1672,3433,24,1947,1672,3433,0,0,0,0,True,False,False,True,True,False,False,False,True,True,True,True,72243,76486,31154,130773,76600,79227,33235,112626,7165.2,4516.8,2950.6,7462.0,7162.0,4517.0,2950.4,7454.0,7125.8,4528.0,2961.2,7386.4,0.6803253559804157,2025-09-17,1.9536513942158162,True,7076,-4535,-11611
2025-09-17,IC2509,IF2509,IH2509,IM2509,20,20,20,20,104889,116676,47580,180965,-6326,-42,-910,-7245,44423,49669,21819,68036,-15420,-12990,-3214,-15206,46490,50959,23811,69875,-16314,-13237,-2452,-17569,-2067,-1290,-1992,-1839,894,247,-762,2363,894,247,0,2363,0,0,762,0,False,False,False,False,False,False,False,False,True,True,False,True,67086,72782,29648,122397,56442,61553,28332,89169,7252.4,4553.2,2956.2,7547.0,7244.2,4548.4,2953.6,7544.2,7162.0,4517.0,2950.4,7454.0,1.9536513942158162,2025-09-18,-1.6362972024083766,False,2742,-46830,-49572
2025-09-18,IC2512,IF2512,IH2512,IM2512,20,20,20,20,146052,136256,64073,265992,61463,50833,29644,126017,92825,108984,45367,128495,16234,15063,9344,25867,103696,123810,56428,151515,14827,13662,8956,24272,-10871,-14826,-11061,-23020,1407,1401,388,1595,1407,1401,388,1595,0,0,0,0,True,True,True,True,True,True,True,True,True,True,True,True,101129,95637,43865,197746,130507,152375,63340,190972,6985.4,4448.2,2912.4,7213.4,6960.2,4440.0,2903.4,7206.2,7068.6,4514.6,2952.8,7324.0,-1.6362972024083766,2025-09-19,-0.15666133695108053,False,4791,66508,61717
2025-09-19,IC2512,IF2512,IH2512,IM2512,20,20,20,20,135425,121833,45484,241837,-8363,-12853,-18251,-19698,93939,109488,42769,130040,1383,620,-2598,1850,103983,122905,53734,153114,527,-408,-2646,1599,-10044,-13417,-10965,-23074,856,1028,48,251,856,1028,48,251,0,0,0,0,True,True,False,True,True,False,False,True,True,True,True,True,90167,80743,29901,172454,131765,151383,60756,193659,6984.0,4464.4,2913.4,7190.8,6999.0,4470.4,2917.4,7202.2,6960.2,4440.0,2903.4,7206.2,-0.15666133695108053,2025-09-22,0.546425105143955,True,2183,1255,-928
2025-09-22,IC2512,IF2512,IH2512,IM2512,20,20,20,20,105126,100108,46631,191681,-29357,-20213,1565,-48680,91469,107068,44838,123680,-2149,-2420,2069,-6283,101059,121179,55821,146435,-2699,-1427,2105,-6679,-9590,-14111,-10983,-22755,550,-993,-36,396,550,0,0,396,0,993,36,0,False,False,True,False,False,False,True,False,True,False,False,True,67975,65934,30635,134489,128272,149528,63298,186980,7013.2,4484.0,2923.0,7230.2,6995.0,4472.4,2917.4,7211.0,6999.0,4470.4,2917.4,7202.2,0.546425105143955,2025-09-23,0.21429329866888835,True,-83,-8783,-8700
2025-09-23,IC2512,IF2512,IH2512,IM2512,20,20,20,20,159311,148628,63806,280548,54824,49568,17311,91312,99066,116257,45272,139593,8431,9849,541,15913,109225,129328,55579,162526,8382,10177,-151,16091,-10159,-13071,-10307,-22933,49,-328,692,-178,49,0,692,0,0,328,0,178,True,True,True,True,True,True,False,True,True,False,True,False,107027,101402,42588,203839,138800,159890,63912,206634,6940.6,4483.8,2925.0,7127.0,6888.2,4454.6,2912.4,7075.8,6995.0,4472.4,2917.4,7211.0,0.21429329866888835,2025-09-24,2.280265206851717,True,235,34734,34499
2025-09-24,IC2512,IF2512,IH2512,IM2512,20,20,20,20,151710,129459,55463,258427,-7537,-18446,-7216,-19075,94788,108368,44873,127601,-2899,-7342,-297,-11799,107430,123527,56263,151360,-1732,-5755,806,-11166,-12642,-15159,-11390,-23759,-1167,-1587,-1103,-633,0,0,0,0,1167,1587,1103,633,False,False,False,False,False,False,True,False,False,False,False,False,103608,86527,37457,185454,136396,151864,63540,192420,7157.0,4530.0,2939.8,7303.2,7135.8,4522.6,2938.2,7288.4,6888.2,4454.6,2912.4,7075.8,2.280265206851717,2025-09-25,1.575542210656189,True,-4490,-22337,-17847
2025-09-25,IC2512,IF2512,IH2512,IM2512,20,20,20,20,113331,118603,47642,192497,-37203,-10144,-5847,-64709,93089,110670,42435,121438,-956,2440,-2400,-6080,104769,127405,54118,144714,-2648,3878,-2110,-6646,-11680,-16735,-11683,-23276,1692,-1438,-290,566,1692,0,0,566,0,1438,290,0,False,True,False,False,False,True,False,False,True,False,False,True,76629,80775,31803,135475,132726,154619,61185,183767,7166.6,4562.2,2953.6,7281.8,7185.4,4572.4,2958.4,7290.8,7135.8,4522.6,2938.2,7288.4,1.575542210656189,2025-09-26,-2.6030978811778405,False,530,-6996,-7526
2025-09-26,IC2512,IF2512,IH2512,IM2512,20,20,20,20,122602,106882,43671,218143,9676,-11242,-3570,27365,95731,107460,42839,128370,3162,-2915,427,7177,107261,124688,54329,151931,2546,-2249,433,7217,-11530,-17228,-11490,-23561,616,-666,-6,-40,616,0,0,0,0,666,6,40,True,False,True,True,True,False,True,True,True,False,False,False,82089,71448,29241,155277,135754,150988,61526,192544,7080.0,4525.0,2944.4,7189.2,7097.6,4535.2,2949.8,7193.4,7185.4,4572.4,2958.4,7290.8,-2.6030978811778405,2025-09-29,2.7440639943138834,True,-96,7851,7947
2025-09-29,IC2512,IF2512,IH2512,IM2512,20,20,20,20,136580,145815,77518,250080,14935,39313,34246,34297,94915,117615,51297,129142,-84,10871,8533,1028,107681,136931,63216,152789,472,12659,8950,858,-12766,-19316,-11919,-23647,-556,-1788,-417,170,0,0,0,170,556,1788,417,0,False,True,True,True,True,True,True,True,False,False,False,True,91906,97301,51950,178532,135897,165254,71918,191754,7232.2,4604.6,2976.0,7337.4,7210.6,4608.8,2985.4,7316.8,7097.6,4535.2,2949.8,7193.4,2.7440639943138834,2025-09-30,0.004632474884247451,True,-2591,20348,22939
2025-09-30,IC2512,IF2512,IH2512,IM2512,20,20,20,20,106961,95540,44694,188848,-28409,-50142,-32102,-60661,92273,108517,44606,123497,-2560,-8751,-6657,-5387,104604,126638,55971,145728,-3066,-9602,-7183,-7061,-12331,-18121,-11365,-22231,506,851,526,1674,506,851,526,1674,0,0,0,0,False,False,False,False,False,False,False,False,True,True,True,True,71590,63292,29276,135231,131766,153795,63473,183522,7290.4,4618.0,2989.0,7406.2,7288.8,4621.2,2988.6,7408.4,7210.6,4608.8,2985.4,7316.8,0.004632474884247451,2025-10-09,0.7306618573510892,True,3557,-23355,-26912
2025-10-09,IC2512,IF2512,IH2512,IM2512,20,20,20,20,132962,117744,53386,186923,27230,23172,8809,-655,100059,116547,47226,122652,8603,8033,2620,-728,113372,134296,58954,145419,9332,7756,3066,-309,-13313,-17749,-11728,-22767,-729,277,-446,-419,0,277,0,0,729,0,446,419,True,True,True,False,True,True,True,False,False,True,False,False,88806,78704,36012,131436,143814,163300,66848,182161,7415.8,4689.2,3026.0,7449.6,7432.8,4694.4,3024.2,7467.8,7288.8,4621.2,2988.6,7408.4,0.7306618573510892,2025-10-10,-4.554512511420006,False,-1317,18528,19845
2025-10-10,IC2512,IF2512,IH2512,IM2512,20,20,20,20,145884,142622,65106,200990,16917,25058,12353,14375,97381,116052,46830,122756,-1405,-275,-258,614,108994,131933,59576,145392,-4329,-2363,622,-27,-11613,-15881,-12746,-22636,2924,2088,-880,641,2924,2088,0,641,0,0,880,0,False,False,False,True,False,False,True,False,True,True,False,True,99771,96227,43708,140881,140200,162971,67688,183267,7266.0,4592.2,2975.8,7340.4,7272.6,4593.2,2973.2,7346.4,7432.8,4694.4,3024.2,7467.8,-4.554512511420006,2025-10-13,-1.1081631473118247,False,4773,-1324,-6097
2025-10-13,IC2512,IF2512,IH2512,IM2512,20,20,20,20,148779,145684,66686,235368,3752,3807,2016,35968,99739,116387,45948,128655,2731,546,-715,6340,111350,132207,57853,149998,2367,771,-1500,4606,-11611,-15820,-11905,-21343,364,-225,785,1734,364,0,785,1734,0,225,0,0,True,True,False,True,True,True,False,True,True,False,True,True,101843,97200,44552,169889,143038,163856,65965,190790,7231.0,4562.6,2961.6,7305.8,7221.4,4559.4,2961.2,7303.8,7272.6,4593.2,2973.2,7346.4,-1.1081631473118247,2025-10-14,-3.98796918239811,False,2658,8902,6244
2025-10-14,IC2512,IF2512,IH2512,IM2512,20,20,20,20,192362,161178,72507,279281,44485,16824,6907,45796,107106,116882,45993,132616,7367,976,45,4732,117635,130550,56388,151699,6525,-1587,857,2154,-10529,-13668,-10395,-19083,842,2563,-812,2578,842,2563,0,2578,0,0,812,0,True,True,True,True,True,False,True,True,True,True,False,True,131717,107698,48584,200096,151940,162441,65281,194043,7010.0,4507.2,2958.4,7145.8,7018.6,4499.2,2953.0,7148.6,7221.4,4559.4,2961.2,7303.8,-3.98796918239811,2025-10-15,2.3643597047341203,True,5171,13120,7949
2025-10-15,IC2512,IF2512,IH2512,IM2512,20,20,20,20,154291,128117,62694,253294,-37699,-32881,-9771,-24269,97671,114021,44209,128527,-9435,-1741,-1585,-3945,109548,128490,55572,149172,-7929,-1947,-615,-2526,-11877,-14469,-11363,-20645,-1506,206,-970,-1419,0,206,0,0,1506,0,970,1419,False,False,False,False,False,False,False,False,False,True,False,False,105607,86223,41717,178569,141518,160428,63594,191595,7140.2,4576.4,2997.4,7275.2,7134.4,4572.6,2995.0,7273.8,7018.6,4499.2,2953.0,7148.6,2.3643597047341203,2025-10-16,0.3823693681486606,True,-3689,-16706,-13017
2025-10-16,IC2512,IF2512,IH2512,IM2512,20,20,20,20,131255,129175,69729,216597,-22576,1844,7493,-35914,96354,116147,49013,125398,-1317,2619,4963,-2904,107568,130031,60826,143198,-1980,1694,5262,-5942,-11214,-13884,-11813,-17800,663,925,-299,3038,663,925,0,3038,0,0,299,0,False,True,True,False,False,True,True,False,True,True,False,True,88010,87781,47257,153865,138071,161774,69593,185185,7062.0,4590.0,3019.0,7205.0,7046.6,4585.8,3017.4,7190.6,7134.4,4572.6,2995.0,7273.8,0.3823693681486606,2025-10-17,-3.360395596291621,False,4327,3361,-966
2025-10-17,IC2512,IF2512,IH2512,IM2512,20,20,20,20,143685,147845,83927,246036,13486,19385,14575,29494,98852,116512,47325,136240,2771,1757,-1637,10842,108737,129890,58495,155520,1169,-141,-2015,12322,-9885,-13378,-11170,-19280,1602,1898,378,-1480,1602,1898,378,0,0,0,0,1480,True,True,False,True,True,False,False,True,True,True,True,False,97770,99982,56818,173725,140473,163234,67502,199348,6863.2,4485.2,2963.0,7020.8,6865.0,4484.6,2961.6,7024.2,7046.6,4585.8,3017.4,7190.6,-3.360395596291621,2025-10-20,1.9786262038516522,True,2398,13733,11335
2025-10-20,IC2512,IF2512,IH2512,IM2512,20,20,20,20,121672,106449,51832,204065,-21902,-40152,-31439,-40897,94769,111736,41790,129310,-4083,-4609,-5212,-6189,105043,125446,52682,147924,-3694,-3739,-5738,-7382,-10274,-13710,-10892,-18614,-389,-870,526,1193,0,0,526,1193,389,870,0,0,False,False,False,False,False,False,False,False,False,False,True,True,81712,71457,34271,143577,135493,156399,60464,189654,6909.2,4506.8,2970.4,7059.2,6908.8,4504.2,2969.6,7053.4,6865.0,4484.6,2961.6,7024.2,1.9786262038516522,2025-10-21,3.0155840251215205,True,460,-20093,-20553
2025-10-21,IC2512,IF2512,IH2512,IM2512,20,20,20,20,133331,111762,51294,215072,12588,5600,27,11764,97017,113397,43658,129957,2248,2829,1902,1155,109515,126793,53990,149693,4472,1557,1475,2097,-12498,-13396,-10332,-19736,-2224,1272,427,-942,0,1272,427,0,2224,0,0,942,True,True,True,True,True,True,True,True,False,True,True,False,89215,77133,35150,151318,139981,157558,62330,190486,7052.8,4577.6,3004.8,7182.8,7067.8,4584.6,3007.4,7199.4,6908.8,4504.2,2969.6,7053.4,3.0155840251215205,2025-10-22,-0.7912521240579395,False,-1467,8134,9601
2025-10-22,IC2512,IF2512,IH2512,IM2512,20,20,20,20,102867,97031,46107,170383,-29290,-13397,-5181,-40839,90595,108828,42105,120433,-6191,-4529,-1553,-9201,102406,121949,51897,140987,-7109,-4593,-1827,-8706,-11811,-13121,-9792,-20554,918,64,274,-495,918,64,274,0,0,0,0,495,False,False,False,False,False,False,False,False,True,True,True,False,68879,65140,31434,120919,131680,151558,59769,180451,7011.6,4563.4,3005.6,7163.2,7016.4,4566.2,3006.4,7165.2,7067.8,4584.6,3007.4,7199.4,-0.7912521240579395,2025-10-23,0.09283108664670525,True,761,-21474,-22235
2025-10-23,IC2512,IF2512,IH2512,IM2512,20,20,20,20,135680,122297,59018,237773,33044,26314,13938,68479,97125,116054,44760,136535,6796,7444,2655,16197,109842,129177,54900,156401,7436,7504,3132,15414,-12717,-13123,-10140,-19866,-640,-60,-477,783,0,0,0,783,640,60,477,0,True,True,True,True,True,True,True,True,False,False,False,True,92122,84087,40773,172781,140501,160208,63397,201566,7040.0,4580.8,3023.8,7179.0,6993.8,4566.8,3017.2,7125.6,7016.4,4566.2,3006.4,7165.2,0.09283108664670525,2025-10-24,3.5729681009483594,True,-394,33092,33486
2025-10-24,IC2512,IF2512,IH2512,IM2512,20,20,20,20,124530,110621,57010,206896,-10903,-10654,-1000,-29632,92573,110903,45087,122513,-3805,-4902,327,-13653,105279,124078,55511,142551,-4563,-4813,611,-13850,-12706,-13175,-10424,-20038,758,-89,-284,197,758,0,0,197,0,89,284,0,False,False,True,False,False,False,True,False,True,False,False,True,84722,74172,39423,147894,134444,153415,64619,183485,7159.8,4634.8,3048.6,7298.0,7129.2,4627.0,3044.4,7267.8,6993.8,4566.8,3017.2,7125.6,3.5729681009483594,2025-10-27,1.9826142888222487,True,582,-22033,-22615
2025-10-27,IC2512,IF2512,IH2512,IM2512,20,20,20,20,128341,105775,55235,192625,4735,-4171,-1760,-11914,96995,114394,45828,126088,5137,3608,746,3882,109954,127782,56382,145599,4902,3704,1130,3048,-12959,-13388,-10554,-19511,235,-96,-384,834,235,0,0,834,0,96,384,0,True,True,True,True,True,True,True,True,True,False,False,True,87202,71074,37476,137585,140233,157785,65887,187588,7254.4,4684.4,3066.8,7322.6,7259.4,4685.0,3067.8,7332.6,7129.2,4627.0,3044.4,7267.8,1.9826142888222487,2025-10-28,-0.15056655691075838,False,589,13373,12784
2025-10-28,IC2512,IF2512,IH2512,IM2512,20,20,20,20,121299,108004,52090,197639,-6785,3198,-2701,5934,92433,111565,44982,124595,-4158,-2754,-846,-1493,104596,125264,55300,143944,-5300,-2318,-1043,-1404,-12163,-13699,-10318,-19349,1142,-436,197,-89,1142,0,197,0,0,436,0,89,False,False,False,False,False,False,False,False,True,False,True,False,82049,72481,34831,141946,133968,155110,64286,186154,7231.0,4669.6,3051.6,7335.6,7236.8,4675.0,3053.0,7342.2,7259.4,4685.0,3067.8,7332.6,-0.15056655691075838,2025-10-29,2.9319601929662653,True,814,-9251,-10065
2025-10-29,IC2512,IF2512,IH2512,IM2512,20,20,20,20,126189,96146,43705,171253,5208,-11365,-8069,-25921,96142,113535,43030,120238,4388,1981,-1952,-4357,109423,126584,53703,138435,4920,1425,-1497,-4220,-13281,-13049,-10673,-18197,-532,556,-455,-137,0,556,0,0,532,0,455,137,True,True,False,False,True,True,False,False,False,True,False,False,88124,65655,30153,124145,140222,156239,62594,180653,7390.0,4732.6,3064.8,7446.4,7377.2,4722.4,3061.8,7432.2,7236.8,4675.0,3053.0,7342.2,2.9319601929662653,2025-10-30,-1.8425097841029747,False,-568,60,628
2025-10-30,IC2512,IF2512,IH2512,IM2512,20,20,20,20,156006,128160,61574,227023,30275,32645,18591,56022,99172,116956,47771,130214,3030,4151,4741,9976,109677,129222,57362,146966,412,2786,3835,8733,-10505,-12266,-9591,-16752,2618,1365,906,1243,2618,1365,906,1243,0,0,0,0,True,True,True,True,True,True,True,True,True,True,True,True,106213,87251,41888,162104,141423,160853,66853,190757,7299.0,4690.0,3045.0,7364.4,7307.2,4698.4,3049.8,7366.6,7377.2,4722.4,3061.8,7432.2,-1.8425097841029747,2025-10-31,-2.3135009898805348,False,6132,21898,15766
2025-10-31,IC2512,IF2512,IH2512,IM2512,20,20,20,20,136967,126537,59489,230976,-18623,-1012,-1851,5386,96725,116216,44905,126461,-2447,-731,-2866,-3188,107229,128929,54707,143792,-2391,126,-2511,-3092,-10504,-12713,-9802,-17331,-56,-857,-355,-96,0,0,0,0,56,857,355,96,False,False,False,False,False,True,False,False,False,False,False,False,92416,85956,40576,164443,138903,160463,63955,186908,7242.4,4631.4,3015.2,7368.2,7264.4,4636.6,3016.6,7397.2,7307.2,4698.4,3049.8,7366.6,-2.3135009898805348,2025-11-03,0.29301685003748634,True,-1364,-9232,-7868
2025-11-03,IC2512,IF2512,IH2512,IM2512,20,20,20,20,134739,106954,48831,214305,-1414,-18809,-10516,-16082,97274,114260,43058,125152,681,-1493,-1847,-1275,105490,125661,52772,141819,-1603,-3268,-1857,-1973,-8216,-11401,-9714,-16667,2284,1775,10,698,2284,1775,10,698,0,0,0,0,True,False,False,False,False,False,False,False,True,True,True,True,90896,72223,32564,149911,137332,157779,61533,185243,7239.6,4634.8,3016.6,7398.0,7233.4,4630.2,3013.6,7399.4,7264.4,4636.6,3016.6,7397.2,0.29301685003748634,2025-11-04,-1.963795837803839,False,4767,-3934,-8701
2025-11-04,IC2512,IF2512,IH2512,IM2512,20,20,20,20,134199,108367,48389,212569,-357,2795,25,179,95064,112513,42345,124773,-2011,-674,-657,78,103678,123253,51501,140151,-1522,-2203,-1271,-1668,-8614,-10740,-9156,-15378,-489,1529,614,1746,0,1529,614,1746,489,0,0,0,False,False,False,True,False,False,False,False,False,True,True,True,90041,74377,32632,150525,135390,155987,59901,184001,7094.6,4589.0,3008.2,7284.4,7069.2,4577.8,3003.0,7254.8,7233.4,4630.2,3013.6,7399.4,-1.963795837803839,2025-11-05,1.02549703422683,True,3400,-3264,-6664
2025-11-05,IC2512,IF2512,IH2512,IM2512,20,20,20,20,135843,108321,51692,224604,2171,1024,3401,12171,96465,112464,43379,129242,1809,360,1073,4619,104746,124266,52954,144799,1252,1013,1514,4648,-8281,-11802,-9575,-15557,557,-653,-441,-29,557,0,0,0,0,653,441,29,True,True,True,True,True,True,True,True,True,False,False,False,93164,73216,34881,159917,136756,156249,61875,189571,7108.0,4596.6,3002.6,7310.8,7126.0,4606.6,3010.0,7329.8,7069.2,4577.8,3003.0,7254.8,1.02549703422683,2025-11-06,1.844149035288023,True,-566,7861,8427
2025-11-06,IC2512,IF2512,IH2512,IM2512,20,20,20,20,126756,104783,50085,195923,-8951,-3369,-1138,-27492,93762,110682,44273,119867,-2600,-1767,939,-9323,103823,123501,53348,134648,-923,-765,436,-10151,-10061,-12819,-9075,-14781,-1677,-1002,503,828,0,0,503,828,1677,1002,0,0,False,False,True,False,False,False,True,False,False,False,True,True,85816,71116,34423,138409,134122,154733,61694,176903,7246.4,4670.8,3041.4,7405.0,7239.6,4671.2,3042.2,7401.8,7126.0,4606.6,3010.0,7329.8,1.844149035288023,2025-11-07,-0.5088971723799962,False,-1348,-12751,-11403
2025-11-07,IC2512,IF2512,IH2512,IM2512,20,20,20,20,102131,83175,37633,178823,-24297,-21435,-11390,-16247,87650,107038,40902,121965,-6013,-3195,-3371,2185,98142,120216,49636,136852,-5681,-3285,-3708,2204,-10492,-13178,-8734,-14887,-332,90,337,-19,0,90,337,0,332,0,0,19,False,False,False,True,False,False,False,True,False,True,True,False,68877,56412,25302,127587,127129,149916,57801,180439,7230.2,4659.4,3038.2,7412.0,7230.8,4659.0,3040.2,7411.6,7239.6,4671.2,3042.2,7401.8,-0.5088971723799962,2025-11-10,-0.9157754635762627,False,76,-10394,-10470
2025-11-10,IC2512,IF2512,IH2512,IM2512,20,20,20,20,112922,103143,44401,180864,11111,19968,6869,3763,92709,112259,44327,123313,5675,5253,3451,1371,102176,124623,53237,137352,4034,4407,3684,500,-9467,-12364,-8910,-14039,1641,846,-233,871,1641,846,0,871,0,0,233,0,True,True,True,True,True,True,True,True,True,True,False,True,76452,69883,30249,128195,132910,156162,61599,179090,7235.8,4672.0,3054.0,7421.0,7230.2,4666.2,3050.8,7412.4,7230.8,4659.0,3040.2,7411.6,-0.9157754635762627,2025-11-11,-1.400200702774279,False,3125,15750,12625
2025-11-11,IC2512,IF2512,IH2512,IM2512,20,20,20,20,103645,102217,49720,174069,-8457,-339,6010,-6526,88345,109352,42892,122374,-4079,-2907,-1435,-855,97022,120444,52220,135577,-4511,-3877,-923,-1775,-8677,-11092,-9328,-13203,432,970,-512,920,432,970,0,920,0,0,512,0,False,False,False,False,False,False,False,False,True,True,False,True,69626,70771,34254,122556,127025,151427,60887,179084,7173.0,4626.8,3033.0,7390.4,7185.0,4632.0,3032.6,7401.6,7230.2,4666.2,3050.8,7412.4,-1.400200702774279,2025-11-12,-0.39211056943770917,False,1810,-9276,-11086
2025-11-12,IC2512,IF2512,IH2512,IM2512,20,20,20,20,132723,114708,53180,222012,29268,13512,4594,48249,98685,113839,44996,132685,11825,4592,2104,10564,108946,125188,53542,146873,12132,4980,1484,11587,-10261,-11349,-8546,-14188,-307,-388,620,-1023,0,0,620,0,307,388,0,1023,True,True,True,True,True,True,True,True,False,False,True,False,90041,79009,36751,159312,141389,157009,62367,193160,7155.2,4628.0,3042.8,7369.8,7146.8,4628.0,3044.2,7355.6,7185.0,4632.0,3032.6,7401.6,-0.39211056943770917,2025-11-13,2.5534668148608386,True,-1098,29085,30183
2025-11-13,IC2512,IF2512,IH2512,IM2512,20,20,20,20,116326,101603,51975,196722,-16124,-12808,-615,-24898,89676,107673,43807,126764,-8355,-4944,-1093,-5868,100428,119409,53100,140564,-8518,-5515,-442,-6259,-10752,-11736,-9293,-13800,163,571,-651,391,163,571,0,391,0,0,651,0,False,False,False,False,False,False,False,False,True,True,False,True,80371,70414,34620,140471,129916,149415,61604,183744,7269.0,4677.0,3068.8,7478.4,7250.8,4673.2,3067.8,7462.8,7146.8,4628.0,3044.2,7355.6,2.5534668148608386,2025-11-14,-2.8184586554228064,False,474,-20260,-20734
2025-11-14,IC2512,IF2512,IH2512,IM2512,20,20,20,20,104923,97565,46637,172965,-10201,-3444,-4707,-22625,90952,109036,44985,125555,1554,1455,1187,-1121,100641,120185,54458,139613,398,776,1407,-951,-9689,-11149,-9473,-14058,1156,679,-220,-170,1156,679,0,0,0,0,220,170,True,True,True,False,True,True,True,False,True,True,False,False,71699,67288,32072,125074,130526,149958,62716,182376,7137.4,4600.4,3030.4,7372.0,7179.0,4622.4,3043.2,7413.8,7250.8,4673.2,3067.8,7462.8,-2.8184586554228064,2025-11-17,-0.20279542730058386,False,1445,3075,1630
2025-11-17,IC2512,IF2512,IH2512,IM2512,20,20,20,20,109161,103601,56345,179832,4408,6712,10150,7412,93773,111980,46134,128626,3337,2944,1359,3071,102641,122081,55344,142437,2141,1896,886,2824,-8868,-10101,-9210,-13811,1196,1048,473,247,1196,1048,473,247,0,0,0,0,True,True,True,True,True,True,True,True,True,True,True,True,73642,69751,37212,130158,133431,154108,64127,185984,7143.4,4581.4,3009.2,7394.4,7140.8,4573.8,3004.4,7402.8,7179.0,4622.4,3043.2,7413.8,-0.20279542730058386,2025-11-18,-1.1587015329125316,False,2964,10711,7747
2025-11-18,IC2512,IF2512,IH2512,IM2512,20,20,20,20,123669,113375,55305,201946,14908,9840,-46,22896,98706,115437,45023,131419,5079,3457,-989,2793,107333,126287,53778,144441,4692,4206,-1524,2004,-8627,-10850,-8755,-13022,387,-749,535,789,387,0,535,789,0,749,0,0,True,True,False,True,True,True,False,True,True,False,True,True,83267,76476,36656,142162,139697,158826,62985,189585,7079.8,4555.0,2997.6,7351.8,7056.4,4543.0,2994.4,7329.2,7140.8,4573.8,3004.4,7402.8,-1.1587015329125316,2025-11-19,0.24859736349951422,True,962,10340,9378
2025-11-19,IC2512,IF2512,IH2512,IM2512,20,20,20,20,124559,114567,53593,209901,2052,1225,-1050,8648,99902,113676,44318,140482,1405,-1761,-604,9063,110252,123335,52685,154521,2919,-2952,-1023,10718,-10350,-9659,-8367,-14039,-1514,1191,419,-1655,0,1191,419,0,1514,0,0,1655,True,False,False,True,True,False,False,True,False,True,True,False,83682,76820,36365,149890,141911,156324,61909,201080,7054.8,4565.2,3011.0,7298.2,7059.6,4570.8,3017.4,7298.8,7056.4,4543.0,2994.4,7329.2,0.24859736349951422,2025-11-20,-1.1216016380388938,False,-1559,8103,9662
2025-11-20,IC2512,IF2512,IH2512,IM2512,20,20,20,20,131852,124907,59183,199139,8348,11386,6027,-10315,109780,122749,47345,142372,10425,9073,3365,2289,119909,131122,55194,157631,9657,7787,2594,3110,-10129,-8373,-7849,-15259,768,1286,771,-821,768,1286,771,0,0,0,0,821,True,True,True,True,True,True,True,True,True,True,True,False,89650,83141,39268,140822,154013,165189,64984,205865,7000.0,4539.2,3002.6,7263.6,7006.2,4548.6,3005.8,7268.4,7059.6,4570.8,3017.4,7298.8,-1.1216016380388938,2025-11-21,-4.01861724856526,False,2004,25152,23148
2025-11-21,IC2512,IF2512,IH2512,IM2512,20,20,20,20,200297,169827,81301,310042,68729,45347,22351,111329,119831,130662,50060,175773,10508,8104,3119,33489,129891,139728,55878,191069,9990,9021,788,33438,-10060,-9066,-5818,-15296,518,-917,2331,51,518,0,2331,51,0,917,0,0,True,True,True,True,True,True,True,True,True,False,True,True,131128,112829,53598,215750,165935,176897,67165,244705,6770.0,4428.4,2946.4,7018.2,6790.2,4440.8,2950.2,7036.2,7006.2,4548.6,3005.8,7268.4,-4.01861724856526,2025-11-24,0.3068409084682644,True,1983,55220,53237
2025-11-24,IC2512,IF2512,IH2512,IM2512,20,20,20,20,140853,124443,51398,229145,-56253,-44573,-29298,-79476,108220,125380,45873,155836,-11452,-5149,-4032,-19937,117706,134357,51633,170195,-12185,-5371,-3985,-20455,-9486,-8977,-5760,-14359,733,222,-47,518,733,222,0,518,0,0,47,0,False,False,False,False,False,False,False,False,True,True,False,True,92262,82507,33894,160312,151377,168604,62014,220648,6827.6,4435.2,2944.4,7095.2,6842.0,4443.6,2948.8,7111.6,6790.2,4440.8,2950.2,7036.2,0.3068409084682644,2025-11-25,1.7715702073034079,True,1426,-40570,-41996
2025-11-25,IC2512,IF2512,IH2512,IM2512,20,20,20,20,141163,116693,48777,215976,347,-7680,-2109,-11092,110299,119448,44342,148979,2079,-5733,-1241,-6439,119974,128570,49705,165066,2525,-5418,-1817,-5050,-9675,-9122,-5363,-16087,-446,-315,576,-1389,0,0,576,0,446,315,0,1389,True,False,False,False,True,False,False,False,False,False,True,False,93552,77751,32610,152757,152439,160808,59535,211318,6900.0,4473.0,2959.2,7172.0,6909.4,4474.4,2960.4,7182.8,6842.0,4443.6,2948.8,7111.6,1.7715702073034079,2025-11-26,2.1389297970767496,True,-1574,-11334,-9760
2025-11-26,IC2512,IF2512,IH2512,IM2512,20,20,20,20,112146,106979,39922,180804,-28443,-9190,-8740,-33515,103339,115973,42894,141489,-6960,-3239,-1367,-7490,112546,124246,48010,157511,-7024,-4217,-1621,-7157,-9207,-8273,-5116,-16022,64,978,254,-333,64,978,254,0,0,0,0,333,False,False,False,False,False,False,False,False,True,True,True,False,74334,70583,26457,125795,143910,155905,58010,202891,6909.4,4493.0,2964.6,7176.2,6918.8,4497.4,2965.6,7184.6,6909.4,4474.4,2960.4,7182.8,2.1389297970767496,2025-11-27,-0.43978204677651567,False,963,-19056,-20019
2025-11-27,IC2512,IF2512,IH2512,IM2512,20,20,20,20,112783,108802,46930,183190,840,2034,7008,2727,104865,116537,45964,143548,1526,901,3070,2059,113911,124247,50995,158203,1365,341,3191,692,-9046,-7710,-5031,-14655,161,560,-121,1367,161,560,0,1367,0,0,121,0,True,True,True,True,True,True,True,True,True,True,False,True,76028,72122,30995,130117,145804,155679,61159,203626,6896.2,4492.6,2962.4,7179.0,6908.8,4499.4,2964.6,7192.4,6918.8,4497.4,2965.6,7184.6,-0.43978204677651567,2025-11-28,0.7023389304918748,True,1967,7556,5589
2025-11-28,IC2512,IF2512,IH2512,IM2512,20,20,20,20,107684,98421,40755,175144,-4733,-10055,-5037,-7532,100565,111477,42996,139713,-4018,-4847,-2766,-3756,109944,119466,48659,154462,-3967,-4644,-1497,-3627,-9379,-7989,-5663,-14749,-51,-203,-1269,-129,0,0,0,0,51,203,1269,129,False,False,False,False,False,False,False,False,False,False,False,False,72395,64947,27131,125415,139454,148801,57878,199411,6974.2,4505.8,2963.2,7260.8,6970.2,4506.8,2963.8,7249.8,6908.8,4499.4,2964.6,7192.4,0.7023389304918748,2025-12-01,1.3074143596093712,True,-1652,-15387,-13735
2025-12-01,IC2512,IF2512,IH2512,IM2512,20,20,20,20,99285,105468,49255,153882,-7950,7072,9584,-21235,96978,109884,44819,132149,-3501,-1464,1840,-7497,106066,116117,49922,146380,-3878,-3349,1569,-8082,-9088,-6233,-5103,-14231,377,1885,271,585,377,1885,271,585,0,0,0,0,False,False,True,False,False,False,True,False,True,True,True,True,64309,68600,32036,107661,134509,145600,59130,189019,7031.6,4555.4,2986.4,7290.0,7026.8,4550.2,2983.2,7286.0,6970.2,4506.8,2963.8,7249.8,1.3074143596093712,2025-12-02,-0.6903799514955455,False,3118,-10622,-13740
2025-12-02,IC2512,IF2512,IH2512,IM2512,20,20,20,20,82269,85431,38901,138413,-16130,-20037,-10243,-14590,92766,104319,40121,127518,-3958,-5565,-4471,-4599,100583,108965,44857,139554,-5483,-7152,-4910,-6179,-7817,-4646,-4736,-12036,1525,1587,439,1580,1525,1587,439,1580,0,0,0,0,False,False,False,False,False,False,False,False,True,True,True,True,54148,55827,25152,96449,127620,138432,53855,181453,6982.2,4535.8,2971.4,7239.6,6979.2,4531.8,2968.8,7237.2,7026.8,4550.2,2983.2,7286.0,-0.6903799514955455,2025-12-03,-1.118799146899374,False,5131,-18593,-23724
2025-12-03,IC2512,IF2512,IH2512,IM2512,20,20,20,20,101973,103947,42304,169433,19860,18516,3460,32072,97064,107812,42033,137134,4595,3679,1989,9616,104496,111991,46337,148672,3941,3373,1578,9343,-7432,-4179,-4304,-11538,654,306,411,273,654,306,411,273,0,0,0,0,True,True,True,True,True,True,True,True,True,True,True,True,67339,67863,27565,118632,133791,142198,55954,193074,6950.4,4518.2,2958.4,7195.4,6941.2,4513.4,2955.2,7185.4,6979.2,4531.8,2968.8,7237.2,-1.118799146899374,2025-12-04,1.010606594463237,True,1644,19879,18235
2025-12-04,IC2512,IF2512,IH2512,IM2512,20,20,20,20,96774,96213,41877,166729,-4864,-6568,-223,-2503,89108,102663,39753,128735,-7954,-5074,-2193,-8399,96641,107511,44297,138489,-7808,-4412,-1830,-10183,-7533,-4848,-4544,-9754,-146,-662,-363,1784,0,0,0,1784,146,662,363,0,False,False,False,False,False,False,False,False,False,False,False,True,64721,63708,27688,116454,123278,136475,53262,181088,6983.2,4530.6,2968.2,7213.4,6975.6,4528.4,2965.4,7204.0,6941.2,4513.4,2955.2,7185.4,1.010606594463237,2025-12-05,1.3633340722677856,True,613,-23620,-24233
2025-12-05,IC2512,IF2512,IH2512,IM2512,20,20,20,20,123847,128199,59873,209835,27637,32004,18193,44013,95936,108473,45834,134368,6828,6419,6193,5633,103408,115103,50569,146470,7333,7703,6460,8748,-7472,-6630,-4735,-12102,-505,-1284,-267,-3115,0,0,0,0,505,1284,267,3115,True,True,True,True,True,True,True,True,False,False,False,False,83349,84754,38569,146937,130990,143296,59755,189203,7083.2,4574.4,2997.4,7319.8,7076.6,4578.2,3003.4,7311.4,6975.6,4528.4,2965.4,7204.0,1.3633340722677856,2025-12-08,2.604123114527379,True,-5171,25073,30244
2025-12-08,IC2512,IF2512,IH2512,IM2512,20,20,20,20,96889,116522,48822,152972,-25449,-11612,-11051,-55415,83593,99592,42202,118703,-12343,-8881,-3455,-15311,91972,107264,46739,130579,-11116,-7839,-3329,-15806,-8379,-7672,-4537,-11876,-1227,-1042,-126,495,0,0,0,495,1227,1042,126,0,False,False,False,False,False,False,False,False,False,False,False,True,63355,76082,31875,104973,116565,132821,55867,168647,7144.0,4613.2,3015.0,7380.4,7150.2,4617.0,3018.4,7387.0,7076.6,4578.2,3003.4,7311.4,2.604123114527379,2025-12-09,0.6059048293718172,True,-1900,-39990,-38090
2025-12-09,IC2512,IF2512,IH2512,IM2512,20,20,20,20,87375,98169,40345,127763,-9110,-18353,-7806,-24603,82886,94617,39792,117444,-707,-4975,-2344,-1259,90968,101817,44014,127011,-695,-5447,-2618,-3476,-8082,-7200,-4222,-9567,-12,472,274,2217,0,472,274,2217,12,0,0,0,False,False,False,False,False,False,False,False,False,True,True,True,57109,63877,26505,86997,114015,125588,52166,164945,7094.4,4583.2,2991.6,7347.8,7094.2,4581.0,2991.2,7352.0,7150.2,4617.0,3018.4,7387.0,0.6059048293718172,2025-12-10,-0.018693918245260566,False,2951,-9285,-12236
2025-12-10,IC2512,IF2512,IH2512,IM2512,20,20,20,20,106471,117528,53663,157064,19876,19811,13771,31335,79499,91780,40518,116999,-3373,-2832,726,-330,86758,97239,43946,125551,-4210,-4578,43,-1460,-7259,-5459,-3428,-8552,837,1746,683,1130,837,1746,683,1130,0,0,0,0,False,False,True,False,False,False,True,False,True,True,True,True,69706,75990,34093,108100,109494,121027,52758,163906,7122.2,4574.2,2980.8,7371.4,7128.2,4574.6,2980.2,7374.6,7094.2,4581.0,2991.2,7352.0,-0.018693918245260566,2025-12-11,-1.412589591773139,False,4396,-5809,-10205
2025-12-11,IC2512,IF2512,IH2512,IM2512,20,20,20,20,98940,102530,43852,165914,-6452,-14160,-9206,8870,72709,84065,36412,110000,-6790,-7482,-4106,-6999,78510,89824,39523,115769,-8152,-7415,-4416,-9258,-5801,-5759,-3111,-5769,1362,-67,310,2259,1362,0,310,2259,0,67,0,0,False,False,False,False,False,False,False,False,True,False,True,True,63847,64930,28078,114206,99580,111889,47700,152560,7074.4,4539.6,2969.8,7304.6,7083.8,4544.2,2965.6,7312.4,7128.2,4574.6,2980.2,7374.6,-1.412589591773139,2025-12-12,0.9700758928712583,True,3864,-25377,-29241
2025-12-12,IC2512,IF2512,IH2512,IM2512,20,20,20,20,126276,116244,51657,185646,27579,13763,7998,20727,72784,86614,36967,107776,1270,2549,555,-2224,78982,92581,39883,115169,489,2757,567,349,-6198,-5967,-2916,-7393,781,-208,-12,-2573,781,0,0,0,0,208,12,2573,True,True,True,False,True,True,True,True,True,False,False,False,82739,74003,32570,126483,99631,113155,47489,149811,7174.0,4574.0,2986.8,7361.8,7179.0,4574.8,2986.2,7368.2,7083.8,4544.2,2965.6,7312.4,0.9700758928712583,2025-12-15,-1.7706207190172685,False,-2012,2150,4162
2025-12-15,IC2512,IF2512,IH2512,IM2512,20,20,20,20,99555,107945,52944,152464,-25514,-7393,1751,-32644,59072,71219,32015,90833,-13712,-15237,-4923,-16755,63669,77607,34894,96939,-15056,-14974,-4944,-18230,-4597,-6388,-2879,-6106,1344,-263,21,1475,1344,0,21,1475,0,263,0,0,False,False,False,False,False,False,False,False,True,False,True,True,65014,68323,33281,104015,80379,94777,41704,126463,7115.8,4545.6,2983.8,7308.0,7123.4,4552.2,2988.2,7316.0,7179.0,4574.8,2986.2,7368.2,-1.7706207190172685,2025-12-16,-2.1046593154439353,False,2577,-50627,-53204
2025-12-16,IC2512,IF2512,IH2512,IM2512,20,20,20,20,122787,129384,65240,187952,23674,22838,12853,36278,57952,70392,28540,91799,-457,-737,-3413,2594,60128,74743,30729,95961,-3035,-2678,-4087,-978,-2176,-4351,-2189,-4162,2578,1941,674,3572,2578,1941,674,3572,0,0,0,0,False,False,False,True,False,False,False,False,True,True,True,True,78132,79947,39814,125471,75305,90761,37238,123921,7010.2,4499.4,2951.4,7189.0,7005.4,4494.6,2945.0,7184.2,7123.4,4552.2,2988.2,7316.0,-2.1046593154439353,2025-12-17,3.39056436700782,True,8765,-2013,-10778
2025-12-17,IC2512,IF2512,IH2512,IM2512,20,20,20,20,120402,136575,58603,185983,-2124,7750,-5980,-691,44132,47134,22163,63405,-13322,-22412,-6228,-26906,47341,52317,23261,67697,-12520,-22426,-7353,-27858,-3209,-5183,-1098,-4292,-802,14,1125,952,0,14,1125,952,802,0,0,0,False,False,False,False,False,False,False,False,False,True,True,True,75907,84998,36309,123802,56653,61935,28496,85747,7146.8,4578.2,2987.2,7295.0,7151.8,4583.8,2995.6,7294.4,7005.4,4494.6,2945.0,7184.2,3.39056436700782,2025-12-18,-2.1678825911313537,False,1289,-68868,-70157
2025-12-18,IC2603,IF2512,IH2512,IM2603,20,20,20,20,83549,86322,37375,124759,-10210,-49265,-20667,-13350,91617,30010,13190,115021,5328,-16327,-8781,5531,100854,32384,13652,130442,4769,-19569,-9176,4474,-9237,-2374,-462,-15421,559,3242,395,1057,559,3242,395,1057,0,0,0,0,True,False,False,True,True,False,False,True,True,True,True,True,57027,53558,22829,87621,127506,37690,16779,166683,6973.6,4550.4,2995.0,7066.0,6978.2,4556.6,2995.2,7071.2,6992.2,4583.8,2995.6,7068.4,-2.1678825911313537,2025-12-19,0.4885647525313175,True,5253,-14249,-19502
2025-12-19,IC2603,IF2603,IH2603,IM2603,20,20,20,20,103807,102589,42446,147041,20641,26913,8742,24461,96971,115396,34192,120842,5446,7948,4761,6449,108702,136171,44637,139056,7848,11837,5629,8809,-11731,-20775,-10445,-18214,-2402,-3889,-868,-2360,0,0,0,0,2402,3889,868,2360,True,True,True,True,True,True,True,True,False,False,False,False,69784,66095,28058,103313,137059,162769,51015,179118,7055.4,4527.0,3006.4,7141.8,7050.8,4524.8,3002.2,7142.0,6978.2,4509.4,2985.8,7071.2,0.4885647525313175,2025-12-22,2.233652762119509,True,-9519,24604,34123
2025-12-22,IC2603,IF2603,IH2603,IM2603,20,20,20,20,87538,81343,32714,121898,-16104,-18572,-9417,-23889,96422,109862,33297,116608,-412,-5503,-817,-3616,109514,131586,43857,136257,812,-4585,-683,-2799,-13092,-21724,-10560,-19649,-1224,-918,-134,-817,0,0,0,0,1224,918,134,817,False,False,False,False,True,False,False,False,False,False,False,False,58271,53962,21348,86037,138149,157800,50341,175023,7123.2,4564.8,3018.4,7203.6,7130.0,4566.0,3019.0,7208.4,7050.8,4524.8,3002.2,7142.0,2.233652762119509,2025-12-23,0.40821057776052605,True,-3093,-10348,-7255
2025-12-23,IC2603,IF2603,IH2603,IM2603,20,20,20,20,80736,79997,34503,124874,-6431,-1291,1908,4168,95211,115325,33515,118406,-1180,5463,218,1798,107931,137322,43380,136978,-1583,5797,-466,721,-12720,-21997,-9865,-18572,403,-334,684,1077,403,0,684,1077,0,334,0,0,False,True,True,True,False,True,False,True,True,False,True,True,53906,52645,22810,87825,136107,163660,49673,176419,7133.2,4571.4,3025.6,7197.4,7129.4,4569.8,3023.6,7192.8,7130.0,4566.0,3019.0,7208.4,0.40821057776052605,2025-12-24,0.7666122726606162,True,1830,6299,4469
2025-12-24,IC2603,IF2603,IH2603,IM2603,20,20,20,20,104677,86214,36536,156798,23960,8226,2679,32991,102805,114791,33759,123451,7594,-491,309,5192,116754,137472,44007,145090,8823,552,650,8132,-13949,-22681,-10248,-21639,-1229,-1043,-341,-2940,0,0,0,0,1229,1043,341,2940,True,False,True,True,True,True,True,True,False,False,False,False,69984,58846,24242,113077,146995,164967,50212,185869,7240.4,4595.0,3027.0,7327.6,7250.2,4595.8,3025.8,7333.6,7129.4,4569.8,3023.6,7192.8,0.7666122726606162,2025-12-25,0.30220647886103347,True,-5553,12604,18157
2025-12-25,IC2603,IF2603,IH2603,IM2603,20,20,20,20,95485,78790,30786,143091,-8971,-6613,-5395,-12795,100558,114322,33945,120567,-2247,-469,273,-2884,114296,137661,44216,142368,-2456,189,433,-2679,-13738,-23339,-10271,-21801,209,-658,-160,-205,209,0,0,0,0,658,160,205,False,False,True,False,False,True,True,False,True,False,False,False,63146,52262,20968,101700,144535,164476,50757,183127,7320.6,4610.6,3034.0,7419.0,7329.6,4616.2,3035.8,7429.8,7250.2,4595.8,3025.8,7333.6,0.30220647886103347,2025-12-26,0.1401520062728867,True,-814,-5327,-4513
2025-12-26,IC2603,IF2603,IH2603,IM2603,20,20,20,20,128971,105296,47793,174876,33645,28702,17232,32966,110425,123941,38270,129480,10329,9619,5185,8913,125601,146097,48123,152133,11305,8606,4029,9774,-15176,-22156,-9853,-22653,-976,1013,1156,-861,0,1013,1156,0,976,0,0,861,True,True,True,True,True,True,True,True,False,True,True,False,84671,70821,31969,125247,157607,175215,55790,194890,7388.0,4638.4,3051.4,7472.4,7386.2,4636.0,3052.6,7477.4,7329.6,4616.2,3035.8,7429.8,0.1401520062728867,2025-12-29,-0.6556962649666431,False,332,34046,33714
2025-12-29,IC2603,IF2603,IH2603,IM2603,20,20,20,20,98263,89460,38834,139970,-30440,-15129,-8876,-34477,102495,117783,36037,121470,-7318,-6158,-2168,-7886,116976,139326,45853,142064,-8625,-6771,-2270,-10069,-14481,-21543,-9816,-20594,1307,613,102,2183,1307,613,102,2183,0,0,0,0,False,False,False,False,False,False,False,False,True,True,True,True,63940,58452,24852,95430,146816,167149,53232,182605,7336.6,4610.2,3038.0,7439.0,7337.4,4605.8,3036.4,7441.2,7386.2,4636.0,3052.6,7477.4,-0.6556962649666431,2025-12-30,0.6296138843980392,True,4205,-23530,-27735
2025-12-30,IC2603,IF2603,IH2603,IM2603,20,20,20,20,100805,86798,41089,145358,2542,-2651,2255,6183,107721,120683,36384,127027,5323,3133,473,5658,122516,143788,46556,147508,5540,4511,968,5444,-14795,-23105,-10172,-20481,-217,-1378,-495,214,0,0,0,214,217,1378,495,0,True,True,True,True,True,True,True,True,False,False,False,True,66223,56756,26708,100572,153828,171595,53919,189970,7381.0,4622.2,3035.4,7459.2,7388.2,4627.8,3039.0,7467.8,7337.4,4605.8,3036.4,7441.2,0.6296138843980392,2025-12-31,-1.2251379937710083,False,-1876,14587,16463
2025-12-31,IC2603,IF2603,IH2603,IM2603,20,20,20,20,93984,96233,49175,135611,-6785,10469,9010,-8394,102101,117853,36942,121428,-5620,-2830,689,-5599,114783,139256,46387,140620,-7664,-4308,421,-6888,-12682,-21403,-9445,-19192,2044,1478,268,1289,2044,1478,268,1289,0,0,0,0,False,False,True,False,False,False,True,False,True,True,True,True,62267,63352,31896,93696,145074,166875,53650,181081,7362.8,4599.8,3025.0,7436.2,7366.6,4593.2,3021.6,7439.0,7388.2,4627.8,3039.0,7467.8,-1.2251379937710083,2026-01-05,2.8527989460440883,True,5079,-13360,-18439
2026-01-05,IC2603,IF2603,IH2603,IM2603,20,20,20,20,119302,107613,53282,147470,25628,11394,5316,13424,113195,123103,39201,125354,11123,5858,2259,4700,126905,145227,48696,149033,12210,5971,2443,8413,-13710,-22124,-9495,-23679,-1087,-113,-184,-3713,0,0,0,0,1087,113,184,3713,True,True,True,True,True,True,True,True,False,False,False,False,79757,72812,35869,103703,160143,173732,56614,189842,7596.0,4697.0,3098.8,7639.0,7582.6,4697.8,3101.0,7625.4,7366.6,4593.2,3021.6,7439.0,2.8527989460440883,2026-01-06,0.7509371537842702,True,-5097,23940,29037
2026-01-06,IC2603,IF2603,IH2603,IM2603,20,20,20,20,141557,118249,60529,160523,22674,11589,7247,14584,115095,126094,42117,126807,1900,3334,2916,1604,130167,148610,52005,149749,3413,3459,3397,716,-15072,-22516,-9888,-22942,-1513,-125,-481,888,0,0,0,888,1513,125,481,0,True,True,True,True,True,True,True,True,False,False,False,True,94435,79694,39763,114127,164336,178463,60630,192848,7786.4,4778.0,3161.8,7762.4,7762.2,4771.0,3154.6,7738.2,7582.6,4697.8,3101.0,7625.4,0.7509371537842702,2026-01-07,0.31332001723261005,True,-1231,9754,10985
2026-01-07,IC2603,IF2603,IH2603,IM2603,20,20,20,20,129154,99307,46242,150437,-12100,-18550,-14287,-9288,116486,124114,38201,125919,1391,-1732,-3815,-755,129954,144626,48222,147255,-79,-3798,-3742,-2494,-13468,-20512,-10021,-21336,1470,2066,-73,1739,1470,2066,0,1739,0,0,73,0,True,False,False,False,False,False,False,False,True,True,False,True,85963,67166,30060,104271,164218,174314,55587,189188,7802.6,4753.0,3143.8,7760.2,7810.2,4751.4,3141.8,7768.6,7762.2,4771.0,3154.6,7738.2,0.31332001723261005,2026-01-08,-0.8222987725584052,False,5202,-4911,-10113
2026-01-08,IC2603,IF2603,IH2603,IM2603,20,20,20,20,131962,104311,43372,169513,3505,5740,-2860,19909,111706,124276,38420,129272,-4780,256,280,3395,124323,146375,48225,149235,-5621,1749,25,1980,-12617,-22099,-9805,-19963,841,-1493,255,1415,841,0,255,1415,0,1493,0,0,False,True,True,True,False,True,True,True,True,False,True,True,87667,70354,28102,118672,158547,176039,55279,193230,7814.4,4718.4,3122.4,7820.6,7804.4,4710.2,3115.6,7808.8,7810.2,4751.4,3141.8,7768.6,-0.8222987725584052,2026-01-09,0.7721867420078743,True,1018,-849,-1867
2026-01-09,IC2603,IF2603,IH2603,IM2603,20,20,20,20,165209,126870,51319,213564,33341,23567,8089,45143,123873,127372,37805,136963,12415,3255,-497,8022,138614,151718,48452,158266,14291,5343,740,9031,-14741,-24346,-10647,-21303,-1876,-2088,-1237,-1009,0,0,0,0,1876,2088,1237,1009,True,True,False,True,True,True,True,True,False,False,False,False,110023,85400,33032,149124,174403,182579,55495,203815,8037.8,4743.8,3134.8,8048.4,8005.2,4740.0,3131.0,8011.0,7804.4,4710.2,3115.6,7808.8,0.7721867420078743,2026-01-12,1.8189139403992582,True,-6210,23195,29405
2026-01-12,IC2603,IF2603,IH2603,IM2603,20,20,20,20,172919,132270,52581,248487,8094,7020,1520,36974,118148,127790,37909,139654,-5064,810,341,3217,133375,152617,48559,162370,-5144,899,107,4104,-15227,-24827,-10650,-22716,80,-89,234,-887,80,0,234,0,0,89,0,887,False,True,True,True,False,True,True,True,True,False,True,False,114590,89188,33564,172951,167535,182828,55192,208444,8236.6,4774.0,3140.2,8311.4,8230.0,4779.4,3142.2,8306.2,8005.2,4740.0,3131.0,8011.0,1.8189139403992582,2026-01-13,-1.9611373120761333,False,-662,-696,-34
2026-01-13,IC2603,IF2603,IH2603,IM2603,20,20,20,20,179557,140328,62749,255357,7476,8561,10296,8578,122680,129216,39670,139516,4571,1774,1875,159,136836,152124,49462,161704,3489,470,1134,-666,-14156,-22908,-9792,-22188,1082,1304,741,825,1082,1304,741,825,0,0,0,0,True,True,True,True,True,True,True,False,True,True,True,True,120900,97329,41076,178731,171420,184613,57216,207812,8131.2,4758.6,3137.6,8160.4,8121.2,4754.0,3133.6,8150.8,8230.0,4779.4,3142.2,8306.2,-1.9611373120761333,2026-01-14,0.8203161453269159,True,3952,8379,4427
2026-01-14,IC2603,IF2603,IH2603,IM2603,20,20,20,20,252127,176433,74898,313897,73703,36819,12553,59401,128423,137384,41889,142085,5743,8406,2381,2569,142522,160312,51595,164636,5686,8188,2398,2964,-14099,-22928,-9706,-22551,57,218,-17,-395,57,218,0,0,0,0,17,395,True,True,True,True,True,True,True,True,True,True,False,False,173512,119874,48861,225371,180823,195726,59979,212359,8197.8,4740.0,3114.0,8156.0,8175.2,4733.0,3115.6,8158.2,8121.2,4754.0,3133.6,8150.8,0.8203161453269159,2026-01-15,0.560740966337625,True,-137,19099,19236
2026-01-15,IC2603,IF2603,IH2603,IM2603,20,20,20,20,166783,123617,54117,214970,-82846,-50730,-20220,-89823,123213,130319,39522,134660,-3850,-7065,-2096,-6807,138229,154620,50247,157231,-3654,-5611,-1180,-7405,-15016,-24301,-10725,-22571,-196,-1454,-916,598,0,0,0,598,196,1454,916,0,False,False,False,False,False,False,False,False,False,False,False,True,110213,81140,34976,148081,176008,186881,57912,203295,8206.8,4746.6,3108.0,8195.4,8177.6,4737.2,3104.4,8158.4,8175.2,4733.0,3115.6,8158.2,0.560740966337625,2026-01-16,-0.20487422504097408,False,-1968,-19818,-17850
2026-01-16,IC2603,IF2603,IH2603,IM2603,20,20,20,20,155045,134045,59885,206928,-9716,10819,6182,-7436,122913,130946,40321,134054,-236,627,799,-507,138212,155912,52006,156104,141,1322,1977,-899,-15299,-24966,-11685,-22050,-377,-695,-1178,392,0,0,0,392,377,695,1178,0,False,True,True,False,True,True,True,False,False,False,False,True,102740,89508,39751,141207,174492,187424,58902,201001,8210.4,4723.2,3084.4,8179.2,8199.0,4719.2,3081.0,8165.0,8177.6,4737.2,3104.4,8158.4,-0.20487422504097408,2026-01-19,-0.6965147484989664,False,-1858,683,2541
2026-01-19,IC2603,IF2603,IH2603,IM2603,20,20,20,20,148667,108921,46069,180348,-4770,-24425,-13667,-26075,124347,124716,39074,129077,1764,-6230,-1247,-4469,140454,148898,50887,152041,2242,-6996,-1061,-3985,-16107,-24182,-11813,-22964,-478,766,-186,-484,0,766,0,0,478,0,186,484,True,False,False,False,True,False,False,False,False,True,False,False,98224,73045,30016,123630,177228,179134,57249,195201,8266.0,4728.6,3077.6,8186.6,8289.8,4727.0,3078.4,8205.4,8199.0,4719.2,3081.0,8165.0,-0.6965147484989664,2026-01-20,-1.7866077822154214,False,-382,-10182,-9800
2026-01-20,IC2603,IF2603,IH2603,IM2603,20,20,20,20,180150,119480,48445,215860,33356,11560,2402,36793,129212,128361,38642,133711,5275,3645,-324,4797,143656,150158,50686,153271,3503,1260,-158,1541,-14444,-21797,-12044,-19560,1772,2385,-166,3256,1772,2385,0,3256,0,0,166,0,True,True,False,True,True,True,False,True,True,True,False,True,123309,79866,31503,150527,180970,179532,56746,198773,8248.8,4708.6,3075.4,8120.8,8215.6,4703.4,3074.0,8091.0,8289.8,4727.0,3078.4,8205.4,-1.7866077822154214,2026-01-21,0.5350856320050834,True,7247,13393,6146
2026-01-21,IC2603,IF2603,IH2603,IM2603,20,20,20,20,150546,109078,52494,189756,-29356,-8412,4566,-23934,121625,122138,40219,126421,-7135,-6223,1577,-6867,139104,143878,52149,149304,-3523,-6121,1812,-3691,-17479,-21740,-11930,-22883,-3612,-102,-235,-3176,0,0,0,0,3612,102,235,3176,False,False,True,False,False,False,True,False,False,False,False,False,101832,74116,34230,133027,175976,173409,58489,192142,8371.0,4722.8,3073.6,8231.0,8355.8,4728.6,3076.8,8217.8,8215.6,4703.4,3074.0,8091.0,0.5350856320050834,2026-01-22,1.0053041705102794,True,-7125,-18648,-11523
2026-01-22,IC2603,IF2603,IH2603,IM2603,20,20,20,20,121758,106383,50503,151739,-26983,-188,-1694,-36739,121280,125336,40583,122714,-345,4269,380,-3628,139350,144458,52611,145466,246,580,567,-3838,-18070,-19122,-12028,-22752,-591,3689,-187,210,0,3689,0,210,591,0,187,0,False,True,True,False,True,True,True,False,False,True,False,True,81239,72080,33606,104669,174152,174304,59009,186587,8400.0,4719.4,3061.2,8292.6,8377.0,4716.4,3058.0,8263.8,8355.8,4728.6,3076.8,8217.8,1.0053041705102794,2026-01-23,0.6263800639898953,True,3121,676,-2445
2026-01-23,IC2603,IF2603,IH2603,IM2603,20,20,20,20,154957,125184,58512,184463,34097,20473,8093,33578,124095,121986,43868,129905,2976,-3350,3602,7191,144358,144035,55892,153542,5335,-423,3911,8076,-20263,-22049,-12024,-23637,-2359,-2927,-309,-885,0,0,0,0,2359,2927,309,885,True,False,True,True,True,False,True,True,False,False,False,False,103171,84474,38693,128628,179892,173887,63802,195577,8658.2,4709.2,3037.8,8516.6,8618.0,4714.4,3042.4,8479.4,8377.0,4716.4,3058.0,8263.8,0.6263800639898953,2026-01-26,-0.9061053888640092,False,-6480,10419,16899
2026-01-26,IC2603,IF2603,IH2603,IM2603,20,20,20,20,190607,163919,79465,232376,36252,40621,21212,49330,124042,137364,48940,129918,545,15378,5382,297,141161,159352,62403,150344,-2759,15384,7112,-3172,-17119,-21988,-13463,-20426,3304,-6,-1730,3469,3304,0,0,3469,0,6,1730,0,True,True,True,True,False,True,True,False,True,False,False,True,128932,112956,52871,160156,174418,191907,70243,191679,8470.0,4719.4,3058.2,8289.2,8493.0,4727.8,3064.0,8311.6,8618.0,4714.4,3042.4,8479.4,-0.9061053888640092,2026-01-27,0.7065061838121167,True,5037,21602,16565
2026-01-27,IC2603,IF2603,IH2603,IM2603,20,20,20,20,182508,128087,64277,229875,-6657,-33749,-14765,-105,123768,126655,46497,129705,216,-10709,-2443,-213,139185,149079,59570,150373,-1930,-9953,-2750,103,-15417,-22424,-13073,-20668,2146,-756,307,-316,2146,0,307,0,0,756,0,316,True,False,False,False,False,False,False,True,True,False,True,False,121961,87568,41275,158438,173219,178212,66049,191923,8547.6,4718.2,3064.0,8357.2,8564.0,4729.6,3070.2,8364.8,8493.0,4727.8,3064.0,8311.6,0.7065061838121167,2026-01-28,-0.5696164662238989,False,1381,-13149,-14530
2026-01-28,IC2603,IF2603,IH2603,IM2603,20,20,20,20,142348,126600,59172,169890,-38725,-478,-4326,-58625,117059,133234,47744,120470,-6451,6579,1247,-8516,135438,156320,61166,140695,-3550,7241,1961,-9678,-18379,-23086,-13422,-20225,-2901,-662,-714,1162,0,0,0,1162,2901,662,714,0,False,True,True,False,False,True,True,False,False,False,False,True,94115,84387,38337,114744,167295,185840,67766,180338,8622.0,4732.8,3069.8,8377.8,8617.4,4736.4,3070.6,8373.0,8564.0,4729.6,3070.2,8364.8,-0.5696164662238989,2026-01-29,-0.5731805654177968,False,-3115,-7141,-4026
2026-01-29,IC2603,IF2603,IH2603,IM2603,20,20,20,20,173669,147769,79449,215661,31542,21884,20438,46545,120507,132031,52488,134998,3732,-585,4744,14597,137938,155671,66561,155413,2779,-649,5836,15131,-17431,-23640,-14073,-20415,953,64,-1092,-534,953,64,0,0,0,0,1092,534,True,False,True,True,True,False,True,True,True,True,False,False,115687,99189,51786,147818,170962,184884,73669,196369,8517.6,4784.0,3130.4,8329.0,8539.0,4774.0,3125.2,8330.2,8617.4,4736.4,3070.6,8373.0,-0.5731805654177968,2026-01-30,1.266451001812663,True,-609,22488,23097
2026-01-30,IC2603,IF2603,IH2603,IM2603,20,20,20,20,207228,159146,72607,244754,33998,11377,-6840,31528,115676,134325,50058,130652,-4249,2876,-2430,-4304,131518,156919,63652,151421,-6420,1248,-2874,-3992,-15842,-22594,-13594,-20769,2171,1628,444,-312,2171,1628,444,0,0,0,0,312,False,True,False,False,False,True,False,False,True,True,True,False,137793,108273,48327,167342,163697,186373,70443,191798,8362.4,4711.0,3074.0,8260.6,8378.4,4719.6,3075.8,8259.4,8539.0,4774.0,3125.2,8330.2,1.266451001812663,2026-02-02,-2.457894548105999,False,3931,-8107,-12038
2026-02-02,IC2603,IF2603,IH2603,IM2603,20,20,20,20,224723,166773,84409,250643,17495,9024,11961,5889,110116,126230,47636,134494,-5473,-8095,-2422,3931,124865,146634,59770,154501,-6076,-10285,-3882,3080,-14749,-20404,-12134,-20007,603,2190,1460,851,603,2190,1460,851,0,0,0,0,False,False,False,True,False,False,False,True,True,True,True,True,151002,110802,53829,173821,153481,174613,66246,194848,7903.2,4577.4,3004.2,7871.8,7977.0,4594.0,3005.6,7954.8,8378.4,4719.6,3075.8,8259.4,-2.457894548105999,2026-02-03,1.8620695993701197,True,5104,-12059,-17163
2026-02-03,IC2603,IF2603,IH2603,IM2603,20,20,20,20,181043,122629,61482,219573,-41907,-43230,-22566,-29737,106073,122691,43785,129678,-3935,-2696,-3572,-4816,124036,142868,56058,151399,-829,-3766,-3712,-3102,-17963,-20177,-12273,-21721,-3106,1070,140,-1714,0,1070,140,0,3106,0,0,1714,False,False,False,False,False,False,False,False,False,True,True,False,122145,82004,39958,150161,151098,170254,62777,189544,8282.0,4653.0,3033.0,8183.0,8273.2,4651.2,3029.6,8190.8,7977.0,4594.0,3005.6,7954.8,1.8620695993701197,2026-02-04,-0.40241932815821,False,-3610,-15019,-11409
2026-02-04,IC2603,IF2603,IH2603,IM2603,20,20,20,20,150814,98739,51467,200734,-29645,-22660,-9929,-18022,102285,115293,41042,126751,-3435,-7398,-2743,-2927,118269,133712,53021,147341,-5564,-9156,-2978,-4058,-15984,-18419,-11979,-20590,2129,1758,235,1131,2129,1758,235,1131,0,0,0,0,False,False,False,False,False,False,False,False,True,True,True,True,100543,65238,33658,136596,145579,159248,59111,186743,8313.6,4693.6,3071.8,8203.4,8268.4,4681.6,3065.8,8163.6,8273.2,4651.2,3029.6,8190.8,-0.40241932815821,2026-02-05,-1.5470283949014174,False,5253,-16503,-21756
2026-02-05,IC2603,IF2603,IH2603,IM2603,20,20,20,20,171390,106447,55515,208766,21234,8415,4255,8769,106603,116918,42003,127242,4867,1625,1304,1071,122619,135216,54128,147555,4450,1746,1107,214,-16016,-18298,-12125,-20313,417,-121,197,857,417,0,197,857,0,121,0,0,True,True,True,True,True,True,True,True,True,False,True,True,112281,70168,36122,142554,149924,161588,60257,186934,8120.2,4665.2,3061.4,8039.8,8136.8,4667.0,3060.6,8056.6,8268.4,4681.6,3065.8,8163.6,-1.5470283949014174,2026-02-06,-0.7306120946667161,False,1350,8867,7517
2026-02-06,IC2603,IF2603,IH2603,IM2603,20,20,20,20,170329,108431,53147,214929,118,2269,-2110,6370,102218,112885,41210,126848,-4057,-4033,-793,-193,119158,131504,53056,149967,-3461,-3663,-1072,2769,-16940,-18619,-11846,-23119,-596,-370,279,-2962,0,0,279,0,596,370,0,2962,False,False,False,False,False,False,False,True,False,False,True,False,113205,70073,34178,147053,146089,156652,59121,187915,8117.4,4637.6,3036.2,7990.8,8176.4,4656.4,3045.4,8057.4,8136.8,4667.0,3060.6,8056.6,-0.7306120946667161,2026-02-09,2.9757821817665064,True,-3649,-9076,-5427
2026-02-09,IC2603,IF2603,IH2603,IM2603,20,20,20,20,113588,77720,39411,164034,-56407,-29624,-13198,-49688,96300,111690,40100,119705,-5754,-1195,-1110,-6786,113428,130302,50992,142641,-5730,-777,-1968,-7309,-17128,-18612,-10892,-22936,-24,-418,858,523,0,0,858,523,24,418,0,0,False,False,False,False,False,False,False,False,False,False,True,True,76113,51368,26188,112370,138576,154559,57290,179169,8311.6,4721.2,3084.0,8232.6,8302.2,4717.8,3082.2,8216.6,8176.4,4656.4,3045.4,8057.4,2.9757821817665064,2026-02-10,-0.3669620165808074,False,939,-14845,-15784
2026-02-10,IC2603,IF2603,IH2603,IM2603,20,20,20,20,82950,62411,30563,120545,-30638,-14733,-7603,-42153,93287,109465,39529,115689,-3013,-2225,-571,-4016,110465,128740,50206,139915,-2845,-1374,-113,-2726,-17178,-19275,-10677,-24226,-168,-851,-458,-1290,0,0,0,0,168,851,458,1290,False,False,False,False,False,False,False,False,False,False,False,False,54914,40264,19831,82316,134825,151713,56334,175231,8290.8,4724.0,3093.6,8229.0,8300.4,4720.6,3088.8,8239.8,8302.2,4717.8,3082.2,8216.6,-0.3669620165808074,2026-02-11,-1.0781378932342434,False,-2767,-9825,-7058
2026-02-11,IC2603,IF2603,IH2603,IM2603,20,20,20,20,90719,60370,31346,120963,8103,-782,1909,1318,92893,107924,40103,119044,-394,-1541,574,3355,111932,127832,50393,145619,1548,-464,236,5704,-19039,-19908,-10290,-26575,-1942,-1077,338,-2349,0,0,338,0,1942,1077,0,2349,False,False,True,True,True,False,True,True,False,False,True,False,59866,37735,20318,81851,135346,150599,56814,180217,8336.4,4714.8,3091.4,8241.0,8336.6,4712.6,3092.4,8244.4,8300.4,4720.6,3088.8,8239.8,-1.0781378932342434,2026-02-12,1.3188258431413136,True,-5030,1994,7024
2026-02-12,IC2603,IF2603,IH2603,IM2603,20,20,20,20,104001,69886,30952,142273,14937,9677,-65,21882,98286,109749,39747,123205,6136,1825,-311,4161,118536,130718,50397,152251,6910,2886,4,6707,-20250,-20969,-10650,-29046,-774,-1061,-315,-2546,0,0,0,0,774,1061,315,2546,True,True,False,True,True,True,True,True,False,False,False,False,69413,44769,20263,96452,142445,152334,56888,187061,8448.8,4716.8,3083.0,8338.0,8445.8,4717.4,3083.6,8334.6,8336.6,4712.6,3092.4,8244.4,1.3188258431413136,2026-02-13,-1.565476583955816,False,-4696,11811,16507
2026-02-13,IC2603,IF2603,IH2603,IM2603,20,20,20,20,123174,109843,59934,168848,19941,40592,29680,27447,99737,115383,45812,124862,1451,5634,6647,1708,116660,131050,54849,149954,-1876,946,4992,-2297,-16923,-15667,-9037,-25092,3327,4688,1655,4005,3327,4688,1655,4005,0,0,0,0,True,True,True,True,False,True,True,False,True,True,True,True,81351,71794,38269,114424,140501,156477,63684,185460,8274.8,4627.0,3020.0,8189.0,8296.4,4639.6,3030.2,8213.4,8445.8,4717.4,3083.6,8334.6,-1.565476583955816,2026-02-24,0.985970524670643,True,13675,15440,1765
2026-02-24,IC2603,IF2603,IH2603,IM2603,20,20,20,20,112290,94744,41963,156187,-10884,-14804,-17703,-10789,97971,108811,42671,126339,-1766,-6572,-3107,1644,115214,124699,51445,152218,-1446,-6327,-3343,2264,-17243,-15888,-8774,-25879,-320,-245,236,-620,0,0,236,0,320,245,0,620,False,False,False,True,False,False,False,True,False,False,True,False,73322,60004,26420,105984,139597,148797,60075,188594,8371.6,4683.4,3037.4,8271.0,8383.4,4688.6,3039.6,8285.4,8296.4,4639.6,3030.2,8213.4,0.985970524670643,2026-02-25,1.4073863602014347,True,-949,-9801,-8852
2026-02-25,IC2603,IF2603,IH2603,IM2603,20,20,20,20,116551,105885,52662,162206,5508,11431,11077,6920,100109,115745,44630,125178,2138,7154,2139,-1161,118169,134451,53978,152106,3046,9773,2667,-112,-18060,-18706,-9348,-26928,-908,-2619,-528,-1049,0,0,0,0,908,2619,528,1049,True,True,True,False,True,True,True,False,False,False,False,False,77377,69805,34880,111192,143448,158505,63395,188683,8529.0,4731.4,3058.2,8405.6,8518.2,4731.0,3058.0,8401.8,8383.4,4688.6,3039.6,8285.4,1.4073863602014347,2026-02-26,-0.2933093280712562,False,-5104,10270,15374
2026-02-26,IC2603,IF2603,IH2603,IM2603,20,20,20,20,103983,86272,44163,144826,-12210,-19182,-8032,-15548,95624,106071,42282,117085,-4485,-9634,-2274,-8093,112050,123278,51309,140948,-6119,-11023,-2335,-10867,-16426,-17207,-9027,-23863,1634,1389,61,2774,1634,1389,61,2774,0,0,0,0,False,False,False,False,False,False,False,False,True,True,True,True,68251,55890,28704,97454,136686,145477,60209,176096,8537.4,4712.2,3034.6,8443.4,8533.6,4709.6,3032.2,8442.0,8518.2,4731.0,3058.0,8401.8,-0.2933093280712562,2026-02-27,-1.0367774994170298,False,5858,-24486,-30344
2026-02-27,IC2603,IF2603,IH2603,IM2603,20,20,20,20,115800,82856,44224,147045,12586,-2819,297,2711,96746,107210,41817,117267,1930,1190,-132,197,113408,124469,51083,141111,1381,1229,-153,163,-16662,-17259,-9266,-23844,549,-39,21,34,549,0,21,34,0,39,0,0,True,True,False,True,True,True,False,True,True,False,True,True,78564,54648,28262,100970,138970,146645,59512,177180,8645.4,4713.8,3045.4,8531.4,8633.0,4708.0,3043.4,8521.6,8533.6,4709.6,3032.2,8442.0,-1.0367774994170298,2026-03-02,-0.48756910249827534,False,565,3185,2620
2026-03-02,IC2603,IF2603,IH2603,IM2603,20,20,20,20,157442,125325,63663,208370,41952,44108,20131,62152,101423,112512,44533,124625,4890,5327,2760,7524,116373,126497,52546,144067,3077,2245,1516,3393,-14950,-13985,-8013,-19442,1813,3082,1244,4131,1813,3082,1244,4131,0,0,0,0,True,True,True,True,True,True,True,True,True,True,True,True,105223,83457,41055,142245,143041,150445,61541,181019,8627.0,4711.2,3045.8,8423.8,8632.6,4712.0,3044.2,8430.0,8633.0,4708.0,3043.4,8521.6,-0.48756910249827534,2026-03-03,-2.5706098064453453,False,10270,20501,10231
2026-03-03,IC2603,IF2603,IH2603,IM2603,20,20,20,20,230946,161255,80351,266476,73510,37051,17073,59445,108963,109730,45203,130070,7540,-2507,700,5445,120534,121373,52237,148006,4468,-4717,-245,3939,-11571,-11643,-7034,-17936,3072,2210,945,1506,3072,2210,945,1506,0,0,0,0,True,False,True,True,True,False,False,True,True,True,True,True,150232,107068,52257,179978,148457,145903,62121,185852,8266.2,4651.4,3019.0,8129.4,8270.2,4644.8,3012.4,8137.8,8632.6,4712.0,3044.2,8430.0,-2.5706098064453453,2026-03-04,-1.405523636227679,False,7733,11178,3445
2026-03-04,IC2603,IF2603,IH2603,IM2603,20,20,20,20,188614,136789,70214,233104,-42332,-23920,-9089,-32397,95952,105648,43750,125847,-12415,-3967,-1444,-3708,109095,115698,51463,144668,-11087,-5344,-475,-3338,-13143,-10050,-7713,-18821,-1328,1377,-969,-370,0,1377,0,0,1328,0,969,370,False,False,False,False,False,False,False,False,False,True,False,False,121611,88154,44988,155033,134589,140207,60625,179738,8219.4,4591.0,2972.2,8064.2,8223.4,4586.0,2971.6,8062.6,8270.2,4644.8,3012.4,8137.8,-1.405523636227679,2026-03-05,1.6613101502036765,True,-1290,-21534,-20244
2026-03-05,IC2603,IF2603,IH2603,IM2603,20,20,20,20,156847,110881,46593,203152,-30558,-25357,-22939,-29642,90612,98099,38963,116819,-5012,-7408,-4718,-9028,100798,106916,45503,133135,-8294,-8198,-5845,-11533,-10186,-8817,-6540,-16316,3282,790,1127,2505,3282,790,1127,2505,0,0,0,0,False,False,False,False,False,False,False,False,True,True,True,True,100813,70882,29445,136165,125426,129380,53581,166348,8255.6,4629.0,2987.0,8130.0,8226.2,4618.2,2981.4,8098.4,8223.4,4586.0,2971.6,8062.6,1.6613101502036765,2026-03-06,0.384216056252229,True,7704,-26166,-33870
2026-03-06,IC2603,IF2603,IH2603,IM2603,20,20,20,20,125539,94280,43747,159989,-30660,-16147,-2619,-41428,82791,92892,39580,106526,-7821,-5057,617,-10209,93692,103456,46223,123308,-7072,-3310,767,-9827,-10901,-10564,-6643,-16782,-749,-1747,-150,-382,0,0,0,0,749,1747,150,382,False,False,True,False,False,False,True,False,False,False,False,False,81441,60163,27964,109207,116622,123388,53774,153991,8322.6,4646.0,2990.0,8211.8,8329.2,4649.8,2991.4,8214.2,8226.2,4618.2,2981.4,8098.4,0.384216056252229,2026-03-09,-0.6416251199950485,False,-3028,-22470,-19442
2026-03-09,IC2603,IF2603,IH2603,IM2603,20,20,20,20,180746,145299,65169,248606,56824,52058,22091,89387,90485,101635,41574,119753,7753,9079,2295,13227,99144,110790,47744,132388,5452,8528,1549,9080,-8659,-9155,-6170,-12635,2301,551,746,4147,2301,551,746,4147,0,0,0,0,True,True,True,True,True,True,True,True,True,True,True,True,116276,91988,41318,168105,122938,132182,56117,168610,8267.0,4599.2,2962.4,8191.0,8264.0,4603.2,2963.6,8183.6,8329.2,4649.8,2991.4,8214.2,-0.6416251199950485,2026-03-10,3.040597398225997,True,7745,32354,24609
2026-03-10,IC2603,IF2603,IH2603,IM2603,20,20,20,20,130114,89441,39645,161058,-49666,-54235,-24403,-85131,77544,86732,37624,97752,-12664,-14565,-3950,-19551,85802,96655,43719,110646,-13061,-13587,-3733,-21489,-8258,-9923,-6095,-12894,397,-978,-217,1938,397,0,0,1938,0,978,217,0,False,False,False,False,False,False,False,False,True,False,False,True,83464,57102,25641,108844,107374,114486,50591,140221,8393.6,4664.0,2981.4,8313.6,8385.0,4665.2,2982.4,8308.4,8264.0,4603.2,2963.6,8183.6,3.040597398225997,2026-03-11,1.3124066131500856,True,1140,-50730,-51870
2026-03-11,IC2603,IF2603,IH2603,IM2603,20,20,20,20,95116,80164,30820,133037,-32835,-7195,-8423,-26370,71366,80298,35588,96122,-4937,-4560,-2036,-1630,78801,90861,41784,105848,-6866,-5022,-1891,-4230,-7435,-10563,-6196,-9726,1929,462,-145,2600,1929,462,0,2600,0,0,145,0,False,False,False,False,False,False,False,False,True,True,False,True,60985,51049,19995,89616,97524,107580,48141,133840,8360.0,4687.0,2983.8,8313.0,8371.0,4685.2,2983.8,8317.2,8385.0,4665.2,2982.4,8308.4,1.3124066131500856,2026-03-12,-0.9556564652354327,False,4846,-13163,-18009
2026-03-12,IC2603,IF2603,IH2603,IM2603,20,20,20,20,110230,88573,37867,156948,16004,13268,7374,24014,71302,75668,35662,95566,-64,-4630,239,-494,76307,86101,41495,103429,-2494,-4760,-263,-2419,-5005,-10433,-5833,-7863,2430,130,502,1925,2430,130,502,1925,0,0,0,0,False,False,True,False,False,False,False,False,True,True,True,True,70893,57171,24548,105033,95250,101734,48157,131145,8301.0,4658.4,2966.4,8277.2,8308.8,4661.6,2968.2,8279.0,8371.0,4685.2,2983.8,8317.2,-0.9556564652354327,2026-03-13,-0.21823530830258342,False,4987,-4949,-9936
2026-03-13,IC2603,IF2603,IH2603,IM2603,20,20,20,20,114774,93577,36153,171389,5093,6245,-1573,14700,68097,73442,33390,91850,-3200,-2076,-2257,-3699,72069,83718,38934,99426,-3657,-2362,-2186,-4003,-3972,-10276,-5544,-7576,457,286,-71,304,457,286,0,304,0,0,71,0,False,False,False,False,False,False,False,False,True,True,False,True,73173,58457,22688,112502,89653,98275,45092,126038,8213.8,4658.0,2957.0,8187.0,8229.8,4659.8,2959.6,8204.0,8308.8,4661.6,2968.2,8279.0,-0.21823530830258342,2026-03-16,1.4119651509842068,True,976,-11232,-12208
2026-03-16,IC2603,IF2603,IH2603,IM2603,20,20,20,20,129274,106926,52818,172086,14998,13549,17193,1545,65270,68042,32153,84148,-2771,-5400,-1235,-6843,68467,75278,36928,90991,-2629,-8440,-1384,-8435,-3197,-7236,-4775,-6843,-142,3040,149,1592,0,3040,149,1592,142,0,0,0,False,False,False,False,False,False,False,False,False,True,True,True,81995,67565,32801,112837,84448,89335,42749,114967,8178.4,4662.8,2952.0,8187.0,8167.2,4661.8,2953.2,8179.2,8229.8,4659.8,2959.6,8204.0,1.4119651509842068,2026-03-17,-2.2925094280045966,False,4639,-16249,-20888
2026-03-17,IC2603,IF2603,IH2603,IM2603,20,20,20,20,113033,115967,54131,166999,-12883,9041,1898,-4945,54041,61030,24610,74655,-11229,-6966,-7294,-8337,56196,65831,28856,78883,-11913,-8912,-7937,-12108,-2155,-4801,-4246,-4228,684,1946,643,3771,684,1946,643,3771,0,0,0,0,False,False,False,False,False,False,False,False,True,True,True,True,72130,72312,34019,109515,69093,78883,33412,100638,8000.0,4628.8,2962.0,8014.0,8024.4,4644.8,2970.0,8025.8,8167.2,4661.8,2953.2,8179.2,-2.2925094280045966,2026-03-18,2.0216093608043773,True,7044,-33826,-40870
2026-03-18,IC2603,IF2603,IH2603,IM2603,20,20,20,20,104518,103562,40893,159409,-7546,-10508,-12172,-5768,45063,45452,20441,57164,-8631,-15444,-4060,-17027,47241,48626,24272,62308,-8912,-16996,-4266,-16303,-2178,-3174,-3831,-5144,281,1552,206,-724,281,1552,206,0,0,0,0,724,False,False,False,False,False,False,False,False,True,True,True,False,65267,64108,25304,103417,56289,57806,27842,76840,8086.0,4651.4,2958.6,8080.4,8078.0,4647.6,2958.4,8077.6,8024.4,4644.8,2970.0,8025.8,2.0216093608043773,2026-03-19,-1.1137441466424813,False,1315,-45162,-46477
2026-03-19,IC2606,IF2606,IH2606,IM2606,20,20,20,20,139494,90211,42916,182374,41954,24606,14815,47599,107417,99958,36993,124883,13275,12138,5781,13106,121066,115553,47051,149689,10568,11782,6528,11428,-13649,-15595,-10058,-24806,2707,356,-747,1678,2707,356,0,1678,0,0,747,0,True,True,True,True,True,True,True,True,True,True,False,True,91263,59055,27807,126183,149158,139631,53932,185709,7671.0,4502.2,2893.8,7681.0,7648.4,4499.2,2893.2,7656.6,7891.0,4572.2,2941.4,7848.8,-1.1137441466424813,2026-03-20,1.2994469795412744,True,3994,44300,40306
2026-03-20,IC2606,IF2606,IH2606,IM2606,20,20,20,20,155638,97805,47457,217008,16781,8092,5370,36293,110318,100656,39137,134169,3386,724,2404,10015,125763,117399,50041,160812,4728,1846,3206,11123,-15445,-16743,-10904,-26643,-1342,-1122,-802,-1108,0,0,0,0,1342,1122,802,1108,True,True,True,True,True,True,True,True,False,False,False,False,104148,64425,30791,152013,154680,142275,57522,199728,7559.4,4486.4,2865.8,7560.0,7606.2,4504.8,2874.6,7612.6,7648.4,4499.2,2893.2,7656.6,1.2994469795412744,2026-03-23,-3.4867694877837807,False,-4374,16529,20903
2026-03-23,IC2606,IF2606,IH2606,IM2606,20,20,20,20,198957,136138,66754,283177,44833,38613,19719,69088,116358,106282,45204,145279,6439,5627,6270,11110,132485,123069,56204,171838,6844,5993,6234,11026,-16127,-16787,-11000,-26559,-405,-366,36,84,0,0,36,84,405,366,0,0,True,True,True,True,True,True,True,True,False,False,True,True,130671,89178,44549,197317,162386,150376,64551,213893,7235.0,4344.4,2776.0,7190.0,7213.4,4327.2,2764.6,7166.0,7606.2,4504.8,2874.6,7612.6,-3.4867694877837807,2026-03-24,0.5047570180698902,True,-651,29446,30097
2026-03-24,IC2606,IF2606,IH2606,IM2606,20,20,20,20,179990,100840,49943,262325,-17374,-35129,-16265,-18564,112540,99171,40370,141573,-3496,-6764,-4609,-2713,127892,115101,50886,167523,-4593,-7422,-5195,-4315,-15352,-15930,-10516,-25950,1097,658,586,1602,1097,658,586,1602,0,0,0,0,False,False,False,False,False,False,False,False,True,True,True,True,118729,66297,32738,182407,157694,141342,58708,208156,7409.6,4388.4,2810.6,7387.2,7369.8,4379.6,2807.4,7350.2,7213.4,4327.2,2764.6,7166.0,0.5047570180698902,2026-03-25,2.011963525088034,True,3943,-17582,-21525
2026-03-25,IC2606,IF2606,IH2606,IM2606,20,20,20,20,160357,88913,41842,201690,-19279,-11773,-7918,-59287,108772,99036,38276,130021,-2742,-135,-1883,-11552,124460,114398,49029,155791,-3432,-190,-1835,-11495,-15688,-15362,-10753,-25770,690,55,-48,-57,690,55,0,0,0,0,48,57,False,False,False,False,False,False,False,False,True,True,False,False,106784,58835,27357,139630,153518,140576,56159,194128,7530.0,4450.0,2830.0,7477.4,7549.4,4449.6,2832.4,7490.0,7369.8,4379.6,2807.4,7350.2,2.011963525088034,2026-03-26,-1.340982884982378,False,640,-16312,-16952
2026-03-26,IC2606,IF2606,IH2606,IM2606,20,20,20,20,126035,74419,34128,178116,-33812,-14334,-7083,-23571,104828,97056,37588,133659,-3464,-1944,-688,3822,120149,112231,48499,157831,-3648,-1481,-502,2411,-15321,-15175,-10911,-24172,184,-463,-186,1411,184,0,0,1411,0,463,186,0,False,False,False,True,False,False,False,True,True,False,False,True,82703,49467,22496,121731,149308,137239,55466,197017,7413.8,4396.0,2804.8,7375.6,7425.8,4395.8,2803.6,7385.4,7549.4,4449.6,2832.4,7490.0,-1.340982884982378,2026-03-27,0.7147462635485713,True,946,-2274,-3220
2026-03-27,IC2606,IF2606,IH2606,IM2606,20,20,20,20,142117,79076,38631,204817,16213,5786,4678,27268,108087,99207,38366,133832,3746,2239,1224,281,124693,114551,49004,158971,4700,2320,842,1330,-16606,-15344,-10638,-25139,-954,-81,382,-1049,0,0,382,0,954,81,0,1049,True,True,True,True,True,True,True,True,False,False,True,False,94768,52315,25549,142109,153449,140907,56140,198341,7559.2,4427.4,2814.4,7523.8,7541.2,4428.4,2816.8,7502.0,7425.8,4395.8,2803.6,7385.4,0.7147462635485713,2026-03-30,-0.6832773037853346,False,-1702,7490,9192
2026-03-30,IC2606,IF2606,IH2606,IM2606,20,20,20,20,148052,83874,40772,213383,5935,5202,2778,10794,105901,96727,38343,134076,-2165,-2480,72,357,123189,111554,49164,158743,-1504,-2997,276,-159,-17288,-14827,-10821,-24667,-661,517,-204,516,0,517,0,516,661,0,204,0,False,False,True,True,False,False,True,False,False,True,False,True,98144,55057,26457,146546,150647,137054,55729,199034,7560.6,4414.0,2812.4,7509.4,7555.8,4409.8,2813.2,7506.0,7541.2,4428.4,2816.8,7502.0,-0.6832773037853346,2026-03-31,-2.7008944937312207,False,168,-4216,-4384
2026-03-31,IC2606,IF2606,IH2606,IM2606,20,20,20,20,148954,86808,44612,210730,1336,3230,3874,-1042,108940,97669,38492,134490,3250,996,290,414,125932,113304,48280,161448,2743,1750,-783,2705,-16992,-15635,-9788,-26958,507,-754,1073,-2291,507,0,1073,0,0,754,0,2291,True,True,True,True,True,True,False,True,True,False,True,False,99001,57873,28712,146234,154924,139291,55483,201094,7425.0,4375.8,2804.0,7379.4,7438.4,4379.2,2809.0,7381.6,7555.8,4409.8,2813.2,7506.0,-2.7008944937312207,2026-04-01,1.964552033783895,True,-1465,4950,6415
2026-04-01,IC2606,IF2606,IH2606,IM2606,20,20,20,20,138056,78631,39474,191895,-9614,-7530,-4757,-18324,105187,95999,37855,129308,-3687,-1633,-620,-5182,122785,110345,47337,157209,-3147,-2959,-856,-4239,-17598,-14346,-9482,-27901,-540,1326,236,-943,0,1326,236,0,540,0,0,943,False,False,False,False,False,False,False,False,False,True,True,False,91572,53071,26208,133854,150714,136771,54582,196543,7565.8,4448.2,2853.8,7518.6,7561.4,4445.8,2856.4,7514.4,7438.4,4379.2,2809.0,7381.6,1.964552033783895,2026-04-02,-2.3054515445632306,False,79,-11122,-11201
2026-04-02,IC2606,IF2606,IH2606,IM2606,20,20,20,20,141143,79687,37480,190818,4329,2149,-1771,448,108377,97429,36795,136055,3280,1430,-980,7081,123187,111283,46422,162766,402,938,-848,5962,-14810,-13854,-9627,-26711,2878,492,-132,1119,2878,492,0,1119,0,0,132,0,True,True,False,True,True,True,False,True,True,True,False,True,93435,53008,24390,133318,153081,138037,53206,204065,7409.6,4390.2,2827.6,7371.6,7378.0,4380.0,2820.0,7345.6,7561.4,4445.8,2856.4,7514.4,-2.3054515445632306,2026-04-03,-0.7265219926559818,False,4357,10811,6454
2026-04-03,IC2606,IF2606,IH2606,IM2606,20,20,20,20,121185,71516,31404,189620,-19932,-8049,-5846,-211,101569,94808,35456,132425,-6584,-2374,-1274,-3404,116347,108253,45244,158836,-6646,-3030,-1155,-3930,-14778,-13445,-9788,-26411,62,656,-119,526,62,656,0,526,0,0,119,0,False,False,False,False,False,False,False,False,True,True,False,True,78708,46962,20645,131935,145457,134794,51815,200101,7352.0,4362.2,2804.4,7309.4,7358.6,4357.2,2804.0,7324.2,7378.0,4380.0,2820.0,7345.6,-0.7265219926559818,2026-04-07,0.35623571247143104,True,1125,-13636,-14761
2026-04-07,IC2606,IF2606,IH2606,IM2606,20,20,20,20,107811,61769,29871,164110,-12704,-9254,-1240,-23924,101944,95419,37029,128034,433,611,1573,-4391,117536,108891,46933,154806,1346,638,1939,-4030,-15592,-13472,-9904,-26772,-913,-27,-366,-361,0,0,0,0,913,27,366,361,True,True,True,False,True,True,True,False,False,False,False,False,70619,39916,19156,113811,145512,134908,53412,193891,7388.8,4360.0,2798.4,7376.6,7391.2,4365.0,2801.8,7379.2,7358.6,4357.2,2804.0,7324.2,0.35623571247143104,2026-04-08,5.90954246050075,True,-1667,-1774,-107
2026-04-08,IC2606,IF2606,IH2606,IM2606,20,20,20,20,161094,109842,52892,200123,53672,49476,23263,38224,111140,100416,40688,131837,9291,5626,3997,4833,129961,115619,51116,162026,12425,7204,4442,7461,-18821,-15203,-10428,-30189,-3134,-1578,-445,-2628,0,0,0,0,3134,1578,445,2628,True,True,True,True,True,True,True,True,False,False,False,False,107885,72939,34721,142337,160623,142547,58098,202176,7831.8,4539.6,2886.0,7778.0,7807.0,4532.4,2883.2,7762.6,7391.2,4365.0,2801.8,7379.2,5.90954246050075,2026-04-09,-0.7261897293890263,False,-7785,23747,31532
2026-04-09,IC2606,IF2606,IH2606,IM2606,20,20,20,20,116375,66960,33307,146920,-44719,-40780,-19159,-50617,102436,94296,36165,124416,-8434,-5704,-4208,-7421,120806,108776,46499,153389,-9155,-6757,-4479,-8224,-18370,-14480,-10334,-28973,721,1053,271,803,721,1053,271,803,0,0,0,0,False,False,False,False,False,False,False,False,True,True,True,True,77423,44564,21510,102250,148538,133719,52852,191098,7748.8,4500.0,2860.6,7709.4,7745.4,4496.6,2859.0,7711.4,7807.0,4532.4,2883.2,7762.6,-0.7261897293890263,2026-04-10,3.776065958535191,True,2848,-25767,-28615
2026-04-10,IC2606,IF2606,IH2606,IM2606,20,20,20,20,136573,87052,40022,163808,20354,20494,6988,17838,107831,98497,37695,128160,5521,4309,1530,3744,127115,113570,47443,157774,6309,4827,1367,4385,-19284,-15073,-9748,-29614,-788,-518,163,-641,0,0,163,0,788,518,0,641,True,True,True,True,True,True,True,True,False,False,True,False,92493,59681,26301,116023,156816,140107,54272,197340,7828.6,4562.0,2873.2,7785.8,7846.8,4573.4,2878.0,7803.0,7745.4,4496.6,2859.0,7711.4,3.776065958535191,2026-04-13,0.801730461988126,True,-1784,15104,16888
2026-04-13,IC2606,IF2606,IH2606,IM2606,20,20,20,20,105491,68641,31678,138150,-28624,-18050,-8067,-25047,99745,93223,34915,121587,-7331,-5098,-2780,-6573,119178,107545,44345,150387,-7474,-6025,-3098,-7387,-19433,-14322,-9430,-28800,143,927,318,814,143,927,318,814,0,0,0,0,False,False,False,False,False,False,False,False,True,True,True,True,69300,44872,20189,96412,147814,132738,50725,188693,7808.8,4570.6,2873.0,7795.6,7820.8,4572.0,2872.2,7800.8,7846.8,4573.4,2878.0,7803.0,0.801730461988126,2026-04-14,2.3613236529323123,True,2202,-21782,-23984
2026-04-14,IC2606,IF2606,IH2606,IM2606,20,20,20,20,126240,79855,36343,168864,21345,11935,5070,31001,106458,97963,37420,127044,7278,4740,2518,5491,126973,113524,46324,157473,7795,5979,1979,7086,-20515,-15561,-8904,-30429,-517,-1239,539,-1595,0,0,539,0,517,1239,0,1595,True,True,True,True,True,True,True,True,False,False,True,False,86041,54260,23638,119386,156963,139985,53443,198017,7938.4,4639.6,2898.4,7913.0,7907.2,4620.6,2891.4,7883.2,7820.8,4572.0,2872.2,7800.8,2.3613236529323123,2026-04-15,-1.2243819779515719,False,-2812,20027,22839
2026-04-15,IC2606,IF2606,IH2606,IM2606,20,20,20,20,119890,80522,37450,152170,-5483,882,1675,-16205,102413,97238,36939,120556,-3828,-505,-479,-5700,123668,113513,44781,150641,-3083,-11,-1308,-6832,-21255,-16275,-7842,-30085,-745,-494,829,1132,0,0,829,1132,745,494,0,0,False,False,False,False,False,False,False,False,False,False,True,True,80222,53963,24050,106521,152519,139812,51801,190136,7904.0,4625.2,2907.6,7904.6,7915.4,4626.6,2910.4,7908.4,7907.2,4620.6,2891.4,7883.2,-1.2243819779515719,2026-04-16,3.166750119489259,True,722,-10512,-11234
2026-04-16,IC2606,IF2606,IH2606,IM2606,20,20,20,20,125681,78678,36392,160875,7120,-1034,-543,9788,106133,98318,38258,128789,4446,1463,1319,8444,129613,114682,46751,159390,6152,1169,2035,8749,-23480,-16364,-8493,-30601,-1706,294,-716,-305,0,294,0,0,1706,0,716,305,True,True,True,True,True,True,True,True,False,True,False,False,84522,53861,23772,114952,158421,141692,54191,201376,8065.0,4677.8,2920.0,8052.2,8064.2,4677.6,2921.6,8053.8,7915.4,4626.6,2910.4,7908.4,3.166750119489259,2026-04-17,1.4345319019267722,True,-2433,15672,18105
2026-04-17,IC2606,IF2606,IH2606,IM2606,20,20,20,20,107956,73822,36819,166062,-17325,-4509,702,7014,100617,97592,38355,126863,-5218,-726,97,-1926,123119,112642,47340,156668,-6470,-2040,771,-2722,-22502,-15050,-8985,-29805,1252,1314,-674,796,1252,1314,0,796,0,0,674,0,False,False,True,False,False,False,True,False,True,True,False,True,72169,48719,24673,116651,151472,139296,55456,199118,8098.8,4667.0,2888.0,8132.0,8089.6,4665.8,2892.0,8130.6,8064.2,4677.6,2921.6,8053.8,1.4345319019267722,2026-04-20,-0.019302447604729878,False,2688,-7773,-10461
2026-04-20,IC2606,IF2606,IH2606,IM2606,20,20,20,20,111268,81304,37026,145037,3886,7777,758,-18791,106833,101291,39787,126283,6661,3953,1633,-288,130368,116082,48509,155953,7249,3440,1688,-715,-23535,-14791,-8722,-29670,-588,513,-55,427,0,513,0,427,588,0,55,0,True,True,True,False,True,True,True,False,False,True,False,True,74383,54531,24765,101568,158814,144611,56749,197522,8146.2,4696.6,2918.0,8159.2,8155.8,4694.0,2914.4,8171.2,8089.6,4665.8,2892.0,8130.6,-0.019302447604729878,2026-04-21,0.30889878670212756,True,297,11959,11662
2026-04-21,IC2606,IF2606,IH2606,IM2606,20,20,20,20,103312,73039,35200,140244,-7594,-7742,-1532,-4091,101100,96678,38873,124871,-5708,-4613,-897,-1412,122544,110775,47763,151647,-7526,-5307,-687,-4306,-21444,-14097,-8890,-26776,1818,694,-210,2894,1818,694,0,2894,0,0,210,0,False,False,False,False,False,False,False,False,True,True,False,True,68719,48681,22752,98498,150214,138220,55951,193709,8124.4,4707.8,2916.6,8170.0,8125.0,4705.0,2915.8,8164.0,8155.8,4694.0,2914.4,8171.2,0.30889878670212756,2026-04-22,1.7300362705817918,True,5196,-12630,-17826
2026-04-22,IC2606,IF2606,IH2606,IM2606,20,20,20,20,112652,76703,35105,162934,9462,4146,643,23597,102859,98829,40209,129458,1932,2151,1354,4587,125607,113469,49359,159492,3063,2835,1922,7845,-22748,-14640,-9150,-30034,-1131,-684,-568,-3258,0,0,0,0,1131,684,568,3258,True,True,True,True,True,True,True,True,False,False,False,False,75950,51772,23286,115334,153427,141181,57449,202394,8264.2,4744.8,2917.8,8322.8,8240.2,4737.4,2913.4,8301.6,8125.0,4705.0,2915.8,8164.0,1.7300362705817918,2026-04-23,-0.866295739668943,False,-5641,10024,15665
2026-04-23,IC2606,IF2606,IH2606,IM2606,20,20,20,20,146722,104891,51277,212483,34397,28922,16233,49680,108688,100481,43109,138250,6412,1732,2922,8874,129799,112959,52360,164367,4261,-510,3281,4875,-21111,-12478,-9251,-26117,2151,2242,-359,3999,2151,2242,0,3999,0,0,359,0,True,True,True,True,True,False,True,True,True,True,False,True,99438,70330,34040,150090,159238,141725,60680,209404,8177.0,4724.4,2911.2,8219.2,8166.4,4720.2,2909.6,8206.0,8240.2,4737.4,2913.4,8301.6,-0.866295739668943,2026-04-24,-1.4101202876150798,False,8033,19940,11907
2026-04-24,IC2606,IF2606,IH2606,IM2606,20,20,20,20,147069,91007,49707,201012,1006,-13239,-1362,-11079,104146,97751,41458,137353,-4307,-2565,-1617,-611,125636,111438,50850,164347,-3981,-1495,-1430,-20,-21490,-13687,-9392,-26994,-326,-1070,-187,-591,0,0,0,0,326,1070,187,591,False,False,False,False,False,False,False,False,False,False,False,False,97813,60653,33589,143941,154408,138176,58743,209086,8132.8,4713.6,2929.0,8163.0,8158.8,4721.0,2929.8,8194.8,8166.4,4720.2,2909.6,8206.0,-1.4101202876150798,2026-04-27,-0.5180231147366654,False,-2174,-9100,-6926
2026-04-27,IC2606,IF2606,IH2606,IM2606,20,20,20,20,102188,71749,38157,150527,-43903,-18645,-10992,-49949,98872,96144,40244,131677,-5239,-1573,-1002,-5605,119581,109866,49973,159637,-5916,-1572,-534,-4710,-20709,-13722,-9729,-27960,677,-1,-468,-895,677,0,0,0,0,1,468,895,False,False,False,False,False,False,False,False,True,False,False,False,68000,47578,25131,104876,147106,136394,57744,201381,8186.4,4715.6,2922.4,8199.2,8185.4,4715.2,2921.0,8201.6,8158.8,4721.0,2929.8,8194.8,-0.5180231147366654,2026-04-28,-1.4273224822475394,False,-687,-13419,-12732
2026-04-28,IC2606,IF2606,IH2606,IM2606,20,20,20,20,115664,76022,39230,178234,14118,5116,1826,28416,102579,97380,41338,138173,3707,1236,1105,6510,123387,110578,50349,164731,3885,712,489,5094,-20808,-13198,-9011,-26558,-178,524,616,1416,0,524,616,1416,178,0,0,0,True,True,True,True,True,True,True,True,False,True,True,True,77268,50106,26735,125973,151485,136927,57936,208766,8094.6,4702.4,2930.2,8103.6,8085.8,4698.2,2929.0,8090.0,8185.4,4715.2,2921.0,8201.6,-1.4273224822475394,2026-04-29,2.5150762780429936,True,2378,12558,10180
2026-04-29,IC2606,IF2606,IH2606,IM2606,20,20,20,20,124043,85900,43121,173959,9538,11188,4145,-3644,101891,99925,42034,133220,-89,2662,740,-4834,124502,114609,51705,162575,1303,4031,2065,-2156,-22611,-14684,-9671,-29355,-1392,-1369,-1325,-2678,0,0,0,0,1392,1369,1325,2678,False,True,True,False,True,True,True,False,False,False,False,False,83644,58415,29356,122459,152310,141827,59379,205283,8270.0,4766.0,2947.0,8246.0,8268.4,4766.2,2948.4,8254.8,8085.8,4698.2,2929.0,8090.0,2.5150762780429936,2026-04-30,-0.2717531331617451,False,-6764,-1521,5243
2026-04-30,IC2606,IF2606,IH2606,IM2606,20,20,20,20,97560,73457,43529,143221,-25438,-11873,1756,-29629,99405,97937,42007,131797,-2339,-1988,752,-1408,121693,111698,51599,161685,-2809,-2911,-39,-876,-22288,-13761,-9592,-29888,470,923,791,-532,470,923,791,0,0,0,0,532,False,False,True,False,False,False,False,False,True,True,True,False,65947,48678,28891,100591,148167,137863,59217,201984,8270.0,4763.4,2968.8,8279.2,8265.2,4761.4,2965.2,8273.8,8268.4,4766.2,2948.4,8254.8,-0.2717531331617451,2026-05-06,2.7469643609860928,True,1652,-4983,-6635
2026-05-06,IC2606,IF2606,IH2606,IM2606,20,20,20,20,122566,96079,49360,181713,25836,23360,6390,39372,106117,105870,43998,136329,7587,7933,2094,5401,128885,119772,53490,167693,7585,8566,2106,6008,-22768,-13902,-9492,-31364,2,-633,-12,-607,2,0,0,0,0,633,12,607,True,True,True,True,True,True,True,True,True,False,False,False,82861,65439,32480,125707,159098,149562,61146,209410,8497.6,4839.4,3007.6,8461.6,8509.8,4840.2,3008.0,8480.4,8265.2,4761.4,2965.2,8273.8,2.7469643609860928,2026-05-07,1.4530882757744612,True,-1250,23015,24265
2026-05-07,IC2606,IF2606,IH2606,IM2606,20,20,20,20,99818,71997,35477,149358,-22441,-22310,-12678,-30745,101998,99229,42001,133002,-3801,-6641,-1874,-2932,124790,113380,51269,164012,-3940,-6145,-2077,-3070,-22792,-14151,-9268,-31010,139,-496,203,138,139,0,203,138,0,496,0,0,False,False,False,False,False,False,False,False,True,False,True,True,66653,47821,23396,105701,152162,139375,58594,203897,8624.8,4862.4,3012.0,8627.6,8623.4,4862.6,3011.4,8624.6,8509.8,4840.2,3008.0,8480.4,1.4530882757744612,2026-05-08,-0.963460003235006,False,-16,-15248,-15232
2026-05-08,IC2606,IF2606,IH2606,IM2606,20,20,20,20,98567,72599,43483,148756,-879,2016,9276,-119,102276,102098,42511,131963,305,2886,585,-722,124860,115977,51525,162128,232,2597,552,-1884,-22584,-13879,-9014,-30165,73,289,33,1162,73,289,33,1162,0,0,0,0,True,True,True,False,True,True,True,False,True,True,True,True,66400,48802,29243,104560,152876,142019,59388,202338,8620.8,4836.8,2981.6,8642.2,8619.2,4832.8,2981.4,8645.4,8623.4,4862.6,3011.4,8624.6,-0.963460003235006,2026-05-11,3.499353288744045,True,1557,3054,1497
2026-05-11,IC2606,IF2606,IH2606,IM2606,20,20,20,20,139610,104118,55553,192272,41445,31804,12649,44448,109785,106538,45288,140563,7894,4778,2777,8926,133211,121913,53863,172207,8597,6044,2745,10382,-23426,-15375,-8575,-31644,-703,-1266,32,-1456,0,0,32,0,703,1266,0,1456,True,True,True,True,True,True,True,True,False,False,True,False,92144,69715,37231,132269,162230,148526,62362,213675,8738.6,4912.6,3022.8,8723.0,8752.2,4917.0,3022.8,8745.6,8619.2,4832.8,2981.4,8645.4,3.499353288744045,2026-05-12,0.15042110273175702,True,-3393,24375,27768
2026-05-12,IC2606,IF2606,IH2606,IM2606,20,20,20,20,121019,84121,46365,171708,-18139,-19339,-8687,-18694,104190,103007,42894,134335,-5408,-3498,-2304,-6118,125707,118086,50849,161575,-7254,-3827,-2908,-10493,-21517,-15079,-7955,-27240,1846,329,604,4375,1846,329,604,4375,0,0,0,0,False,False,False,False,False,False,False,False,True,True,True,True,80291,56132,29636,118147,153875,143740,59214,202384,8695.4,4911.6,3029.2,8701.8,8701.4,4909.2,3025.8,8700.8,8752.2,4917.0,3022.8,8745.6,0.15042110273175702,2026-05-13,2.629050949457157,True,7154,-17328,-24482
2026-05-13,IC2606,IF2606,IH2606,IM2606,20,20,20,20,137987,99809,50587,200869,17222,16616,4715,29447,109083,109293,45153,146086,5627,6716,2307,12034,132519,124535,53564,177117,6812,6449,2770,15542,-23436,-15242,-8411,-31031,-1185,267,-463,-3508,0,267,0,0,1185,0,463,3508,True,True,True,True,True,True,True,True,False,True,False,False,92744,67401,34283,140651,161610,151660,62374,222170,8850.2,4968.8,3033.0,8870.6,8838.8,4960.4,3031.0,8856.8,8701.4,4909.2,3025.8,8700.8,2.629050949457157,2026-05-14,-2.159060799885104,False,-4889,26684,31573
2026-05-14,IC2606,IF2606,IH2606,IM2606,20,20,20,20,197968,128897,61497,256339,61235,30606,11253,57066,120485,112181,45610,154360,12028,2888,457,8359,139537,123644,53879,179567,7327,-891,315,2689,-19052,-11463,-8269,-25207,4701,3779,142,5670,4701,3779,142,5670,0,0,0,0,True,True,True,True,True,False,True,True,True,True,True,True,133564,87614,40676,183972,172900,152082,63848,227104,8608.0,4884.4,2984.6,8689.8,8660.2,4904.0,2994.0,8743.8,8838.8,4960.4,3031.0,8856.8,-2.159060799885104,2026-05-15,-0.5588260603268891,False,14292,23732,9440
2026-05-15,IC2606,IF2606,IH2606,IM2606,20,20,20,20,232312,147322,71591,320006,34561,19034,10988,66709,123414,119165,47451,169321,2929,6984,1852,14961,142923,131234,55078,193867,3386,8524,1628,14303,-19509,-12069,-7627,-24546,-457,-1540,224,658,0,0,224,658,457,1540,0,0,True,True,True,True,True,True,True,True,False,False,True,True,155372,99176,47469,225763,176456,160730,65623,244556,8448.8,4824.0,2945.0,8582.6,8429.8,4812.6,2938.0,8563.2,8660.2,4904.0,2994.0,8743.8,-0.5588260603268891,2026-05-18,-0.36090057163800093,False,-1115,26726,27841
2026-05-18,IC2606,IF2606,IH2606,IM2606,20,20,20,20,157973,104741,56828,235526,-73586,-41416,-14635,-81395,112709,108932,44204,158322,-10388,-10233,-3247,-10999,131805,122192,51323,183574,-11020,-9042,-3563,-10293,-19096,-13260,-7119,-25252,632,-1191,316,-706,632,0,316,0,0,1191,0,706,False,False,False,False,False,False,False,False,True,False,True,False,103844,68281,35898,163728,163811,149184,61829,232393,8479.2,4802.0,2922.4,8632.6,8443.4,4783.6,2913.0,8594.2,8429.8,4812.6,2938.0,8563.2,-0.36090057163800093,2026-05-19,-0.1645005721759074,False,-949,-34867,-33918
2026-05-19,IC2606,IF2606,IH2606,IM2606,20,20,20,20,178278,111102,54667,253811,20786,6997,-1812,19215,119182,109852,44140,164023,6473,960,-2,6088,135888,122614,51751,189492,4929,422,497,5918,-16706,-12762,-7611,-25469,1544,538,-499,170,1544,538,0,170,0,0,499,0,True,True,False,True,True,True,True,True,True,True,False,True,118465,72772,35436,178213,168041,148652,61038,239001,8535.2,4813.2,2931.4,8718.6,8519.4,4801.4,2925.4,8692.4,8443.4,4783.6,2913.0,8594.2,-0.1645005721759074,2026-05-20,0.34156850303446173,True,1753,13519,11766
2026-05-20,IC2606,IF2606,IH2606,IM2606,20,20,20,20,164733,100249,50193,248577,-13419,-10791,-4248,-3604,110300,101538,40632,151998,-8457,-8314,-3438,-12025,125938,113805,48741,174578,-9688,-8809,-3010,-14880,-15638,-12267,-8109,-22580,1231,495,-428,2855,1231,495,0,2855,0,0,428,0,False,False,False,False,False,False,False,False,True,True,False,True,108580,64757,32283,170932,157070,138798,57278,222868,8573.8,4806.6,2934.8,8705.0,8556.6,4805.6,2933.2,8682.4,8519.4,4801.4,2925.4,8692.4,0.34156850303446173,2026-05-21,-2.346122561381403,False,4153,-32234,-36387
2026-05-21,IC2606,IF2606,IH2606,IM2606,20,20,20,20,216069,146569,72390,310349,51925,47480,22458,63480,123273,111260,46153,163268,13035,10126,5521,11270,139225,122686,54166,184308,13747,8881,5506,9934,-15952,-11426,-8013,-21040,-712,1245,15,1336,0,1245,15,1336,712,0,0,0,True,True,True,True,True,True,True,True,False,True,True,True,146781,99519,47227,217179,171761,150080,63395,233286,8326.8,4743.0,2903.8,8438.2,8404.6,4776.6,2919.6,8507.2,8556.6,4805.6,2933.2,8682.4,-2.346122561381403,2026-05-22,2.8388053621879017,True,1884,39952,38068
2026-05-22,IC2606,IF2606,IH2606,IM2606,20,20,20,20,181821,110537,56389,272751,-33028,-35647,-15398,-36931,113539,101670,41856,157949,-9620,-9162,-4271,-4745,129503,114023,49541,180365,-9140,-8663,-4420,-3943,-15964,-12353,-7685,-22416,-480,-499,149,-802,0,0,149,0,480,499,0,802,False,False,False,False,False,False,False,False,False,False,True,False,119676,71603,36248,189189,160416,138493,58951,229122,8469.2,4788.2,2899.2,8589.8,8493.0,4798.6,2904.6,8609.0,8404.6,4776.6,2919.6,8507.2,2.8388053621879017,2026-05-25,2.098768566713205,True,-1632,-27798,-26166
2026-05-25,IC2606,IF2606,IH2606,IM2606,20,20,20,20,164040,107068,57765,234095,-16687,-3469,2301,-38260,110955,100064,42598,146761,-2104,-1339,742,-10105,124940,112048,49883,168833,-4327,-1664,447,-11532,-13985,-11984,-7285,-22072,2223,325,295,1427,2223,325,295,1427,0,0,0,0,False,False,True,False,False,False,True,False,True,True,True,True,106542,69836,38202,158385,156252,136285,58574,214502,8582.8,4852.6,2943.2,8661.4,8581.4,4855.8,2942.8,8672.8,8493.0,4798.6,2904.6,8609.0,2.098768566713205,2026-05-26,0.5448676501308203,True,4270,-12806,-17076
2026-05-26,IC2606,IF2606,IH2606,IM2606,20,20,20,20,178203,123257,58143,259782,14868,16995,612,25794,110857,101059,40180,153080,-24,995,-2120,6586,122892,112911,47095,173111,-1883,863,-2541,4278,-12035,-11852,-6915,-20031,1859,132,421,2308,1859,132,421,2308,0,0,0,0,False,True,False,True,False,True,False,True,True,True,True,True,117245,81237,37153,181186,154423,138238,56070,220892,8565.0,4899.2,2955.6,8596.0,8523.0,4881.2,2946.8,8547.0,8581.4,4855.8,2942.8,8672.8,0.5448676501308203,2026-05-27,0.06678093626872883,True,4720,5437,717
2026-05-27,IC2606,IF2606,IH2606,IM2606,20,20,20,20,198766,123264,72375,272882,20952,7,14619,13955,114877,97172,44902,148109,4896,-3887,4722,-4971,127930,109244,50660,167309,5261,-3667,4685,-5802,-13053,-12072,-5758,-19200,-365,-220,37,831,0,0,37,831,365,220,0,0,True,False,True,False,True,False,True,False,False,False,True,True,131059,79957,47101,189151,158225,132712,61355,212514,8415.8,4857.2,2910.8,8441.2,8418.8,4856.0,2910.8,8430.4,8523.0,4881.2,2946.8,8547.0,0.06678093626872883,2026-05-28,1.9600718775412362,True,283,760,477
2026-05-28,IC2606,IF2606,IH2606,IM2606,20,20,20,20,184577,123040,59453,274195,-12664,275,-12567,1734,106616,97118,41889,147853,-8227,-54,-3013,-256,121006,109229,47721,171663,-6924,-4,-2741,4354,-14390,-12111,-5832,-23810,-1303,-50,-272,-4610,0,0,0,0,1303,50,272,4610,False,False,False,False,False,False,False,True,False,False,False,False,118479,79535,38210,189036,149597,132476,58094,215868,8458.0,4856.0,2890.4,8524.4,8475.6,4862.0,2893.4,8540.8,8418.8,4856.0,2910.8,8430.4,1.9600718775412362,2026-05-29,-2.111964160608182,False,-6235,-11550,-5315
2026-05-29,IC2606,IF2606,IH2606,IM2606,20,20,20,20,195937,135045,67919,300811,12515,13242,8466,27262,111009,97776,45807,149149,4556,658,3918,1296,122691,109234,51257,170777,2051,5,4076,-886,-11682,-11458,-5450,-21628,2505,653,-158,2182,2505,653,0,2182,0,0,158,0,True,True,True,True,True,True,True,False,True,True,False,True,126854,88557,43547,207672,153227,133075,61644,215444,8274.6,4847.8,2900.6,8344.8,8250.6,4844.8,2895.8,8317.2,8475.6,4862.0,2893.4,8540.8,-2.111964160608182,2026-06-01,-2.1548062754615516,False,5182,10428,5246
2026-06-01,IC2606,IF2606,IH2606,IM2606,20,20,20,20,168800,123927,54719,275421,-26901,-10219,-13200,-23856,104138,94419,41356,152276,-6795,-3357,-4451,3127,116523,105909,46898,175422,-6168,-3325,-4090,4645,-12385,-11490,-5542,-23146,-627,-32,-361,-1518,0,0,0,0,627,32,361,1518,False,False,False,True,False,False,False,True,False,False,False,False,109411,80836,34909,185978,144727,128739,56607,219745,8225.2,4811.0,2880.2,8305.8,8228.2,4810.4,2879.2,8316.0,8250.6,4844.8,2895.8,8317.2,-2.1548062754615516,2026-06-02,2.6558236774033572,True,-2538,-11476,-8938
2026-06-02,IC2606,IF2606,IH2606,IM2606,20,20,20,20,165826,122815,55910,257076,-2754,-600,1397,-16866,103485,92879,42230,146419,-519,-1337,925,-4438,116636,104916,48711,168233,166,-993,1928,-6244,-13151,-12037,-6481,-21814,-685,-344,-1003,1806,0,0,0,1806,685,344,1003,0,False,False,True,False,True,False,True,False,False,False,False,True,107090,80922,36581,175916,144138,127141,57406,210218,8260.4,4878.6,2902.8,8324.6,8273.2,4883.4,2905.4,8337.0,8228.2,4810.4,2879.2,8316.0,2.6558236774033572,2026-06-03,1.6548853883383785,True,-226,-5369,-5143
2026-06-03,IC2606,IF2606,IH2606,IM2606,20,20,20,20,162192,133228,56332,253935,-2644,11134,739,-2855,100188,92128,39508,141032,-3051,-751,-2722,-5373,111906,104704,45753,160403,-4730,552,-2609,-7099,-11718,-12576,-6245,-19371,1679,-1303,-113,1726,1679,0,0,1726,0,1303,113,0,False,False,False,False,False,True,False,False,True,False,False,True,106019,87841,36499,172909,137771,127750,54284,201325,8314.2,4913.8,2907.8,8368.4,8301.8,4903.4,2906.6,8359.4,8273.2,4883.4,2905.4,8337.0,1.6548853883383785,2026-06-04,-0.8273122175896486,False,1989,-11897,-13886
2026-06-04,IC2606,IF2606,IH2606,IM2606,20,20,20,20,133688,105720,46991,198041,-28247,-27317,-8821,-54082,97369,84774,38610,134440,-2819,-6961,-715,-6033,109713,97767,44015,152231,-2193,-6829,-1357,-8172,-12344,-12993,-5405,-17791,-626,-132,642,2139,0,0,642,2139,626,132,0,0,False,False,False,False,False,False,False,False,False,False,True,True,85473,68628,30896,131965,133836,117531,52837,191874,8300.2,4871.0,2871.8,8354.8,8299.2,4870.6,2872.4,8350.6,8301.8,4903.4,2906.6,8359.4,-0.8273122175896486,2026-06-05,-3.20234391813895,False,2023,-16528,-18551
2026-06-05,IC2606,IF2606,IH2606,IM2606,20,20,20,20,179617,134308,62236,270751,46808,28742,15377,73509,103198,90468,42569,142995,5829,5751,4078,8862,114225,101498,48358,157763,4941,4102,4459,5532,-11027,-11030,-5789,-14768,888,1649,-381,3330,888,1649,0,3330,0,0,381,0,True,True,True,True,True,True,True,True,True,True,False,True,114107,86654,40601,181451,140622,122663,57634,200773,8190.6,4776.8,2844.0,8291.8,8202.6,4786.2,2849.0,8298.6,8299.2,4870.6,2872.4,8350.6,-3.20234391813895,2026-06-08,-3.6925774519067978,False,5486,24520,19034
2026-06-08,IC2606,IF2606,IH2606,IM2606,20,20,20,20,204249,139323,65771,300908,25401,5241,3653,32048,101997,87738,42426,145092,-1201,-2679,-36,2353,113345,97660,47099,160519,-870,-3838,-1255,2756,-11348,-9922,-4673,-15427,-331,1159,1219,-403,0,1159,1219,0,331,0,0,403,False,False,False,True,False,False,False,True,False,True,True,False,126464,89286,41918,200287,138659,118426,56466,201883,7935.0,4682.6,2813.0,8072.8,7917.0,4679.0,2808.4,8046.4,8202.6,4786.2,2849.0,8298.6,-3.6925774519067978,2026-06-09,3.9341096964943034,True,1644,-1563,-3207
2026-06-09,IC2606,IF2606,IH2606,IM2606,20,20,20,20,156426,108521,52414,242289,-46855,-30546,-13009,-57252,91455,81171,40814,127972,-10288,-6567,-1608,-15695,101741,90967,45646,141102,-11604,-6693,-1285,-19417,-10286,-9796,-4832,-13130,1316,126,-323,3722,1316,126,0,3722,0,0,323,0,False,False,False,False,False,False,False,False,True,True,False,True,97714,69069,33269,160340,124794,109772,54225,177843,8112.4,4743.6,2817.2,8233.4,8106.2,4742.4,2818.4,8237.2,7917.0,4679.0,2808.4,8046.4,3.9341096964943034,2026-06-10,-2.6998170000631094,False,4841,-34158,-38999
2026-06-10,IC2606,IF2606,IH2606,IM2606,20,20,20,20,154348,108140,56082,232292,-1236,311,3929,-9538,91243,77263,39872,130505,-212,-3855,-836,2766,101289,86365,44465,143019,-380,-4440,-1039,1965,-10046,-9102,-4593,-12514,168,585,203,801,168,585,203,801,0,0,0,0,False,False,False,True,False,False,False,True,True,True,True,True,96266,68264,35694,154308,124545,104272,52108,177936,8024.2,4721.4,2833.8,8162.2,8006.4,4715.0,2835.4,8147.0,8106.2,4742.4,2818.4,8237.2,-2.6998170000631094,2026-06-11,-1.12950381214022,False,1757,-2137,-3894
2026-06-11,IC2606,IF2606,IH2606,IM2606,20,20,20,20,156046,108406,46200,228124,1777,581,-9630,-3638,88379,75451,36391,124804,-2834,-1725,-3370,-5701,98240,84030,41366,138054,-2998,-2290,-3033,-4965,-9861,-8579,-4975,-13250,164,565,-337,-736,164,565,0,0,0,0,337,736,False,False,False,False,False,False,False,False,True,True,False,False,96052,68305,28621,149516,120366,101097,47978,171821,7990.8,4693.4,2835.8,8126.4,7965.2,4677.4,2830.8,8094.8,8006.4,4715.0,2835.4,8147.0,-1.12950381214022,2026-06-12,0.5011479173499422,True,-344,-13630,-13286
2026-06-12,IC2606,IF2606,IH2606,IM2606,20,20,20,20,160453,121057,62365,219677,6269,13688,17021,-7953,83125,71728,36573,114563,-5254,-3691,631,-9710,91604,77305,41579,126876,-6533,-5934,213,-11178,-8479,-5577,-5006,-12313,1279,2243,418,1468,1279,2243,418,1468,0,0,0,0,False,False,True,False,False,False,True,False,True,True,True,True,101801,76249,40456,146950,112831,94540,48977,158171,8117.2,4769.8,2897.2,8196.8,8111.2,4766.4,2892.8,8191.8,7965.2,4677.4,2830.8,8094.8,0.5011479173499422,2026-06-15,5.304476092263122,True,5408,-18024,-23432
2026-06-15,IC2606,IF2606,IH2606,IM2606,20,20,20,20,159641,117804,64546,200936,700,-3185,2588,-17833,78056,64825,32635,100101,-4819,-6778,-3938,-13783,87077,68837,36954,109202,-4276,-8406,-4625,-16644,-9021,-4012,-4319,-9101,-543,1628,687,2861,0,1628,687,2861,543,0,0,0,False,False,False,False,False,False,False,False,False,True,True,True,100068,74674,39731,134896,104498,83327,43628,137607,8384.8,4880.0,2938.6,8475.2,8355.8,4865.2,2931.0,8453.4,8111.2,4766.4,2892.8,8191.8,5.304476092263122,2026-06-16,1.7208251829042842,True,4633,-29318,-33951
2026-06-16,IC2606,IF2606,IH2606,IM2606,20,20,20,20,127926,98350,47895,187407,-30230,-18561,-14571,-12948,63349,52501,25042,86497,-14469,-11871,-7554,-13604,70759,55811,27759,93427,-16318,-13002,-9195,-15650,-7410,-3310,-2717,-6930,1849,1131,1641,2046,1849,1131,1641,2046,0,0,0,0,False,False,False,False,False,False,False,False,True,True,True,True,80075,60182,30100,124372,84052,67700,33766,116720,8475.8,4875.2,2911.0,8602.4,8478.2,4878.0,2914.2,8609.6,8355.8,4865.2,2931.0,8453.4,1.7208251829042842,2026-06-17,1.5625380824482171,True,6667,-47498,-54165
2026-06-17,IC2606,IF2606,IH2606,IM2606,20,20,20,20,111484,90631,42239,153826,-14438,-6774,-5207,-31780,50071,42182,21377,63583,-13203,-9655,-3512,-22448,55472,46117,23096,67641,-14742,-8698,-4495,-25535,-5401,-3935,-1719,-4058,1539,-957,983,3087,1539,0,983,3087,0,957,0,0,False,False,False,False,False,False,False,False,True,False,True,True,68652,55239,25807,98806,65953,54429,27831,86061,8613.2,4928.0,2935.0,8695.0,8583.6,4907.4,2926.6,8660.8,8478.2,4878.0,2914.2,8609.6,1.5625380824482171,2026-06-18,2.047971586614028,True,4652,-48818,-53470
2026-06-18,IC2609,IF2609,IH2609,IM2609,20,20,20,20,134233,94141,42435,167052,31679,27384,9920,31964,110208,109428,42947,135836,12469,11694,5773,11930,132314,121899,57308,162373,15177,14029,6284,13291,-22106,-12471,-14361,-26537,-2708,-2335,-511,-1361,0,0,0,0,2708,2335,511,1361,True,True,True,True,True,True,True,True,False,False,False,False,88410,61213,28121,114746,162104,147088,64125,204527,8517.4,4862.8,2899.8,8510.0,8513.6,4853.4,2898.6,8505.6,8400.4,4802.0,2885.6,8414.0,2.047971586614028,2026-06-22,2.516232048330469,True,-6915,41866,48781
2026-06-22,IC2609,IF2609,IH2609,IM2609,20,20,20,20,170618,132244,74453,228512,36854,40074,33112,62952,118177,117767,51992,148223,8243,8339,9218,13153,139691,133973,67501,176403,7442,12074,10255,14393,-21514,-16206,-15509,-28180,801,-3735,-1037,-1240,801,0,0,0,0,3735,1037,1240,True,True,True,True,True,True,True,True,True,False,False,False,112647,88185,49450,158991,171790,161226,76460,221871,8650.0,4983.8,2978.0,8524.2,8634.2,4975.2,2975.2,8521.6,8513.6,4853.4,2898.6,8505.6,2.516232048330469,2026-06-23,-3.8353989893081586,False,-5211,38953,44164
2026-06-23,IC2609,IF2609,IH2609,IM2609,20,20,20,20,196910,156803,75519,241403,26671,25362,2006,14428,123111,121177,51275,149238,5044,4211,-641,2014,141236,136424,67413,175535,2071,2451,199,-766,-18125,-15247,-16138,-26297,2973,1760,-840,2780,2973,1760,0,2780,0,0,840,0,True,True,False,True,True,True,True,False,True,True,False,True,129547,105369,50120,169243,174176,164687,76305,221704,8455.0,4812.4,2884.6,8403.0,8428.6,4811.6,2884.0,8381.2,8634.2,4975.2,2975.2,8521.6,-3.8353989893081586,2026-06-24,1.4128653519998036,True,6673,10628,3955
2026-06-24,IC2609,IF2609,IH2609,IM2609,20,20,20,20,171033,107076,52631,208542,-23914,-49727,-22449,-32096,118057,111944,48220,142997,-4720,-8903,-3055,-5248,136908,127240,63846,170464,-4328,-8676,-3567,-4412,-18851,-15296,-15626,-27467,-392,-227,512,-836,0,0,512,0,392,227,0,836,False,False,False,False,False,False,False,False,False,False,True,False,114321,69308,33499,144567,169193,154821,71544,214962,8595.0,4830.8,2896.2,8472.4,8601.4,4832.0,2895.2,8486.8,8428.6,4811.6,2884.0,8381.2,1.4128653519998036,2026-06-25,2.8359936209548797,True,-943,-21926,-20983
2026-06-25,IC2609,IF2609,IH2609,IM2609,20,20,20,20,185156,121658,61727,211044,14644,15487,9671,3196,124626,115274,49864,143880,6616,3366,1791,1326,142607,130993,65306,172200,5699,3753,1607,1736,-17981,-15719,-15442,-28320,917,-387,184,-410,917,0,184,0,0,387,0,410,True,True,True,True,True,True,True,True,True,False,True,False,122306,81049,40016,144932,176339,159220,73405,216470,8699.4,4907.0,2924.8,8523.8,8688.2,4897.2,2920.2,8517.8,8601.4,4832.0,2895.2,8486.8,2.8359936209548797,2026-06-26,-4.06634049940644,False,304,13099,12795
