trade_date,secu_code,stock_code,security_name,trade_market,financing_balance_yuan,financing_buy_yuan,financing_repay_yuan,financing_net_buy_yuan,securities_lending_balance_yuan,margin_balance_yuan
2026-07-22,000001.SZ,000001,平安银行,深交所主板,4906065922,63580422,94684005,-31103583,19407150,4925473072
2026-07-22,000002.SZ,000002,万  科Ａ,深交所主板,2315558499,45075263,45833592,-758329,5758588,2321317087
2026-07-22,000006.SZ,000006,深振业Ａ,深交所主板,714526635,9707209,12819339,-3112130,758352,715284987
2026-07-22,000008.SZ,000008,神州高铁,深交所主板,236200956,4650058,5749803,-1099745,336528,236537484
2026-07-22,000009.SZ,000009,中国宝安,深交所主板,1846380928,8240246,10079047,-1838801,2456287,1848837215
2026-07-22,000012.SZ,000012,南  玻Ａ,深交所主板,629351371,11895852,115222474,-103326622,2736274,632087645
2026-07-22,000021.SZ,000021,深科技,深交所主板,2931836924,673185956,674553979,-1368023,27508670,2959345594
2026-07-22,000025.SZ,000025,特  力Ａ,深交所主板,239502549,5045526,5350154,-304628,803396,240305945
2026-07-22,000027.SZ,000027,深圳能源,深交所主板,546243737,17000856,22529396,-5528540,1156939,547400676
2026-07-22,000028.SZ,000028,国药一致,深交所主板,232568610,4861421,6380018,-1518597,2522601,235091211
2026-07-22,000029.SZ,000029,深深房Ａ,深交所主板,544657195,11206597,16706010,-5499413,2440085,547097280
2026-07-22,000030.SZ,000030,富奥股份,深交所主板,142924590,4306571,4259427,47144,2136835,145061425
2026-07-22,000031.SZ,000031,大悦城,深交所主板,276296819,6735320,6597532,137788,421367,276718186
2026-07-22,000032.SZ,000032,深桑达Ａ,深交所主板,897956419,37426714,47650250,-10223536,4720560,902676979
2026-07-22,000034.SZ,000034,神州数码,深交所主板,1739977773,313065081,335012605,-21947524,16113790,1756091563
2026-07-22,000035.SZ,000035,中国天楹,深交所主板,593972190,7712280,8990503,-1278223,870537,594842727
2026-07-22,000036.SZ,000036,华联控股,深交所主板,374682778,15239573,18156771,-2917198,423940,375106718
2026-07-22,000039.SZ,000039,中集集团,深交所主板,251963429,12821198,25475217,-12654019,3574996,255538425
2026-07-22,000042.SZ,000042,中洲控股,深交所主板,150630147,4714001,5503860,-789859,0,150630147
2026-07-22,000048.SZ,000048,京基智农,深交所主板,248324469,28131337,36238525,-8107188,1150915,249475384
2026-07-22,000049.SZ,000049,德赛电池,深交所主板,258770372,16394162,18469424,-2075262,2344524,261114896
2026-07-22,000050.SZ,000050,深天马Ａ,深交所主板,538013166,15193405,20458197,-5264792,2978315,540991481
2026-07-22,000055.SZ,000055,方大集团,深交所主板,105134094,3388352,2785612,602740,208329,105342423
2026-07-22,000058.SZ,000058,深 赛 格,深交所主板,156376354,3224705,2231747,992958,991768,157368122
2026-07-22,000059.SZ,000059,华锦股份,深交所主板,328854563,12519988,14886415,-2366427,1400223,330254786
2026-07-22,000060.SZ,000060,中金岭南,深交所主板,1821208458,126144853,112499873,13644980,8178588,1829387046
2026-07-22,000061.SZ,000061,农 产 品,深交所主板,401052477,13453333,8871596,4581737,1758498,402810975
2026-07-22,000062.SZ,000062,深圳华强,深交所主板,739248953,49667877,54568020,-4900143,5564403,744813356
2026-07-22,000063.SZ,000063,中兴通讯,深交所主板,10856088396,2574909459,2111676207,463233252,20928750,10877017146
2026-07-22,000065.SZ,000065,北方国际,深交所主板,748909208,11166315,9288388,1877927,2570322,751479530
2026-07-22,000066.SZ,000066,中国长城,深交所主板,2035144540,212034107,223872779,-11838672,5251353,2040395893
2026-07-22,000069.SZ,000069,华侨城Ａ,深交所主板,545892551,7787720,11366296,-3578576,744430,546636981
2026-07-22,000070.SZ,000070,特发信息,深交所主板,59548647,37409276,40878795,-3469519,0,59548647
2026-07-22,000088.SZ,000088,盐 田 港,深交所主板,248824308,7122190,7367779,-245589,18967392,267791700
2026-07-22,000089.SZ,000089,深圳机场,深交所主板,665002486,10765798,14285748,-3519950,557935,665560421
2026-07-22,000090.SZ,000090,天健集团,深交所主板,307339865,4302070,3878180,423890,1143072,308482937
2026-07-22,000099.SZ,000099,中信海直,深交所主板,541431374,9003393,10654234,-1650841,2319910,543751284
2026-07-22,000100.SZ,000100,TCL科技,深交所主板,4895235750,521932657,523059773,-1127116,11285329,4906521079
2026-07-22,000151.SZ,000151,中成股份,深交所主板,227189688,3024814,3032937,-8123,1198800,228388488
2026-07-22,000155.SZ,000155,川能动力,深交所主板,886085709,26186312,32946310,-6759998,560734,886646443
2026-07-22,000156.SZ,000156,华数传媒,深交所主板,431272722,7010239,5597637,1412602,1314000,432586722
2026-07-22,000157.SZ,000157,中联重科,深交所主板,2682405196,17628473,111409494,-93781021,146456364,2828861560
2026-07-22,000158.SZ,000158,常山北明,深交所主板,805150958,24039237,22855232,1184005,2085318,807236276
2026-07-22,000159.SZ,000159,国际实业,深交所主板,164592771,4121155,5930894,-1809739,266156,164858927
2026-07-22,000166.SZ,000166,申万宏源,深交所主板,3396418250,41543004,46815826,-5272822,4567260,3400985510
2026-07-22,000301.SZ,000301,东方盛虹,深交所主板,1520881394,20557857,23874716,-3316859,6275815,1527157209
2026-07-22,000333.SZ,000333,美的集团,深交所主板,3898123327,106074928,133210879,-27135951,169511978,4067635305
2026-07-22,000338.SZ,000338,潍柴动力,深交所主板,1641951387,91107740,92030451,-922711,18808425,1660759812
2026-07-22,000400.SZ,000400,许继电气,深交所主板,930068250,35934192,45813565,-9879373,8750988,938819238
2026-07-22,000401.SZ,000401,金隅冀东,深交所主板,298547876,1595678,3927577,-2331899,348789,298896665
2026-07-22,000402.SZ,000402,金 融 街,深交所主板,355057012,7501454,6120031,1381423,366865,355423877
2026-07-22,000403.SZ,000403,派林生物,深交所主板,527485441,9027362,9401268,-373906,3482332,530967773
2026-07-22,000404.SZ,000404,长虹华意,深交所主板,260899506,12197527,4735570,7461957,324317,261223823
2026-07-22,000408.SZ,000408,藏格矿业,深交所主板,1778375729,143458960,235381827,-91922867,58951200,1837326929
2026-07-22,000410.SZ,000410,沈阳机床,深交所主板,381415495,3850950,14076436,-10225486,114328,381529823
2026-07-22,000415.SZ,000415,渤海租赁,深交所主板,991423170,12057188,10314483,1742705,2409620,993832790
2026-07-22,000417.SZ,000417,合百集团,深交所主板,451298878,23511534,23971396,-459862,216116,451514994
2026-07-22,000420.SZ,000420,吉林化纤,深交所主板,449963221,16116048,11995725,4120323,3319034,453282255
2026-07-22,000422.SZ,000422,湖北宜化,深交所主板,957525413,50275796,41318927,8956869,5363149,962888562
2026-07-22,000423.SZ,000423,东阿阿胶,深交所主板,625824315,18858512,26139960,-7281448,53507888,679332203
2026-07-22,000425.SZ,000425,徐工机械,深交所主板,776987444,45742808,27601992,18140816,7071412,784058856
2026-07-22,000426.SZ,000426,兴业银锡,深交所主板,4349568238,326384838,367525284,-41140446,6961562,4356529800
2026-07-22,000428.SZ,000428,华天酒店,深交所主板,191275161,1178717,1639332,-460615,278746,191553907
2026-07-22,000429.SZ,000429,粤高速Ａ,深交所主板,19555953,3824276,5396679,-1572403,29927462,49483415
2026-07-22,000498.SZ,000498,山东路桥,深交所主板,211894552,7649435,4169774,3479661,1128105,213022657
2026-07-22,000501.SZ,000501,武商集团,深交所主板,432165690,2955852,4358919,-1403067,247970,432413660
2026-07-22,000503.SZ,000503,国新健康,深交所主板,416307094,8430651,7505014,925637,2346840,418653934
2026-07-22,000505.SZ,000505,京粮控股,深交所主板,103160813,1766695,2692611,-925916,116467,103277280
2026-07-22,000510.SZ,000510,新金路,深交所主板,92351097,77143598,43361123,33782475,0,92351097
2026-07-22,000513.SZ,000513,丽珠集团,深交所主板,606199958,19451481,20234817,-783336,2094062,608294020
2026-07-22,000516.SZ,000516,国际医学,深交所主板,492191068,7811890,5282219,2529671,17430,492208498
2026-07-22,000517.SZ,000517,荣安地产,深交所主板,63291508,4178298,4743939,-565641,538560,63830068
2026-07-22,000519.SZ,000519,中兵红箭,深交所主板,876451222,41963067,51529750,-9566683,3852697,880303919
2026-07-22,000521.SZ,000521,长虹美菱,深交所主板,229252869,6848294,8208957,-1360663,219402,229472271
2026-07-22,000524.SZ,000524,岭南控股,深交所主板,93934498,9955867,8091521,1864346,187644,94122142
2026-07-22,000528.SZ,000528,柳    工,深交所主板,850690924,20850317,23197981,-2347664,2908813,853599737
2026-07-22,000530.SZ,000530,冰山冷热,深交所主板,170917192,6856907,4311874,2545033,162811,171080003
2026-07-22,000531.SZ,000531,穗恒运Ａ,深交所主板,196682599,10084941,10008652,76289,340430,197023029
2026-07-22,000533.SZ,000533,顺钠股份,深交所主板,164825982,7803748,11514343,-3710595,237489,165063471
2026-07-22,000534.SZ,000534,万泽股份,深交所主板,192970529,10504535,22162113,-11657578,740848,193711377
2026-07-22,000536.SZ,000536,华映科技,深交所主板,239006457,6807935,20392451,-13584516,173121,239179578
2026-07-22,000537.SZ,000537,绿发电力,深交所主板,437192129,21105755,28325683,-7219928,4338578,441530707
2026-07-22,000538.SZ,000538,云南白药,深交所主板,1018125077,41962874,63154948,-21192074,83189471,1101314548
2026-07-22,000539.SZ,000539,粤电力Ａ,深交所主板,209163818,85650035,86548151,-898116,3640210,212804028
2026-07-22,000541.SZ,000541,佛山照明,深交所主板,256395169,4096826,5892303,-1795477,244829,256639998
2026-07-22,000543.SZ,000543,皖能电力,深交所主板,541345605,39175077,33091504,6083573,4294536,545640141
2026-07-22,000544.SZ,000544,中原环保,深交所主板,269356729,5297887,2097601,3200286,0,269356729
2026-07-22,000545.SZ,000545,金浦钛业,深交所主板,87351785,1660787,2795336,-1134549,0,87351785
2026-07-22,000547.SZ,000547,航天发展,深交所主板,1135867397,313350496,94276789,219073707,1872090,1137739487
2026-07-22,000550.SZ,000550,江铃汽车,深交所主板,109132787,8258800,6970782,1288018,1028530,110161317
2026-07-22,000551.SZ,000551,创元科技,深交所主板,427751815,25969052,37374843,-11405791,200889,427952704
2026-07-22,000552.SZ,000552,甘肃能化,深交所主板,368617015,20131169,20627280,-496111,1275765,369892780
2026-07-22,000553.SZ,000553,安道麦A,深交所主板,117043769,3329521,4159148,-829627,252973,117296742
2026-07-22,000554.SZ,000554,泰山石油,深交所主板,279106315,28193474,23417535,4775939,311688,279418003
2026-07-22,000555.SZ,000555,神州信息,深交所主板,436078335,32199790,57626958,-25427168,2736950,438815285
2026-07-22,000557.SZ,000557,西部创业,深交所主板,207537396,1180911,2566006,-1385095,925502,208462898
2026-07-22,000558.SZ,000558,天府文旅,深交所主板,106936483,3011497,3279726,-268229,173715,107110198
2026-07-22,000559.SZ,000559,万向钱潮,深交所主板,806636201,16831515,18763268,-1931753,6283047,812919248
2026-07-22,000560.SZ,000560,我爱我家,深交所主板,250500110,11590542,15129671,-3539129,369370,250869480
2026-07-22,000563.SZ,000563,陕国投Ａ,深交所主板,700259734,15177331,16929303,-1751972,3445848,703705582
2026-07-22,000564.SZ,000564,供销大集,深交所主板,425430733,10691397,17008054,-6316657,157950,425588683
2026-07-22,000565.SZ,000565,渝三峡Ａ,深交所主板,124230179,12103909,4147139,7956770,46814,124276993
2026-07-22,000566.SZ,000566,海南海药,深交所主板,237392634,71559822,48230318,23329504,0,237392634
2026-07-22,000567.SZ,000567,海德股份,深交所主板,104647787,6909096,14547855,-7638759,309272,104957059
2026-07-22,000568.SZ,000568,泸州老窖,深交所主板,2352025715,90545988,158702262,-68156274,35614040,2387639755
2026-07-22,000572.SZ,000572,海马汽车,深交所主板,229667063,6319469,9000554,-2681085,0,229667063
2026-07-22,000581.SZ,000581,威孚高科,深交所主板,525813116,9029891,12970990,-3941099,4595110,530408226
2026-07-22,000582.SZ,000582,北部湾港,深交所主板,580311663,67434596,75804503,-8369907,4879020,585190683
2026-07-22,000589.SZ,000589,贵州轮胎,深交所主板,368596405,7685774,8060655,-374881,680850,369277255
2026-07-22,000591.SZ,000591,太阳能,深交所主板,882952573,19997311,18618510,1378801,7600223,890552796
2026-07-22,000592.SZ,000592,平潭发展,深交所主板,440460940,29143018,23242894,5900124,695784,441156724
2026-07-22,000593.SZ,000593,德龙汇能,深交所主板,597295752,35426563,27063140,8363423,3908,597299660
2026-07-22,000596.SZ,000596,古井贡酒,深交所主板,334745107,108301069,95178997,13122072,3970285,338715392
2026-07-22,000598.SZ,000598,兴蓉环境,深交所主板,435753941,12192298,37269591,-25077293,2320296,438074237
2026-07-22,000600.SZ,000600,建投能源,深交所主板,313582787,49148496,42589645,6558851,2650755,316233542
2026-07-22,000601.SZ,000601,韶能股份,深交所主板,288193007,67286651,66043678,1242973,525000,288718007
2026-07-22,000603.SZ,000603,盛达资源,深交所主板,646232928,63942682,99256049,-35313367,4037705,650270633
2026-07-22,000607.SZ,000607,华媒控股,深交所主板,194560994,2536549,2208604,327945,229361,194790355
2026-07-22,000612.SZ,000612,焦作万方,深交所主板,910266896,57607500,48246028,9361472,3631432,913898328
2026-07-22,000617.SZ,000617,中油资本,深交所主板,1768471690,94490242,78445884,16044358,2984904,1771456594
2026-07-22,000620.SZ,000620,盈新发展,深交所主板,69940437,17294330,15242192,2052138,524864,70465301
2026-07-22,000623.SZ,000623,吉林敖东,深交所主板,1428657364,39710617,40918100,-1207483,10929239,1439586603
2026-07-22,000625.SZ,000625,长安汽车,深交所主板,2072079421,47736331,34583223,13153108,8313057,2080392478
2026-07-22,000628.SZ,000628,高新发展,深交所主板,760225837,36477081,38491917,-2014836,1830831,762056668
2026-07-22,000629.SZ,000629,钒钛股份,深交所主板,752205606,13137139,17567962,-4430823,8265537,760471143
2026-07-22,000630.SZ,000630,铜陵有色,深交所主板,2566428551,241237909,251175016,-9937107,15139840,2581568391
2026-07-22,000631.SZ,000631,顺发恒能,深交所主板,148720309,4344908,6982379,-2637471,240526,148960835
2026-07-22,000636.SZ,000636,风华高科,深交所主板,2633792766,524749601,588611338,-63861737,10882550,2644675316
2026-07-22,000650.SZ,000650,仁和药业,深交所主板,309751735,11128420,10292034,836386,1773688,311525423
2026-07-22,000651.SZ,000651,格力电器,深交所主板,5173131213,106176221,132165555,-25989334,228573251,5401704464
2026-07-22,000652.SZ,000652,泰达股份,深交所主板,289289829,8612022,3904496,4707526,487104,289776933
2026-07-22,000655.SZ,000655,金岭矿业,深交所主板,187676459,3359240,3425889,-66649,237910,187914369
2026-07-22,000657.SZ,000657,中钨高新,深交所主板,2530736378,331838832,321940950,9897882,4189731,2534926109
2026-07-22,000661.SZ,000661,长春高新,深交所主板,1777305296,86300985,89533170,-3232185,8185718,1785491014
2026-07-22,000665.SZ,000665,湖北广电,深交所主板,163415985,5821070,7839527,-2018457,1499247,164915232
2026-07-22,000672.SZ,000672,上峰材料,深交所主板,417546344,33613588,24973849,8639739,3092366,420638710
2026-07-22,000676.SZ,000676,智度股份,深交所主板,454179847,163381082,123072365,40308717,3264164,457444011
2026-07-22,000678.SZ,000678,襄阳轴承,深交所主板,78729472,4696126,3067822,1628304,0,78729472
2026-07-22,000680.SZ,000680,山推股份,深交所主板,194284123,21026347,18745995,2280352,1597320,195881443
2026-07-22,000681.SZ,000681,视觉中国,深交所主板,791810826,37518242,32282770,5235472,3748259,795559085
2026-07-22,000682.SZ,000682,东方电子,深交所主板,601246238,22420923,20104784,2316139,4362120,605608358
2026-07-22,000683.SZ,000683,博源化工,深交所主板,788749198,92340347,91111253,1229094,2553626,791302824
2026-07-22,000685.SZ,000685,中山公用,深交所主板,577959643,37019283,40910599,-3891316,2598806,580558449
2026-07-22,000686.SZ,000686,东北证券,深交所主板,1345764987,24164607,26656385,-2491778,2272690,1348037677
2026-07-22,000688.SZ,000688,国城矿业,深交所主板,470898255,23661437,36000432,-12338995,1251918,472150173
2026-07-22,000690.SZ,000690,宝新能源,深交所主板,784079211,37085726,32867683,4218043,4760928,788840139
2026-07-22,000700.SZ,000700,模塑科技,深交所主板,585193913,33862706,46621451,-12758745,225009,585418922
2026-07-22,000703.SZ,000703,恒逸石化,深交所主板,951221752,90259401,115332628,-25073227,23137192,974358944
2026-07-22,000707.SZ,000707,双环科技,深交所主板,138734277,3993988,4990232,-996244,205581,138939858
2026-07-22,000708.SZ,000708,中信特钢,深交所主板,156440893,7107092,9089475,-1982383,16536303,172977196
2026-07-22,000709.SZ,000709,河钢股份,深交所主板,795038083,30058403,24858928,5199475,2324513,797362596
2026-07-22,000712.SZ,000712,锦龙股份,深交所主板,504072010,10436879,7585431,2851448,1639396,505711406
2026-07-22,000713.SZ,000713,国投丰乐,深交所主板,148405283,3123932,5367305,-2243373,238266,148643549
2026-07-22,000716.SZ,000716,黑芝麻,深交所主板,81184932,2789043,2866560,-77517,193564,81378496
2026-07-22,000717.SZ,000717,中南股份,深交所主板,164442326,2282482,3503301,-1220819,313255,164755581
2026-07-22,000718.SZ,000718,苏宁环球,深交所主板,248822715,3458213,4853979,-1395766,322740,249145455
2026-07-22,000719.SZ,000719,中原传媒,深交所主板,97161996,8208626,10283182,-2074556,1639033,98801029
2026-07-22,000722.SZ,000722,湖南发展,深交所主板,226365457,77555075,85591588,-8036513,0,226365457
2026-07-22,000723.SZ,000723,美锦能源,深交所主板,710140605,8098450,10083909,-1985459,3143124,713283729
2026-07-22,000725.SZ,000725,京东方Ａ,深交所主板,12399083442,1630357130,1609261537,21095593,32300712,12431384154
2026-07-22,000726.SZ,000726,鲁  泰Ａ,深交所主板,211185261,5956594,3794205,2162389,246379,211431640
2026-07-22,000728.SZ,000728,国元证券,深交所主板,2092597883,45216009,30372139,14843870,6838786,2099436669
2026-07-22,000729.SZ,000729,燕京啤酒,深交所主板,205766727,17666825,21462618,-3795793,3270530,209037257
2026-07-22,000731.SZ,000731,四川美丰,深交所主板,342763770,4011868,3276341,735527,240083,343003853
2026-07-22,000733.SZ,000733,振华科技,深交所主板,1536546849,81080625,85456563,-4375938,9490512,1546037361
2026-07-22,000735.SZ,000735,罗 牛 山,深交所主板,541116473,4940658,7544071,-2603413,528900,541645373
2026-07-22,000737.SZ,000737,北方铜业,深交所主板,646095571,94867866,85714006,9153860,8258725,654354296
2026-07-22,000738.SZ,000738,航发控制,深交所主板,979208343,16385513,12312057,4073456,8640072,987848415
2026-07-22,000739.SZ,000739,普洛药业,深交所主板,178329178,39402866,47472235,-8069369,7358604,185687782
2026-07-22,000750.SZ,000750,国海证券,深交所主板,1574146249,45169397,27865129,17304268,9528226,1583674475
2026-07-22,000755.SZ,000755,山西高速,深交所主板,70966493,2886847,2784084,102763,204714,71171207
2026-07-22,000756.SZ,000756,新华制药,深交所主板,205174602,15459425,15258648,200777,1137712,206312314
2026-07-22,000758.SZ,000758,中色股份,深交所主板,602117999,17641171,17868839,-227668,7181349,609299348
2026-07-22,000761.SZ,000761,本钢板材,深交所主板,137383234,1685418,2182178,-496760,572508,137955742
2026-07-22,000762.SZ,000762,西藏矿业,深交所主板,698986275,33741652,25456534,8285118,4282830,703269105
2026-07-22,000766.SZ,000766,通化金马,深交所主板,1440635529,25327554,24158106,1169448,6116464,1446751993
2026-07-22,000767.SZ,000767,晋控电力,深交所主板,283147189,90594703,77567924,13026779,4283424,287430613
2026-07-22,000768.SZ,000768,中航西飞,深交所主板,2214965876,49095295,74277894,-25182599,6456750,2221422626
2026-07-22,000776.SZ,000776,广发证券,深交所主板,3929369559,256790193,198603840,58186353,11180290,3940549849
2026-07-22,000777.SZ,000777,中核科技,深交所主板,346520629,14614105,9243672,5370433,1173604,347694233
2026-07-22,000778.SZ,000778,新兴铸管,深交所主板,783053174,31559155,21047114,10512041,4217876,787271050
2026-07-22,000783.SZ,000783,长江证券,深交所主板,2163115827,125183211,107445279,17737932,14788913,2177904740
2026-07-22,000785.SZ,000785,居然智家,深交所主板,191540652,9783011,12269887,-2486876,2074750,193615402
2026-07-22,000786.SZ,000786,北新建材,深交所主板,446152471,25440023,26750968,-1310945,2316000,448468471
2026-07-22,000789.SZ,000789,万年青,深交所主板,118988933,1218579,1816257,-597678,250900,119239833
2026-07-22,000790.SZ,000790,华神科技,深交所主板,226636909,7411194,7568211,-157017,0,226636909
2026-07-22,000791.SZ,000791,甘肃能源,深交所主板,451507925,34520819,32813591,1707228,4995900,456503825
2026-07-22,000792.SZ,000792,盐湖股份,深交所主板,5773063447,207607321,301738943,-94131622,7583751,5780647198
2026-07-22,000795.SZ,000795,英洛华,深交所主板,265258278,8358345,6491796,1866549,2851960,268110238
2026-07-22,000799.SZ,000799,酒鬼酒,深交所主板,506973271,36565329,33043835,3521494,272205,507245476
2026-07-22,000800.SZ,000800,一汽解放,深交所主板,642211060,10147531,12474381,-2326850,1140502,643351562
2026-07-22,000801.SZ,000801,四川九洲,深交所主板,548801657,11856159,12515891,-659732,4686135,553487792
2026-07-22,000807.SZ,000807,云铝股份,深交所主板,2460424627,293722706,327466841,-33744135,7728946,2468153573
2026-07-22,000810.SZ,000810,创维数字,深交所主板,422732277,16168781,19029677,-2860896,991814,423724091
2026-07-22,000811.SZ,000811,冰轮环境,深交所主板,641041759,174812734,234358915,-59546181,18989609,660031368
2026-07-22,000812.SZ,000812,陕西金叶,深交所主板,148826721,3757947,2078678,1679269,977850,149804571
2026-07-22,000813.SZ,000813,德展健康,深交所主板,319062533,7377501,8411693,-1034192,1859760,320922293
2026-07-22,000815.SZ,000815,美利云,深交所主板,452906114,109088759,147766726,-38677967,435510,453341624
2026-07-22,000816.SZ,000816,智慧农业,深交所主板,153890440,5044371,2492342,2552029,0,153890440
2026-07-22,000818.SZ,000818,航锦科技,深交所主板,427742730,13198407,14677861,-1479454,564032,428306762
2026-07-22,000819.SZ,000819,岳阳兴长,深交所主板,364647316,9858317,6307925,3550392,200550,364847866
2026-07-22,000822.SZ,000822,山东海化,深交所主板,221922619,9762931,10001104,-238173,232128,222154747
2026-07-22,000823.SZ,000823,超声电子,深交所主板,775983499,116927739,98822316,18105423,303296,776286795
2026-07-22,000825.SZ,000825,太钢不锈,深交所主板,465803721,9004199,9621469,-617270,3325396,469129117
2026-07-22,000828.SZ,000828,东莞控股,深交所主板,224684376,6352247,6191107,161140,467752,225152128
2026-07-22,000829.SZ,000829,天音控股,深交所主板,459329503,20609064,14601910,6007154,1958400,461287903
2026-07-22,000830.SZ,000830,鲁西化工,深交所主板,455801606,37939826,36101068,1838758,3711957,459513563
2026-07-22,000831.SZ,000831,中国稀土,深交所主板,2996730950,175392328,124987731,50404597,27103576,3023834526
2026-07-22,000833.SZ,000833,粤桂股份,深交所主板,521708478,34085035,43073610,-8988575,359080,522067558
2026-07-22,000837.SZ,000837,秦川机床,深交所主板,418357391,10753477,10357896,395581,2036044,420393435
2026-07-22,000848.SZ,000848,承德露露,深交所主板,234114932,11001883,11349011,-347128,1531979,235646911
2026-07-22,000850.SZ,000850,华茂股份,深交所主板,238505654,3287092,5355073,-2067981,275412,238781066
2026-07-22,000852.SZ,000852,石化机械,深交所主板,187801192,3605034,4078440,-473406,244944,188046136
2026-07-22,000858.SZ,000858,五 粮 液,深交所主板,5790050164,208530921,236755124,-28224203,51182671,5841232835
2026-07-22,000859.SZ,000859,国风新材,深交所主板,416496369,12575971,17412355,-4836384,491112,416987481
2026-07-22,000860.SZ,000860,顺鑫农业,深交所主板,304995846,7744950,7344289,400661,2487320,307483166
2026-07-22,000863.SZ,000863,三湘印象,深交所主板,257647753,3864782,6741447,-2876665,7080,257654833
2026-07-22,000868.SZ,000868,安凯客车,深交所主板,194325840,2697294,2218628,478666,173160,194499000
2026-07-22,000869.SZ,000869,张  裕Ａ,深交所主板,185971269,3883154,2114067,1769087,767044,186738313
2026-07-22,000875.SZ,000875,电投绿能,深交所主板,1451850892,29022213,36233883,-7211670,8030502,1459881394
2026-07-22,000876.SZ,000876,新 希 望,深交所主板,640682126,22704293,11623056,11081237,423594,641105720
2026-07-22,000877.SZ,000877,天山股份,深交所主板,250533117,2033117,4775384,-2742267,315302,250848419
2026-07-22,000878.SZ,000878,云南铜业,深交所主板,1951123859,83686316,70100927,13585389,12981675,1964105534
2026-07-22,000880.SZ,000880,潍柴重机,深交所主板,256103587,11752964,13655525,-1902561,1859936,257963523
2026-07-22,000883.SZ,000883,湖北能源,深交所主板,360404835,15465822,22311301,-6845479,6295386,366700221
2026-07-22,000885.SZ,000885,城发环境,深交所主板,159739095,8478835,8689558,-210723,1280883,161019978
2026-07-22,000887.SZ,000887,中鼎股份,深交所主板,1431114327,43851665,32204647,11647018,9447200,1440561527
2026-07-22,000888.SZ,000888,峨眉山Ａ,深交所主板,176495061,6978139,5189713,1788426,159536,176654597
2026-07-22,000893.SZ,000893,亚钾国际,深交所主板,728949568,43005582,84805670,-41800088,10906095,739855663
2026-07-22,000895.SZ,000895,双汇发展,深交所主板,252132517,23623504,18060955,5562549,94076800,346209317
2026-07-22,000898.SZ,000898,鞍钢股份,深交所主板,275595366,3725692,4028560,-302868,3013164,278608530
2026-07-22,000899.SZ,000899,赣能股份,深交所主板,229350518,40182750,43289871,-3107121,1828112,231178630
2026-07-22,000900.SZ,000900,现代投资,深交所主板,268389878,3933263,4090048,-156785,267156,268657034
2026-07-22,000901.SZ,000901,航天科技,深交所主板,607275318,24642951,16374368,8268583,3431970,610707288
2026-07-22,000902.SZ,000902,新洋丰,深交所主板,225047196,10692028,18650303,-7958275,2615253,227662449
2026-07-22,000905.SZ,000905,厦门港务,深交所主板,259979080,5147857,4859815,288042,370062,260349142
2026-07-22,000910.SZ,000910,大亚圣象,深交所主板,213829532,8515882,2859760,5656122,281424,214110956
2026-07-22,000912.SZ,000912,泸天化,深交所主板,157341392,4935728,5906877,-971149,222024,157563416
2026-07-22,000913.SZ,000913,钱江摩托,深交所主板,180366456,3229917,3100190,129727,1657312,182023768
2026-07-22,000915.SZ,000915,华特达因,深交所主板,260113076,5148319,5709799,-561480,589637,260702713
2026-07-22,000917.SZ,000917,电广传媒,深交所主板,1143543070,12519854,12667438,-147584,2791158,1146334228
2026-07-22,000921.SZ,000921,海信家电,深交所主板,405587968,11937375,13877233,-1939858,2657340,408245308
2026-07-22,000922.SZ,000922,佳电股份,深交所主板,423743314,15085904,32908726,-17822822,186321,423929635
2026-07-22,000923.SZ,000923,河钢资源,深交所主板,568990711,27811497,46943816,-19132319,2890700,571881411
2026-07-22,000926.SZ,000926,福星股份,深交所主板,378838061,5671106,4360811,1310295,35100,378873161
2026-07-22,000927.SZ,000927,中国铁物,深交所主板,354510827,19094304,18146230,948074,2723284,357234111
2026-07-22,000928.SZ,000928,中钢国际,深交所主板,332960609,6868245,11924954,-5056709,2927000,335887609
2026-07-22,000930.SZ,000930,中粮科技,深交所主板,278094230,7164874,7133057,31817,2103114,280197344
2026-07-22,000931.SZ,000931,中 关 村,深交所主板,157105778,4020722,5840723,-1820001,350104,157455882
2026-07-22,000932.SZ,000932,华菱钢铁,深交所主板,1095656530,66746369,93885055,-27138686,8234057,1103890587
2026-07-22,000933.SZ,000933,神火股份,深交所主板,2248198238,173202493,234767997,-61565504,1780000,2249978238
2026-07-22,000935.SZ,000935,四川双马,深交所主板,1283153663,18294254,23236414,-4942160,3023793,1286177456
2026-07-22,000936.SZ,000936,华西股份,深交所主板,343016595,3683449,6050743,-2367294,322525,343339120
2026-07-22,000937.SZ,000937,冀中能源,深交所主板,159370987,5826912,9500562,-3673650,5145745,164516732
2026-07-22,000938.SZ,000938,紫光股份,深交所主板,4918354417,2883520135,3006168971,-122648836,14516170,4932870587
2026-07-22,000948.SZ,000948,南天信息,深交所主板,291596427,32843381,24493331,8350050,257581,291854008
2026-07-22,000950.SZ,000950,重药控股,深交所主板,433435394,17558425,18840018,-1281593,1401288,434836682
2026-07-22,000951.SZ,000951,中国重汽,深交所主板,272882212,51965155,12309386,39655769,9939096,282821308
2026-07-22,000957.SZ,000957,中通客车,深交所主板,222366305,3509438,5564766,-2055328,374142,222740447
2026-07-22,000958.SZ,000958,电投产融,深交所主板,492307927,10127447,10050563,76884,2172420,494480347
2026-07-22,000959.SZ,000959,首钢股份,深交所主板,416210694,9368496,22418850,-13050354,3876510,420087204
2026-07-22,000960.SZ,000960,锡业股份,深交所主板,2543352999,253356284,237465369,15890915,16645420,2559998419
2026-07-22,000962.SZ,000962,东方钽业,深交所主板,97931600,54817842,46332687,8485155,205410,98137010
2026-07-22,000963.SZ,000963,华东医药,深交所主板,1067945833,76740922,84760161,-8019239,4783332,1072729165
2026-07-22,000965.SZ,000965,天保基建,深交所主板,183021893,5455777,5961682,-505905,226134,183248027
2026-07-22,000966.SZ,000966,长源电力,深交所主板,343948175,27062035,25816194,1245841,4684970,348633145
2026-07-22,000967.SZ,000967,盈峰环境,深交所主板,1764198575,30992825,46836089,-15843264,1116120,1765314695
2026-07-22,000968.SZ,000968,蓝焰控股,深交所主板,253728101,34181163,32885685,1295478,502456,254230557
2026-07-22,000969.SZ,000969,安泰科技,深交所主板,972054756,38537189,33929081,4608108,4513956,976568712
2026-07-22,000970.SZ,000970,中科三环,深交所主板,1182801478,101240035,105945127,-4705092,8455199,1191256677
2026-07-22,000973.SZ,000973,佛塑科技,深交所主板,576812721,20939608,29286105,-8346497,327120,577139841
2026-07-22,000975.SZ,000975,山金国际,深交所主板,993880484,228090080,150216328,77873752,7405657,1001286141
2026-07-22,000977.SZ,000977,浪潮信息,深交所主板,4955246516,1775110758,1653662786,121447972,13290043,4968536559
2026-07-22,000980.SZ,000980,众泰汽车,深交所主板,316778939,4414008,3652133,761875,0,316778939
2026-07-22,000981.SZ,000981,山子高科,深交所主板,624954758,18833177,20038193,-1205016,0,624954758
2026-07-22,000983.SZ,000983,山西焦煤,深交所主板,711592869,65405007,44223633,21181374,4924782,716517651
2026-07-22,000987.SZ,000987,越秀资本,深交所主板,1087369001,30967577,35313610,-4346033,1715143,1089084144
2026-07-22,000988.SZ,000988,华工科技,深交所主板,9039847005,1187042762,1246496827,-59454065,35974497,9075821502
2026-07-22,000990.SZ,000990,诚志股份,深交所主板,552124834,59681233,38917078,20764155,3830701,555955535
2026-07-22,000993.SZ,000993,闽东电力,深交所主板,287449550,14580826,10641550,3939276,230560,287680110
2026-07-22,000997.SZ,000997,新 大 陆,深交所主板,1058715919,43510771,40109789,3400982,5130684,1063846603
2026-07-22,000998.SZ,000998,隆平高科,深交所主板,367482515,10436061,11315067,-879006,3564624,371047139
2026-07-22,000999.SZ,000999,华润三九,深交所主板,969462722,31633397,39854522,-8221125,7125060,976587782
2026-07-22,001203.SZ,001203,大中矿业,深交所主板,521631688,25478330,37808552,-12330222,1295280,522926968
2026-07-22,001220.SZ,001220,世盟股份,深交所主板,35419607,999831,2360009,-1360178,0,35419607
2026-07-22,001221.SZ,001221,悍高集团,深交所主板,67546584,3135024,5304007,-2168983,648498,68195082
2026-07-22,001233.SZ,001233,海安集团,深交所主板,90985848,3157302,7683363,-4526061,162792,91148640
2026-07-22,001237.SZ,001237,惠康科技,深交所主板,140738517,6916891,7302698,-385807,0,140738517
2026-07-22,001239.SZ,001239,永达股份,深交所主板,64305011,1381360,2802898,-1421538,201420,64506431
2026-07-22,001248.SZ,001248,华润新能源,深交所主板,902888542,284694852,226086605,58608247,0,902888542
2026-07-22,001257.SZ,001257,盛龙股份,深交所主板,235990110,61987099,44633886,17353213,0,235990110
2026-07-22,001267.SZ,001267,汇绿生态,深交所主板,131509411,54763373,37489014,17274359,99231,131608642
2026-07-22,001270.SZ,001270,铖昌科技,深交所主板,310088372,83273950,60608666,22665284,0,310088372
2026-07-22,001277.SZ,001277,速达股份,深交所主板,47211970,2443408,1484972,958436,191596,47403566
2026-07-22,001279.SZ,001279,强邦新材,深交所主板,76852715,1920243,3152009,-1231766,196224,77048939
2026-07-22,001280.SZ,001280,中国铀业,深交所主板,659579472,52269431,62506413,-10236982,1260224,660839696
2026-07-22,001282.SZ,001282,三联锻造,深交所主板,70262671,2811251,2606772,204479,150202,70412873
2026-07-22,001285.SZ,001285,瑞立科密,深交所主板,145572905,3399491,2101674,1297817,0,145572905
2026-07-22,001286.SZ,001286,陕西能源,深交所主板,427489184,38624910,22175467,16449443,6269280,433758464
2026-07-22,001287.SZ,001287,中电港,深交所主板,737516877,87336956,110637896,-23300940,2436357,739953234
2026-07-22,001289.SZ,001289,龙源电力,深交所主板,111713891,17395240,14011444,3383796,18029,111731920
2026-07-22,001301.SZ,001301,尚太科技,深交所主板,12038544,7559251,9600347,-2041096,1139530,13178074
2026-07-22,001306.SZ,001306,夏厦精密,深交所主板,68410482,3655180,5851896,-2196716,159285,68569767
2026-07-22,001309.SZ,001309,德明利,深交所主板,7599372737,1460269694,1395753894,64515800,37316664,7636689401
2026-07-22,001312.SZ,001312,福恩股份,深交所主板,70169564,1766125,2549686,-783561,0,70169564
2026-07-22,001324.SZ,001324,长青科技,深交所主板,183495174,3029695,2504931,524764,284295,183779469
2026-07-22,001325.SZ,001325,元创股份,深交所主板,53967507,1573099,1941687,-368588,0,53967507
2026-07-22,001326.SZ,001326,联域股份,深交所主板,65145687,5718907,10580891,-4861984,0,65145687
2026-07-22,001328.SZ,001328,登康口腔,深交所主板,33272719,4339823,3233281,1106542,233524,33506243
2026-07-22,001335.SZ,001335,信凯科技,深交所主板,147163617,3620171,2687623,932548,163020,147326637
2026-07-22,001337.SZ,001337,四川黄金,深交所主板,566602019,66416644,56860081,9556563,1259040,567861059
2026-07-22,001339.SZ,001339,智微智能,深交所主板,83301569,47402894,55232274,-7829380,45984,83347553
2026-07-22,001356.SZ,001356,富岭股份,深交所主板,72669176,1263345,1283170,-19825,282810,72951986
2026-07-22,001358.SZ,001358,兴欣新材,深交所主板,36869534,2568110,2406425,161685,0,36869534
2026-07-22,001359.SZ,001359,平安电工,深交所主板,372840428,31342912,46229927,-14887015,1305951,374146379
2026-07-22,001360.SZ,001360,南矿集团,深交所主板,173310632,2718076,5188084,-2470008,88842,173399474
2026-07-22,001365.SZ,001365,天海电子,深交所主板,115400173,30547442,31005619,-458177,0,115400173
2026-07-22,001367.SZ,001367,海森药业,深交所主板,80168230,1998268,3334836,-1336568,240709,80408939
2026-07-22,001369.SZ,001369,双欣材料,深交所主板,141785941,19012535,18213673,798862,403293,142189234
2026-07-22,001373.SZ,001373,翔腾新材,深交所主板,43388719,2572039,3314770,-742731,0,43388719
2026-07-22,001378.SZ,001378,德冠新材,深交所主板,83004701,5045557,10402048,-5356491,0,83004701
2026-07-22,001379.SZ,001379,腾达科技,深交所主板,60465838,1486370,2069086,-582716,186120,60651958
2026-07-22,001380.SZ,001380,华纬科技,深交所主板,124654259,3778874,12402322,-8623448,196430,124850689
2026-07-22,001382.SZ,001382,新亚电缆,深交所主板,59465782,2073559,1974369,99190,340386,59806168
2026-07-22,001386.SZ,001386,马可波罗,深交所主板,108253699,3598281,3112729,485552,314922,108568621
2026-07-22,001387.SZ,001387,雪祺电气,深交所主板,86325276,2670750,2371175,299575,201106,86526382
2026-07-22,001388.SZ,001388,信通电子,深交所主板,54146652,4269380,2063440,2205940,0,54146652
2026-07-22,001389.SZ,001389,广合科技,深交所主板,1310254417,128898381,87222216,41676165,3732484,1313986901
2026-07-22,001390.SZ,001390,古麒绒材,深交所主板,67013389,1682222,1374096,308126,0,67013389
2026-07-22,001391.SZ,001391,国货航,深交所主板,263960526,7350173,6367474,982699,518301,264478827
2026-07-22,001393.SZ,001393,维通利,深交所主板,140623857,7670719,6225613,1445106,0,140623857
2026-07-22,001395.SZ,001395,亚联机械,深交所主板,61020430,20041424,14814205,5227219,193644,61214074
2026-07-22,001396.SZ,001396,誉帆科技,深交所主板,50070337,2219374,5662139,-3442765,0,50070337
2026-07-22,001399.SZ,001399,惠科股份,深交所主板,815565623,154946832,277852471,-122905639,0,815565623
2026-07-22,001400.SZ,001400,江顺科技,深交所主板,121607358,11417406,10947204,470202,383376,121990734
2026-07-22,001696.SZ,001696,宗申动力,深交所主板,685462721,29409705,39137890,-9728185,3273750,688736471
2026-07-22,001872.SZ,001872,招商港口,深交所主板,92588956,8967081,5686882,3280199,809429,93398385
2026-07-22,001896.SZ,001896,豫能控股,深交所主板,463518822,157051694,111845250,45206444,1702074,465220896
2026-07-22,001914.SZ,001914,招商积余,深交所主板,165572263,7696386,10133530,-2437144,1715064,167287327
2026-07-22,001965.SZ,001965,招商公路,深交所主板,147747961,7109044,7640630,-531586,35008175,182756136
2026-07-22,001979.SZ,001979,招商蛇口,深交所主板,709956264,30370562,83942798,-53572236,2796552,712752816
2026-07-22,002001.SZ,002001,新 和 成,深交所主板,883010939,49674928,68086845,-18411917,24066377,907077316
2026-07-22,002003.SZ,002003,伟星股份,深交所主板,71505200,8354211,7383751,970460,2808928,74314128
2026-07-22,002004.SZ,002004,华邦健康,深交所主板,344189629,9635134,8880371,754763,3146010,347335639
2026-07-22,002006.SZ,002006,精工科技,深交所主板,559805433,9274497,11562003,-2287506,1438696,561244129
2026-07-22,002007.SZ,002007,华兰生物,深交所主板,1182499811,11833011,12582488,-749477,7999735,1190499546
2026-07-22,002008.SZ,002008,大族激光,深交所主板,4154213153,487791954,413975666,73816288,22203188,4176416341
2026-07-22,002009.SZ,002009,天奇股份,深交所主板,332213013,12406269,20847382,-8441113,281274,332494287
2026-07-22,002010.SZ,002010,传化智联,深交所主板,537422641,12615986,14194987,-1579001,2053449,539476090
2026-07-22,002011.SZ,002011,盾安环境,深交所主板,562846546,11654824,11231664,423160,2957280,565803826
2026-07-22,002015.SZ,002015,协鑫能科,深交所主板,901583484,164857608,123349162,41508446,7388366,908971850
2026-07-22,002016.SZ,002016,世荣兆业,深交所主板,135214957,7479685,6683617,796068,195455,135410412
2026-07-22,002017.SZ,002017,东信和平,深交所主板,311320768,9899423,12705755,-2806332,244216,311564984
2026-07-22,002019.SZ,002019,亿帆医药,深交所主板,521789793,17253229,15648585,1604644,3980584,525770377
2026-07-22,002020.SZ,002020,京新药业,深交所主板,540403449,45775485,34827871,10947614,2849210,543252659
2026-07-22,002023.SZ,002023,海特高新,深交所主板,596146427,8685053,11949509,-3264456,1820289,597966716
2026-07-22,002025.SZ,002025,航天电器,深交所主板,588996012,121697449,114236382,7461067,5202340,594198352
2026-07-22,002026.SZ,002026,山东威达,深交所主板,240422887,3108210,3425980,-317770,90356,240513243
2026-07-22,002027.SZ,002027,分众传媒,深交所主板,1918551204,36855718,54753688,-17897970,69790548,1988341752
2026-07-22,002028.SZ,002028,思源电气,深交所主板,1004588023,35911273,87760644,-51849371,21397249,1025985272
2026-07-22,002029.SZ,002029,七 匹 狼,深交所主板,347313967,16613536,22715228,-6101692,176080,347490047
2026-07-22,002030.SZ,002030,达安基因,深交所主板,277630122,12056461,6517471,5538990,679384,278309506
2026-07-22,002031.SZ,002031,巨轮智能,深交所主板,383565811,8596554,10603371,-2006817,175720,383741531
2026-07-22,002032.SZ,002032,苏 泊 尔,深交所主板,66521226,3381387,5098048,-1716661,26600501,93121727
2026-07-22,002033.SZ,002033,丽江股份,深交所主板,164121734,7077600,5607900,1469700,282007,164403741
2026-07-22,002034.SZ,002034,旺能环境,深交所主板,419590909,11543908,10563240,980668,30096,419621005
2026-07-22,002035.SZ,002035,华帝股份,深交所主板,180630944,3393392,4702984,-1309592,378271,181009215
2026-07-22,002036.SZ,002036,联创电子,深交所主板,702776642,48676302,27137775,21538527,2989605,705766247
2026-07-22,002037.SZ,002037,保利联合,深交所主板,113984137,3271312,4900540,-1629228,177408,114161545
2026-07-22,002038.SZ,002038,双鹭药业,深交所主板,324985100,14434137,13446030,988107,1835108,326820208
2026-07-22,002039.SZ,002039,黔源电力,深交所主板,264619876,28395603,23736070,4659533,266392,264886268
2026-07-22,002041.SZ,002041,登海种业,深交所主板,167329543,7904803,9332010,-1427207,1094895,168424438
2026-07-22,002042.SZ,002042,华孚时尚,深交所主板,386706199,8519309,6842588,1676721,420189,387126388
2026-07-22,002043.SZ,002043,兔 宝 宝,深交所主板,26406889,8084449,10214411,-2129962,2243313,28650202
2026-07-22,002044.SZ,002044,美年健康,深交所主板,783673200,31233160,26114060,5119100,7391268,791064468
2026-07-22,002045.SZ,002045,国光电器,深交所主板,271548318,17016410,20939160,-3922750,847044,272395362
2026-07-22,002046.SZ,002046,国机精工,深交所主板,1183386479,87462484,65995857,21466627,4619412,1188005891
2026-07-22,002048.SZ,002048,宁波华翔,深交所主板,1131320537,32547288,49076569,-16529281,3162852,1134483389
2026-07-22,002049.SZ,002049,紫光国微,深交所主板,4626335581,454830208,411932378,42897830,8652269,4634987850
2026-07-22,002050.SZ,002050,三花智控,深交所主板,5925629460,273045335,237250595,35794740,7674378,5933303838
2026-07-22,002051.SZ,002051,中工国际,深交所主板,396144759,23962739,15291715,8671024,2645940,398790699
2026-07-22,002053.SZ,002053,云南能投,深交所主板,403642877,8012184,10317855,-2305671,1225070,404867947
2026-07-22,002054.SZ,002054,德美化工,深交所主板,129526944,4932390,4252603,679787,87615,129614559
2026-07-22,002056.SZ,002056,横店东磁,深交所主板,681487951,51586820,74576589,-22989769,6707470,688195421
2026-07-22,002057.SZ,002057,中钢天源,深交所主板,442271686,36548630,46285734,-9737104,45900,442317586
2026-07-22,002060.SZ,002060,广东建工,深交所主板,178776218,3393585,4792067,-1398482,798006,179574224
2026-07-22,002061.SZ,002061,浙江交科,深交所主板,216336307,7389589,7921451,-531862,2620255,218956562
2026-07-22,002062.SZ,002062,宏润建设,深交所主板,526678325,9191369,9337237,-145868,2103,526680428
2026-07-22,002063.SZ,002063,远光软件,深交所主板,640403818,20024366,15502245,4522121,3885457,644289275
2026-07-22,002064.SZ,002064,华峰化学,深交所主板,254713784,30996202,44313835,-13317633,12838030,267551814
2026-07-22,002065.SZ,002065,东华软件,深交所主板,1077740879,24487301,32414374,-7927073,9014382,1086755261
2026-07-22,002067.SZ,002067,景兴纸业,深交所主板,386597698,30041699,31956953,-1915254,250908,386848606
2026-07-22,002068.SZ,002068,黑猫股份,深交所主板,204629995,19070012,25200469,-6130457,840348,205470343
2026-07-22,002073.SZ,002073,软控股份,深交所主板,447089553,7455516,7576414,-120898,2072455,449162008
2026-07-22,002074.SZ,002074,国轩高科,深交所主板,2498205837,120990974,95151901,25839073,4911906,2503117743
2026-07-22,002075.SZ,002075,沙钢股份,深交所主板,959239224,8227392,12375477,-4148085,2860395,962099619
2026-07-22,002077.SZ,002077,大港股份,深交所主板,259451349,50365206,36718211,13646995,1969912,261421261
2026-07-22,002078.SZ,002078,太阳纸业,深交所主板,200971812,31398902,16790079,14608823,7988025,208959837
2026-07-22,002079.SZ,002079,苏州固锝,深交所主板,512902978,41782142,45332381,-3550239,2704670,515607648
2026-07-22,002080.SZ,002080,中材科技,深交所主板,1333597681,128144212,143977755,-15833543,4672464,1338270145
2026-07-22,002081.SZ,002081,金 螳 螂,深交所主板,378421009,38835582,25826138,13009444,3847426,382268435
2026-07-22,002085.SZ,002085,万丰奥威,深交所主板,1066465837,19310220,19063347,246873,8452393,1074918230
2026-07-22,002088.SZ,002088,鲁阳节能,深交所主板,103130309,1705813,2534621,-828808,147920,103278229
2026-07-22,002091.SZ,002091,江苏国泰,深交所主板,368328792,10288961,8807465,1481496,2685750,371014542
2026-07-22,002093.SZ,002093,国脉科技,深交所主板,230036065,6814703,5976617,838086,2442258,232478323
2026-07-22,002094.SZ,002094,青岛金王,深交所主板,102652021,4462646,5590336,-1127690,26712,102678733
2026-07-22,002095.SZ,002095,生 意 宝,深交所主板,193083260,2821767,3948284,-1126517,217800,193301060
2026-07-22,002097.SZ,002097,山河智能,深交所主板,205185844,23942203,14803434,9138769,1054766,206240610
2026-07-22,002099.SZ,002099,海翔药业,深交所主板,874067571,6144890,5234397,910493,3084612,877152183
2026-07-22,002100.SZ,002100,天康生物,深交所主板,258669956,12746848,12520845,226003,3388889,262058845
2026-07-22,002101.SZ,002101,广东鸿图,深交所主板,233168396,4205434,4882959,-677525,1005550,234173946
2026-07-22,002104.SZ,002104,恒宝股份,深交所主板,360591638,20589862,16132511,4457351,1903440,362495078
2026-07-22,002106.SZ,002106,莱宝高科,深交所主板,642415691,32456337,26820751,5635586,300192,642715883
2026-07-22,002108.SZ,002108,沧州明珠,深交所主板,478332852,5415967,7935325,-2519358,602185,478935037
2026-07-22,002110.SZ,002110,三钢闽光,深交所主板,327141229,5175534,4590718,584816,1467650,328608879
2026-07-22,002112.SZ,002112,三变科技,深交所主板,296249391,5354340,7230138,-1875798,217800,296467191
2026-07-22,002115.SZ,002115,三维通信,深交所主板,478730960,80361913,73471315,6890598,518449,479249409
2026-07-22,002117.SZ,002117,东港股份,深交所主板,339864026,4495783,5056333,-560550,79275,339943301
2026-07-22,002119.SZ,002119,康强电子,深交所主板,357006324,98453754,123634709,-25180955,406406,357412730
2026-07-22,002120.SZ,002120,韵达股份,深交所主板,527163616,15129223,19930895,-4801672,1897120,529060736
2026-07-22,002121.SZ,002121,科陆电子,深交所主板,462935950,6101834,11223567,-5121733,609771,463545721
2026-07-22,002123.SZ,002123,梦网科技,深交所主板,326435405,14644348,15955208,-1310860,2936843,329372248
2026-07-22,002125.SZ,002125,湘潭电化,深交所主板,487384657,27306601,20816789,6489812,2243696,489628353
2026-07-22,002126.SZ,002126,银轮股份,深交所主板,508555538,54105811,44663322,9442489,4523850,513079388
2026-07-22,002127.SZ,002127,南极电商,深交所主板,456216152,16631898,8323258,8308640,2470936,458687088
2026-07-22,002128.SZ,002128,电投能源,深交所主板,1583815793,85054101,45814259,39239842,3123120,1586938913
2026-07-22,002129.SZ,002129,TCL中环,深交所主板,2441628576,100297926,217509376,-117211450,1123551,2442752127
2026-07-22,002130.SZ,002130,沃尔核材,深交所主板,1387520331,34280116,31753957,2526159,16608407,1404128738
2026-07-22,002131.SZ,002131,利欧股份,深交所主板,980482247,50553653,64732404,-14178751,3921450,984403697
2026-07-22,002132.SZ,002132,恒星科技,深交所主板,367048894,31748950,33361415,-1612465,317340,367366234
2026-07-22,002135.SZ,002135,东南网架,深交所主板,270507848,4530754,10333648,-5802894,241980,270749828
2026-07-22,002138.SZ,002138,顺络电子,深交所主板,1429603881,302803743,214130589,88673154,23042742,1452646623
2026-07-22,002139.SZ,002139,拓邦股份,深交所主板,704359751,26327295,17032456,9294839,4559086,708918837
2026-07-22,002140.SZ,002140,东华科技,深交所主板,167833065,5035866,5141175,-105309,68177,167901242
2026-07-22,002142.SZ,002142,宁波银行,深交所主板,2045835064,45686784,61168740,-15481956,16781445,2062616509
2026-07-22,002145.SZ,002145,钛能化学,深交所主板,835016563,27669083,20666980,7002103,5117472,840134035
2026-07-22,002146.SZ,002146,荣盛发展,深交所主板,183172953,3299546,4533396,-1233850,351709,183524662
2026-07-22,002148.SZ,002148,北纬科技,深交所主板,150808636,9831558,8331922,1499636,199520,151008156
2026-07-22,002149.SZ,002149,西部材料,深交所主板,828792635,59294570,69044866,-9750296,3187431,831980066
2026-07-22,002150.SZ,002150,正泰电源,深交所主板,316909162,30463122,25635060,4828062,2173,316911335
2026-07-22,002151.SZ,002151,北斗星通,深交所主板,785183868,25422772,34219263,-8796491,5984061,791167929
2026-07-22,002152.SZ,002152,广电运通,深交所主板,1130506316,50995845,60582192,-9586347,7700480,1138206796
2026-07-22,002153.SZ,002153,石基信息,深交所主板,249665799,7801218,14006342,-6205124,2556779,252222578
2026-07-22,002154.SZ,002154,报 喜 鸟,深交所主板,163657516,8915002,6381564,2533438,381938,164039454
2026-07-22,002155.SZ,002155,湖南黄金,深交所主板,2131548382,151565778,165954346,-14388568,18804922,2150353304
2026-07-22,002156.SZ,002156,通富微电,深交所主板,6161464406,3016767324,1548715091,1468052233,19416627,6180881033
2026-07-22,002157.SZ,002157,正邦科技,深交所主板,606138921,14806702,14018985,787717,4959000,611097921
2026-07-22,002158.SZ,002158,汉钟精机,深交所主板,507018048,22419734,26230472,-3810738,4229189,511247237
2026-07-22,002160.SZ,002160,常铝股份,深交所主板,165878919,3746931,4104915,-357984,207282,166086201
2026-07-22,002161.SZ,002161,远 望 谷,深交所主板,490400867,5249956,6325498,-1075542,12936,490413803
2026-07-22,002163.SZ,002163,海南发展,深交所主板,208649054,13672129,14920407,-1248278,1118558,209767612
2026-07-22,002164.SZ,002164,宁波东力,深交所主板,295575139,6410195,6480649,-70454,171313,295746452
2026-07-22,002165.SZ,002165,红 宝 丽,深交所主板,204338301,18293526,12634468,5659058,233050,204571351
2026-07-22,002166.SZ,002166,莱茵生物,深交所主板,511241852,6826181,8407888,-1581707,445263,511687115
2026-07-22,002167.SZ,002167,东方锆业,深交所主板,629874628,194045557,229913004,-35867447,417240,630291868
2026-07-22,002169.SZ,002169,智光电气,深交所主板,739794711,12580492,16495786,-3915294,235807,740030518
2026-07-22,002171.SZ,002171,楚江新材,深交所主板,1016458490,43296548,47850171,-4553623,4733451,1021191941
2026-07-22,002173.SZ,002173,创新医疗,深交所主板,424763236,31745680,35457789,-3712109,243815,425007051
2026-07-22,002174.SZ,002174,游族网络,深交所主板,896884465,35446331,32257135,3189196,2768064,899652529
2026-07-22,002176.SZ,002176,江特电机,深交所主板,1209779156,27000252,33779535,-6779283,5538130,1215317286
2026-07-22,002177.SZ,002177,御银股份,深交所主板,204907325,9655059,8814072,840987,239598,205146923
2026-07-22,002179.SZ,002179,中航光电,深交所主板,2060535805,123392779,135707544,-12314765,5768404,2066304209
2026-07-22,002180.SZ,002180,奔图科技,深交所主板,652071469,24014133,22536108,1478025,950832,653022301
2026-07-22,002181.SZ,002181,粤 传 媒,深交所主板,160055321,14396612,19912621,-5516009,1212902,161268223
2026-07-22,002182.SZ,002182,宝武镁业,深交所主板,799308605,21685392,30059587,-8374195,3875734,803184339
2026-07-22,002183.SZ,002183,怡 亚 通,深交所主板,763579816,10557520,15618492,-5060972,3241224,766821040
2026-07-22,002185.SZ,002185,华天科技,深交所主板,2655085428,866833284,795027921,71805363,15371195,2670456623
2026-07-22,002189.SZ,002189,中光学,深交所主板,415951259,6215255,3630782,2584473,266080,416217339
2026-07-22,002190.SZ,002190,成飞集成,深交所主板,187797333,4535354,6684349,-2148995,427230,188224563
2026-07-22,002191.SZ,002191,劲嘉股份,深交所主板,261522897,2370597,2954264,-583667,378328,261901225
2026-07-22,002192.SZ,002192,融捷股份,深交所主板,1345591617,149791812,115825338,33966474,2524720,1348116337
2026-07-22,002194.SZ,002194,武汉凡谷,深交所主板,300977196,3756338,7588438,-3832100,1466920,302444116
2026-07-22,002195.SZ,002195,岩山科技,深交所主板,1716397822,34683259,45906465,-11223206,9812373,1726210195
2026-07-22,002201.SZ,002201,九鼎新材,深交所主板,188915458,7495788,10066250,-2570462,229760,189145218
2026-07-22,002202.SZ,002202,金风科技,深交所主板,3145111440,138363773,152370477,-14006704,6047254,3151158694
2026-07-22,002203.SZ,002203,海亮股份,深交所主板,989308324,48610789,40979559,7631230,16209322,1005517646
2026-07-22,002204.SZ,002204,大连重工,深交所主板,304994312,12633268,11711211,922057,1129310,306123622
2026-07-22,002206.SZ,002206,海 利 得,深交所主板,229235013,4143432,6304092,-2160660,384237,229619250
2026-07-22,002208.SZ,002208,合肥城建,深交所主板,110329389,71607805,64006670,7601135,0,110329389
2026-07-22,002210.SZ,002210,飞马国际,深交所主板,252022326,4828815,6474318,-1645503,0,252022326
2026-07-22,002212.SZ,002212,天融信,深交所主板,610839027,16456048,16535137,-79089,3329200,614168227
2026-07-22,002213.SZ,002213,大为股份,深交所主板,24975295,13069632,11507084,1562548,0,24975295
2026-07-22,002215.SZ,002215,诺 普 信,深交所主板,533607117,13655869,11759422,1896447,2737710,536344827
2026-07-22,002216.SZ,002216,三全食品,深交所主板,144495125,8327784,5473856,2853928,1452506,145947631
2026-07-22,002218.SZ,002218,拓日新能,深交所主板,102847636,10138101,9247184,890917,78075,102925711
2026-07-22,002219.SZ,002219,新里程,深交所主板,364555539,8492172,9882547,-1390375,1236312,365791851
2026-07-22,002221.SZ,002221,东华能源,深交所主板,683573214,23142549,9486466,13656083,3792420,687365634
2026-07-22,002222.SZ,002222,福晶科技,深交所主板,1757928520,127810951,129490231,-1679280,8179344,1766107864
2026-07-22,002223.SZ,002223,鱼跃医疗,深交所主板,612350288,35349210,28330187,7019023,9041028,621391316
2026-07-22,002229.SZ,002229,鸿博股份,深交所主板,384996561,14079826,14269304,-189478,203763,385200324
2026-07-22,002230.SZ,002230,科大讯飞,深交所主板,5564376695,149910274,227026521,-77116247,16558280,5580934975
2026-07-22,002232.SZ,002232,启明信息,深交所主板,150626886,3498562,5178186,-1679624,125271,150752157
2026-07-22,002233.SZ,002233,塔牌集团,深交所主板,116401466,8529933,6656434,1873499,3344425,119745891
2026-07-22,002234.SZ,002234,民和股份,深交所主板,119214215,2582735,3748056,-1165321,301710,119515925
2026-07-22,002235.SZ,002235,安妮股份,深交所主板,362679649,24188504,23793787,394717,513262,363192911
2026-07-22,002236.SZ,002236,大华股份,深交所主板,1888369227,72586337,69267919,3318418,3531286,1891900513
2026-07-22,002237.SZ,002237,恒邦股份,深交所主板,1470149672,54079409,58372780,-4293371,6348768,1476498440
2026-07-22,002238.SZ,002238,天威视讯,深交所主板,73483161,2269120,2636508,-367388,0,73483161
2026-07-22,002239.SZ,002239,奥特佳,深交所主板,433838369,16407770,13454892,2952878,2244348,436082717
2026-07-22,002240.SZ,002240,盛新锂能,深交所主板,1288818015,94068488,100018102,-5949614,2712465,1291530480
2026-07-22,002241.SZ,002241,歌尔股份,深交所主板,4233383606,343738343,235171292,108567051,5162439,4238546045
2026-07-22,002242.SZ,002242,九阳股份,深交所主板,125207614,2756956,3614312,-857356,985257,126192871
2026-07-22,002243.SZ,002243,力合科创,深交所主板,685752291,12326436,10542829,1783607,2005326,687757617
2026-07-22,002244.SZ,002244,滨江集团,深交所主板,333784660,18461333,43650172,-25188839,4534733,338319393
2026-07-22,002245.SZ,002245,蔚蓝锂芯,深交所主板,705238177,125233900,87833313,37400587,9476776,714714953
2026-07-22,002246.SZ,002246,北化股份,深交所主板,495996299,20903097,21069583,-166486,360558,496356857
2026-07-22,002249.SZ,002249,大洋电机,深交所主板,861343911,28431966,19888449,8543517,3098006,864441917
2026-07-22,002250.SZ,002250,联化科技,深交所主板,798771625,32313348,77990675,-45677327,4418470,803190095
2026-07-22,002251.SZ,002251,步步高,深交所主板,331207760,19095141,16679628,2415513,1476728,332684488
2026-07-22,002252.SZ,002252,上海莱士,深交所主板,1182404329,40184737,43570458,-3385721,4487952,1186892281
2026-07-22,002254.SZ,002254,泰和新材,深交所主板,485764757,25275160,29135788,-3860628,2375232,488139989
2026-07-22,002255.SZ,002255,海陆重工,深交所主板,333525086,6975469,9411811,-2436342,189202,333714288
2026-07-22,002256.SZ,002256,兆新股份,深交所主板,359401231,18665005,21813266,-3148261,235200,359636431
2026-07-22,002258.SZ,002258,利尔化学,深交所主板,400418459,64373093,52131474,12241619,4060966,404479425
2026-07-22,002261.SZ,002261,拓维信息,深交所主板,1697471270,202912712,184015801,18896911,11721840,1709193110
2026-07-22,002262.SZ,002262,恩华药业,深交所主板,724573910,36200906,35559086,641820,7072016,731645926
2026-07-22,002263.SZ,002263,大东南,深交所主板,248554626,7394102,8718045,-1323943,243810,248798436
2026-07-22,002265.SZ,002265,建设工业,深交所主板,280775479,3306103,9297307,-5991204,1838958,282614437
2026-07-22,002266.SZ,002266,浙富控股,深交所主板,843113120,24637023,23428300,1208723,2676292,845789412
2026-07-22,002267.SZ,002267,陕天然气,深交所主板,218835279,5925553,4728413,1197140,6242292,225077571
2026-07-22,002268.SZ,002268,电科网安,深交所主板,784116596,26483546,18884688,7598858,5021044,789137640
2026-07-22,002269.SZ,002269,美邦服饰,深交所主板,90090165,3968874,1991469,1977405,0,90090165
2026-07-22,002270.SZ,002270,华明装备,深交所主板,364253674,18105704,26943928,-8838224,3678500,367932174
2026-07-22,002271.SZ,002271,东方雨虹,深交所主板,801300353,29085845,25093626,3992219,1381702,802682055
2026-07-22,002272.SZ,002272,川润股份,深交所主板,551369176,37813912,45908983,-8095071,343440,551712616
2026-07-22,002273.SZ,002273,水晶光电,深交所主板,2805461482,138144321,171509755,-33365434,7101325,2812562807
2026-07-22,002274.SZ,002274,华昌化工,深交所主板,229514948,10796273,10526232,270041,259908,229774856
2026-07-22,002275.SZ,002275,桂林三金,深交所主板,103729792,2151758,2791336,-639578,235385,103965177
2026-07-22,002276.SZ,002276,万马股份,深交所主板,688698630,10678848,11106686,-427838,3028352,691726982
2026-07-22,002277.SZ,002277,友阿股份,深交所主板,695958562,6246817,6215882,30935,1566,695960128
2026-07-22,002281.SZ,002281,光迅科技,深交所主板,4328961125,802514370,916414630,-113900260,36772070,4365733195
2026-07-22,002283.SZ,002283,天润工业,深交所主板,454302619,11390977,27378322,-15987345,267862,454570481
2026-07-22,002284.SZ,002284,亚太股份,深交所主板,258004199,21338075,11597039,9741036,74037,258078236
2026-07-22,002285.SZ,002285,世联行,深交所主板,174973192,12234924,8909411,3325513,349272,175322464
2026-07-22,002287.SZ,002287,奇正藏药,深交所主板,135694961,8060912,7980499,80413,889153,136584114
2026-07-22,002290.SZ,002290,禾盛新材,深交所主板,84605678,24240639,26683630,-2442991,536360,85142038
2026-07-22,002291.SZ,002291,遥望科技,深交所主板,305185581,6914855,7315569,-400714,290624,305476205
2026-07-22,002292.SZ,002292,奥飞娱乐,深交所主板,466828294,42034682,57929869,-15895187,3583125,470411419
2026-07-22,002293.SZ,002293,罗莱生活,深交所主板,133467152,22593367,13143588,9449779,507770,133974922
2026-07-22,002294.SZ,002294,信立泰,深交所主板,1082398269,128286380,114551491,13734889,2563545,1084961814
2026-07-22,002297.SZ,002297,博云新材,深交所主板,460538744,44851449,64555279,-19703830,859124,461397868
2026-07-22,002298.SZ,002298,中电鑫龙,深交所主板,250885119,5790272,12822788,-7032516,131124,251016243
2026-07-22,002299.SZ,002299,圣农发展,深交所主板,315777646,15304500,15816313,-511813,17367394,333145040
2026-07-22,002300.SZ,002300,太阳电缆,深交所主板,131971362,2464696,3108440,-643744,181074,132152436
2026-07-22,002301.SZ,002301,齐心集团,深交所主板,291670981,12640439,13309934,-669495,408800,292079781
2026-07-22,002302.SZ,002302,西部建设,深交所主板,141246394,2572490,2405927,166563,1380771,142627165
2026-07-22,002303.SZ,002303,美盈森,深交所主板,224669811,21410838,22681727,-1270889,406137,225075948
2026-07-22,002304.SZ,002304,洋河股份,深交所主板,1290982174,26063828,35849533,-9785705,13136889,1304119063
2026-07-22,002307.SZ,002307,北新路桥,深交所主板,225419094,5116127,12057944,-6941817,569426,225988520
2026-07-22,002309.SZ,002309,中利集团,深交所主板,55475014,19431515,19568937,-137422,0,55475014
2026-07-22,002311.SZ,002311,海大集团,深交所主板,156756643,11217693,59340602,-48122909,5330150,162086793
2026-07-22,002312.SZ,002312,川发龙蟒,深交所主板,726236060,6877317,8310486,-1433169,7663005,733899065
2026-07-22,002317.SZ,002317,众生药业,深交所主板,542206151,64367674,74501271,-10133597,8859860,551066011
2026-07-22,002318.SZ,002318,久立特材,深交所主板,295883243,19455545,17825695,1629850,6257814,302141057
2026-07-22,002320.SZ,002320,海峡股份,深交所主板,206495542,4955766,12280353,-7324587,492662,206988204
2026-07-22,002324.SZ,002324,普利特,深交所主板,467929460,15199535,18722821,-3523286,479948,468409408
2026-07-22,002326.SZ,002326,永太科技,深交所主板,1117839421,39603945,39679504,-75559,4129020,1121968441
2026-07-22,002328.SZ,002328,新朋股份,深交所主板,284976675,21098542,18075806,3022736,28474,285005149
2026-07-22,002329.SZ,002329,皇氏集团,深交所主板,122659531,8100401,5970248,2130153,0,122659531
2026-07-22,002332.SZ,002332,仙琚制药,深交所主板,398032399,13636745,11776323,1860422,2371400,400403799
2026-07-22,002334.SZ,002334,英威腾,深交所主板,396744660,8670402,8681953,-11551,172425,396917085
2026-07-22,002335.SZ,002335,科华数据,深交所主板,1190900399,66018641,65672288,346353,5169890,1196070289
2026-07-22,002338.SZ,002338,奥普光电,深交所主板,500209487,18140595,15663867,2476728,1334460,501543947
2026-07-22,002339.SZ,002339,积成电子,深交所主板,204991446,3803509,6463206,-2659697,179200,205170646
2026-07-22,002340.SZ,002340,格林美,深交所主板,2224917327,54206451,54571919,-365468,12065748,2236983075
2026-07-22,002342.SZ,002342,巨力索具,深交所主板,208617323,13527538,29701722,-16174184,295680,208913003
2026-07-22,002344.SZ,002344,海宁皮城,深交所主板,312158653,2724176,3081147,-356971,258121,312416774
2026-07-22,002346.SZ,002346,柘中股份,深交所主板,279173047,15337606,11191313,4146293,167607,279340654
2026-07-22,002349.SZ,002349,精华制药,深交所主板,181619704,8019443,6953813,1065630,166413,181786117
2026-07-22,002350.SZ,002350,北京科锐,深交所主板,487183679,18886432,32775719,-13889287,450401,487634080
2026-07-22,002351.SZ,002351,漫步者,深交所主板,221666171,9436976,7869463,1567513,1634436,223300607
2026-07-22,002352.SZ,002352,顺丰控股,深交所主板,4848716220,45434228,54638320,-9204092,8115375,4856831595
2026-07-22,002353.SZ,002353,杰瑞股份,深交所主板,814264129,108987857,109244649,-256792,9336185,823600314
2026-07-22,002354.SZ,002354,天娱数科,深交所主板,523122291,67937150,89285986,-21348836,3938792,527061083
2026-07-22,002355.SZ,002355,兴民智通,深交所主板,340274571,3099777,4037358,-937581,184324,340458895
2026-07-22,002361.SZ,002361,神剑股份,深交所主板,297497381,27485790,34408800,-6923010,410346,297907727
2026-07-22,002362.SZ,002362,汉王科技,深交所主板,186906920,2028375,2249679,-221304,109463,187016383
2026-07-22,002364.SZ,002364,中恒电气,深交所主板,953992108,87555496,117652912,-30097416,5395648,959387756
2026-07-22,002366.SZ,002366,融发核电,深交所主板,367236205,7461139,9636689,-2175550,205636,367441841
2026-07-22,002367.SZ,002367,康力电梯,深交所主板,170479857,6738031,7551137,-813106,259080,170738937
2026-07-22,002368.SZ,002368,太极股份,深交所主板,596538256,8803331,5763341,3039990,3215564,599753820
2026-07-22,002369.SZ,002369,卓翼科技,深交所主板,193145750,7846233,5802031,2044202,158183,193303933
2026-07-22,002370.SZ,002370,亚太药业,深交所主板,242614162,6416056,8850134,-2434078,0,242614162
2026-07-22,002371.SZ,002371,北方华创,深交所主板,3943997161,1455107856,1527779022,-72671166,63335600,4007332761
2026-07-22,002372.SZ,002372,伟星新材,深交所主板,142297943,7361606,10429347,-3067741,686665,142984608
2026-07-22,002373.SZ,002373,千方科技,深交所主板,661309267,17040232,13718126,3322106,184500,661493767
2026-07-22,002374.SZ,002374,中锐股份,深交所主板,140640821,3635456,3081595,553861,0,140640821
2026-07-22,002375.SZ,002375,亚厦股份,深交所主板,198749235,11386457,4557533,6828924,492840,199242075
2026-07-22,002376.SZ,002376,新北洋,深交所主板,380906856,6628128,7952260,-1324132,83678,380990534
2026-07-22,002378.SZ,002378,章源钨业,深交所主板,1014763417,54293591,69941206,-15647615,6322268,1021085685
2026-07-22,002379.SZ,002379,宏桥控股,深交所主板,928862151,108123552,111994321,-3870769,2147145,931009296
2026-07-22,002382.SZ,002382,蓝帆医疗,深交所主板,350284192,12264134,21319907,-9055773,265842,350550034
2026-07-22,002383.SZ,002383,合众思壮,深交所主板,154674963,3382753,3317351,65402,0,154674963
2026-07-22,002384.SZ,002384,东山精密,深交所主板,13360605398,2545471618,2999742542,-454270924,54792601,13415397999
2026-07-22,002385.SZ,002385,大北农,深交所主板,544205704,10763735,14800796,-4037061,4927200,549132904
2026-07-22,002386.SZ,002386,天原股份,深交所主板,375627204,19983155,11005801,8977354,313686,375940890
2026-07-22,002387.SZ,002387,维信诺,深交所主板,235558095,2844797,3985156,-1140359,306649,235864744
2026-07-22,002389.SZ,002389,航天彩虹,深交所主板,743915648,26101268,31898499,-5797231,6050520,749966168
2026-07-22,002390.SZ,002390,信邦制药,深交所主板,196736598,6584795,10708961,-4124166,1228549,197965147
2026-07-22,002393.SZ,002393,力生制药,深交所主板,171993599,5020507,6409159,-1388652,249006,172242605
2026-07-22,002395.SZ,002395,双象股份,深交所主板,100718001,1939822,1660823,278999,196700,100914701
2026-07-22,002396.SZ,002396,星网锐捷,深交所主板,758284055,649207836,652204347,-2996511,9436153,767720208
2026-07-22,002399.SZ,002399,海普瑞,深交所主板,185343468,4428125,4517690,-89565,187785,185531253
2026-07-22,002400.SZ,002400,省广集团,深交所主板,743059336,25934576,25378270,556306,1556874,744616210
2026-07-22,002401.SZ,002401,中远海科,深交所主板,252442823,5751681,5799786,-48105,142884,252585707
2026-07-22,002402.SZ,002402,和而泰,深交所主板,1645628457,45259663,62551188,-17291525,3220464,1648848921
2026-07-22,002405.SZ,002405,四维图新,深交所主板,1082223422,17907256,21925833,-4018577,684870,1082908292
2026-07-22,002407.SZ,002407,多氟多,深交所主板,2018281873,229633356,263720057,-34086701,9258602,2027540475
2026-07-22,002408.SZ,002408,齐翔腾达,深交所主板,442928703,11193860,16932576,-5738716,3060900,445989603
2026-07-22,002409.SZ,002409,雅克科技,深交所主板,2485168894,541600897,481473547,60127350,20790078,2505958972
2026-07-22,002410.SZ,002410,广联达,深交所主板,656028173,18105458,19920427,-1814969,2053944,658082117
2026-07-22,002412.SZ,002412,汉森制药,深交所主板,131690926,25801656,15468866,10332790,234850,131925776
2026-07-22,002413.SZ,002413,雷科防务,深交所主板,446612204,13706503,20702583,-6996080,966959,447579163
2026-07-22,002414.SZ,002414,高德红外,深交所主板,1294934497,238896952,179607009,59289943,11445431,1306379928
2026-07-22,002415.SZ,002415,海康威视,深交所主板,5294211220,428659305,366880525,61778780,77232087,5371443307
2026-07-22,002416.SZ,002416,爱施德,深交所主板,664025880,8829531,13020573,-4191042,1531988,665557868
2026-07-22,002419.SZ,002419,天虹股份,深交所主板,276123713,5798812,9093257,-3294445,121824,276245537
2026-07-22,002421.SZ,002421,达实智能,深交所主板,245518711,36326094,32720860,3605234,1399444,246918155
2026-07-22,002422.SZ,002422,科伦药业,深交所主板,766036012,200898363,157905763,42992600,11419040,777455052
2026-07-22,002423.SZ,002423,中粮资本,深交所主板,531550671,14637623,11906040,2731583,5606302,537156973
2026-07-22,002426.SZ,002426,胜利精密,深交所主板,571947604,15146920,17991380,-2844460,150174,572097778
2026-07-22,002428.SZ,002428,云南锗业,深交所主板,4062571544,366564957,401382326,-34817369,29884480,4092456024
2026-07-22,002429.SZ,002429,兆驰股份,深交所主板,1806083024,103574713,57961261,45613452,7518220,1813601244
2026-07-22,002430.SZ,002430,杭氧股份,深交所主板,590370834,27544193,39463546,-11919353,6835554,597206388
2026-07-22,002432.SZ,002432,九安医疗,深交所主板,1415518340,755656306,791734429,-36078123,14099228,1429617568
2026-07-22,002434.SZ,002434,万里扬,深交所主板,429689250,19339979,10928035,8411944,1891050,431580300
2026-07-22,002436.SZ,002436,兴森科技,深交所主板,2736359997,1022060670,562946020,459114650,20834451,2757194448
2026-07-22,002437.SZ,002437,誉衡药业,深交所主板,384286041,36083155,17550155,18533000,283,384286324
2026-07-22,002438.SZ,002438,江苏神通,深交所主板,681555531,6469286,7421053,-951767,138282,681693813
2026-07-22,002439.SZ,002439,启明星辰,深交所主板,687782771,91490283,88219986,3270297,5110078,692892849
2026-07-22,002440.SZ,002440,闰土股份,深交所主板,327948409,92453741,75011592,17442149,3367165,331315574
2026-07-22,002441.SZ,002441,众业达,深交所主板,197060944,5372776,3793102,1579674,242870,197303814
2026-07-22,002444.SZ,002444,巨星科技,深交所主板,271224188,27463884,19408342,8055542,10119660,281343848
2026-07-22,002445.SZ,002445,中南文化,深交所主板,403602395,12847687,11928589,919098,283525,403885920
2026-07-22,002446.SZ,002446,盛路通信,深交所主板,669241310,17401689,23374223,-5972534,794976,670036286
2026-07-22,002449.SZ,002449,国星光电,深交所主板,302046996,5426315,8020296,-2593981,364672,302411668
2026-07-22,002451.SZ,002451,摩恩电气,深交所主板,82888457,2599190,4322680,-1723490,0,82888457
2026-07-22,002452.SZ,002452,长高电气,深交所主板,292733871,12690339,20424364,-7734025,396814,293130685
2026-07-22,002453.SZ,002453,华软科技,深交所主板,258957905,2661511,3897494,-1235983,129431,259087336
2026-07-22,002454.SZ,002454,松芝股份,深交所主板,179152362,2227774,2062422,165352,216348,179368710
2026-07-22,002455.SZ,002455,百川股份,深交所主板,280572976,9029888,20443565,-11413677,212940,280785916
2026-07-22,002456.SZ,002456,欧菲光,深交所主板,1693596953,64289565,76796501,-12506936,10968297,1704565250
2026-07-22,002458.SZ,002458,益生股份,深交所主板,497600079,27517792,23262083,4255709,2296632,499896711
2026-07-22,002459.SZ,002459,晶澳科技,深交所主板,719896636,76016979,63759702,12257277,345546,720242182
2026-07-22,002460.SZ,002460,赣锋锂业,深交所主板,4295303923,185917294,157516705,28400589,2672207,4297976130
2026-07-22,002461.SZ,002461,珠江啤酒,深交所主板,299993509,6850503,6812629,37874,1583384,301576893
2026-07-22,002463.SZ,002463,沪电股份,深交所主板,5339054646,755751818,1006653291,-250901473,22441626,5361496272
2026-07-22,002465.SZ,002465,海格通信,深交所主板,1321933799,46266292,42898414,3367878,11236544,1333170343
2026-07-22,002466.SZ,002466,天齐锂业,深交所主板,3461202766,277536498,255288469,22248029,9045324,3470248090
2026-07-22,002467.SZ,002467,二六三,深交所主板,495261457,10694465,14133692,-3439227,1563702,496825159
2026-07-22,002468.SZ,002468,申通快递,深交所主板,503373278,40170181,22684051,17486130,693000,504066278
2026-07-22,002469.SZ,002469,三维化学,深交所主板,142218781,3608284,2508425,1099859,197025,142415806
2026-07-22,002471.SZ,002471,中超控股,深交所主板,215729451,13678881,17327960,-3649079,72000,215801451
2026-07-22,002472.SZ,002472,双环传动,深交所主板,1060357998,77601084,86229373,-8628289,16032605,1076390603
2026-07-22,002474.SZ,002474,榕基软件,深交所主板,280638922,8550423,7643367,907056,141680,280780602
2026-07-22,002475.SZ,002475,立讯精密,深交所主板,6195117510,588847125,568901521,19945604,50130586,6245248096
2026-07-22,002476.SZ,002476,新叶股份,深交所主板,244445027,4650663,3118750,1531913,226737,244671764
2026-07-22,002478.SZ,002478,常宝股份,深交所主板,230827329,13145423,5113885,8031538,225231,231052560
2026-07-22,002481.SZ,002481,双塔食品,深交所主板,225192653,2894598,2605505,289093,74520,225267173
2026-07-22,002483.SZ,002483,润邦股份,深交所主板,198107853,5271778,4625503,646275,11201,198119054
2026-07-22,002484.SZ,002484,江海股份,深交所主板,1324588894,310083668,249305498,60778170,10864530,1335453424
2026-07-22,002487.SZ,002487,大金重工,深交所主板,511657998,45165715,65585709,-20419994,4335616,515993614
2026-07-22,002488.SZ,002488,金固股份,深交所主板,452988595,22500939,22666318,-165379,3677920,456666515
2026-07-22,002489.SZ,002489,浙江永强,深交所主板,349692832,6509502,5330983,1178519,481024,350173856
2026-07-22,002491.SZ,002491,通鼎互联,深交所主板,968778887,199796495,210008203,-10211708,852628,969631515
2026-07-22,002493.SZ,002493,荣盛石化,深交所主板,879714529,48547973,120782823,-72234850,7861440,887575969
2026-07-22,002497.SZ,002497,雅化集团,深交所主板,953167458,56259512,54948179,1311333,3947329,957114787
2026-07-22,002498.SZ,002498,汉缆股份,深交所主板,222637288,14292481,21121637,-6829156,3845994,226483282
2026-07-22,002500.SZ,002500,山西证券,深交所主板,989425800,14288094,17729070,-3440976,6206945,995632745
2026-07-22,002506.SZ,002506,协鑫集成,深交所主板,410303160,26338201,31250694,-4912493,2132127,412435287
2026-07-22,002507.SZ,002507,涪陵榨菜,深交所主板,631300530,15091753,13675740,1416013,2050282,633350812
2026-07-22,002508.SZ,002508,老板电器,深交所主板,242863414,7968966,9315725,-1346759,2770466,245633880
2026-07-22,002511.SZ,002511,中顺洁柔,深交所主板,226523412,11450633,10879842,570791,1129260,227652672
2026-07-22,002517.SZ,002517,恺英网络,深交所主板,1534111412,112719985,93515869,19204116,7369934,1541481346
2026-07-22,002518.SZ,002518,科士达,深交所主板,334507170,24522308,25708904,-1186596,1184700,335691870
2026-07-22,002519.SZ,002519,银河电子,深交所主板,128522117,7470923,10181203,-2710280,52538,128574655
2026-07-22,002520.SZ,002520,日发精机,深交所主板,127735328,7621684,11428388,-3806704,0,127735328
2026-07-22,002521.SZ,002521,齐峰新材,深交所主板,283595755,2554567,6115870,-3561303,650,283596405
2026-07-22,002522.SZ,002522,浙江众成,深交所主板,369126487,10254810,13328717,-3073907,425088,369551575
2026-07-22,002523.SZ,002523,天桥起重,深交所主板,238594601,5684389,4689545,994844,176085,238770686
2026-07-22,002526.SZ,002526,山东矿机,深交所主板,213933440,2423146,2239596,183550,209560,214143000
2026-07-22,002527.SZ,002527,新时达,深交所主板,422700372,4926365,6366790,-1440425,271584,422971956
2026-07-22,002530.SZ,002530,金财互联,深交所主板,308682598,4329439,3122959,1206480,201995,308884593
2026-07-22,002531.SZ,002531,天顺风能,深交所主板,503110114,13927450,24581660,-10654210,368448,503478562
2026-07-22,002532.SZ,002532,天山铝业,深交所主板,766899074,124075678,103339316,20736362,5166005,772065079
2026-07-22,002533.SZ,002533,金杯电工,深交所主板,379415301,10997595,13078593,-2080998,204092,379619393
2026-07-22,002534.SZ,002534,西子洁能,深交所主板,227207313,8835520,15399806,-6564286,1268805,228476118
2026-07-22,002536.SZ,002536,飞龙股份,深交所主板,1406001657,223399478,289509875,-66110397,8091620,1414093277
2026-07-22,002537.SZ,002537,海联金汇,深交所主板,478060603,17413534,14833107,2580427,2645448,480706051
2026-07-22,002539.SZ,002539,云图控股,深交所主板,515090091,18142699,41888460,-23745761,1493912,516584003
2026-07-22,002541.SZ,002541,鸿路钢构,深交所主板,77982923,27107164,11278805,15828359,3599446,81582369
2026-07-22,002543.SZ,002543,万和电气,深交所主板,73475354,3702029,4260047,-558018,638697,74114051
2026-07-22,002544.SZ,002544,普天科技,深交所主板,795202964,11650422,11416520,233902,1755648,796958612
2026-07-22,002545.SZ,002545,东方铁塔,深交所主板,303686806,40641590,28602111,12039479,1544676,305231482
2026-07-22,002548.SZ,002548,金新农,深交所主板,219933777,7066450,6438318,628132,210000,220143777
2026-07-22,002549.SZ,002549,凯美特气,深交所主板,324137013,21581840,23758446,-2176606,854064,324991077
2026-07-22,002553.SZ,002553,南方精工,深交所主板,165458744,5889888,8751769,-2861881,139590,165598334
2026-07-22,002554.SZ,002554,惠博普,深交所主板,171700911,3946499,3653846,292653,268690,171969601
2026-07-22,002555.SZ,002555,三七互娱,深交所主板,1811846481,108813816,91864160,16949656,488215,1812334696
2026-07-22,002556.SZ,002556,辉隆股份,深交所主板,269468396,2462190,4632724,-2170534,284432,269752828
2026-07-22,002557.SZ,002557,洽洽食品,深交所主板,339233193,13056729,11466499,1590230,2161094,341394287
2026-07-22,002558.SZ,002558,巨人网络,深交所主板,1742684032,342850605,303602647,39247958,14592816,1757276848
2026-07-22,002560.SZ,002560,通达股份,深交所主板,228834981,9752186,18274750,-8522564,236312,229071293
2026-07-22,002561.SZ,002561,徐家汇,深交所主板,102125290,1894862,1410112,484750,215404,102340694
2026-07-22,002563.SZ,002563,森马服饰,深交所主板,137324552,10075539,6886914,3188625,1295598,138620150
2026-07-22,002565.SZ,002565,顺灏股份,深交所主板,441851459,18747175,21226727,-2479552,0,441851459
2026-07-22,002567.SZ,002567,唐人神,深交所主板,320880854,4516097,6768875,-2252778,490872,321371726
2026-07-22,002568.SZ,002568,百润股份,深交所主板,261302384,20520955,19038531,1482424,5660275,266962659
2026-07-22,002570.SZ,002570,贝因美,深交所主板,274087652,4776812,6298475,-1521663,190216,274277868
2026-07-22,002572.SZ,002572,索菲亚,深交所主板,257396486,4935638,6033748,-1098110,2181118,259577604
2026-07-22,002573.SZ,002573,清新环境,深交所主板,170658560,1817326,2776826,-959500,300768,170959328
2026-07-22,002574.SZ,002574,明牌珠宝,深交所主板,103808013,2436329,3519734,-1083405,221940,104029953
2026-07-22,002575.SZ,002575,群兴玩具,深交所主板,101350915,666057,4151735,-3485678,202860,101553775
2026-07-22,002577.SZ,002577,雷柏科技,深交所主板,175871530,6668554,4234762,2433792,452410,176323940
2026-07-22,002579.SZ,002579,中京电子,深交所主板,325093308,72027782,85242236,-13214454,468809,325562117
2026-07-22,002580.SZ,002580,圣阳股份,深交所主板,244785560,27344574,29944651,-2600077,300622,245086182
2026-07-22,002583.SZ,002583,海能达,深交所主板,484032038,9296226,9024040,272186,4657836,488689874
2026-07-22,002585.SZ,002585,双星新材,深交所主板,363561630,28640905,29762565,-1121660,292608,363854238
2026-07-22,002588.SZ,002588,史丹利,深交所主板,252193454,11510320,8298458,3211862,851438,253044892
2026-07-22,002589.SZ,002589,瑞康医药,深交所主板,213230969,8116000,7102057,1013943,365523,213596492
2026-07-22,002590.SZ,002590,万安科技,深交所主板,226497032,4085245,8560578,-4475333,59920,226556952
2026-07-22,002594.SZ,002594,比亚迪,深交所主板,12744550354,401182337,457132495,-55950158,41635780,12786186134
2026-07-22,002595.SZ,002595,豪迈科技,深交所主板,640163465,11036324,9311089,1725235,8109444,648272909
2026-07-22,002596.SZ,002596,海南瑞泽,深交所主板,182505588,8569135,3461511,5107624,242624,182748212
2026-07-22,002597.SZ,002597,金禾实业,深交所主板,457228914,19563779,9685603,9878176,2978616,460207530
2026-07-22,002600.SZ,002600,领益智造,深交所主板,2456577331,119217065,131818629,-12601564,6843746,2463421077
2026-07-22,002601.SZ,002601,龙佰集团,深交所主板,559276210,18440643,18725094,-284451,10622558,569898768
2026-07-22,002602.SZ,002602,世纪华通,深交所主板,2692839061,212817162,153432250,59384912,622386,2693461447
2026-07-22,002603.SZ,002603,以岭药业,深交所主板,616019891,49646636,50843074,-1196438,2713576,618733467
2026-07-22,002606.SZ,002606,大连电瓷,深交所主板,246947835,32782397,29572593,3209804,197920,247145755
2026-07-22,002607.SZ,002607,中公教育,深交所主板,948376132,16401847,19444731,-3042884,2181344,950557476
2026-07-22,002608.SZ,002608,江苏国信,深交所主板,315065700,24651106,23510977,1140129,2418600,317484300
2026-07-22,002611.SZ,002611,东方精工,深交所主板,1591817637,33965981,26754198,7211783,4961678,1596779315
2026-07-22,002612.SZ,002612,朗姿股份,深交所主板,129052202,3472491,3303099,169392,786904,129839106
2026-07-22,002617.SZ,002617,露笑科技,深交所主板,995921341,58037088,73246106,-15209018,4853274,1000774615
2026-07-22,002623.SZ,002623,亚玛顿,深交所主板,67789143,6444881,3253695,3191186,222772,68011915
2026-07-22,002624.SZ,002624,完美世界,深交所主板,841408559,56005352,48720999,7284353,809750,842218309
2026-07-22,002625.SZ,002625,光启技术,深交所主板,5326300016,244469788,95749751,148720037,9830304,5336130320
2026-07-22,002626.SZ,002626,金达威,深交所主板,337755973,5739010,5220043,518967,666400,338422373
2026-07-22,002628.SZ,002628,成都路桥,深交所主板,212079614,9350756,4765379,4585377,326872,212406486
2026-07-22,002631.SZ,002631,德尔未来,深交所主板,277754771,31619197,18041173,13578024,337692,278092463
2026-07-22,002635.SZ,002635,安洁科技,深交所主板,338803196,32554341,64936454,-32382113,546516,339349712
2026-07-22,002636.SZ,002636,金安国纪,深交所主板,1126775640,384865760,463991045,-79125285,2578260,1129353900
2026-07-22,002639.SZ,002639,雪人集团,深交所主板,437794848,7628317,17835444,-10207127,1141080,438935928
2026-07-22,002641.SZ,002641,公元股份,深交所主板,109685978,2069545,2245999,-176454,308448,109994426
2026-07-22,002643.SZ,002643,万润股份,深交所主板,540414458,35017180,28349144,6668036,1979900,542394358
2026-07-22,002645.SZ,002645,华宏科技,深交所主板,527427070,42785865,55087343,-12301478,26402,527453472
2026-07-22,002646.SZ,002646,天佑德酒,深交所主板,199628317,4253304,2897515,1355789,356864,199985181
2026-07-22,002648.SZ,002648,卫星化学,深交所主板,1642410211,121427806,135269158,-13841352,5216688,1647626899
2026-07-22,002649.SZ,002649,博彦科技,深交所主板,390940073,5317535,7751848,-2434313,1464151,392404224
2026-07-22,002653.SZ,002653,海思科,深交所主板,205728968,81608879,92538071,-10929192,5599521,211328489
2026-07-22,002654.SZ,002654,万润科技,深交所主板,909746083,63421700,61449984,1971716,1986257,911732340
2026-07-22,002657.SZ,002657,中科金财,深交所主板,471994397,8037385,11148397,-3111012,393530,472387927
2026-07-22,002662.SZ,002662,峰璟股份,深交所主板,357363494,5856109,6831676,-975567,341936,357705430
2026-07-22,002664.SZ,002664,信质集团,深交所主板,278134450,8338956,9173168,-834212,220856,278355306
2026-07-22,002668.SZ,002668,TCL智家,深交所主板,503938670,13031738,17205996,-4174258,716091,504654761
2026-07-22,002670.SZ,002670,国盛证券,深交所主板,554744000,30538334,22705166,7833168,4679080,559423080
2026-07-22,002672.SZ,002672,东江环保,深交所主板,86265714,3675061,3054685,620376,91980,86357694
2026-07-22,002673.SZ,002673,西部证券,深交所主板,1527898599,17551711,18172818,-621107,2920515,1530819114
2026-07-22,002675.SZ,002675,东诚药业,深交所主板,1203379417,12884383,10444158,2440225,3488640,1206868057
2026-07-22,002681.SZ,002681,奋达科技,深交所主板,410208175,14783871,23062063,-8278192,3375414,413583589
2026-07-22,002683.SZ,002683,广东宏大,深交所主板,1342801944,14638524,19793596,-5155072,4415180,1347217124
2026-07-22,002685.SZ,002685,华东重机,深交所主板,469562727,13157558,10598427,2559131,94954,469657681
2026-07-22,002690.SZ,002690,美亚光电,深交所主板,152673811,10671706,6932549,3739157,793323,153467134
2026-07-22,002695.SZ,002695,煌上煌,深交所主板,166585220,11325857,20796375,-9470518,252720,166837940
2026-07-22,002697.SZ,002697,红旗连锁,深交所主板,249756721,3423319,4724303,-1300984,203852,249960573
2026-07-22,002698.SZ,002698,博实股份,深交所主板,662175816,36991900,22666706,14325194,3724178,665899994
2026-07-22,002701.SZ,002701,奥瑞金,深交所主板,547027510,14745723,13130445,1615278,2812725,549840235
2026-07-22,002703.SZ,002703,浙江世宝,深交所主板,335261765,12761929,22675109,-9913180,151296,335413061
2026-07-22,002705.SZ,002705,新宝股份,深交所主板,218876497,11393980,7714255,3679725,2542508,221419005
2026-07-22,002706.SZ,002706,良信股份,深交所主板,361088895,13683770,13743894,-60124,1891971,362980866
2026-07-22,002707.SZ,002707,众信旅游,深交所主板,320906626,3138157,3451939,-313782,126984,321033610
2026-07-22,002709.SZ,002709,天赐材料,深交所主板,3509029546,181568087,167696526,13871561,7319976,3516349522
2026-07-22,002714.SZ,002714,牧原股份,深交所主板,5435376564,203757473,196076108,7681365,17298936,5452675500
2026-07-22,002716.SZ,002716,湖南白银,深交所主板,639458257,92970167,96025685,-3055518,6275032,645733289
2026-07-22,002727.SZ,002727,一心堂,深交所主板,198932312,5454730,10469487,-5014757,726044,199658356
2026-07-22,002729.SZ,002729,好利科技,深交所主板,141658982,4436319,5418537,-982218,0,141658982
2026-07-22,002733.SZ,002733,雄韬股份,深交所主板,471000456,23966235,29983866,-6017631,218136,471218592
2026-07-22,002734.SZ,002734,利民股份,深交所主板,613077322,18951173,15170254,3780919,199330,613276652
2026-07-22,002736.SZ,002736,国信证券,深交所主板,1811210076,34598530,26559745,8038785,6098715,1817308791
2026-07-22,002737.SZ,002737,葵花药业,深交所主板,213987330,4950065,6151783,-1201718,1665781,215653111
2026-07-22,002738.SZ,002738,中矿资源,深交所主板,1695836164,140122488,198340863,-58218375,3649854,1699486018
2026-07-22,002739.SZ,002739,儒意电影,深交所主板,1323133167,109955757,95803714,14152043,6899165,1330032332
2026-07-22,002741.SZ,002741,光华科技,深交所主板,571979770,38376740,57713811,-19337071,80280,572060050
2026-07-22,002745.SZ,002745,木林森,深交所主板,1085196767,118636669,100567413,18069256,6193320,1091390087
2026-07-22,002746.SZ,002746,仙坛股份,深交所主板,118879076,9022338,12422404,-3400066,436407,119315483
2026-07-22,002747.SZ,002747,埃斯顿,深交所主板,890241427,191852915,204827155,-12974240,8254098,898495525
2026-07-22,002755.SZ,002755,奥赛康,深交所主板,161640759,17533015,16295368,1237647,663768,162304527
2026-07-22,002756.SZ,002756,永兴材料,深交所主板,714136767,63097492,67457632,-4360140,1564683,715701450
2026-07-22,002761.SZ,002761,浙江建投,深交所主板,296231956,5905310,6618533,-713223,1850498,298082454
2026-07-22,002765.SZ,002765,蓝黛科技,深交所主板,256541520,5582055,3120605,2461450,81444,256622964
2026-07-22,002768.SZ,002768,国恩股份,深交所主板,539112857,87716331,70504670,17211661,1106809,540219666
2026-07-22,002773.SZ,002773,康弘药业,深交所主板,575959440,48520758,33081548,15439210,6051175,582010615
2026-07-22,002779.SZ,002779,中坚科技,深交所主板,634672566,7101210,4343251,2757959,1672650,636345216
2026-07-22,002782.SZ,002782,可立克,深交所主板,189463548,13897148,15318523,-1421375,161115,189624663
2026-07-22,002783.SZ,002783,凯龙股份,深交所主板,373078602,8061870,10837442,-2775572,234600,373313202
2026-07-22,002791.SZ,002791,坚朗五金,深交所主板,134267003,4079582,4945189,-865607,563176,134830179
2026-07-22,002792.SZ,002792,通宇通讯,深交所主板,508123710,29648879,39335180,-9686301,117547,508241257
2026-07-22,002796.SZ,002796,世嘉科技,深交所主板,539343660,17889336,19826487,-1937151,90288,539433948
2026-07-22,002797.SZ,002797,第一创业,深交所主板,2125728893,39750252,24417319,15332933,17339392,2143068285
2026-07-22,002803.SZ,002803,吉宏股份,深交所主板,667338114,23294648,31426813,-8132165,32328,667370442
2026-07-22,002805.SZ,002805,丰元股份,深交所主板,199918918,16819764,25037374,-8217610,0,199918918
2026-07-22,002807.SZ,002807,江阴银行,深交所主板,378692439,27012666,24711924,2300742,5935810,384628249
2026-07-22,002810.SZ,002810,山东赫达,深交所主板,201162946,4995176,12019358,-7024182,321130,201484076
2026-07-22,002812.SZ,002812,恩捷股份,深交所主板,1346853374,94114320,84845315,9269005,5405920,1352259294
2026-07-22,002815.SZ,002815,崇达技术,深交所主板,118342923,47544989,46098594,1446395,725382,119068305
2026-07-22,002821.SZ,002821,凯莱英,深交所主板,939873917,209549902,155778833,53771069,13382249,953256166
2026-07-22,002824.SZ,002824,和胜股份,深交所主板,361879915,39370478,29233183,10137295,212532,362092447
2026-07-22,002831.SZ,002831,裕同科技,深交所主板,512495432,14495540,13557207,938333,6274857,518770289
2026-07-22,002832.SZ,002832,比音勒芬,深交所主板,286843593,12790721,13151076,-360355,3275430,290119023
2026-07-22,002837.SZ,002837,英维克,深交所主板,3797788254,253605602,238194286,15411316,21983888,3819772142
2026-07-22,002838.SZ,002838,道恩股份,深交所主板,424622542,18266043,12657012,5609031,1074600,425697142
2026-07-22,002839.SZ,002839,张家港行,深交所主板,457643590,10416425,10388670,27755,5008220,462651810
2026-07-22,002840.SZ,002840,华统股份,深交所主板,432586627,9278774,10338389,-1059615,1246168,433832795
2026-07-22,002841.SZ,002841,视源股份,深交所主板,274572194,99260686,90636484,8624202,6420708,280992902
2026-07-22,002842.SZ,002842,翔鹭钨业,深交所主板,103220823,43555217,48303237,-4748020,0,103220823
2026-07-22,002843.SZ,002843,泰嘉股份,深交所主板,215201114,25841345,22796330,3045015,268050,215469164
2026-07-22,002847.SZ,002847,盐津铺子,深交所主板,217445733,15608503,10722102,4886401,2144010,219589743
2026-07-22,002850.SZ,002850,科达利,深交所主板,462023790,42007397,47609103,-5601706,13039575,475063365
2026-07-22,002851.SZ,002851,麦格米特,深交所主板,3744556447,431555537,615047040,-183491503,37374638,3781931085
2026-07-22,002859.SZ,002859,洁美科技,深交所主板,714952536,79627089,58456560,21170529,4059550,719012086
2026-07-22,002860.SZ,002860,星帅尔,深交所主板,515417606,37886827,22236770,15650057,348316,515765922
2026-07-22,002863.SZ,002863,今飞凯达,深交所主板,242801816,4870474,3826795,1043679,212908,243014724
2026-07-22,002865.SZ,002865,钧达股份,深交所主板,473136718,35015569,44300605,-9285036,191498,473328216
2026-07-22,002867.SZ,002867,周大生,深交所主板,88472891,4981055,8086034,-3104979,2014143,90487034
2026-07-22,002869.SZ,002869,金溢科技,深交所主板,120331734,2112984,3952256,-1839272,48564,120380298
2026-07-22,002876.SZ,002876,三利谱,深交所主板,289147930,9989793,19437847,-9448054,218526,289366456
2026-07-22,002881.SZ,002881,美格智能,深交所主板,347713886,85885942,60649813,25236129,2347254,350061140
2026-07-22,002885.SZ,002885,京泉华,深交所主板,213033225,37577110,38347573,-770463,20456,213053681
2026-07-22,002891.SZ,002891,中宠股份,深交所主板,309395079,41383759,40726625,657134,2379216,311774295
2026-07-22,002892.SZ,002892,科力尔,深交所主板,212027259,4067848,6761643,-2693795,1567179,213594438
2026-07-22,002895.SZ,002895,川恒股份,深交所主板,263150105,37628272,64404495,-26776223,3772069,266922174
2026-07-22,002896.SZ,002896,中大力德,深交所主板,536860859,21076474,35673915,-14597441,2700188,539561047
2026-07-22,002897.SZ,002897,意华股份,深交所主板,853514596,193940560,113643424,80297136,2077191,855591787
2026-07-22,002901.SZ,002901,大博医疗,深交所主板,134483356,12276626,12228911,47715,1683456,136166812
2026-07-22,002902.SZ,002902,铭普光磁,深交所主板,268173458,27042618,22733512,4309106,0,268173458
2026-07-22,002903.SZ,002903,宇环数控,深交所主板,270818653,16924666,24217169,-7292503,99115,270917768
2026-07-22,002906.SZ,002906,华阳集团,深交所主板,564842501,15969604,13175246,2794358,674247,565516748
2026-07-22,002909.SZ,002909,集泰股份,深交所主板,93869808,3083747,2633275,450472,0,93869808
2026-07-22,002911.SZ,002911,佛燃能源,深交所主板,58438194,4016690,4389033,-372343,979965,59418159
2026-07-22,002912.SZ,002912,中新赛克,深交所主板,281164054,6228101,6722976,-494875,73573,281237627
2026-07-22,002913.SZ,002913,奥士康,深交所主板,651329936,41437839,63174020,-21736181,2107200,653437136
2026-07-22,002915.SZ,002915,中欣氟材,深交所主板,189185789,8036600,5788583,2248017,232087,189417876
2026-07-22,002916.SZ,002916,深南电路,深交所主板,1712002849,309499528,232577323,76922205,14811636,1726814485
2026-07-22,002920.SZ,002920,德赛西威,深交所主板,1469801911,55632021,49141900,6490121,2645881,1472447792
2026-07-22,002922.SZ,002922,伊戈尔,深交所主板,409583745,26755155,29693271,-2938116,96678,409680423
2026-07-22,002925.SZ,002925,盈趣科技,深交所主板,533804402,19928833,15206727,4722106,2065096,535869498
2026-07-22,002926.SZ,002926,华西证券,深交所主板,1170178494,24143262,20851484,3291778,631882,1170810376
2026-07-22,002928.SZ,002928,华夏航空,深交所主板,281342608,14984623,15229065,-244442,2158400,283501008
2026-07-22,002929.SZ,002929,润建股份,深交所主板,621827077,53216324,59377127,-6160803,3402828,625229905
2026-07-22,002930.SZ,002930,宏川智慧,深交所主板,208828434,3442210,8428662,-4986452,243006,209071440
2026-07-22,002931.SZ,002931,锋龙股份,深交所主板,90265018,32846794,19996295,12850499,0,90265018
2026-07-22,002935.SZ,002935,天奥电子,深交所主板,555452191,7039253,10034479,-2995226,168316,555620507
2026-07-22,002936.SZ,002936,郑州银行,深交所主板,435681792,21735373,17610809,4124564,2949936,438631728
2026-07-22,002937.SZ,002937,兴瑞科技,深交所主板,1034748537,38003708,30114232,7889476,481654,1035230191
2026-07-22,002938.SZ,002938,鹏鼎控股,深交所主板,1408192002,110045246,136652833,-26607587,11563365,1419755367
2026-07-22,002939.SZ,002939,长城证券,深交所主板,1200504508,34324943,27759285,6565658,4477434,1204981942
2026-07-22,002941.SZ,002941,新疆交建,深交所主板,306529118,6915154,9673672,-2758518,2023972,308553090
2026-07-22,002943.SZ,002943,宇晶股份,深交所主板,377268662,21661573,40701927,-19040354,0,377268662
2026-07-22,002945.SZ,002945,华林证券,深交所主板,264409359,13025248,7951970,5073278,1762016,266171375
2026-07-22,002946.SZ,002946,新乳业,深交所主板,34230342,8842874,6301440,2541434,699328,34929670
2026-07-22,002947.SZ,002947,恒铭达,深交所主板,883346456,97057654,37753918,59303736,2168995,885515451
2026-07-22,002948.SZ,002948,青岛银行,深交所主板,900548264,39123984,16630521,22493463,4935724,905483988
2026-07-22,002957.SZ,002957,科瑞技术,深交所主板,374028444,67962233,76373805,-8411572,256275,374284719
2026-07-22,002958.SZ,002958,青农商行,深交所主板,839300840,34197403,33726366,471037,3594294,842895134
2026-07-22,002959.SZ,002959,小熊电器,深交所主板,82729301,2613521,2527318,86203,136836,82866137
2026-07-22,002960.SZ,002960,青鸟智控,深交所主板,311064843,22735857,14980591,7755266,2172075,313236918
2026-07-22,002965.SZ,002965,祥鑫科技,深交所主板,716292738,45050772,127216556,-82165784,3306500,719599238
2026-07-22,002966.SZ,002966,苏州银行,深交所主板,714996764,27082705,20871555,6211150,21953155,736949919
2026-07-22,002969.SZ,002969,嘉美包装,深交所主板,30183277,11468220,15134816,-3666596,0,30183277
2026-07-22,002978.SZ,002978,安宁股份,深交所主板,259972110,7869267,32925189,-25055922,1584792,261556902
2026-07-22,002984.SZ,002984,森麒麟,深交所主板,454104011,7492914,11535065,-4042151,3723987,457827998
2026-07-22,002985.SZ,002985,北摩高科,深交所主板,288863414,8124435,8235898,-111463,1588257,290451671
2026-07-22,002987.SZ,002987,京北方,深交所主板,256004110,28629514,34623315,-5993801,2684297,258688407
2026-07-22,002997.SZ,002997,瑞鹄模具,深交所主板,314641088,8873718,10343804,-1470086,138655,314779743
2026-07-22,003021.SZ,003021,兆威机电,深交所主板,473773512,12500907,11922920,577987,3627642,477401154
2026-07-22,003022.SZ,003022,联泓新科,深交所主板,395860314,24119617,31720871,-7601254,1555628,397415942
2026-07-22,003031.SZ,003031,中瓷电子,深交所主板,864997647,129713023,77613693,52099330,9010480,874008127
2026-07-22,003035.SZ,003035,南网能源,深交所主板,171647212,26354988,26232568,122420,2973915,174621127
2026-07-22,003039.SZ,003039,顺控发展,深交所主板,141273121,2038506,4716728,-2678222,653775,141926896
2026-07-22,003040.SZ,003040,楚天龙,深交所主板,145825380,6389225,6932541,-543316,273675,146099055
2026-07-22,003816.SZ,003816,中国广核,深交所主板,369710653,63057216,69248601,-6191385,3365679,373076332
2026-07-22,300001.SZ,300001,特锐德,深交所创业板,1106431293,51562522,49906026,1656496,6323850,1112755143
2026-07-22,300002.SZ,300002,神州泰岳,深交所创业板,1423021945,43987021,74413440,-30426419,9489513,1432511458
2026-07-22,300003.SZ,300003,乐普医疗,深交所创业板,1224998736,43863209,31497894,12365315,8743620,1233742356
2026-07-22,300005.SZ,300005,探路者,深交所创业板,720468704,103903019,179158350,-75255331,275096,720743800
2026-07-22,300006.SZ,300006,莱美药业,深交所创业板,308912076,68037084,40805694,27231390,371535,309283611
2026-07-22,300007.SZ,300007,汉威科技,深交所创业板,746295806,30227214,39364888,-9137674,2984489,749280295
2026-07-22,300008.SZ,300008,天海防务,深交所创业板,588337567,17200217,14527131,2673086,2833485,591171052
2026-07-22,300009.SZ,300009,安科生物,深交所创业板,555215248,18595647,15037403,3558244,3451028,558666276
2026-07-22,300012.SZ,300012,华测检测,深交所创业板,518424080,22279449,25695206,-3415757,6071703,524495783
2026-07-22,300014.SZ,300014,亿纬锂能,深交所创业板,5459277294,287641658,256493204,31148454,9031518,5468308812
2026-07-22,300015.SZ,300015,爱尔眼科,深交所创业板,2022298163,105203106,89060939,16142167,9773293,2032071456
2026-07-22,300017.SZ,300017,网宿科技,深交所创业板,2442903762,263188003,246079187,17108816,15186570,2458090332
2026-07-22,300018.SZ,300018,中元股份,深交所创业板,395409418,8117808,9773128,-1655320,293568,395702986
2026-07-22,300019.SZ,300019,硅宝科技,深交所创业板,298118778,11471868,9672702,1799166,205200,298323978
2026-07-22,300024.SZ,300024,机器人,深交所创业板,1086519721,45355068,51177261,-5822193,13674832,1100194553
2026-07-22,300025.SZ,300025,华星创业,深交所创业板,256544580,3614283,4226753,-612470,236400,256780980
2026-07-22,300026.SZ,300026,红日药业,深交所创业板,494609764,16049875,9117431,6932444,3112212,497721976
2026-07-22,300031.SZ,300031,宝通科技,深交所创业板,748961348,39076259,37630109,1446150,1806021,750767369
2026-07-22,300033.SZ,300033,同花顺,深交所创业板,5802035896,407746625,377644028,30102597,13285771,5815321667
2026-07-22,300034.SZ,300034,钢研高纳,深交所创业板,638820538,20508441,20635819,-127378,1226698,640047236
2026-07-22,300035.SZ,300035,中科电气,深交所创业板,739502131,13022190,17907334,-4885144,3187344,742689475
2026-07-22,300036.SZ,300036,超图软件,深交所创业板,490312318,10105421,16313820,-6208399,2219180,492531498
2026-07-22,300037.SZ,300037,新宙邦,深交所创业板,878676231,84229510,78966653,5262857,2304972,880981203
2026-07-22,300039.SZ,300039,上海凯宝,深交所创业板,281953604,56650280,57211299,-561019,469440,282423044
2026-07-22,300041.SZ,300041,回天新材,深交所创业板,488927300,34624733,38401023,-3776290,240835,489168135
2026-07-22,300042.SZ,300042,朗科科技,深交所创业板,613120310,83051585,95299879,-12248294,198904,613319214
2026-07-22,300045.SZ,300045,华力创通,深交所创业板,684164306,9930727,16616514,-6685787,2933899,687098205
2026-07-22,300046.SZ,300046,台基股份,深交所创业板,385969003,11547472,21058537,-9511065,199434,386168437
2026-07-22,300047.SZ,300047,天源迪科,深交所创业板,322430426,14842061,17775200,-2933139,1459206,323889632
2026-07-22,300048.SZ,300048,合康新能,深交所创业板,257792804,3978543,5770229,-1791686,252225,258045029
2026-07-22,300049.SZ,300049,福瑞医科,深交所创业板,830274306,26387614,21260616,5126998,5429340,835703646
2026-07-22,300053.SZ,300053,航宇微,深交所创业板,571424412,19934462,21210922,-1276460,201448,571625860
2026-07-22,300054.SZ,300054,鼎龙股份,深交所创业板,1994551294,318498560,320468885,-1970325,13938975,2008490269
2026-07-22,300055.SZ,300055,万邦达,深交所创业板,214453027,6233256,9251892,-3018636,293090,214746117
2026-07-22,300057.SZ,300057,万顺新材,深交所创业板,429923861,12257873,19688731,-7430858,294522,430218383
2026-07-22,300058.SZ,300058,蓝色光标,深交所创业板,3688579538,229809344,278657521,-48848177,27466510,3716046048
2026-07-22,300059.SZ,300059,东方财富,深交所创业板,24108789845,646836319,623036180,23800139,48859138,24157648983
2026-07-22,300061.SZ,300061,旗天科技,深交所创业板,197339807,14915545,11472074,3443471,64680,197404487
2026-07-22,300065.SZ,300065,海兰信,深交所创业板,878006689,55904555,66081944,-10177389,2978228,880984917
2026-07-22,300066.SZ,300066,三川智慧,深交所创业板,226269474,4515440,3903550,611890,462672,226732146
2026-07-22,300067.SZ,300067,安诺其,深交所创业板,414109083,21514685,12260834,9253851,288711,414397794
2026-07-22,300070.SZ,300070,碧水源,深交所创业板,761666228,24813036,16972740,7840296,2960776,764627004
2026-07-22,300072.SZ,300072,海新能科,深交所创业板,420845417,15770749,15617722,153027,313341,421158758
2026-07-22,300073.SZ,300073,当升科技,深交所创业板,1289128405,71193923,61754682,9439241,8414280,1297542685
2026-07-22,300075.SZ,300075,数字政通,深交所创业板,435914346,11514678,11251396,263282,2226915,438141261
2026-07-22,300077.SZ,300077,国民技术,深交所创业板,1142338091,70834726,63567484,7267242,3646528,1145984619
2026-07-22,300078.SZ,300078,思创智联,深交所创业板,122929653,2329752,3776916,-1447164,181306,123110959
2026-07-22,300079.SZ,300079,数码视讯,深交所创业板,591359223,11212788,15511491,-4298703,1945020,593304243
2026-07-22,300080.SZ,300080,易成新能,深交所创业板,257856165,2728759,4656347,-1927588,1408014,259264179
2026-07-22,300082.SZ,300082,奥克股份,深交所创业板,156445687,1725470,4076518,-2351048,195552,156641239
2026-07-22,300083.SZ,300083,创世纪,深交所创业板,1531274763,85759386,99080474,-13321088,8816064,1540090827
2026-07-22,300085.SZ,300085,银之杰,深交所创业板,1326136152,177706742,163080993,14625749,6905340,1333041492
2026-07-22,300088.SZ,300088,长信科技,深交所创业板,1469047933,106509021,85520915,20988106,7560756,1476608689
2026-07-22,300094.SZ,300094,国联水产,深交所创业板,143983177,4630850,5662606,-1031756,150528,144133705
2026-07-22,300098.SZ,300098,高新兴,深交所创业板,430667067,8654514,10216741,-1562227,2565725,433232792
2026-07-22,300099.SZ,300099,尤洛卡,深交所创业板,307880383,12619232,10737429,1881803,277264,308157647
2026-07-22,300100.SZ,300100,双林股份,深交所创业板,733347313,11151675,16324901,-5173226,3101692,736449005
2026-07-22,300101.SZ,300101,振芯科技,深交所创业板,592529466,9996879,13419055,-3422176,2999436,595528902
2026-07-22,300102.SZ,300102,乾照光电,深交所创业板,86825009,31746210,38806123,-7059913,573834,87398843
2026-07-22,300109.SZ,300109,新开源,深交所创业板,711938706,8608742,6150883,2457859,819873,712758579
2026-07-22,300110.SZ,300110,华仁药业,深交所创业板,251452699,9316085,6397051,2919034,237752,251690451
2026-07-22,300113.SZ,300113,顺网科技,深交所创业板,790114000,49338430,49235383,103047,4447902,794561902
2026-07-22,300115.SZ,300115,长盈精密,深交所创业板,2297902241,70154743,93806730,-23651987,19680362,2317582603
2026-07-22,300118.SZ,300118,东方日升,深交所创业板,598613240,25037266,30322426,-5285160,573125,599186365
2026-07-22,300122.SZ,300122,智飞生物,深交所创业板,992654728,24305570,26455067,-2149497,2178838,994833566
2026-07-22,300124.SZ,300124,汇川技术,深交所创业板,2875131787,106614428,125698013,-19083585,14627625,2889759412
2026-07-22,300128.SZ,300128,锦富技术,深交所创业板,410696210,8484611,11980361,-3495750,522445,411218655
2026-07-22,300129.SZ,300129,泰胜风能,深交所创业板,647229601,8485650,14949221,-6463571,402954,647632555
2026-07-22,300130.SZ,300130,新国都,深交所创业板,817533341,32205077,24215794,7989283,3552165,821085506
2026-07-22,300131.SZ,300131,英唐智控,深交所创业板,1700990462,76267506,68215685,8051821,5631915,1706622377
2026-07-22,300133.SZ,300133,华策影视,深交所创业板,1054937274,61125155,48445002,12680153,5195060,1060132334
2026-07-22,300134.SZ,300134,大富科技,深交所创业板,216554177,4405350,5685864,-1280514,576084,217130261
2026-07-22,300136.SZ,300136,信维通信,深交所创业板,5266188147,394622255,474347433,-79725178,18638010,5284826157
2026-07-22,300139.SZ,300139,晓程科技,深交所创业板,764129694,236029984,179038448,56991536,185838,764315532
2026-07-22,300142.SZ,300142,沃森生物,深交所创业板,1516401116,110704014,91618221,19085793,16548183,1532949299
2026-07-22,300143.SZ,300143,盈康生命,深交所创业板,251151356,6245873,8747999,-2502126,401237,251552593
2026-07-22,300144.SZ,300144,宋城演艺,深交所创业板,832127216,27285254,24291980,2993274,5654700,837781916
2026-07-22,300145.SZ,300145,南方泵业,深交所创业板,563637083,35250821,44158353,-8907532,567567,564204650
2026-07-22,300146.SZ,300146,汤臣倍健,深交所创业板,820624345,49719173,33112227,16606946,3897011,824521356
2026-07-22,300149.SZ,300149,睿智医药,深交所创业板,209145707,50480724,38898961,11581763,392236,209537943
2026-07-22,300151.SZ,300151,昌红科技,深交所创业板,574392628,37106747,49952779,-12846032,811644,575204272
2026-07-22,300153.SZ,300153,科泰电源,深交所创业板,272486581,8529401,13819170,-5289769,833584,273320165
2026-07-22,300157.SZ,300157,新锦动力,深交所创业板,145045738,16933963,15561151,1372812,276816,145322554
2026-07-22,300158.SZ,300158,振东制药,深交所创业板,339656030,5862229,4388587,1473642,305065,339961095
2026-07-22,300166.SZ,300166,东方国信,深交所创业板,986654919,98969478,104259769,-5290291,6586125,993241044
2026-07-22,300168.SZ,300168,万达信息,深交所创业板,617749156,4418163,10027873,-5609710,613350,618362506
2026-07-22,300170.SZ,300170,汉得信息,深交所创业板,1363583206,58469133,55158539,3310594,2654262,1366237468
2026-07-22,300171.SZ,300171,东富龙,深交所创业板,252905973,14446627,11805099,2641528,2086110,254992083
2026-07-22,300174.SZ,300174,元力股份,深交所创业板,599214366,39535964,34180668,5355296,255600,599469966
2026-07-22,300177.SZ,300177,中海达,深交所创业板,342626119,4051510,4524921,-473411,110152,342736271
2026-07-22,300179.SZ,300179,四方达,深交所创业板,923187345,107891686,115633658,-7741972,625008,923812353
2026-07-22,300180.SZ,300180,华峰超纤,深交所创业板,491728682,10600372,12919978,-2319606,2295822,494024504
2026-07-22,300181.SZ,300181,佐力药业,深交所创业板,600262924,43278535,45254224,-1975689,2980495,603243419
2026-07-22,300182.SZ,300182,捷成股份,深交所创业板,1265901059,35531612,30576645,4954967,5379380,1271280439
2026-07-22,300183.SZ,300183,东软载波,深交所创业板,200764072,8615156,5079420,3535736,693225,201457297
2026-07-22,300184.SZ,300184,力源信息,深交所创业板,1211581760,91620573,109127927,-17507354,2036536,1213618296
2026-07-22,300185.SZ,300185,通裕重工,深交所创业板,420405192,20451153,20495428,-44275,4026240,424431432
2026-07-22,300188.SZ,300188,国投智能,深交所创业板,394762354,19887048,14862159,5024889,2787330,397549684
2026-07-22,300189.SZ,300189,神农种业,深交所创业板,177513368,15373306,11970564,3402742,0,177513368
2026-07-22,300191.SZ,300191,潜能恒信,深交所创业板,420592424,100200433,78643365,21557068,1630758,422223182
2026-07-22,300194.SZ,300194,福安药业,深交所创业板,329684912,7484577,7978104,-493527,237540,329922452
2026-07-22,300197.SZ,300197,节能铁汉,深交所创业板,158573810,10745750,6966880,3778870,6084,158579894
2026-07-22,300199.SZ,300199,翰宇药业,深交所创业板,1527985268,101669252,84966630,16702622,5348177,1533333445
2026-07-22,300201.SZ,300201,海伦哲,深交所创业板,201842952,55277893,49025486,6252407,0,201842952
2026-07-22,300203.SZ,300203,聚光科技,深交所创业板,355629559,8607650,5966563,2641087,480930,356110489
2026-07-22,300204.SZ,300204,舒泰神,深交所创业板,330267877,86635022,86035227,599795,0,330267877
2026-07-22,300207.SZ,300207,欣旺达,深交所创业板,1747108439,50784360,53365555,-2581195,15236990,1762345429
2026-07-22,300217.SZ,300217,东方电热,深交所创业板,431679962,6785431,11671755,-4886324,232179,431912141
2026-07-22,300219.SZ,300219,鸿利智汇,深交所创业板,254552469,13492125,17498110,-4005985,300812,254853281
2026-07-22,300222.SZ,300222,科大智能,深交所创业板,448165031,20530024,18895327,1634697,158122,448323153
2026-07-22,300223.SZ,300223,北京君正,深交所创业板,3249828262,849048577,622878006,226170571,15876692,3265704954
2026-07-22,300224.SZ,300224,正海磁材,深交所创业板,502201101,11309185,14637983,-3328798,2578084,504779185
2026-07-22,300226.SZ,300226,上海钢联,深交所创业板,509168667,15057812,14000438,1057374,1456603,510625270
2026-07-22,300229.SZ,300229,拓尔思,深交所创业板,1066153506,14391746,39516217,-25124471,3127500,1069281006
2026-07-22,300232.SZ,300232,洲明科技,深交所创业板,489802620,5470371,4796475,673896,1029952,490832572
2026-07-22,300233.SZ,300233,金城医药,深交所创业板,313433585,18416211,17562943,853268,378750,313812335
2026-07-22,300236.SZ,300236,上海新阳,深交所创业板,1252717001,138433678,129603245,8830433,6579265,1259296266
2026-07-22,300244.SZ,300244,迪安诊断,深交所创业板,734223782,46197186,48452886,-2255700,2838000,737061782
2026-07-22,300249.SZ,300249,依米康,深交所创业板,376600024,24093793,24934995,-841202,1282,376601306
2026-07-22,300251.SZ,300251,光线传媒,深交所创业板,1335939834,87950885,69354965,18595920,7047205,1342987039
2026-07-22,300253.SZ,300253,卫宁健康,深交所创业板,1084788147,30391207,41972099,-11580892,5006576,1089794723
2026-07-22,300255.SZ,300255,常山药业,深交所创业板,1391585840,146372278,120331585,26040693,8538,1391594378
2026-07-22,300257.SZ,300257,开山股份,深交所创业板,841451327,22136204,27511879,-5375675,2897184,844348511
2026-07-22,300258.SZ,300258,精锻科技,深交所创业板,364513468,9246730,11294455,-2047725,210112,364723580
2026-07-22,300260.SZ,300260,新莱应材,深交所创业板,540204773,79657404,73363377,6294027,1003800,541208573
2026-07-22,300261.SZ,300261,雅本化学,深交所创业板,172320835,2986143,2486093,500050,197568,172518403
2026-07-22,300263.SZ,300263,隆华科技,深交所创业板,776342757,74655752,81594303,-6938551,590464,776933221
2026-07-22,300265.SZ,300265,通光线缆,深交所创业板,234739510,21407860,30228205,-8820345,0,234739510
2026-07-22,300266.SZ,300266,兴源环境,深交所创业板,178615733,1966224,1434268,531956,0,178615733
2026-07-22,300267.SZ,300267,尔康制药,深交所创业板,346005507,6180474,7321909,-1141435,291,346005798
2026-07-22,300271.SZ,300271,华宇软件,深交所创业板,321383811,5303935,7192812,-1888877,512972,321896783
2026-07-22,300274.SZ,300274,阳光电源,深交所创业板,9215561315,777153909,796852366,-19698457,20569996,9236131311
2026-07-22,300276.SZ,300276,三丰智能,深交所创业板,275034056,13879636,12017566,1862070,2299352,277333408
2026-07-22,300278.SZ,300278,华昌达,深交所创业板,259829268,4967039,6067373,-1100334,49580,259878848
2026-07-22,300284.SZ,300284,苏交科,深交所创业板,285889097,6443635,5597963,845672,1548302,287437399
2026-07-22,300285.SZ,300285,国瓷材料,深交所创业板,2993674460,927219374,771918167,155301207,15581501,3009255961
2026-07-22,300287.SZ,300287,飞利信,深交所创业板,263108952,17558296,17875939,-317643,471744,263580696
2026-07-22,300294.SZ,300294,博雅生物,深交所创业板,488602988,11152430,19775710,-8623280,1171062,489774050
2026-07-22,300296.SZ,300296,利亚德,深交所创业板,1086767840,42806761,29015463,13791298,5346396,1092114236
2026-07-22,300298.SZ,300298,三诺生物,深交所创业板,242851870,8471278,11539790,-3068512,1741480,244593350
2026-07-22,300299.SZ,300299,富春股份,深交所创业板,234787459,6350892,5778866,572026,145790,234933249
2026-07-22,300300.SZ,300300,海峡创新,深交所创业板,118806823,11109990,14873676,-3763686,0,118806823
2026-07-22,300302.SZ,300302,同有科技,深交所创业板,883689812,73609679,90492753,-16883074,192140,883881952
2026-07-22,300303.SZ,300303,聚飞光电,深交所创业板,1135617617,41774515,47274964,-5500449,4210017,1139827634
2026-07-22,300308.SZ,300308,中际旭创,深交所创业板,40790672152,6801433104,7305001862,-503568758,133589726,40924261878
2026-07-22,300310.SZ,300310,宜通世纪,深交所创业板,248126480,8241129,6468085,1773044,52793,248179273
2026-07-22,300315.SZ,300315,掌趣科技,深交所创业板,991968216,20314469,22369930,-2055461,5399664,997367880
2026-07-22,300316.SZ,300316,晶盛机电,深交所创业板,1379002153,53443460,87049178,-33605718,5311936,1384314089
2026-07-22,300319.SZ,300319,麦捷科技,深交所创业板,927789746,135167531,133017475,2150056,2066286,929856032
2026-07-22,300320.SZ,300320,海达股份,深交所创业板,320888006,3820144,3694735,125409,154000,321042006
2026-07-22,300322.SZ,300322,硕贝德,深交所创业板,645064344,40890816,58700500,-17809684,114444,645178788
2026-07-22,300323.SZ,300323,华灿光电,深交所创业板,1404334219,75170731,65897760,9272971,903322,1405237541
2026-07-22,300324.SZ,300324,旋极信息,深交所创业板,450794691,7040275,6997513,42762,136620,450931311
2026-07-22,300327.SZ,300327,中颖电子,深交所创业板,443870517,33290563,33422251,-131688,2540997,446411514
2026-07-22,300328.SZ,300328,宜安科技,深交所创业板,662439917,19525056,27140112,-7615056,103200,662543117
2026-07-22,300331.SZ,300331,苏大维格,深交所创业板,680376647,54229837,67659970,-13430133,95151,680471798
2026-07-22,300332.SZ,300332,天壕能源,深交所创业板,198528739,9256497,10047289,-790792,399672,198928411
2026-07-22,300333.SZ,300333,兆日科技,深交所创业板,157706300,4600262,3254665,1345597,0,157706300
2026-07-22,300337.SZ,300337,银邦股份,深交所创业板,465837061,14133543,13592493,541050,1313938,467150999
2026-07-22,300339.SZ,300339,润和软件,深交所创业板,2134541800,53565641,52033021,1532620,9939363,2144481163
2026-07-22,300342.SZ,300342,天银机电,深交所创业板,1130171071,33182107,69719390,-36537283,1079376,1131250447
2026-07-22,300346.SZ,300346,南大光电,深交所创业板,2451875168,302694205,322589160,-19894955,6072992,2457948160
2026-07-22,300347.SZ,300347,泰格医药,深交所创业板,852421999,140078794,102913233,37165561,985800,853407799
2026-07-22,300348.SZ,300348,长亮科技,深交所创业板,498779763,14566701,13270274,1296427,2028544,500808307
2026-07-22,300349.SZ,300349,金卡智能,深交所创业板,369439656,12850784,26188058,-13337274,259325,369698981
2026-07-22,300351.SZ,300351,永贵电器,深交所创业板,330578150,28687006,19821259,8865747,203520,330781670
2026-07-22,300353.SZ,300353,东土科技,深交所创业板,1083433871,24574792,27694968,-3120176,2412328,1085846199
2026-07-22,300355.SZ,300355,蒙草生态,深交所创业板,378781326,4496395,3721121,775274,387246,379168572
2026-07-22,300357.SZ,300357,我武生物,深交所创业板,521170931,36941351,35147698,1793653,3500297,524671228
2026-07-22,300358.SZ,300358,楚天科技,深交所创业板,308703751,17275924,15830071,1445853,342138,309045889
2026-07-22,300360.SZ,300360,炬华科技,深交所创业板,315287256,9711830,5718866,3992964,1759500,317046756
2026-07-22,300363.SZ,300363,博腾股份,深交所创业板,387840947,41886599,31483843,10402756,2147474,389988421
2026-07-22,300364.SZ,300364,中文在线,深交所创业板,950062203,45436503,63018120,-17581617,286860,950349063
2026-07-22,300369.SZ,300369,绿盟科技,深交所创业板,293749506,56065045,77768763,-21703718,450532,294200038
2026-07-22,300373.SZ,300373,扬杰科技,深交所创业板,1719932068,340647789,275321246,65326543,6452100,1726384168
2026-07-22,300377.SZ,300377,赢时胜,深交所创业板,762619054,41646264,41079690,566574,924798,763543852
2026-07-22,300378.SZ,300378,鼎捷数智,深交所创业板,638752962,17458262,17014213,444049,2419405,641172367
2026-07-22,300382.SZ,300382,斯莱克,深交所创业板,569288322,66195742,47298655,18897087,598545,569886867
2026-07-22,300383.SZ,300383,光环新网,深交所创业板,1455926079,155427983,133840034,21587949,13255660,1469181739
2026-07-22,300390.SZ,300390,天华新能,深交所创业板,2147479986,152457546,202859843,-50402297,1974799,2149454785
2026-07-22,300393.SZ,300393,中来股份,深交所创业板,563113753,8045167,7792925,252242,372372,563486125
2026-07-22,300394.SZ,300394,天孚通信,深交所创业板,8673913892,714329465,766520242,-52190777,37809295,8711723187
2026-07-22,300395.SZ,300395,菲利华,深交所创业板,3080346478,130495590,158486701,-27991111,18393842,3098740320
2026-07-22,300397.SZ,300397,天和防务,深交所创业板,307029878,17172794,13770124,3402670,137376,307167254
2026-07-22,300398.SZ,300398,飞凯材料,深交所创业板,1584616142,151080141,176210907,-25130766,4135110,1588751252
2026-07-22,300401.SZ,300401,花园生物,深交所创业板,405817377,41745939,29575557,12170382,824267,406641644
2026-07-22,300403.SZ,300403,汉宇集团,深交所创业板,384510940,11192304,11612496,-420192,168756,384679696
2026-07-22,300406.SZ,300406,九强生物,深交所创业板,178383498,5350390,7166218,-1815828,824703,179208201
2026-07-22,300408.SZ,300408,三环集团,深交所创业板,3676217712,763590319,741547329,22042990,14231836,3690449548
2026-07-22,300409.SZ,300409,道氏技术,深交所创业板,994394281,44926367,30093612,14832755,5395843,999790124
2026-07-22,300413.SZ,300413,芒果超媒,深交所创业板,806945433,22144270,15713125,6431145,916542,807861975
2026-07-22,300414.SZ,300414,中光防雷,深交所创业板,126772547,3452128,4502020,-1049892,105096,126877643
2026-07-22,300415.SZ,300415,伊之密,深交所创业板,381989931,9066694,10735526,-1668832,21271964,403261895
2026-07-22,300416.SZ,300416,苏试试验,深交所创业板,534920027,31301987,30091447,1210540,1775928,536695955
2026-07-22,300418.SZ,300418,昆仑万维,深交所创业板,3679358421,355880323,357059361,-1179038,9754224,3689112645
2026-07-22,300428.SZ,300428,立中集团,深交所创业板,329974395,15484568,24598388,-9113820,1251256,331225651
2026-07-22,300429.SZ,300429,强力新材,深交所创业板,342273612,18902548,30394683,-11492135,171336,342444948
2026-07-22,300432.SZ,300432,富临精工,深交所创业板,515693282,36391646,43042284,-6650638,1813479,517506761
2026-07-22,300433.SZ,300433,蓝思科技,深交所创业板,7015494917,444423620,402221443,42202177,13616000,7029110917
2026-07-22,300436.SZ,300436,广生堂,深交所创业板,472447503,57224988,46841954,10383034,0,472447503
2026-07-22,300437.SZ,300437,清水源,深交所创业板,61001128,4008361,2905500,1102861,0,61001128
2026-07-22,300438.SZ,300438,鹏辉能源,深交所创业板,900088805,191547226,179513958,12033268,2873610,902962415
2026-07-22,300442.SZ,300442,润泽科技,深交所创业板,3707443181,335578803,338692548,-3113745,7653528,3715096709
2026-07-22,300443.SZ,300443,金雷股份,深交所创业板,346391210,10263692,9513339,750353,1918781,348309991
2026-07-22,300450.SZ,300450,先导智能,深交所创业板,2966122758,101225946,104573491,-3347545,7229463,2973352221
2026-07-22,300451.SZ,300451,创业慧康,深交所创业板,479174475,3874602,6551814,-2677212,1198050,480372525
2026-07-22,300454.SZ,300454,深信服,深交所创业板,1601347995,560303743,458405776,101897967,23569151,1624917146
2026-07-22,300455.SZ,300455,航天智装,深交所创业板,495812891,11068404,9311166,1757238,2670304,498483195
2026-07-22,300456.SZ,300456,赛微电子,深交所创业板,1794852890,81254799,82540405,-1285606,4706667,1799559557
2026-07-22,300457.SZ,300457,赢合科技,深交所创业板,910573569,13886383,17704676,-3818293,2434896,913008465
2026-07-22,300458.SZ,300458,全志科技,深交所创业板,1589315784,612824268,497598026,115226242,21092580,1610408364
2026-07-22,300459.SZ,300459,汤姆猫,深交所创业板,601853690,18495261,16837373,1657888,4678512,606532202
2026-07-22,300463.SZ,300463,迈克生物,深交所创业板,249974271,7864480,5330929,2533551,963823,250938094
2026-07-22,300468.SZ,300468,四方精创,深交所创业板,882396282,55286118,50314863,4971255,1126912,883523194
2026-07-22,300469.SZ,300469,信息发展,深交所创业板,1213366939,24874287,36536815,-11662528,4234,1213371173
2026-07-22,300471.SZ,300471,厚普股份,深交所创业板,180913778,2059530,4244711,-2185181,188570,181102348
2026-07-22,300474.SZ,300474,景嘉微,深交所创业板,1318523864,45735479,68537330,-22801851,11265562,1329789426
2026-07-22,300475.SZ,300475,香农芯创,深交所创业板,4991773583,596531159,678498869,-81967710,11278820,5003052403
2026-07-22,300476.SZ,300476,胜宏科技,深交所创业板,18801375215,1331945536,1353667450,-21721914,25853097,18827228312
2026-07-22,300479.SZ,300479,神思电子,深交所创业板,196673958,5223396,4965975,257421,13926,196687884
2026-07-22,300481.SZ,300481,濮阳惠成,深交所创业板,313196892,20048109,19271416,776693,87975,313284867
2026-07-22,300482.SZ,300482,万孚生物,深交所创业板,358786922,16123827,10642703,5481124,2553708,361340630
2026-07-22,300484.SZ,300484,蓝海华腾,深交所创业板,194209473,3464840,4440493,-975653,176868,194386341
2026-07-22,300487.SZ,300487,蓝晓科技,深交所创业板,395813303,74072453,74900538,-828085,12029333,407842636
2026-07-22,300492.SZ,300492,华图山鼎,深交所创业板,183763028,4817006,6724012,-1907006,474971,184237999
2026-07-22,300493.SZ,300493,润欣科技,深交所创业板,452763812,25924514,21724529,4199985,2157012,454920824
2026-07-22,300496.SZ,300496,中科创达,深交所创业板,1821354809,136877315,117594143,19283172,8685038,1830039847
2026-07-22,300497.SZ,300497,富祥股份,深交所创业板,497298177,38551164,43994333,-5443169,167581,497465758
2026-07-22,300498.SZ,300498,温氏股份,深交所创业板,829577589,35615291,44678174,-9062883,11745016,841322605
2026-07-22,300499.SZ,300499,高澜股份,深交所创业板,839583150,72960776,50696733,22264043,304236,839887386
2026-07-22,300502.SZ,300502,新易盛,深交所创业板,29697457379,4585031736,5011898019,-426866283,151612226,29849069605
2026-07-22,300503.SZ,300503,昊志机电,深交所创业板,871502140,107434638,155784944,-48350306,1369717,872871857
2026-07-22,300505.SZ,300505,川金诺,深交所创业板,363606192,15907025,23133914,-7226889,224808,363831000
2026-07-22,300507.SZ,300507,苏奥传感,深交所创业板,451964144,4153501,5414769,-1261268,161516,452125660
2026-07-22,300518.SZ,300518,新迅达,深交所创业板,361234549,16876491,20077287,-3200796,0,361234549
2026-07-22,300520.SZ,300520,科大国创,深交所创业板,592334214,14577415,15802466,-1225051,6705,592340919
2026-07-22,300525.SZ,300525,博思软件,深交所创业板,494500031,17161665,14626064,2535601,1460736,495960767
2026-07-22,300529.SZ,300529,健帆生物,深交所创业板,529905640,14286067,13099920,1186147,2864160,532769800
2026-07-22,300548.SZ,300548,长芯博创,深交所创业板,2201852248,170489834,160735488,9754346,3470849,2205323097
2026-07-22,300558.SZ,300558,贝达药业,深交所创业板,700933739,101218914,90622112,10596802,3304142,704237881
2026-07-22,300563.SZ,300563,神宇股份,深交所创业板,227042182,6267466,4846208,1421258,61741,227103923
2026-07-22,300566.SZ,300566,激智科技,深交所创业板,535747537,88265341,138095832,-49830491,397494,536145031
2026-07-22,300567.SZ,300567,精测电子,深交所创业板,841286127,175691247,371618176,-195926929,15381828,856667955
2026-07-22,300568.SZ,300568,星源材质,深交所创业板,917070923,79389435,58966065,20423370,3312960,920383883
2026-07-22,300569.SZ,300569,天能重工,深交所创业板,343714362,3373560,5318250,-1944690,202794,343917156
2026-07-22,300570.SZ,300570,太辰光,深交所创业板,1378031564,237474881,187997609,49477272,7422030,1385453594
2026-07-22,300573.SZ,300573,兴齐眼药,深交所创业板,935946278,30645915,30226204,419711,4237026,940183304
2026-07-22,300576.SZ,300576,容大感光,深交所创业板,498375349,54669882,53948468,721414,1015922,499391271
2026-07-22,300579.SZ,300579,数字认证,深交所创业板,163817157,4228289,6821971,-2593682,614496,164431653
2026-07-22,300581.SZ,300581,晨曦航空,深交所创业板,122013241,3472223,2962110,510113,878,122014119
2026-07-22,300586.SZ,300586,美联新材,深交所创业板,378291009,24383017,25885194,-1502177,774,378291783
2026-07-22,300587.SZ,300587,天铁科技,深交所创业板,340983244,12075361,12628586,-553225,297648,341280892
2026-07-22,300589.SZ,300589,江龙船艇,深交所创业板,155387666,6347121,5269385,1077736,139008,155526674
2026-07-22,300593.SZ,300593,新雷能,深交所创业板,477929282,24636427,31037610,-6401183,3878100,481807382
2026-07-22,300595.SZ,300595,欧普康视,深交所创业板,488576224,11833905,13172172,-1338267,879069,489455293
2026-07-22,300596.SZ,300596,利安隆,深交所创业板,227294900,12164375,18002257,-5837882,551004,227845904
2026-07-22,300598.SZ,300598,诚迈科技,深交所创业板,396073018,13638929,20493458,-6854529,3227070,399300088
2026-07-22,300601.SZ,300601,康泰生物,深交所创业板,634245388,17199947,21369537,-4169590,3928562,638173950
2026-07-22,300602.SZ,300602,飞荣达,深交所创业板,706218630,125829626,110420612,15409014,3581544,709800174
2026-07-22,300604.SZ,300604,长川科技,深交所创业板,3667999550,1085567560,1011020100,74547460,56556150,3724555700
2026-07-22,300607.SZ,300607,拓斯达,深交所创业板,508418103,47074123,75741501,-28667378,3539760,511957863
2026-07-22,300612.SZ,300612,宣亚国际,深交所创业板,132948889,4476758,4019196,457562,1041,132949930
2026-07-22,300613.SZ,300613,富瀚微,深交所创业板,590715220,110075813,82386362,27689451,2008608,592723828
2026-07-22,300614.SZ,300614,百川畅银,深交所创业板,43941210,3429443,2307113,1122330,855,43942065
2026-07-22,300618.SZ,300618,寒锐钴业,深交所创业板,702455391,20668692,32075676,-11406984,3616512,706071903
2026-07-22,300620.SZ,300620,光库科技,深交所创业板,1654631447,223612259,222548031,1064228,18104284,1672735731
2026-07-22,300623.SZ,300623,捷捷微电,深交所创业板,912187549,83421527,83424205,-2678,6478998,918666547
2026-07-22,300624.SZ,300624,万兴科技,深交所创业板,555341501,21419475,49743306,-28323831,3071572,558413073
2026-07-22,300627.SZ,300627,华测导航,深交所创业板,657166891,18532711,15272059,3260652,11485981,668652872
2026-07-22,300628.SZ,300628,亿联网络,深交所创业板,357591245,50965140,56892856,-5927716,29221039,386812284
2026-07-22,300629.SZ,300629,新劲刚,深交所创业板,511116965,5817692,19255595,-13437903,12800,511129765
2026-07-22,300633.SZ,300633,开立医疗,深交所创业板,166049904,6973161,8381945,-1408784,1827584,167877488
2026-07-22,300634.SZ,300634,彩讯股份,深交所创业板,600265473,19214115,26538323,-7324208,1231282,601496755
2026-07-22,300638.SZ,300638,广和通,深交所创业板,839158879,112838734,83770354,29068380,5170924,844329803
2026-07-22,300639.SZ,300639,凯普生物,深交所创业板,83404228,7205128,5905281,1299847,326652,83730880
2026-07-22,300641.SZ,300641,正丹股份,深交所创业板,321312450,6968706,30153977,-23185271,1554228,322866678
2026-07-22,300648.SZ,300648,星云股份,深交所创业板,714280739,10176089,14850383,-4674294,0,714280739
2026-07-22,300653.SZ,300653,正海生物,深交所创业板,135248899,3903329,4399719,-496390,230076,135478975
2026-07-22,300655.SZ,300655,晶瑞电材,深交所创业板,842553836,62705303,81396338,-18691035,4146767,846700603
2026-07-22,300657.SZ,300657,弘信电子,深交所创业板,1681167179,156593195,119372573,37220622,3795736,1684962915
2026-07-22,300660.SZ,300660,江苏雷利,深交所创业板,520757535,18376547,18926072,-549525,3583312,524340847
2026-07-22,300661.SZ,300661,圣邦股份,深交所创业板,567196912,120175788,58730238,61445550,6157563,573354475
2026-07-22,300663.SZ,300663,科蓝软件,深交所创业板,343251236,39204596,36278753,2925843,1286142,344537378
2026-07-22,300666.SZ,300666,江丰电子,深交所创业板,1859196834,606377905,433112881,173265024,11662319,1870859153
2026-07-22,300671.SZ,300671,富满微,深交所创业板,544452660,113231713,136696367,-23464654,1601286,546053946
2026-07-22,300672.SZ,300672,国科微,深交所创业板,2966673662,176294941,183468491,-7173550,6031740,2972705402
2026-07-22,300674.SZ,300674,宇信科技,深交所创业板,809650324,62236857,70102139,-7865282,4397976,814048300
2026-07-22,300676.SZ,300676,华大基因,深交所创业板,820856027,26070861,23234502,2836359,6362053,827218080
2026-07-22,300677.SZ,300677,英科医疗,深交所创业板,336882938,25030926,18631208,6399718,13484040,350366978
2026-07-22,300678.SZ,300678,中科信息,深交所创业板,303876365,8776801,12189324,-3412523,885360,304761725
2026-07-22,300679.SZ,300679,电连技术,深交所创业板,1662338821,94280473,92045254,2235219,3898951,1666237772
2026-07-22,300681.SZ,300681,英搏尔,深交所创业板,426169021,25723262,55962964,-30239702,0,426169021
2026-07-22,300682.SZ,300682,朗新科技,深交所创业板,643130477,16172524,15713550,458974,2069928,645200405
2026-07-22,300684.SZ,300684,中石科技,深交所创业板,261922206,72183179,59284703,12898476,752131,262674337
2026-07-22,300685.SZ,300685,艾德生物,深交所创业板,275905661,10125315,13080724,-2955409,1083354,276989015
2026-07-22,300687.SZ,300687,赛意信息,深交所创业板,444270691,52298792,50930435,1368357,823149,445093840
2026-07-22,300690.SZ,300690,双一科技,深交所创业板,179857122,3135646,4025818,-890172,23028,179880150
2026-07-22,300691.SZ,300691,联合光电,深交所创业板,163217583,4060168,5397674,-1337506,0,163217583
2026-07-22,300693.SZ,300693,盛弘股份,深交所创业板,435212671,23008736,29393433,-6384697,2169785,437382456
2026-07-22,300696.SZ,300696,爱乐达,深交所创业板,312043543,8368852,10006285,-1637433,224344,312267887
2026-07-22,300699.SZ,300699,光威复材,深交所创业板,1019274272,29102111,23157689,5944422,8085725,1027359997
2026-07-22,300700.SZ,300700,岱勒新材,深交所创业板,423801057,20723921,18992176,1731745,0,423801057
2026-07-22,300709.SZ,300709,精研科技,深交所创业板,568794899,29596629,50625081,-21028452,899600,569694499
2026-07-22,300712.SZ,300712,永福股份,深交所创业板,206989528,1538725,3188688,-1649963,0,206989528
2026-07-22,300718.SZ,300718,长盛轴承,深交所创业板,600227993,24296708,27878196,-3581488,2759969,602987962
2026-07-22,300720.SZ,300720,海川智能,深交所创业板,180345279,54626130,31598166,23027964,0,180345279
2026-07-22,300722.SZ,300722,新余国科,深交所创业板,149382273,4054972,4970804,-915832,170544,149552817
2026-07-22,300723.SZ,300723,一品红,深交所创业板,451546468,49127766,38455149,10672617,3075336,454621804
2026-07-22,300724.SZ,300724,捷佳伟创,深交所创业板,2090069285,59900024,61237646,-1337622,10093902,2100163187
2026-07-22,300725.SZ,300725,药石科技,深交所创业板,655414465,99124176,79528645,19595531,3460968,658875433
2026-07-22,300726.SZ,300726,宏达电子,深交所创业板,552401025,53377192,69942027,-16564835,2058547,554459572
2026-07-22,300735.SZ,300735,光弘科技,深交所创业板,973116466,41561235,39252800,2308435,6115527,979231993
2026-07-22,300737.SZ,300737,科顺股份,深交所创业板,269430684,10310158,10536476,-226318,52884,269483568
2026-07-22,300738.SZ,300738,奥飞数据,深交所创业板,1393645643,287516810,291562742,-4045932,8739396,1402385039
2026-07-22,300739.SZ,300739,明阳电路,深交所创业板,448389148,25640531,28615469,-2974938,576576,448965724
2026-07-22,300740.SZ,300740,水羊股份,深交所创业板,474256135,39009613,39029999,-20386,318786,474574921
2026-07-22,300741.SZ,300741,华宝股份,深交所创业板,98636206,1751886,2014295,-262409,171852,98808058
2026-07-22,300745.SZ,300745,欣锐科技,深交所创业板,342570585,20616283,25566225,-4949942,261304,342831889
2026-07-22,300747.SZ,300747,锐科激光,深交所创业板,842527308,90024514,86612104,3412410,1319760,843847068
2026-07-22,300748.SZ,300748,金力永磁,深交所创业板,1248114532,38122973,42318437,-4195464,11077014,1259191546
2026-07-22,300750.SZ,300750,宁德时代,深交所创业板,23003071691,761198216,540124346,221073870,134226533,23137298224
2026-07-22,300751.SZ,300751,迈为股份,深交所创业板,1080686488,84021527,133446142,-49424615,4486747,1085173235
2026-07-22,300755.SZ,300755,华致酒行,深交所创业板,104394252,3938267,3638583,299684,316774,104711026
2026-07-22,300757.SZ,300757,罗博特科,深交所创业板,4761072817,382624202,329475413,53148789,12903102,4773975919
2026-07-22,300759.SZ,300759,康龙化成,深交所创业板,1199021355,502884950,307891931,194993019,8009652,1207031007
2026-07-22,300760.SZ,300760,迈瑞医疗,深交所创业板,5906963399,125120791,117894892,7225899,41996066,5948959465
2026-07-22,300761.SZ,300761,立华股份,深交所创业板,191453257,9063709,13571526,-4507817,2456568,193909825
2026-07-22,300762.SZ,300762,上海瀚讯,深交所创业板,1678709590,135925670,87416118,48509552,5037210,1683746800
2026-07-22,300763.SZ,300763,锦浪科技,深交所创业板,881080680,66677245,56685934,9991311,8216780,889297460
2026-07-22,300765.SZ,300765,石药创新,深交所创业板,487061003,73664105,117017181,-43353076,4657210,491718213
2026-07-22,300766.SZ,300766,每日互动,深交所创业板,725374175,108289798,78114865,30174933,224295,725598470
2026-07-22,300767.SZ,300767,震安科技,深交所创业板,214598792,8034210,7953244,80966,47275,214646067
2026-07-22,300768.SZ,300768,迪普科技,深交所创业板,305231280,56970783,46391431,10579352,2079460,307310740
2026-07-22,300769.SZ,300769,德方纳米,深交所创业板,908716613,35023870,49424685,-14400815,83600,908800213
2026-07-22,300770.SZ,300770,新媒股份,深交所创业板,326585198,6172430,4415972,1756458,2116993,328702191
2026-07-22,300772.SZ,300772,运达股份,深交所创业板,402762619,9374398,14611921,-5237523,1553049,404315668
2026-07-22,300773.SZ,300773,拉卡拉,深交所创业板,1050231784,91262481,73515736,17746745,4917354,1055149138
2026-07-22,300774.SZ,300774,倍杰特,深交所创业板,83601645,5117869,7939295,-2821426,0,83601645
2026-07-22,300775.SZ,300775,三角防务,深交所创业板,868112267,15280613,22697064,-7416451,3526200,871638467
2026-07-22,300776.SZ,300776,帝尔激光,深交所创业板,798156570,59181707,77394212,-18212505,4708025,802864595
2026-07-22,300777.SZ,300777,中简科技,深交所创业板,1058482140,11759052,15560980,-3801928,3612855,1062094995
2026-07-22,300779.SZ,300779,惠城环保,深交所创业板,1220086528,157935829,219018895,-61083066,3675802,1223762330
2026-07-22,300781.SZ,300781,因赛集团,深交所创业板,161006446,5686228,7200309,-1514081,177900,161184346
2026-07-22,300782.SZ,300782,卓胜微,深交所创业板,1992296858,113322096,91156576,22165520,1422144,1993719002
2026-07-22,300784.SZ,300784,利安科技,深交所创业板,62211514,1750027,4501074,-2751047,203290,62414804
2026-07-22,300790.SZ,300790,宇瞳光学,深交所创业板,76278266,22662469,16835114,5827355,0,76278266
2026-07-22,300803.SZ,300803,指南针,深交所创业板,3576817880,184018381,156079119,27939262,11529002,3588346882
2026-07-22,300804.SZ,300804,广康生化,深交所创业板,63726612,6478030,2764135,3713895,294184,64020796
2026-07-22,300806.SZ,300806,斯迪克,深交所创业板,263454489,138840213,79774194,59066019,834278,264288767
2026-07-22,300811.SZ,300811,铂科新材,深交所创业板,1137757415,69817220,100619080,-30801860,1955490,1139712905
2026-07-22,300814.SZ,300814,中富电路,深交所创业板,548081856,183093408,70021040,113072368,627210,548709066
2026-07-22,300820.SZ,300820,英杰电气,深交所创业板,164759574,26094308,21474841,4619467,1298925,166058499
2026-07-22,300821.SZ,300821,东岳硅材,深交所创业板,558555160,125215585,116068863,9146722,4037510,562592670
2026-07-22,300825.SZ,300825,阿尔特,深交所创业板,453882216,16692649,24062695,-7370046,14943,453897159
2026-07-22,300827.SZ,300827,上能电气,深交所创业板,580423058,32956779,41316437,-8359658,1868750,582291808
2026-07-22,300832.SZ,300832,新产业,深交所创业板,876628244,23366168,31363890,-7997722,2387599,879015843
2026-07-22,300834.SZ,300834,星辉环材,深交所创业板,234910309,24816583,13319706,11496877,0,234910309
2026-07-22,300835.SZ,300835,龙磁科技,深交所创业板,184051353,30805147,25881809,4923338,0,184051353
2026-07-22,300841.SZ,300841,康华生物,深交所创业板,649168241,14598468,8838940,5759528,238765,649407006
2026-07-22,300842.SZ,300842,帝科股份,深交所创业板,705881525,22586272,43578742,-20992470,11258,705892783
2026-07-22,300843.SZ,300843,胜蓝股份,深交所创业板,157495752,119813619,54221936,65591683,0,157495752
2026-07-22,300844.SZ,300844,山水比德,深交所创业板,74301167,2163549,1991476,172073,0,74301167
2026-07-22,300846.SZ,300846,首都在线,深交所创业板,836977465,70207887,88943794,-18735907,311688,837289153
2026-07-22,300850.SZ,300850,新强联,深交所创业板,516625607,13705834,18697541,-4991707,2768066,519393673
2026-07-22,300854.SZ,300854,中兰环保,深交所创业板,87723825,6519508,9297551,-2778043,0,87723825
2026-07-22,300855.SZ,300855,图南股份,深交所创业板,269266973,17425361,15958056,1467305,1455905,270722878
2026-07-22,300856.SZ,300856,科思股份,深交所创业板,135982831,3840412,4702041,-861629,259879,136242710
2026-07-22,300857.SZ,300857,协创数据,深交所创业板,7496643233,1380020963,820030872,559990091,36618671,7533261904
2026-07-22,300860.SZ,300860,锋尚文化,深交所创业板,233635220,5759823,1709352,4050471,393770,234028990
2026-07-22,300861.SZ,300861,美畅股份,深交所创业板,349575585,21323578,33735802,-12412224,940034,350515619
2026-07-22,300862.SZ,300862,蓝盾光电,深交所创业板,298702219,13429537,23857030,-10427493,196420,298898639
2026-07-22,300863.SZ,300863,卡倍亿,深交所创业板,462463872,20933102,34343194,-13410092,180310,462644182
2026-07-22,300864.SZ,300864,南大环境,深交所创业板,87655011,3256457,2466649,789808,0,87655011
2026-07-22,300865.SZ,300865,大宏立,深交所创业板,44551377,3131229,2142105,989124,0,44551377
2026-07-22,300866.SZ,300866,安克创新,深交所创业板,284609955,38064796,19270017,18794779,5915169,290525124
2026-07-22,300867.SZ,300867,圣元环保,深交所创业板,305195113,7861016,8434622,-573606,268246,305463359
2026-07-22,300868.SZ,300868,杰美特,深交所创业板,355086531,53404602,49397711,4006891,0,355086531
2026-07-22,300869.SZ,300869,康泰医学,深交所创业板,122832856,2702771,2087540,615231,222816,123055672
2026-07-22,300870.SZ,300870,欧陆通,深交所创业板,1196669569,237361408,125436823,111924585,2464520,1199134089
2026-07-22,300871.SZ,300871,回盛生物,深交所创业板,200903043,16949221,9416192,7533029,219348,201122391
2026-07-22,300872.SZ,300872,天阳科技,深交所创业板,753684687,10802899,15178230,-4375331,1107113,754791800
2026-07-22,300873.SZ,300873,海晨股份,深交所创业板,134368001,20493439,23593449,-3100010,322178,134690179
2026-07-22,300875.SZ,300875,捷强装备,深交所创业板,73564152,19836925,12920982,6915943,0,73564152
2026-07-22,300876.SZ,300876,蒙泰高新,深交所创业板,81713873,2275690,2547474,-271784,0,81713873
2026-07-22,300877.SZ,300877,金春股份,深交所创业板,113232407,1874831,1891264,-16433,276080,113508487
2026-07-22,300878.SZ,300878,维康药业,深交所创业板,62175458,6188237,7292163,-1103926,0,62175458
2026-07-22,300879.SZ,300879,大叶股份,深交所创业板,176239716,2436991,2060702,376289,139788,176379504
2026-07-22,300880.SZ,300880,迦南智能,深交所创业板,164190314,3017384,4761716,-1744332,299208,164489522
2026-07-22,300881.SZ,300881,盛德鑫泰,深交所创业板,101787039,3046170,4284390,-1238220,274680,102061719
2026-07-22,300882.SZ,300882,万胜智能,深交所创业板,101552926,3420115,5119938,-1699823,149520,101702446
2026-07-22,300883.SZ,300883,龙利得,深交所创业板,159084840,5920803,2104497,3816306,184382,159269222
2026-07-22,300884.SZ,300884,狄耐克,深交所创业板,121789659,4852277,5832461,-980184,153765,121943424
2026-07-22,300885.SZ,300885,海昌新材,深交所创业板,186697555,10722436,11060393,-337957,72501,186770056
2026-07-22,300886.SZ,300886,华业香料,深交所创业板,79797575,1602076,2497387,-895311,163228,79960803
2026-07-22,300887.SZ,300887,谱尼测试,深交所创业板,89722390,4969338,4937698,31640,368640,90091030
2026-07-22,300888.SZ,300888,稳健医疗,深交所创业板,349708605,11346631,13799709,-2453078,4278920,353987525
2026-07-22,300889.SZ,300889,爱克股份,深交所创业板,206671987,4027413,6351628,-2324215,0,206671987
2026-07-22,300890.SZ,300890,翔丰华,深交所创业板,361834719,7837201,17677537,-9840336,0,361834719
2026-07-22,300891.SZ,300891,惠云钛业,深交所创业板,109255130,1893021,3359709,-1466688,164331,109419461
2026-07-22,300892.SZ,300892,品渥食品,深交所创业板,40528913,1700865,3076685,-1375820,167992,40696905
2026-07-22,300893.SZ,300893,松原安全,深交所创业板,85241983,2293409,2182532,110877,182776,85424759
2026-07-22,300894.SZ,300894,火星人,深交所创业板,152800029,5423810,4813728,610082,300080,153100109
2026-07-22,300895.SZ,300895,铜牛信息,深交所创业板,314761748,48273247,37871979,10401268,329550,315091298
2026-07-22,300896.SZ,300896,爱美客,深交所创业板,1021152097,153422834,133064394,20358440,2752640,1023904737
2026-07-22,300897.SZ,300897,山科智能,深交所创业板,83885687,1690804,2513001,-822197,127923,84013610
2026-07-22,300898.SZ,300898,熊猫乳品,深交所创业板,107873691,7716817,8006936,-290119,129859,108003550
2026-07-22,300899.SZ,300899,上海凯鑫,深交所创业板,21853685,1574633,762385,812248,0,21853685
2026-07-22,300900.SZ,300900,广联航空,深交所创业板,481997376,27265393,34302160,-7036767,154360,482151736
2026-07-22,300901.SZ,300901,中胤时尚,深交所创业板,118770366,5291414,7159213,-1867799,0,118770366
2026-07-22,300902.SZ,300902,国安达,深交所创业板,95041708,3402559,1728281,1674278,166950,95208658
2026-07-22,300903.SZ,300903,科翔股份,深交所创业板,3434147957,145919469,118145440,27774029,0,3434147957
2026-07-22,300904.SZ,300904,威力传动,深交所创业板,48776209,3192558,2521066,671492,0,48776209
2026-07-22,300905.SZ,300905,宝丽迪,深交所创业板,292441666,11412531,21067956,-9655425,288508,292730174
2026-07-22,300906.SZ,300906,日月明,深交所创业板,78214284,2807040,7134736,-4327696,183624,78397908
2026-07-22,300907.SZ,300907,康平科技,深交所创业板,122092550,17810331,14195019,3615312,364653,122457203
2026-07-22,300908.SZ,300908,仲景食品,深交所创业板,84118004,3726002,1423189,2302813,237122,84355126
2026-07-22,300909.SZ,300909,汇创达,深交所创业板,468725946,18353557,7079575,11273982,0,468725946
2026-07-22,300910.SZ,300910,瑞丰新材,深交所创业板,243547983,12356355,13214904,-858549,2253101,245801084
2026-07-22,300911.SZ,300911,亿田智能,深交所创业板,195614515,8634220,12639413,-4005193,166496,195781011
2026-07-22,300912.SZ,300912,凯龙高科,深交所创业板,121166159,9787504,11196413,-1408909,0,121166159
2026-07-22,300913.SZ,300913,兆龙互连,深交所创业板,328611446,26238243,18749868,7488375,1072728,329684174
2026-07-22,300915.SZ,300915,海融科技,深交所创业板,120847476,1410209,1455994,-45785,46202,120893678
2026-07-22,300916.SZ,300916,朗特智能,深交所创业板,129849174,2720342,10113352,-7393010,155918,130005092
2026-07-22,300917.SZ,300917,特发服务,深交所创业板,216001932,21639617,12772709,8866908,384146,216386078
2026-07-22,300918.SZ,300918,南山智尚,深交所创业板,237023332,4580005,6030346,-1450341,164675,237188007
2026-07-22,300919.SZ,300919,中伟新材,深交所创业板,980621873,33365732,49204009,-15838277,8595000,989216873
2026-07-22,300920.SZ,300920,润阳科技,深交所创业板,153929119,5011611,12602973,-7591362,294456,154223575
2026-07-22,300921.SZ,300921,南凌科技,深交所创业板,115756865,10922263,11698526,-776263,25783,115782648
2026-07-22,300922.SZ,300922,天秦装备,深交所创业板,154808371,3204383,3930807,-726424,173000,154981371
2026-07-22,300923.SZ,300923,研奥股份,深交所创业板,43532732,2964836,1517061,1447775,0,43532732
2026-07-22,300925.SZ,300925,法本信息,深交所创业板,474738136,6503213,8076552,-1573339,1668790,476406926
2026-07-22,300926.SZ,300926,博俊科技,深交所创业板,188834591,4013746,5458872,-1445126,710355,189544946
2026-07-22,300927.SZ,300927,江天化学,深交所创业板,94382217,7708385,11509174,-3800789,172434,94554651
2026-07-22,300928.SZ,300928,华安鑫创,深交所创业板,181931273,1051940,2539711,-1487771,0,181931273
2026-07-22,300929.SZ,300929,华骐环保,深交所创业板,52339553,5587386,3309540,2277846,0,52339553
2026-07-22,300930.SZ,300930,屹通新材,深交所创业板,45307870,2338207,2483833,-145626,216443,45524313
2026-07-22,300931.SZ,300931,通用电梯,深交所创业板,281236687,7445264,4940127,2505137,1089,281237776
2026-07-22,300932.SZ,300932,三友联众,深交所创业板,168699822,9696075,9834495,-138420,247932,168947754
2026-07-22,300933.SZ,300933,中辰股份,深交所创业板,183024849,7626304,5560930,2065374,3829,183028678
2026-07-22,300935.SZ,300935,盈建科,深交所创业板,99774774,7246340,7365486,-119146,0,99774774
2026-07-22,300936.SZ,300936,中英科技,深交所创业板,257511332,23993939,32879533,-8885594,439008,257950340
2026-07-22,300937.SZ,300937,药易购,深交所创业板,101098402,16487672,15154192,1333480,216969,101315371
2026-07-22,300938.SZ,300938,信测标准,深交所创业板,984407851,47084855,49163745,-2078890,348927,984756778
2026-07-22,300939.SZ,300939,秋田微,深交所创业板,312992210,30220874,19151842,11069032,98010,313090220
2026-07-22,300940.SZ,300940,南极光,深交所创业板,188318159,5770641,6148710,-378069,61302,188379461
2026-07-22,300941.SZ,300941,创识科技,深交所创业板,152022364,5099106,4547184,551922,10720,152033084
2026-07-22,300942.SZ,300942,易瑞生物,深交所创业板,71574885,4935881,5889932,-954051,196424,71771309
2026-07-22,300943.SZ,300943,春晖智控,深交所创业板,371756409,35056061,28462721,6593340,0,371756409
2026-07-22,300945.SZ,300945,曼卡龙,深交所创业板,114857882,11519252,6476972,5042280,193284,115051166
2026-07-22,300946.SZ,300946,恒而达,深交所创业板,127586546,2339847,2556465,-216618,90480,127677026
2026-07-22,300947.SZ,300947,德必集团,深交所创业板,63694619,2136870,3141271,-1004401,190005,63884624
2026-07-22,300948.SZ,300948,冠中生态,深交所创业板,182177537,6260081,7813530,-1553449,0,182177537
2026-07-22,300949.SZ,300949,奥雅股份,深交所创业板,33919717,3754471,1678372,2076099,0,33919717
2026-07-22,300950.SZ,300950,德固特,深交所创业板,98861291,1350109,1730069,-379960,0,98861291
2026-07-22,300951.SZ,300951,博硕科技,深交所创业板,151102381,24663771,15419378,9244393,508326,151610707
2026-07-22,300952.SZ,300952,恒辉安防,深交所创业板,150151026,4118573,5985144,-1866571,185709,150336735
2026-07-22,300953.SZ,300953,震裕科技,深交所创业板,1221434737,34001759,58541500,-24539741,1927296,1223362033
2026-07-22,300955.SZ,300955,嘉亨家化,深交所创业板,107409519,7398816,9227219,-1828403,0,107409519
2026-07-22,300956.SZ,300956,英力股份,深交所创业板,130784474,4395749,5599560,-1203811,0,130784474
2026-07-22,300957.SZ,300957,贝泰妮,深交所创业板,503020312,33561688,30042000,3519688,1229856,504250168
2026-07-22,300958.SZ,300958,建工修复,深交所创业板,64786949,3189765,1534767,1654998,1053,64788002
2026-07-22,300959.SZ,300959,线上线下,深交所创业板,541050023,29541965,18187767,11354198,0,541050023
2026-07-22,300960.SZ,300960,通业科技,深交所创业板,36581989,2578163,1909406,668757,157895,36739884
2026-07-22,300961.SZ,300961,深水海纳,深交所创业板,60392148,4157726,5077843,-920117,916,60393064
2026-07-22,300962.SZ,300962,中金辐照,深交所创业板,214716217,3304194,2353952,950242,211480,214927697
2026-07-22,300963.SZ,300963,中洲特材,深交所创业板,183596739,7143432,6296345,847087,0,183596739
2026-07-22,300964.SZ,300964,本川智能,深交所创业板,235900457,20934627,28028361,-7093734,278658,236179115
2026-07-22,300965.SZ,300965,恒宇信通,深交所创业板,39128328,1759234,3081672,-1322438,154986,39283314
2026-07-22,300966.SZ,300966,共同药业,深交所创业板,93561544,8079150,10390291,-2311141,0,93561544
2026-07-22,300967.SZ,300967,晓鸣股份,深交所创业板,90602644,5464092,4225228,1238864,228459,90831103
2026-07-22,300968.SZ,300968,格林精密,深交所创业板,138353275,40766907,29687943,11078964,215430,138568705
2026-07-22,300969.SZ,300969,恒帅股份,深交所创业板,170506148,17278853,11891952,5386901,1119108,171625256
2026-07-22,300970.SZ,300970,华绿生物,深交所创业板,94373684,7191658,9859923,-2668265,0,94373684
2026-07-22,300971.SZ,300971,博亚精工,深交所创业板,71481066,2963379,4953293,-1989914,81928,71562994
2026-07-22,300972.SZ,300972,万辰集团,深交所创业板,319448874,13146395,17921181,-4774786,4931156,324380030
2026-07-22,300973.SZ,300973,立高食品,深交所创业板,146588115,9629424,7550651,2078773,176253,146764368
2026-07-22,300975.SZ,300975,商络电子,深交所创业板,805359225,122582024,133129007,-10546983,594624,805953849
2026-07-22,300976.SZ,300976,达瑞电子,深交所创业板,246472892,49877141,35427300,14449841,275548,246748440
2026-07-22,300977.SZ,300977,深圳瑞捷,深交所创业板,62938029,3119157,3159001,-39844,0,62938029
2026-07-22,300978.SZ,300978,东箭科技,深交所创业板,151137250,4108772,2561617,1547155,182520,151319770
2026-07-22,300979.SZ,300979,华利集团,深交所创业板,139724818,6717478,8194217,-1476739,4740804,144465622
2026-07-22,300980.SZ,300980,祥源新材,深交所创业板,218633455,7502311,9351365,-1849054,13930,218647385
2026-07-22,300981.SZ,300981,中红医疗,深交所创业板,111183682,3196516,4744700,-1548184,238142,111421824
2026-07-22,300982.SZ,300982,苏文电能,深交所创业板,94182324,5410759,2802068,2608691,191820,94374144
2026-07-22,300983.SZ,300983,尤安设计,深交所创业板,119822997,2784986,2379153,405833,0,119822997
2026-07-22,300984.SZ,300984,金沃股份,深交所创业板,253351408,14180800,13616913,563887,197792,253549200
2026-07-22,300985.SZ,300985,致远新能,深交所创业板,114057062,17614983,18766467,-1151484,450210,114507272
2026-07-22,300986.SZ,300986,志特新材,深交所创业板,379793564,10737933,23740749,-13002816,19384,379812948
2026-07-22,300987.SZ,300987,川网传媒,深交所创业板,114546032,6320732,2489702,3831030,112623,114658655
2026-07-22,300988.SZ,300988,津荣天宇,深交所创业板,159614558,29964176,18536148,11428028,254036,159868594
2026-07-22,300989.SZ,300989,蕾奥规划,深交所创业板,301165771,2430120,5869248,-3439128,0,301165771
2026-07-22,300990.SZ,300990,同飞股份,深交所创业板,208350233,77810594,67104400,10706194,786708,209136941
2026-07-22,300991.SZ,300991,创益通,深交所创业板,320687610,8585533,9969362,-1383829,0,320687610
2026-07-22,300992.SZ,300992,泰福泵业,深交所创业板,96081710,1424029,3845038,-2421009,0,96081710
2026-07-22,300993.SZ,300993,玉马科技,深交所创业板,179279094,1304439,1925032,-620593,51642,179330736
2026-07-22,300994.SZ,300994,久祺股份,深交所创业板,88369876,1656968,1522751,134217,187584,88557460
2026-07-22,300995.SZ,300995,奇德新材,深交所创业板,85012607,2891773,5284172,-2392399,43206,85055813
2026-07-22,300996.SZ,300996,普联软件,深交所创业板,274920552,16555706,14203928,2351778,277386,275197938
2026-07-22,300997.SZ,300997,欢乐家,深交所创业板,87796222,6186313,6913328,-727015,176125,87972347
2026-07-22,300998.SZ,300998,宁波方正,深交所创业板,189258942,10540183,15354225,-4814042,0,189258942
2026-07-22,300999.SZ,300999,金龙鱼,深交所创业板,995026892,26712104,25182651,1529453,1849512,996876404
2026-07-22,301000.SZ,301000,肇民科技,深交所创业板,218121432,5675853,8219569,-2543716,929488,219050920
2026-07-22,301001.SZ,301001,凯淳股份,深交所创业板,33262168,1431464,2005431,-573967,10135,33272303
2026-07-22,301002.SZ,301002,崧盛股份,深交所创业板,210181618,10519843,11601018,-1081175,0,210181618
2026-07-22,301003.SZ,301003,江苏博云,深交所创业板,300422654,15405498,14903573,501925,218750,300641404
2026-07-22,301004.SZ,301004,嘉益股份,深交所创业板,57382619,2020949,2143887,-122938,529577,57912196
2026-07-22,301005.SZ,301005,超捷股份,深交所创业板,561703892,46899423,51109449,-4210026,1352933,563056825
2026-07-22,301006.SZ,301006,迈拓股份,深交所创业板,36460323,2118137,2067903,50234,0,36460323
2026-07-22,301007.SZ,301007,德迈仕,深交所创业板,357359066,8604929,8581553,23376,0,357359066
2026-07-22,301008.SZ,301008,宏昌科技,深交所创业板,136457702,22827129,10467748,12359381,167420,136625122
2026-07-22,301009.SZ,301009,可靠股份,深交所创业板,61715820,2052431,2706884,-654453,194160,61909980
2026-07-22,301010.SZ,301010,晶雪节能,深交所创业板,35867596,2669100,1837610,831490,0,35867596
2026-07-22,301011.SZ,301011,华立科技,深交所创业板,78340115,3076273,4168714,-1092441,125271,78465386
2026-07-22,301012.SZ,301012,扬电科技,深交所创业板,278100494,72254007,64767820,7486187,307052,278407546
2026-07-22,301013.SZ,301013,利和兴,深交所创业板,494779108,55756998,67968111,-12211113,232934,495012042
2026-07-22,301015.SZ,301015,百洋医药,深交所创业板,436255692,14707860,16762261,-2054401,1814972,438070664
2026-07-22,301016.SZ,301016,雷尔伟,深交所创业板,162666259,3061051,3806429,-745378,244200,162910459
2026-07-22,301017.SZ,301017,漱玉平民,深交所创业板,130748014,6063313,9138084,-3074771,267120,131015134
2026-07-22,301018.SZ,301018,申菱环境,深交所创业板,1017101100,186134243,146226539,39907704,4064882,1021165982
2026-07-22,301019.SZ,301019,宁波色母,深交所创业板,121985407,3315226,2589219,726007,197512,122182919
2026-07-22,301020.SZ,301020,密封科技,深交所创业板,92960721,6521682,6550700,-29018,98078,93058799
2026-07-22,301021.SZ,301021,英诺激光,深交所创业板,545967703,48043576,44792327,3251249,6533,545974236
2026-07-22,301022.SZ,301022,海泰科,深交所创业板,105098666,4169867,4768380,-598513,179860,105278526
2026-07-22,301023.SZ,301023,奕帆传动,深交所创业板,132497313,3416367,4673752,-1257385,239536,132736849
2026-07-22,301024.SZ,301024,霍普股份,深交所创业板,35947767,4534121,2907725,1626396,0,35947767
2026-07-22,301025.SZ,301025,读客文化,深交所创业板,66359601,3400342,4675907,-1275565,0,66359601
2026-07-22,301026.SZ,301026,浩通科技,深交所创业板,166766705,7289072,8960885,-1671813,297369,167064074
2026-07-22,301027.SZ,301027,华蓝集团,深交所创业板,207259295,16425965,8067419,8358546,0,207259295
2026-07-22,301028.SZ,301028,鼎熔岩,深交所创业板,89319290,5971029,7345180,-1374151,53998,89373288
2026-07-22,301029.SZ,301029,怡合达,深交所创业板,400966686,27329530,21936720,5392810,3740976,404707662
2026-07-22,301031.SZ,301031,中熔电气,深交所创业板,348602688,15789355,18159633,-2370278,2633851,351236539
2026-07-22,301032.SZ,301032,新柴股份,深交所创业板,75089073,3479389,5090003,-1610614,216295,75305368
2026-07-22,301033.SZ,301033,迈普医学,深交所创业板,87216143,10638027,10810475,-172448,5650,87221793
2026-07-22,301035.SZ,301035,润丰股份,深交所创业板,183126219,3911486,5188239,-1276753,2008380,185134599
2026-07-22,301036.SZ,301036,双乐股份,深交所创业板,90513331,2167297,2082589,84708,93228,90606559
2026-07-22,301037.SZ,301037,保立佳,深交所创业板,16344004,2655385,2988607,-333222,0,16344004
2026-07-22,301038.SZ,301038,深水规院,深交所创业板,74053818,1991390,3292392,-1301002,184960,74238778
2026-07-22,301039.SZ,301039,中集车辆,深交所创业板,222707317,8745256,8436757,308499,379288,223086605
2026-07-22,301040.SZ,301040,中环海陆,深交所创业板,128987454,6473594,1948123,4525471,2183,128989637
2026-07-22,301041.SZ,301041,金百泽,深交所创业板,177123337,13987246,14448951,-461705,17304,177140641
2026-07-22,301042.SZ,301042,安联锐视,深交所创业板,494091750,23165144,112564363,-89399219,0,494091750
2026-07-22,301043.SZ,301043,绿岛风,深交所创业板,67740548,2480787,3545481,-1064694,0,67740548
2026-07-22,301045.SZ,301045,天禄科技,深交所创业板,140739994,34436947,35851269,-1414322,0,140739994
2026-07-22,301046.SZ,301046,能辉科技,深交所创业板,170869657,7152379,4949245,2203134,1804,170871461
2026-07-22,301047.SZ,301047,义翘神州,深交所创业板,233022362,22339781,19249712,3090069,2352416,235374778
2026-07-22,301048.SZ,301048,金鹰重工,深交所创业板,108931576,3261561,4375057,-1113496,146856,109078432
2026-07-22,301049.SZ,301049,超越科技,深交所创业板,28676118,1533917,777173,756744,0,28676118
2026-07-22,301050.SZ,301050,雷电微力,深交所创业板,636363662,13860676,14931917,-1071241,2043921,638407583
2026-07-22,301051.SZ,301051,信濠光电,深交所创业板,190289038,11654618,16185253,-4530635,285314,190574352
2026-07-22,301052.SZ,301052,果麦文化,深交所创业板,174545557,4729833,3811613,918220,140298,174685855
2026-07-22,301053.SZ,301053,远信工业,深交所创业板,210421966,18522599,22593879,-4071280,0,210421966
2026-07-22,301055.SZ,301055,张小泉,深交所创业板,170643294,15127758,14626781,500977,8400,170651694
2026-07-22,301056.SZ,301056,森赫股份,深交所创业板,69510325,2643329,5595413,-2952084,0,69510325
2026-07-22,301057.SZ,301057,汇隆新材,深交所创业板,149205632,3119410,4807618,-1688208,0,149205632
2026-07-22,301058.SZ,301058,中粮科工,深交所创业板,196477885,4045040,6766879,-2721839,189527,196667412
2026-07-22,301059.SZ,301059,金三江,深交所创业板,52371212,3146770,6241439,-3094669,237644,52608856
2026-07-22,301060.SZ,301060,兰卫医学,深交所创业板,87037376,9897559,6612539,3285020,0,87037376
2026-07-22,301061.SZ,301061,匠心家居,深交所创业板,52149369,2747241,6501443,-3754202,846121,52995490
2026-07-22,301062.SZ,301062,上海艾录,深交所创业板,168014843,4057237,4163322,-106085,93520,168108363
2026-07-22,301063.SZ,301063,海锅股份,深交所创业板,82674814,2577059,2041594,535465,152796,82827610
2026-07-22,301065.SZ,301065,本立科技,深交所创业板,152688532,4064835,3178043,886792,70602,152759134
2026-07-22,301066.SZ,301066,万事利,深交所创业板,100124102,2168274,3622527,-1454253,49961,100174063
2026-07-22,301067.SZ,301067,显盈科技,深交所创业板,193993330,7336284,5804834,1531450,129340,194122670
2026-07-22,301068.SZ,301068,大地海洋,深交所创业板,59536935,2650912,3288841,-637929,0,59536935
2026-07-22,301069.SZ,301069,凯盛新材,深交所创业板,537821011,9129847,7014539,2115308,213220,538034231
2026-07-22,301070.SZ,301070,开勒股份,深交所创业板,428942063,35766847,52449096,-16682249,382842,429324905
2026-07-22,301071.SZ,301071,力量钻石,深交所创业板,681132949,64972814,84926253,-19953439,3496076,684629025
2026-07-22,301072.SZ,301072,中捷精工,深交所创业板,39684659,7944686,6515485,1429201,0,39684659
2026-07-22,301073.SZ,301073,君亭酒店,深交所创业板,105260197,6631223,7740749,-1109526,185948,105446145
2026-07-22,301075.SZ,301075,多瑞医药,深交所创业板,128078192,6829003,7893151,-1064148,0,128078192
2026-07-22,301076.SZ,301076,新瀚新材,深交所创业板,200864501,6863611,8263550,-1399939,159040,201023541
2026-07-22,301077.SZ,301077,星华新材,深交所创业板,156508298,3843189,2888321,954868,97414,156605712
2026-07-22,301078.SZ,301078,孩子王,深交所创业板,470679232,10636505,11583228,-946723,1397135,472076367
2026-07-22,301079.SZ,301079,邵阳液压,深交所创业板,120358518,7151360,7004533,146827,0,120358518
2026-07-22,301080.SZ,301080,百普赛斯,深交所创业板,146400577,33562686,29821295,3741391,522915,146923492
2026-07-22,301081.SZ,301081,严牌股份,深交所创业板,97769954,5063145,4953147,109998,1047,97771001
2026-07-22,301082.SZ,301082,久盛电气,深交所创业板,86143872,4308335,5535377,-1227042,2370,86146242
2026-07-22,301083.SZ,301083,百胜智能,深交所创业板,51380362,1927363,3984049,-2056686,0,51380362
2026-07-22,301085.SZ,301085,亚康股份,深交所创业板,211882556,20940105,22715884,-1775779,202654,212085210
2026-07-22,301086.SZ,301086,鸿富瀚,深交所创业板,302381709,42817374,50695364,-7877990,0,302381709
2026-07-22,301087.SZ,301087,可孚医疗,深交所创业板,124996847,16924839,17596959,-672120,2655078,127651925
2026-07-22,301088.SZ,301088,戎美股份,深交所创业板,42267613,1627023,1365019,262004,186903,42454516
2026-07-22,301089.SZ,301089,拓新药业,深交所创业板,116405463,8485996,7051157,1434839,351840,116757303
2026-07-22,301090.SZ,301090,华润材料,深交所创业板,97455292,2132213,1832866,299347,92850,97548142
2026-07-22,301091.SZ,301091,深城交,深交所创业板,305980470,5917657,7895999,-1978342,328338,306308808
2026-07-22,301092.SZ,301092,争光股份,深交所创业板,96369034,27874716,32029584,-4154868,401984,96771018
2026-07-22,301093.SZ,301093,华兰股份,深交所创业板,869938581,35502321,34712314,790007,6370,869944951
2026-07-22,301095.SZ,301095,广立微,深交所创业板,499140526,51420540,67117596,-15697056,1811467,500951993
2026-07-22,301096.SZ,301096,百诚医药,深交所创业板,191547676,16394524,13647730,2746794,303149,191850825
2026-07-22,301097.SZ,301097,天益医疗,深交所创业板,57424020,3088671,2153427,935244,0,57424020
2026-07-22,301098.SZ,301098,金埔园林,深交所创业板,115837797,6091735,5658840,432895,650,115838447
2026-07-22,301099.SZ,301099,雅创电子,深交所创业板,442992631,43936701,42600487,1336214,432085,443424716
2026-07-22,301100.SZ,301100,风光股份,深交所创业板,56287130,3149331,3971249,-821918,0,56287130
2026-07-22,301101.SZ,301101,明月镜片,深交所创业板,168814318,4887490,6290001,-1402511,408072,169222390
2026-07-22,301102.SZ,301102,兆讯传媒,深交所创业板,66534759,1096921,943333,153588,226440,66761199
2026-07-22,301103.SZ,301103,何氏眼科,深交所创业板,67876806,3712961,4014805,-301844,1504,67878310
2026-07-22,301105.SZ,301105,鸿铭股份,深交所创业板,111373412,1508577,811011,697566,0,111373412
2026-07-22,301106.SZ,301106,骏成科技,深交所创业板,86403295,3650443,3232546,417897,0,86403295
2026-07-22,301107.SZ,301107,瑜欣电子,深交所创业板,55402105,2550540,3454793,-904253,192304,55594409
2026-07-22,301108.SZ,301108,洁雅股份,深交所创业板,82748390,5920574,4231973,1688601,268212,83016602
2026-07-22,301109.SZ,301109,军信股份,深交所创业板,104328896,5574042,6380551,-806509,1118436,105447332
2026-07-22,301110.SZ,301110,青木科技,深交所创业板,160828831,5528905,7067297,-1538392,147974,160976805
2026-07-22,301111.SZ,301111,粤万年青,深交所创业板,182121438,5616309,5139117,477192,0,182121438
2026-07-22,301112.SZ,301112,信邦智能,深交所创业板,95822905,3821307,2902206,919101,0,95822905
2026-07-22,301113.SZ,301113,雅艺科技,深交所创业板,28721216,2731703,873502,1858201,0,28721216
2026-07-22,301115.SZ,301115,联检科技,深交所创业板,237866873,12458088,11566784,891304,0,237866873
2026-07-22,301116.SZ,301116,益客食品,深交所创业板,69767298,4079312,3055990,1023322,207460,69974758
2026-07-22,301117.SZ,301117,佳缘科技,深交所创业板,110789441,4423483,8849161,-4425678,0,110789441
2026-07-22,301118.SZ,301118,恒光股份,深交所创业板,89377118,8703536,8367055,336481,177380,89554498
2026-07-22,301119.SZ,301119,正强股份,深交所创业板,99396806,3472118,3888154,-416036,12328,99409134
2026-07-22,301120.SZ,301120,新特电气,深交所创业板,218432411,21900932,11430918,10470014,187094,218619505
2026-07-22,301121.SZ,301121,紫建电子,深交所创业板,87647166,1727818,2630559,-902741,0,87647166
2026-07-22,301122.SZ,301122,采纳股份,深交所创业板,55904352,8144602,10082432,-1937830,256479,56160831
2026-07-22,301123.SZ,301123,奕东电子,深交所创业板,371310660,41540452,50688193,-9147741,0,371310660
2026-07-22,301125.SZ,301125,腾亚精工,深交所创业板,68360639,3571573,4440215,-868642,269504,68630143
2026-07-22,301126.SZ,301126,达嘉维康,深交所创业板,60122377,4765368,4750355,15013,199506,60321883
2026-07-22,301127.SZ,301127,武汉天源,深交所创业板,547978358,67011584,51288528,15723056,2202746,550181104
2026-07-22,301128.SZ,301128,强瑞技术,深交所创业板,585223437,44725584,42797583,1928001,151200,585374637
2026-07-22,301129.SZ,301129,瑞纳智能,深交所创业板,45808215,2571178,3038319,-467141,225250,46033465
2026-07-22,301130.SZ,301130,西点药业,深交所创业板,91848232,4221484,4894916,-673432,0,91848232
2026-07-22,301131.SZ,301131,聚赛龙,深交所创业板,125099727,2681254,1791583,889671,189074,125288801
2026-07-22,301132.SZ,301132,满坤科技,深交所创业板,166234791,15414079,17045424,-1631345,101325,166336116
2026-07-22,301133.SZ,301133,金钟股份,深交所创业板,155258407,11137735,15964257,-4826522,217763,155476170
2026-07-22,301135.SZ,301135,瑞德智能,深交所创业板,112995482,2295735,3286022,-990287,99471,113094953
2026-07-22,301136.SZ,301136,招标股份,深交所创业板,79220992,5583166,4687174,895992,0,79220992
2026-07-22,301137.SZ,301137,哈焊华通,深交所创业板,153910300,5284938,7202112,-1917174,167619,154077919
2026-07-22,301138.SZ,301138,华研精机,深交所创业板,72721366,2825196,3015437,-190241,113040,72834406
2026-07-22,301141.SZ,301141,中科磁业,深交所创业板,184647595,2879533,3502312,-622779,77970,184725565
2026-07-22,301148.SZ,301148,嘉戎技术,深交所创业板,147851801,5404228,11315866,-5911638,0,147851801
2026-07-22,301149.SZ,301149,隆华新材,深交所创业板,219263034,7509857,4730633,2779224,139698,219402732
2026-07-22,301150.SZ,301150,中一科技,深交所创业板,227575810,75613177,77650423,-2037246,3619,227579429
2026-07-22,301151.SZ,301151,冠龙节能,深交所创业板,59031871,12082721,8668460,3414261,300027,59331898
2026-07-22,301152.SZ,301152,天力锂能,深交所创业板,93244130,4385972,5859219,-1473247,0,93244130
2026-07-22,301153.SZ,301153,中科江南,深交所创业板,191608846,6608154,8323804,-1715650,539223,192148069
2026-07-22,301155.SZ,301155,海力风电,深交所创业板,240462357,5253831,7427863,-2174032,1651221,242113578
2026-07-22,301156.SZ,301156,美农生物,深交所创业板,32000046,2001843,3021727,-1019884,202200,32202246
2026-07-22,301157.SZ,301157,华塑科技,深交所创业板,147731827,6307521,5640514,667007,0,147731827
2026-07-22,301158.SZ,301158,德石股份,深交所创业板,130888999,4999827,4974341,25486,222819,131111818
2026-07-22,301159.SZ,301159,三维天地,深交所创业板,75363801,2961515,6427262,-3465747,0,75363801
2026-07-22,301160.SZ,301160,翔楼新材,深交所创业板,440871544,7791065,12143300,-4352235,251093,441122637
2026-07-22,301161.SZ,301161,唯万密封,深交所创业板,107632505,16367201,19509284,-3142083,163020,107795525
2026-07-22,301162.SZ,301162,国能日新,深交所创业板,169636717,6634865,3578572,3056293,199628,169836345
2026-07-22,301163.SZ,301163,宏德股份,深交所创业板,58612402,1828873,4200101,-2371228,218288,58830690
2026-07-22,301165.SZ,301165,锐捷网络,深交所创业板,779787084,605247445,449136934,156110511,6158880,785945964
2026-07-22,301166.SZ,301166,优宁维,深交所创业板,55767926,1826636,4101404,-2274768,0,55767926
2026-07-22,301167.SZ,301167,建研设计,深交所创业板,44014933,2217044,1567485,649559,1140,44016073
2026-07-22,301168.SZ,301168,通灵股份,深交所创业板,358087177,5582714,12569497,-6986783,0,358087177
2026-07-22,301169.SZ,301169,零点有数,深交所创业板,154655188,5653117,7886325,-2233208,0,154655188
2026-07-22,301170.SZ,301170,锡南科技,深交所创业板,49437492,2446554,2119498,327056,0,49437492
2026-07-22,301171.SZ,301171,易点天下,深交所创业板,1249529890,55484184,82212704,-26728520,3208620,1252738510
2026-07-22,301172.SZ,301172,君逸数码,深交所创业板,198914555,10086255,20392233,-10305978,274040,199188595
2026-07-22,301173.SZ,301173,毓恬冠佳,深交所创业板,44185469,1549106,1435772,113334,164197,44349666
2026-07-22,301175.SZ,301175,中科环保,深交所创业板,271116637,9308633,10469201,-1160568,1045476,272162113
2026-07-22,301176.SZ,301176,逸豪新材,深交所创业板,133839344,56742553,41956643,14785910,364228,134203572
2026-07-22,301177.SZ,301177,迪阿股份,深交所创业板,70883396,796816,2068746,-1271930,394065,71277461
2026-07-22,301178.SZ,301178,天亿马,深交所创业板,199189062,5657106,5947184,-290078,0,199189062
2026-07-22,301179.SZ,301179,泽宇智能,深交所创业板,140781403,6824848,10679951,-3855103,1801,140783204
2026-07-22,301180.SZ,301180,万祥科技,深交所创业板,72562760,3959801,6560359,-2600558,0,72562760
2026-07-22,301181.SZ,301181,标榜股份,深交所创业板,110923271,1641788,2838263,-1196475,208764,111132035
2026-07-22,301182.SZ,301182,凯旺科技,深交所创业板,321088305,15903692,24209396,-8305704,0,321088305
2026-07-22,301183.SZ,301183,东田微,深交所创业板,751698117,79057590,84486361,-5428771,0,751698117
2026-07-22,301185.SZ,301185,鸥玛软件,深交所创业板,125998938,1421375,3254455,-1833080,242793,126241731
2026-07-22,301186.SZ,301186,超达装备,深交所创业板,234613280,6996550,9527470,-2530920,25272,234638552
2026-07-22,301187.SZ,301187,欧圣电气,深交所创业板,86601779,1815036,4156276,-2341240,143360,86745139
2026-07-22,301188.SZ,301188,力诺药包,深交所创业板,353672420,41576123,53103840,-11527717,612456,354284876
2026-07-22,301189.SZ,301189,奥尼电子,深交所创业板,248854615,21079214,17473947,3605267,0,248854615
2026-07-22,301190.SZ,301190,善水科技,深交所创业板,87586077,34685773,31496264,3189509,184800,87770877
2026-07-22,301191.SZ,301191,菲菱科思,深交所创业板,320620913,191835982,156645200,35190782,300872,320921785
2026-07-22,301192.SZ,301192,泰祥股份,深交所创业板,34329696,2821989,1470650,1351339,0,34329696
2026-07-22,301193.SZ,301193,家联科技,深交所创业板,67846226,2933302,9713722,-6780420,135567,67981793
2026-07-22,301195.SZ,301195,北路智控,深交所创业板,78780920,3877854,4608993,-731139,83825,78864745
2026-07-22,301196.SZ,301196,唯科科技,深交所创业板,714307635,22964920,46191989,-23227069,407293,714714928
2026-07-22,301197.SZ,301197,工大科雅,深交所创业板,115133772,5483054,5708839,-225785,281634,115415406
2026-07-22,301198.SZ,301198,喜悦智行,深交所创业板,125871854,3726172,3415299,310873,0,125871854
2026-07-22,301199.SZ,301199,迈赫股份,深交所创业板,82061120,4357426,6246341,-1888915,233520,82294640
2026-07-22,301200.SZ,301200,大族数控,深交所创业板,346534840,58278748,92158971,-33880223,4368123,350902963
2026-07-22,301201.SZ,301201,诚达药业,深交所创业板,240301470,20713852,26931526,-6217674,0,240301470
2026-07-22,301202.SZ,301202,朗威股份,深交所创业板,94998378,4545713,5094826,-549113,90600,95088978
2026-07-22,301203.SZ,301203,国泰环保,深交所创业板,43389095,4275808,3265184,1010624,0,43389095
2026-07-22,301205.SZ,301205,联特科技,深交所创业板,1409221676,193098379,130569456,62528923,5395572,1414617248
2026-07-22,301206.SZ,301206,三元生物,深交所创业板,229055417,3692836,3146049,546787,241927,229297344
2026-07-22,301207.SZ,301207,华兰疫苗,深交所创业板,124846579,9190564,7496854,1693710,1225560,126072139
2026-07-22,301208.SZ,301208,中亦科技,深交所创业板,160620937,2786486,4031664,-1245178,50920,160671857
2026-07-22,301209.SZ,301209,联合化学,深交所创业板,423661343,9787807,23417785,-13629978,0,423661343
2026-07-22,301210.SZ,301210,金杨精密,深交所创业板,78338829,8725858,9641199,-915341,139360,78478189
2026-07-22,301211.SZ,301211,亨迪药业,深交所创业板,101130445,14806460,10707536,4098924,205905,101336350
2026-07-22,301212.SZ,301212,联盛化学,深交所创业板,53165129,2304550,2359148,-54598,1907,53167036
2026-07-22,301213.SZ,301213,观想科技,深交所创业板,80566141,3635628,4426805,-791177,0,80566141
2026-07-22,301215.SZ,301215,中汽股份,深交所创业板,203039796,4319376,5162069,-842693,538646,203578442
2026-07-22,301216.SZ,301216,万凯新材,深交所创业板,418330370,12093894,16303175,-4209281,174811,418505181
2026-07-22,301217.SZ,301217,铜冠铜箔,深交所创业板,1555154204,441886125,360409459,81476666,7714624,1562868828
2026-07-22,301218.SZ,301218,华是科技,深交所创业板,155744728,27188751,23480367,3708384,544305,156289033
2026-07-22,301219.SZ,301219,腾远钴业,深交所创业板,567066496,42318783,37295366,5023417,498566,567565062
2026-07-22,301220.SZ,301220,亚香股份,深交所创业板,226077640,1501990,3859203,-2357213,211724,226289364
2026-07-22,301221.SZ,301221,光庭信息,深交所创业板,192337869,2769368,3403700,-634332,179559,192517428
2026-07-22,301222.SZ,301222,浙江恒威,深交所创业板,112800225,3891315,3946115,-54800,0,112800225
2026-07-22,301223.SZ,301223,中荣股份,深交所创业板,79415262,913205,1453951,-540746,0,79415262
2026-07-22,301225.SZ,301225,恒勃股份,深交所创业板,102194041,9673602,17333049,-7659447,373395,102567436
2026-07-22,301226.SZ,301226,祥明智能,深交所创业板,132136097,2642267,5640753,-2998486,251320,132387417
2026-07-22,301227.SZ,301227,森鹰窗业,深交所创业板,94952762,7298792,2941141,4357651,0,94952762
2026-07-22,301228.SZ,301228,实朴检测,深交所创业板,556879200,38168788,20717855,17450933,0,556879200
2026-07-22,301229.SZ,301229,纽泰格,深交所创业板,97802895,3721941,2601130,1120811,169416,97972311
2026-07-22,301230.SZ,301230,泓博医药,深交所创业板,218525044,34716366,39160736,-4444370,108915,218633959
2026-07-22,301231.SZ,301231,荣信文化,深交所创业板,107566240,8955709,3849421,5106288,0,107566240
2026-07-22,301232.SZ,301232,飞沃科技,深交所创业板,521043094,31841602,45288940,-13447338,0,521043094
2026-07-22,301233.SZ,301233,盛帮股份,深交所创业板,107769687,2871874,1815121,1056753,154317,107924004
2026-07-22,301234.SZ,301234,五洲医疗,深交所创业板,32716715,1301520,412301,889219,0,32716715
2026-07-22,301235.SZ,301235,华康洁净,深交所创业板,227285677,23820482,25642062,-1821580,356630,227642307
2026-07-22,301236.SZ,301236,软通动力,深交所创业板,2135812530,149587768,151270857,-1683089,4795128,2140607658
2026-07-22,301237.SZ,301237,和顺科技,深交所创业板,156986344,6957983,7840211,-882228,0,156986344
2026-07-22,301238.SZ,301238,瑞泰新材,深交所创业板,337916966,28846253,19663409,9182844,902389,338819355
2026-07-22,301239.SZ,301239,普瑞眼科,深交所创业板,99637174,4302778,4397979,-95201,200576,99837750
2026-07-22,301246.SZ,301246,宏源药业,深交所创业板,191753991,9660743,19350947,-9690204,524246,192278237
2026-07-22,301248.SZ,301248,杰创智能,深交所创业板,407135770,46944173,47196235,-252062,544992,407680762
2026-07-22,301251.SZ,301251,威尔高,深交所创业板,154834669,18534721,21834799,-3300078,192954,155027623
2026-07-22,301252.SZ,301252,同星科技,深交所创业板,128960976,10191692,9061755,1129937,256500,129217476
2026-07-22,301255.SZ,301255,通力科技,深交所创业板,63183152,3309522,3522581,-213059,112140,63295292
2026-07-22,301256.SZ,301256,华融化学,深交所创业板,113237414,4886411,6784682,-1898271,18000,113255414
2026-07-22,301257.SZ,301257,普蕊斯,深交所创业板,138514977,51171516,41415847,9755669,325000,138839977
2026-07-22,301258.SZ,301258,富士莱,深交所创业板,58495393,2537032,4176772,-1639740,209808,58705201
2026-07-22,301259.SZ,301259,艾布鲁,深交所创业板,321608502,10156935,12324880,-2167945,0,321608502
2026-07-22,301260.SZ,301260,格力博,深交所创业板,109094918,1615177,3049387,-1434210,20349,109115267
2026-07-22,301261.SZ,301261,恒工精密,深交所创业板,206362198,8043210,12212647,-4169437,227232,206589430
2026-07-22,301262.SZ,301262,海看股份,深交所创业板,164716878,7081823,5814099,1267724,311640,165028518
2026-07-22,301263.SZ,301263,泰恩康,深交所创业板,856474556,9049431,8362660,686771,1683245,858157801
2026-07-22,301265.SZ,301265,华新科技,深交所创业板,153994686,15050281,20759631,-5709350,349804,154344490
2026-07-22,301266.SZ,301266,宇邦新材,深交所创业板,112573755,4486017,4158336,327681,185948,112759703
2026-07-22,301267.SZ,301267,华厦眼科,深交所创业板,139549396,6649554,10625771,-3976217,945626,140495022
2026-07-22,301268.SZ,301268,铭利达,深交所创业板,127326187,2865522,3519498,-653976,864864,128191051
2026-07-22,301269.SZ,301269,华大九天,深交所创业板,1060281049,86229813,89603141,-3373328,3403835,1063684884
2026-07-22,301270.SZ,301270,汉仪股份,深交所创业板,195582579,6791010,8917246,-2126236,224640,195807219
2026-07-22,301272.SZ,301272,英华特,深交所创业板,48067984,3136884,3796171,-659287,0,48067984
2026-07-22,301273.SZ,301273,瑞晨环保,深交所创业板,99338873,22689573,15677851,7011722,0,99338873
2026-07-22,301275.SZ,301275,汉朔科技,深交所创业板,392814718,30966353,21140493,9825860,1706929,394521647
2026-07-22,301276.SZ,301276,嘉曼服饰,深交所创业板,99658698,8361962,8048755,313207,135360,99794058
2026-07-22,301277.SZ,301277,新天地,深交所创业板,78030436,9374266,9751195,-376929,175566,78206002
2026-07-22,301278.SZ,301278,快可电子,深交所创业板,139119286,2660202,4748811,-2088609,203575,139322861
2026-07-22,301279.SZ,301279,金道科技,深交所创业板,148395456,3368336,5715341,-2347005,98146,148493602
2026-07-22,301280.SZ,301280,珠城科技,深交所创业板,297195288,9981698,15792668,-5810970,301200,297496488
2026-07-22,301281.SZ,301281,科源制药,深交所创业板,189084700,8382689,9441430,-1058741,0,189084700
2026-07-22,301282.SZ,301282,金禄电子,深交所创业板,242507784,26282300,24743167,1539133,296446,242804230
2026-07-22,301283.SZ,301283,聚胶股份,深交所创业板,77911108,3078111,3245760,-167649,196125,78107233
2026-07-22,301285.SZ,301285,鸿日达,深交所创业板,739884336,27946345,24532564,3413781,0,739884336
2026-07-22,301286.SZ,301286,侨源股份,深交所创业板,221516537,4385987,6724255,-2338268,102951,221619488
2026-07-22,301287.SZ,301287,康力源,深交所创业板,68599217,2732571,1935441,797130,174216,68773433
2026-07-22,301288.SZ,301288,清研环境,深交所创业板,122203113,1164160,646499,517661,0,122203113
2026-07-22,301289.SZ,301289,国缆检测,深交所创业板,58586750,1762480,5048910,-3286430,193648,58780398
2026-07-22,301290.SZ,301290,东星医疗,深交所创业板,92377202,5275313,4530093,745220,262392,92639594
2026-07-22,301291.SZ,301291,明阳电气,深交所创业板,299729191,24880870,19340700,5540170,3403944,303133135
2026-07-22,301292.SZ,301292,海科新源,深交所创业板,396890356,30153495,42476147,-12322652,0,396890356
2026-07-22,301293.SZ,301293,三博脑科,深交所创业板,577085675,42395768,42890576,-494808,3184640,580270315
2026-07-22,301295.SZ,301295,美硕科技,深交所创业板,129890633,13114200,8248832,4865368,0,129890633
2026-07-22,301296.SZ,301296,新巨丰,深交所创业板,91562509,2043916,2767897,-723981,0,91562509
2026-07-22,301297.SZ,301297,富乐德,深交所创业板,473345296,38635911,54118830,-15482919,1247431,474592727
2026-07-22,301298.SZ,301298,东利机械,深交所创业板,53930401,3446435,2141074,1305361,193200,54123601
2026-07-22,301299.SZ,301299,卓创资讯,深交所创业板,113885033,3405527,3351218,54309,209358,114094391
2026-07-22,301300.SZ,301300,远翔新材,深交所创业板,43398906,2322602,4503516,-2180914,125772,43524678
2026-07-22,301301.SZ,301301,川宁生物,深交所创业板,459694851,11061711,7456035,3605676,4411764,464106615
2026-07-22,301302.SZ,301302,华如科技,深交所创业板,109110256,5161095,7256169,-2095074,0,109110256
2026-07-22,301303.SZ,301303,真兰仪表,深交所创业板,136108781,11608187,9356389,2251798,260400,136369181
2026-07-22,301305.SZ,301305,朗坤科技,深交所创业板,251229365,8959904,7369999,1589905,0,251229365
2026-07-22,301306.SZ,301306,西测测试,深交所创业板,270695661,16756923,31200827,-14443904,379150,271074811
2026-07-22,301307.SZ,301307,美利信,深交所创业板,428656971,56221487,77244831,-21023344,0,428656971
2026-07-22,301308.SZ,301308,江波龙,深交所创业板,6673543187,1166752499,896717386,270035113,24161590,6697704777
2026-07-22,301309.SZ,301309,万得凯,深交所创业板,41081683,1898474,1925067,-26593,0,41081683
2026-07-22,301310.SZ,301310,鑫宏业,深交所创业板,418785166,97100691,62093478,35007213,621161,419406327
2026-07-22,301311.SZ,301311,昆船智能,深交所创业板,101180472,1901494,2912629,-1011135,105522,101285994
2026-07-22,301312.SZ,301312,智立方,深交所创业板,194073061,22283345,34250689,-11967344,484120,194557181
2026-07-22,301313.SZ,301313,凡拓数创,深交所创业板,155961918,16339254,14281448,2057806,0,155961918
2026-07-22,301314.SZ,301314,科瑞思,深交所创业板,59851135,2663534,3228567,-565033,0,59851135
2026-07-22,301315.SZ,301315,威士顿,深交所创业板,118096552,4350645,4714742,-364097,0,118096552
2026-07-22,301316.SZ,301316,慧博云通,深交所创业板,1196775727,158434504,153701471,4733033,3770672,1200546399
2026-07-22,301317.SZ,301317,鑫磊股份,深交所创业板,144054452,6837799,14281793,-7443994,401401,144455853
2026-07-22,301318.SZ,301318,维海德,深交所创业板,63186219,2420340,3528835,-1108495,111628,63297847
2026-07-22,301319.SZ,301319,唯特偶,深交所创业板,481341708,82951592,94792443,-11840851,777296,482119004
2026-07-22,301320.SZ,301320,豪江智能,深交所创业板,65634130,2205445,2432070,-226625,191952,65826082
2026-07-22,301321.SZ,301321,翰博高新,深交所创业板,283705492,16275627,21105211,-4829584,0,283705492
2026-07-22,301322.SZ,301322,绿通科技,深交所创业板,257484160,19364828,21561158,-2196330,367308,257851468
2026-07-22,301323.SZ,301323,新莱福,深交所创业板,171270478,20902078,17116721,3785357,0,171270478
2026-07-22,301325.SZ,301325,曼恩斯特,深交所创业板,178435366,3570408,5295706,-1725298,477883,178913249
2026-07-22,301326.SZ,301326,捷邦科技,深交所创业板,242065803,25157648,18070051,7087597,0,242065803
2026-07-22,301327.SZ,301327,华宝新能,深交所创业板,155487129,4115048,4656225,-541177,899094,156386223
2026-07-22,301328.SZ,301328,维峰电子,深交所创业板,262938067,28616989,19305884,9311105,593120,263531187
2026-07-22,301329.SZ,301329,信音电子,深交所创业板,75983147,6046046,5839594,206452,159774,76142921
2026-07-22,301330.SZ,301330,熵基科技,深交所创业板,184453937,3671395,5434645,-1763250,190520,184644457
2026-07-22,301331.SZ,301331,恩威医药,深交所创业板,58956454,6109914,3244166,2865748,0,58956454
2026-07-22,301332.SZ,301332,德尔玛,深交所创业板,119442841,1421085,1253417,167668,183951,119626792
2026-07-22,301333.SZ,301333,诺思格,深交所创业板,91998250,16097213,16890812,-793599,263380,92261630
2026-07-22,301335.SZ,301335,天元宠物,深交所创业板,81333156,2761165,3687940,-926775,0,81333156
2026-07-22,301336.SZ,301336,趣睡科技,深交所创业板,112686989,4878027,6310939,-1432912,261315,112948304
2026-07-22,301337.SZ,301337,亚华电子,深交所创业板,75784145,3983966,4284224,-300258,119280,75903425
2026-07-22,301338.SZ,301338,凯格精机,深交所创业板,389645020,35009773,43343596,-8333823,356820,390001840
2026-07-22,301339.SZ,301339,通行宝,深交所创业板,100961091,5636074,5246604,389470,712454,101673545
2026-07-22,301345.SZ,301345,涛涛车业,深交所创业板,366962183,66996504,37220909,29775595,3846500,370808683
2026-07-22,301348.SZ,301348,蓝箭电子,深交所创业板,219129908,12649183,22654169,-10004986,397265,219527173
2026-07-22,301349.SZ,301349,信德新材,深交所创业板,140956818,16552930,14902180,1650750,270489,141227307
2026-07-22,301353.SZ,301353,普莱得,深交所创业板,28248854,1680564,1775793,-95229,0,28248854
2026-07-22,301355.SZ,301355,南王科技,深交所创业板,86240647,2677346,1632174,1045172,189007,86429654
2026-07-22,301356.SZ,301356,天振股份,深交所创业板,113582298,3995438,3850015,145423,0,113582298
2026-07-22,301357.SZ,301357,北方长龙,深交所创业板,85107149,7837505,9931330,-2093825,431640,85538789
2026-07-22,301358.SZ,301358,湖南裕能,深交所创业板,2036454857,112128273,124229863,-12101590,13036816,2049491673
2026-07-22,301359.SZ,301359,东南电子,深交所创业板,26331740,1545305,2254115,-708810,0,26331740
2026-07-22,301360.SZ,301360,荣旗科技,深交所创业板,124009191,9970477,11952126,-1981649,0,124009191
2026-07-22,301361.SZ,301361,众智科技,深交所创业板,94681017,2894161,6150259,-3256098,58351,94739368
2026-07-22,301362.SZ,301362,民爆光电,深交所创业板,218485562,29104051,41970713,-12866662,0,218485562
2026-07-22,301363.SZ,301363,美好医疗,深交所创业板,244614476,12562261,17375818,-4813557,1634414,246248890
2026-07-22,301365.SZ,301365,矩阵股份,深交所创业板,154971606,12764348,6844484,5919864,450244,155421850
2026-07-22,301366.SZ,301366,一博科技,深交所创业板,218604237,19954097,26611051,-6656954,15140,218619377
2026-07-22,301367.SZ,301367,瑞迈特,深交所创业板,151107455,31930913,39412586,-7481673,651778,151759233
2026-07-22,301368.SZ,301368,丰立智能,深交所创业板,203907971,5700401,7243494,-1543093,0,203907971
2026-07-22,301369.SZ,301369,联动科技,深交所创业板,225414597,57866437,30845863,27020574,14694,225429291
2026-07-22,301370.SZ,301370,国科恒泰,深交所创业板,140843188,1551719,3633642,-2081923,202032,141045220
2026-07-22,301371.SZ,301371,敷尔佳,深交所创业板,59370419,3569830,2989642,580188,252180,59622599
2026-07-22,301372.SZ,301372,科净源,深交所创业板,61092317,6871683,2815198,4056485,0,61092317
2026-07-22,301373.SZ,301373,凌玮科技,深交所创业板,338428669,27208046,52111325,-24903279,0,338428669
2026-07-22,301376.SZ,301376,致欧科技,深交所创业板,58681882,2844659,4295618,-1450959,640815,59322697
2026-07-22,301377.SZ,301377,鼎泰高科,深交所创业板,509221895,122184498,165094101,-42909603,9873948,519095843
2026-07-22,301378.SZ,301378,通达海,深交所创业板,55736422,2939859,4636658,-1696799,221553,55957975
2026-07-22,301379.SZ,301379,天山电子,深交所创业板,402005598,67345974,78684786,-11338812,322740,402328338
2026-07-22,301380.SZ,301380,挖金客,深交所创业板,150268946,24876998,9082978,15794020,0,150268946
2026-07-22,301381.SZ,301381,赛维时代,深交所创业板,183465909,16859618,14286345,2573273,999194,184465103
2026-07-22,301382.SZ,301382,蜂助手,深交所创业板,591652037,19047458,35679723,-16632265,9504,591661541
2026-07-22,301383.SZ,301383,天键股份,深交所创业板,83351125,2410114,2375127,34987,132057,83483182
2026-07-22,301386.SZ,301386,未来电器,深交所创业板,80195410,1256486,2342552,-1086066,226451,80421861
2026-07-22,301387.SZ,301387,光大同创,深交所创业板,97882284,9806621,14713341,-4906720,238500,98120784
2026-07-22,301388.SZ,301388,欣灵电气,深交所创业板,52354051,952760,1507700,-554940,182272,52536323
2026-07-22,301389.SZ,301389,隆扬电子,深交所创业板,397701047,28441190,43351984,-14910794,172550,397873597
2026-07-22,301390.SZ,301390,经纬股份,深交所创业板,63292126,2318075,1887020,431055,225081,63517207
2026-07-22,301391.SZ,301391,卡莱特,深交所创业板,103859669,7053598,5864438,1189160,140058,103999727
2026-07-22,301392.SZ,301392,汇成真空,深交所创业板,671171786,57669628,50747067,6922561,3454250,674626036
2026-07-22,301393.SZ,301393,昊帆生物,深交所创业板,103281102,13799683,12828266,971417,11746,103292848
2026-07-22,301395.SZ,301395,仁信新材,深交所创业板,60367257,1920223,2403263,-483040,0,60367257
2026-07-22,301396.SZ,301396,宏景科技,深交所创业板,1613994825,426398845,332970845,93428000,4071515,1618066340
2026-07-22,301397.SZ,301397,溯联股份,深交所创业板,203125296,8735207,8211550,523657,191720,203317016
2026-07-22,301398.SZ,301398,星源卓镁,深交所创业板,62308748,4146867,2970631,1176236,195600,62504348
2026-07-22,301399.SZ,301399,英特科技,深交所创业板,60145041,2169793,4137100,-1967307,225561,60370602
2026-07-22,301408.SZ,301408,华人健康,深交所创业板,151741288,19513657,18010393,1503264,261052,152002340
2026-07-22,301413.SZ,301413,安培龙,深交所创业板,297717400,14400295,17354875,-2954580,818376,298535776
2026-07-22,301418.SZ,301418,协昌科技,深交所创业板,93159254,6028047,9969626,-3941579,0,93159254
2026-07-22,301419.SZ,301419,阿莱德,深交所创业板,111597718,10004038,9763042,240996,308439,111906157
2026-07-22,301421.SZ,301421,波长光电,深交所创业板,263764485,28426730,36961469,-8534739,744470,264508955
2026-07-22,301428.SZ,301428,世纪恒通,深交所创业板,177096709,11745937,12410978,-665041,217812,177314521
2026-07-22,301429.SZ,301429,森泰股份,深交所创业板,19299849,1634899,1615122,19777,0,19299849
2026-07-22,301439.SZ,301439,泓淋电力,深交所创业板,131781391,8949522,8542960,406562,118842,131900233
2026-07-22,301446.SZ,301446,福事特,深交所创业板,18942547,1727583,1182135,545448,192290,19134837
2026-07-22,301448.SZ,301448,开创电气,深交所创业板,105950185,1035402,2340984,-1305582,0,105950185
2026-07-22,301449.SZ,301449,天溯计量,深交所创业板,45567452,2402313,2863264,-460951,0,45567452
2026-07-22,301456.SZ,301456,盘古智能,深交所创业板,57931459,2676309,3352627,-676318,205434,58136893
2026-07-22,301458.SZ,301458,钧崴电子,深交所创业板,385951958,29541645,28451310,1090335,411021,386362979
2026-07-22,301459.SZ,301459,丰茂股份,深交所创业板,83588994,2768169,3580958,-812789,216299,83805293
2026-07-22,301468.SZ,301468,博盈特焊,深交所创业板,294445490,16693223,15082743,1610480,0,294445490
2026-07-22,301469.SZ,301469,恒达新材,深交所创业板,41087002,2959018,2700453,258565,0,41087002
2026-07-22,301479.SZ,301479,弘景光电,深交所创业板,142068640,4991041,11818536,-6827495,214544,142283184
2026-07-22,301486.SZ,301486,致尚科技,深交所创业板,770846372,71135296,92899912,-21764616,0,770846372
2026-07-22,301487.SZ,301487,盟固利,深交所创业板,255653035,11986056,10825496,1160560,1568158,257221193
2026-07-22,301488.SZ,301488,豪恩汽电,深交所创业板,268504938,13080923,9999199,3081724,711510,269216448
2026-07-22,301489.SZ,301489,思泉新材,深交所创业板,815855174,70011042,86189149,-16178107,1254300,817109474
2026-07-22,301491.SZ,301491,汉桑科技,深交所创业板,75199019,1730488,2074984,-344496,0,75199019
2026-07-22,301498.SZ,301498,乖宝宠物,深交所创业板,255721540,25465667,28558358,-3092691,3018036,258739576
2026-07-22,301499.SZ,301499,维科精密,深交所创业板,53492322,3922119,6718477,-2796358,0,53492322
2026-07-22,301500.SZ,301500,飞南资源,深交所创业板,328493469,47314915,35075454,12239461,1079080,329572549
2026-07-22,301501.SZ,301501,恒鑫生活,深交所创业板,87825923,1854019,2390445,-536426,190820,88016743
2026-07-22,301502.SZ,301502,华阳智能,深交所创业板,120926302,4118281,4405279,-286998,0,120926302
2026-07-22,301503.SZ,301503,智迪科技,深交所创业板,39865814,1806330,1192683,613647,140784,40006598
2026-07-22,301505.SZ,301505,苏州规划,深交所创业板,60937702,4057414,2604679,1452735,204015,61141717
2026-07-22,301507.SZ,301507,民生健康,深交所创业板,91067275,4037087,5115985,-1078898,169573,91236848
2026-07-22,301508.SZ,301508,中机认检,深交所创业板,132972498,2577940,1541706,1036234,258687,133231185
2026-07-22,301509.SZ,301509,金凯生科,深交所创业板,144174554,12423457,10944828,1478629,64745,144239299
2026-07-22,301510.SZ,301510,固高科技,深交所创业板,529021698,23777900,20341107,3436793,2592768,531614466
2026-07-22,301511.SZ,301511,德福科技,深交所创业板,940860387,207133011,243982514,-36849503,7803342,948663729
2026-07-22,301512.SZ,301512,智信精密,深交所创业板,52438120,2605187,3319403,-714216,182070,52620190
2026-07-22,301513.SZ,301513,尚水智能,深交所创业板,72490064,4376692,3004578,1372114,0,72490064
2026-07-22,301515.SZ,301515,港通医疗,深交所创业板,38600795,2742520,1604891,1137629,0,38600795
2026-07-22,301516.SZ,301516,中远通,深交所创业板,88517965,7397180,17223063,-9825883,0,88517965
2026-07-22,301517.SZ,301517,陕西华达,深交所创业板,239077294,9161997,14212705,-5050708,175536,239252830
2026-07-22,301518.SZ,301518,长华化学,深交所创业板,100308621,1661471,3396096,-1734625,193320,100501941
2026-07-22,301519.SZ,301519,舜禹股份,深交所创业板,28587942,1731776,1295314,436462,981,28588923
2026-07-22,301520.SZ,301520,万邦医药,深交所创业板,103446321,77186567,53071380,24115187,555335,104001656
2026-07-22,301522.SZ,301522,上大股份,深交所创业板,346962889,4950189,9389611,-4439422,996348,347959237
2026-07-22,301525.SZ,301525,儒竞科技,深交所创业板,142487008,5371302,5639037,-267735,0,142487008
2026-07-22,301526.SZ,301526,国际复材,深交所创业板,1152525655,289176969,333854461,-44677492,11704681,1164230336
2026-07-22,301528.SZ,301528,多浦乐,深交所创业板,193499244,11546643,8298017,3248626,191704,193690948
2026-07-22,301529.SZ,301529,福赛科技,深交所创业板,602998320,17825022,13512602,4312420,0,602998320
2026-07-22,301531.SZ,301531,春光集团,深交所创业板,251993134,14248693,17288985,-3040292,0,251993134
2026-07-22,301533.SZ,301533,威马农机,深交所创业板,56049699,3655546,2744442,911104,136396,56186095
2026-07-22,301535.SZ,301535,浙江华远,深交所创业板,67747003,8365008,3011103,5353905,0,67747003
2026-07-22,301536.SZ,301536,星宸科技,深交所创业板,1034093745,501158772,392442741,108716031,11247700,1045341445
2026-07-22,301538.SZ,301538,骏鼎达,深交所创业板,104863146,4743203,5517667,-774464,52502,104915648
2026-07-22,301539.SZ,301539,宏鑫科技,深交所创业板,66016601,3794308,3043260,751048,0,66016601
2026-07-22,301548.SZ,301548,崇德科技,深交所创业板,107335406,6699360,11582202,-4882842,338525,107673931
2026-07-22,301550.SZ,301550,斯菱智驱,深交所创业板,804521904,25324379,32136041,-6811662,4749387,809271291
2026-07-22,301551.SZ,301551,无线传媒,深交所创业板,272966630,8282432,8748842,-466410,236944,273203574
2026-07-22,301552.SZ,301552,科力装备,深交所创业板,41474596,2076901,2733434,-656533,135860,41610456
2026-07-22,301555.SZ,301555,惠柏新材,深交所创业板,108941656,6037275,6320983,-283708,223520,109165176
2026-07-22,301556.SZ,301556,托普云农,深交所创业板,156829566,3114872,4606618,-1491746,426870,157256436
2026-07-22,301557.SZ,301557,常友科技,深交所创业板,251260718,6547832,5111658,1436174,217674,251478392
2026-07-22,301558.SZ,301558,三态股份,深交所创业板,102481686,2946087,4575489,-1629402,101024,102582710
2026-07-22,301559.SZ,301559,中集环科,深交所创业板,95139644,1943751,4138042,-2194291,330444,95470088
2026-07-22,301560.SZ,301560,众捷汽车,深交所创业板,76476716,4600513,3419579,1180934,46310,76523026
2026-07-22,301563.SZ,301563,云汉芯城,深交所创业板,178393087,19006409,22418160,-3411751,461624,178854711
2026-07-22,301565.SZ,301565,中仑新材,深交所创业板,203415037,4760551,6469441,-1708890,637844,204052881
2026-07-22,301566.SZ,301566,达利凯普,深交所创业板,466769863,78435568,78564888,-129320,338960,467108823
2026-07-22,301567.SZ,301567,贝隆精密,深交所创业板,54920071,2186563,3569396,-1382833,0,54920071
2026-07-22,301568.SZ,301568,思泰克,深交所创业板,287633366,24964593,29859494,-4894901,33130,287666496
2026-07-22,301571.SZ,301571,国科天成,深交所创业板,432055218,36722765,55171002,-18448237,963747,433018965
2026-07-22,301575.SZ,301575,艾芬达,深交所创业板,46316552,1654722,1374493,280229,0,46316552
2026-07-22,301577.SZ,301577,美信科技,深交所创业板,68402228,13309683,12936362,373321,262085,68664313
2026-07-22,301578.SZ,301578,辰奕智能,深交所创业板,41441955,5751841,3954705,1797136,226958,41668913
2026-07-22,301580.SZ,301580,爱迪特,深交所创业板,366212451,65973745,47124701,18849044,436023,366648474
2026-07-22,301581.SZ,301581,黄山谷捷,深交所创业板,58067027,2917152,4907969,-1990817,203994,58271021
2026-07-22,301583.SZ,301583,托伦斯,深交所创业板,524357361,400009562,171336579,228672983,0,524357361
2026-07-22,301584.SZ,301584,建发致新,深交所创业板,72107625,9611367,9591313,20054,131516,72239141
2026-07-22,301585.SZ,301585,蓝宇股份,深交所创业板,56657978,3132898,2359206,773692,200900,56858878
2026-07-22,301586.SZ,301586,佳力奇,深交所创业板,104590165,2479036,3135350,-656314,155485,104745650
2026-07-22,301587.SZ,301587,中瑞股份,深交所创业板,80588347,4617371,4907844,-290473,113274,80701621
2026-07-22,301588.SZ,301588,美新科技,深交所创业板,169011944,27248114,29736673,-2488559,0,169011944
2026-07-22,301589.SZ,301589,诺瓦星云,深交所创业板,226986160,7359116,8757547,-1398431,1892786,228878946
2026-07-22,301590.SZ,301590,优优绿能,深交所创业板,97086280,4233208,5758358,-1525150,0,97086280
2026-07-22,301591.SZ,301591,肯特股份,深交所创业板,122263393,11312137,14995521,-3683384,228360,122491753
2026-07-22,301592.SZ,301592,六九一二,深交所创业板,162407441,5697059,5729043,-31984,825461,163232902
2026-07-22,301595.SZ,301595,太力科技,深交所创业板,68527724,2568597,2220606,347991,0,68527724
2026-07-22,301596.SZ,301596,瑞迪智驱,深交所创业板,108177579,4612017,10932990,-6320973,162048,108339627
2026-07-22,301598.SZ,301598,博科测试,深交所创业板,54167769,2898367,1473264,1425103,200700,54368469
2026-07-22,301599.SZ,301599,理奇智能,深交所创业板,118539630,10933689,9617535,1316154,0,118539630
2026-07-22,301600.SZ,301600,慧翰股份,深交所创业板,257886767,5258792,5681136,-422344,1329400,259216167
2026-07-22,301601.SZ,301601,惠通科技,深交所创业板,43908984,2114933,2018866,96067,142700,44051684
2026-07-22,301602.SZ,301602,超研股份,深交所创业板,62256079,2528781,2764912,-236131,438372,62694451
2026-07-22,301603.SZ,301603,乔锋智能,深交所创业板,167452038,20561660,22750142,-2188482,274500,167726538
2026-07-22,301606.SZ,301606,绿联科技,深交所创业板,214390255,13492556,18796079,-5303523,2054544,216444799
2026-07-22,301607.SZ,301607,富特科技,深交所创业板,304095226,43884939,45648345,-1763406,0,304095226
2026-07-22,301608.SZ,301608,博实结,深交所创业板,88608261,4061264,4507008,-445744,215200,88823461
2026-07-22,301609.SZ,301609,山大电力,深交所创业板,93675210,21103514,16055397,5048117,0,93675210
2026-07-22,301611.SZ,301611,珂玛科技,深交所创业板,510041942,118827880,118646243,181637,2613310,512655252
2026-07-22,301613.SZ,301613,新铝时代,深交所创业板,199682578,6650169,8136414,-1486245,0,199682578
2026-07-22,301616.SZ,301616,浙江华业,深交所创业板,38367722,1412978,2229251,-816273,183380,38551102
2026-07-22,301617.SZ,301617,博苑新材,深交所创业板,264578275,10307254,22996632,-12689378,0,264578275
2026-07-22,301618.SZ,301618,长联科技,深交所创业板,120187714,3500915,4937237,-1436322,259548,120447262
2026-07-22,301622.SZ,301622,英思特,深交所创业板,168814596,3256018,5911717,-2655699,726564,169541160
2026-07-22,301626.SZ,301626,苏州天脉,深交所创业板,1806101560,83756286,87702764,-3946478,1338132,1807439692
2026-07-22,301628.SZ,301628,强达电路,深交所创业板,203903020,13676939,12056261,1620678,203896,204106916
2026-07-22,301629.SZ,301629,矽电股份,深交所创业板,212852910,22104878,21880817,224061,282029,213134939
2026-07-22,301630.SZ,301630,同宇新材,深交所创业板,226956531,16809079,21689124,-4880045,0,226956531
2026-07-22,301631.SZ,301631,壹连科技,深交所创业板,157591589,8923536,9943775,-1020239,220840,157812429
2026-07-22,301632.SZ,301632,广东建科,深交所创业板,72457717,1354975,1524254,-169279,190080,72647797
2026-07-22,301633.SZ,301633,港迪技术,深交所创业板,56055167,11582373,7892422,3689951,230715,56285882
2026-07-22,301636.SZ,301636,泽润新能,深交所创业板,53317109,1943978,5877169,-3933191,213256,53530365
2026-07-22,301638.SZ,301638,南网数字,深交所创业板,458675448,38327187,35733176,2594011,0,458675448
2026-07-22,301656.SZ,301656,联合动力,深交所创业板,153545793,9097473,10671668,-1574195,0,153545793
2026-07-22,301658.SZ,301658,首航新能,深交所创业板,92509470,5369479,4519009,850470,590304,93099774
2026-07-22,301662.SZ,301662,宏工科技,深交所创业板,107916184,8555940,9881965,-1326025,404182,108320366
2026-07-22,301665.SZ,301665,泰禾股份,深交所创业板,66114665,5612181,2501055,3111126,610629,66725294
2026-07-22,301666.SZ,301666,大普微-UW,深交所创业板,1491339582,182252406,172357424,9894982,0,1491339582
2026-07-22,301667.SZ,301667,纳百川,深交所创业板,80211975,4420341,3545241,875100,0,80211975
2026-07-22,301668.SZ,301668,昊创瑞通,深交所创业板,54917766,1286490,942341,344149,0,54917766
2026-07-22,301669.SZ,301669,高特电子,深交所创业板,136823670,14879564,19618701,-4739137,0,136823670
2026-07-22,301678.SZ,301678,新恒汇,深交所创业板,215425251,14182933,18149365,-3966432,699840,216125091
2026-07-22,301680.SZ,301680,固德电材,深交所创业板,126647547,3355402,5380814,-2025412,0,126647547
2026-07-22,301682.SZ,301682,宏明电子,深交所创业板,307081288,27496468,33249979,-5753511,0,307081288
2026-07-22,301683.SZ,301683,慧谷新材,深交所创业板,125630504,6240706,9131528,-2890822,0,125630504
2026-07-22,301687.SZ,301687,新广益,深交所创业板,120734722,15674756,18904215,-3229459,0,120734722
2026-07-22,301696.SZ,301696,三瑞智能,深交所创业板,288785994,14539247,16853787,-2314540,0,288785994
2026-07-22,302132.SZ,302132,中航成飞,深交所创业板,1106918360,30624126,43262448,-12638322,2969118,1109887478
2026-07-22,600000.SH,600000,浦发银行,上交所主板,3675028249,37720201,33696652,4023549,16761303,3691789552
2026-07-22,600004.SH,600004,白云机场,上交所主板,376905209,6582373,7798957,-1216584,2875752,379780961
2026-07-22,600006.SH,600006,东风股份,上交所主板,323244295,4114977,5840252,-1725275,2941352,326185647
2026-07-22,600007.SH,600007,中国国贸,上交所主板,216470964,4788187,3345937,1442250,1365574,217836538
2026-07-22,600008.SH,600008,首创环保,上交所主板,479219262,28021862,28253837,-231975,2982528,482201790
2026-07-22,600009.SH,600009,上海机场,上交所主板,1680021787,112052646,35383727,76668919,2903888,1682925675
2026-07-22,600010.SH,600010,包钢股份,上交所主板,2606002715,104937996,116679320,-11741324,38163312,2644166027
2026-07-22,600011.SH,600011,华能国际,上交所主板,1134818145,121207422,124340891,-3133469,11293668,1146111813
2026-07-22,600012.SH,600012,皖通高速,上交所主板,24850421,8198084,11495026,-3296942,5337915,30188336
2026-07-22,600015.SH,600015,华夏银行,上交所主板,2004748023,46658484,55553328,-8894844,1752790,2006500813
2026-07-22,600016.SH,600016,民生银行,上交所主板,7655542228,124423062,168439270,-44016208,23282650,7678824878
2026-07-22,600017.SH,600017,日照港,上交所主板,307695140,14600974,12414433,2186541,1646960,309342100
2026-07-22,600018.SH,600018,上港集团,上交所主板,606531205,26882378,17903903,8978475,1133475,607664680
2026-07-22,600019.SH,600019,宝钢股份,上交所主板,1688583617,40452038,44715577,-4263539,17141836,1705725453
2026-07-22,600020.SH,600020,中原高速,上交所主板,142610101,5272943,7077755,-1804812,568106,143178207
2026-07-22,600021.SH,600021,上海电力,上交所主板,1133017482,113385039,118330231,-4945192,18024105,1151041587
2026-07-22,600022.SH,600022,山东钢铁,上交所主板,300511694,11555658,11703941,-148283,1873320,302385014
2026-07-22,600023.SH,600023,浙能电力,上交所主板,381922290,15683655,18702718,-3019063,23540825,405463115
2026-07-22,600025.SH,600025,华能水电,上交所主板,1766460114,24692110,29649213,-4957103,1329622,1767789736
2026-07-22,600026.SH,600026,中远海能,上交所主板,1762901939,218113845,148124436,69989409,1566000,1764467939
2026-07-22,600027.SH,600027,华电国际,上交所主板,678467880,39565340,47742807,-8177467,4063836,682531716
2026-07-22,600028.SH,600028,中国石化,上交所主板,1885771417,108432158,116252441,-7820283,14718452,1900489869
2026-07-22,600029.SH,600029,南方航空,上交所主板,680488131,29390923,29865799,-474876,4501896,684990027
2026-07-22,600030.SH,600030,中信证券,上交所主板,18618508976,364365962,366715156,-2349194,28993350,18647502326
2026-07-22,600031.SH,600031,三一重工,上交所主板,1453653884,73406863,63356382,10050481,12358610,1466012494
2026-07-22,600032.SH,600032,浙江新能,上交所主板,161015955,29308077,37591946,-8283869,3949356,164965311
2026-07-22,600033.SH,600033,福建高速,上交所主板,333281957,9529824,7965823,1564001,1200432,334482389
2026-07-22,600035.SH,600035,楚天高速,上交所主板,107371513,5869959,3652355,2217604,302234,107673747
2026-07-22,600036.SH,600036,招商银行,上交所主板,10921290707,215578660,263812181,-48233521,109295749,11030586456
2026-07-22,600037.SH,600037,歌华有线,上交所主板,482707925,11042336,11710494,-668158,3723622,486431547
2026-07-22,600038.SH,600038,中直股份,上交所主板,985646235,16109643,16960126,-850483,7117936,992764171
2026-07-22,600039.SH,600039,四川路桥,上交所主板,94986447,7085154,10500760,-3415606,5393089,100379536
2026-07-22,600048.SH,600048,保利发展,上交所主板,2841652504,69776197,162050472,-92274275,8369920,2850022424
2026-07-22,600050.SH,600050,中国联通,上交所主板,2877693497,84254682,78109316,6145366,9616640,2887310137
2026-07-22,600055.SH,600055,万东医疗,上交所主板,369909633,7484019,4655926,2828093,2025056,371934689
2026-07-22,600056.SH,600056,中国医药,上交所主板,468778655,11233655,13668977,-2435322,3256179,472034834
2026-07-22,600057.SH,600057,厦门象屿,上交所主板,265649476,10497643,10089379,408264,2645476,268294952
2026-07-22,600058.SH,600058,五矿发展,上交所主板,341675618,8219340,4536597,3682743,1773054,343448672
2026-07-22,600059.SH,600059,古越龙山,上交所主板,430739144,9402742,7950401,1452341,1506208,432245352
2026-07-22,600060.SH,600060,海信视像,上交所主板,264654369,16747319,16316528,430791,11900584,276554953
2026-07-22,600061.SH,600061,国投资本,上交所主板,1473684567,40818256,43996258,-3178002,1311910,1474996477
2026-07-22,600062.SH,600062,华润双鹤,上交所主板,522819050,22831997,23232704,-400707,3822287,526641337
2026-07-22,600063.SH,600063,皖维高新,上交所主板,822868224,29378153,36847774,-7469621,3090576,825958800
2026-07-22,600064.SH,600064,南京高科,上交所主板,407696939,14660495,14269227,391268,2968287,410665226
2026-07-22,600066.SH,600066,宇通客车,上交所主板,195162230,79211095,25388842,53822253,16199442,211361672
2026-07-22,600067.SH,600067,冠城新材,上交所主板,215728794,4369709,6239019,-1869310,177786,215906580
2026-07-22,600071.SH,600071,凤凰光学,上交所主板,188727765,2733283,2650591,82692,195960,188923725
2026-07-22,600072.SH,600072,中船科技,上交所主板,480450639,14214064,10540960,3673104,3266487,483717126
2026-07-22,600073.SH,600073,光明肉业,上交所主板,348673912,1834336,3345683,-1511347,1331100,350005012
2026-07-22,600075.SH,600075,新疆天业,上交所主板,176455412,6616246,8188294,-1572048,2125064,178580476
2026-07-22,600076.SH,600076,康欣新材,上交所主板,231506992,1400585,3109146,-1708561,0,231506992
2026-07-22,600078.SH,600078,澄星股份,上交所主板,34409607,6655728,6596758,58970,0,34409607
2026-07-22,600081.SH,600081,东风科技,上交所主板,96670477,1506113,2138935,-632822,279328,96949805
2026-07-22,600085.SH,600085,同仁堂,上交所主板,1019033727,26699435,36214387,-9514952,3699936,1022733663
2026-07-22,600088.SH,600088,中视传媒,上交所主板,280122300,3645704,3007997,637707,1018842,281141142
2026-07-22,600089.SH,600089,特变电工,上交所主板,5396707343,184083887,202488878,-18404991,24345619,5421052962
2026-07-22,600094.SH,600094,大名城,上交所主板,651223200,3062096,3665185,-603089,2918685,654141885
2026-07-22,600095.SH,600095,湘财股份,上交所主板,680784088,97652824,86757501,10895323,6850764,687634852
2026-07-22,600096.SH,600096,云天化,上交所主板,3163356795,190065298,220188663,-30123365,45167232,3208524027
2026-07-22,600098.SH,600098,广州发展,上交所主板,311964390,19819646,27731775,-7912129,1990395,313954785
2026-07-22,600100.SH,600100,同方股份,上交所主板,1805460562,130770837,62147146,68623691,2625920,1808086482
2026-07-22,600101.SH,600101,明星电力,上交所主板,252284683,28454224,20829402,7624822,283720,252568403
2026-07-22,600104.SH,600104,上汽集团,上交所主板,2968060655,47830875,64507197,-16676322,6941376,2975002031
2026-07-22,600105.SH,600105,永鼎股份,上交所主板,2016696637,329263985,263577122,65686863,12033156,2028729793
2026-07-22,600106.SH,600106,重庆路桥,上交所主板,470941101,5933882,8010676,-2076794,183879,471124980
2026-07-22,600108.SH,600108,亚盛集团,上交所主板,336247638,20370527,23333299,-2962772,3393290,339640928
2026-07-22,600109.SH,600109,XD国金证,上交所主板,1605169292,30324313,27368278,2956035,1842415,1607011707
2026-07-22,600110.SH,600110,诺德股份,上交所主板,520693477,37769649,56930885,-19161236,0,520693477
2026-07-22,600111.SH,600111,北方稀土,上交所主板,6684919467,201125896,196902321,4223575,23420478,6708339945
2026-07-22,600113.SH,600113,浙江东日,上交所主板,890710824,16369819,16511974,-142155,2134541,892845365
2026-07-22,600114.SH,600114,东睦股份,上交所主板,1752734221,52278632,48147579,4131053,2577400,1755311621
2026-07-22,600115.SH,600115,中国东航,上交所主板,493053401,31042132,37407825,-6365693,2720861,495774262
2026-07-22,600116.SH,600116,三峡水利,上交所主板,210698187,15974189,17015884,-1041695,1377045,212075232
2026-07-22,600118.SH,600118,中国卫星,上交所主板,3134112170,279910353,276578357,3331996,18723501,3152835671
2026-07-22,600120.SH,600120,浙江东方,上交所主板,723722248,39046038,25352139,13693899,6046320,729768568
2026-07-22,600121.SH,600121,郑州煤电,上交所主板,138436549,33035012,23530717,9504295,241916,138678465
2026-07-22,600123.SH,600123,兰花科创,上交所主板,316833606,12689649,14408580,-1718931,3182648,320016254
2026-07-22,600125.SH,600125,铁龙物流,上交所主板,473080491,7575523,8669546,-1094023,1288134,474368625
2026-07-22,600126.SH,600126,杭钢股份,上交所主板,683392818,74460546,57167145,17293401,6429318,689822136
2026-07-22,600127.SH,600127,金健米业,上交所主板,137545098,2710084,3251352,-541268,224664,137769762
2026-07-22,600129.SH,600129,太极集团,上交所主板,377934851,63772888,58576288,5196600,3508394,381443245
2026-07-22,600131.SH,600131,国网信通,上交所主板,477416913,20114299,15698800,4415499,4282468,481699381
2026-07-22,600132.SH,600132,重庆啤酒,上交所主板,363809040,15023252,15665821,-642569,7571069,371380109
2026-07-22,600133.SH,600133,XD东湖高,上交所主板,836865367,13599642,15020519,-1420877,3429588,840294955
2026-07-22,600135.SH,600135,乐凯胶片,上交所主板,193872205,4662664,5528463,-865799,31801,193904006
2026-07-22,600138.SH,600138,中青旅,上交所主板,361527571,4874636,4416837,457799,379168,361906739
2026-07-22,600141.SH,600141,兴发集团,上交所主板,1554763743,113919590,82092196,31827394,5418886,1560182629
2026-07-22,600143.SH,600143,金发科技,上交所主板,1641696166,49012460,40197764,8814696,21417111,1663113277
2026-07-22,600150.SH,600150,中国船舶,上交所主板,7495896008,373289247,444634891,-71345644,17958257,7513854265
2026-07-22,600151.SH,600151,航天机电,上交所主板,783209110,11606031,17674783,-6068752,4999185,788208295
2026-07-22,600153.SH,600153,建发股份,上交所主板,335913287,22703529,12238324,10465205,2881557,338794844
2026-07-22,600155.SH,600155,华创云信,上交所主板,1299265892,34731578,20479233,14252345,3347757,1302613649
2026-07-22,600157.SH,600157,永泰能源,上交所主板,1446410551,162554527,178374642,-15820115,3584814,1449995365
2026-07-22,600158.SH,600158,中体产业,上交所主板,520438662,21022445,19766280,1256165,2494427,522933089
2026-07-22,600160.SH,600160,巨化股份,上交所主板,4268737347,216749498,249072080,-32322582,9683366,4278420713
2026-07-22,600161.SH,600161,天坛生物,上交所主板,1260033679,26200428,20144361,6056067,5112171,1265145850
2026-07-22,600162.SH,600162,香江控股,上交所主板,259413216,21468338,39545405,-18077067,410040,259823256
2026-07-22,600163.SH,600163,中闽能源,上交所主板,245195362,21649285,28509434,-6860149,2163744,247359106
2026-07-22,600166.SH,600166,福田汽车,上交所主板,514523074,22640255,29044104,-6403849,1952900,516475974
2026-07-22,600167.SH,600167,联美控股,上交所主板,612069171,6008890,7622645,-1613755,1688631,613757802
2026-07-22,600168.SH,600168,武汉控股,上交所主板,132660272,3993241,2954511,1038730,0,132660272
2026-07-22,600170.SH,600170,上海建工,上交所主板,739501874,35065105,30085907,4979198,2639232,742141106
2026-07-22,600171.SH,600171,上海贝岭,上交所主板,986039378,25750375,42624801,-16874426,9166113,995205491
2026-07-22,600172.SH,600172,黄河旋风,上交所主板,598825853,122716726,101160505,21556221,434688,599260541
2026-07-22,600176.SH,600176,中国巨石,上交所主板,3468481538,1050791695,1265039567,-214247872,12767130,3481248668
2026-07-22,600177.SH,600177,雅戈尔,上交所主板,306417180,15721074,16025255,-304181,17131143,323548323
2026-07-22,600179.SH,600179,安通控股,上交所主板,642309806,18727451,13853175,4874276,5471544,647781350
2026-07-22,600183.SH,600183,生益科技,上交所主板,3241081485,724430604,680896887,43533717,32016600,3273098085
2026-07-22,600184.SH,600184,光电股份,上交所主板,421545813,18478088,22757511,-4279423,833822,422379635
2026-07-22,600185.SH,600185,珠免集团,上交所主板,429258321,6883493,8314145,-1430652,5148345,434406666
2026-07-22,600186.SH,600186,莲花控股,上交所主板,899441100,85175073,87491364,-2316291,3736440,903177540
2026-07-22,600188.SH,600188,兖矿能源,上交所主板,444094317,188747920,92265975,96481945,63597184,507691501
2026-07-22,600192.SH,600192,长城电工,上交所主板,135788642,2199431,2379680,-180249,188160,135976802
2026-07-22,600195.SH,600195,中牧股份,上交所主板,190884433,3387359,3726730,-339371,387126,191271559
2026-07-22,600196.SH,600196,复星医药,上交所主板,2227847708,67397347,77794074,-10396727,6083586,2233931294
2026-07-22,600197.SH,600197,伊力特,上交所主板,157815867,5024408,4343032,681376,1123020,158938887
2026-07-22,600198.SH,600198,大唐电信,上交所主板,41542571,4486118,4160305,325813,0,41542571
2026-07-22,600199.SH,600199,金种子酒,上交所主板,187371532,21504123,13420935,8083188,215280,187586812
2026-07-22,600201.SH,600201,生物股份,上交所主板,1533488677,16829157,13234217,3594940,5318232,1538806909
2026-07-22,600203.SH,600203,福日电子,上交所主板,179152047,21979186,18355929,3623257,0,179152047
2026-07-22,600206.SH,600206,有研新材,上交所主板,979283682,304900919,269215238,35685681,14939711,994223393
2026-07-22,600207.SH,600207,安彩高科,上交所主板,239643672,8092784,6408798,1683986,182988,239826660
2026-07-22,600208.SH,600208,衢州发展,上交所主板,1114100357,19137881,26184972,-7047091,7368944,1121469301
2026-07-22,600210.SH,600210,XD紫江企,上交所主板,442496716,23654946,25732754,-2077808,2241594,444738310
2026-07-22,600211.SH,600211,西藏药业,上交所主板,312295364,18236250,15058555,3177695,641092,312936456
2026-07-22,600212.SH,600212,绿能慧充,上交所主板,151980897,984884,1596981,-612097,0,151980897
2026-07-22,600216.SH,600216,浙江医药,上交所主板,601410753,22118763,19627503,2491260,4695966,606106719
2026-07-22,600217.SH,600217,中再资环,上交所主板,299324757,2323259,3971466,-1648207,956862,300281619
2026-07-22,600218.SH,600218,全柴动力,上交所主板,291823427,4932092,5207936,-275844,881157,292704584
2026-07-22,600219.SH,600219,南山铝业,上交所主板,1542605584,149413709,83734886,65678823,9296385,1551901969
2026-07-22,600221.SH,600221,海航控股,上交所主板,957743273,40411636,37124525,3287111,1341039,959084312
2026-07-22,600222.SH,600222,太龙药业,上交所主板,372394309,7602630,8759243,-1156613,0,372394309
2026-07-22,600223.SH,600223,福瑞达,上交所主板,329375362,6391675,6130859,260816,807422,330182784
2026-07-22,600226.SH,600226,亨通股份,上交所主板,523934244,49723082,63931687,-14208605,108106,524042350
2026-07-22,600229.SH,600229,城市传媒,上交所主板,119519230,1512155,1491464,20691,210192,119729422
2026-07-22,600230.SH,600230,沧州大化,上交所主板,236220373,12007654,10661833,1345821,209646,236430019
2026-07-22,600231.SH,600231,凌钢股份,上交所主板,85345054,1635744,1030016,605728,2106,85347160
2026-07-22,600233.SH,600233,圆通速递,上交所主板,174155790,12383315,19882308,-7498993,2547766,176703556
2026-07-22,600236.SH,600236,桂冠电力,上交所主板,161784556,69043766,56837522,12206244,1487013,163271569
2026-07-22,600237.SH,600237,铜峰电子,上交所主板,463129748,25719921,30102312,-4382391,285740,463415488
2026-07-22,600246.SH,600246,万通发展,上交所主板,1938449770,317225013,363755302,-46530289,8187048,1946636818
2026-07-22,600248.SH,600248,陕建股份,上交所主板,208463827,4449767,4654646,-204879,1248794,209712621
2026-07-22,600251.SH,600251,冠农股份,上交所主板,403546401,10147692,12414953,-2267261,318500,403864901
2026-07-22,600252.SH,600252,中恒集团,上交所主板,307723550,5209283,7140379,-1931096,3723585,311447135
2026-07-22,600255.SH,600255,鑫科材料,上交所主板,382157514,11826711,13300043,-1473332,215579,382373093
2026-07-22,600256.SH,600256,广汇能源,上交所主板,1515962535,70829737,92291787,-21462050,4958679,1520921214
2026-07-22,600257.SH,600257,大湖股份,上交所主板,157967515,12901592,10116122,2785470,436084,158403599
2026-07-22,600258.SH,600258,首旅酒店,上交所主板,235768159,18118987,16996842,1122145,3291174,239059333
2026-07-22,600259.SH,600259,中稀有色,上交所主板,1036317391,91727725,66280388,25447337,4101493,1040418884
2026-07-22,600261.SH,600261,阳光照明,上交所主板,187881069,1650804,1617804,33000,310788,188191857
2026-07-22,600266.SH,600266,城建发展,上交所主板,479840890,10508212,13518717,-3010505,3252345,483093235
2026-07-22,600267.SH,600267,海正药业,上交所主板,783901608,97623888,103126360,-5502472,4140864,788042472
2026-07-22,600268.SH,600268,国电南自,上交所主板,331572666,15827473,20634759,-4807286,1020780,332593446
2026-07-22,600269.SH,600269,赣粤高速,上交所主板,253011881,16253033,9205356,7047677,1182663,254194544
2026-07-22,600271.SH,600271,航天信息,上交所主板,619688538,11961744,13847961,-1886217,3147445,622835983
2026-07-22,600273.SH,600273,嘉化能源,上交所主板,289303846,7701060,8150278,-449218,2057274,291361120
2026-07-22,600276.SH,600276,恒瑞医药,上交所主板,5408384674,444231391,411380308,32851083,38407204,5446791878
2026-07-22,600278.SH,600278,东方创业,上交所主板,195758247,4380333,6349793,-1969460,163254,195921501
2026-07-22,600282.SH,600282,南钢股份,上交所主板,204970876,7139066,6520202,618864,11159403,216130279
2026-07-22,600284.SH,600284,浦东建设,上交所主板,328689517,6555959,9830754,-3274795,293410,328982927
2026-07-22,600285.SH,600285,羚锐制药,上交所主板,360373246,25402723,29460683,-4057960,780216,361153462
2026-07-22,600288.SH,600288,大恒科技,上交所主板,417694045,65111078,72601187,-7490109,464227,418158272
2026-07-22,600292.SH,600292,电投水电,上交所主板,437388109,15229465,10044865,5184600,2217663,439605772
2026-07-22,600293.SH,600293,三峡新材,上交所主板,138723501,6500792,6429311,71481,311491,139034992
2026-07-22,600295.SH,600295,鄂尔多斯,上交所主板,76023675,5926899,13003876,-7076977,5153707,81177382
2026-07-22,600298.SH,600298,安琪酵母,上交所主板,510526498,22067722,31049401,-8981679,11137795,521664293
2026-07-22,600299.SH,600299,安迪苏,上交所主板,319261220,28361173,49517654,-21156481,1994297,321255517
2026-07-22,600301.SH,600301,华锡有色,上交所主板,43015022,27991424,27615887,375537,408040,43423062
2026-07-22,600305.SH,600305,恒顺醋业,上交所主板,159634965,5762332,4434387,1327945,887750,160522715
2026-07-22,600307.SH,600307,酒钢宏兴,上交所主板,191685134,7266539,9277097,-2010558,9372,191694506
2026-07-22,600308.SH,600308,华泰股份,上交所主板,273172296,2774980,2780555,-5575,283943,273456239
2026-07-22,600309.SH,600309,万华化学,上交所主板,3106108532,280301415,314058868,-33757453,24627200,3130735732
2026-07-22,600310.SH,600310,广西能源,上交所主板,176694208,38167060,33566762,4600298,359682,177053890
2026-07-22,600312.SH,600312,平高电气,上交所主板,1107241900,34016493,38235631,-4219138,11528128,1118770028
2026-07-22,600313.SH,600313,农发种业,上交所主板,305697277,9507253,5854131,3653122,311040,306008317
2026-07-22,600315.SH,600315,上海家化,上交所主板,374143751,9003446,11287672,-2284226,1472744,375616495
2026-07-22,600316.SH,600316,洪都航空,上交所主板,701127202,10458916,12810589,-2351673,4509918,705637120
2026-07-22,600318.SH,600318,新力金融,上交所主板,277547395,7575378,5748518,1826860,1100495,278647890
2026-07-22,600320.SH,600320,振华重工,上交所主板,465268359,16614004,9222148,7391856,1205732,466474091
2026-07-22,600322.SH,600322,津投城开,上交所主板,97877655,1697353,4252800,-2555447,0,97877655
2026-07-22,600323.SH,600323,瀚蓝环境,上交所主板,254432539,10372838,8744774,1628064,3341930,257774469
2026-07-22,600325.SH,600325,华发股份,上交所主板,500050677,8745637,8006582,739055,3443418,503494095
2026-07-22,600326.SH,600326,西藏天路,上交所主板,479730525,5765782,7594210,-1828428,480333,480210858
2026-07-22,600328.SH,600328,中盐化工,上交所主板,387563765,11630656,13665556,-2034900,2251746,389815511
2026-07-22,600329.SH,600329,达仁堂,上交所主板,378755263,9486855,10665447,-1178592,6946191,385701454
2026-07-22,600330.SH,600330,天通股份,上交所主板,1963183006,143925763,142694633,1231130,5831175,1969014181
2026-07-22,600331.SH,600331,宏达股份,上交所主板,1343084303,96143169,86549675,9593494,9493140,1352577443
2026-07-22,600332.SH,600332,白云山,上交所主板,1004059673,27325270,32206137,-4880867,3498364,1007558037
2026-07-22,600333.SH,600333,长春燃气,上交所主板,75921864,2695895,1651000,1044895,269500,76191364
2026-07-22,600335.SH,600335,XD国机汽,上交所主板,263532311,7306402,5459241,1847161,1852052,265384363
2026-07-22,600336.SH,600336,澳柯玛,上交所主板,429563335,4630094,3162270,1467824,233448,429796783
2026-07-22,600338.SH,600338,西藏珠峰,上交所主板,799310330,43202020,74277868,-31075848,3969000,803279330
2026-07-22,600339.SH,600339,中油工程,上交所主板,394657642,30304899,22421894,7883005,2417740,397075382
2026-07-22,600343.SH,600343,航天动力,上交所主板,617351883,44447706,35763494,8684212,312432,617664315
2026-07-22,600345.SH,600345,长江通信,上交所主板,668490020,63743538,59654433,4089105,1598930,670088950
2026-07-22,600346.SH,600346,恒力石化,上交所主板,1897736592,141226038,99217274,42008764,3783480,1901520072
2026-07-22,600348.SH,600348,华阳股份,上交所主板,959091257,14398357,19259753,-4861396,6989760,966081017
2026-07-22,600350.SH,600350,山东高速,上交所主板,29842257,11458616,8269917,3188699,3855744,33698001
2026-07-22,600351.SH,600351,亚宝药业,上交所主板,188813738,11434499,9569896,1864603,180400,188994138
2026-07-22,600352.SH,600352,浙江龙盛,上交所主板,1351339326,102577742,83695128,18882614,12354300,1363693626
2026-07-22,600353.SH,600353,旭光电子,上交所主板,1109071818,89490116,158147367,-68657251,3198270,1112270088
2026-07-22,600354.SH,600354,敦煌种业,上交所主板,167269254,10766998,12459746,-1692748,120780,167390034
2026-07-22,600359.SH,600359,新农开发,上交所主板,93961959,4689868,2468667,2221201,228800,94190759
2026-07-22,600361.SH,600361,创新新材,上交所主板,28780550,11702397,9876476,1825921,615880,29396430
2026-07-22,600362.SH,600362,江西铜业,上交所主板,2441515957,337032314,445704609,-108672295,12506025,2454021982
2026-07-22,600363.SH,600363,联创光电,上交所主板,1061322535,21568704,36043609,-14474905,1952469,1063275004
2026-07-22,600366.SH,600366,宁波韵升,上交所主板,556623407,80874993,35956339,44918654,2633554,559256961
2026-07-22,600367.SH,600367,红星发展,上交所主板,911854173,55252682,80416507,-25163825,326484,912180657
2026-07-22,600368.SH,600368,五洲交通,上交所主板,154707146,6118169,6391266,-273097,80724,154787870
2026-07-22,600369.SH,600369,西南证券,上交所主板,896838775,27335926,22932323,4403603,1395917,898234692
2026-07-22,600372.SH,600372,中航机载,上交所主板,1577910653,29802388,28714244,1088144,7728003,1585638656
2026-07-22,600373.SH,600373,中文传媒,上交所主板,248875171,8694133,8608562,85571,2876800,251751971
2026-07-22,600376.SH,600376,首开股份,上交所主板,202815649,19341636,25601122,-6259486,1590786,204406435
2026-07-22,600377.SH,600377,宁沪高速,上交所主板,124013468,10702917,14541338,-3838421,5992304,130005772
2026-07-22,600378.SH,600378,昊华科技,上交所主板,1090834698,232223847,227397782,4826065,6640500,1097475198
2026-07-22,600379.SH,600379,宝光股份,上交所主板,162574067,18987386,12392349,6595037,205212,162779279
2026-07-22,600380.SH,600380,健康元,上交所主板,677845147,15505001,16383897,-878896,4951800,682796947
2026-07-22,600383.SH,600383,金地集团,上交所主板,900323761,30559471,19289318,11270153,236320,900560081
2026-07-22,600386.SH,600386,北巴传媒,上交所主板,123729388,2681475,3300800,-619325,196602,123925990
2026-07-22,600388.SH,600388,龙净环保,上交所主板,433700320,19798400,21398962,-1600562,4266990,437967310
2026-07-22,600389.SH,600389,江山股份,上交所主板,318408260,8988682,13314981,-4326299,2092020,320500280
2026-07-22,600390.SH,600390,五矿资本,上交所主板,1068616490,34092987,36186331,-2093344,6841854,1075458344
2026-07-22,600391.SH,600391,航发科技,上交所主板,283996441,12454660,16869486,-4414826,888332,284884773
2026-07-22,600392.SH,600392,盛和资源,上交所主板,2444002157,185006638,157716102,27290536,8965030,2452967187
2026-07-22,600395.SH,600395,盘江股份,上交所主板,471667192,14440716,21649690,-7208974,2091880,473759072
2026-07-22,600398.SH,600398,海澜之家,上交所主板,150560866,9588467,14373473,-4785006,6182878,156743744
2026-07-22,600399.SH,600399,抚顺特钢,上交所主板,479473730,7948041,4544649,3403392,1728620,481202350
2026-07-22,600400.SH,600400,红豆股份,上交所主板,188132745,18799566,16231846,2567720,0,188132745
2026-07-22,600403.SH,600403,大有能源,上交所主板,80749703,44007482,36345630,7661852,1089270,81838973
2026-07-22,600405.SH,600405,动力源,上交所主板,134365353,2918595,4561151,-1642556,0,134365353
2026-07-22,600406.SH,600406,国电南瑞,上交所主板,2849658623,110522461,120916172,-10393711,14394732,2864053355
2026-07-22,600409.SH,600409,三友化工,上交所主板,217320708,10433311,13175628,-2742317,3361358,220682066
2026-07-22,600410.SH,600410,华胜天成,上交所主板,1072910880,55301428,62913994,-7612566,459620,1073370500
2026-07-22,600415.SH,600415,小商品城,上交所主板,1606937443,172257936,104132082,68125854,11848830,1618786273
2026-07-22,600416.SH,600416,湘电股份,上交所主板,894131331,11478663,19524227,-8045564,2845098,896976429
2026-07-22,600418.SH,600418,江淮汽车,上交所主板,5345361308,96223177,106693717,-10470540,5323563,5350684871
2026-07-22,600420.SH,600420,国药现代,上交所主板,366109263,13070386,8070203,5000183,1997280,368106543
2026-07-22,600422.SH,600422,昆药集团,上交所主板,271279150,7194628,7919809,-725181,1749924,273029074
2026-07-22,600425.SH,600425,青松建化,上交所主板,338029258,7353716,2875677,4478039,674016,338703274
2026-07-22,600426.SH,600426,华鲁恒升,上交所主板,585583565,50946669,61705484,-10758815,2987409,588570974
2026-07-22,600428.SH,600428,中远海特,上交所主板,394570975,101381278,84276771,17104507,7165728,401736703
2026-07-22,600433.SH,600433,冠豪高新,上交所主板,291628634,9790627,12276719,-2486092,309075,291937709
2026-07-22,600435.SH,600435,北方导航,上交所主板,667210390,5915787,6528352,-612565,7439614,674650004
2026-07-22,600436.SH,600436,片仔癀,上交所主板,1678081511,195110503,194789993,320510,11835040,1689916551
2026-07-22,600438.SH,600438,通威股份,上交所主板,2326692573,56447182,78458022,-22010840,4948424,2331640997
2026-07-22,600446.SH,600446,金证股份,上交所主板,863017273,18091760,16714502,1377258,2864250,865881523
2026-07-22,600448.SH,600448,华纺股份,上交所主板,283063853,3664133,5013238,-1349105,390570,283454423
2026-07-22,600449.SH,600449,宁夏建材,上交所主板,410697349,5539508,6062109,-522601,535043,411232392
2026-07-22,600452.SH,600452,涪陵电力,上交所主板,606992071,45687177,47512449,-1825272,3122168,610114239
2026-07-22,600456.SH,600456,宝钛股份,上交所主板,557852928,19576339,20145503,-569164,3839040,561691968
2026-07-22,600458.SH,600458,XD时代新,上交所主板,470301125,22295842,19273540,3022302,2081259,472382384
2026-07-22,600459.SH,600459,贵研铂业,上交所主板,1222899182,54644753,42353937,12290816,4714074,1227613256
2026-07-22,600460.SH,600460,士兰微,上交所主板,2081088716,430815023,451598409,-20783386,5194235,2086282951
2026-07-22,600461.SH,600461,洪城环境,上交所主板,46011701,8785487,12190607,-3405120,59054520,105066221
2026-07-22,600467.SH,600467,好当家,上交所主板,130993934,4328448,5441520,-1113072,116622,131110556
2026-07-22,600469.SH,600469,风神股份,上交所主板,143917012,1194222,4057340,-2863118,323190,144240202
2026-07-22,600470.SH,600470,六国化工,上交所主板,132061760,7194631,5572950,1621681,0,132061760
2026-07-22,600475.SH,600475,华光环能,上交所主板,373267594,35122521,26661541,8460980,1908386,375175980
2026-07-22,600477.SH,600477,杭萧钢构,上交所主板,198270593,2843129,3353157,-510028,897690,199168283
2026-07-22,600478.SH,600478,科力远,上交所主板,443545401,6565187,6489228,75959,3208128,446753529
2026-07-22,600480.SH,600480,凌云股份,上交所主板,507996160,13298192,12560133,738059,3014844,511011004
2026-07-22,600481.SH,600481,双良节能,上交所主板,334181731,6859932,18639258,-11779326,414323,334596054
2026-07-22,600482.SH,600482,中国动力,上交所主板,844554535,32707111,56432870,-23725759,2264736,846819271
2026-07-22,600483.SH,600483,福能股份,上交所主板,378224018,19046096,17736074,1310022,4985171,383209189
2026-07-22,600486.SH,600486,扬农化工,上交所主板,201212561,15120477,19583904,-4463427,8274101,209486662
2026-07-22,600487.SH,600487,亨通光电,上交所主板,7501551605,1312208653,1398593012,-86384359,16640728,7518192333
2026-07-22,600489.SH,600489,中金黄金,上交所主板,2686909082,191465914,262753181,-71287267,9051834,2695960916
2026-07-22,600490.SH,600490,鹏欣资源,上交所主板,1035717176,34608187,28267731,6340456,5204520,1040921696
2026-07-22,600495.SH,600495,晋西车轴,上交所主板,233239770,2724137,5201990,-2477853,620840,233860610
2026-07-22,600496.SH,600496,精工钢构,上交所主板,169516617,9749227,12459115,-2709888,221964,169738581
2026-07-22,600497.SH,600497,驰宏锌锗,上交所主板,1993854263,150972938,134637983,16334955,13786178,2007640441
2026-07-22,600498.SH,600498,烽火通信,上交所主板,2378107635,324928639,369937581,-45008942,15272448,2393380083
2026-07-22,600499.SH,600499,科达制造,上交所主板,367826159,21536393,41480771,-19944378,10305412,378131571
2026-07-22,600500.SH,600500,中化国际,上交所主板,741909681,27988135,38461374,-10473239,128044,742037725
2026-07-22,600501.SH,600501,航天晨光,上交所主板,307614573,3445019,8032515,-4587496,33332,307647905
2026-07-22,600502.SH,600502,安徽建工,上交所主板,231741807,18178613,13220680,4957933,2537860,234279667
2026-07-22,600503.SH,600503,华丽家族,上交所主板,234827321,3696594,6080621,-2384027,678210,235505531
2026-07-22,600505.SH,600505,西昌电力,上交所主板,93702643,12253918,12982990,-729072,269040,93971683
2026-07-22,600507.SH,600507,方大特钢,上交所主板,197113987,13271307,12467405,803902,3467331,200581318
2026-07-22,600508.SH,600508,上海能源,上交所主板,234313983,3783152,6640689,-2857537,1264500,235578483
2026-07-22,600509.SH,600509,天富能源,上交所主板,647411764,24936916,25195542,-258626,5420019,652831783
2026-07-22,600510.SH,600510,黑牡丹,上交所主板,262255195,5554666,9730463,-4175797,150528,262405723
2026-07-22,600511.SH,600511,国药股份,上交所主板,339193544,13031739,26763349,-13731610,4701297,343894841
2026-07-22,600512.SH,600512,腾达建设,上交所主板,260716813,4543141,3545940,997201,189504,260906317
2026-07-22,600515.SH,600515,海南机场,上交所主板,685257252,15002780,13134181,1868599,225711,685482963
2026-07-22,600516.SH,600516,方大炭素,上交所主板,759446996,20745634,18817341,1928293,9286435,768733431
2026-07-22,600517.SH,600517,国网英大,上交所主板,510073652,6281930,12622763,-6340833,5196233,515269885
2026-07-22,600518.SH,600518,康美药业,上交所主板,525202501,10334134,10819766,-485632,206010,525408511
2026-07-22,600519.SH,600519,贵州茅台,上交所主板,18219905702,724543868,646147535,78396333,146825550,18366731252
2026-07-22,600521.SH,600521,华海药业,上交所主板,978592600,71656780,63548811,8107969,7169856,985762456
2026-07-22,600522.SH,600522,中天科技,上交所主板,5358737000,886215332,937323608,-51108276,12174500,5370911500
2026-07-22,600523.SH,600523,贵航股份,上交所主板,235056928,11216915,6829761,4387154,249306,235306234
2026-07-22,600528.SH,600528,中铁工业,上交所主板,581935238,9152404,5357101,3795303,1697076,583632314
2026-07-22,600529.SH,600529,山东药玻,上交所主板,776421980,29757304,28392138,1365166,8422400,784844380
2026-07-22,600531.SH,600531,豫光金铅,上交所主板,1105646069,81411244,68984685,12426559,5451423,1111097492
2026-07-22,600533.SH,600533,栖霞建设,上交所主板,152547156,4234656,2179976,2054680,187561,152734717
2026-07-22,600535.SH,600535,天士力,上交所主板,622360473,34330375,29712482,4617893,10328000,632688473
2026-07-22,600536.SH,600536,中国软件,上交所主板,1536238398,143194007,110373437,32820570,8851652,1545090050
2026-07-22,600545.SH,600545,卓郎智能,上交所主板,192392179,23647891,28549541,-4901650,0,192392179
2026-07-22,600546.SH,600546,山煤国际,上交所主板,378826275,20809145,17335856,3473289,4122585,382948860
2026-07-22,600547.SH,600547,山东黄金,上交所主板,2630625113,471447863,295088931,176358932,5985557,2636610670
2026-07-22,600548.SH,600548,深高速,上交所主板,59769274,2279688,2706954,-427266,87516,59856790
2026-07-22,600549.SH,600549,厦门钨业,上交所主板,2108311196,259865592,202712912,57152680,5768784,2114079980
2026-07-22,600550.SH,600550,保变电气,上交所主板,472814800,28075000,35884555,-7809555,2808277,475623077
2026-07-22,600551.SH,600551,时代出版,上交所主板,200632890,2330435,2736487,-406052,4361040,204993930
2026-07-22,600552.SH,600552,凯盛科技,上交所主板,1005798749,114094383,160352211,-46257828,5598692,1011397441
2026-07-22,600556.SH,600556,天下秀,上交所主板,311543974,7618149,6963932,654217,383880,311927854
2026-07-22,600557.SH,600557,康缘药业,上交所主板,245541369,12465602,8804633,3660969,2072518,247613887
2026-07-22,600559.SH,600559,老白干酒,上交所主板,391317092,10261838,10257650,4188,3309789,394626881
2026-07-22,600562.SH,600562,国睿科技,上交所主板,318832980,17324755,17611493,-286738,8726232,327559212
2026-07-22,600563.SH,600563,法拉电子,上交所主板,948411223,65119016,72819970,-7700954,8732316,957143539
2026-07-22,600566.SH,600566,济川药业,上交所主板,146148823,12070041,26226198,-14156157,5914291,152063114
2026-07-22,600567.SH,600567,山鹰国际,上交所主板,338193752,4360465,4078529,281936,427191,338620943
2026-07-22,600569.SH,600569,安阳钢铁,上交所主板,62071492,1182423,1636216,-453793,456469,62527961
2026-07-22,600570.SH,600570,恒生电子,上交所主板,2620666544,64068584,72995180,-8926596,7947336,2628613880
2026-07-22,600571.SH,600571,信雅达,上交所主板,394243684,5662335,6908900,-1246565,197113,394440797
2026-07-22,600572.SH,600572,康恩贝,上交所主板,439388239,18327311,16825568,1501743,1473180,440861419
2026-07-22,600575.SH,600575,淮河能源,上交所主板,289645324,16639308,15905140,734168,2848890,292494214
2026-07-22,600577.SH,600577,精达股份,上交所主板,1419553124,31999691,46771173,-14771482,9470408,1429023532
2026-07-22,600578.SH,600578,京能电力,上交所主板,294174796,116962703,88753045,28209658,7663000,301837796
2026-07-22,600580.SH,600580,卧龙电驱,上交所主板,2202796656,50846519,62375402,-11528883,8457683,2211254339
2026-07-22,600582.SH,600582,天地科技,上交所主板,354502184,8481811,9953383,-1471572,3063236,357565420
2026-07-22,600583.SH,600583,海油工程,上交所主板,928629701,23063899,18882740,4181159,679512,929309213
2026-07-22,600584.SH,600584,长电科技,上交所主板,7970015581,2114646572,2172667742,-58021170,21307752,7991323333
2026-07-22,600585.SH,600585,海螺水泥,上交所主板,1654518431,52166333,47040560,5125773,7234837,1661753268
2026-07-22,600586.SH,600586,金晶科技,上交所主板,257436916,3104036,4804052,-1700016,1092780,258529696
2026-07-22,600587.SH,600587,新华医疗,上交所主板,368257534,13159277,10272543,2886734,2011810,370269344
2026-07-22,600588.SH,600588,用友网络,上交所主板,1349124909,68403828,59841928,8561900,15098251,1364223160
2026-07-22,600589.SH,600589,大位科技,上交所主板,571248102,24540721,24367832,172889,300842,571548944
2026-07-22,600590.SH,600590,泰豪科技,上交所主板,214920319,14653065,19738699,-5085634,575937,215496256
2026-07-22,600592.SH,600592,龙溪股份,上交所主板,317920734,7096674,11508216,-4411542,130458,318051192
2026-07-22,600594.SH,600594,益佰制药,上交所主板,229141443,11644429,6200237,5444192,243148,229384591
2026-07-22,600595.SH,600595,中孚实业,上交所主板,446727886,53260294,68515994,-15255700,1259016,447986902
2026-07-22,600596.SH,600596,新安股份,上交所主板,804372654,39409164,40399740,-990576,689123,805061777
2026-07-22,600597.SH,600597,光明乳业,上交所主板,246029169,7528174,5100558,2427616,4922490,250951659
2026-07-22,600598.SH,600598,北大荒,上交所主板,401140042,22954044,26007416,-3053372,4676100,405816142
2026-07-22,600600.SH,600600,青岛啤酒,上交所主板,553775429,26113464,32019952,-5906488,5470090,559245519
2026-07-22,600601.SH,600601,方正科技,上交所主板,2438805045,260589353,196608514,63980839,2994090,2441799135
2026-07-22,600602.SH,600602,云赛智联,上交所主板,779852762,191377880,139697371,51680509,7485711,787338473
2026-07-22,600604.SH,600604,市北高新,上交所主板,237115932,2690327,3484557,-794230,1187384,238303316
2026-07-22,600606.SH,600606,绿地控股,上交所主板,577080603,11676631,7746490,3930141,2676144,579756747
2026-07-22,600609.SH,600609,金杯汽车,上交所主板,366193105,2684623,3314824,-630201,308931,366502036
2026-07-22,600610.SH,600610,中毅达,上交所主板,114518692,8087449,7103467,983982,359595,114878287
2026-07-22,600611.SH,600611,大众交通,上交所主板,322354191,19166310,18930292,236018,242952,322597143
2026-07-22,600612.SH,600612,老凤祥,上交所主板,116229165,6697072,5003309,1693763,2554125,118783290
2026-07-22,600616.SH,600616,金枫酒业,上交所主板,141102674,1551694,1848696,-297002,219996,141322670
2026-07-22,600617.SH,600617,国新能源,上交所主板,108696653,4181031,6043098,-1862067,323828,109020481
2026-07-22,600618.SH,600618,氯碱化工,上交所主板,168725850,6864407,7660252,-795845,647946,169373796
2026-07-22,600619.SH,600619,海立股份,上交所主板,543597597,17386893,15697441,1689452,1664550,545262147
2026-07-22,600620.SH,600620,天宸股份,上交所主板,239081123,2331992,14663631,-12331639,237160,239318283
2026-07-22,600621.SH,600621,华鑫股份,上交所主板,550597979,25895796,20780513,5115283,4190830,554788809
2026-07-22,600622.SH,600622,光大嘉宝,上交所主板,108248552,4748100,4191343,556757,55074,108303626
2026-07-22,600623.SH,600623,华谊集团,上交所主板,493389590,23135011,15149876,7985135,1641838,495031428
2026-07-22,600626.SH,600626,申达股份,上交所主板,203666539,5935301,3543316,2391985,205440,203871979
2026-07-22,600629.SH,600629,华建集团,上交所主板,365043213,13169402,19421731,-6252329,965280,366008493
2026-07-22,600630.SH,600630,龙头股份,上交所主板,168739892,4934435,5481092,-546657,191958,168931850
2026-07-22,600633.SH,600633,浙数文化,上交所主板,644584657,41042618,31544149,9498469,5200850,649785507
2026-07-22,600635.SH,600635,大众公用,上交所主板,568174868,11575957,12896133,-1320176,4821035,572995903
2026-07-22,600637.SH,600637,XD东方明,上交所主板,1163216786,30449995,31364447,-914452,6023583,1169240369
2026-07-22,600639.SH,600639,浦东金桥,上交所主板,169998630,6463561,2910458,3553103,1838241,171836871
2026-07-22,600640.SH,600640,国脉文化,上交所主板,198219542,3614218,4717562,-1103344,1167264,199386806
2026-07-22,600641.SH,600641,先导基电,上交所主板,1583108292,204016419,197323162,6693257,6418550,1589526842
2026-07-22,600642.SH,600642,申能股份,上交所主板,213325502,24336299,29365693,-5029394,17612272,230937774
2026-07-22,600643.SH,600643,爱建集团,上交所主板,268795793,3100867,1974503,1126364,2043318,270839111
2026-07-22,600644.SH,600644,乐山电力,上交所主板,149462912,51726759,36778474,14948285,310580,149773492
2026-07-22,600645.SH,600645,中源协和,上交所主板,808243648,19353460,17113739,2239721,2624160,810867808
2026-07-22,600648.SH,600648,外高桥,上交所主板,631026695,2503263,1627728,875535,968121,631994816
2026-07-22,600649.SH,600649,城投控股,上交所主板,440015702,5348028,4581523,766505,2973557,442989259
2026-07-22,600651.SH,600651,飞乐音响,上交所主板,296341529,5946175,12163846,-6217671,168630,296510159
2026-07-22,600653.SH,600653,申华控股,上交所主板,91173914,1653137,1630422,22715,61776,91235690
2026-07-22,600655.SH,600655,豫园股份,上交所主板,180314775,2314528,4198056,-1883528,5914251,186229026
2026-07-22,600657.SH,600657,信达地产,上交所主板,160273642,4328365,3107065,1221300,1290314,161563956
2026-07-22,600660.SH,600660,福耀玻璃,上交所主板,1944501678,22129738,32267189,-10137451,13833396,1958335074
2026-07-22,600661.SH,600661,昂立教育,上交所主板,163745479,3028615,3668967,-640352,0,163745479
2026-07-22,600662.SH,600662,外服控股,上交所主板,189718283,6148951,5706647,442304,881576,190599859
2026-07-22,600663.SH,600663,陆家嘴,上交所主板,145505723,4844617,3567122,1277495,5552205,151057928
2026-07-22,600664.SH,600664,哈药股份,上交所主板,333415938,200616628,206854205,-6237577,4215900,337631838
2026-07-22,600667.SH,600667,太极实业,上交所主板,1438362326,416131542,446481632,-30350090,17169003,1455531329
2026-07-22,600668.SH,600668,尖峰集团,上交所主板,239794953,2716805,14980628,-12263823,192096,239987049
2026-07-22,600673.SH,600673,东阳光,上交所主板,3007866747,137321877,138854626,-1532749,12935750,3020802497
2026-07-22,600674.SH,600674,川投能源,上交所主板,740826711,46042172,98705372,-52663200,5971604,746798315
2026-07-22,600675.SH,600675,中华企业,上交所主板,247247733,3367292,3859373,-492081,2681208,249928941
2026-07-22,600676.SH,600676,交运股份,上交所主板,178762709,4063565,5773277,-1709712,313390,179076099
2026-07-22,600681.SH,600681,百川能源,上交所主板,154205149,6148436,8844215,-2695779,199248,154404397
2026-07-22,600682.SH,600682,南京新百,上交所主板,272321633,4364325,4662001,-297676,684180,273005813
2026-07-22,600684.SH,600684,珠江股份,上交所主板,213140026,15444594,8783600,6660994,224208,213364234
2026-07-22,600685.SH,600685,中船防务,上交所主板,727109250,32450997,28170755,4280242,6423384,733532634
2026-07-22,600686.SH,600686,金龙汽车,上交所主板,220718965,9241913,11068494,-1826581,629247,221348212
2026-07-22,600688.SH,600688,上海石化,上交所主板,322632947,30124843,29953138,171705,3347342,325980289
2026-07-22,600690.SH,600690,海尔智家,上交所主板,1568098625,46602329,47525774,-923445,46480833,1614579458
2026-07-22,600691.SH,600691,潞化科技,上交所主板,116113234,5441780,5537059,-95279,0,116113234
2026-07-22,600692.SH,600692,亚通股份,上交所主板,155872503,6080509,4668835,1411674,204624,156077127
2026-07-22,600693.SH,600693,东百集团,上交所主板,42416763,5553932,16187058,-10633126,0,42416763
2026-07-22,600694.SH,600694,大商股份,上交所主板,232792708,6937932,5841094,1096838,274146,233066854
2026-07-22,600698.SH,600698,湖南天雁,上交所主板,45222223,2056498,2053094,3404,96615,45318838
2026-07-22,600699.SH,600699,均胜电子,上交所主板,1468305666,64210794,50533424,13677370,12343065,1480648731
2026-07-22,600702.SH,600702,舍得酒业,上交所主板,711010285,43452143,30852214,12599929,192920,711203205
2026-07-22,600703.SH,600703,三安光电,上交所主板,4422596633,212078740,204068955,8009785,389593,4422986226
2026-07-22,600704.SH,600704,物产中大,上交所主板,1642823499,25437950,26748111,-1310161,5829810,1648653309
2026-07-22,600707.SH,600707,彩虹股份,上交所主板,676348116,78046283,118386388,-40340105,6670078,683018194
2026-07-22,600708.SH,600708,光明地产,上交所主板,284138377,1767528,4868619,-3101091,403326,284541703
2026-07-22,600710.SH,600710,苏美达,上交所主板,146959776,5984297,6055032,-70735,1229098,148188874
2026-07-22,600711.SH,600711,盛屯矿业,上交所主板,1886252427,177033197,172409043,4624154,1728288,1887980715
2026-07-22,600716.SH,600716,凤凰股份,上交所主板,188306711,1827585,3021868,-1194283,25585,188332296
2026-07-22,600717.SH,600717,天津港,上交所主板,309830127,12136067,10448929,1687138,1421847,311251974
2026-07-22,600718.SH,600718,东软集团,上交所主板,920576695,5780684,8082573,-2301889,4524884,925101579
2026-07-22,600720.SH,600720,中交设计,上交所主板,370690540,4451931,4737642,-285711,1023305,371713845
2026-07-22,600722.SH,600722,金牛化工,上交所主板,183096958,116498473,58360158,58138315,494509,183591467
2026-07-22,600728.SH,600728,佳都科技,上交所主板,855935375,26086882,11150875,14936007,2314740,858250115
2026-07-22,600729.SH,600729,重百集团,上交所主板,178539153,4848707,6185558,-1336851,2989600,181528753
2026-07-22,600732.SH,600732,爱旭股份,上交所主板,1589640724,28334226,31597559,-3263333,277300,1589918024
2026-07-22,600733.SH,600733,北汽蓝谷,上交所主板,2038297591,13492025,21276920,-7784895,608400,2038905991
2026-07-22,600736.SH,600736,苏州高新,上交所主板,497570704,12211300,18199417,-5988117,311199,497881903
2026-07-22,600737.SH,600737,中粮糖业,上交所主板,1557049476,33911990,26607003,7304987,5457982,1562507458
2026-07-22,600739.SH,600739,辽宁成大,上交所主板,1234416542,34522727,24297012,10225715,3659292,1238075834
2026-07-22,600740.SH,600740,山西焦化,上交所主板,372525824,10599656,13265591,-2665935,2920192,375446016
2026-07-22,600741.SH,600741,华域汽车,上交所主板,604001221,17714938,17899217,-184279,18285320,622286541
2026-07-22,600742.SH,600742,富维股份,上交所主板,318814423,2401847,3497586,-1095739,368024,319182447
2026-07-22,600743.SH,600743,华远控股,上交所主板,79068991,2083442,2671576,-588134,0,79068991
2026-07-22,600744.SH,600744,华银电力,上交所主板,372273258,249072046,169921396,79150650,3369736,375642994
2026-07-22,600748.SH,600748,上实发展,上交所主板,263430864,2269264,2291286,-22022,99072,263529936
2026-07-22,600750.SH,600750,华润江中,上交所主板,148919159,12973026,9678258,3294768,4797475,153716634
2026-07-22,600751.SH,600751,海航科技,上交所主板,477972654,5133725,7381253,-2247528,2613422,480586076
2026-07-22,600754.SH,600754,锦江酒店,上交所主板,219358796,20374583,23302068,-2927485,4809864,224168660
2026-07-22,600755.SH,600755,厦门国贸,上交所主板,586183495,6095100,9554899,-3459799,1246320,587429815
2026-07-22,600756.SH,600756,浪潮软件,上交所主板,304148831,38736641,36120005,2616636,1567608,305716439
2026-07-22,600757.SH,600757,长江传媒,上交所主板,160092219,4629819,4880254,-250435,22145220,182237439
2026-07-22,600758.SH,600758,辽宁能源,上交所主板,143954645,13873511,15255117,-1381606,243639,144198284
2026-07-22,600760.SH,600760,中航沈飞,上交所主板,1853876203,64225368,74569221,-10343853,8078458,1861954661
2026-07-22,600761.SH,600761,安徽合力,上交所主板,326444667,11033867,10621025,412842,4322229,330766896
2026-07-22,600763.SH,600763,通策医疗,上交所主板,703119206,27955615,23131386,4824229,3938220,707057426
2026-07-22,600764.SH,600764,中国海防,上交所主板,288677784,5824679,7857477,-2032798,2398635,291076419
2026-07-22,600765.SH,600765,中航重机,上交所主板,1098658903,34089554,29645048,4444506,9143800,1107802703
2026-07-22,600770.SH,600770,综艺股份,上交所主板,318569224,17419359,25012432,-7593073,989280,319558504
2026-07-22,600771.SH,600771,广誉远,上交所主板,558306624,15510630,15852461,-341831,1527631,559834255
2026-07-22,600773.SH,600773,西藏城投,上交所主板,560071708,20283114,17122876,3160238,1602120,561673828
2026-07-22,600775.SH,600775,南京熊猫,上交所主板,284860123,4648940,7280442,-2631502,1605007,286465130
2026-07-22,600776.SH,600776,东方通信,上交所主板,437177822,14168410,13597016,571394,2313786,439491608
2026-07-22,600777.SH,600777,新潮能源,上交所主板,74245849,19303475,4795128,14508347,0,74245849
2026-07-22,600779.SH,600779,水井坊,上交所主板,273597030,11824625,8636404,3188221,254436,273851466
2026-07-22,600780.SH,600780,通宝能源,上交所主板,226167310,9248961,9754942,-505981,291249,226458559
2026-07-22,600782.SH,600782,新钢股份,上交所主板,365853972,16824068,27535455,-10711387,3274623,369128595
2026-07-22,600783.SH,600783,鲁信创投,上交所主板,630384358,31190497,14374946,16815551,4284750,634669108
2026-07-22,600787.SH,600787,中储股份,上交所主板,526951456,10350610,7836192,2514418,3099426,530050882
2026-07-22,600789.SH,600789,鲁抗医药,上交所主板,504390210,29417141,13343502,16073639,1581944,505972154
2026-07-22,600790.SH,600790,轻纺城,上交所主板,483388342,3430306,2539105,891201,246450,483634792
2026-07-22,600795.SH,600795,国电电力,上交所主板,789706900,80111197,105542744,-25431547,17201450,806908350
2026-07-22,600797.SH,600797,浙大网新,上交所主板,432143163,72185422,44502798,27682624,939862,433083025
2026-07-22,600798.SH,600798,宁波海运,上交所主板,107129861,1736060,6100805,-4364745,484753,107614614
2026-07-22,600800.SH,600800,渤海化学,上交所主板,192495035,8196019,7123842,1072177,103240,192598275
2026-07-22,600801.SH,600801,华新建材,上交所主板,311923681,14177549,21767129,-7589580,8343309,320266990
2026-07-22,600802.SH,600802,福建水泥,上交所主板,404942631,1977377,2107922,-130545,142450,405085081
2026-07-22,600803.SH,600803,新奥股份,上交所主板,102961082,6202668,10134282,-3931614,11643417,114604499
2026-07-22,600805.SH,600805,悦达投资,上交所主板,258835528,1377015,2570335,-1193320,219780,259055308
2026-07-22,600808.SH,600808,马钢股份,上交所主板,340722255,8226401,10357044,-2130643,1464111,342186366
2026-07-22,600809.SH,600809,山西汾酒,上交所主板,1568878531,113296394,93285200,20011194,21838875,1590717406
2026-07-22,600810.SH,600810,神马股份,上交所主板,225229872,6418700,4323798,2094902,775404,226005276
2026-07-22,600812.SH,600812,华北制药,上交所主板,224131658,12412731,10254295,2158436,1215982,225347640
2026-07-22,600816.SH,600816,建元信托,上交所主板,386058628,17857556,17791041,66515,5772144,391830772
2026-07-22,600820.SH,600820,隧道股份,上交所主板,532838619,10355758,8250420,2105338,24970560,557809179
2026-07-22,600821.SH,600821,金开新能,上交所主板,574751446,118953154,135924394,-16971240,4432128,579183574
2026-07-22,600822.SH,600822,上海物贸,上交所主板,89302479,1322926,1206050,116876,283251,89585730
2026-07-22,600825.SH,600825,新华传媒,上交所主板,287460433,3405663,5953156,-2547493,218556,287678989
2026-07-22,600826.SH,600826,兰生股份,上交所主板,182618902,3426181,4570622,-1144441,128592,182747494
2026-07-22,600827.SH,600827,百联股份,上交所主板,486173385,14899343,12112631,2786712,1065400,487238785
2026-07-22,600830.SH,600830,香溢融通,上交所主板,334462730,1866270,5772804,-3906534,235314,334698044
2026-07-22,600835.SH,600835,上海机电,上交所主板,850811489,12870222,11657284,1212938,2403072,853214561
2026-07-22,600838.SH,600838,上海九百,上交所主板,164365774,4525577,4016605,508972,214107,164579881
2026-07-22,600839.SH,600839,四川长虹,上交所主板,1704003025,60891543,88260563,-27369020,26720196,1730723221
2026-07-22,600843.SH,600843,上工申贝,上交所主板,155279359,5306914,4130125,1176789,157619,155436978
2026-07-22,600845.SH,600845,宝信软件,上交所主板,609300087,42160134,33098983,9061151,1927783,611227870
2026-07-22,600846.SH,600846,同济科技,上交所主板,297794300,11081443,11586156,-504713,215670,298009970
2026-07-22,600848.SH,600848,上海临港,上交所主板,366829680,4259630,6368828,-2109198,1961400,368791080
2026-07-22,600850.SH,600850,电科数字,上交所主板,768647793,11101958,15148142,-4046184,2754051,771401844
2026-07-22,600851.SH,600851,海欣股份,上交所主板,322606553,8982622,9185515,-202893,301080,322907633
2026-07-22,600855.SH,600855,航天长峰,上交所主板,266023194,3719325,6982594,-3263269,255564,266278758
2026-07-22,600859.SH,600859,王府井,上交所主板,648826745,7992944,12506534,-4513590,2990489,651817234
2026-07-22,600860.SH,600860,京城股份,上交所主板,110369319,887646,1935353,-1047707,80740,110450059
2026-07-22,600862.SH,600862,中航高科,上交所主板,900760967,32115212,29034441,3080771,8753028,909513995
2026-07-22,600863.SH,600863,华能蒙电,上交所主板,469132227,109922346,76308655,33613691,22846512,491978739
2026-07-22,600864.SH,600864,哈投股份,上交所主板,717225437,15882720,13381325,2501395,3752853,720978290
2026-07-22,600866.SH,600866,星湖科技,上交所主板,566313519,10623389,11199672,-576283,1753505,568067024
2026-07-22,600867.SH,600867,通化东宝,上交所主板,572311560,25981443,16377261,9604182,4751080,577062640
2026-07-22,600868.SH,600868,梅雁吉祥,上交所主板,189289573,14453036,9238423,5214613,1669720,190959293
2026-07-22,600869.SH,600869,远东股份,上交所主板,1385350536,141888268,179056762,-37168494,3396175,1388746711
2026-07-22,600871.SH,600871,石化油服,上交所主板,466340574,63215983,53062655,10153328,1222200,467562774
2026-07-22,600872.SH,600872,中炬高新,上交所主板,571439408,37236496,24782947,12453549,2497147,573936555
2026-07-22,600873.SH,600873,XD梅花生,上交所主板,458002173,15781571,23431974,-7650403,15495840,473498013
2026-07-22,600874.SH,600874,创业环保,上交所主板,247857616,6236203,2620115,3616088,260919,248118535
2026-07-22,600875.SH,600875,东方电气,上交所主板,1855796129,97401711,100466191,-3064480,13953532,1869749661
2026-07-22,600876.SH,600876,凯盛新能,上交所主板,60666401,4004010,2693700,1310310,220810,60887211
2026-07-22,600877.SH,600877,电科芯片,上交所主板,563952526,13045910,14462141,-1416231,3594833,567547359
2026-07-22,600879.SH,600879,航天电子,上交所主板,2198381335,102632163,108141156,-5508993,15809817,2214191152
2026-07-22,600880.SH,600880,博瑞传播,上交所主板,306600042,7139055,5187574,1951481,406923,307006965
2026-07-22,600881.SH,600881,亚泰集团,上交所主板,169439551,16330414,11039369,5291045,11760,169451311
2026-07-22,600882.SH,600882,妙可蓝多,上交所主板,157117266,7956419,9511389,-1554970,1864917,158982183
2026-07-22,600884.SH,600884,杉杉股份,上交所主板,1438463913,61093759,69198363,-8104604,13017417,1451481330
2026-07-22,600885.SH,600885,宏发股份,上交所主板,520908425,47887826,46907707,980119,5701429,526609854
2026-07-22,600886.SH,600886,国投电力,上交所主板,597208411,40176540,43228483,-3051943,8580240,605788651
2026-07-22,600887.SH,600887,伊利股份,上交所主板,2375232150,84108739,149924715,-65815976,84595986,2459828136
2026-07-22,600888.SH,600888,新疆众和,上交所主板,1147112340,57245265,104782133,-47536868,1856844,1148969184
2026-07-22,600893.SH,600893,航发动力,上交所主板,2448944415,96956800,101618182,-4661382,5345792,2454290207
2026-07-22,600894.SH,600894,广日股份,上交所主板,124614000,3146894,2488234,658660,872424,125486424
2026-07-22,600895.SH,600895,张江高科,上交所主板,2516648687,72108452,96276925,-24168473,15681342,2532330029
2026-07-22,600897.SH,600897,厦门空港,上交所主板,112430392,2650036,2532880,117156,283536,112713928
2026-07-22,600900.SH,600900,长江电力,上交所主板,11609664544,307566187,293998090,13568097,85447511,11695112055
2026-07-22,600901.SH,600901,江苏金租,上交所主板,161887896,15186878,18867907,-3681029,12153823,174041719
2026-07-22,600903.SH,600903,贵州燃气,上交所主板,205161241,11143303,10745371,397932,368186,205529427
2026-07-22,600905.SH,600905,XD三峡能,上交所主板,1122686854,55218528,53411538,1806990,7773933,1130460787
2026-07-22,600906.SH,600906,财达证券,上交所主板,853949238,25293468,25711460,-417992,6118690,860067928
2026-07-22,600908.SH,600908,无锡银行,上交所主板,674970404,12928240,10485849,2442391,3409175,678379579
2026-07-22,600909.SH,600909,华安证券,上交所主板,1869264218,352820362,253938018,98882344,4682118,1873946336
2026-07-22,600916.SH,600916,中国黄金,上交所主板,298789909,18413047,24260273,-5847226,3574176,302364085
2026-07-22,600917.SH,600917,重庆燃气,上交所主板,123143995,2177721,3476466,-1298745,80160,123224155
2026-07-22,600918.SH,600918,中泰证券,上交所主板,1422479420,24057671,26221215,-2163544,2354218,1424833638
2026-07-22,600919.SH,600919,江苏银行,上交所主板,4208936058,54751571,64535067,-9783496,12084000,4221020058
2026-07-22,600926.SH,600926,杭州银行,上交所主板,2530773127,82119955,72446571,9673384,5250575,2536023702
2026-07-22,600927.SH,600927,永安期货,上交所主板,16232316,7022466,5844626,1177840,3822,16236138
2026-07-22,600928.SH,600928,西安银行,上交所主板,178245815,8952429,8472134,480295,776247,179022062
2026-07-22,600929.SH,600929,雪天盐业,上交所主板,290444378,18315668,14660386,3655282,1399783,291844161
2026-07-22,600930.SH,600930,华电新能,上交所主板,878593362,45109119,39576061,5533058,1289574,879882936
2026-07-22,600933.SH,600933,爱柯迪,上交所主板,423814672,9887862,25745730,-15857868,2915880,426730552
2026-07-22,600936.SH,600936,北投科技,上交所主板,219135906,49084033,73237528,-24153495,495320,219631226
2026-07-22,600938.SH,600938,中国海油,上交所主板,2249721661,253735855,244045965,9689890,14309902,2264031563
2026-07-22,600941.SH,600941,中国移动,上交所主板,1703955040,134360710,119916256,14444454,97030594,1800985634
2026-07-22,600956.SH,600956,新天绿能,上交所主板,118006040,4052224,5873127,-1820903,677040,118683080
2026-07-22,600958.SH,600958,东方证券,上交所主板,2741193730,87047215,50541502,36505713,4766848,2745960578
2026-07-22,600959.SH,600959,江苏有线,上交所主板,616244061,18967989,14160513,4807476,1414870,617658931
2026-07-22,600961.SH,600961,株冶集团,上交所主板,902956149,153592994,221039020,-67446026,3991600,906947749
2026-07-22,600963.SH,600963,岳阳林纸,上交所主板,242848634,8466596,12868007,-4401411,1654423,244503057
2026-07-22,600966.SH,600966,博汇纸业,上交所主板,155854138,2976562,6578946,-3602384,427332,156281470
2026-07-22,600967.SH,600967,内蒙一机,上交所主板,518545697,4227151,10111319,-5884168,4566254,523111951
2026-07-22,600968.SH,600968,海油发展,上交所主板,256066141,12050289,11547592,502697,2858382,258924523
2026-07-22,600970.SH,600970,中材国际,上交所主板,564674071,10018787,10655702,-636915,4829184,569503255
2026-07-22,600971.SH,600971,恒源煤电,上交所主板,112988957,7541750,8136290,-594540,1653504,114642461
2026-07-22,600973.SH,600973,宝胜股份,上交所主板,411366288,8611390,8146974,464416,206800,411573088
2026-07-22,600975.SH,600975,新五丰,上交所主板,138423932,2391054,4859089,-2468035,889692,139313624
2026-07-22,600976.SH,600976,健民集团,上交所主板,179519194,9289744,17506552,-8216808,0,179519194
2026-07-22,600977.SH,600977,中国电影,上交所主板,525341846,35903453,32954476,2948977,5835533,531177379
2026-07-22,600979.SH,600979,广安爱众,上交所主板,233402502,20344790,13018784,7326006,267300,233669802
2026-07-22,600985.SH,600985,淮北矿业,上交所主板,357377168,27891278,34811732,-6920454,8353599,365730767
2026-07-22,600986.SH,600986,浙文互联,上交所主板,1086418987,28714973,31068714,-2353741,3632230,1090051217
2026-07-22,600987.SH,600987,航民股份,上交所主板,136833493,5899793,2738008,3161785,21285,136854778
2026-07-22,600988.SH,600988,赤峰黄金,上交所主板,1167952068,372731563,275033840,97697723,46192692,1214144760
2026-07-22,600989.SH,600989,宝丰能源,上交所主板,3657105829,217069108,277127127,-60058019,10247040,3667352869
2026-07-22,600990.SH,600990,四创电子,上交所主板,236557527,4051944,3860117,191827,272580,236830107
2026-07-22,600993.SH,600993,马应龙,上交所主板,275580979,30098365,18581255,11517110,2405675,277986654
2026-07-22,600995.SH,600995,南网储能,上交所主板,371167598,20591977,26006604,-5414627,6591609,377759207
2026-07-22,600996.SH,600996,贵广网络,上交所主板,376288220,4242390,6605952,-2363562,2352200,378640420
2026-07-22,600997.SH,600997,开滦股份,上交所主板,209015594,2882230,3727114,-844884,2020780,211036374
2026-07-22,600998.SH,600998,九州通,上交所主板,541122635,15633258,12915333,2717925,8058809,549181444
2026-07-22,600999.SH,600999,招商证券,上交所主板,3383640203,181374304,162352054,19022250,5886855,3389527058
2026-07-22,601000.SH,601000,唐山港,上交所主板,78945032,9288705,6027473,3261232,8608128,87553160
2026-07-22,601001.SH,601001,XD晋控煤,上交所主板,180302283,51516167,26706400,24809767,8689032,188991315
2026-07-22,601002.SH,601002,晋亿实业,上交所主板,192911594,7222968,4617573,2605395,1637328,194548922
2026-07-22,601003.SH,601003,柳钢股份,上交所主板,77652808,2195245,3346992,-1151747,1364057,79016865
2026-07-22,601005.SH,601005,重庆钢铁,上交所主板,179077378,4506069,5751303,-1245234,14994,179092372
2026-07-22,601006.SH,601006,大秦铁路,上交所主板,1915524380,55138930,42125831,13013099,33906117,1949430497
2026-07-22,601008.SH,601008,连云港,上交所主板,101000201,1391155,4317973,-2926818,236930,101237131
2026-07-22,601009.SH,601009,南京银行,上交所主板,608509792,45628818,43070135,2558683,24992986,633502778
2026-07-22,601011.SH,601011,宝泰隆,上交所主板,161624046,2883307,4818193,-1934886,551196,162175242
2026-07-22,601012.SH,601012,隆基绿能,上交所主板,4853124736,160586969,226150667,-65563698,14109271,4867234007
2026-07-22,601015.SH,601015,陕西黑猫,上交所主板,138372204,11745535,6545977,5199558,775699,139147903
2026-07-22,601016.SH,601016,节能风电,上交所主板,596457031,52828095,51534648,1293447,10007172,606464203
2026-07-22,601018.SH,601018,宁波港,上交所主板,299582626,18586387,21194064,-2607677,656766,300239392
2026-07-22,601019.SH,601019,山东出版,上交所主板,78442127,5688491,9193960,-3505469,2951058,81393185
2026-07-22,601020.SH,601020,华钰矿业,上交所主板,1645498281,53509339,41264215,12245124,4886112,1650384393
2026-07-22,601021.SH,601021,春秋航空,上交所主板,448493802,19461771,19108782,352989,5328050,453821852
2026-07-22,601022.SH,601022,宁波远洋,上交所主板,132472216,2171659,4051675,-1880016,597600,133069816
2026-07-22,601026.SH,601026,道生天合,上交所主板,94871594,8068154,7627116,441038,325800,95197394
2026-07-22,601033.SH,601033,永兴股份,上交所主板,103502212,6146219,8192126,-2045907,1097761,104599973
2026-07-22,601038.SH,601038,一拖股份,上交所主板,108323183,10174281,20136000,-9961719,1050454,109373637
2026-07-22,601058.SH,601058,赛轮轮胎,上交所主板,763110007,30180124,22790060,7390064,4603856,767713863
2026-07-22,601059.SH,601059,信达证券,上交所主板,595090858,16314940,11746845,4568095,147295,595238153
2026-07-22,601061.SH,601061,中信金属,上交所主板,539581874,15342521,17910020,-2567499,1364220,540946094
2026-07-22,601065.SH,601065,江盐集团,上交所主板,171035480,7479116,4235760,3243356,0,171035480
2026-07-22,601066.SH,601066,中信建投,上交所主板,2249753360,149457658,133397871,16059787,2785992,2252539352
2026-07-22,601068.SH,601068,中铝国际,上交所主板,66792339,4322542,3684946,637596,684956,67477295
2026-07-22,601069.SH,601069,西部黄金,上交所主板,354536912,67864363,68168672,-304309,3493751,358030663
2026-07-22,601077.SH,601077,渝农商行,上交所主板,270672508,19908433,23854860,-3946427,13941360,284613868
2026-07-22,601083.SH,601083,锦江航运,上交所主板,128902766,3149170,4408789,-1259619,922795,129825561
2026-07-22,601088.SH,601088,中国神华,上交所主板,528427534,139831014,80955390,58875624,58375268,586802802
2026-07-22,601096.SH,601096,宏盛华源,上交所主板,231695371,4716122,6995764,-2279642,2009556,233704927
2026-07-22,601098.SH,601098,中南传媒,上交所主板,163510493,8401677,19017154,-10615477,12655533,176166026
2026-07-22,601099.SH,601099,太平洋,上交所主板,1918313066,34462114,28467853,5994261,19373710,1937686776
2026-07-22,601100.SH,601100,恒立液压,上交所主板,392889236,23801139,20372560,3428579,9411225,402300461
2026-07-22,601101.SH,601101,昊华能源,上交所主板,115037197,28360222,48895403,-20535181,1800090,116837287
2026-07-22,601106.SH,601106,中国一重,上交所主板,421456292,8625956,11510023,-2884067,3671136,425127428
2026-07-22,601107.SH,601107,四川成渝,上交所主板,28505708,3612697,5399545,-1786848,2090685,30596393
2026-07-22,601108.SH,601108,财通证券,上交所主板,1941990132,44807336,42072124,2735212,4464595,1946454727
2026-07-22,601111.SH,601111,中国国航,上交所主板,908005839,36569379,52411935,-15842556,4420416,912426255
2026-07-22,601112.SH,601112,振石股份,上交所主板,161479030,3143182,3515471,-372289,962654,162441684
2026-07-22,601116.SH,601116,三江购物,上交所主板,151435329,6086669,9634790,-3548121,179904,151615233
2026-07-22,601117.SH,601117,中国化学,上交所主板,2307556817,80116597,79157656,958941,9895785,2317452602
2026-07-22,601118.SH,601118,海南橡胶,上交所主板,706734567,15150139,12397436,2752703,5726868,712461435
2026-07-22,601126.SH,601126,四方股份,上交所主板,2066142660,72793831,96192143,-23398312,3175018,2069317678
2026-07-22,601127.SH,601127,赛力斯,上交所主板,3884657693,76738483,89429465,-12690982,7988346,3892646039
2026-07-22,601128.SH,601128,常熟银行,上交所主板,436859306,15665894,15466634,199260,11172233,448031539
2026-07-22,601133.SH,601133,柏诚股份,上交所主板,234579316,34596363,42507046,-7910683,586500,235165816
2026-07-22,601136.SH,601136,首创证券,上交所主板,696908487,15324517,14224294,1100223,207028,697115515
2026-07-22,601137.SH,601137,博威合金,上交所主板,1046656327,20758972,25997579,-5238607,4705600,1051361927
2026-07-22,601138.SH,601138,工业富联,上交所主板,8413477110,979073074,946654330,32418744,39415360,8452892470
2026-07-22,601139.SH,601139,深圳燃气,上交所主板,179974022,6924870,14753295,-7828425,2697969,182671991
2026-07-22,601155.SH,601155,新城控股,上交所主板,669550112,16338135,25619716,-9281581,2963730,672513842
2026-07-22,601156.SH,601156,东航物流,上交所主板,1033310488,23928870,11083509,12845361,1009968,1034320456
2026-07-22,601158.SH,601158,重庆水务,上交所主板,124957707,3738871,4906776,-1167905,153912,125111619
2026-07-22,601162.SH,601162,天风证券,上交所主板,1728208729,87995725,77019108,10976617,17100930,1745309659
2026-07-22,601163.SH,601163,三角轮胎,上交所主板,206013390,9039759,6515666,2524093,1200132,207213522
2026-07-22,601166.SH,601166,兴业银行,上交所主板,9331316576,112711900,172697080,-59985180,38176182,9369492758
2026-07-22,601168.SH,601168,西部矿业,上交所主板,1891649557,543539308,608629351,-65090043,18239050,1909888607
2026-07-22,601169.SH,601169,北京银行,上交所主板,2419403980,68765568,76702871,-7937303,26200552,2445604532
2026-07-22,601177.SH,601177,杭齿前进,上交所主板,236378931,3906755,5622124,-1715369,215100,236594031
2026-07-22,601179.SH,601179,中国西电,上交所主板,1494803326,122335418,113114420,9220998,17806203,1512609529
2026-07-22,601186.SH,601186,中国铁建,上交所主板,2603946196,40456231,56932965,-16476734,5634737,2609580933
2026-07-22,601187.SH,601187,厦门银行,上交所主板,18002305,7851064,13172508,-5321444,1049349,19051654
2026-07-22,601198.SH,601198,东兴证券,上交所主板,1238488537,24145653,27736030,-3590377,1532069,1240020606
2026-07-22,601199.SH,601199,江南水务,上交所主板,166637873,12364974,12520422,-155448,302778,166940651
2026-07-22,601200.SH,601200,上海环境,上交所主板,280958193,6845289,6988902,-143613,1788096,282746289
2026-07-22,601208.SH,601208,东材科技,上交所主板,2513118621,208483019,218557254,-10074235,6200222,2519318843
2026-07-22,601211.SH,601211,国泰海通,上交所主板,7840637809,226700267,169621551,57078716,27377126,7868014935
2026-07-22,601212.SH,601212,白银有色,上交所主板,338243855,43872802,38553217,5319585,7468800,345712655
2026-07-22,601216.SH,601216,君正集团,上交所主板,902521948,20496911,17222050,3274861,13104475,915626423
2026-07-22,601218.SH,601218,吉鑫科技,上交所主板,199459518,6310021,6638333,-328312,275121,199734639
2026-07-22,601222.SH,601222,林洋能源,上交所主板,617202606,15391501,16626845,-1235344,4604050,621806656
2026-07-22,601225.SH,601225,陕西煤业,上交所主板,585063038,82278046,66798525,15479521,23588053,608651091
2026-07-22,601226.SH,601226,华电科工,上交所主板,169734493,4158456,11359979,-7201523,194532,169929025
2026-07-22,601228.SH,601228,广州港,上交所主板,269162627,6122243,5736039,386204,1394460,270557087
2026-07-22,601229.SH,601229,上海银行,上交所主板,1143452684,40080015,31168315,8911700,24255533,1167708217
2026-07-22,601231.SH,601231,环旭电子,上交所主板,1051642947,72154192,61636307,10517885,4619466,1056262413
2026-07-22,601233.SH,601233,桐昆股份,上交所主板,931172499,79715231,119101938,-39386707,2245888,933418387
2026-07-22,601236.SH,601236,红塔证券,上交所主板,492404851,10754885,11876823,-1121938,2996928,495401779
2026-07-22,601238.SH,601238,广汽集团,上交所主板,1905878757,5669034,5648636,20398,1866240,1907744997
2026-07-22,601288.SH,601288,农业银行,上交所主板,893777102,186425152,168531687,17893465,36344436,930121538
2026-07-22,601298.SH,601298,青岛港,上交所主板,58702389,6976406,7161480,-185074,5825396,64527785
2026-07-22,601311.SH,601311,骆驼股份,上交所主板,508540214,15601419,6253063,9348356,3179604,511719818
2026-07-22,601318.SH,601318,中国平安,上交所主板,36467577538,408943651,515339561,-106395910,130915070,36598492608
2026-07-22,601319.SH,601319,中国人保,上交所主板,1442004284,49726955,75033674,-25306719,1593050,1443597334
2026-07-22,601326.SH,601326,XD秦港股,上交所主板,116291000,8748734,9783126,-1034392,282230,116573230
2026-07-22,601328.SH,601328,交通银行,上交所主板,1093734211,56594102,54998742,1595360,67691749,1161425960
2026-07-22,601333.SH,601333,广深铁路,上交所主板,368941552,30495470,21175675,9319795,3372421,372313973
2026-07-22,601336.SH,601336,新华保险,上交所主板,4921946271,268569704,280862686,-12292982,13359985,4935306256
2026-07-22,601339.SH,601339,百隆东方,上交所主板,63255447,9929044,9891024,38020,633450,63888897
2026-07-22,601360.SH,601360,三六零,上交所主板,1885469772,153493698,132390556,21103142,3161502,1888631274
2026-07-22,601369.SH,601369,陕鼓动力,上交所主板,270999868,21769150,22502345,-733195,3351470,274351338
2026-07-22,601375.SH,601375,中原证券,上交所主板,997883913,27425371,15260551,12164820,2546838,1000430751
2026-07-22,601377.SH,601377,兴业证券,上交所主板,2255242694,98294657,69215378,29079279,5487576,2260730270
2026-07-22,601388.SH,601388,怡球资源,上交所主板,189420529,8812658,15120147,-6307489,315300,189735829
2026-07-22,601390.SH,601390,中国中铁,上交所主板,2993351100,66855181,74993097,-8137916,6798332,3000149432
2026-07-22,601398.SH,601398,工商银行,上交所主板,2202181982,232811784,317496902,-84685118,29287360,2231469342
2026-07-22,601399.SH,601399,国机重装,上交所主板,514791103,6579295,12065197,-5485902,5879456,520670559
2026-07-22,601456.SH,601456,国联民生,上交所主板,986107873,14049117,16966840,-2917723,2774179,988882052
2026-07-22,601500.SH,601500,通用股份,上交所主板,340750539,4673330,7619757,-2946427,422874,341173413
2026-07-22,601515.SH,601515,衢州东峰,上交所主板,351909400,4641843,2346945,2294898,1082928,352992328
2026-07-22,601519.SH,601519,大智慧,上交所主板,752761942,18529935,17942963,586972,2748730,755510672
2026-07-22,601555.SH,601555,东吴证券,上交所主板,2674383672,43207728,43709191,-501463,9057108,2683440780
2026-07-22,601566.SH,601566,九牧王,上交所主板,83614213,3511251,5699958,-2188707,39591,83653804
2026-07-22,601567.SH,601567,三星电气,上交所主板,371966010,17101330,22996290,-5894960,3192678,375158688
2026-07-22,601568.SH,601568,北元化工,上交所主板,232333606,6166361,8429450,-2263089,1916342,234249948
2026-07-22,601577.SH,601577,长沙银行,上交所主板,971150792,9838510,13207105,-3368595,3140375,974291167
2026-07-22,601579.SH,601579,会稽山,上交所主板,470631605,8107634,11398358,-3290724,148200,470779805
2026-07-22,601588.SH,601588,北辰实业,上交所主板,123085540,1926534,1857900,68634,91040,123176580
2026-07-22,601598.SH,601598,中国外运,上交所主板,134281968,7145947,7002032,143915,5157914,139439882
2026-07-22,601600.SH,601600,中国铝业,上交所主板,4165393300,273990167,268384279,5605888,9147100,4174540400
2026-07-22,601601.SH,601601,中国太保,上交所主板,2946728768,187555973,226973541,-39417568,13522475,2960251243
2026-07-22,601606.SH,601606,长城军工,上交所主板,308216831,21899856,24756759,-2856903,4047672,312264503
2026-07-22,601607.SH,601607,上海医药,上交所主板,776119894,15787446,26069730,-10282284,3311676,779431570
2026-07-22,601608.SH,601608,中信重工,上交所主板,670311070,23198180,33301166,-10102986,2922480,673233550
2026-07-22,601609.SH,601609,金田股份,上交所主板,236195643,15355013,14842016,512997,1001442,237197085
2026-07-22,601611.SH,601611,中国核建,上交所主板,789496069,22120497,28978883,-6858386,9627939,799124008
2026-07-22,601615.SH,601615,明阳智能,上交所主板,1385518947,67740282,63907657,3832625,11696488,1397215435
2026-07-22,601618.SH,601618,中国中冶,上交所主板,1234062298,23478409,31393633,-7915224,3209300,1237271598
2026-07-22,601619.SH,601619,嘉泽新能,上交所主板,310068506,8695578,20086181,-11390603,1823832,311892338
2026-07-22,601628.SH,601628,中国人寿,上交所主板,1356360601,161301679,153935779,7365900,19085500,1375446101
2026-07-22,601633.SH,601633,长城汽车,上交所主板,514399959,12938807,15667058,-2728251,5889814,520289773
2026-07-22,601636.SH,601636,旗滨集团,上交所主板,552602465,48108635,69091727,-20983092,5023200,557625665
2026-07-22,601658.SH,601658,邮储银行,上交所主板,665603738,49636403,53969852,-4333449,25136090,690739828
2026-07-22,601665.SH,601665,齐鲁银行,上交所主板,1278538510,34163598,45146591,-10982993,11074375,1289612885
2026-07-22,601666.SH,601666,平煤股份,上交所主板,165091287,16469101,22105903,-5636802,4296576,169387863
2026-07-22,601668.SH,601668,中国建筑,上交所主板,5089895777,96592456,120080498,-23488042,35575240,5125471017
2026-07-22,601669.SH,601669,中国电建,上交所主板,3475463438,63023172,60995400,2027772,12076028,3487539466
2026-07-22,601677.SH,601677,明泰铝业,上交所主板,1039309667,43431212,76666998,-33235786,974400,1040284067
2026-07-22,601678.SH,601678,滨化股份,上交所主板,729364362,90975876,66774560,24201316,6042861,735407223
2026-07-22,601688.SH,601688,华泰证券,上交所主板,6816874612,179920082,118495626,61424456,11942459,6828817071
2026-07-22,601689.SH,601689,拓普集团,上交所主板,2911339452,118900925,145719158,-26818233,12951533,2924290985
2026-07-22,601696.SH,601696,中银证券,上交所主板,1719773158,70608018,76807719,-6199701,5888610,1725661768
2026-07-22,601698.SH,601698,中国卫通,上交所主板,1543158315,55521873,53667273,1854600,2687064,1545845379
2026-07-22,601699.SH,601699,潞安环能,上交所主板,513156574,56268710,37100872,19167838,4181586,517338160
2026-07-22,601700.SH,601700,风范股份,上交所主板,124232463,5396597,3961881,1434716,400950,124633413
2026-07-22,601702.SH,601702,华峰铝业,上交所主板,241380362,10554613,9607002,947611,2144016,243524378
2026-07-22,601717.SH,601717,中创智领,上交所主板,1433364844,44402035,63996029,-19593994,9665954,1443030798
2026-07-22,601727.SH,601727,上海电气,上交所主板,2460232470,22336333,29190796,-6854463,5793697,2466026167
2026-07-22,601728.SH,601728,中国电信,上交所主板,1051628631,66939182,67076192,-137010,16137814,1067766445
2026-07-22,601766.SH,601766,中国中车,上交所主板,3131663104,105142233,91410817,13731416,17753162,3149416266
2026-07-22,601777.SH,601777,千里科技,上交所主板,1028330819,11709528,11003801,705727,1249900,1029580719
2026-07-22,601778.SH,601778,晶科科技,上交所主板,679846817,35185450,36556067,-1370617,3416664,683263481
2026-07-22,601788.SH,601788,光大证券,上交所主板,3219288269,35554513,51859247,-16304734,8390606,3227678875
2026-07-22,601789.SH,601789,宁波建工,上交所主板,314412877,8365265,12634610,-4269345,609000,315021877
2026-07-22,601799.SH,601799,星宇股份,上交所主板,432711198,12595845,26345593,-13749748,2913897,435625095
2026-07-22,601800.SH,601800,中国交建,上交所主板,1324392338,31415912,42203082,-10787170,2016508,1326408846
2026-07-22,601801.SH,601801,皖新传媒,上交所主板,144933730,6855098,4786878,2068220,1147206,146080936
2026-07-22,601808.SH,601808,中海油服,上交所主板,458024297,22617225,34531805,-11914580,3165566,461189863
2026-07-22,601816.SH,601816,京沪高铁,上交所主板,890855086,66188267,88157712,-21969445,20933784,911788870
2026-07-22,601818.SH,601818,光大银行,上交所主板,1519367792,128632742,140481491,-11848749,19810665,1539178457
2026-07-22,601825.SH,601825,沪农商行,上交所主板,119566449,12848943,7101838,5747105,32957717,152524166
2026-07-22,601828.SH,601828,美凯龙,上交所主板,181710463,3542699,4239214,-696515,63600,181774063
2026-07-22,601838.SH,601838,成都银行,上交所主板,864216958,28974365,35430865,-6456500,23024064,887241022
2026-07-22,601857.SH,601857,中国石油,上交所主板,1538101554,139651298,153246307,-13595009,26565084,1564666638
2026-07-22,601858.SH,601858,中国科传,上交所主板,272505851,6829735,11396290,-4566555,1473033,273978884
2026-07-22,601860.SH,601860,紫金银行,上交所主板,439290206,15485807,11967059,3518748,2937256,442227462
2026-07-22,601865.SH,601865,福莱特,上交所主板,337945210,11713678,14158880,-2445202,1116180,339061390
2026-07-22,601866.SH,601866,中远海发,上交所主板,548631752,19770584,35198947,-15428363,1767292,550399044
2026-07-22,601868.SH,601868,中国能建,上交所主板,1548682008,130707606,139968346,-9260740,7439688,1556121696
2026-07-22,601869.SH,601869,长飞光纤,上交所主板,2875340798,591270113,642600595,-51330482,35693169,2911033967
2026-07-22,601872.SH,601872,招商轮船,上交所主板,2305285589,353054009,236666394,116387615,7372528,2312658117
2026-07-22,601877.SH,601877,正泰电器,上交所主板,1062549584,35536583,42150928,-6614345,2123712,1064673296
2026-07-22,601878.SH,601878,浙商证券,上交所主板,2429952450,35196287,28554966,6641321,3158526,2433110976
2026-07-22,601880.SH,601880,辽港股份,上交所主板,244245338,13956058,14695892,-739834,3427485,247672823
2026-07-22,601881.SH,601881,中国银河,上交所主板,3066978598,56871956,51480840,5391116,4464100,3071442698
2026-07-22,601882.SH,601882,海天精工,上交所主板,100522176,12884162,8095617,4788545,1205308,101727484
2026-07-22,601886.SH,601886,江河集团,上交所主板,76036664,5344171,3084057,2260114,592956,76629620
2026-07-22,601888.SH,601888,中国中免,上交所主板,3702181649,299887054,291599904,8287150,11134875,3713316524
2026-07-22,601890.SH,601890,亚星锚链,上交所主板,317815536,7538836,5751169,1787667,3497307,321312843
2026-07-22,601898.SH,601898,中煤能源,上交所主板,423791664,91697181,68253780,23443401,5626471,429418135
2026-07-22,601899.SH,601899,紫金矿业,上交所主板,10764311639,995577485,1339501774,-343924289,94573815,10858885454
2026-07-22,601900.SH,601900,XD南方传,上交所主板,164031122,8616106,23959216,-15343110,946890,164978012
2026-07-22,601901.SH,601901,方正证券,上交所主板,3249447683,61527878,46596564,14931314,900420,3250348103
2026-07-22,601908.SH,601908,京运通,上交所主板,200759838,4543595,3645053,898542,2395305,203155143
2026-07-22,601916.SH,601916,浙商银行,上交所主板,601770719,68255089,69637077,-1381988,4671435,606442154
2026-07-22,601918.SH,601918,新集能源,上交所主板,416274342,82167927,40612688,41555239,6863546,423137888
2026-07-22,601919.SH,601919,中远海控,上交所主板,4291926962,136350925,245573588,-109222663,61245690,4353172652
2026-07-22,601928.SH,601928,凤凰传媒,上交所主板,152613092,6410023,9227680,-2817657,44376000,196989092
2026-07-22,601929.SH,601929,吉视传媒,上交所主板,206214717,8266226,7401223,865003,0,206214717
2026-07-22,601933.SH,601933,永辉超市,上交所主板,915818611,12499726,21727018,-9227292,1458480,917277091
2026-07-22,601939.SH,601939,建设银行,上交所主板,808572951,69644666,119937467,-50292801,8561294,817134245
2026-07-22,601949.SH,601949,中国出版,上交所主板,166101848,5252845,5461576,-208731,556768,166658616
2026-07-22,601952.SH,601952,苏垦农发,上交所主板,190419665,7510716,6498523,1012193,2691654,193111319
2026-07-22,601958.SH,601958,金钼股份,上交所主板,1158126846,155077163,152185022,2892141,6739906,1164866752
2026-07-22,601963.SH,601963,重庆银行,上交所主板,26076608,13213947,17914129,-4700182,353616,26430224
2026-07-22,601965.SH,601965,中国汽研,上交所主板,214006348,8205769,6923195,1282574,2385152,216391500
2026-07-22,601966.SH,601966,玲珑轮胎,上交所主板,520112814,11350312,13859205,-2508893,2928180,523040994
2026-07-22,601969.SH,601969,海南矿业,上交所主板,373474989,19727283,23436110,-3708827,1117950,374592939
2026-07-22,601975.SH,601975,招商南油,上交所主板,1111168599,144018790,129621242,14397548,1677230,1112845829
2026-07-22,601985.SH,601985,中国核电,上交所主板,1639241501,110696535,94514200,16182335,9325774,1648567275
2026-07-22,601988.SH,601988,中国银行,上交所主板,1017856499,192967377,188108003,4859374,18468054,1036324553
2026-07-22,601990.SH,601990,南京证券,上交所主板,830963858,16046919,16211470,-164551,5216494,836180352
2026-07-22,601991.SH,601991,大唐发电,上交所主板,851590615,346044673,244353042,101691631,14477892,866068507
2026-07-22,601992.SH,601992,XD金隅集,上交所主板,246539859,1819573,10622991,-8803418,1051146,247591005
2026-07-22,601995.SH,601995,中金公司,上交所主板,2616175638,132265918,150510194,-18244276,7704125,2623879763
2026-07-22,601996.SH,601996,丰林集团,上交所主板,174867543,13603887,7031916,6571971,262683,175130226
2026-07-22,601997.SH,601997,贵阳银行,上交所主板,1387295128,24445520,60976427,-36530907,5440414,1392735542
2026-07-22,601998.SH,601998,中信银行,上交所主板,260737008,35184177,46166476,-10982299,2785605,263522613
2026-07-22,601999.SH,601999,出版传媒,上交所主板,172708271,2573772,5157342,-2583570,149276,172857547
2026-07-22,603000.SH,603000,人民网,上交所主板,463650285,17211610,19993739,-2782129,7987096,471637381
2026-07-22,603004.SH,603004,鼎龙科技,上交所主板,109581887,3704020,6412933,-2708913,214272,109796159
2026-07-22,603005.SH,603005,晶方科技,上交所主板,1476622045,168495108,200886710,-32391602,9639840,1486261885
2026-07-22,603009.SH,603009,北特科技,上交所主板,564070857,23162879,29002876,-5839997,3535522,567606379
2026-07-22,603010.SH,603010,万盛股份,上交所主板,284685801,19222972,7195063,12027909,182340,284868141
2026-07-22,603011.SH,603011,合锻智能,上交所主板,301136174,61829994,42429407,19400587,35280,301171454
2026-07-22,603012.SH,603012,创力集团,上交所主板,391169542,12284938,6926739,5358199,454545,391624087
2026-07-22,603014.SH,603014,威高血净,上交所主板,110007760,3086803,3594391,-507588,497168,110504928
2026-07-22,603015.SH,603015,弘讯科技,上交所主板,122282560,2015199,3392711,-1377512,213600,122496160
2026-07-22,603018.SH,603018,华设集团,上交所主板,231210709,3249271,4551253,-1301982,425524,231636233
2026-07-22,603019.SH,603019,中科曙光,上交所主板,9107293327,1359806604,1420778235,-60971631,30124035,9137417362
2026-07-22,603025.SH,603025,大豪科技,上交所主板,210373853,6658365,5260957,1397408,790302,211164155
2026-07-22,603026.SH,603026,石大胜华,上交所主板,690023421,45422566,48823977,-3401411,2558528,692581949
2026-07-22,603027.SH,603027,千禾味业,上交所主板,271295953,9975568,6281992,3693576,1030158,272326111
2026-07-22,603032.SH,603032,德新科技,上交所主板,189822451,7763158,11122482,-3359324,131219,189953670
2026-07-22,603033.SH,603033,三维股份,上交所主板,215123030,4133545,5328200,-1194655,1405756,216528786
2026-07-22,603035.SH,603035,常熟汽饰,上交所主板,324098537,6717470,7994570,-1277100,211338,324309875
2026-07-22,603039.SH,603039,泛微网络,上交所主板,375920734,13204848,20443394,-7238546,1169977,377090711
2026-07-22,603042.SH,603042,华脉科技,上交所主板,167458540,8335097,12573258,-4238161,69165,167527705
2026-07-22,603043.SH,603043,广州酒家,上交所主板,111214018,5282324,3354638,1927686,1029072,112243090
2026-07-22,603045.SH,603045,福达合金,上交所主板,614110996,28657381,31547376,-2889995,145376,614256372
2026-07-22,603049.SH,603049,中策橡胶,上交所主板,190458783,9573448,5845011,3728437,732640,191191423
2026-07-22,603050.SH,603050,科林电气,上交所主板,141571185,5555891,6020422,-464531,286793,141857978
2026-07-22,603051.SH,603051,鹿山新材,上交所主板,165074069,8512874,10436977,-1924103,34176,165108245
2026-07-22,603055.SH,603055,台华新材,上交所主板,105150548,5589931,4864025,725906,757884,105908432
2026-07-22,603062.SH,603062,麦加芯彩,上交所主板,122351358,1654814,2030637,-375823,179214,122530572
2026-07-22,603063.SH,603063,禾望电气,上交所主板,2196896381,56156437,86256138,-30099701,2279076,2199175457
2026-07-22,603067.SH,603067,振华股份,上交所主板,760562983,47823939,61211502,-13387563,262280,760825263
2026-07-22,603069.SH,603069,海汽集团,上交所主板,152536423,2111625,2906462,-794837,144595,152681018
2026-07-22,603070.SH,603070,万控智造,上交所主板,125475497,2198090,3359695,-1161605,223776,125699273
2026-07-22,603072.SH,603072,天和磁材,上交所主板,182859882,5115123,4888475,226648,1079154,183939036
2026-07-22,603075.SH,603075,热威股份,上交所主板,38385565,6951818,10930675,-3978857,86856,38472421
2026-07-22,603076.SH,603076,乐惠国际,上交所主板,100005728,4211821,4824928,-613107,217680,100223408
2026-07-22,603077.SH,603077,和邦生物,上交所主板,614600885,34391289,40575241,-6183952,4653684,619254569
2026-07-22,603078.SH,603078,江化微,上交所主板,386940586,59643027,76701529,-17058502,324480,387265066
2026-07-22,603082.SH,603082,北自科技,上交所主板,90367148,5682443,11536833,-5854390,0,90367148
2026-07-22,603083.SH,603083,剑桥科技,上交所主板,4079614191,754443691,390569423,363874268,13732332,4093346523
2026-07-22,603085.SH,603085,天成自控,上交所主板,218857263,3386552,5694875,-2308323,38270,218895533
2026-07-22,603087.SH,603087,甘李药业,上交所主板,1249434431,87986982,86486707,1500275,13011304,1262445735
2026-07-22,603088.SH,603088,宁波精达,上交所主板,142378970,3837219,4358826,-521607,251512,142630482
2026-07-22,603091.SH,603091,众鑫股份,上交所主板,174553583,1810980,11856308,-10045328,221544,174775127
2026-07-22,603092.SH,603092,德力佳,上交所主板,72301053,7076854,5093276,1983578,608102,72909155
2026-07-22,603098.SH,603098,森特股份,上交所主板,102195886,2342734,2108448,234286,10307,102206193
2026-07-22,603099.SH,603099,长白山,上交所主板,214335618,11532433,12482647,-950214,1430800,215766418
2026-07-22,603100.SH,603100,川仪股份,上交所主板,254866635,11726420,6421857,5304563,602667,255469302
2026-07-22,603103.SH,603103,横店影视,上交所主板,70965624,3894615,3955135,-60520,357680,71323304
2026-07-22,603105.SH,603105,芯能科技,上交所主板,139511760,3626215,3676810,-50595,238048,139749808
2026-07-22,603107.SH,603107,上海汽配,上交所主板,117438182,2538860,2079803,459057,214809,117652991
2026-07-22,603108.SH,603108,润达医疗,上交所主板,392967232,14007550,35876546,-21868996,1510951,394478183
2026-07-22,603113.SH,603113,金能科技,上交所主板,203856416,3330032,4492491,-1162459,443727,204300143
2026-07-22,603118.SH,603118,共进股份,上交所主板,589221992,213344172,200714643,12629529,3666586,592888578
2026-07-22,603119.SH,603119,浙江荣泰,上交所主板,601551315,28950803,29086658,-135855,1821800,603373115
2026-07-22,603120.SH,603120,肯特催化,上交所主板,119978628,19655316,33983730,-14328414,363209,120341837
2026-07-22,603123.SH,603123,翠微股份,上交所主板,145220693,28368082,30148620,-1780538,187682,145408375
2026-07-22,603124.SH,603124,江南新材,上交所主板,332416603,70788363,44015021,26773342,1737100,334153703
2026-07-22,603125.SH,603125,常青科技,上交所主板,154534392,5903547,9637805,-3734258,85890,154620282
2026-07-22,603126.SH,603126,中材节能,上交所主板,124270869,3203939,3212268,-8329,156989,124427858
2026-07-22,603127.SH,603127,昭衍新药,上交所主板,677094552,285852900,277377990,8474910,8482590,685577142
2026-07-22,603128.SH,603128,华贸物流,上交所主板,201897285,5177568,6735091,-1557523,1021840,202919125
2026-07-22,603129.SH,603129,春风动力,上交所主板,122810918,41687707,18022336,23665371,16716286,139527204
2026-07-22,603132.SH,603132,金徽股份,上交所主板,13741185,4321673,2425046,1896627,75225,13816410
2026-07-22,603135.SH,603135,中重科技,上交所主板,114066756,5138744,30221913,-25083169,240255,114307011
2026-07-22,603137.SH,603137,恒尚节能,上交所主板,128520681,74015954,58990795,15025159,0,128520681
2026-07-22,603138.SH,603138,海量数据,上交所主板,174875351,4217490,7998559,-3781069,215525,175090876
2026-07-22,603156.SH,603156,养元饮品,上交所主板,454643806,32615923,32914749,-298826,8097870,462741676
2026-07-22,603160.SH,603160,汇顶科技,上交所主板,1037417896,17439558,22879468,-5439910,8307008,1045724904
2026-07-22,603163.SH,603163,圣晖集成,上交所主板,39438665,10599423,21474616,-10875193,0,39438665
2026-07-22,603166.SH,603166,福达股份,上交所主板,250620911,4534417,5051473,-517056,456000,251076911
2026-07-22,603167.SH,603167,渤海轮渡,上交所主板,97817936,2593981,1529641,1064340,357429,98175365
2026-07-22,603169.SH,603169,兰石重装,上交所主板,293830494,4109062,3937408,171654,1604655,295435149
2026-07-22,603171.SH,603171,税友股份,上交所主板,128195578,8395745,16792658,-8396913,721116,128916694
2026-07-22,603172.SH,603172,万丰股份,上交所主板,23555644,3130935,2393302,737633,1450,23557094
2026-07-22,603175.SH,603175,超颖电子,上交所主板,346016710,8988921,10884358,-1895437,1405150,347421860
2026-07-22,603178.SH,603178,圣龙股份,上交所主板,76719557,13415376,8239381,5175995,254080,76973637
2026-07-22,603179.SH,603179,新泉股份,上交所主板,2903661257,59862254,50566963,9295291,5725434,2909386691
2026-07-22,603181.SH,603181,皇马科技,上交所主板,229665605,6017168,4712235,1304933,204510,229870115
2026-07-22,603185.SH,603185,弘元绿能,上交所主板,506866331,15882689,25843868,-9961179,221697,507088028
2026-07-22,603191.SH,603191,望变电气,上交所主板,281798089,6361788,10291883,-3930095,218022,282016111
2026-07-22,603193.SH,603193,润本股份,上交所主板,233803159,3767970,4616862,-848892,711750,234514909
2026-07-22,603194.SH,603194,中力股份,上交所主板,279354074,5253670,3428259,1825411,1202675,280556749
2026-07-22,603195.SH,603195,公牛集团,上交所主板,253918566,6914154,9557820,-2643666,58020,253976586
2026-07-22,603197.SH,603197,保隆科技,上交所主板,354427259,9634197,15210380,-5576183,572866,355000125
2026-07-22,603198.SH,603198,迎驾贡酒,上交所主板,149415850,24524232,21753090,2771142,1956960,151372810
2026-07-22,603202.SH,603202,天有为,上交所主板,180457794,7885313,6682253,1203060,1123343,181581137
2026-07-22,603205.SH,603205,健尔康,上交所主板,46519956,1963205,3427979,-1464774,200312,46720268
2026-07-22,603207.SH,603207,小方制药,上交所主板,71170374,2518200,2353725,164475,223917,71394291
2026-07-22,603210.SH,603210,泰鸿万立,上交所主板,89349586,3113777,4020638,-906861,154816,89504402
2026-07-22,603212.SH,603212,赛伍技术,上交所主板,239532456,8196728,7364662,832066,135042,239667498
2026-07-22,603218.SH,603218,日月股份,上交所主板,303626499,12632009,7347300,5284709,2362425,305988924
2026-07-22,603220.SH,603220,中贝通信,上交所主板,752735626,29989570,31405692,-1416122,1876735,754612361
2026-07-22,603222.SH,603222,济民健康,上交所主板,107572886,13502632,13715857,-213225,77964,107650850
2026-07-22,603223.SH,603223,恒通股份,上交所主板,125465241,11938655,12167889,-229234,281398,125746639
2026-07-22,603225.SH,603225,新凤鸣,上交所主板,384747950,14569555,12757230,1812325,5470563,390218513
2026-07-22,603227.SH,603227,雪峰科技,上交所主板,253968203,8771861,8529777,242084,1637064,255605267
2026-07-22,603228.SH,603228,景旺电子,上交所主板,2187931151,439561076,380426781,59134295,6647847,2194578998
2026-07-22,603229.SH,603229,奥翔药业,上交所主板,324478369,5722938,6223002,-500064,301852,324780221
2026-07-22,603231.SH,603231,索宝蛋白,上交所主板,125621316,1600583,1436493,164090,215436,125836752
2026-07-22,603233.SH,603233,大参林,上交所主板,218925496,7243525,5793235,1450290,5860624,224786120
2026-07-22,603236.SH,603236,移远通信,上交所主板,1463330317,87628212,81915394,5712818,6812957,1470143274
2026-07-22,603248.SH,603248,锡华科技,上交所主板,97568323,2954439,4576577,-1622138,256549,97824872
2026-07-22,603257.SH,603257,中国瑞林,上交所主板,115550014,5546504,4502282,1044222,340548,115890562
2026-07-22,603259.SH,603259,药明康德,上交所主板,5400704845,646750859,693428665,-46677806,46678306,5447383151
2026-07-22,603260.SH,603260,合盛硅业,上交所主板,772140510,24347013,27227994,-2880981,1226888,773367398
2026-07-22,603262.SH,603262,技源集团,上交所主板,143634592,1690595,1252784,437811,153300,143787892
2026-07-22,603267.SH,603267,鸿远电子,上交所主板,688362295,53312184,52246509,1065675,3263528,691625823
2026-07-22,603268.SH,603268,松发股份,上交所主板,227747780,76943705,51065534,25878171,0,227747780
2026-07-22,603270.SH,603270,金帝股份,上交所主板,179907466,9112390,9054285,58105,208350,180115816
2026-07-22,603271.SH,603271,永杰新材,上交所主板,101964181,2292924,3636463,-1343539,335908,102300089
2026-07-22,603273.SH,603273,天元智能,上交所主板,46594089,2292032,4740519,-2448487,186450,46780539
2026-07-22,603275.SH,603275,众辰科技,上交所主板,203442483,3666310,5945519,-2279209,243309,203685792
2026-07-22,603276.SH,603276,恒兴新材,上交所主板,72191834,3607264,2492027,1115237,245798,72437632
2026-07-22,603279.SH,603279,景津装备,上交所主板,102794732,4524094,8600916,-4076822,1439570,104234302
2026-07-22,603283.SH,603283,赛腾股份,上交所主板,1153517383,104041679,131566194,-27524515,1502673,1155020056
2026-07-22,603284.SH,603284,林平发展,上交所主板,42388610,4998089,3060995,1937094,0,42388610
2026-07-22,603285.SH,603285,键邦股份,上交所主板,133024549,9805333,17245173,-7439840,73800,133098349
2026-07-22,603288.SH,603288,海天味业,上交所主板,990719644,49002115,41774086,7228029,6017093,996736737
2026-07-22,603290.SH,603290,斯达半导,上交所主板,1055364854,58884751,78607564,-19722813,6056546,1061421400
2026-07-22,603293.SH,603293,埃泰克,上交所主板,96187598,5431893,4935150,496743,0,96187598
2026-07-22,603296.SH,603296,华勤技术,上交所主板,1007569728,268966877,222487775,46479102,8844149,1016413877
2026-07-22,603297.SH,603297,永新光学,上交所主板,312792696,8221103,8364548,-143445,1692616,314485312
2026-07-22,603298.SH,603298,杭叉集团,上交所主板,137739162,10602892,18777525,-8174633,9333850,147073012
2026-07-22,603299.SH,603299,苏盐井神,上交所主板,184035548,3473913,2836376,637537,1181643,185217191
2026-07-22,603300.SH,603300,海南华铁,上交所主板,490601002,11796961,15392761,-3595800,2963818,493564820
2026-07-22,603301.SH,603301,振德医疗,上交所主板,1314243111,45570931,17158868,28412063,2990400,1317233511
2026-07-22,603305.SH,603305,旭升集团,上交所主板,746581251,19135769,25212524,-6076755,1934352,748515603
2026-07-22,603306.SH,603306,华懋科技,上交所主板,1648055044,88014884,80789301,7225583,6301266,1654356310
2026-07-22,603308.SH,603308,应流股份,上交所主板,689149601,60327833,48863489,11464344,2357180,691506781
2026-07-22,603310.SH,603310,巍华新材,上交所主板,105544704,2828760,6664495,-3835735,242176,105786880
2026-07-22,603312.SH,603312,西典新能,上交所主板,101704584,1711481,2431478,-719997,188559,101893143
2026-07-22,603317.SH,603317,天味食品,上交所主板,61816513,8300120,10068125,-1768005,1267432,63083945
2026-07-22,603318.SH,603318,水发燃气,上交所主板,131602941,17174611,15738926,1435685,2373,131605314
2026-07-22,603319.SH,603319,美湖股份,上交所主板,1249480747,20498603,19679420,819183,1202256,1250683003
2026-07-22,603323.SH,603323,苏农银行,上交所主板,839762531,28862993,20053031,8809962,1849503,841612034
2026-07-22,603325.SH,603325,博隆技术,上交所主板,226619663,2551434,3266839,-715405,172414,226792077
2026-07-22,603328.SH,603328,依顿电子,上交所主板,368132628,16153409,16367565,-214156,2704598,370837226
2026-07-22,603329.SH,603329,上海雅仕,上交所主板,132402131,5563020,2663419,2899601,269698,132671829
2026-07-22,603330.SH,603330,天洋新材,上交所主板,141532588,2768534,4786384,-2017850,231708,141764296
2026-07-22,603334.SH,603334,丰倍生物,上交所主板,123619473,2507989,5578503,-3070514,0,123619473
2026-07-22,603335.SH,603335,迪生力,上交所主板,128007394,5155360,7734745,-2579385,1064,128008458
2026-07-22,603337.SH,603337,杰克科技,上交所主板,20673912,16292976,4549688,11743288,766994,21440906
2026-07-22,603338.SH,603338,浙江鼎力,上交所主板,277138493,14521148,23593433,-9072285,6548316,283686809
2026-07-22,603341.SH,603341,龙旗科技,上交所主板,696913407,47290255,47912424,-622169,7361244,704274651
2026-07-22,603344.SH,603344,星德胜,上交所主板,151228215,1843532,2707274,-863742,152456,151380671
2026-07-22,603345.SH,603345,安井食品,上交所主板,336908557,41314917,34855888,6459029,10454103,347362660
2026-07-22,603348.SH,603348,文灿股份,上交所主板,187052916,1467715,2352969,-885254,212872,187265788
2026-07-22,603350.SH,603350,安乃达,上交所主板,118793198,6823452,9539294,-2715842,194040,118987238
2026-07-22,603352.SH,603352,至信股份,上交所主板,63940078,2062890,1797689,265201,0,63940078
2026-07-22,603355.SH,603355,莱克电气,上交所主板,336304001,5187752,3097579,2090173,1394790,337698791
2026-07-22,603357.SH,603357,设计总院,上交所主板,106582054,1521955,983993,537962,199044,106781098
2026-07-22,603358.SH,603358,华达科技,上交所主板,794073049,25356043,16958294,8397749,3169697,797242746
2026-07-22,603366.SH,603366,日出东方,上交所主板,104369018,3855600,5102221,-1246621,172448,104541466
2026-07-22,603368.SH,603368,柳药集团,上交所主板,333911543,6173631,4893134,1280497,536856,334448399
2026-07-22,603369.SH,603369,今世缘,上交所主板,335307193,25672596,21532387,4140209,3365558,338672751
2026-07-22,603370.SH,603370,华新精科,上交所主板,69873268,8017836,7743233,274603,0,69873268
2026-07-22,603373.SH,603373,安邦护卫,上交所主板,184252565,8181853,7981012,200841,353810,184606375
2026-07-22,603375.SH,603375,盛景微,上交所主板,267508229,12165077,6214428,5950649,255664,267763893
2026-07-22,603376.SH,603376,大明电子,上交所主板,57366884,2007580,2702631,-695051,67193,57434077
2026-07-22,603379.SH,603379,三美股份,上交所主板,1018129057,70214648,44777274,25437374,4730430,1022859487
2026-07-22,603381.SH,603381,永臻股份,上交所主板,101684005,2529578,3259048,-729470,201150,101885155
2026-07-22,603382.SH,603382,海阳科技,上交所主板,47654925,723757,1514923,-791166,0,47654925
2026-07-22,603383.SH,603383,顶点软件,上交所主板,253737659,20651445,13864702,6786743,672334,254409993
2026-07-22,603387.SH,603387,基蛋生物,上交所主板,215277829,12207666,8464049,3743617,86130,215363959
2026-07-22,603391.SH,603391,力聚热能,上交所主板,188775892,14474568,18493555,-4018987,198360,188974252
2026-07-22,603392.SH,603392,万泰生物,上交所主板,592858855,12512859,11434970,1077889,905520,593764375
2026-07-22,603393.SH,603393,新天然气,上交所主板,366558385,13297732,19373129,-6075397,2825475,369383860
2026-07-22,603395.SH,603395,红四方,上交所主板,96314654,2959284,2417893,541391,582120,96896774
2026-07-22,603396.SH,603396,金辰股份,上交所主板,94401540,3785936,3956126,-170190,116176,94517716
2026-07-22,603399.SH,603399,永杉锂业,上交所主板,313934444,34868017,43082060,-8214043,344172,314278616
2026-07-22,603400.SH,603400,华之杰,上交所主板,113343013,3540448,4991806,-1451358,0,113343013
2026-07-22,603402.SH,603402,陕西旅游,上交所主板,179483001,10954329,13991638,-3037309,113202,179596203
2026-07-22,603406.SH,603406,天富龙,上交所主板,62441648,2782319,2044874,737445,114896,62556544
2026-07-22,603407.SH,603407,长裕集团,上交所主板,126907557,19411700,22666907,-3255207,0,126907557
2026-07-22,603409.SH,603409,汇通控股,上交所主板,113872143,2411086,4700103,-2289017,196677,114068820
2026-07-22,603416.SH,603416,信捷电气,上交所主板,220169613,10665501,8419951,2245550,279000,220448613
2026-07-22,603418.SH,603418,友升股份,上交所主板,183686222,4559263,2821478,1737785,403730,184089952
2026-07-22,603435.SH,603435,嘉德利,上交所主板,111610566,16100152,25054457,-8954305,0,111610566
2026-07-22,603444.SH,603444,吉比特,上交所主板,716133053,87840023,86198029,1641994,7064640,723197693
2026-07-22,603456.SH,603456,九洲药业,上交所主板,351553812,48189652,50196081,-2006429,3743956,355297768
2026-07-22,603459.SH,603459,红板科技,上交所主板,448920473,191241060,95736816,95504244,0,448920473
2026-07-22,603466.SH,603466,风语筑,上交所主板,246555057,47534089,97317211,-49783122,448335,247003392
2026-07-22,603477.SH,603477,巨星农牧,上交所主板,179338113,17152135,11648546,5503589,1949422,181287535
2026-07-22,603486.SH,603486,科沃斯,上交所主板,468747448,29208748,25784673,3424075,8505904,477253352
2026-07-22,603489.SH,603489,八方股份,上交所主板,103718678,7996392,6877311,1119081,262354,103981032
2026-07-22,603496.SH,603496,恒为科技,上交所主板,482021227,63915330,76713388,-12798058,2275875,484297102
2026-07-22,603501.SH,603501,豪威集团,上交所主板,4590571477,377322627,317233976,60088651,14685120,4605256597
2026-07-22,603505.SH,603505,金石资源,上交所主板,666216510,20592706,19060580,1532126,2713023,668929533
2026-07-22,603507.SH,603507,振江股份,上交所主板,595865276,5062409,13958931,-8896522,1045,595866321
2026-07-22,603508.SH,603508,思维列控,上交所主板,172922796,7561352,7138822,422530,1978914,174901710
2026-07-22,603515.SH,603515,欧普照明,上交所主板,44951393,2234509,3468295,-1233786,139938,45091331
2026-07-22,603516.SH,603516,淳中科技,上交所主板,1898388809,101602693,57146861,44455832,4996750,1903385559
2026-07-22,603527.SH,603527,众源新材,上交所主板,156976055,2387565,8225138,-5837573,238545,157214600
2026-07-22,603529.SH,603529,爱玛科技,上交所主板,323487921,11468412,10776732,691680,3668836,327156757
2026-07-22,603530.SH,603530,神马电力,上交所主板,83642478,6466527,8065862,-1599335,1024593,84667071
2026-07-22,603533.SH,603533,掌阅科技,上交所主板,45053434,23063454,32966762,-9903308,650504,45703938
2026-07-22,603538.SH,603538,美诺华,上交所主板,550248661,171545408,172577144,-1031736,608568,550857229
2026-07-22,603556.SH,603556,海兴电力,上交所主板,216748349,13297535,9683955,3613580,2295094,219043443
2026-07-22,603565.SH,603565,中谷物流,上交所主板,137931418,7668005,7372862,295143,6418459,144349877
2026-07-22,603566.SH,603566,普莱柯,上交所主板,110718140,4087357,3513844,573513,272824,110990964
2026-07-22,603567.SH,603567,珍宝岛,上交所主板,190708572,29672028,27745831,1926197,1118763,191827335
2026-07-22,603568.SH,603568,伟明环保,上交所主板,335577864,10436603,14065482,-3628879,8144111,343721975
2026-07-22,603583.SH,603583,捷昌驱动,上交所主板,375683888,8337879,26831647,-18493768,2251080,377934968
2026-07-22,603588.SH,603588,高能环境,上交所主板,1792901910,116071432,80806243,35265189,244770,1793146680
2026-07-22,603589.SH,603589,口子窖,上交所主板,261326695,10338906,11187413,-848507,4804782,266131477
2026-07-22,603596.SH,603596,伯特利,上交所主板,771989657,24603471,22695486,1907985,873795,772863452
2026-07-22,603599.SH,603599,广信股份,上交所主板,360841025,28745322,22176627,6568695,2575650,363416675
2026-07-22,603601.SH,603601,再升科技,上交所主板,367640951,35204624,33271929,1932695,233935,367874886
2026-07-22,603602.SH,603602,纵横通信,上交所主板,195507077,2382287,3183326,-801039,77841,195584918
2026-07-22,603605.SH,603605,XD珀莱雅,上交所主板,669731262,22648588,38039963,-15391375,9268325,678999587
2026-07-22,603606.SH,603606,东方电缆,上交所主板,720464516,83306486,34106658,49199828,10102715,730567231
2026-07-22,603609.SH,603609,禾丰股份,上交所主板,224734549,2315829,2771368,-455539,139152,224873701
2026-07-22,603612.SH,603612,索通发展,上交所主板,554614215,20298950,15729063,4569887,2235480,556849695
2026-07-22,603613.SH,603613,国联股份,上交所主板,1073666597,7456872,16211441,-8754569,2687400,1076353997
2026-07-22,603618.SH,603618,杭电股份,上交所主板,658980990,140711278,128766758,11944520,1518480,660499470
2026-07-22,603619.SH,603619,中曼石油,上交所主板,747373733,46597912,80100421,-33502509,2714448,750088181
2026-07-22,603626.SH,603626,科森科技,上交所主板,752266173,13174619,24374716,-11200097,264014,752530187
2026-07-22,603628.SH,603628,清源股份,上交所主板,137752969,1771032,3758089,-1987057,166934,137919903
2026-07-22,603636.SH,603636,南威软件,上交所主板,232605887,4360325,8774950,-4414625,361200,232967087
2026-07-22,603638.SH,603638,艾迪精密,上交所主板,485630426,19951327,19316591,634736,1492472,487122898
2026-07-22,603639.SH,603639,海利尔,上交所主板,80545104,1458442,1621815,-163373,251760,80796864
2026-07-22,603650.SH,603650,彤程新材,上交所主板,793708920,95412878,104121917,-8709039,4463431,798172351
2026-07-22,603658.SH,603658,安图生物,上交所主板,416766101,4499150,6293317,-1794167,2019441,418785542
2026-07-22,603659.SH,603659,璞泰来,上交所主板,1095826964,49783920,44302718,5481202,16209875,1112036839
2026-07-22,603660.SH,603660,苏州科达,上交所主板,527615272,13969506,13438329,531177,61230,527676502
2026-07-22,603662.SH,603662,柯力传感,上交所主板,581529734,31114893,31618902,-504009,2376924,583906658
2026-07-22,603663.SH,603663,三祥新材,上交所主板,543438099,90095062,73842866,16252196,2957659,546395758
2026-07-22,603667.SH,603667,五洲新春,上交所主板,1169225458,65963983,68203884,-2239901,3201114,1172426572
2026-07-22,603668.SH,603668,天马科技,上交所主板,906062806,6105018,4884141,1220877,165240,906228046
2026-07-22,603678.SH,603678,火炬电子,上交所主板,526645770,73781985,99838276,-26056291,2819759,529465529
2026-07-22,603681.SH,603681,永冠新材,上交所主板,320567781,8012094,14006847,-5994753,23688,320591469
2026-07-22,603686.SH,603686,福龙马,上交所主板,293331376,9437498,13079321,-3641823,114144,293445520
2026-07-22,603687.SH,603687,大胜达,上交所主板,53368421,22229134,16480087,5749047,0,53368421
2026-07-22,603688.SH,603688,石英股份,上交所主板,1156876196,78180837,84107038,-5926201,1910738,1158786934
2026-07-22,603690.SH,603690,至纯科技,上交所主板,411700590,48048926,54021409,-5972483,2861596,414562186
2026-07-22,603693.SH,603693,江苏新能,上交所主板,121872621,20140777,14777688,5363089,1052296,122924917
2026-07-22,603696.SH,603696,安记食品,上交所主板,57793244,2063240,5747358,-3684118,391400,58184644
2026-07-22,603698.SH,603698,航天工程,上交所主板,392428545,83672732,81761338,1911394,1785280,394213825
2026-07-22,603699.SH,603699,纽威股份,上交所主板,161168932,9551554,13907188,-4355634,1852238,163021170
2026-07-22,603707.SH,603707,健友股份,上交所主板,215823181,11258754,8962527,2296227,1352853,217176034
2026-07-22,603708.SH,603708,家家悦,上交所主板,82331985,2555853,1409306,1146547,99626,82431611
2026-07-22,603712.SH,603712,七一二,上交所主板,378580422,5874084,7624094,-1750010,412500,378992922
2026-07-22,603713.SH,603713,密尔克卫,上交所主板,159845613,11077944,12263287,-1185343,3565380,163410993
2026-07-22,603719.SH,603719,良品铺子,上交所主板,123786430,4548710,5315091,-766381,111890,123898320
2026-07-22,603727.SH,603727,博迈科,上交所主板,98329219,7415502,6551006,864496,326510,98655729
2026-07-22,603728.SH,603728,鸣志电器,上交所主板,330653829,15654847,23074905,-7420058,4219160,334872989
2026-07-22,603730.SH,603730,岱美股份,上交所主板,461451725,35543573,15844040,19699533,2304151,463755876
2026-07-22,603733.SH,603733,仙鹤股份,上交所主板,261372526,48898413,40711654,8186759,967178,262339704
2026-07-22,603737.SH,603737,三棵树,上交所主板,86229025,8134458,10181319,-2046861,1814342,88043367
2026-07-22,603738.SH,603738,泰晶科技,上交所主板,681903699,95910548,112126833,-16216285,147660,682051359
2026-07-22,603758.SH,603758,秦安股份,上交所主板,91444225,625329,1314785,-689456,128250,91572475
2026-07-22,603766.SH,603766,隆鑫通用,上交所主板,243956066,9512538,15407642,-5895104,6507520,250463586
2026-07-22,603776.SH,603776,永安行,上交所主板,539793167,2767714,2815320,-47606,494490,540287657
2026-07-22,603777.SH,603777,来伊份,上交所主板,170156202,15533649,11573107,3960542,278656,170434858
2026-07-22,603786.SH,603786,科博达,上交所主板,166232765,2398689,4532408,-2133719,2784328,169017093
2026-07-22,603799.SH,603799,华友钴业,上交所主板,4800658988,354720924,249215935,105504989,8433620,4809092608
2026-07-22,603800.SH,603800,洪田股份,上交所主板,524607942,19947629,20143629,-196000,0,524607942
2026-07-22,603803.SH,603803,瑞斯康达,上交所主板,207468981,23577464,13468748,10108716,5035,207474016
2026-07-22,603806.SH,603806,福斯特,上交所主板,673730303,39439613,24326788,15112825,1245551,674975854
2026-07-22,603809.SH,603809,豪能股份,上交所主板,241850896,7280909,8165447,-884538,1927772,243778668
2026-07-22,603816.SH,603816,顾家家居,上交所主板,188745031,6034698,24367418,-18332720,4741232,193486263
2026-07-22,603826.SH,603826,坤彩科技,上交所主板,264381917,7434989,8342943,-907954,784204,265166121
2026-07-22,603833.SH,603833,欧派家居,上交所主板,122382459,10479110,7682404,2796706,2426112,124808571
2026-07-22,603858.SH,603858,步长制药,上交所主板,507008561,8200048,9008298,-808250,2488144,509496705
2026-07-22,603866.SH,603866,桃李面包,上交所主板,189982178,3908711,3105776,802935,1182800,191164978
2026-07-22,603867.SH,603867,新化股份,上交所主板,441395262,13510137,16721449,-3211312,224112,441619374
2026-07-22,603868.SH,603868,飞科电器,上交所主板,121887558,4933865,4967768,-33903,795660,122683218
2026-07-22,603871.SH,603871,嘉友国际,上交所主板,154809984,7856417,20425141,-12568724,2739212,157549196
2026-07-22,603876.SH,603876,鼎胜新材,上交所主板,259013203,22127654,21243320,884334,268520,259281723
2026-07-22,603877.SH,603877,太平鸟,上交所主板,101088096,859612,2328796,-1469184,213309,101301405
2026-07-22,603881.SH,603881,数据港,上交所主板,781559661,140333970,104625065,35708905,6907033,788466694
2026-07-22,603882.SH,603882,金域医学,上交所主板,292048028,14451324,18111297,-3659973,433760,292481788
2026-07-22,603883.SH,603883,老百姓,上交所主板,322898322,7139781,10660711,-3520930,817950,323716272
2026-07-22,603885.SH,603885,吉祥航空,上交所主板,160584722,6122292,8589238,-2466946,3647831,164232553
2026-07-22,603887.SH,603887,城地香江,上交所主板,363833743,5953287,13625892,-7672605,1575000,365408743
2026-07-22,603888.SH,603888,新华网,上交所主板,316283339,15325051,30972037,-15646986,1922606,318205945
2026-07-22,603890.SH,603890,春秋电子,上交所主板,639773560,50167184,49051872,1115312,84624,639858184
2026-07-22,603893.SH,603893,瑞芯微,上交所主板,2084454728,925298000,947873419,-22575419,17690878,2102145606
2026-07-22,603897.SH,603897,长城科技,上交所主板,163588997,11968159,13633543,-1665384,261630,163850627
2026-07-22,603899.SH,603899,晨光股份,上交所主板,120771478,7152442,9771369,-2618927,1491952,122263430
2026-07-22,603906.SH,603906,龙蟠科技,上交所主板,381866278,21910394,38404508,-16494114,227040,382093318
2026-07-22,603908.SH,603908,牧高笛,上交所主板,46159840,2790482,2235038,555444,75024,46234864
2026-07-22,603915.SH,603915,国茂股份,上交所主板,294811268,5632130,4103713,1528417,549026,295360294
2026-07-22,603916.SH,603916,苏博特,上交所主板,243123738,7351348,8237363,-886015,150880,243274618
2026-07-22,603918.SH,603918,金桥信息,上交所主板,127196913,3784755,6110188,-2325433,0,127196913
2026-07-22,603919.SH,603919,金徽酒,上交所主板,92623525,10820898,7527821,3293077,2153136,94776661
2026-07-22,603920.SH,603920,世运电路,上交所主板,1646798114,61672401,87125142,-25452741,5162108,1651960222
2026-07-22,603927.SH,603927,中科软,上交所主板,564360455,20992054,16774389,4217665,1216501,565576956
2026-07-22,603936.SH,603936,博敏电子,上交所主板,727731674,52499635,86636491,-34136856,841794,728573468
2026-07-22,603938.SH,603938,三孚股份,上交所主板,395709043,95712378,83442288,12270090,516460,396225503
2026-07-22,603939.SH,603939,益丰药房,上交所主板,65511035,11279241,19984235,-8704994,592307,66103342
2026-07-22,603960.SH,603960,克来机电,上交所主板,254813736,4598940,7295668,-2696728,258210,255071946
2026-07-22,603969.SH,603969,银龙股份,上交所主板,395031081,6661604,8717534,-2055930,220281,395251362
2026-07-22,603978.SH,603978,深圳新星,上交所主板,267062694,10051989,11699212,-1647223,0,267062694
2026-07-22,603979.SH,603979,金诚信,上交所主板,290210649,53290265,74380661,-21090396,19207735,309418384
2026-07-22,603982.SH,603982,泉峰汽车,上交所主板,127229444,4086332,4456871,-370539,183696,127413140
2026-07-22,603985.SH,603985,恒润股份,上交所主板,393079973,22187163,25304437,-3117274,92689,393172662
2026-07-22,603986.SH,603986,兆易创新,上交所主板,19985966447,4775997570,5036980452,-260982882,57823630,20043790077
2026-07-22,603989.SH,603989,艾华集团,上交所主板,158169432,66379518,74166332,-7786814,917400,159086832
2026-07-22,603990.SH,603990,麦迪科技,上交所主板,523183727,29201573,60007755,-30806182,88881,523272608
2026-07-22,603993.SH,603993,洛阳钼业,上交所主板,4313068337,507829031,666475448,-158646417,38706218,4351774555
2026-07-22,603995.SH,603995,甬金股份,上交所主板,240090953,7127963,19819024,-12691061,490458,240581411
2026-07-22,603997.SH,603997,继峰股份,上交所主板,703079705,17150948,14565299,2585649,1204632,704284337
2026-07-22,605011.SH,605011,杭州热电,上交所主板,80696899,30211530,23619704,6591826,703416,81400315
2026-07-22,605020.SH,605020,永和股份,上交所主板,485060230,33164815,32446108,718707,3522634,488582864
2026-07-22,605060.SH,605060,联德股份,上交所主板,15706184,10339128,9257257,1081871,0,15706184
2026-07-22,605090.SH,605090,九丰能源,上交所主板,769009865,103945534,102693280,1252254,5148738,774158603
2026-07-22,605111.SH,605111,新洁能,上交所主板,761343289,262804892,166529281,96275611,5840010,767183299
2026-07-22,605117.SH,605117,德业股份,上交所主板,615326635,51245699,58453441,-7207742,3201342,618527977
2026-07-22,605123.SH,605123,派克新材,上交所主板,408605726,17272697,14046164,3226533,1390080,409995806
2026-07-22,605168.SH,605168,三人行,上交所主板,459491199,16660101,31853107,-15193006,209155,459700354
2026-07-22,605208.SH,605208,永茂泰,上交所主板,214596387,23495628,21104234,2391394,282948,214879335
2026-07-22,605277.SH,605277,新亚电子,上交所主板,185986777,7196824,7100206,96618,198363,186185140
2026-07-22,605305.SH,605305,中际联合,上交所主板,433370948,20002931,26046639,-6043708,285599,433656547
2026-07-22,605358.SH,605358,立昂微,上交所主板,1629005944,201016241,157849748,43166493,4765128,1633771072
2026-07-22,605366.SH,605366,宏柏新材,上交所主板,287446241,17180832,21064305,-3883473,120400,287566641
2026-07-22,605376.SH,605376,博迁新材,上交所主板,757700365,121928646,200423589,-78494943,6366378,764066743
2026-07-22,605399.SH,605399,晨光新材,上交所主板,100048087,4188730,2595275,1593455,197950,100246037
2026-07-22,605499.SH,605499,东鹏饮料,上交所主板,725530389,70296779,54655883,15640896,7340888,732871277
2026-07-22,605589.SH,605589,圣泉集团,上交所主板,1320278512,116715216,159508563,-42793347,10782627,1331061139
2026-07-22,688001.SH,688001,华兴源创,上交所科创板,514518566,47305028,59582656,-12277628,1937334,516455900
2026-07-22,688002.SH,688002,睿创微纳,上交所科创板,1338339747,298587345,253031509,45555836,12656322,1350996069
2026-07-22,688003.SH,688003,天准科技,上交所科创板,325581350,54760448,51831288,2929160,2108979,327690329
2026-07-22,688004.SH,688004,博汇科技,上交所科创板,85137952,4602918,3489124,1113794,3572,85141524
2026-07-22,688005.SH,688005,容百科技,上交所科创板,1784094685,42118003,36939967,5178036,2774379,1786869064
2026-07-22,688006.SH,688006,杭可科技,上交所科创板,397768466,52439598,26982327,25457271,475634,398244100
2026-07-22,688007.SH,688007,光峰科技,上交所科创板,404988723,6893277,10105974,-3212697,1051690,406040413
2026-07-22,688008.SH,688008,澜起科技,上交所科创板,16193397964,3200974960,2648500615,552474345,48474625,16241872589
2026-07-22,688009.SH,688009,中国通号,上交所科创板,481842190,18754986,10168889,8586097,1849385,483691575
2026-07-22,688010.SH,688010,福光股份,上交所科创板,228138823,14133095,14422010,-288915,263000,228401823
2026-07-22,688011.SH,688011,新光光电,上交所科创板,145988717,5943876,8216311,-2272435,0,145988717
2026-07-22,688012.SH,688012,中微公司,上交所科创板,5478124294,1465402091,1264910258,200491833,50606108,5528730402
2026-07-22,688013.SH,688013,天臣医疗,上交所科创板,96678276,4356783,2760928,1595855,0,96678276
2026-07-22,688015.SH,688015,交控科技,上交所科创板,108676792,2651621,5289355,-2637734,0,108676792
2026-07-22,688016.SH,688016,心脉医疗,上交所科创板,486240257,17290433,18034131,-743698,3595352,489835609
2026-07-22,688017.SH,688017,绿的谐波,上交所科创板,2510132663,309952729,318300042,-8347313,16367689,2526500352
2026-07-22,688018.SH,688018,乐鑫科技,上交所科创板,759413841,156531495,130256777,26274718,7281420,766695261
2026-07-22,688019.SH,688019,安集科技,上交所科创板,1485079636,274459844,217831370,56628474,14756555,1499836191
2026-07-22,688020.SH,688020,方邦股份,上交所科创板,332288174,43548874,54120904,-10572030,539584,332827758
2026-07-22,688021.SH,688021,奥福科技,上交所科创板,41096722,1853775,2696207,-842432,0,41096722
2026-07-22,688023.SH,688023,安恒信息,上交所科创板,355084031,18992052,23124111,-4132059,122317,355206348
2026-07-22,688025.SH,688025,杰普特,上交所科创板,863428208,155119844,124895081,30224763,3058485,866486693
2026-07-22,688026.SH,688026,洁特生物,上交所科创板,103115787,4820267,3831362,988905,207375,103323162
2026-07-22,688027.SH,688027,国盾量子,上交所科创板,1261459336,57756384,60978083,-3221699,19522250,1280981586
2026-07-22,688028.SH,688028,沃尔德,上交所科创板,1281724621,54732980,76419188,-21686208,0,1281724621
2026-07-22,688029.SH,688029,南微医学,上交所科创板,450442256,17017683,24266618,-7248935,3985978,454428234
2026-07-22,688030.SH,688030,山石网科,上交所科创板,75721955,7358595,5027437,2331158,0,75721955
2026-07-22,688031.SH,688031,星环科技,上交所科创板,891505456,27725926,46739423,-19013497,431640,891937096
2026-07-22,688032.SH,688032,禾迈股份,上交所科创板,469016431,37609808,12443978,25165830,2316161,471332592
2026-07-22,688035.SH,688035,德邦科技,上交所科创板,407119593,40539198,40921391,-382193,222148,407341741
2026-07-22,688036.SH,688036,传音控股,上交所科创板,920352955,101176214,132685445,-31509231,4551429,924904384
2026-07-22,688037.SH,688037,芯源微,上交所科创板,591449214,177897661,127826232,50071429,20248380,611697594
2026-07-22,688038.SH,688038,中科通达,上交所科创板,69509360,4490213,4625915,-135702,0,69509360
2026-07-22,688039.SH,688039,当虹科技,上交所科创板,190634876,10155102,7159989,2995113,69300,190704176
2026-07-22,688041.SH,688041,海光信息,上交所科创板,8653349294,1104650729,916263050,188387679,59166061,8712515355
2026-07-22,688045.SH,688045,必易微,上交所科创板,66313881,10857911,10295676,562235,0,66313881
2026-07-22,688046.SH,688046,药康生物,上交所科创板,90580831,44090444,53287972,-9197528,673164,91253995
2026-07-22,688047.SH,688047,龙芯中科,上交所科创板,1330945953,69944243,63711575,6232668,2549026,1333494979
2026-07-22,688048.SH,688048,长光华芯,上交所科创板,3214551404,586348407,516164855,70183552,11467446,3226018850
2026-07-22,688049.SH,688049,炬芯科技,上交所科创板,546307596,105679715,90008342,15671373,247660,546555256
2026-07-22,688050.SH,688050,爱博医疗,上交所科创板,511708149,10470610,12044557,-1573947,2636792,514344941
2026-07-22,688051.SH,688051,佳华科技,上交所科创板,54443198,2803255,2322113,481142,0,54443198
2026-07-22,688052.SH,688052,纳芯微,上交所科创板,1923419264,316048866,93422786,222626080,7267827,1930687091
2026-07-22,688055.SH,688055,龙腾光电,上交所科创板,112637582,4819041,5305888,-486847,51322,112688904
2026-07-22,688056.SH,688056,莱伯泰科,上交所科创板,109760395,11453042,13718772,-2265730,0,109760395
2026-07-22,688057.SH,688057,金达莱,上交所科创板,162281112,14029702,4814146,9215556,0,162281112
2026-07-22,688058.SH,688058,宝兰德,上交所科创板,33663589,1911118,2059546,-148428,0,33663589
2026-07-22,688059.SH,688059,华锐精密,上交所科创板,739264336,99040599,89912684,9127915,827913,740092249
2026-07-22,688060.SH,688060,云涌科技,上交所科创板,47364854,2602911,1618885,984026,0,47364854
2026-07-22,688061.SH,688061,灿瑞科技,上交所科创板,88607667,10868270,12673510,-1805240,0,88607667
2026-07-22,688062.SH,688062,迈威生物,上交所科创板,451599672,29975055,33278922,-3303867,1214322,452813994
2026-07-22,688063.SH,688063,派能科技,上交所科创板,853090322,17707945,28928643,-11220698,2256217,855346539
2026-07-22,688065.SH,688065,凯赛生物,上交所科创板,773292412,18953277,16217406,2735871,10902733,784195145
2026-07-22,688067.SH,688067,爱威科技,上交所科创板,44324414,1744810,2681133,-936323,0,44324414
2026-07-22,688068.SH,688068,热景生物,上交所科创板,187052386,74804591,69591864,5212727,3217027,190269413
2026-07-22,688069.SH,688069,德林海,上交所科创板,442802666,18503304,9005439,9497865,0,442802666
2026-07-22,688070.SH,688070,纵横股份,上交所科创板,111857609,2900442,3520545,-620103,162594,112020203
2026-07-22,688071.SH,688071,华依科技,上交所科创板,172303650,22776004,13487256,9288748,337371,172641021
2026-07-22,688072.SH,688072,拓荆科技,上交所科创板,2207486762,878630399,612072134,266558265,26892764,2234379526
2026-07-22,688073.SH,688073,毕得医药,上交所科创板,89364429,12840738,14719658,-1878920,0,89364429
2026-07-22,688075.SH,688075,安旭生物,上交所科创板,114775294,2822986,2302146,520840,0,114775294
2026-07-22,688077.SH,688077,大地熊,上交所科创板,167638998,5892595,5917161,-24566,199916,167838914
2026-07-22,688078.SH,688078,龙软科技,上交所科创板,65536299,4279143,3702798,576345,0,65536299
2026-07-22,688079.SH,688079,美迪凯,上交所科创板,357720598,26122360,31555550,-5433190,0,357720598
2026-07-22,688080.SH,688080,映翰通,上交所科创板,323078514,6504489,6186030,318459,184110,323262624
2026-07-22,688081.SH,688081,兴图新科,上交所科创板,134576341,6390940,6637833,-246893,0,134576341
2026-07-22,688082.SH,688082,盛美上海,上交所科创板,991017753,250738584,173431890,77306694,5085470,996103223
2026-07-22,688083.SH,688083,中望软件,上交所科创板,325873142,27195127,26346084,849043,2083884,327957026
2026-07-22,688084.SH,688084,晶品特装,上交所科创板,102329029,5563779,7225156,-1661377,144525,102473554
2026-07-22,688085.SH,688085,三友医疗,上交所科创板,125250812,7803235,6198725,1604510,292625,125543437
2026-07-22,688087.SH,688087,英科再生,上交所科创板,59486851,11149905,7461619,3688286,395342,59882193
2026-07-22,688088.SH,688088,虹软科技,上交所科创板,658168761,43748053,34177500,9570553,2188613,660357374
2026-07-22,688089.SH,688089,嘉必优,上交所科创板,151608268,2005220,3504383,-1499163,126756,151735024
2026-07-22,688090.SH,688090,瑞松科技,上交所科创板,450645985,44567583,46473073,-1905490,177349,450823334
2026-07-22,688091.SH,688091,上海谊众,上交所科创板,730779178,16671792,15007176,1664616,2335320,733114498
2026-07-22,688092.SH,688092,爱科科技,上交所科创板,86264654,3963415,1713506,2249909,0,86264654
2026-07-22,688093.SH,688093,世华科技,上交所科创板,294094963,18224341,19529066,-1304725,208344,294303307
2026-07-22,688095.SH,688095,福昕软件,上交所科创板,232794145,10099256,32321541,-22222285,157650,232951795
2026-07-22,688096.SH,688096,京源环保,上交所科创板,158345241,6885819,3950062,2935757,0,158345241
2026-07-22,688097.SH,688097,博众精工,上交所科创板,741053044,31552999,35770964,-4217965,702134,741755178
2026-07-22,688098.SH,688098,申联生物,上交所科创板,215456656,4360385,2595620,1764765,276184,215732840
2026-07-22,688099.SH,688099,晶晨股份,上交所科创板,1147995917,223399619,141534201,81865418,14014416,1162010333
2026-07-22,688100.SH,688100,威胜信息,上交所科创板,204806662,12080578,8913062,3167516,2175882,206982544
2026-07-22,688101.SH,688101,三达膜,上交所科创板,246608964,18389132,28807040,-10417908,0,246608964
2026-07-22,688102.SH,688102,斯瑞新材,上交所科创板,815977447,66071752,50698644,15373108,1194770,817172217
2026-07-22,688103.SH,688103,国力电子,上交所科创板,489092283,55454555,43102756,12351799,0,489092283
2026-07-22,688105.SH,688105,诺唯赞,上交所科创板,149589237,22675197,19248751,3426446,149978,149739215
2026-07-22,688106.SH,688106,金宏气体,上交所科创板,944568989,93417081,100195891,-6778810,2881152,947450141
2026-07-22,688107.SH,688107,安路科技,上交所科创板,167375483,20029683,24553392,-4523709,1629783,169005266
2026-07-22,688108.SH,688108,赛诺医疗,上交所科创板,649041341,8812189,11527759,-2715570,90932,649132273
2026-07-22,688109.SH,688109,品茗科技,上交所科创板,290108231,7391628,10824726,-3433098,0,290108231
2026-07-22,688110.SH,688110,东芯股份,上交所科创板,3089115665,381647802,402918793,-21270991,10190762,3099306427
2026-07-22,688111.SH,688111,金山办公,上交所科创板,4892677315,350492117,279294875,71197242,11223457,4903900772
2026-07-22,688112.SH,688112,鼎阳科技,上交所科创板,127311987,6129529,11769913,-5640384,230805,127542792
2026-07-22,688113.SH,688113,联测科技,上交所科创板,89290345,21426682,5629280,15797402,0,89290345
2026-07-22,688114.SH,688114,华大智造,上交所科创板,399021046,20176592,15574343,4602249,6050408,405071454
2026-07-22,688115.SH,688115,思林杰,上交所科创板,202375763,6851742,6092969,758773,0,202375763
2026-07-22,688116.SH,688116,天奈科技,上交所科创板,1046363887,34476636,32762990,1713646,4571250,1050935137
2026-07-22,688117.SH,688117,圣诺生物,上交所科创板,304890834,27197599,21786642,5410957,139128,305029962
2026-07-22,688118.SH,688118,普元信息,上交所科创板,119031155,3084978,2408019,676959,219363,119250518
2026-07-22,688119.SH,688119,中钢洛耐,上交所科创板,138157751,3548752,3277095,271657,0,138157751
2026-07-22,688120.SH,688120,华海清科,上交所科创板,1873218281,623273705,345547437,277726268,53902485,1927120766
2026-07-22,688122.SH,688122,XD西部超,上交所科创板,2035587930,51048409,41278723,9769686,15487544,2051075474
2026-07-22,688123.SH,688123,聚辰股份,上交所科创板,1505763098,227637653,176350558,51287095,5261311,1511024409
2026-07-22,688125.SH,688125,安达智能,上交所科创板,340932925,17163970,17838116,-674146,0,340932925
2026-07-22,688126.SH,688126,沪硅产业,上交所科创板,3098908912,316949141,306979794,9969347,5560756,3104469668
2026-07-22,688127.SH,688127,蓝特光学,上交所科创板,1072710655,90851187,60653413,30197774,674266,1073384921
2026-07-22,688128.SH,688128,中国电研,上交所科创板,152814298,3602274,5403046,-1800772,726645,153540943
2026-07-22,688129.SH,688129,东来技术,上交所科创板,38464026,1215096,2605367,-1390271,0,38464026
2026-07-22,688130.SH,688130,晶华微,上交所科创板,47428935,4984678,4542340,442338,0,47428935
2026-07-22,688131.SH,688131,皓元医药,上交所科创板,727655850,43215575,45079336,-1863761,3651885,731307735
2026-07-22,688132.SH,688132,邦彦技术,上交所科创板,68903220,1246763,1421743,-174980,0,68903220
2026-07-22,688133.SH,688133,泰坦科技,上交所科创板,240080729,14051821,6282206,7769615,426319,240507048
2026-07-22,688135.SH,688135,利扬芯片,上交所科创板,395170865,43093693,52731514,-9637821,198204,395369069
2026-07-22,688136.SH,688136,科兴制药,上交所科创板,179149130,7516691,10001683,-2484992,119808,179268938
2026-07-22,688137.SH,688137,近岸蛋白,上交所科创板,40024914,4415243,2182167,2233076,0,40024914
2026-07-22,688138.SH,688138,清溢光电,上交所科创板,459274810,55673379,53452340,2221039,75355,459350165
2026-07-22,688139.SH,688139,海尔生物,上交所科创板,275577729,18496301,14788311,3707990,2392326,277970055
2026-07-22,688141.SH,688141,杰华特,上交所科创板,1852786952,345096159,227699486,117396673,18250068,1871037020
2026-07-22,688143.SH,688143,长盈通,上交所科创板,709100258,120470953,134146480,-13675527,530000,709630258
2026-07-22,688146.SH,688146,中船特气,上交所科创板,2347816008,580216008,572312876,7903132,10403610,2358219618
2026-07-22,688147.SH,688147,微导纳米,上交所科创板,391489816,103673416,95439885,8233531,6139032,397628848
2026-07-22,688148.SH,688148,芳源股份,上交所科创板,126170876,9884120,10817438,-933318,0,126170876
2026-07-22,688150.SH,688150,莱特光电,上交所科创板,635469061,41374603,34253207,7121396,2083667,637552728
2026-07-22,688151.SH,688151,华强科技,上交所科创板,70909040,2340209,4066725,-1726516,0,70909040
2026-07-22,688152.SH,688152,麒麟信安,上交所科创板,113948938,5163305,3439310,1723995,278822,114227760
2026-07-22,688153.SH,688153,唯捷创芯,上交所科创板,234157426,22957448,18364649,4592799,1430317,235587743
2026-07-22,688155.SH,688155,先惠技术,上交所科创板,318028958,18986018,28969933,-9983915,46180,318075138
2026-07-22,688156.SH,688156,路德科技,上交所科创板,125352587,4371988,8122730,-3750742,0,125352587
2026-07-22,688157.SH,688157,松井股份,上交所科创板,139170868,3118950,3587915,-468965,177786,139348654
2026-07-22,688158.SH,688158,优刻得,上交所科创板,1097688990,59524927,74086574,-14561647,5167336,1102856326
2026-07-22,688159.SH,688159,有方科技,上交所科创板,286128771,12653171,12888564,-235393,170273,286299044
2026-07-22,688160.SH,688160,步科股份,上交所科创板,260981647,18397969,21459330,-3061361,267697,261249344
2026-07-22,688161.SH,688161,威高骨科,上交所科创板,166397988,1623484,1808350,-184866,316417,166714405
2026-07-22,688162.SH,688162,巨一科技,上交所科创板,70380626,4359944,6471945,-2112001,201056,70581682
2026-07-22,688163.SH,688163,赛伦生物,上交所科创板,302364776,7419304,4446660,2972644,0,302364776
2026-07-22,688165.SH,688165,埃夫特,上交所科创板,308435819,15671481,12721655,2949826,1134340,309570159
2026-07-22,688166.SH,688166,博瑞医药,上交所科创板,1190081126,89299649,85302340,3997309,5063893,1195145019
2026-07-22,688167.SH,688167,炬光科技,上交所科创板,1552875395,135459117,115296441,20162676,4327526,1557202921
2026-07-22,688168.SH,688168,安博通,上交所科创板,356617068,12628154,59170982,-46542828,46294,356663362
2026-07-22,688169.SH,688169,XD石头科,上交所科创板,1116500275,62598130,48273278,14324852,7785892,1124286167
2026-07-22,688170.SH,688170,德龙激光,上交所科创板,403638561,30252918,26110438,4142480,456652,404095213
2026-07-22,688171.SH,688171,纬德信息,上交所科创板,92477798,4972546,5155060,-182514,0,92477798
2026-07-22,688172.SH,688172,燕东微,上交所科创板,560528278,72892620,113784740,-40892120,18305460,578833738
2026-07-22,688173.SH,688173,希荻微,上交所科创板,152920456,21189060,16643764,4545296,316213,153236669
2026-07-22,688175.SH,688175,高凌信息,上交所科创板,105184147,5834623,7086049,-1251426,0,105184147
2026-07-22,688176.SH,688176,亚虹医药,上交所科创板,355445908,38541837,35964509,2577328,369799,355815707
2026-07-22,688177.SH,688177,百奥泰,上交所科创板,176770860,4920807,5513329,-592522,967683,177738543
2026-07-22,688178.SH,688178,万德斯,上交所科创板,90139404,6966989,4440716,2526273,0,90139404
2026-07-22,688179.SH,688179,阿拉丁,上交所科创板,418120534,21819395,27491639,-5672244,258101,418378635
2026-07-22,688180.SH,688180,君实生物,上交所科创板,1228737067,53004236,47477838,5526398,13328002,1242065069
2026-07-22,688181.SH,688181,八亿时空,上交所科创板,367162409,32170302,39693953,-7523651,180914,367343323
2026-07-22,688182.SH,688182,灿勤科技,上交所科创板,281557977,22605224,22259340,345884,510184,282068161
2026-07-22,688183.SH,688183,生益电子,上交所科创板,1851385563,249345545,212404810,36940735,3535505,1854921068
2026-07-22,688185.SH,688185,康希诺,上交所科创板,266938581,9792420,10159546,-367126,776980,267715561
2026-07-22,688186.SH,688186,广大特材,上交所科创板,388927456,9901848,7500824,2401024,108486,389035942
2026-07-22,688187.SH,688187,时代电气,上交所科创板,1169162367,50282066,49272640,1009426,5231711,1174394078
2026-07-22,688188.SH,688188,柏楚电子,上交所科创板,403425320,24301104,17157049,7144055,2994266,406419586
2026-07-22,688190.SH,688190,云路股份,上交所科创板,294663032,10266289,7122640,3143649,1230557,295893589
2026-07-22,688191.SH,688191,智洋创新,上交所科创板,421354158,18491627,24843602,-6351975,0,421354158
2026-07-22,688192.SH,688192,迪哲医药,上交所科创板,423903460,121236419,121499538,-263119,4172135,428075595
2026-07-22,688193.SH,688193,仁度生物,上交所科创板,113791807,2120631,2815497,-694866,0,113791807
2026-07-22,688195.SH,688195,腾景科技,上交所科创板,1119814105,115245479,85528862,29716617,1751539,1121565644
2026-07-22,688196.SH,688196,卓越新能,上交所科创板,76184727,5652486,7142862,-1490376,180994,76365721
2026-07-22,688197.SH,688197,首药控股,上交所科创板,219913435,11787092,11712934,74158,0,219913435
2026-07-22,688198.SH,688198,佰仁医疗,上交所科创板,215626752,10657793,7710755,2947038,241686,215868438
2026-07-22,688199.SH,688199,久日新材,上交所科创板,255324274,19350047,19710314,-360267,254130,255578404
2026-07-22,688200.SH,688200,华峰测控,上交所科创板,479310215,270013066,225192567,44820499,23464341,502774556
2026-07-22,688202.SH,688202,美迪西,上交所科创板,347911141,108247709,73157669,35090040,407660,348318801
2026-07-22,688203.SH,688203,海正生材,上交所科创板,54976615,1344463,1304918,39545,0,54976615
2026-07-22,688205.SH,688205,德科立,上交所科创板,1405314681,82270204,72418649,9851555,2403061,1407717742
2026-07-22,688206.SH,688206,概伦电子,上交所科创板,307874695,40169101,24420794,15748307,3140427,311015122
2026-07-22,688207.SH,688207,格灵深瞳,上交所科创板,188578301,17720662,22125577,-4404915,3112,188581413
2026-07-22,688208.SH,688208,道通科技,上交所科创板,1026520051,33873990,28278298,5595692,3467067,1029987118
2026-07-22,688209.SH,688209,英集芯,上交所科创板,246557649,23512617,22109676,1402941,1069496,247627145
2026-07-22,688210.SH,688210,统联精密,上交所科创板,405263823,12508517,14759107,-2250590,0,405263823
2026-07-22,688211.SH,688211,中科微至,上交所科创板,64657530,1249245,2642241,-1392996,0,64657530
2026-07-22,688212.SH,688212,澳华内镜,上交所科创板,124274225,6340849,5676830,664019,159894,124434119
2026-07-22,688213.SH,688213,思特威,上交所科创板,1433576211,123644388,111898809,11745579,14003166,1447579377
2026-07-22,688215.SH,688215,瑞晟智能,上交所科创板,103529972,6954241,7395253,-441012,0,103529972
2026-07-22,688216.SH,688216,气派科技,上交所科创板,121827936,23605116,25033003,-1427887,0,121827936
2026-07-22,688217.SH,688217,睿昂基因,上交所科创板,61456297,2076927,2382976,-306049,0,61456297
2026-07-22,688218.SH,688218,江苏北人,上交所科创板,489044588,30414269,26617124,3797145,0,489044588
2026-07-22,688219.SH,688219,会通股份,上交所科创板,361613311,9233831,9388374,-154543,249735,361863046
2026-07-22,688220.SH,688220,翱捷科技,上交所科创板,580529602,155138911,81991031,73147880,8766573,589296175
2026-07-22,688221.SH,688221,前沿生物,上交所科创板,177928474,35943741,29323469,6620272,0,177928474
2026-07-22,688222.SH,688222,成都先导,上交所科创板,516604883,57940382,54812036,3128346,203040,516807923
2026-07-22,688223.SH,688223,晶科能源,上交所科创板,1512049651,39000803,36096590,2904213,3405879,1515455530
2026-07-22,688225.SH,688225,亚信安全,上交所科创板,167598887,13564678,14567782,-1003104,123220,167722107
2026-07-22,688226.SH,688226,威腾电气,上交所科创板,588902535,17920013,16415505,1504508,206741,589109276
2026-07-22,688227.SH,688227,品高股份,上交所科创板,399834085,18176546,30129409,-11952863,0,399834085
2026-07-22,688228.SH,688228,开普云,上交所科创板,127635072,5630388,8365405,-2735017,0,127635072
2026-07-22,688229.SH,688229,博睿数据,上交所科创板,170755372,5093941,3230512,1863429,0,170755372
2026-07-22,688230.SH,688230,芯导科技,上交所科创板,219022234,15068622,17182663,-2114041,0,219022234
2026-07-22,688231.SH,688231,隆达股份,上交所科创板,107941094,17805289,17565765,239524,39239,107980333
2026-07-22,688232.SH,688232,新点软件,上交所科创板,170333722,5679201,5561460,117741,1008019,171341741
2026-07-22,688233.SH,688233,神工股份,上交所科创板,554752447,137774146,138241634,-467488,0,554752447
2026-07-22,688234.SH,688234,天岳先进,上交所科创板,1508637623,92571994,99180951,-6608957,6994531,1515632154
2026-07-22,688235.SH,688235,百济神州,上交所科创板,1114322135,161135900,137423139,23712761,7001849,1121323984
2026-07-22,688236.SH,688236,春立医疗,上交所科创板,53428819,5170300,6775708,-1605408,167750,53596569
2026-07-22,688237.SH,688237,超卓航科,上交所科创板,120637757,0,1909351,-1909351,0,120637757
2026-07-22,688238.SH,688238,和元生物,上交所科创板,133096483,12144561,12321185,-176624,0,133096483
2026-07-22,688239.SH,688239,航宇科技,上交所科创板,404842873,14730507,24267888,-9537381,16796,404859669
2026-07-22,688244.SH,688244,永信至诚,上交所科创板,101741308,6951748,5139127,1812621,142945,101884253
2026-07-22,688246.SH,688246,嘉和美康,上交所科创板,154847878,3186377,4383139,-1196762,109313,154957191
2026-07-22,688247.SH,688247,宣泰医药,上交所科创板,97913136,5683729,7714884,-2031155,204098,98117234
2026-07-22,688248.SH,688248,南网科技,上交所科创板,337275159,25874137,23716983,2157154,3969571,341244730
2026-07-22,688249.SH,688249,晶合集成,上交所科创板,1267892613,240731590,153580561,87151029,7195460,1275088073
2026-07-22,688251.SH,688251,井松智能,上交所科创板,95970423,1443643,3359221,-1915578,127957,96098380
2026-07-22,688252.SH,688252,天德钰,上交所科创板,250545756,17014442,11413727,5600715,765009,251310765
2026-07-22,688253.SH,688253,英诺特,上交所科创板,320104712,12893608,10593756,2299852,476415,320581127
2026-07-22,688255.SH,688255,凯尔达,上交所科创板,132361574,12451224,11629285,821939,217124,132578698
2026-07-22,688256.SH,688256,寒武纪,上交所科创板,19087123648,1495900249,2163653454,-667753205,76281300,19163404948
2026-07-22,688257.SH,688257,新锐股份,上交所科创板,1362364690,121403668,130859436,-9455768,546460,1362911150
2026-07-22,688258.SH,688258,卓易信息,上交所科创板,449668571,31645238,33630307,-1985069,335400,450003971
2026-07-22,688259.SH,688259,创耀科技,上交所科创板,215825261,5598553,10597288,-4998735,199500,216024761
2026-07-22,688260.SH,688260,昀冢科技,上交所科创板,299746502,46211710,38992187,7219523,0,299746502
2026-07-22,688261.SH,688261,东微半导,上交所科创板,521042913,108336137,113946706,-5610569,447731,521490644
2026-07-22,688262.SH,688262,国芯科技,上交所科创板,585305513,54961071,35870862,19090209,1654127,586959640
2026-07-22,688265.SH,688265,南模生物,上交所科创板,68463005,8690832,6758643,1932189,0,68463005
2026-07-22,688266.SH,688266,泽璟制药,上交所科创板,488122367,94109642,96087629,-1977987,8966580,497088947
2026-07-22,688267.SH,688267,中触媒,上交所科创板,301210480,3101810,3409602,-307792,229407,301439887
2026-07-22,688268.SH,688268,华特气体,上交所科创板,1086362569,130848122,124519088,6329034,430186,1086792755
2026-07-22,688269.SH,688269,凯立新材,上交所科创板,189116580,6295795,6285762,10033,216909,189333489
2026-07-22,688271.SH,688271,联影医疗,上交所科创板,1285724790,78881469,69146745,9734724,3413150,1289137940
2026-07-22,688272.SH,688272,富吉瑞,上交所科创板,74410165,2482590,3905212,-1422622,0,74410165
2026-07-22,688273.SH,688273,麦澜德,上交所科创板,125972320,5470370,5923992,-453622,241641,126213961
2026-07-22,688275.SH,688275,万润新能,上交所科创板,722305740,34427885,40994090,-6566205,0,722305740
2026-07-22,688276.SH,688276,百克生物,上交所科创板,154945287,2492837,2704661,-211824,656130,155601417
2026-07-22,688277.SH,688277,天智航,上交所科创板,474064949,0,1234916,-1234916,175570,474240519
2026-07-22,688278.SH,688278,特宝生物,上交所科创板,1313319650,20824575,21863380,-1038805,6591928,1319911578
2026-07-22,688279.SH,688279,峰岹科技,上交所科创板,223580702,42174469,35584849,6589620,4631915,228212617
2026-07-22,688280.SH,688280,精进电动,上交所科创板,191477666,3813966,2618089,1195877,111527,191589193
2026-07-22,688281.SH,688281,华秦科技,上交所科创板,375062665,14198124,11363989,2834135,1620024,376682689
2026-07-22,688282.SH,688282,理工导航,上交所科创板,111633498,2340307,2270404,69903,0,111633498
2026-07-22,688283.SH,688283,坤恒顺维,上交所科创板,117653275,4740870,5643003,-902133,0,117653275
2026-07-22,688285.SH,688285,高铁电气,上交所科创板,72923744,1380144,2311383,-931239,0,72923744
2026-07-22,688286.SH,688286,敏芯股份,上交所科创板,253398289,25013159,23911772,1101387,413020,253811309
2026-07-22,688288.SH,688288,鸿泉技术,上交所科创板,73938485,3087158,2750457,336701,172592,74111077
2026-07-22,688289.SH,688289,圣湘生物,上交所科创板,313251896,8625247,6316946,2308301,2588947,315840843
2026-07-22,688290.SH,688290,景业智能,上交所科创板,209086381,3288963,5368102,-2079139,198425,209284806
2026-07-22,688291.SH,688291,金橙子,上交所科创板,94926181,10440462,14226352,-3785890,298592,95224773
2026-07-22,688292.SH,688292,浩瀚深度,上交所科创板,150085933,5477235,13945990,-8468755,0,150085933
2026-07-22,688293.SH,688293,奥浦迈,上交所科创板,75904528,32265574,35791703,-3526129,0,75904528
2026-07-22,688295.SH,688295,中复神鹰,上交所科创板,495175739,22207710,25376259,-3168549,2281247,497456986
2026-07-22,688296.SH,688296,和达科技,上交所科创板,56645722,14967789,6350264,8617525,0,56645722
2026-07-22,688297.SH,688297,中无人机,上交所科创板,523952992,15250297,18484475,-3234178,7281632,531234624
2026-07-22,688298.SH,688298,东方生物,上交所科创板,166696958,2288633,4534525,-2245892,224275,166921233
2026-07-22,688299.SH,688299,长阳科技,上交所科创板,340269485,3929782,7676137,-3746355,136372,340405857
2026-07-22,688300.SH,688300,联瑞新材,上交所科创板,833587141,98024822,120940165,-22915343,1395351,834982492
2026-07-22,688301.SH,688301,奕瑞科技,上交所科创板,587886691,43106403,39680071,3426332,1325174,589211865
2026-07-22,688302.SH,688302,海创药业,上交所科创板,317553095,7030275,6835866,194409,0,317553095
2026-07-22,688303.SH,688303,大全能源,上交所科创板,526288089,13561030,13820403,-259373,1607891,527895980
2026-07-22,688305.SH,688305,科德数控,上交所科创板,451619623,16097719,25722668,-9624949,453604,452073227
2026-07-22,688306.SH,688306,均普智能,上交所科创板,254002617,13869490,13418477,451013,1904522,255907139
2026-07-22,688307.SH,688307,中润光学,上交所科创板,257812100,23405601,30408380,-7002779,47584,257859684
2026-07-22,688308.SH,688308,XD欧科亿,上交所科创板,860791503,158474254,172377589,-13903335,412800,861204303
2026-07-22,688309.SH,688309,恒誉环保,上交所科创板,231011275,20456832,18273561,2183271,0,231011275
2026-07-22,688310.SH,688310,迈得医疗,上交所科创板,57101956,4541483,2038012,2503471,0,57101956
2026-07-22,688311.SH,688311,盟升电子,上交所科创板,277460695,11750999,8960500,2790499,0,277460695
2026-07-22,688312.SH,688312,燕麦科技,上交所科创板,435967483,28006400,38976130,-10969730,168120,436135603
2026-07-22,688313.SH,688313,仕佳光子,上交所科创板,2362987062,212913288,231373813,-18460525,12943957,2375931019
2026-07-22,688314.SH,688314,康拓医疗,上交所科创板,103147071,9073252,3601563,5471689,0,103147071
2026-07-22,688315.SH,688315,诺禾致源,上交所科创板,131665814,5061365,3773056,1288309,452879,132118693
2026-07-22,688316.SH,688316,青云科技,上交所科创板,170082605,12428571,6066470,6362101,0,170082605
2026-07-22,688317.SH,688317,之江生物,上交所科创板,144679993,2940149,4881382,-1941233,3010,144683003
2026-07-22,688318.SH,688318,财富趋势,上交所科创板,1071493629,44579370,37844603,6734767,6635278,1078128907
2026-07-22,688319.SH,688319,欧林生物,上交所科创板,519716706,26157003,35945439,-9788436,244299,519961005
2026-07-22,688320.SH,688320,禾川科技,上交所科创板,207974389,14964373,19534308,-4569935,236594,208210983
2026-07-22,688321.SH,688321,微芯生物,上交所科创板,649677865,58895714,77919419,-19023705,3253638,652931503
2026-07-22,688322.SH,688322,奥比中光,上交所科创板,1467187675,89408620,122928029,-33519409,4080679,1471268354
2026-07-22,688323.SH,688323,瑞华泰,上交所科创板,314595482,33474388,26015451,7458937,0,314595482
2026-07-22,688325.SH,688325,赛微微电,上交所科创板,428164334,21563086,15361411,6201675,0,428164334
2026-07-22,688326.SH,688326,经纬恒润,上交所科创板,266076188,7489701,11950465,-4460764,1335756,267411944
2026-07-22,688327.SH,688327,云从科技,上交所科创板,838380967,22290093,33185771,-10895678,3388851,841769818
2026-07-22,688328.SH,688328,深科达,上交所科创板,277494543,90729732,100210559,-9480827,0,277494543
2026-07-22,688329.SH,688329,艾隆科技,上交所科创板,71684992,4993354,1679780,3313574,0,71684992
2026-07-22,688330.SH,688330,宏力达,上交所科创板,221610502,3080939,3198366,-117427,297089,221907591
2026-07-22,688331.SH,688331,荣昌生物,上交所科创板,962912201,112938294,102202321,10735973,4359141,967271342
2026-07-22,688332.SH,688332,中科蓝讯,上交所科创板,477523451,67462175,61441206,6020969,225679,477749130
2026-07-22,688333.SH,688333,铂力特,上交所科创板,1613974103,267933818,235408194,32525624,7185760,1621159863
2026-07-22,688334.SH,688334,西高院,上交所科创板,163498094,4123676,2459018,1664658,274847,163772941
2026-07-22,688335.SH,688335,复洁科技,上交所科创板,133910307,3352062,5446465,-2094403,0,133910307
2026-07-22,688336.SH,688336,三生国健,上交所科创板,509265924,67135159,51737087,15398072,2234441,511500365
2026-07-22,688337.SH,688337,普源精电,上交所科创板,226720837,12431453,14252605,-1821152,39085,226759922
2026-07-22,688338.SH,688338,赛科希德,上交所科创板,111576079,6111264,4374032,1737232,0,111576079
2026-07-22,688339.SH,688339,亿华通,上交所科创板,265939808,3798821,5454887,-1656066,349094,266288902
2026-07-22,688343.SH,688343,云天励飞,上交所科创板,1511366002,106591372,140604394,-34013022,4888807,1516254809
2026-07-22,688345.SH,688345,博力威,上交所科创板,74813083,9726271,6019952,3706319,0,74813083
2026-07-22,688347.SH,688347,华虹宏力,上交所科创板,4000596054,1620827471,1724317121,-103489650,56098819,4056694873
2026-07-22,688348.SH,688348,昱能科技,上交所科创板,199668607,6535487,6178794,356693,494005,200162612
2026-07-22,688349.SH,688349,三一重能,上交所科创板,238198862,11322736,17316234,-5993498,3205448,241404310
2026-07-22,688350.SH,688350,富淼科技,上交所科创板,211676290,7983751,8395697,-411946,0,211676290
2026-07-22,688351.SH,688351,微电生理,上交所科创板,272029718,7194264,8148294,-954030,1308822,273338540
2026-07-22,688352.SH,688352,颀中科技,上交所科创板,439999985,33893713,52876331,-18982618,1837392,441837377
2026-07-22,688353.SH,688353,华盛锂电,上交所科创板,620971590,81726498,56362711,25363787,1151740,622123330
2026-07-22,688355.SH,688355,明志科技,上交所科创板,71517647,4981052,5765365,-784313,0,71517647
2026-07-22,688356.SH,688356,键凯科技,上交所科创板,227624881,14235362,10673924,3561438,316745,227941626
2026-07-22,688357.SH,688357,建龙微纳,上交所科创板,112096189,2836768,1527305,1309463,213810,112309999
2026-07-22,688358.SH,688358,祥生医疗,上交所科创板,95486751,3084611,2555585,529026,262284,95749035
2026-07-22,688359.SH,688359,三孚新科,上交所科创板,430353417,57728358,85440770,-27712412,566920,430920337
2026-07-22,688360.SH,688360,德马科技,上交所科创板,149638529,5392865,7281570,-1888705,0,149638529
2026-07-22,688361.SH,688361,中科飞测,上交所科创板,1136947287,398142319,584148605,-186006286,51267342,1188214629
2026-07-22,688362.SH,688362,甬矽电子,上交所科创板,1362748062,442465535,379931440,62534095,11025329,1373773391
2026-07-22,688363.SH,688363,华熙生物,上交所科创板,510521527,60334151,41114284,19219867,4757850,515279377
2026-07-22,688365.SH,688365,光云科技,上交所科创板,213603228,11330243,16244403,-4914160,71232,213674460
2026-07-22,688366.SH,688366,昊海生科,上交所科创板,113385630,2529956,1807926,722030,176582,113562212
2026-07-22,688367.SH,688367,工大高科,上交所科创板,178227662,3198156,5193184,-1995028,0,178227662
2026-07-22,688368.SH,688368,晶丰明源,上交所科创板,188202745,51183949,47926269,3257680,722160,188924905
2026-07-22,688369.SH,688369,致远互联,上交所科创板,239197967,3158642,3030428,128214,0,239197967
2026-07-22,688370.SH,688370,丛麟科技,上交所科创板,65435141,1360329,1647927,-287598,0,65435141
2026-07-22,688371.SH,688371,菲沃泰,上交所科创板,114716386,34686182,31818919,2867263,399948,115116334
2026-07-22,688372.SH,688372,伟测科技,上交所科创板,923947029,125351961,101115426,24236535,2986856,926933885
2026-07-22,688373.SH,688373,盟科药业,上交所科创板,66532723,8869231,3828960,5040271,0,66532723
2026-07-22,688375.SH,688375,国博电子,上交所科创板,425203450,20622709,29577389,-8954680,3491945,428695395
2026-07-22,688376.SH,688376,美埃科技,上交所科创板,215269635,25230992,26973952,-1742960,364988,215634623
2026-07-22,688377.SH,688377,迪威尔,上交所科创板,337127988,2466639,3196771,-730132,144337,337272325
2026-07-22,688378.SH,688378,奥来德,上交所科创板,494351265,28603262,32453982,-3850720,413840,494765105
2026-07-22,688379.SH,688379,华光新材,上交所科创板,259412971,16170370,24781512,-8611142,286767,259699738
2026-07-22,688380.SH,688380,中微半导,上交所科创板,676982457,138470919,64480407,73990512,1636923,678619380
2026-07-22,688381.SH,688381,帝奥微,上交所科创板,556699030,47194499,41921225,5273274,346110,557045140
2026-07-22,688382.SH,688382,益方生物,上交所科创板,169498013,58118108,43292248,14825860,4607726,174105739
2026-07-22,688383.SH,688383,新益昌,上交所科创板,341909363,24939779,29059488,-4119709,72072,341981435
2026-07-22,688385.SH,688385,复旦微电,上交所科创板,1233011431,160384714,103063021,57321693,3915915,1236927346
2026-07-22,688386.SH,688386,泛亚微透,上交所科创板,302535387,12662032,16312811,-3650779,0,302535387
2026-07-22,688387.SH,688387,信科移动,上交所科创板,998052842,62243351,83556463,-21313112,8915280,1006968122
2026-07-22,688388.SH,688388,嘉元科技,上交所科创板,984271317,135993801,122417593,13576208,1145921,985417238
2026-07-22,688389.SH,688389,普门科技,上交所科创板,193483239,2739048,2166694,572354,266008,193749247
2026-07-22,688390.SH,688390,固德威,上交所科创板,462464246,58541259,55434813,3106446,1700300,464164546
2026-07-22,688391.SH,688391,钜泉科技,上交所科创板,113757252,6158847,7389275,-1230428,0,113757252
2026-07-22,688392.SH,688392,骄成超声,上交所科创板,471596674,80929208,68166150,12763058,2026449,473623123
2026-07-22,688393.SH,688393,安必平,上交所科创板,73740017,3779693,4851926,-1072233,218562,73958579
2026-07-22,688395.SH,688395,正弦电气,上交所科创板,53583751,3081866,2587046,494820,0,53583751
2026-07-22,688396.SH,688396,华润微,上交所科创板,1520506339,253649995,220984295,32665700,4336799,1524843138
2026-07-22,688398.SH,688398,赛特新材,上交所科创板,351719516,3743446,3417751,325695,316777,352036293
2026-07-22,688399.SH,688399,硕世生物,上交所科创板,251187910,4772770,7873901,-3101131,269980,251457890
2026-07-22,688400.SH,688400,凌云光,上交所科创板,801268231,78995587,74698433,4297154,3282200,804550431
2026-07-22,688401.SH,688401,路维光电,上交所科创板,596401798,69326890,47041806,22285084,295079,596696877
2026-07-22,688403.SH,688403,汇成股份,上交所科创板,1434551380,277835751,249152790,28682961,7145105,1441696485
2026-07-22,688408.SH,688408,中信博,上交所科创板,356203204,9098103,9322812,-224709,1553936,357757140
2026-07-22,688409.SH,688409,富创精密,上交所科创板,618091730,152877267,141831141,11046126,12628742,630720472
2026-07-22,688410.SH,688410,山外山,上交所科创板,130607341,3850488,6903048,-3052560,224550,130831891
2026-07-22,688411.SH,688411,海博思创,上交所科创板,948514567,55649180,88308255,-32659075,5151439,953666006
2026-07-22,688416.SH,688416,恒烁股份,上交所科创板,544657318,70695849,61675394,9020455,0,544657318
2026-07-22,688418.SH,688418,震有科技,上交所科创板,540731081,10287849,12438361,-2150512,0,540731081
2026-07-22,688419.SH,688419,耐科装备,上交所科创板,154318798,22025137,32811886,-10786749,0,154318798
2026-07-22,688420.SH,688420,美腾科技,上交所科创板,35023649,2388069,2249407,138662,0,35023649
2026-07-22,688425.SH,688425,铁建重工,上交所科创板,526601141,16555794,7108380,9447414,3739482,530340623
2026-07-22,688426.SH,688426,康为世纪,上交所科创板,37928959,1279493,2081089,-801596,0,37928959
2026-07-22,688428.SH,688428,诺诚健华,上交所科创板,416751596,15005894,16445791,-1439897,136209,416887805
2026-07-22,688429.SH,688429,时创能源,上交所科创板,69468797,1634974,3075072,-1440098,0,69468797
2026-07-22,688432.SH,688432,有研硅,上交所科创板,568941027,271863507,243037825,28825682,6503213,575444240
2026-07-22,688433.SH,688433,华曙高科,上交所科创板,747829608,19199859,22605821,-3405962,3756446,751586054
2026-07-22,688435.SH,688435,英方软件,上交所科创板,114118675,3353466,3408457,-54991,0,114118675
2026-07-22,688439.SH,688439,振华风光,上交所科创板,487852251,13333111,16524735,-3191624,1549289,489401540
2026-07-22,688443.SH,688443,智翔金泰,上交所科创板,119783133,6871983,5991641,880342,671974,120455107
2026-07-22,688448.SH,688448,磁谷科技,上交所科创板,170448352,10911343,18592150,-7680807,407854,170856206
2026-07-22,688449.SH,688449,联芸科技,上交所科创板,1071073192,52581431,61857033,-9275602,124696,1071197888
2026-07-22,688450.SH,688450,光格科技,上交所科创板,160913699,9713426,11135955,-1422529,0,160913699
2026-07-22,688455.SH,688455,科捷智能,上交所科创板,88347183,2953030,5023443,-2070413,0,88347183
2026-07-22,688456.SH,688456,有研粉材,上交所科创板,300530013,48236782,59583921,-11347139,153818,300683831
2026-07-22,688458.SH,688458,美芯晟,上交所科创板,262823472,19105722,14678200,4427522,261885,263085357
2026-07-22,688459.SH,688459,哈铁科技,上交所科创板,73076930,1199649,1300764,-101115,0,73076930
2026-07-22,688466.SH,688466,金科环境,上交所科创板,44548437,1576030,2655849,-1079819,0,44548437
2026-07-22,688468.SH,688468,科美诊断,上交所科创板,154833880,4143799,4627341,-483542,166256,155000136
2026-07-22,688469.SH,688469,芯联集成,上交所科创板,1729344302,139589994,160796608,-21206614,8642886,1737987188
2026-07-22,688472.SH,688472,阿特斯,上交所科创板,951168287,77460575,55203139,22257436,1825348,952993635
2026-07-22,688475.SH,688475,萤石网络,上交所科创板,202871571,23229122,21134455,2094667,2733463,205605034
2026-07-22,688478.SH,688478,晶升股份,上交所科创板,198187135,24028194,23950099,78095,0,198187135
2026-07-22,688479.SH,688479,友车科技,上交所科创板,200931602,9201744,9550992,-349248,0,200931602
2026-07-22,688480.SH,688480,赛恩斯,上交所科创板,271997418,10965086,13897271,-2932185,0,271997418
2026-07-22,688484.SH,688484,南芯科技,上交所科创板,461075448,37566108,37171029,395079,3745175,464820623
2026-07-22,688485.SH,688485,九州一轨,上交所科创板,478985862,19800426,24811310,-5010884,0,478985862
2026-07-22,688486.SH,688486,龙迅股份,上交所科创板,310144294,54693709,31842947,22850762,403331,310547625
2026-07-22,688488.SH,688488,艾迪药业,上交所科创板,108138071,15757553,16913797,-1156244,368669,108506740
2026-07-22,688489.SH,688489,三未信安,上交所科创板,73653971,2904774,3106607,-201833,0,73653971
2026-07-22,688498.SH,688498,源杰科技,上交所科创板,3338673449,1182730985,982734682,199996303,33630305,3372303754
2026-07-22,688499.SH,688499,利元亨,上交所科创板,467376270,11477078,15571387,-4094309,133455,467509725
2026-07-22,688500.SH,688500,慧辰股份,上交所科创板,220703775,10767299,16410942,-5643643,0,220703775
2026-07-22,688501.SH,688501,青达环保,上交所科创板,184381858,2363921,4059073,-1695152,158090,184539948
2026-07-22,688502.SH,688502,茂莱光学,上交所科创板,465832337,77726416,83351161,-5624745,3721125,469553462
2026-07-22,688503.SH,688503,聚和材料,上交所科创板,1182267062,89703799,142161297,-52457498,1060679,1183327741
2026-07-22,688505.SH,688505,复旦张江,上交所科创板,131102013,3976460,4392442,-415982,120212,131222225
2026-07-22,688506.SH,688506,百利天恒,上交所科创板,408023988,89475206,73369538,16105668,3937126,411961114
2026-07-22,688507.SH,688507,索辰科技,上交所科创板,724288913,105120255,79497461,25622794,0,724288913
2026-07-22,688508.SH,688508,芯朋微,上交所科创板,526799735,89507023,84125288,5381735,444736,527244471
2026-07-22,688509.SH,688509,正元地信,上交所科创板,159504837,3558302,2458056,1100246,0,159504837
2026-07-22,688510.SH,688510,航亚科技,上交所科创板,173513333,5725294,6637898,-912604,194331,173707664
2026-07-22,688511.SH,688511,天微电子,上交所科创板,69465899,4526179,4767831,-241652,0,69465899
2026-07-22,688512.SH,688512,慧智微,上交所科创板,200678939,15065452,13853520,1211932,320875,200999814
2026-07-22,688513.SH,688513,苑东生物,上交所科创板,145126145,14940593,14613740,326853,254300,145380445
2026-07-22,688515.SH,688515,裕太微,上交所科创板,556309813,226344536,98006035,128338501,633425,556943238
2026-07-22,688516.SH,688516,奥特维,上交所科创板,444359088,24587855,25853815,-1265960,965916,445325004
2026-07-22,688517.SH,688517,金冠电气,上交所科创板,121331962,1990034,4361039,-2371005,0,121331962
2026-07-22,688518.SH,688518,联赢激光,上交所科创板,527359695,29308955,29459816,-150861,108778,527468473
2026-07-22,688519.SH,688519,南亚新材,上交所科创板,684451197,171261211,215166470,-43905259,2712773,687163970
2026-07-22,688520.SH,688520,神州细胞,上交所科创板,217486064,9170079,6985473,2184606,3617946,221104010
2026-07-22,688521.SH,688521,芯原股份,上交所科创板,4152631327,632440499,600431871,32008628,23926645,4176557972
2026-07-22,688522.SH,688522,纳睿雷达,上交所科创板,314910257,15045827,16352117,-1306290,1287286,316197543
2026-07-22,688523.SH,688523,航天环宇,上交所科创板,187323380,16605770,19481727,-2875957,1832121,189155501
2026-07-22,688525.SH,688525,佰维存储,上交所科创板,10786684868,1633858675,1530499614,103359061,19007571,10805692439
2026-07-22,688526.SH,688526,科前生物,上交所科创板,159014138,2508363,1331809,1176554,463623,159477761
2026-07-22,688528.SH,688528,秦川物联,上交所科创板,26312938,1679358,1112792,566566,0,26312938
2026-07-22,688529.SH,688529,豪森智能,上交所科创板,116566125,2964645,2268224,696421,113896,116680021
2026-07-22,688530.SH,688530,欧莱新材,上交所科创板,254009165,57620948,52127557,5493391,0,254009165
2026-07-22,688531.SH,688531,日联科技,上交所科创板,543050588,42021307,49619537,-7598230,300184,543350772
2026-07-22,688533.SH,688533,上声电子,上交所科创板,73199729,3394386,3140134,254252,205084,73404813
2026-07-22,688535.SH,688535,华海诚科,上交所科创板,898811137,105392964,136291962,-30898998,692943,899504080
2026-07-22,688536.SH,688536,思瑞浦,上交所科创板,1178324769,269587669,104896594,164691075,5705924,1184030693
2026-07-22,688538.SH,688538,和辉光电,上交所科创板,556098918,10303633,11922161,-1618528,7941251,564040169
2026-07-22,688539.SH,688539,高华科技,上交所科创板,219196017,7445117,8498884,-1053767,64876,219260893
2026-07-22,688543.SH,688543,国科军工,上交所科创板,512068290,15890468,16849629,-959161,525864,512594154
2026-07-22,688545.SH,688545,兴福电子,上交所科创板,684965364,92270964,94189976,-1919012,1531651,686497015
2026-07-22,688548.SH,688548,广钢气体,上交所科创板,527639577,59510018,85712969,-26202951,6828128,534467705
2026-07-22,688549.SH,688549,中巨芯,上交所科创板,797281663,167987639,160874432,7113207,3143473,800425136
2026-07-22,688550.SH,688550,瑞联新材,上交所科创板,425215118,34372356,26637344,7735012,264953,425480071
2026-07-22,688551.SH,688551,科威尔,上交所科创板,154266893,10485397,15595880,-5110483,256508,154523401
2026-07-22,688552.SH,688552,航天南湖,上交所科创板,148050421,3796565,6653860,-2857295,945061,148995482
2026-07-22,688553.SH,688553,汇宇制药,上交所科创板,228004974,14611348,17556763,-2945415,12953,228017927
2026-07-22,688556.SH,688556,高测股份,上交所科创板,707543084,13509864,26809043,-13299179,526408,708069492
2026-07-22,688557.SH,688557,兰剑智能,上交所科创板,92889831,4605467,2774296,1831171,211345,93101176
2026-07-22,688558.SH,688558,国盛智科,上交所科创板,150138682,6135309,8076127,-1940818,0,150138682
2026-07-22,688559.SH,688559,海目星,上交所科创板,623227153,46432449,52740900,-6308451,452215,623679368
2026-07-22,688560.SH,688560,明冠新材,上交所科创板,116498354,4979425,2972353,2007072,0,116498354
2026-07-22,688561.SH,688561,奇安信,上交所科创板,544529221,52671355,50672776,1998579,5589626,550118847
2026-07-22,688562.SH,688562,航天软件,上交所科创板,210004984,4904447,7057111,-2152664,2646,210007630
2026-07-22,688563.SH,688563,航材股份,上交所科创板,315531421,8326156,8888242,-562086,5068134,320599555
2026-07-22,688565.SH,688565,力源科技,上交所科创板,53205467,2985694,2325092,660602,0,53205467
2026-07-22,688566.SH,688566,吉贝尔,上交所科创板,171332471,6513767,6297098,216669,67807,171400278
2026-07-22,688567.SH,688567,孚能科技,上交所科创板,517174592,11273458,6525125,4748333,2510323,519684915
2026-07-22,688568.SH,688568,中科星图,上交所科创板,863899746,40198924,38566029,1632895,7079845,870979591
2026-07-22,688569.SH,688569,铁科轨道,上交所科创板,115168170,613437,2068661,-1455224,0,115168170
2026-07-22,688570.SH,688570,天玛智控,上交所科创板,111658961,3104908,1580805,1524103,325010,111983971
2026-07-22,688571.SH,688571,杭华股份,上交所科创板,118012429,5955102,6290940,-335838,0,118012429
2026-07-22,688573.SH,688573,信宇人,上交所科创板,64646581,1642077,2001005,-358928,0,64646581
2026-07-22,688575.SH,688575,亚辉龙,上交所科创板,291308838,6364181,11012050,-4647869,842444,292151282
2026-07-22,688576.SH,688576,西山科技,上交所科创板,176596759,1458940,2599428,-1140488,0,176596759
2026-07-22,688577.SH,688577,浙海德曼,上交所科创板,202154601,5663802,4628599,1035203,579570,202734171
2026-07-22,688578.SH,688578,艾力斯,上交所科创板,1176499897,299928586,236973048,62955538,12800642,1189300539
2026-07-22,688579.SH,688579,地纬智能,上交所科创板,220373137,3588419,4144446,-556027,204228,220577365
2026-07-22,688580.SH,688580,伟思医疗,上交所科创板,168504739,11707882,8245285,3462597,308792,168813531
2026-07-22,688581.SH,688581,安杰思,上交所科创板,141077777,2914893,3292419,-377526,242064,141319841
2026-07-22,688582.SH,688582,芯动联科,上交所科创板,819643028,27021728,27299387,-277659,5046444,824689472
2026-07-22,688583.SH,688583,思看科技,上交所科创板,285877583,24797189,10285668,14511521,347480,286225063
2026-07-22,688584.SH,688584,上海合晶,上交所科创板,263228917,61922996,80377423,-18454427,2334447,265563364
2026-07-22,688585.SH,688585,上纬新材,上交所科创板,659197905,31366211,29118802,2247409,0,659197905
2026-07-22,688586.SH,688586,江航装备,上交所科创板,240219295,4740125,2628784,2111341,1543810,241763105
2026-07-22,688588.SH,688588,凌志软件,上交所科创板,220879740,3169930,2952835,217095,0,220879740
2026-07-22,688589.SH,688589,力合微,上交所科创板,222581037,8404411,6997549,1406862,209267,222790304
2026-07-22,688590.SH,688590,新致软件,上交所科创板,176517581,6407553,5983663,423890,182735,176700316
2026-07-22,688591.SH,688591,泰凌微,上交所科创板,353453481,26472707,28193738,-1721031,1794567,355248048
2026-07-22,688592.SH,688592,司南导航,上交所科创板,147188660,3632084,6919345,-3287261,0,147188660
2026-07-22,688593.SH,688593,新相微,上交所科创板,596411112,42038700,61604033,-19565333,1231900,597643012
2026-07-22,688595.SH,688595,芯海科技,上交所科创板,228543805,15274153,14950484,323669,222480,228766285
2026-07-22,688596.SH,688596,正帆科技,上交所科创板,616871256,126115584,259852544,-133736960,2958241,619829497
2026-07-22,688597.SH,688597,煜邦电力,上交所科创板,126578775,2178164,2991032,-812868,187776,126766551
2026-07-22,688598.SH,688598,金博股份,上交所科创板,516484660,76476443,38852047,37624396,626555,517111215
2026-07-22,688599.SH,688599,天合光能,上交所科创板,1300390891,39296396,36697364,2599032,5174808,1305565699
2026-07-22,688600.SH,688600,皖仪科技,上交所科创板,67827513,6374748,21261124,-14886376,295038,68122551
2026-07-22,688601.SH,688601,力芯微,上交所科创板,492359280,24042245,36733455,-12691210,241180,492600460
2026-07-22,688602.SH,688602,康鹏科技,上交所科创板,135672280,5050523,6323386,-1272863,0,135672280
2026-07-22,688603.SH,688603,天承科技,上交所科创板,410401293,37129236,42966383,-5837147,666733,411068026
2026-07-22,688605.SH,688605,先锋精科,上交所科创板,397181428,54173299,99617559,-45444260,599581,397781009
2026-07-22,688606.SH,688606,奥泰生物,上交所科创板,104768376,3020978,3136790,-115812,197428,104965804
2026-07-22,688607.SH,688607,康众医疗,上交所科创板,280995306,2780447,5337816,-2557369,0,280995306
2026-07-22,688608.SH,688608,恒玄科技,上交所科创板,1126967494,220081379,143500679,76580700,17613552,1144581046
2026-07-22,688609.SH,688609,九联科技,上交所科创板,232445514,14322433,14627852,-305419,52860,232498374
2026-07-22,688610.SH,688610,埃科光电,上交所科创板,121771952,37187601,29503447,7684154,0,121771952
2026-07-22,688611.SH,688611,杭州柯林,上交所科创板,519424122,11912741,5650643,6262098,348028,519772150
2026-07-22,688612.SH,688612,威迈斯,上交所科创板,364369339,19425712,8044602,11381110,2731032,367100371
2026-07-22,688613.SH,688613,奥精医疗,上交所科创板,136952015,7799014,11251152,-3452138,193997,137146012
2026-07-22,688615.SH,688615,合合信息,上交所科创板,907703212,37959130,41753072,-3793942,698669,908401881
2026-07-22,688616.SH,688616,西力科技,上交所科创板,61964656,1546630,1695197,-148567,0,61964656
2026-07-22,688617.SH,688617,惠泰医疗,上交所科创板,123571047,24664723,16609847,8054876,6536663,130107710
2026-07-22,688618.SH,688618,三旺通信,上交所科创板,88057480,9381344,6781755,2599589,0,88057480
2026-07-22,688619.SH,688619,罗普特,上交所科创板,86869055,9616926,7795809,1821117,0,86869055
2026-07-22,688620.SH,688620,安凯微,上交所科创板,200863575,46561495,37764932,8796563,70840,200934415
2026-07-22,688621.SH,688621,阳光诺和,上交所科创板,479213843,19808382,19447637,360745,241973,479455816
2026-07-22,688623.SH,688623,双元科技,上交所科创板,207967316,9411049,9706463,-295414,0,207967316
2026-07-22,688625.SH,688625,呈和科技,上交所科创板,814072097,16605684,21196993,-4591309,569408,814641505
2026-07-22,688626.SH,688626,翔宇医疗,上交所科创板,193503715,11140691,8832727,2307964,248954,193752669
2026-07-22,688627.SH,688627,精智达,上交所科创板,1673205002,390939862,264309738,126630124,6187630,1679392632
2026-07-22,688628.SH,688628,优利德,上交所科创板,223071396,18913176,20272675,-1359499,555195,223626591
2026-07-22,688629.SH,688629,华丰科技,上交所科创板,2018210220,626793967,535475127,91318840,9856012,2028066232
2026-07-22,688630.SH,688630,芯碁微装,上交所科创板,945136989,178438753,192638411,-14199658,8811975,953948964
2026-07-22,688631.SH,688631,莱斯信息,上交所科创板,295203126,6572432,5936639,635793,913142,296116268
2026-07-22,688633.SH,688633,星球石墨,上交所科创板,177048535,10985873,10367421,618452,0,177048535
2026-07-22,688635.SH,688635,长进光子,上交所科创板,551349788,38522499,57047969,-18525470,0,551349788
2026-07-22,688636.SH,688636,智明达,上交所科创板,234917192,64981988,98952158,-33970170,197032,235114224
2026-07-22,688638.SH,688638,誉辰智能,上交所科创板,25505725,930972,987547,-56575,0,25505725
2026-07-22,688639.SH,688639,华恒生物,上交所科创板,226912481,6457866,6073544,384322,938473,227850954
2026-07-22,688648.SH,688648,中邮科技,上交所科创板,283889341,2559917,4600784,-2040867,160797,284050138
2026-07-22,688651.SH,688651,盛邦安全,上交所科创板,77908020,4433148,3543140,890008,0,77908020
2026-07-22,688652.SH,688652,京仪装备,上交所科创板,238454037,67983275,46660576,21322699,2187727,240641764
2026-07-22,688653.SH,688653,康希通信,上交所科创板,265607001,31965647,41197629,-9231982,30645,265637646
2026-07-22,688655.SH,688655,迅捷兴,上交所科创板,237286888,16977763,20645959,-3668196,0,237286888
2026-07-22,688656.SH,688656,浩欧博,上交所科创板,86916542,3850278,4025743,-175465,0,86916542
2026-07-22,688657.SH,688657,浩辰软件,上交所科创板,109721542,7280747,12811370,-5530623,209191,109930733
2026-07-22,688658.SH,688658,悦康药业,上交所科创板,292929905,19729799,16219797,3510002,1508121,294438026
2026-07-22,688659.SH,688659,元琛科技,上交所科创板,98234134,2262602,2436120,-173518,0,98234134
2026-07-22,688660.SH,688660,电气风电,上交所科创板,584652470,9679421,17903505,-8224084,1691802,586344272
2026-07-22,688661.SH,688661,和林微纳,上交所科创板,723629913,111267245,35949311,75317934,0,723629913
2026-07-22,688662.SH,688662,富信科技,上交所科创板,552912513,92024148,85372245,6651903,411025,553323538
2026-07-22,688663.SH,688663,新风光,上交所科创板,662272660,35411454,31793986,3617468,350558,662623218
2026-07-22,688665.SH,688665,四方光电,上交所科创板,136830255,4225044,7197901,-2972857,423648,137253903
2026-07-22,688667.SH,688667,菱电电控,上交所科创板,315781164,7160628,7817547,-656919,0,315781164
2026-07-22,688668.SH,688668,鼎通科技,上交所科创板,630069049,68534614,58757371,9777243,3807723,633876772
2026-07-22,688669.SH,688669,聚石化学,上交所科创板,441790202,47185280,47033930,151350,0,441790202
2026-07-22,688670.SH,688670,金迪克,上交所科创板,35681568,1651665,1361365,290300,0,35681568
2026-07-22,688671.SH,688671,碧兴物联,上交所科创板,65973141,4471704,5523663,-1051959,0,65973141
2026-07-22,688676.SH,688676,金盘科技,上交所科创板,855529979,50662297,49914459,747838,6619589,862149568
2026-07-22,688677.SH,688677,海泰新光,上交所科创板,269566769,58348952,59064993,-716041,15070,269581839
2026-07-22,688678.SH,688678,福立旺,上交所科创板,664571399,24714229,31971075,-7256846,297088,664868487
2026-07-22,688679.SH,688679,通源环境,上交所科创板,449276105,22151806,9839312,12312494,0,449276105
2026-07-22,688680.SH,688680,海优新材,上交所科创板,352886564,3222226,4800277,-1578051,471977,353358541
2026-07-22,688681.SH,688681,科汇股份,上交所科创板,46014985,1877706,2420072,-542366,0,46014985
2026-07-22,688682.SH,688682,霍莱沃,上交所科创板,93843267,5381942,5363386,18556,0,93843267
2026-07-22,688683.SH,688683,莱尔科技,上交所科创板,275033213,8676099,7624738,1051361,0,275033213
2026-07-22,688685.SH,688685,迈信林,上交所科创板,418789729,12519384,13791606,-1272222,428072,419217801
2026-07-22,688686.SH,688686,奥普特,上交所科创板,298589262,12615559,18134923,-5519364,784725,299373987
2026-07-22,688687.SH,688687,凯因科技,上交所科创板,223163092,8346416,10269347,-1922931,114756,223277848
2026-07-22,688689.SH,688689,银河微电,上交所科创板,251364576,60161036,52713693,7447343,25417,251389993
2026-07-22,688690.SH,688690,纳微科技,上交所科创板,459544958,32497922,39999755,-7501833,1186768,460731726
2026-07-22,688691.SH,688691,灿芯股份,上交所科创板,554410542,30194406,45388600,-15194194,835913,555246455
2026-07-22,688692.SH,688692,达梦数据,上交所科创板,786815763,33178106,25388251,7789855,1412686,788228449
2026-07-22,688693.SH,688693,锴威特,上交所科创板,459121328,14724841,16762699,-2037858,0,459121328
2026-07-22,688695.SH,688695,中创股份,上交所科创板,49531433,2801018,2313716,487302,0,49531433
2026-07-22,688696.SH,688696,极米科技,上交所科创板,212464990,3695452,5722690,-2027238,1139159,213604149
2026-07-22,688697.SH,688697,纽威数控,上交所科创板,179821071,10738921,13032334,-2293413,123214,179944285
2026-07-22,688698.SH,688698,伟创电气,上交所科创板,380932298,10309075,16880450,-6571375,1630306,382562604
2026-07-22,688699.SH,688699,明微电子,上交所科创板,190110456,25473050,27994410,-2521360,77415,190187871
2026-07-22,688700.SH,688700,东威科技,上交所科创板,558280206,55360106,107978389,-52618283,2106671,560386877
2026-07-22,688701.SH,688701,卓锦股份,上交所科创板,10619878,724221,445444,278777,0,10619878
2026-07-22,688702.SH,688702,盛科通信,上交所科创板,1531099376,766234241,549892588,216341653,35234446,1566333822
2026-07-22,688707.SH,688707,振华新材,上交所科创板,341446798,7531524,8929833,-1398309,306885,341753683
2026-07-22,688708.SH,688708,佳驰科技,上交所科创板,281270102,11730240,4401122,7329118,2184529,283454631
2026-07-22,688709.SH,688709,成都华微,上交所科创板,353947797,12467600,17642197,-5174597,1893227,355841024
2026-07-22,688710.SH,688710,益诺思,上交所科创板,81145162,44509739,36215378,8294361,0,81145162
2026-07-22,688711.SH,688711,宏微科技,上交所科创板,420533102,34711422,41393120,-6681698,499052,421032154
2026-07-22,688712.SH,688712,北芯生命,上交所科创板,99325447,3111816,5272987,-2161171,0,99325447
2026-07-22,688716.SH,688716,中研股份,上交所科创板,180289390,7447371,7801043,-353672,0,180289390
2026-07-22,688717.SH,688717,艾罗能源,上交所科创板,216627237,19467880,18200133,1267747,1312786,217940023
2026-07-22,688718.SH,688718,唯赛勃,上交所科创板,41524781,2652599,4497262,-1844663,0,41524781
2026-07-22,688719.SH,688719,爱科赛博,上交所科创板,184575923,15555391,27110081,-11554690,0,184575923
2026-07-22,688720.SH,688720,艾森股份,上交所科创板,483630359,63992220,44535786,19456434,0,483630359
2026-07-22,688721.SH,688721,龙图光罩,上交所科创板,177427805,15521278,16289877,-768599,87102,177514907
2026-07-22,688722.SH,688722,同益中,上交所科创板,197194592,4418668,8238597,-3819929,226404,197420996
2026-07-22,688726.SH,688726,拉普拉斯,上交所科创板,897816583,26487912,27783261,-1295349,278115,898094698
2026-07-22,688727.SH,688727,恒坤新材,上交所科创板,243266040,20571652,31412305,-10840653,0,243266040
2026-07-22,688728.SH,688728,格科微,上交所科创板,351759031,119555115,136464769,-16909654,10040407,361799438
2026-07-22,688729.SH,688729,屹唐股份,上交所科创板,898409857,272549180,217167344,55381836,0,898409857
2026-07-22,688733.SH,688733,壹石通,上交所科创板,298288509,19656577,29011468,-9354891,421018,298709527
2026-07-22,688737.SH,688737,中自科技,上交所科创板,226501822,2167165,5062842,-2895677,205584,226707406
2026-07-22,688739.SH,688739,成大生物,上交所科创板,281659961,3154526,4491394,-1336868,1219095,282879056
2026-07-22,688750.SH,688750,金天钛业,上交所科创板,248480555,2824419,4556654,-1732235,219249,248699804
2026-07-22,688755.SH,688755,汉邦科技,上交所科创板,90959257,1994778,4429779,-2435001,82973,91042230
2026-07-22,688757.SH,688757,胜科纳米,上交所科创板,242608312,34109137,55545426,-21436289,59105,242667417
2026-07-22,688758.SH,688758,XD赛分科,上交所科创板,128861891,39083229,26420417,12662812,387861,129249752
2026-07-22,688759.SH,688759,必贝特,上交所科创板,132450726,4860380,5696008,-835628,0,132450726
2026-07-22,688765.SH,688765,禾元生物,上交所科创板,191391756,11036935,10392436,644499,0,191391756
2026-07-22,688766.SH,688766,普冉股份,上交所科创板,2061585443,786439525,853433154,-66993629,7548555,2069133998
2026-07-22,688767.SH,688767,博拓生物,上交所科创板,246066431,6651768,9642036,-2990268,253500,246319931
2026-07-22,688768.SH,688768,容知日新,上交所科创板,188394145,6008030,2773976,3234054,265352,188659497
2026-07-22,688772.SH,688772,珠海冠宇,上交所科创板,894009711,45220242,20091553,25128689,2924351,896934062
2026-07-22,688775.SH,688775,影石创新,上交所科创板,584005796,53527924,63867139,-10339215,0,584005796
2026-07-22,688776.SH,688776,国光电气,上交所科创板,257932602,3464972,8050884,-4585912,1181375,259113977
2026-07-22,688777.SH,688777,中控技术,上交所科创板,2971989454,209530239,237998482,-28468243,21435242,2993424696
2026-07-22,688778.SH,688778,厦钨新能,上交所科创板,469416532,21365467,24398165,-3032698,4507028,473923560
2026-07-22,688779.SH,688779,五矿新能,上交所科创板,1043431119,18278329,15789784,2488545,2480674,1045911793
2026-07-22,688781.SH,688781,视涯科技,上交所科创板,112605906,5126778,7611742,-2484964,0,112605906
2026-07-22,688783.SH,688783,西安奕材,上交所科创板,396439466,75758396,82418524,-6660128,0,396439466
2026-07-22,688785.SH,688785,恒运昌,上交所科创板,155846589,17911538,18454792,-543254,0,155846589
2026-07-22,688786.SH,688786,悦安新材,上交所科创板,248985851,15189305,18867189,-3677884,272295,249258146
2026-07-22,688787.SH,688787,海天瑞声,上交所科创板,340987460,22173395,28208323,-6034928,232750,341220210
2026-07-22,688788.SH,688788,科思科技,上交所科创板,460468990,15439238,22207153,-6767915,254029,460723019
2026-07-22,688789.SH,688789,宏华数科,上交所科创板,173307092,6469114,4559721,1909393,2380923,175688015
2026-07-22,688790.SH,688790,昂瑞微,上交所科创板,108237327,4613479,4080192,533287,0,108237327
2026-07-22,688793.SH,688793,倍轻松,上交所科创板,45963244,1055269,1054798,471,165997,46129241
2026-07-22,688795.SH,688795,摩尔线程,上交所科创板,1203910690,125074416,133835781,-8761365,0,1203910690
2026-07-22,688796.SH,688796,百奥赛图,上交所科创板,157301926,43036725,56333203,-13296478,0,157301926
2026-07-22,688797.SH,688797,臻宝科技,上交所科创板,1045297698,347096712,320535408,26561304,0,1045297698
2026-07-22,688798.SH,688798,艾为电子,上交所科创板,588129326,41590093,38694049,2896044,2935258,591064584
2026-07-22,688799.SH,688799,华纳药厂,上交所科创板,258972143,13143943,12461294,682649,246414,259218557
2026-07-22,688800.SH,688800,瑞可达,上交所科创板,802976774,90712322,64929835,25782487,990939,803967713
2026-07-22,688802.SH,688802,沐曦股份,上交所科创板,765490159,206449147,139477313,66971834,0,765490159
2026-07-22,688805.SH,688805,健信超导,上交所科创板,116576158,4169294,5981188,-1811894,0,116576158
2026-07-22,688806.SH,688806,C泰诺,上交所科创板,116769976,111826540,101306671,10519869,0,116769976
2026-07-22,688807.SH,688807,优迅股份,上交所科创板,558335722,45045757,46081182,-1035425,0,558335722
2026-07-22,688808.SH,688808,联讯仪器,上交所科创板,1129852493,188918860,315570882,-126652022,0,1129852493
2026-07-22,688809.SH,688809,强一股份,上交所科创板,1045924012,108956327,109594037,-637710,0,1045924012
2026-07-22,688811.SH,688811,有研复材,上交所科创板,197447000,9491677,11768905,-2277228,0,197447000
2026-07-22,688813.SH,688813,泰金新能,上交所科创板,343321097,33340646,35158440,-1817794,0,343321097
2026-07-22,688816.SH,688816,易思维,上交所科创板,81634856,1063307,1819104,-755797,0,81634856
2026-07-22,688818.SH,688818,电科蓝天,上交所科创板,587422054,61897180,53793839,8103341,0,587422054
2026-07-22,688819.SH,688819,天能股份,上交所科创板,236551188,5839182,5307675,531507,1916126,238467314
2026-07-22,688820.SH,688820,盛合晶微,上交所科创板,2230474822,340422364,359063732,-18641368,0,2230474822
2026-07-22,688981.SH,688981,中芯国际,上交所科创板,11494265350,1490902328,1648660229,-157757901,58688081,11552953431
2026-07-22,689009.SH,689009,九号公司,上交所科创板,1250123462,134954852,101183339,33771513,11350567,1261474029
2026-07-22,920000.BJ,920000,安徽凤凰,北京证券交易所,8534324,631992,1367448,-735456,0,8534324
2026-07-22,920001.BJ,920001,纬达光电,北京证券交易所,14666489,1072779,1459773,-386994,0,14666489
2026-07-22,920002.BJ,920002,万达轴承,北京证券交易所,41681003,2898416,2437728,460688,0,41681003
2026-07-22,920003.BJ,920003,中诚咨询,北京证券交易所,5146228,17405,17424,-19,0,5146228
2026-07-22,920005.BJ,920005,鼎佳精密,北京证券交易所,17228615,42939,98840,-55901,0,17228615
2026-07-22,920006.BJ,920006,晟楠科技,北京证券交易所,10195477,308983,665604,-356621,0,10195477
2026-07-22,920007.BJ,920007,酉立智能,北京证券交易所,7883418,68121,265616,-197495,0,7883418
2026-07-22,920008.BJ,920008,成电光信,北京证券交易所,16228743,167731,724128,-556397,0,16228743
2026-07-22,920009.BJ,920009,丹娜生物,北京证券交易所,5279575,16754,180081,-163327,0,5279575
2026-07-22,920010.BJ,920010,凯添燃气,北京证券交易所,21905616,3469141,2856464,612677,0,21905616
2026-07-22,920011.BJ,920011,晨光电机,北京证券交易所,12001091,277767,382273,-104506,0,12001091
2026-07-22,920012.BJ,920012,创达新材,北京证券交易所,23466539,860224,1364728,-504504,0,23466539
2026-07-22,920014.BJ,920014,特瑞斯,北京证券交易所,7882014,190221,736677,-546456,0,7882014
2026-07-22,920015.BJ,920015,锦华新材,北京证券交易所,37435152,9838160,7138204,2699956,0,37435152
2026-07-22,920016.BJ,920016,中草香料,北京证券交易所,5706415,54382,561676,-507294,0,5706415
2026-07-22,920017.BJ,920017,星昊医药,北京证券交易所,54441517,1815841,2436742,-620901,0,54441517
2026-07-22,920018.BJ,920018,宏远股份,北京证券交易所,23781464,1448866,1257446,191420,0,23781464
2026-07-22,920019.BJ,920019,铜冠矿建,北京证券交易所,32000882,1272120,2535242,-1263122,0,32000882
2026-07-22,920020.BJ,920020,泰凯英,北京证券交易所,8132914,14178,57124,-42946,0,8132914
2026-07-22,920021.BJ,920021,流金科技,北京证券交易所,40989740,2611334,2139389,471945,0,40989740
2026-07-22,920022.BJ,920022,世昌股份,北京证券交易所,4193993,32416,186750,-154334,0,4193993
2026-07-22,920026.BJ,920026,卓兆点胶,北京证券交易所,14168637,947801,1222313,-274512,0,14168637
2026-07-22,920027.BJ,920027,交大铁发,北京证券交易所,11111003,91704,1043585,-951881,0,11111003
2026-07-22,920028.BJ,920028,新恒泰,北京证券交易所,16389584,144688,121138,23550,0,16389584
2026-07-22,920029.BJ,920029,开发科技,北京证券交易所,69692017,963915,1498530,-534615,0,69692017
2026-07-22,920030.BJ,920030,德众汽车,北京证券交易所,9596372,435042,654332,-219290,0,9596372
2026-07-22,920033.BJ,920033,康普化学,北京证券交易所,18576085,415644,73947,341697,0,18576085
2026-07-22,920035.BJ,920035,精创电气,北京证券交易所,9708090,895212,644991,250221,0,9708090
2026-07-22,920036.BJ,920036,觅睿科技,北京证券交易所,6768728,258856,189381,69475,0,6768728
2026-07-22,920037.BJ,920037,广信科技,北京证券交易所,39950738,1616745,1199050,417695,0,39950738
2026-07-22,920039.BJ,920039,国义招标,北京证券交易所,5270185,346521,672552,-326031,0,5270185
2026-07-22,920045.BJ,920045,蘅东光,北京证券交易所,387465492,18447634,17305421,1142213,0,387465492
2026-07-22,920046.BJ,920046,亿能电力,北京证券交易所,23624324,8796793,6559168,2237625,0,23624324
2026-07-22,920047.BJ,920047,诺思兰德,北京证券交易所,52943952,4404676,1924914,2479762,145520,53089472
2026-07-22,920050.BJ,920050,爱伦医疗,北京证券交易所,7788164,113310,152909,-39599,0,7788164
2026-07-22,920055.BJ,920055,隆源股份,北京证券交易所,9125518,193346,491762,-298416,0,9125518
2026-07-22,920056.BJ,920056,能之光,北京证券交易所,8422350,227189,859790,-632601,0,8422350
2026-07-22,920057.BJ,920057,百甲科技,北京证券交易所,5404102,24830,0,24830,0,5404102
2026-07-22,920058.BJ,920058,华洋赛车,北京证券交易所,7183015,2046524,251620,1794904,0,7183015
2026-07-22,920060.BJ,920060,万源通,北京证券交易所,68930867,3020350,3265646,-245296,0,68930867
2026-07-22,920061.BJ,920061,西磁科技,北京证券交易所,12527914,617120,34610,582510,0,12527914
2026-07-22,920062.BJ,920062,科润智控,北京证券交易所,37465120,797906,854868,-56962,0,37465120
2026-07-22,920066.BJ,920066,科拜尔,北京证券交易所,4086983,691172,671679,19493,0,4086983
2026-07-22,920068.BJ,920068,天工股份,北京证券交易所,23474638,146671,428658,-281987,0,23474638
2026-07-22,920069.BJ,920069,普昂医疗,北京证券交易所,7812104,382945,303856,79089,0,7812104
2026-07-22,920072.BJ,920072,科莱瑞迪,北京证券交易所,7611454,2001216,1332605,668611,0,7611454
2026-07-22,920075.BJ,920075,柏星龙,北京证券交易所,7479335,929849,1723957,-794108,0,7479335
2026-07-22,920076.BJ,920076,国亮新材,北京证券交易所,5952509,29257,357567,-328310,0,5952509
2026-07-22,920077.BJ,920077,吉林碳谷,北京证券交易所,89145034,2784789,2873246,-88457,0,89145034
2026-07-22,920078.BJ,920078,族兴新材,北京证券交易所,10737028,364840,1001583,-636743,0,10737028
2026-07-22,920079.BJ,920079,N乔路铭,北京证券交易所,6570672,7946216,1375544,6570672,0,6570672
2026-07-22,920080.BJ,920080,奥美森,北京证券交易所,8333830,559070,860105,-301035,0,8333830
2026-07-22,920081.BJ,920081,欧伦电气,北京证券交易所,6533166,3477336,3928251,-450915,0,6533166
2026-07-22,920082.BJ,920082,方正阀门,北京证券交易所,7955534,29980,460922,-430942,0,7955534
2026-07-22,920083.BJ,920083,金戈新材,北京证券交易所,23366795,1457309,3251206,-1793897,0,23366795
2026-07-22,920086.BJ,920086,科马材料,北京证券交易所,9380587,209641,657052,-447411,0,9380587
2026-07-22,920087.BJ,920087,秋乐种业,北京证券交易所,18592659,2221362,2275117,-53755,0,18592659
2026-07-22,920088.BJ,920088,科力股份,北京证券交易所,53960764,20569290,22351037,-1781747,0,53960764
2026-07-22,920089.BJ,920089,禾昌聚合,北京证券交易所,56724558,2220674,2234195,-13521,0,56724558
2026-07-22,920091.BJ,920091,大鹏工业,北京证券交易所,18093568,668408,868746,-200338,0,18093568
2026-07-22,920092.BJ,920092,汉鑫科技,北京证券交易所,11593873,1070787,227044,843743,0,11593873
2026-07-22,920096.BJ,920096,嘉晨智能,北京证券交易所,14834194,1315661,702482,613179,0,14834194
2026-07-22,920098.BJ,920098,科隆新材,北京证券交易所,18671225,927253,937565,-10312,0,18671225
2026-07-22,920099.BJ,920099,瑞华技术,北京证券交易所,16321306,239767,57607,182160,0,16321306
2026-07-22,920100.BJ,920100,三协电机,北京证券交易所,18333864,1195924,2598086,-1402162,0,18333864
2026-07-22,920101.BJ,920101,志高机械,北京证券交易所,18299933,748255,661896,86359,0,18299933
2026-07-22,920106.BJ,920106,林泰新材,北京证券交易所,36348076,1052015,1623341,-571326,0,36348076
2026-07-22,920108.BJ,920108,宏海科技,北京证券交易所,4808825,0,55272,-55272,0,4808825
2026-07-22,920110.BJ,920110,雷特科技,北京证券交易所,2334031,43708,264047,-220339,0,2334031
2026-07-22,920111.BJ,920111,聚星科技,北京证券交易所,55138919,3781041,2823422,957619,0,55138919
2026-07-22,920112.BJ,920112,巴兰仕,北京证券交易所,8218279,93193,116397,-23204,0,8218279
2026-07-22,920116.BJ,920116,星图测控,北京证券交易所,120085583,6098269,5368317,729952,0,120085583
2026-07-22,920117.BJ,920117,龙鑫智能,北京证券交易所,7676335,3427009,2655077,771932,0,7676335
2026-07-22,920118.BJ,920118,太湖远大,北京证券交易所,5270056,14026,17827,-3801,0,5270056
2026-07-22,920119.BJ,920119,美德乐,北京证券交易所,27769576,1196951,1103779,93172,0,27769576
2026-07-22,920121.BJ,920121,江天科技,北京证券交易所,8998294,5391,58569,-53178,0,8998294
2026-07-22,920122.BJ,920122,中纺标,北京证券交易所,12837182,1437027,1444967,-7940,0,12837182
2026-07-22,920123.BJ,920123,芭薇股份,北京证券交易所,8173919,310400,433986,-123586,0,8173919
2026-07-22,920124.BJ,920124,南特科技,北京证券交易所,18599895,659875,1714288,-1054413,0,18599895
2026-07-22,920125.BJ,920125,鸿仕达,北京证券交易所,66992896,18140936,9733068,8407868,0,66992896
2026-07-22,920126.BJ,920126,永大股份,北京证券交易所,6896732,355779,524046,-168267,0,6896732
2026-07-22,920128.BJ,920128,胜业电气,北京证券交易所,11713410,577670,2927475,-2349805,0,11713410
2026-07-22,920130.BJ,920130,立方控股,北京证券交易所,4773414,643910,1283748,-639838,0,4773414
2026-07-22,920132.BJ,920132,泰鹏智能,北京证券交易所,2275731,371124,118352,252772,0,2275731
2026-07-22,920136.BJ,920136,永励精密,北京证券交易所,4327729,374385,443486,-69101,0,4327729
2026-07-22,920139.BJ,920139,华岭股份,北京证券交易所,47781913,964113,1727137,-763024,0,47781913
2026-07-22,920145.BJ,920145,恒合股份,北京证券交易所,802665,0,109,-109,0,802665
2026-07-22,920146.BJ,920146,华阳变速,北京证券交易所,3340863,0,40867,-40867,0,3340863
2026-07-22,920149.BJ,920149,旭杰科技,北京证券交易所,2749638,449937,419075,30862,0,2749638
2026-07-22,920152.BJ,920152,昆工科技,北京证券交易所,12475324,688061,148071,539990,0,12475324
2026-07-22,920156.BJ,920156,海昌智能,北京证券交易所,13747013,620403,389846,230557,0,13747013
2026-07-22,920158.BJ,920158,长江能科,北京证券交易所,38700639,1266844,813691,453153,0,38700639
2026-07-22,920159.BJ,920159,农大科技,北京证券交易所,14114045,67679,253056,-185377,0,14114045
2026-07-22,920160.BJ,920160,北矿检测,北京证券交易所,16634156,177533,662002,-484469,0,16634156
2026-07-22,920161.BJ,920161,龙辰科技,北京证券交易所,15895008,1289875,2099012,-809137,0,15895008
2026-07-22,920163.BJ,920163,方大新材,北京证券交易所,4113265,303918,121944,181974,0,4113265
2026-07-22,920166.BJ,920166,海圣医疗,北京证券交易所,5468991,631011,815588,-184577,0,5468991
2026-07-22,920167.BJ,920167,同享科技,北京证券交易所,18290136,1443846,1302015,141831,0,18290136
2026-07-22,920168.BJ,920168,通宝光电,北京证券交易所,3314209,2906,40125,-37219,0,3314209
2026-07-22,920169.BJ,920169,七丰精工,北京证券交易所,14578153,489971,142694,347277,0,14578153
2026-07-22,920171.BJ,920171,志晟信息,北京证券交易所,9963042,521786,990381,-468595,0,9963042
2026-07-22,920174.BJ,920174,五新智能,北京证券交易所,46900074,850315,969145,-118830,0,46900074
2026-07-22,920175.BJ,920175,东方碳素,北京证券交易所,6253481,15700,62312,-46612,0,6253481
2026-07-22,920177.BJ,920177,恒道科技,北京证券交易所,6296735,363750,464898,-101148,0,6296735
2026-07-22,920178.BJ,920178,锐翔智能,北京证券交易所,78993424,3308804,2835132,473672,0,78993424
2026-07-22,920179.BJ,920179,凯德石英,北京证券交易所,99497359,11630769,7882717,3748052,0,99497359
2026-07-22,920180.BJ,920180,爱得科技,北京证券交易所,5166627,408792,669856,-261064,0,5166627
2026-07-22,920181.BJ,920181,赛英电子,北京证券交易所,16574737,1717551,1427041,290510,0,16574737
2026-07-22,920183.BJ,920183,海菲曼,北京证券交易所,3236065,86381,161333,-74952,0,3236065
2026-07-22,920184.BJ,920184,国源科技,北京证券交易所,23820544,783400,1753901,-970501,0,23820544
2026-07-22,920185.BJ,920185,贝特瑞,北京证券交易所,256617042,3049541,7131969,-4082428,0,256617042
2026-07-22,920186.BJ,920186,中科仪,北京证券交易所,261518924,26101750,20316185,5785565,0,261518924
2026-07-22,920187.BJ,920187,通领科技,北京证券交易所,8427962,579266,465449,113817,0,8427962
2026-07-22,920188.BJ,920188,悦龙科技,北京证券交易所,7722006,307959,13083,294876,0,7722006
2026-07-22,920189.BJ,920189,康美特,北京证券交易所,9470531,3037910,6613847,-3575937,0,9470531
2026-07-22,920190.BJ,920190,雷神科技,北京证券交易所,41806103,8696166,7033419,1662747,0,41806103
2026-07-22,920191.BJ,920191,瑞尔竞达,北京证券交易所,7934848,70049,201235,-131186,0,7934848
2026-07-22,920193.BJ,920193,吉和昌,北京证券交易所,9925364,1083246,3306482,-2223236,0,9925364
2026-07-22,920195.BJ,920195,三祥科技,北京证券交易所,27210736,252173,409632,-157459,0,27210736
2026-07-22,920198.BJ,920198,微创光电,北京证券交易所,4587176,523178,442198,80980,0,4587176
2026-07-22,920199.BJ,920199,倍益康,北京证券交易所,16190366,3191191,796444,2394747,0,16190366
2026-07-22,920200.BJ,920200,振宏股份,北京证券交易所,13892164,634885,356614,278271,0,13892164
2026-07-22,920204.BJ,920204,沪江材料,北京证券交易所,15205227,91388,88681,2707,0,15205227
2026-07-22,920206.BJ,920206,彩客科技,北京证券交易所,12491224,685057,606575,78482,0,12491224
2026-07-22,920207.BJ,920207,众诚科技,北京证券交易所,10784072,1045030,703575,341455,0,10784072
2026-07-22,920208.BJ,920208,青矩技术,北京证券交易所,15912864,599430,1389640,-790210,0,15912864
2026-07-22,920211.BJ,920211,新睿电子,北京证券交易所,12498654,2167438,2546477,-379039,0,12498654
2026-07-22,920212.BJ,920212,智新电子,北京证券交易所,4069581,1168206,1150434,17772,0,4069581
2026-07-22,920218.BJ,920218,新天力,北京证券交易所,3709545,806279,671734,134545,0,3709545
2026-07-22,920220.BJ,920220,朗信电气,北京证券交易所,9521801,473243,196581,276662,0,9521801
2026-07-22,920221.BJ,920221,易实精密,北京证券交易所,8558714,1191964,900045,291919,0,8558714
2026-07-22,920222.BJ,920222,益坤电气,北京证券交易所,2862136,90222,265675,-175453,0,2862136
2026-07-22,920223.BJ,920223,荣亿精密,北京证券交易所,18273764,683815,149349,534466,0,18273764
2026-07-22,920225.BJ,920225,利通科技,北京证券交易所,43491752,569924,615430,-45506,0,43491752
2026-07-22,920227.BJ,920227,美登科技,北京证券交易所,19920742,1426086,1787515,-361429,0,19920742
2026-07-22,920230.BJ,920230,欧康医药,北京证券交易所,4120738,294617,741708,-447091,0,4120738
2026-07-22,920237.BJ,920237,力佳科技,北京证券交易所,10843567,6093,327703,-321610,0,10843567
2026-07-22,920239.BJ,920239,长虹能源,北京证券交易所,158736093,1748632,1054107,694525,40820,158776913
2026-07-22,920242.BJ,920242,建邦科技,北京证券交易所,12301171,0,77995,-77995,0,12301171
2026-07-22,920245.BJ,920245,威博液压,北京证券交易所,5870076,364955,671902,-306947,0,5870076
2026-07-22,920247.BJ,920247,华密新材,北京证券交易所,22324762,549267,1317521,-768254,0,22324762
2026-07-22,920249.BJ,920249,利尔达,北京证券交易所,23942070,1388582,812881,575701,0,23942070
2026-07-22,920252.BJ,920252,天宏锂电,北京证券交易所,14566924,1246995,1166342,80653,0,14566924
2026-07-22,920260.BJ,920260,中寰股份,北京证券交易所,3041662,0,18228,-18228,0,3041662
2026-07-22,920261.BJ,920261,一诺威,北京证券交易所,9327907,92509,1173185,-1080676,0,9327907
2026-07-22,920262.BJ,920262,太湖雪,北京证券交易所,3848098,1189682,1480394,-290712,0,3848098
2026-07-22,920263.BJ,920263,中航泰达,北京证券交易所,12616069,358850,909690,-550840,0,12616069
2026-07-22,920266.BJ,920266,生物谷,北京证券交易所,2963188,1081225,527248,553977,0,2963188
2026-07-22,920267.BJ,920267,鑫汇科,北京证券交易所,5709639,1035175,1860922,-825747,0,5709639
2026-07-22,920270.BJ,920270,天铭科技,北京证券交易所,7891941,519255,84008,435247,0,7891941
2026-07-22,920271.BJ,920271,邦德股份,北京证券交易所,8016413,340611,783051,-442440,0,8016413
2026-07-22,920273.BJ,920273,一致魔芋,北京证券交易所,14397692,1394950,2794174,-1399224,0,14397692
2026-07-22,920274.BJ,920274,宏裕包材,北京证券交易所,13195626,36385,521511,-485126,0,13195626
2026-07-22,920275.BJ,920275,驱动力,北京证券交易所,4207835,363592,468145,-104553,0,4207835
2026-07-22,920278.BJ,920278,鹿得医疗,北京证券交易所,7210070,349904,721039,-371135,0,7210070
2026-07-22,920284.BJ,920284,灵鸽科技,北京证券交易所,21562358,938569,1148455,-209886,0,21562358
2026-07-22,920299.BJ,920299,灿能电力,北京证券交易所,14043891,5188496,2397351,2791145,0,14043891
2026-07-22,920300.BJ,920300,辰光医疗,北京证券交易所,10507378,538372,58906,479466,0,10507378
2026-07-22,920304.BJ,920304,迪尔化工,北京证券交易所,10338528,411174,1039425,-628251,0,10338528
2026-07-22,920339.BJ,920339,恒太照明,北京证券交易所,16283264,313863,214504,99359,0,16283264
2026-07-22,920344.BJ,920344,三元基因,北京证券交易所,11509246,833800,286598,547202,0,11509246
2026-07-22,920346.BJ,920346,威贸电子,北京证券交易所,12371298,759674,222824,536850,0,12371298
2026-07-22,920351.BJ,920351,华光源海,北京证券交易所,9504841,589853,392150,197703,0,9504841
2026-07-22,920357.BJ,920357,雅葆轩,北京证券交易所,32972629,1035158,2451469,-1416311,0,32972629
2026-07-22,920363.BJ,920363,莱赛激光,北京证券交易所,13061328,693663,851428,-157765,0,13061328
2026-07-22,920367.BJ,920367,新赣江,北京证券交易所,14112782,7989790,4700704,3289086,0,14112782
2026-07-22,920368.BJ,920368,连城数控,北京证券交易所,249491021,2303752,4778268,-2474516,0,249491021
2026-07-22,920370.BJ,920370,新安洁,北京证券交易所,2144468,12580,14969,-2389,0,2144468
2026-07-22,920371.BJ,920371,欧福蛋业,北京证券交易所,9345005,1036092,1502101,-466009,0,9345005
2026-07-22,920374.BJ,920374,云里物里,北京证券交易所,7647174,275604,379134,-103530,0,7647174
2026-07-22,920375.BJ,920375,派诺科技,北京证券交易所,8122558,723311,1416646,-693335,0,8122558
2026-07-22,920378.BJ,920378,泰德股份,北京证券交易所,23666360,878042,836057,41985,0,23666360
2026-07-22,920392.BJ,920392,佳合科技,北京证券交易所,5596908,658060,731677,-73617,0,5596908
2026-07-22,920394.BJ,920394,民士达,北京证券交易所,105537992,2782748,3139934,-357186,0,105537992
2026-07-22,920395.BJ,920395,朗鸿科技,北京证券交易所,16675075,235925,1056296,-820371,0,16675075
2026-07-22,920396.BJ,920396,常辅股份,北京证券交易所,14039483,928618,1686182,-757564,0,14039483
2026-07-22,920402.BJ,920402,硅烷科技,北京证券交易所,55938580,2096548,3108949,-1012401,0,55938580
2026-07-22,920403.BJ,920403,康农种业,北京证券交易所,9490381,1341071,1671672,-330601,0,9490381
2026-07-22,920405.BJ,920405,海希通讯,北京证券交易所,50488380,16680,8490,8190,0,50488380
2026-07-22,920407.BJ,920407,驰诚股份,北京证券交易所,9505075,482133,316227,165906,0,9505075
2026-07-22,920414.BJ,920414,欧普泰,北京证券交易所,2844861,0,18936,-18936,0,2844861
2026-07-22,920415.BJ,920415,恒拓开源,北京证券交易所,16775602,1109610,2792361,-1682751,0,16775602
2026-07-22,920418.BJ,920418,苏轴股份,北京证券交易所,56850578,1218138,1252283,-34145,0,56850578
2026-07-22,920419.BJ,920419,路斯股份,北京证券交易所,10754716,83192,218514,-135322,0,10754716
2026-07-22,920422.BJ,920422,润普食品,北京证券交易所,3936408,348094,625129,-277035,0,3936408
2026-07-22,920425.BJ,920425,乐创技术,北京证券交易所,22615748,1428004,3249630,-1821626,0,22615748
2026-07-22,920427.BJ,920427,华维设计,北京证券交易所,3556431,112342,44227,68115,0,3556431
2026-07-22,920429.BJ,920429,康比特,北京证券交易所,16959210,926872,513840,413032,0,16959210
2026-07-22,920433.BJ,920433,大唐药业,北京证券交易所,5004338,350156,213553,136603,0,5004338
2026-07-22,920436.BJ,920436,大地电气,北京证券交易所,6008660,257893,168269,89624,0,6008660
2026-07-22,920438.BJ,920438,戈碧迦,北京证券交易所,437995334,44336121,41866532,2469589,0,437995334
2026-07-22,920445.BJ,920445,龙竹科技,北京证券交易所,12267426,1008305,1218958,-210653,0,12267426
2026-07-22,920454.BJ,920454,同心传动,北京证券交易所,13392890,940114,882331,57783,0,13392890
2026-07-22,920455.BJ,920455,汇隆活塞,北京证券交易所,7446963,213545,315501,-101956,0,7446963
2026-07-22,920469.BJ,920469,富恒新材,北京证券交易所,10517973,1524,1749,-225,0,10517973
2026-07-22,920471.BJ,920471,美邦科技,北京证券交易所,3141832,13891,981391,-967500,0,3141832
2026-07-22,920475.BJ,920475,三友科技,北京证券交易所,7631642,55456,379874,-324418,0,7631642
2026-07-22,920476.BJ,920476,海能技术,北京证券交易所,44608360,5174591,7667761,-2493170,0,44608360
2026-07-22,920478.BJ,920478,峆一药业,北京证券交易所,17535746,1873992,1279680,594312,0,17535746
2026-07-22,920489.BJ,920489,佳先股份,北京证券交易所,22776873,1107979,1309120,-201141,0,22776873
2026-07-22,920491.BJ,920491,奥迪威,北京证券交易所,99242140,3149205,4810846,-1661641,0,99242140
2026-07-22,920493.BJ,920493,并行科技,北京证券交易所,148730479,20482276,25811717,-5329441,0,148730479
2026-07-22,920496.BJ,920496,许昌智能,北京证券交易所,20728709,862513,435224,427289,0,20728709
2026-07-22,920504.BJ,920504,博迅生物,北京证券交易所,1512600,3202,0,3202,0,1512600
2026-07-22,920505.BJ,920505,九菱科技,北京证券交易所,16258498,427788,776950,-349162,0,16258498
2026-07-22,920508.BJ,920508,殷图网联,北京证券交易所,4065350,1102793,1943195,-840402,0,4065350
2026-07-22,920509.BJ,920509,同惠电子,北京证券交易所,29264369,2453591,2580538,-126947,0,29264369
2026-07-22,920510.BJ,920510,丰光精密,北京证券交易所,18946669,4908628,5424026,-515398,0,18946669
2026-07-22,920519.BJ,920519,万德股份,北京证券交易所,5865245,545410,729051,-183641,0,5865245
2026-07-22,920522.BJ,920522,纳科诺尔,北京证券交易所,145837531,2822001,5313557,-2491556,0,145837531
2026-07-22,920523.BJ,920523,德瑞锂电,北京证券交易所,52363063,1020842,1683007,-662165,0,52363063
2026-07-22,920526.BJ,920526,凯华材料,北京证券交易所,13938489,2684794,1749654,935140,0,13938489
2026-07-22,920527.BJ,920527,夜光明,北京证券交易所,3962382,77809,235343,-157534,0,3962382
2026-07-22,920533.BJ,920533,骏创科技,北京证券交易所,37014205,1070100,477316,592784,0,37014205
2026-07-22,920541.BJ,920541,铁大科技,北京证券交易所,16273860,42358,69170,-26812,0,16273860
2026-07-22,920547.BJ,920547,无锡晶海,北京证券交易所,10480861,1701,580515,-578814,0,10480861
2026-07-22,920553.BJ,920553,凯腾精工,北京证券交易所,4047454,90421,674751,-584330,0,4047454
2026-07-22,920556.BJ,920556,雅达股份,北京证券交易所,21413240,1126309,1245606,-119297,0,21413240
2026-07-22,920564.BJ,920564,天润科技,北京证券交易所,7304836,50962,950640,-899678,0,7304836
2026-07-22,920566.BJ,920566,梓橦宫,北京证券交易所,23601937,1376747,1877585,-500838,0,23601937
2026-07-22,920570.BJ,920570,坤博精工,北京证券交易所,8694662,462687,517965,-55278,0,8694662
2026-07-22,920571.BJ,920571,国航远洋,北京证券交易所,49926806,4002149,6296876,-2294727,0,49926806
2026-07-22,920576.BJ,920576,天力复合,北京证券交易所,36959059,2800865,2092609,708256,0,36959059
2026-07-22,920578.BJ,920578,巨能股份,北京证券交易所,3926775,696951,241319,455632,0,3926775
2026-07-22,920579.BJ,920579,机科股份,北京证券交易所,15147918,309271,436739,-127468,0,15147918
2026-07-22,920580.BJ,920580,科创新材,北京证券交易所,7932900,43916,596898,-552982,0,7932900
2026-07-22,920592.BJ,920592,华信永道,北京证券交易所,25665414,1098694,1787413,-688719,0,25665414
2026-07-22,920593.BJ,920593,鼎智科技,北京证券交易所,76818420,3999314,1617314,2382000,0,76818420
2026-07-22,920599.BJ,920599,同力股份,北京证券交易所,74223259,2417356,2281557,135799,0,74223259
2026-07-22,920608.BJ,920608,丰安股份,北京证券交易所,3000010,1091072,832236,258836,0,3000010
2026-07-22,920627.BJ,920627,力王股份,北京证券交易所,9150722,1150206,607218,542988,0,9150722
2026-07-22,920634.BJ,920634,新威凌,北京证券交易所,8510792,495391,268046,227345,0,8510792
2026-07-22,920639.BJ,920639,晨光电缆,北京证券交易所,39962574,373120,198026,175094,0,39962574
2026-07-22,920640.BJ,920640,富士达,北京证券交易所,85401778,1326110,1443402,-117292,0,85401778
2026-07-22,920641.BJ,920641,格利尔,北京证券交易所,3628336,601596,912767,-311171,0,3628336
2026-07-22,920642.BJ,920642,通易航天,北京证券交易所,7763618,461178,513697,-52519,0,7763618
2026-07-22,920651.BJ,920651,天罡股份,北京证券交易所,5963512,1530383,1190618,339765,0,5963512
2026-07-22,920656.BJ,920656,海昇药业,北京证券交易所,4816535,289851,184954,104897,0,4816535
2026-07-22,920662.BJ,920662,方盛股份,北京证券交易所,9936138,2188723,1376201,812522,0,9936138
2026-07-22,920663.BJ,920663,明阳科技,北京证券交易所,9496000,832200,467827,364373,0,9496000
2026-07-22,920665.BJ,920665,科强股份,北京证券交易所,5897692,18734,676563,-657829,0,5897692
2026-07-22,920670.BJ,920670,数字人,北京证券交易所,6150275,50348,93125,-42777,0,6150275
2026-07-22,920675.BJ,920675,秉扬科技,北京证券交易所,6852719,516541,967083,-450542,0,6852719
2026-07-22,920679.BJ,920679,前进科技,北京证券交易所,6978790,312581,24041,288540,0,6978790
2026-07-22,920682.BJ,920682,球冠电缆,北京证券交易所,26175698,1282694,1610130,-327436,0,26175698
2026-07-22,920685.BJ,920685,新芝生物,北京证券交易所,9081824,0,1786,-1786,0,9081824
2026-07-22,920689.BJ,920689,克莱特,北京证券交易所,18600044,318242,884735,-566493,0,18600044
2026-07-22,920690.BJ,920690,捷众科技,北京证券交易所,15046933,560135,1307105,-746970,0,15046933
2026-07-22,920693.BJ,920693,阿为特,北京证券交易所,18833032,841065,1487048,-645983,0,18833032
2026-07-22,920694.BJ,920694,中裕科技,北京证券交易所,9782929,667500,986650,-319150,0,9782929
2026-07-22,920699.BJ,920699,海达尔,北京证券交易所,14687279,3156858,3373640,-216782,0,14687279
2026-07-22,920701.BJ,920701,豪声电子,北京证券交易所,16895191,4265717,3092903,1172814,0,16895191
2026-07-22,920703.BJ,920703,广厦环能,北京证券交易所,18048083,399522,1022305,-622783,0,18048083
2026-07-22,920706.BJ,920706,铁拓机械,北京证券交易所,15872180,697967,642955,55012,0,15872180
2026-07-22,920717.BJ,920717,瑞星股份,北京证券交易所,1337597,65100,1882,63218,0,1337597
2026-07-22,920718.BJ,920718,合肥高科,北京证券交易所,4791601,0,29573,-29573,0,4791601
2026-07-22,920719.BJ,920719,宁新新材,北京证券交易所,7171783,67284,46062,21222,0,7171783
2026-07-22,920720.BJ,920720,吉冈精密,北京证券交易所,11582852,792581,906049,-113468,0,11582852
2026-07-22,920725.BJ,920725,惠丰钻石,北京证券交易所,56117622,26973322,6590027,20383295,0,56117622
2026-07-22,920726.BJ,920726,朱老六,北京证券交易所,12230719,1097328,1688176,-590848,0,12230719
2026-07-22,920729.BJ,920729,永顺生物,北京证券交易所,20390633,201577,165638,35939,0,20390633
2026-07-22,920735.BJ,920735,德源药业,北京证券交易所,46780034,3103387,3428421,-325034,0,46780034
2026-07-22,920748.BJ,920748,路桥信息,北京证券交易所,2559860,644826,212695,432131,0,2559860
2026-07-22,920751.BJ,920751,惠同新材,北京证券交易所,17494100,393869,1028526,-634657,0,17494100
2026-07-22,920753.BJ,920753,天纺标,北京证券交易所,7085049,815494,65032,750462,0,7085049
2026-07-22,920765.BJ,920765,美之高,北京证券交易所,5450242,282055,197637,84418,0,5450242
2026-07-22,920768.BJ,920768,拾比佰,北京证券交易所,14297857,0,766344,-766344,0,14297857
2026-07-22,920770.BJ,920770,艾能聚,北京证券交易所,25477697,1914130,1388553,525577,0,25477697
2026-07-22,920779.BJ,920779,武汉蓝电,北京证券交易所,11266010,313144,653483,-340339,0,11266010
2026-07-22,920781.BJ,920781,瑞奇智造,北京证券交易所,5539516,0,986,-986,0,5539516
2026-07-22,920786.BJ,920786,骑士乳业,北京证券交易所,13417450,327722,483558,-155836,0,13417450
2026-07-22,920790.BJ,920790,联迪信息,北京证券交易所,31008516,8441855,5590084,2851771,0,31008516
2026-07-22,920792.BJ,920792,东和新材,北京证券交易所,8268533,483546,807790,-324244,0,8268533
2026-07-22,920799.BJ,920799,艾融软件,北京证券交易所,119057109,6547904,6136035,411869,0,119057109
2026-07-22,920802.BJ,920802,保丽洁,北京证券交易所,996782,28386,4671,23715,0,996782
2026-07-22,920806.BJ,920806,云星宇,北京证券交易所,31859796,1097129,981948,115181,0,31859796
2026-07-22,920807.BJ,920807,奔朗新材,北京证券交易所,19772857,757876,633490,124386,0,19772857
2026-07-22,920808.BJ,920808,曙光数创,北京证券交易所,196757995,10405871,15047944,-4642073,0,196757995
2026-07-22,920809.BJ,920809,安达科技,北京证券交易所,67582995,2833300,1954635,878665,0,67582995
2026-07-22,920810.BJ,920810,春光智能,北京证券交易所,2591745,14957,14957,0,0,2591745
2026-07-22,920819.BJ,920819,颖泰生物,北京证券交易所,26758562,130084,638120,-508036,19608,26778170
2026-07-22,920821.BJ,920821,则成电子,北京证券交易所,20571060,4998373,4251797,746576,0,20571060
2026-07-22,920826.BJ,920826,盖世食品,北京证券交易所,14496897,662578,1264276,-601698,0,14496897
2026-07-22,920832.BJ,920832,齐鲁华信,北京证券交易所,5754767,43821,127934,-84113,0,5754767
2026-07-22,920833.BJ,920833,美心翼申,北京证券交易所,15340475,890719,1040240,-149521,0,15340475
2026-07-22,920834.BJ,920834,三维装备,北京证券交易所,4458905,2379,906102,-903723,0,4458905
2026-07-22,920837.BJ,920837,华原股份,北京证券交易所,9122759,714886,1198366,-483480,0,9122759
2026-07-22,920839.BJ,920839,万通液压,北京证券交易所,19950038,679530,336377,343153,0,19950038
2026-07-22,920855.BJ,920855,浙江大农,北京证券交易所,3380535,557108,733958,-176850,0,3380535
2026-07-22,920856.BJ,920856,浩淼科技,北京证券交易所,10884704,753943,1113974,-360031,0,10884704
2026-07-22,920857.BJ,920857,泓禧科技,北京证券交易所,7605411,2046153,1331579,714574,0,7605411
2026-07-22,920866.BJ,920866,绿亨科技,北京证券交易所,7150318,109335,248102,-138767,0,7150318
2026-07-22,920870.BJ,920870,恒进感应,北京证券交易所,10788605,96177,43591,52586,0,10788605
2026-07-22,920871.BJ,920871,派特尔,北京证券交易所,4903462,320393,596429,-276036,0,4903462
2026-07-22,920873.BJ,920873,中设咨询,北京证券交易所,2822044,0,0,0,0,2822044
2026-07-22,920876.BJ,920876,慧为智能,北京证券交易所,10758095,1058407,699548,358859,0,10758095
2026-07-22,920879.BJ,920879,基康技术,北京证券交易所,27000698,331380,352885,-21505,0,27000698
2026-07-22,920885.BJ,920885,星辰科技,北京证券交易所,24233731,1637646,2043572,-405926,0,24233731
2026-07-22,920892.BJ,920892,广咨国际,北京证券交易所,6287571,193190,270590,-77400,0,6287571
2026-07-22,920895.BJ,920895,花溪科技,北京证券交易所,1425075,0,0,0,0,1425075
2026-07-22,920896.BJ,920896,旺成科技,北京证券交易所,4947692,433228,1105120,-671892,0,4947692
2026-07-22,920906.BJ,920906,舜宇精工,北京证券交易所,11230021,25221,27528,-2307,0,11230021
2026-07-22,920914.BJ,920914,远航精密,北京证券交易所,32384564,368039,90707,277332,0,32384564
2026-07-22,920924.BJ,920924,广脉科技,北京证券交易所,14149293,166510,256528,-90018,0,14149293
2026-07-22,920925.BJ,920925,锦好医疗,北京证券交易所,15476833,3816813,2011720,1805093,0,15476833
2026-07-22,920926.BJ,920926,鸿智科技,北京证券交易所,8619957,346779,608908,-262129,0,8619957
2026-07-22,920931.BJ,920931,无锡鼎邦,北京证券交易所,2071049,290085,589732,-299647,0,2071049
2026-07-22,920932.BJ,920932,科达自控,北京证券交易所,16121247,256841,88628,168213,0,16121247
2026-07-22,920942.BJ,920942,恒立钻具,北京证券交易所,25491198,913869,1472507,-558638,0,25491198
2026-07-22,920943.BJ,920943,优机股份,北京证券交易所,14599798,2204930,3588851,-1383921,0,14599798
2026-07-22,920946.BJ,920946,森萱医药,北京证券交易所,23753801,1116445,1592077,-475632,0,23753801
2026-07-22,920950.BJ,920950,迅安科技,北京证券交易所,1165944,138791,297148,-158357,0,1165944
2026-07-22,920953.BJ,920953,国子软件,北京证券交易所,22393600,1323098,2337585,-1014487,0,22393600
2026-07-22,920957.BJ,920957,汉维科技,北京证券交易所,1774675,380667,548706,-168039,0,1774675
2026-07-22,920961.BJ,920961,创远信科,北京证券交易所,51868130,1212149,1067718,144431,0,51868130
2026-07-22,920964.BJ,920964,润农节水,北京证券交易所,21766910,764924,773711,-8787,0,21766910
2026-07-22,920970.BJ,920970,大禹生物,北京证券交易所,1721643,234099,202561,31538,0,1721643
2026-07-22,920971.BJ,920971,天马新材,北京证券交易所,48613227,4002903,3688290,314613,0,48613227
2026-07-22,920974.BJ,920974,凯大催化,北京证券交易所,4497241,11240,0,11240,0,4497241
2026-07-22,920976.BJ,920976,视声智能,北京证券交易所,13983823,1681838,1115713,566125,0,13983823
2026-07-22,920978.BJ,920978,开特股份,北京证券交易所,56646214,753651,648306,105345,0,56646214
2026-07-22,920981.BJ,920981,晶赛科技,北京证券交易所,28812594,2306022,2579300,-273278,0,28812594
2026-07-22,920982.BJ,920982,锦波生物,北京证券交易所,315343286,10942327,11112365,-170038,0,315343286
2026-07-22,920985.BJ,920985,海泰新能,北京证券交易所,17425901,213037,30725,182312,0,17425901
2026-07-22,920992.BJ,920992,中科美菱,北京证券交易所,8595345,1118,1734728,-1733610,0,8595345
